frame_index,timestamp_unix,timestamp_iso
0,1765927461.038033,2025-12-16T23:24:21.038037+00:00
1,1765927461.0589209,2025-12-16T23:24:21.058926+00:00
2,1765927461.0796428,2025-12-16T23:24:21.079646+00:00
3,1765927461.10056,2025-12-16T23:24:21.100572+00:00
4,1765927461.118222,2025-12-16T23:24:21.118227+00:00
5,1765927461.1390998,2025-12-16T23:24:21.139104+00:00
6,1765927461.1598039,2025-12-16T23:24:21.159808+00:00
7,1765927461.177124,2025-12-16T23:24:21.177126+00:00
8,1765927461.1979861,2025-12-16T23:24:21.197990+00:00
9,1765927461.2183712,2025-12-16T23:24:21.218377+00:00
10,1765927461.23871,2025-12-16T23:24:21.238713+00:00
11,1765927461.256087,2025-12-16T23:24:21.256090+00:00
12,1765927461.276971,2025-12-16T23:24:21.276979+00:00
13,1765927461.293771,2025-12-16T23:24:21.293776+00:00
14,1765927461.312605,2025-12-16T23:24:21.312608+00:00
15,1765927461.333483,2025-12-16T23:24:21.333484+00:00
16,1765927461.354366,2025-12-16T23:24:21.354368+00:00
17,1765927461.372867,2025-12-16T23:24:21.372868+00:00
18,1765927461.393756,2025-12-16T23:24:21.393758+00:00
19,1765927461.4144268,2025-12-16T23:24:21.414430+00:00
20,1765927461.4353092,2025-12-16T23:24:21.435311+00:00
21,1765927461.454892,2025-12-16T23:24:21.454895+00:00
22,1765927461.471668,2025-12-16T23:24:21.471676+00:00
23,1765927461.4889238,2025-12-16T23:24:21.488932+00:00
24,1765927461.509842,2025-12-16T23:24:21.509844+00:00
25,1765927461.530707,2025-12-16T23:24:21.530709+00:00
26,1765927461.5515761,2025-12-16T23:24:21.551581+00:00
27,1765927461.572263,2025-12-16T23:24:21.572265+00:00
28,1765927461.589334,2025-12-16T23:24:21.589335+00:00
29,1765927461.6101959,2025-12-16T23:24:21.610197+00:00
30,1765927461.63092,2025-12-16T23:24:21.630922+00:00
31,1765927461.651798,2025-12-16T23:24:21.651802+00:00
32,1765927461.672703,2025-12-16T23:24:21.672706+00:00
33,1765927461.689634,2025-12-16T23:24:21.689635+00:00
34,1765927461.710523,2025-12-16T23:24:21.710525+00:00
35,1765927461.7313,2025-12-16T23:24:21.731306+00:00
36,1765927461.7522838,2025-12-16T23:24:21.752292+00:00
37,1765927461.772047,2025-12-16T23:24:21.772051+00:00
38,1765927461.789643,2025-12-16T23:24:21.789645+00:00
39,1765927461.810526,2025-12-16T23:24:21.810527+00:00
40,1765927461.8314161,2025-12-16T23:24:21.831422+00:00
41,1765927461.850032,2025-12-16T23:24:21.850042+00:00
42,1765927461.867467,2025-12-16T23:24:21.867471+00:00
43,1765927461.8877282,2025-12-16T23:24:21.887730+00:00
44,1765927461.908167,2025-12-16T23:24:21.908171+00:00
45,1765927461.9290738,2025-12-16T23:24:21.929077+00:00
46,1765927461.9478312,2025-12-16T23:24:21.947834+00:00
47,1765927461.968755,2025-12-16T23:24:21.968759+00:00
48,1765927461.988246,2025-12-16T23:24:21.988249+00:00
49,1765927462.006861,2025-12-16T23:24:22.006864+00:00
50,1765927462.025507,2025-12-16T23:24:22.025510+00:00
51,1765927462.046397,2025-12-16T23:24:22.046399+00:00
52,1765927462.064909,2025-12-16T23:24:22.064913+00:00
53,1765927462.083928,2025-12-16T23:24:22.083932+00:00
54,1765927462.104807,2025-12-16T23:24:22.104811+00:00
55,1765927462.123927,2025-12-16T23:24:22.123931+00:00
56,1765927462.141279,2025-12-16T23:24:22.141287+00:00
57,1765927462.160793,2025-12-16T23:24:22.160798+00:00
58,1765927462.18167,2025-12-16T23:24:22.181676+00:00
59,1765927462.200725,2025-12-16T23:24:22.200732+00:00
60,1765927462.217599,2025-12-16T23:24:22.217607+00:00
61,1765927462.2385259,2025-12-16T23:24:22.238534+00:00
62,1765927462.256149,2025-12-16T23:24:22.256157+00:00
63,1765927462.273053,2025-12-16T23:24:22.273079+00:00
64,1765927462.294019,2025-12-16T23:24:22.294024+00:00
65,1765927462.313233,2025-12-16T23:24:22.313244+00:00
66,1765927462.331816,2025-12-16T23:24:22.331820+00:00
67,1765927462.3494542,2025-12-16T23:24:22.349459+00:00
68,1765927462.367831,2025-12-16T23:24:22.367859+00:00
69,1765927462.389576,2025-12-16T23:24:22.389579+00:00
70,1765927462.40782,2025-12-16T23:24:22.407825+00:00
71,1765927462.428695,2025-12-16T23:24:22.428698+00:00
72,1765927462.447412,2025-12-16T23:24:22.447415+00:00
73,1765927462.464455,2025-12-16T23:24:22.464459+00:00
74,1765927462.4821172,2025-12-16T23:24:22.482122+00:00
75,1765927462.502997,2025-12-16T23:24:22.503000+00:00
76,1765927462.52293,2025-12-16T23:24:22.522935+00:00
77,1765927462.543209,2025-12-16T23:24:22.543224+00:00
78,1765927462.560561,2025-12-16T23:24:22.560566+00:00
79,1765927462.5795252,2025-12-16T23:24:22.579528+00:00
80,1765927462.597856,2025-12-16T23:24:22.597861+00:00
81,1765927462.618804,2025-12-16T23:24:22.618808+00:00
82,1765927462.637828,2025-12-16T23:24:22.637831+00:00
83,1765927462.658695,2025-12-16T23:24:22.658697+00:00
84,1765927462.679605,2025-12-16T23:24:22.679607+00:00
85,1765927462.699924,2025-12-16T23:24:22.699928+00:00
86,1765927462.720798,2025-12-16T23:24:22.720802+00:00
87,1765927462.7416499,2025-12-16T23:24:22.741654+00:00
88,1765927462.762551,2025-12-16T23:24:22.762560+00:00
89,1765927462.780376,2025-12-16T23:24:22.780380+00:00
90,1765927462.801271,2025-12-16T23:24:22.801275+00:00
91,1765927462.821428,2025-12-16T23:24:22.821434+00:00
92,1765927462.838418,2025-12-16T23:24:22.838426+00:00
93,1765927462.856534,2025-12-16T23:24:22.856536+00:00
94,1765927462.877434,2025-12-16T23:24:22.877444+00:00
95,1765927462.898014,2025-12-16T23:24:22.898016+00:00
96,1765927462.914829,2025-12-16T23:24:22.914833+00:00
97,1765927462.935335,2025-12-16T23:24:22.935339+00:00
98,1765927462.9554949,2025-12-16T23:24:22.955500+00:00
99,1765927462.976209,2025-12-16T23:24:22.976220+00:00
100,1765927462.996199,2025-12-16T23:24:22.996207+00:00
101,1765927463.0137699,2025-12-16T23:24:23.013775+00:00
102,1765927463.034668,2025-12-16T23:24:23.034669+00:00
103,1765927463.052128,2025-12-16T23:24:23.052132+00:00
104,1765927463.07148,2025-12-16T23:24:23.071483+00:00
105,1765927463.092479,2025-12-16T23:24:23.092482+00:00
106,1765927463.113392,2025-12-16T23:24:23.113394+00:00
107,1765927463.1310132,2025-12-16T23:24:23.131017+00:00
108,1765927463.147894,2025-12-16T23:24:23.147899+00:00
109,1765927463.168237,2025-12-16T23:24:23.168240+00:00
110,1765927463.1884081,2025-12-16T23:24:23.188414+00:00
111,1765927463.2063382,2025-12-16T23:24:23.206349+00:00
112,1765927463.227294,2025-12-16T23:24:23.227298+00:00
113,1765927463.248186,2025-12-16T23:24:23.248189+00:00
114,1765927463.269057,2025-12-16T23:24:23.269060+00:00
115,1765927463.288296,2025-12-16T23:24:23.288299+00:00
116,1765927463.3061728,2025-12-16T23:24:23.306177+00:00
117,1765927463.327064,2025-12-16T23:24:23.327067+00:00
118,1765927463.344084,2025-12-16T23:24:23.344086+00:00
119,1765927463.3626292,2025-12-16T23:24:23.362632+00:00
120,1765927463.383507,2025-12-16T23:24:23.383519+00:00
121,1765927463.404418,2025-12-16T23:24:23.404419+00:00
122,1765927463.4252758,2025-12-16T23:24:23.425279+00:00
123,1765927463.443129,2025-12-16T23:24:23.443135+00:00
124,1765927463.4640372,2025-12-16T23:24:23.464041+00:00
125,1765927463.4812748,2025-12-16T23:24:23.481279+00:00
126,1765927463.50179,2025-12-16T23:24:23.501794+00:00
127,1765927463.519846,2025-12-16T23:24:23.519850+00:00
128,1765927463.540156,2025-12-16T23:24:23.540160+00:00
129,1765927463.5606961,2025-12-16T23:24:23.560701+00:00
130,1765927463.581572,2025-12-16T23:24:23.581576+00:00
131,1765927463.600085,2025-12-16T23:24:23.600089+00:00
132,1765927463.617564,2025-12-16T23:24:23.617567+00:00
133,1765927463.6355672,2025-12-16T23:24:23.635573+00:00
134,1765927463.6564548,2025-12-16T23:24:23.656458+00:00
135,1765927463.673603,2025-12-16T23:24:23.673604+00:00
136,1765927463.691966,2025-12-16T23:24:23.691967+00:00
137,1765927463.7128232,2025-12-16T23:24:23.712825+00:00
138,1765927463.731245,2025-12-16T23:24:23.731247+00:00
139,1765927463.752121,2025-12-16T23:24:23.752125+00:00
140,1765927463.7727711,2025-12-16T23:24:23.772774+00:00
141,1765927463.790557,2025-12-16T23:24:23.790558+00:00
142,1765927463.8114219,2025-12-16T23:24:23.811424+00:00
143,1765927463.829859,2025-12-16T23:24:23.829861+00:00
144,1765927463.850728,2025-12-16T23:24:23.850728+00:00
145,1765927463.869327,2025-12-16T23:24:23.869330+00:00
146,1765927463.889395,2025-12-16T23:24:23.889398+00:00
147,1765927463.9102762,2025-12-16T23:24:23.910279+00:00
148,1765927463.9308841,2025-12-16T23:24:23.930889+00:00
149,1765927463.951776,2025-12-16T23:24:23.951778+00:00
150,1765927463.972651,2025-12-16T23:24:23.972655+00:00
151,1765927463.993237,2025-12-16T23:24:23.993241+00:00
152,1765927464.0119429,2025-12-16T23:24:24.011945+00:00
153,1765927464.03281,2025-12-16T23:24:24.032814+00:00
154,1765927464.053112,2025-12-16T23:24:24.053116+00:00
155,1765927464.0739882,2025-12-16T23:24:24.073990+00:00
156,1765927464.094869,2025-12-16T23:24:24.094875+00:00
157,1765927464.112524,2025-12-16T23:24:24.112527+00:00
158,1765927464.1294668,2025-12-16T23:24:24.129470+00:00
159,1765927464.1500769,2025-12-16T23:24:24.150079+00:00
160,1765927464.167051,2025-12-16T23:24:24.167053+00:00
161,1765927464.1879392,2025-12-16T23:24:24.187942+00:00
162,1765927464.2088141,2025-12-16T23:24:24.208815+00:00
163,1765927464.229681,2025-12-16T23:24:24.229686+00:00
164,1765927464.2508318,2025-12-16T23:24:24.250835+00:00
165,1765927464.2716968,2025-12-16T23:24:24.271698+00:00
166,1765927464.292555,2025-12-16T23:24:24.292557+00:00
167,1765927464.3096309,2025-12-16T23:24:24.309632+00:00
168,1765927464.3277812,2025-12-16T23:24:24.327784+00:00
169,1765927464.348667,2025-12-16T23:24:24.348672+00:00
170,1765927464.366817,2025-12-16T23:24:24.366820+00:00
171,1765927464.387685,2025-12-16T23:24:24.387688+00:00
172,1765927464.404439,2025-12-16T23:24:24.404443+00:00
173,1765927464.424181,2025-12-16T23:24:24.424182+00:00
174,1765927464.4437718,2025-12-16T23:24:24.443775+00:00
175,1765927464.464643,2025-12-16T23:24:24.464648+00:00
176,1765927464.4855502,2025-12-16T23:24:24.485553+00:00
177,1765927464.503148,2025-12-16T23:24:24.503152+00:00
178,1765927464.520981,2025-12-16T23:24:24.520992+00:00
179,1765927464.539756,2025-12-16T23:24:24.539761+00:00
180,1765927464.558243,2025-12-16T23:24:24.558246+00:00
181,1765927464.579384,2025-12-16T23:24:24.579387+00:00
182,1765927464.598448,2025-12-16T23:24:24.598452+00:00
183,1765927464.619214,2025-12-16T23:24:24.619218+00:00
184,1765927464.6370492,2025-12-16T23:24:24.637052+00:00
185,1765927464.65792,2025-12-16T23:24:24.657923+00:00
186,1765927464.678329,2025-12-16T23:24:24.678333+00:00
187,1765927464.699213,2025-12-16T23:24:24.699215+00:00
188,1765927464.7174442,2025-12-16T23:24:24.717449+00:00
189,1765927464.738318,2025-12-16T23:24:24.738321+00:00
190,1765927464.759192,2025-12-16T23:24:24.759197+00:00
191,1765927464.776897,2025-12-16T23:24:24.776900+00:00
192,1765927464.793695,2025-12-16T23:24:24.793699+00:00
193,1765927464.813759,2025-12-16T23:24:24.813763+00:00
194,1765927464.8340821,2025-12-16T23:24:24.834087+00:00
195,1765927464.854985,2025-12-16T23:24:24.854988+00:00
196,1765927464.8758762,2025-12-16T23:24:24.875881+00:00
197,1765927464.893758,2025-12-16T23:24:24.893762+00:00
198,1765927464.913957,2025-12-16T23:24:24.913960+00:00
199,1765927464.932788,2025-12-16T23:24:24.932790+00:00
200,1765927464.9519842,2025-12-16T23:24:24.951984+00:00
201,1765927464.972898,2025-12-16T23:24:24.972901+00:00
202,1765927464.993783,2025-12-16T23:24:24.993784+00:00
203,1765927465.0135622,2025-12-16T23:24:25.013566+00:00
204,1765927465.031283,2025-12-16T23:24:25.031286+00:00
205,1765927465.052161,2025-12-16T23:24:25.052166+00:00
206,1765927465.0719879,2025-12-16T23:24:25.071993+00:00
207,1765927465.089524,2025-12-16T23:24:25.089525+00:00
208,1765927465.110375,2025-12-16T23:24:25.110376+00:00
209,1765927465.12762,2025-12-16T23:24:25.127623+00:00
210,1765927465.147939,2025-12-16T23:24:25.147940+00:00
211,1765927465.166812,2025-12-16T23:24:25.166813+00:00
212,1765927465.1876748,2025-12-16T23:24:25.187677+00:00
213,1765927465.206204,2025-12-16T23:24:25.206206+00:00
214,1765927465.227099,2025-12-16T23:24:25.227099+00:00
215,1765927465.244202,2025-12-16T23:24:25.244203+00:00
216,1765927465.264527,2025-12-16T23:24:25.264528+00:00
217,1765927465.281298,2025-12-16T23:24:25.281299+00:00
218,1765927465.3021498,2025-12-16T23:24:25.302150+00:00
219,1765927465.318878,2025-12-16T23:24:25.318886+00:00
220,1765927465.338597,2025-12-16T23:24:25.338599+00:00
221,1765927465.356205,2025-12-16T23:24:25.356208+00:00
222,1765927465.3773131,2025-12-16T23:24:25.377317+00:00
223,1765927465.398327,2025-12-16T23:24:25.398332+00:00
224,1765927465.416789,2025-12-16T23:24:25.416795+00:00
225,1765927465.441071,2025-12-16T23:24:25.441077+00:00
226,1765927465.480512,2025-12-16T23:24:25.480957+00:00
227,1765927465.5026612,2025-12-16T23:24:25.502667+00:00
228,1765927465.52202,2025-12-16T23:24:25.522026+00:00
229,1765927465.542918,2025-12-16T23:24:25.542923+00:00
230,1765927465.5636601,2025-12-16T23:24:25.563671+00:00
231,1765927465.5845351,2025-12-16T23:24:25.584541+00:00
232,1765927465.601323,2025-12-16T23:24:25.601324+00:00
233,1765927465.6210382,2025-12-16T23:24:25.621039+00:00
234,1765927465.6398091,2025-12-16T23:24:25.639810+00:00
235,1765927465.6606688,2025-12-16T23:24:25.660672+00:00
236,1765927465.681528,2025-12-16T23:24:25.681531+00:00
237,1765927465.701803,2025-12-16T23:24:25.701812+00:00
238,1765927465.720187,2025-12-16T23:24:25.720195+00:00
239,1765927465.739694,2025-12-16T23:24:25.739696+00:00
240,1765927465.760565,2025-12-16T23:24:25.760566+00:00
241,1765927465.7807128,2025-12-16T23:24:25.780717+00:00
242,1765927465.797869,2025-12-16T23:24:25.797869+00:00
243,1765927465.815325,2025-12-16T23:24:25.815328+00:00
244,1765927465.836193,2025-12-16T23:24:25.836194+00:00
245,1765927465.853102,2025-12-16T23:24:25.853103+00:00
246,1765927465.870844,2025-12-16T23:24:25.870845+00:00
247,1765927465.8917172,2025-12-16T23:24:25.891725+00:00
248,1765927465.910115,2025-12-16T23:24:25.910119+00:00
249,1765927465.930999,2025-12-16T23:24:25.931001+00:00
250,1765927465.951904,2025-12-16T23:24:25.951913+00:00
251,1765927465.970156,2025-12-16T23:24:25.970162+00:00
252,1765927465.990039,2025-12-16T23:24:25.990043+00:00
253,1765927466.008331,2025-12-16T23:24:26.008342+00:00
254,1765927466.029223,2025-12-16T23:24:26.029227+00:00
255,1765927466.049382,2025-12-16T23:24:26.049393+00:00
256,1765927466.0700202,2025-12-16T23:24:26.070025+00:00
257,1765927466.089194,2025-12-16T23:24:26.089198+00:00
258,1765927466.11011,2025-12-16T23:24:26.110113+00:00
259,1765927466.1311,2025-12-16T23:24:26.131101+00:00
260,1765927466.151959,2025-12-16T23:24:26.151962+00:00
261,1765927466.172843,2025-12-16T23:24:26.172845+00:00
262,1765927466.192789,2025-12-16T23:24:26.192793+00:00
263,1765927466.213702,2025-12-16T23:24:26.213708+00:00
264,1765927466.233969,2025-12-16T23:24:26.233973+00:00
265,1765927466.2548952,2025-12-16T23:24:26.254900+00:00
266,1765927466.275799,2025-12-16T23:24:26.275803+00:00
267,1765927466.2966871,2025-12-16T23:24:26.296690+00:00
268,1765927466.313781,2025-12-16T23:24:26.313784+00:00
269,1765927466.3326862,2025-12-16T23:24:26.332755+00:00
270,1765927466.352627,2025-12-16T23:24:26.352630+00:00
271,1765927466.3695161,2025-12-16T23:24:26.369517+00:00
272,1765927466.390372,2025-12-16T23:24:26.390374+00:00
273,1765927466.411241,2025-12-16T23:24:26.411243+00:00
274,1765927466.432117,2025-12-16T23:24:26.432120+00:00
275,1765927466.452998,2025-12-16T23:24:26.452999+00:00
276,1765927466.4728808,2025-12-16T23:24:26.472886+00:00
277,1765927466.490135,2025-12-16T23:24:26.490140+00:00
278,1765927466.507849,2025-12-16T23:24:26.507852+00:00
279,1765927466.5287209,2025-12-16T23:24:26.528726+00:00
280,1765927466.547132,2025-12-16T23:24:26.547135+00:00
281,1765927466.5680299,2025-12-16T23:24:26.568058+00:00
282,1765927466.588757,2025-12-16T23:24:26.588758+00:00
283,1765927466.6095932,2025-12-16T23:24:26.609593+00:00
284,1765927466.626915,2025-12-16T23:24:26.626915+00:00
285,1765927466.6473348,2025-12-16T23:24:26.647338+00:00
286,1765927466.6640692,2025-12-16T23:24:26.664072+00:00
287,1765927466.682529,2025-12-16T23:24:26.682531+00:00
288,1765927466.703418,2025-12-16T23:24:26.703423+00:00
289,1765927466.7223701,2025-12-16T23:24:26.722372+00:00
290,1765927466.740273,2025-12-16T23:24:26.740275+00:00
291,1765927466.7608352,2025-12-16T23:24:26.760837+00:00
292,1765927466.781725,2025-12-16T23:24:26.781731+00:00
293,1765927466.802634,2025-12-16T23:24:26.802635+00:00
294,1765927466.823539,2025-12-16T23:24:26.823542+00:00
295,1765927466.841444,2025-12-16T23:24:26.841447+00:00
296,1765927466.859454,2025-12-16T23:24:26.859455+00:00
297,1765927466.879476,2025-12-16T23:24:26.879478+00:00
298,1765927466.8977332,2025-12-16T23:24:26.897736+00:00
299,1765927466.9182138,2025-12-16T23:24:26.918220+00:00
300,1765927466.93914,2025-12-16T23:24:26.939143+00:00
301,1765927466.958812,2025-12-16T23:24:26.958816+00:00
302,1765927466.979711,2025-12-16T23:24:26.979714+00:00
303,1765927467.000597,2025-12-16T23:24:27.000599+00:00
304,1765927467.017913,2025-12-16T23:24:27.017914+00:00
305,1765927467.0357811,2025-12-16T23:24:27.035785+00:00
306,1765927467.053407,2025-12-16T23:24:27.053410+00:00
307,1765927467.072466,2025-12-16T23:24:27.072469+00:00
308,1765927467.092139,2025-12-16T23:24:27.092142+00:00
309,1765927467.109797,2025-12-16T23:24:27.109800+00:00
310,1765927467.130441,2025-12-16T23:24:27.130446+00:00
311,1765927467.1513422,2025-12-16T23:24:27.151344+00:00
312,1765927467.172213,2025-12-16T23:24:27.172218+00:00
313,1765927467.18993,2025-12-16T23:24:27.189934+00:00
314,1765927467.210827,2025-12-16T23:24:27.210830+00:00
315,1765927467.230782,2025-12-16T23:24:27.230785+00:00
316,1765927467.249142,2025-12-16T23:24:27.249146+00:00
317,1765927467.267831,2025-12-16T23:24:27.267834+00:00
318,1765927467.2887292,2025-12-16T23:24:27.288734+00:00
319,1765927467.309618,2025-12-16T23:24:27.309618+00:00
320,1765927467.326318,2025-12-16T23:24:27.326322+00:00
321,1765927467.3443131,2025-12-16T23:24:27.344318+00:00
322,1765927467.3630369,2025-12-16T23:24:27.363051+00:00
323,1765927467.380588,2025-12-16T23:24:27.380595+00:00
324,1765927467.399968,2025-12-16T23:24:27.399976+00:00
325,1765927467.41937,2025-12-16T23:24:27.419373+00:00
326,1765927467.4402392,2025-12-16T23:24:27.440242+00:00
327,1765927467.4579258,2025-12-16T23:24:27.457935+00:00
328,1765927467.478591,2025-12-16T23:24:27.478596+00:00
329,1765927467.4967449,2025-12-16T23:24:27.496747+00:00
330,1765927467.513746,2025-12-16T23:24:27.513747+00:00
331,1765927467.533299,2025-12-16T23:24:27.533302+00:00
332,1765927467.554196,2025-12-16T23:24:27.554204+00:00
333,1765927467.575119,2025-12-16T23:24:27.575122+00:00
334,1765927467.596004,2025-12-16T23:24:27.596005+00:00
335,1765927467.6152399,2025-12-16T23:24:27.615243+00:00
336,1765927467.634242,2025-12-16T23:24:27.634243+00:00
337,1765927467.654624,2025-12-16T23:24:27.654627+00:00
338,1765927467.671357,2025-12-16T23:24:27.671358+00:00
339,1765927467.6922162,2025-12-16T23:24:27.692216+00:00
340,1765927467.709053,2025-12-16T23:24:27.709058+00:00
341,1765927467.728776,2025-12-16T23:24:27.728780+00:00
342,1765927467.747193,2025-12-16T23:24:27.747196+00:00
343,1765927467.768069,2025-12-16T23:24:27.768071+00:00
344,1765927467.7868412,2025-12-16T23:24:27.786842+00:00
345,1765927467.8054569,2025-12-16T23:24:27.805460+00:00
346,1765927467.8263612,2025-12-16T23:24:27.826365+00:00
347,1765927467.8444748,2025-12-16T23:24:27.844478+00:00
348,1765927467.862126,2025-12-16T23:24:27.862128+00:00
349,1765927467.880394,2025-12-16T23:24:27.880397+00:00
350,1765927467.8997529,2025-12-16T23:24:27.899756+00:00
351,1765927467.917134,2025-12-16T23:24:27.917139+00:00
352,1765927467.934419,2025-12-16T23:24:27.934421+00:00
353,1765927467.953501,2025-12-16T23:24:27.953503+00:00
354,1765927467.973705,2025-12-16T23:24:27.973706+00:00
355,1765927467.9945621,2025-12-16T23:24:27.994566+00:00
356,1765927468.01387,2025-12-16T23:24:28.013873+00:00
357,1765927468.0306938,2025-12-16T23:24:28.030696+00:00
358,1765927468.0482,2025-12-16T23:24:28.048202+00:00
359,1765927468.0666502,2025-12-16T23:24:28.066651+00:00
360,1765927468.0858781,2025-12-16T23:24:28.085881+00:00
361,1765927468.1054442,2025-12-16T23:24:28.105448+00:00
362,1765927468.1240692,2025-12-16T23:24:28.124070+00:00
363,1765927468.144926,2025-12-16T23:24:28.144927+00:00
364,1765927468.166348,2025-12-16T23:24:28.166351+00:00
365,1765927468.1872551,2025-12-16T23:24:28.187261+00:00
366,1765927468.20815,2025-12-16T23:24:28.208154+00:00
367,1765927468.226721,2025-12-16T23:24:28.226723+00:00
368,1765927468.245661,2025-12-16T23:24:28.245666+00:00
369,1765927468.263623,2025-12-16T23:24:28.263627+00:00
370,1765927468.2834072,2025-12-16T23:24:28.283409+00:00
371,1765927468.303974,2025-12-16T23:24:28.303978+00:00
372,1765927468.3241842,2025-12-16T23:24:28.324188+00:00
373,1765927468.34506,2025-12-16T23:24:28.345060+00:00
374,1765927468.364633,2025-12-16T23:24:28.364633+00:00
375,1765927468.385251,2025-12-16T23:24:28.385255+00:00
376,1765927468.405565,2025-12-16T23:24:28.405568+00:00
377,1765927468.42502,2025-12-16T23:24:28.425046+00:00
378,1765927468.4460008,2025-12-16T23:24:28.446004+00:00
379,1765927468.465929,2025-12-16T23:24:28.465933+00:00
380,1765927468.483396,2025-12-16T23:24:28.483401+00:00
381,1765927468.501278,2025-12-16T23:24:28.501302+00:00
382,1765927468.52089,2025-12-16T23:24:28.520895+00:00
383,1765927468.5397289,2025-12-16T23:24:28.539736+00:00
384,1765927468.560658,2025-12-16T23:24:28.560663+00:00
385,1765927468.579395,2025-12-16T23:24:28.579400+00:00
386,1765927468.596854,2025-12-16T23:24:28.596858+00:00
387,1765927468.617763,2025-12-16T23:24:28.617768+00:00
388,1765927468.638459,2025-12-16T23:24:28.638466+00:00
389,1765927468.6597571,2025-12-16T23:24:28.659762+00:00
390,1765927468.68066,2025-12-16T23:24:28.680664+00:00
391,1765927468.7002501,2025-12-16T23:24:28.700254+00:00
392,1765927468.7201521,2025-12-16T23:24:28.720155+00:00
393,1765927468.7439659,2025-12-16T23:24:28.743971+00:00
394,1765927468.760896,2025-12-16T23:24:28.760900+00:00
395,1765927468.781787,2025-12-16T23:24:28.781790+00:00
396,1765927468.801528,2025-12-16T23:24:28.801531+00:00
397,1765927468.820865,2025-12-16T23:24:28.820870+00:00
398,1765927468.8401039,2025-12-16T23:24:28.840109+00:00
399,1765927468.861012,2025-12-16T23:24:28.861016+00:00
400,1765927468.8819132,2025-12-16T23:24:28.881914+00:00
401,1765927468.900106,2025-12-16T23:24:28.900111+00:00
402,1765927468.918085,2025-12-16T23:24:28.918090+00:00
403,1765927468.9359329,2025-12-16T23:24:28.935938+00:00
404,1765927468.956844,2025-12-16T23:24:28.956846+00:00
405,1765927468.9762418,2025-12-16T23:24:28.976244+00:00
406,1765927468.997102,2025-12-16T23:24:28.997103+00:00
407,1765927469.017966,2025-12-16T23:24:29.017971+00:00
408,1765927469.0388238,2025-12-16T23:24:29.038828+00:00
409,1765927469.0562088,2025-12-16T23:24:29.056213+00:00
410,1765927469.073162,2025-12-16T23:24:29.073165+00:00
411,1765927469.0902898,2025-12-16T23:24:29.090291+00:00
412,1765927469.1099288,2025-12-16T23:24:29.109932+00:00
413,1765927469.130795,2025-12-16T23:24:29.130798+00:00
414,1765927469.151693,2025-12-16T23:24:29.151696+00:00
415,1765927469.169363,2025-12-16T23:24:29.169365+00:00
416,1765927469.190237,2025-12-16T23:24:29.190243+00:00
417,1765927469.209449,2025-12-16T23:24:29.209453+00:00
418,1765927469.230334,2025-12-16T23:24:29.230335+00:00
419,1765927469.2496572,2025-12-16T23:24:29.249660+00:00
420,1765927469.26859,2025-12-16T23:24:29.268593+00:00
421,1765927469.2894778,2025-12-16T23:24:29.289479+00:00
422,1765927469.3103418,2025-12-16T23:24:29.310343+00:00
423,1765927469.3294332,2025-12-16T23:24:29.329434+00:00
424,1765927469.346882,2025-12-16T23:24:29.346882+00:00
425,1765927469.367729,2025-12-16T23:24:29.367730+00:00
426,1765927469.388583,2025-12-16T23:24:29.388584+00:00
427,1765927469.406686,2025-12-16T23:24:29.406702+00:00
428,1765927469.427613,2025-12-16T23:24:29.427615+00:00
429,1765927469.447058,2025-12-16T23:24:29.447060+00:00
430,1765927469.467406,2025-12-16T23:24:29.467411+00:00
431,1765927469.488328,2025-12-16T23:24:29.488336+00:00
432,1765927469.506263,2025-12-16T23:24:29.506265+00:00
433,1765927469.526134,2025-12-16T23:24:29.526137+00:00
434,1765927469.546956,2025-12-16T23:24:29.546958+00:00
435,1765927469.563809,2025-12-16T23:24:29.563813+00:00
436,1765927469.584703,2025-12-16T23:24:29.584705+00:00
437,1765927469.6048079,2025-12-16T23:24:29.604814+00:00
438,1765927469.625723,2025-12-16T23:24:29.625726+00:00
439,1765927469.6466408,2025-12-16T23:24:29.646646+00:00
440,1765927469.66847,2025-12-16T23:24:29.668471+00:00
441,1765927469.689325,2025-12-16T23:24:29.689329+00:00
442,1765927469.710409,2025-12-16T23:24:29.710411+00:00
443,1765927469.7296169,2025-12-16T23:24:29.729641+00:00
444,1765927469.7505448,2025-12-16T23:24:29.750551+00:00
445,1765927469.771457,2025-12-16T23:24:29.771462+00:00
446,1765927469.788766,2025-12-16T23:24:29.788767+00:00
447,1765927469.809275,2025-12-16T23:24:29.809277+00:00
448,1765927469.830139,2025-12-16T23:24:29.830141+00:00
449,1765927469.8510022,2025-12-16T23:24:29.851002+00:00
450,1765927469.8689039,2025-12-16T23:24:29.868905+00:00
451,1765927469.888406,2025-12-16T23:24:29.888410+00:00
452,1765927469.907924,2025-12-16T23:24:29.907929+00:00
453,1765927469.924761,2025-12-16T23:24:29.924767+00:00
454,1765927469.941578,2025-12-16T23:24:29.941587+00:00
455,1765927469.9625,2025-12-16T23:24:29.962504+00:00
456,1765927469.9812238,2025-12-16T23:24:29.981225+00:00
457,1765927470.000701,2025-12-16T23:24:30.000702+00:00
458,1765927470.0215628,2025-12-16T23:24:30.021566+00:00
459,1765927470.042455,2025-12-16T23:24:30.042458+00:00
460,1765927470.063339,2025-12-16T23:24:30.063341+00:00
461,1765927470.0804942,2025-12-16T23:24:30.080499+00:00
462,1765927470.1002,2025-12-16T23:24:30.100204+00:00
463,1765927470.118377,2025-12-16T23:24:30.118380+00:00
464,1765927470.138129,2025-12-16T23:24:30.138131+00:00
465,1765927470.1589918,2025-12-16T23:24:30.158994+00:00
466,1765927470.1798599,2025-12-16T23:24:30.179864+00:00
467,1765927470.1992152,2025-12-16T23:24:30.199217+00:00
468,1765927470.21925,2025-12-16T23:24:30.219251+00:00
469,1765927470.238674,2025-12-16T23:24:30.238677+00:00
470,1765927470.2584908,2025-12-16T23:24:30.258492+00:00
471,1765927470.279348,2025-12-16T23:24:30.279349+00:00
472,1765927470.296951,2025-12-16T23:24:30.296952+00:00
473,1765927470.315412,2025-12-16T23:24:30.315469+00:00
474,1765927470.3363562,2025-12-16T23:24:30.336357+00:00
475,1765927470.354568,2025-12-16T23:24:30.354574+00:00
476,1765927470.373947,2025-12-16T23:24:30.373947+00:00
477,1765927470.390739,2025-12-16T23:24:30.390744+00:00
478,1765927470.411637,2025-12-16T23:24:30.411640+00:00
479,1765927470.4312441,2025-12-16T23:24:30.431247+00:00
480,1765927470.448973,2025-12-16T23:24:30.448975+00:00
481,1765927470.469846,2025-12-16T23:24:30.469854+00:00
482,1765927470.488717,2025-12-16T23:24:30.488727+00:00
483,1765927470.506627,2025-12-16T23:24:30.506630+00:00
484,1765927470.524309,2025-12-16T23:24:30.524312+00:00
485,1765927470.545171,2025-12-16T23:24:30.545174+00:00
486,1765927470.5645828,2025-12-16T23:24:30.564592+00:00
487,1765927470.585504,2025-12-16T23:24:30.585509+00:00
488,1765927470.6062562,2025-12-16T23:24:30.606258+00:00
489,1765927470.626528,2025-12-16T23:24:30.626532+00:00
490,1765927470.646315,2025-12-16T23:24:30.646319+00:00
491,1765927470.665353,2025-12-16T23:24:30.665354+00:00
492,1765927470.685481,2025-12-16T23:24:30.685485+00:00
493,1765927470.704915,2025-12-16T23:24:30.704916+00:00
494,1765927470.725774,2025-12-16T23:24:30.725775+00:00
495,1765927470.745846,2025-12-16T23:24:30.745850+00:00
496,1765927470.7638001,2025-12-16T23:24:30.763801+00:00
497,1765927470.783093,2025-12-16T23:24:30.783097+00:00
498,1765927470.803974,2025-12-16T23:24:30.803975+00:00
499,1765927470.8220868,2025-12-16T23:24:30.822091+00:00
500,1765927470.839842,2025-12-16T23:24:30.839846+00:00
501,1765927470.860739,2025-12-16T23:24:30.860743+00:00
502,1765927470.881227,2025-12-16T23:24:30.881235+00:00
503,1765927470.9021351,2025-12-16T23:24:30.902139+00:00
504,1765927470.922859,2025-12-16T23:24:30.922873+00:00
505,1765927470.943348,2025-12-16T23:24:30.943354+00:00
506,1765927470.9643772,2025-12-16T23:24:30.964382+00:00
507,1765927470.981982,2025-12-16T23:24:30.981986+00:00
508,1765927471.00287,2025-12-16T23:24:31.002876+00:00
509,1765927471.022816,2025-12-16T23:24:31.022818+00:00
510,1765927471.040483,2025-12-16T23:24:31.040486+00:00
511,1765927471.061365,2025-12-16T23:24:31.061368+00:00
512,1765927471.078445,2025-12-16T23:24:31.078446+00:00
513,1765927471.095309,2025-12-16T23:24:31.095313+00:00
514,1765927471.115076,2025-12-16T23:24:31.115077+00:00
515,1765927471.132471,2025-12-16T23:24:31.132474+00:00
516,1765927471.150357,2025-12-16T23:24:31.150361+00:00
517,1765927471.169129,2025-12-16T23:24:31.169130+00:00
518,1765927471.189993,2025-12-16T23:24:31.189995+00:00
519,1765927471.210869,2025-12-16T23:24:31.210870+00:00
520,1765927471.230022,2025-12-16T23:24:31.230031+00:00
521,1765927471.247073,2025-12-16T23:24:31.247075+00:00
522,1765927471.266449,2025-12-16T23:24:31.266451+00:00
523,1765927471.2841659,2025-12-16T23:24:31.284169+00:00
524,1765927471.305035,2025-12-16T23:24:31.305037+00:00
525,1765927471.323733,2025-12-16T23:24:31.323737+00:00
526,1765927471.342256,2025-12-16T23:24:31.342261+00:00
527,1765927471.3631449,2025-12-16T23:24:31.363147+00:00
528,1765927471.384025,2025-12-16T23:24:31.384030+00:00
529,1765927471.404943,2025-12-16T23:24:31.404946+00:00
530,1765927471.4227798,2025-12-16T23:24:31.422792+00:00
531,1765927471.442741,2025-12-16T23:24:31.442749+00:00
532,1765927471.46144,2025-12-16T23:24:31.461443+00:00
533,1765927471.480453,2025-12-16T23:24:31.480457+00:00
534,1765927471.497854,2025-12-16T23:24:31.497859+00:00
535,1765927471.516514,2025-12-16T23:24:31.516518+00:00
536,1765927471.534404,2025-12-16T23:24:31.534407+00:00
537,1765927471.5552828,2025-12-16T23:24:31.555286+00:00
538,1765927471.573648,2025-12-16T23:24:31.573649+00:00
539,1765927471.594502,2025-12-16T23:24:31.594503+00:00
540,1765927471.612114,2025-12-16T23:24:31.612115+00:00
541,1765927471.632101,2025-12-16T23:24:31.632101+00:00
542,1765927471.652148,2025-12-16T23:24:31.652151+00:00
543,1765927471.672148,2025-12-16T23:24:31.672148+00:00
544,1765927471.691204,2025-12-16T23:24:31.691205+00:00
545,1765927471.712055,2025-12-16T23:24:31.712057+00:00
546,1765927471.731178,2025-12-16T23:24:31.731178+00:00
547,1765927471.752053,2025-12-16T23:24:31.752055+00:00
548,1765927471.7717829,2025-12-16T23:24:31.771789+00:00
549,1765927471.791332,2025-12-16T23:24:31.791334+00:00
550,1765927471.8106601,2025-12-16T23:24:31.810665+00:00
551,1765927471.831545,2025-12-16T23:24:31.831547+00:00
552,1765927471.8524191,2025-12-16T23:24:31.852420+00:00
553,1765927471.869558,2025-12-16T23:24:31.869560+00:00
554,1765927471.888958,2025-12-16T23:24:31.888958+00:00
555,1765927471.9096682,2025-12-16T23:24:31.909671+00:00
556,1765927471.930502,2025-12-16T23:24:31.930508+00:00
557,1765927471.951058,2025-12-16T23:24:31.951063+00:00
558,1765927471.968755,2025-12-16T23:24:31.968760+00:00
559,1765927471.990308,2025-12-16T23:24:31.990313+00:00
560,1765927472.0085142,2025-12-16T23:24:32.008519+00:00
561,1765927472.030227,2025-12-16T23:24:32.030233+00:00
562,1765927472.051132,2025-12-16T23:24:32.051136+00:00
563,1765927472.0691578,2025-12-16T23:24:32.069163+00:00
564,1765927472.090055,2025-12-16T23:24:32.090058+00:00
565,1765927472.11092,2025-12-16T23:24:32.110922+00:00
566,1765927472.130104,2025-12-16T23:24:32.130105+00:00
567,1765927472.1502762,2025-12-16T23:24:32.150278+00:00
568,1765927472.171149,2025-12-16T23:24:32.171153+00:00
569,1765927472.190271,2025-12-16T23:24:32.190273+00:00
570,1765927472.211149,2025-12-16T23:24:32.211151+00:00
571,1765927472.229835,2025-12-16T23:24:32.229837+00:00
572,1765927472.2507038,2025-12-16T23:24:32.250704+00:00
573,1765927472.268991,2025-12-16T23:24:32.268994+00:00
574,1765927472.285735,2025-12-16T23:24:32.285741+00:00
575,1765927472.30663,2025-12-16T23:24:32.306634+00:00
576,1765927472.3240361,2025-12-16T23:24:32.324041+00:00
577,1765927472.343504,2025-12-16T23:24:32.343516+00:00
578,1765927472.364031,2025-12-16T23:24:32.364039+00:00
579,1765927472.384942,2025-12-16T23:24:32.384946+00:00
580,1765927472.40549,2025-12-16T23:24:32.405493+00:00
581,1765927472.426371,2025-12-16T23:24:32.426375+00:00
582,1765927472.443646,2025-12-16T23:24:32.443648+00:00
583,1765927472.4644742,2025-12-16T23:24:32.464478+00:00
584,1765927472.485106,2025-12-16T23:24:32.485111+00:00
585,1765927472.506001,2025-12-16T23:24:32.506002+00:00
586,1765927472.5228422,2025-12-16T23:24:32.522852+00:00
587,1765927472.540815,2025-12-16T23:24:32.540817+00:00
588,1765927472.5735092,2025-12-16T23:24:32.573530+00:00
589,1765927472.592428,2025-12-16T23:24:32.592458+00:00
590,1765927472.613528,2025-12-16T23:24:32.613614+00:00
591,1765927472.6345768,2025-12-16T23:24:32.634582+00:00
592,1765927472.6554382,2025-12-16T23:24:32.655461+00:00
593,1765927472.6732109,2025-12-16T23:24:32.673212+00:00
594,1765927472.694098,2025-12-16T23:24:32.694102+00:00
595,1765927472.714993,2025-12-16T23:24:32.714996+00:00
596,1765927472.7326322,2025-12-16T23:24:32.732633+00:00
597,1765927472.7499049,2025-12-16T23:24:32.749911+00:00
598,1765927472.770784,2025-12-16T23:24:32.770786+00:00
599,1765927472.788703,2025-12-16T23:24:32.788705+00:00
600,1765927472.809574,2025-12-16T23:24:32.809576+00:00
601,1765927472.8304472,2025-12-16T23:24:32.830449+00:00
602,1765927472.848068,2025-12-16T23:24:32.848071+00:00
603,1765927472.866978,2025-12-16T23:24:32.866982+00:00
604,1765927472.885508,2025-12-16T23:24:32.885514+00:00
605,1765927472.9059021,2025-12-16T23:24:32.905915+00:00
606,1765927472.9262521,2025-12-16T23:24:32.926257+00:00
607,1765927472.947115,2025-12-16T23:24:32.947124+00:00
608,1765927472.968043,2025-12-16T23:24:32.968047+00:00
609,1765927472.9889479,2025-12-16T23:24:32.988952+00:00
610,1765927473.005684,2025-12-16T23:24:33.005689+00:00
611,1765927473.0266318,2025-12-16T23:24:33.026639+00:00
612,1765927473.04349,2025-12-16T23:24:33.043492+00:00
613,1765927473.06186,2025-12-16T23:24:33.061864+00:00
614,1765927473.0827541,2025-12-16T23:24:33.082760+00:00
615,1765927473.1011798,2025-12-16T23:24:33.101184+00:00
616,1765927473.118741,2025-12-16T23:24:33.118744+00:00
617,1765927473.1388931,2025-12-16T23:24:33.138915+00:00
618,1765927473.157634,2025-12-16T23:24:33.157642+00:00
619,1765927473.1774342,2025-12-16T23:24:33.177438+00:00
620,1765927473.196598,2025-12-16T23:24:33.196603+00:00
621,1765927473.213801,2025-12-16T23:24:33.213804+00:00
622,1765927473.230546,2025-12-16T23:24:33.230547+00:00
623,1765927473.2514,2025-12-16T23:24:33.251400+00:00
624,1765927473.270568,2025-12-16T23:24:33.270600+00:00
625,1765927473.2883031,2025-12-16T23:24:33.288310+00:00
626,1765927473.3092039,2025-12-16T23:24:33.309205+00:00
627,1765927473.330071,2025-12-16T23:24:33.330076+00:00
628,1765927473.34819,2025-12-16T23:24:33.348191+00:00
629,1765927473.3671622,2025-12-16T23:24:33.367168+00:00
630,1765927473.3872151,2025-12-16T23:24:33.387217+00:00
631,1765927473.405354,2025-12-16T23:24:33.405355+00:00
632,1765927473.424567,2025-12-16T23:24:33.424571+00:00
633,1765927473.445436,2025-12-16T23:24:33.445439+00:00
634,1765927473.463242,2025-12-16T23:24:33.463248+00:00
635,1765927473.4814248,2025-12-16T23:24:33.481430+00:00
636,1765927473.502309,2025-12-16T23:24:33.502313+00:00
637,1765927473.5232131,2025-12-16T23:24:33.523217+00:00
638,1765927473.542093,2025-12-16T23:24:33.542100+00:00
639,1765927473.559565,2025-12-16T23:24:33.559570+00:00
640,1765927473.578004,2025-12-16T23:24:33.578015+00:00
641,1765927473.599512,2025-12-16T23:24:33.599517+00:00
642,1765927473.6200352,2025-12-16T23:24:33.620045+00:00
643,1765927473.6403358,2025-12-16T23:24:33.640342+00:00
644,1765927473.6604779,2025-12-16T23:24:33.660482+00:00
645,1765927473.679608,2025-12-16T23:24:33.679609+00:00
646,1765927473.697024,2025-12-16T23:24:33.697025+00:00
647,1765927473.717706,2025-12-16T23:24:33.717714+00:00
648,1765927473.738549,2025-12-16T23:24:33.738551+00:00
649,1765927473.759138,2025-12-16T23:24:33.759139+00:00
650,1765927473.77748,2025-12-16T23:24:33.777482+00:00
651,1765927473.798354,2025-12-16T23:24:33.798357+00:00
652,1765927473.819254,2025-12-16T23:24:33.819258+00:00
653,1765927473.840153,2025-12-16T23:24:33.840157+00:00
654,1765927473.858356,2025-12-16T23:24:33.858357+00:00
655,1765927473.87878,2025-12-16T23:24:33.878781+00:00
656,1765927473.8970501,2025-12-16T23:24:33.897052+00:00
657,1765927473.913978,2025-12-16T23:24:33.913982+00:00
658,1765927473.931722,2025-12-16T23:24:33.931727+00:00
659,1765927473.952668,2025-12-16T23:24:33.952674+00:00
660,1765927473.973577,2025-12-16T23:24:33.973580+00:00
661,1765927473.994451,2025-12-16T23:24:33.994453+00:00
662,1765927474.012011,2025-12-16T23:24:34.012016+00:00
663,1765927474.032916,2025-12-16T23:24:34.032917+00:00
664,1765927474.053778,2025-12-16T23:24:34.053780+00:00
665,1765927474.072356,2025-12-16T23:24:34.072357+00:00
666,1765927474.091671,2025-12-16T23:24:34.091675+00:00
667,1765927474.112581,2025-12-16T23:24:34.112585+00:00
668,1765927474.130441,2025-12-16T23:24:34.130442+00:00
669,1765927474.147402,2025-12-16T23:24:34.147403+00:00
670,1765927474.1666188,2025-12-16T23:24:34.166621+00:00
671,1765927474.187475,2025-12-16T23:24:34.187475+00:00
672,1765927474.205062,2025-12-16T23:24:34.205065+00:00
673,1765927474.2259579,2025-12-16T23:24:34.225960+00:00
674,1765927474.2468438,2025-12-16T23:24:34.246849+00:00
675,1765927474.267315,2025-12-16T23:24:34.267319+00:00
676,1765927474.2882261,2025-12-16T23:24:34.288228+00:00
677,1765927474.309116,2025-12-16T23:24:34.309117+00:00
678,1765927474.33004,2025-12-16T23:24:34.330041+00:00
679,1765927474.347052,2025-12-16T23:24:34.347054+00:00
680,1765927474.3679109,2025-12-16T23:24:34.367916+00:00
681,1765927474.388095,2025-12-16T23:24:34.388100+00:00
682,1765927474.4090009,2025-12-16T23:24:34.409005+00:00
683,1765927474.427522,2025-12-16T23:24:34.427526+00:00
684,1765927474.44716,2025-12-16T23:24:34.447165+00:00
685,1765927474.464237,2025-12-16T23:24:34.464242+00:00
686,1765927474.48434,2025-12-16T23:24:34.484344+00:00
687,1765927474.503125,2025-12-16T23:24:34.503128+00:00
688,1765927474.5220559,2025-12-16T23:24:34.522059+00:00
689,1765927474.542735,2025-12-16T23:24:34.542740+00:00
690,1765927474.562778,2025-12-16T23:24:34.562780+00:00
691,1765927474.582641,2025-12-16T23:24:34.582644+00:00
692,1765927474.600684,2025-12-16T23:24:34.600687+00:00
693,1765927474.619736,2025-12-16T23:24:34.619738+00:00
694,1765927474.640597,2025-12-16T23:24:34.640601+00:00
695,1765927474.6598558,2025-12-16T23:24:34.659859+00:00
696,1765927474.680233,2025-12-16T23:24:34.680233+00:00
697,1765927474.701097,2025-12-16T23:24:34.701099+00:00
698,1765927474.721965,2025-12-16T23:24:34.721966+00:00
699,1765927474.739706,2025-12-16T23:24:34.739709+00:00
700,1765927474.760603,2025-12-16T23:24:34.760605+00:00
701,1765927474.7814689,2025-12-16T23:24:34.781471+00:00
702,1765927474.802326,2025-12-16T23:24:34.802329+00:00
703,1765927474.82187,2025-12-16T23:24:34.821876+00:00
704,1765927474.8427892,2025-12-16T23:24:34.842792+00:00
705,1765927474.8607192,2025-12-16T23:24:34.860722+00:00
706,1765927474.878734,2025-12-16T23:24:34.878735+00:00
707,1765927474.896864,2025-12-16T23:24:34.896865+00:00
708,1765927474.915227,2025-12-16T23:24:34.915228+00:00
709,1765927474.932618,2025-12-16T23:24:34.932620+00:00
710,1765927474.950312,2025-12-16T23:24:34.950318+00:00
711,1765927474.969696,2025-12-16T23:24:34.969701+00:00
712,1765927474.9894242,2025-12-16T23:24:34.989427+00:00
713,1765927475.010318,2025-12-16T23:24:35.010323+00:00
714,1765927475.031208,2025-12-16T23:24:35.031221+00:00
715,1765927475.05015,2025-12-16T23:24:35.050160+00:00
716,1765927475.067328,2025-12-16T23:24:35.067330+00:00
717,1765927475.084243,2025-12-16T23:24:35.084248+00:00
718,1765927475.1051462,2025-12-16T23:24:35.105147+00:00
719,1765927475.122197,2025-12-16T23:24:35.122198+00:00
720,1765927475.143056,2025-12-16T23:24:35.143058+00:00
721,1765927475.163831,2025-12-16T23:24:35.163836+00:00
722,1765927475.180547,2025-12-16T23:24:35.180548+00:00
723,1765927475.2014,2025-12-16T23:24:35.201401+00:00
724,1765927475.222254,2025-12-16T23:24:35.222257+00:00
725,1765927475.2414029,2025-12-16T23:24:35.241406+00:00
726,1765927475.260958,2025-12-16T23:24:35.260959+00:00
727,1765927475.27825,2025-12-16T23:24:35.278252+00:00
728,1765927475.29705,2025-12-16T23:24:35.297051+00:00
729,1765927475.3179169,2025-12-16T23:24:35.317922+00:00
730,1765927475.3386922,2025-12-16T23:24:35.338695+00:00
731,1765927475.3554492,2025-12-16T23:24:35.355450+00:00
732,1765927475.3768609,2025-12-16T23:24:35.376861+00:00
733,1765927475.395274,2025-12-16T23:24:35.395276+00:00
734,1765927475.4138958,2025-12-16T23:24:35.413896+00:00
735,1765927475.431465,2025-12-16T23:24:35.431469+00:00
736,1765927475.4522429,2025-12-16T23:24:35.452247+00:00
737,1765927475.4705122,2025-12-16T23:24:35.470544+00:00
738,1765927475.490474,2025-12-16T23:24:35.490478+00:00
739,1765927475.509505,2025-12-16T23:24:35.509508+00:00
740,1765927475.5303822,2025-12-16T23:24:35.530388+00:00
741,1765927475.547115,2025-12-16T23:24:35.547117+00:00
742,1765927475.567976,2025-12-16T23:24:35.567978+00:00
743,1765927475.588695,2025-12-16T23:24:35.588697+00:00
744,1765927475.605397,2025-12-16T23:24:35.605399+00:00
745,1765927475.626357,2025-12-16T23:24:35.626358+00:00
746,1765927475.643521,2025-12-16T23:24:35.643523+00:00
747,1765927475.663088,2025-12-16T23:24:35.663089+00:00
748,1765927475.6804218,2025-12-16T23:24:35.680423+00:00
749,1765927475.6974468,2025-12-16T23:24:35.697448+00:00
750,1765927475.7183082,2025-12-16T23:24:35.718311+00:00
751,1765927475.7385569,2025-12-16T23:24:35.738558+00:00
752,1765927475.756732,2025-12-16T23:24:35.756734+00:00
753,1765927475.773647,2025-12-16T23:24:35.773649+00:00
754,1765927475.790695,2025-12-16T23:24:35.790696+00:00
755,1765927475.8115551,2025-12-16T23:24:35.811557+00:00
756,1765927475.8301299,2025-12-16T23:24:35.830132+00:00
757,1765927475.8510048,2025-12-16T23:24:35.851006+00:00
758,1765927475.871857,2025-12-16T23:24:35.871860+00:00
759,1765927475.8904371,2025-12-16T23:24:35.890440+00:00
760,1765927475.9108438,2025-12-16T23:24:35.910850+00:00
761,1765927475.931734,2025-12-16T23:24:35.931738+00:00
762,1765927475.9526458,2025-12-16T23:24:35.952649+00:00
763,1765927475.972836,2025-12-16T23:24:35.972841+00:00
764,1765927475.994049,2025-12-16T23:24:35.994052+00:00
765,1765927476.0149271,2025-12-16T23:24:36.014931+00:00
766,1765927476.03273,2025-12-16T23:24:36.032733+00:00
767,1765927476.053609,2025-12-16T23:24:36.053613+00:00
768,1765927476.0722702,2025-12-16T23:24:36.072274+00:00
769,1765927476.091729,2025-12-16T23:24:36.091730+00:00
770,1765927476.109997,2025-12-16T23:24:36.110001+00:00
771,1765927476.1308868,2025-12-16T23:24:36.130888+00:00
772,1765927476.150146,2025-12-16T23:24:36.150149+00:00
773,1765927476.170836,2025-12-16T23:24:36.170840+00:00
774,1765927476.1916292,2025-12-16T23:24:36.191633+00:00
775,1765927476.212778,2025-12-16T23:24:36.212783+00:00
776,1765927476.233707,2025-12-16T23:24:36.233719+00:00
777,1765927476.251332,2025-12-16T23:24:36.251333+00:00
778,1765927476.26877,2025-12-16T23:24:36.268772+00:00
779,1765927476.2857118,2025-12-16T23:24:36.285717+00:00
780,1765927476.3056982,2025-12-16T23:24:36.305699+00:00
781,1765927476.3240151,2025-12-16T23:24:36.324020+00:00
782,1765927476.341423,2025-12-16T23:24:36.341426+00:00
783,1765927476.361163,2025-12-16T23:24:36.361164+00:00
784,1765927476.38079,2025-12-16T23:24:36.380795+00:00
785,1765927476.3993988,2025-12-16T23:24:36.399405+00:00
786,1765927476.420306,2025-12-16T23:24:36.420309+00:00
787,1765927476.441076,2025-12-16T23:24:36.441081+00:00
788,1765927476.4605372,2025-12-16T23:24:36.460541+00:00
789,1765927476.4814022,2025-12-16T23:24:36.481404+00:00
790,1765927476.502267,2025-12-16T23:24:36.502270+00:00
791,1765927476.5216131,2025-12-16T23:24:36.521619+00:00
792,1765927476.539753,2025-12-16T23:24:36.539757+00:00
793,1765927476.560638,2025-12-16T23:24:36.560642+00:00
794,1765927476.5803561,2025-12-16T23:24:36.580358+00:00
795,1765927476.601238,2025-12-16T23:24:36.601245+00:00
796,1765927476.622141,2025-12-16T23:24:36.622142+00:00
797,1765927476.638967,2025-12-16T23:24:36.638969+00:00
798,1765927476.655693,2025-12-16T23:24:36.655694+00:00
799,1765927476.676567,2025-12-16T23:24:36.676588+00:00
800,1765927476.6955688,2025-12-16T23:24:36.695573+00:00
801,1765927476.714674,2025-12-16T23:24:36.714676+00:00
802,1765927476.73554,2025-12-16T23:24:36.735543+00:00
803,1765927476.756437,2025-12-16T23:24:36.756439+00:00
804,1765927476.773707,2025-12-16T23:24:36.773710+00:00
805,1765927476.794056,2025-12-16T23:24:36.794062+00:00
806,1765927476.814796,2025-12-16T23:24:36.814803+00:00
807,1765927476.8357031,2025-12-16T23:24:36.835707+00:00
808,1765927476.853857,2025-12-16T23:24:36.853860+00:00
809,1765927476.8711932,2025-12-16T23:24:36.871194+00:00
810,1765927476.8920588,2025-12-16T23:24:36.892065+00:00
811,1765927476.910069,2025-12-16T23:24:36.910071+00:00
812,1765927476.927327,2025-12-16T23:24:36.927329+00:00
813,1765927476.946338,2025-12-16T23:24:36.946339+00:00
814,1765927476.965554,2025-12-16T23:24:36.965558+00:00
815,1765927476.983188,2025-12-16T23:24:36.983193+00:00
816,1765927477.002489,2025-12-16T23:24:37.002492+00:00
817,1765927477.020662,2025-12-16T23:24:37.020664+00:00
818,1765927477.0386539,2025-12-16T23:24:37.038657+00:00
819,1765927477.0553868,2025-12-16T23:24:37.055388+00:00
820,1765927477.07273,2025-12-16T23:24:37.072733+00:00
821,1765927477.0936162,2025-12-16T23:24:37.093617+00:00
822,1765927477.111534,2025-12-16T23:24:37.111539+00:00
823,1765927477.131382,2025-12-16T23:24:37.131389+00:00
824,1765927477.151937,2025-12-16T23:24:37.151942+00:00
825,1765927477.1720262,2025-12-16T23:24:37.172031+00:00
826,1765927477.192941,2025-12-16T23:24:37.192946+00:00
827,1765927477.213711,2025-12-16T23:24:37.213717+00:00
828,1765927477.23457,2025-12-16T23:24:37.234571+00:00
829,1765927477.255438,2025-12-16T23:24:37.255440+00:00
830,1765927477.27232,2025-12-16T23:24:37.272322+00:00
831,1765927477.2919989,2025-12-16T23:24:37.292002+00:00
832,1765927477.31289,2025-12-16T23:24:37.312894+00:00
833,1765927477.330621,2025-12-16T23:24:37.330623+00:00
834,1765927477.351495,2025-12-16T23:24:37.351499+00:00
835,1765927477.369447,2025-12-16T23:24:37.369450+00:00
836,1765927477.389035,2025-12-16T23:24:37.389037+00:00
837,1765927477.409906,2025-12-16T23:24:37.409911+00:00
838,1765927477.4271429,2025-12-16T23:24:37.427146+00:00
839,1765927477.446377,2025-12-16T23:24:37.446381+00:00
840,1765927477.4647129,2025-12-16T23:24:37.464718+00:00
841,1765927477.485636,2025-12-16T23:24:37.485639+00:00
842,1765927477.505599,2025-12-16T23:24:37.505599+00:00
843,1765927477.522791,2025-12-16T23:24:37.522792+00:00
844,1765927477.543669,2025-12-16T23:24:37.543673+00:00
845,1765927477.560669,2025-12-16T23:24:37.560671+00:00
846,1765927477.58061,2025-12-16T23:24:37.580613+00:00
847,1765927477.6014762,2025-12-16T23:24:37.601482+00:00
848,1765927477.621849,2025-12-16T23:24:37.621852+00:00
849,1765927477.642336,2025-12-16T23:24:37.642341+00:00
850,1765927477.660414,2025-12-16T23:24:37.660418+00:00
851,1765927477.6804569,2025-12-16T23:24:37.680461+00:00
852,1765927477.697759,2025-12-16T23:24:37.697760+00:00
853,1765927477.718623,2025-12-16T23:24:37.718625+00:00
854,1765927477.736066,2025-12-16T23:24:37.736072+00:00
855,1765927477.754154,2025-12-16T23:24:37.754157+00:00
856,1765927477.77162,2025-12-16T23:24:37.771621+00:00
857,1765927477.788712,2025-12-16T23:24:37.788716+00:00
858,1765927477.809613,2025-12-16T23:24:37.809616+00:00
859,1765927477.8303418,2025-12-16T23:24:37.830344+00:00
860,1765927477.847759,2025-12-16T23:24:37.847824+00:00
861,1765927477.8687282,2025-12-16T23:24:37.868729+00:00
862,1765927477.885816,2025-12-16T23:24:37.885817+00:00
863,1765927477.9066691,2025-12-16T23:24:37.906670+00:00
864,1765927477.9275148,2025-12-16T23:24:37.927516+00:00
865,1765927477.9470139,2025-12-16T23:24:37.947046+00:00
866,1765927477.9678981,2025-12-16T23:24:37.967900+00:00
867,1765927477.985318,2025-12-16T23:24:37.985320+00:00
868,1765927478.005404,2025-12-16T23:24:38.005406+00:00
869,1765927478.026276,2025-12-16T23:24:38.026280+00:00
870,1765927478.047198,2025-12-16T23:24:38.047200+00:00
871,1765927478.068071,2025-12-16T23:24:38.068072+00:00
872,1765927478.088925,2025-12-16T23:24:38.088926+00:00
873,1765927478.107869,2025-12-16T23:24:38.107872+00:00
874,1765927478.128742,2025-12-16T23:24:38.128743+00:00
875,1765927478.147255,2025-12-16T23:24:38.147258+00:00
876,1765927478.167147,2025-12-16T23:24:38.167149+00:00
877,1765927478.185241,2025-12-16T23:24:38.185248+00:00
878,1765927478.205583,2025-12-16T23:24:38.205584+00:00
879,1765927478.222369,2025-12-16T23:24:38.222370+00:00
880,1765927478.2432158,2025-12-16T23:24:38.243216+00:00
881,1765927478.262534,2025-12-16T23:24:38.262537+00:00
882,1765927478.282434,2025-12-16T23:24:38.282435+00:00
883,1765927478.301203,2025-12-16T23:24:38.301206+00:00
884,1765927478.321564,2025-12-16T23:24:38.321566+00:00
885,1765927478.338742,2025-12-16T23:24:38.338742+00:00
886,1765927478.355475,2025-12-16T23:24:38.355477+00:00
887,1765927478.376348,2025-12-16T23:24:38.376349+00:00
888,1765927478.3961458,2025-12-16T23:24:38.396147+00:00
889,1765927478.413034,2025-12-16T23:24:38.413035+00:00
890,1765927478.432817,2025-12-16T23:24:38.432818+00:00
891,1765927478.453574,2025-12-16T23:24:38.453583+00:00
892,1765927478.472283,2025-12-16T23:24:38.472285+00:00
893,1765927478.493147,2025-12-16T23:24:38.493151+00:00
894,1765927478.513914,2025-12-16T23:24:38.513916+00:00
895,1765927478.534792,2025-12-16T23:24:38.534797+00:00
896,1765927478.5546691,2025-12-16T23:24:38.554672+00:00
897,1765927478.572095,2025-12-16T23:24:38.572099+00:00
898,1765927478.59299,2025-12-16T23:24:38.592992+00:00
899,1765927478.613536,2025-12-16T23:24:38.613537+00:00
900,1765927478.631188,2025-12-16T23:24:38.631189+00:00
901,1765927478.652041,2025-12-16T23:24:38.652042+00:00
902,1765927478.671902,2025-12-16T23:24:38.671915+00:00
903,1765927478.692804,2025-12-16T23:24:38.692804+00:00
904,1765927478.7136488,2025-12-16T23:24:38.713649+00:00
905,1765927478.730345,2025-12-16T23:24:38.730346+00:00
906,1765927478.751193,2025-12-16T23:24:38.751194+00:00
907,1765927478.7685251,2025-12-16T23:24:38.768526+00:00
908,1765927478.788566,2025-12-16T23:24:38.788567+00:00
909,1765927478.8053172,2025-12-16T23:24:38.805318+00:00
910,1765927478.822975,2025-12-16T23:24:38.822979+00:00
911,1765927478.843276,2025-12-16T23:24:38.843279+00:00
912,1765927478.863487,2025-12-16T23:24:38.863490+00:00
913,1765927478.884371,2025-12-16T23:24:38.884372+00:00
914,1765927478.905238,2025-12-16T23:24:38.905239+00:00
915,1765927478.9260921,2025-12-16T23:24:38.926094+00:00
916,1765927478.9447098,2025-12-16T23:24:38.944711+00:00
917,1765927478.965558,2025-12-16T23:24:38.965563+00:00
918,1765927478.9836988,2025-12-16T23:24:38.983705+00:00
919,1765927479.0010722,2025-12-16T23:24:39.001077+00:00
920,1765927479.019309,2025-12-16T23:24:39.019312+00:00
921,1765927479.0385091,2025-12-16T23:24:39.038511+00:00
922,1765927479.059396,2025-12-16T23:24:39.059398+00:00
923,1765927479.077966,2025-12-16T23:24:39.077972+00:00
924,1765927479.097247,2025-12-16T23:24:39.097248+00:00
925,1765927479.113944,2025-12-16T23:24:39.113947+00:00
926,1765927479.133791,2025-12-16T23:24:39.133798+00:00
927,1765927479.1539872,2025-12-16T23:24:39.153989+00:00
928,1765927479.172203,2025-12-16T23:24:39.172207+00:00
929,1765927479.193095,2025-12-16T23:24:39.193098+00:00
930,1765927479.2100961,2025-12-16T23:24:39.210098+00:00
931,1765927479.230479,2025-12-16T23:24:39.230480+00:00
932,1765927479.251338,2025-12-16T23:24:39.251339+00:00
933,1765927479.272108,2025-12-16T23:24:39.272108+00:00
934,1765927479.28888,2025-12-16T23:24:39.288881+00:00
935,1765927479.307564,2025-12-16T23:24:39.307567+00:00
936,1765927479.327007,2025-12-16T23:24:39.327007+00:00
937,1765927479.344712,2025-12-16T23:24:39.344716+00:00
938,1765927479.363901,2025-12-16T23:24:39.363905+00:00
939,1765927479.3829749,2025-12-16T23:24:39.382979+00:00
940,1765927479.401557,2025-12-16T23:24:39.401560+00:00
941,1765927479.422432,2025-12-16T23:24:39.422436+00:00
942,1765927479.440754,2025-12-16T23:24:39.440758+00:00
943,1765927479.461649,2025-12-16T23:24:39.461652+00:00
944,1765927479.478453,2025-12-16T23:24:39.478464+00:00
945,1765927479.497164,2025-12-16T23:24:39.497172+00:00
946,1765927479.517198,2025-12-16T23:24:39.517203+00:00
947,1765927479.538151,2025-12-16T23:24:39.538153+00:00
948,1765927479.555477,2025-12-16T23:24:39.555479+00:00
949,1765927479.5744698,2025-12-16T23:24:39.574475+00:00
950,1765927479.595372,2025-12-16T23:24:39.595377+00:00
951,1765927479.613239,2025-12-16T23:24:39.613240+00:00
952,1765927479.630381,2025-12-16T23:24:39.630384+00:00
953,1765927479.649506,2025-12-16T23:24:39.649507+00:00
954,1765927479.667611,2025-12-16T23:24:39.667615+00:00
955,1765927479.6885371,2025-12-16T23:24:39.688543+00:00
956,1765927479.707414,2025-12-16T23:24:39.707418+00:00
957,1765927479.724807,2025-12-16T23:24:39.724811+00:00
958,1765927479.7456808,2025-12-16T23:24:39.745682+00:00
959,1765927479.763059,2025-12-16T23:24:39.763060+00:00
960,1765927479.7802691,2025-12-16T23:24:39.780271+00:00
961,1765927479.7982268,2025-12-16T23:24:39.798228+00:00
962,1765927479.8157032,2025-12-16T23:24:39.815707+00:00
963,1765927479.835799,2025-12-16T23:24:39.835799+00:00
964,1765927479.855244,2025-12-16T23:24:39.855245+00:00
965,1765927479.872481,2025-12-16T23:24:39.872482+00:00
966,1765927479.893328,2025-12-16T23:24:39.893328+00:00
967,1765927479.914185,2025-12-16T23:24:39.914190+00:00
968,1765927479.9342191,2025-12-16T23:24:39.934224+00:00
969,1765927479.9550872,2025-12-16T23:24:39.955088+00:00
970,1765927479.975948,2025-12-16T23:24:39.975952+00:00
971,1765927479.992917,2025-12-16T23:24:39.992919+00:00
972,1765927480.013782,2025-12-16T23:24:40.013785+00:00
973,1765927480.0346382,2025-12-16T23:24:40.034639+00:00
974,1765927480.0553112,2025-12-16T23:24:40.055315+00:00
975,1765927480.0762172,2025-12-16T23:24:40.076218+00:00
976,1765927480.097067,2025-12-16T23:24:40.097068+00:00
977,1765927480.117641,2025-12-16T23:24:40.117646+00:00
978,1765927480.135395,2025-12-16T23:24:40.135400+00:00
979,1765927480.156291,2025-12-16T23:24:40.156295+00:00
980,1765927480.177172,2025-12-16T23:24:40.177174+00:00
981,1765927480.1971729,2025-12-16T23:24:40.197175+00:00
982,1765927480.2180412,2025-12-16T23:24:40.218047+00:00
983,1765927480.238713,2025-12-16T23:24:40.238716+00:00
984,1765927480.2558541,2025-12-16T23:24:40.255856+00:00
985,1765927480.276714,2025-12-16T23:24:40.276718+00:00
986,1765927480.2954051,2025-12-16T23:24:40.295407+00:00
987,1765927480.316276,2025-12-16T23:24:40.316277+00:00
988,1765927480.3371289,2025-12-16T23:24:40.337130+00:00
989,1765927480.3579872,2025-12-16T23:24:40.357989+00:00
990,1765927480.378858,2025-12-16T23:24:40.378859+00:00
991,1765927480.3970041,2025-12-16T23:24:40.397006+00:00
992,1765927480.416679,2025-12-16T23:24:40.416682+00:00
993,1765927480.43758,2025-12-16T23:24:40.437584+00:00
994,1765927480.457825,2025-12-16T23:24:40.457830+00:00
995,1765927480.474654,2025-12-16T23:24:40.474658+00:00
996,1765927480.494956,2025-12-16T23:24:40.494962+00:00
997,1765927480.515858,2025-12-16T23:24:40.515860+00:00
998,1765927480.536747,2025-12-16T23:24:40.536758+00:00
999,1765927480.5561001,2025-12-16T23:24:40.556102+00:00
1000,1765927480.573725,2025-12-16T23:24:40.573728+00:00
1001,1765927480.594603,2025-12-16T23:24:40.594606+00:00
1002,1765927480.61548,2025-12-16T23:24:40.615483+00:00
1003,1765927480.633369,2025-12-16T23:24:40.633373+00:00
1004,1765927480.6542609,2025-12-16T23:24:40.654262+00:00
1005,1765927480.675134,2025-12-16T23:24:40.675137+00:00
1006,1765927480.695913,2025-12-16T23:24:40.695914+00:00
1007,1765927480.716773,2025-12-16T23:24:40.716773+00:00
1008,1765927480.734802,2025-12-16T23:24:40.734802+00:00
1009,1765927480.755327,2025-12-16T23:24:40.755331+00:00
1010,1765927480.774206,2025-12-16T23:24:40.774210+00:00
1011,1765927480.794537,2025-12-16T23:24:40.794541+00:00
1012,1765927480.815416,2025-12-16T23:24:40.815417+00:00
1013,1765927480.832758,2025-12-16T23:24:40.832767+00:00
1014,1765927480.852253,2025-12-16T23:24:40.852253+00:00
1015,1765927480.870087,2025-12-16T23:24:40.870114+00:00
1016,1765927480.890964,2025-12-16T23:24:40.890964+00:00
1017,1765927480.90874,2025-12-16T23:24:40.908741+00:00
1018,1765927480.927385,2025-12-16T23:24:40.927386+00:00
1019,1765927480.94677,2025-12-16T23:24:40.946772+00:00
1020,1765927480.9662259,2025-12-16T23:24:40.966226+00:00
1021,1765927480.987088,2025-12-16T23:24:40.987094+00:00
1022,1765927481.005811,2025-12-16T23:24:41.005814+00:00
1023,1765927481.024183,2025-12-16T23:24:41.024186+00:00
1024,1765927481.045109,2025-12-16T23:24:41.045113+00:00
1025,1765927481.064342,2025-12-16T23:24:41.064346+00:00
1026,1765927481.081544,2025-12-16T23:24:41.081546+00:00
1027,1765927481.101312,2025-12-16T23:24:41.101313+00:00
1028,1765927481.122206,2025-12-16T23:24:41.122210+00:00
1029,1765927481.139978,2025-12-16T23:24:41.139989+00:00
1030,1765927481.158251,2025-12-16T23:24:41.158253+00:00
1031,1765927481.179112,2025-12-16T23:24:41.179113+00:00
1032,1765927481.197407,2025-12-16T23:24:41.197409+00:00
1033,1765927481.218285,2025-12-16T23:24:41.218286+00:00
1034,1765927481.239139,2025-12-16T23:24:41.239140+00:00
1035,1765927481.2599978,2025-12-16T23:24:41.260001+00:00
1036,1765927481.280876,2025-12-16T23:24:41.280877+00:00
1037,1765927481.3017468,2025-12-16T23:24:41.301752+00:00
1038,1765927481.321406,2025-12-16T23:24:41.321412+00:00
1039,1765927481.3410811,2025-12-16T23:24:41.341085+00:00
1040,1765927481.361961,2025-12-16T23:24:41.361962+00:00
1041,1765927481.380503,2025-12-16T23:24:41.380507+00:00
1042,1765927481.401407,2025-12-16T23:24:41.401411+00:00
1043,1765927481.419251,2025-12-16T23:24:41.419252+00:00
1044,1765927481.440166,2025-12-16T23:24:41.440168+00:00
1045,1765927481.461007,2025-12-16T23:24:41.461010+00:00
1046,1765927481.4818711,2025-12-16T23:24:41.481874+00:00
1047,1765927481.502748,2025-12-16T23:24:41.502750+00:00
1048,1765927481.522662,2025-12-16T23:24:41.522664+00:00
1049,1765927481.543533,2025-12-16T23:24:41.543535+00:00
1050,1765927481.563615,2025-12-16T23:24:41.563616+00:00
1051,1765927481.584468,2025-12-16T23:24:41.584471+00:00
1052,1765927481.6053839,2025-12-16T23:24:41.605386+00:00
1053,1765927481.622772,2025-12-16T23:24:41.622775+00:00
1054,1765927481.642623,2025-12-16T23:24:41.642627+00:00
1055,1765927481.6635299,2025-12-16T23:24:41.663536+00:00
1056,1765927481.684433,2025-12-16T23:24:41.684435+00:00
1057,1765927481.701174,2025-12-16T23:24:41.701195+00:00
1058,1765927481.720282,2025-12-16T23:24:41.720284+00:00
1059,1765927481.7384808,2025-12-16T23:24:41.738511+00:00
1060,1765927481.7579331,2025-12-16T23:24:41.757935+00:00
1061,1765927481.778798,2025-12-16T23:24:41.778799+00:00
1062,1765927481.7969239,2025-12-16T23:24:41.796943+00:00
1063,1765927481.8177438,2025-12-16T23:24:41.817745+00:00
1064,1765927481.8385909,2025-12-16T23:24:41.838592+00:00
1065,1765927481.858027,2025-12-16T23:24:41.858028+00:00
1066,1765927481.877604,2025-12-16T23:24:41.877605+00:00
1067,1765927481.8984718,2025-12-16T23:24:41.898473+00:00
1068,1765927481.9167202,2025-12-16T23:24:41.916722+00:00
1069,1765927481.93758,2025-12-16T23:24:41.937580+00:00
1070,1765927481.958441,2025-12-16T23:24:41.958446+00:00
1071,1765927481.97934,2025-12-16T23:24:41.979343+00:00
1072,1765927481.997078,2025-12-16T23:24:41.997084+00:00
1073,1765927482.015397,2025-12-16T23:24:42.015402+00:00
1074,1765927482.0342898,2025-12-16T23:24:42.034293+00:00
1075,1765927482.0534568,2025-12-16T23:24:42.053462+00:00
1076,1765927482.074353,2025-12-16T23:24:42.074354+00:00
1077,1765927482.095212,2025-12-16T23:24:42.095216+00:00
1078,1765927482.114609,2025-12-16T23:24:42.114613+00:00
1079,1765927482.134836,2025-12-16T23:24:42.134844+00:00
1080,1765927482.15554,2025-12-16T23:24:42.155544+00:00
1081,1765927482.175513,2025-12-16T23:24:42.175517+00:00
1082,1765927482.195796,2025-12-16T23:24:42.195798+00:00
1083,1765927482.216652,2025-12-16T23:24:42.216653+00:00
1084,1765927482.237025,2025-12-16T23:24:42.237026+00:00
1085,1765927482.2558038,2025-12-16T23:24:42.255807+00:00
1086,1765927482.2766778,2025-12-16T23:24:42.276683+00:00
1087,1765927482.2975528,2025-12-16T23:24:42.297554+00:00
1088,1765927482.3184068,2025-12-16T23:24:42.318408+00:00
1089,1765927482.338263,2025-12-16T23:24:42.338265+00:00
1090,1765927482.3577988,2025-12-16T23:24:42.357799+00:00
1091,1765927482.3758001,2025-12-16T23:24:42.375802+00:00
1092,1765927482.396671,2025-12-16T23:24:42.396672+00:00
1093,1765927482.414009,2025-12-16T23:24:42.414010+00:00
1094,1765927482.4348722,2025-12-16T23:24:42.434874+00:00
1095,1765927482.455656,2025-12-16T23:24:42.455657+00:00
1096,1765927482.47246,2025-12-16T23:24:42.472465+00:00
1097,1765927482.4924622,2025-12-16T23:24:42.492470+00:00
1098,1765927482.513383,2025-12-16T23:24:42.513384+00:00
1099,1765927482.530209,2025-12-16T23:24:42.530213+00:00
1100,1765927482.547335,2025-12-16T23:24:42.547338+00:00
1101,1765927482.5643132,2025-12-16T23:24:42.564313+00:00
1102,1765927482.583733,2025-12-16T23:24:42.583736+00:00
1103,1765927482.603538,2025-12-16T23:24:42.603541+00:00
1104,1765927482.6222668,2025-12-16T23:24:42.622268+00:00
1105,1765927482.6393101,2025-12-16T23:24:42.639312+00:00
1106,1765927482.6601632,2025-12-16T23:24:42.660164+00:00
1107,1765927482.6773639,2025-12-16T23:24:42.677365+00:00
1108,1765927482.694116,2025-12-16T23:24:42.694119+00:00
1109,1765927482.713809,2025-12-16T23:24:42.713814+00:00
1110,1765927482.7343192,2025-12-16T23:24:42.734320+00:00
1111,1765927482.7551832,2025-12-16T23:24:42.755184+00:00
1112,1765927482.7760482,2025-12-16T23:24:42.776049+00:00
1113,1765927482.7969,2025-12-16T23:24:42.796901+00:00
1114,1765927482.817559,2025-12-16T23:24:42.817562+00:00
1115,1765927482.837514,2025-12-16T23:24:42.837518+00:00
1116,1765927482.8583958,2025-12-16T23:24:42.858397+00:00
1117,1765927482.8792498,2025-12-16T23:24:42.879253+00:00
1118,1765927482.9001222,2025-12-16T23:24:42.900123+00:00
1119,1765927482.920682,2025-12-16T23:24:42.920683+00:00
1120,1765927482.9408379,2025-12-16T23:24:42.940838+00:00
1121,1765927482.9617012,2025-12-16T23:24:42.961703+00:00
1122,1765927482.980327,2025-12-16T23:24:42.980329+00:00
1123,1765927482.997222,2025-12-16T23:24:42.997233+00:00
1124,1765927483.0181298,2025-12-16T23:24:43.018131+00:00
1125,1765927483.038988,2025-12-16T23:24:43.038990+00:00
1126,1765927483.056183,2025-12-16T23:24:43.056186+00:00
1127,1765927483.077047,2025-12-16T23:24:43.077049+00:00
1128,1765927483.0972311,2025-12-16T23:24:43.097233+00:00
1129,1765927483.114344,2025-12-16T23:24:43.114345+00:00
1130,1765927483.135194,2025-12-16T23:24:43.135195+00:00
1131,1765927483.156054,2025-12-16T23:24:43.156055+00:00
1132,1765927483.176901,2025-12-16T23:24:43.176901+00:00
1133,1765927483.1973078,2025-12-16T23:24:43.197320+00:00
1134,1765927483.216243,2025-12-16T23:24:43.216244+00:00
1135,1765927483.233844,2025-12-16T23:24:43.233847+00:00
1136,1765927483.2547112,2025-12-16T23:24:43.254713+00:00
1137,1765927483.275573,2025-12-16T23:24:43.275574+00:00
1138,1765927483.296433,2025-12-16T23:24:43.296437+00:00
1139,1765927483.316017,2025-12-16T23:24:43.316020+00:00
1140,1765927483.3369,2025-12-16T23:24:43.336902+00:00
1141,1765927483.35617,2025-12-16T23:24:43.356172+00:00
1142,1765927483.377024,2025-12-16T23:24:43.377026+00:00
1143,1765927483.3956459,2025-12-16T23:24:43.395649+00:00
1144,1765927483.415602,2025-12-16T23:24:43.415604+00:00
1145,1765927483.436463,2025-12-16T23:24:43.436464+00:00
1146,1765927483.455353,2025-12-16T23:24:43.455358+00:00
1147,1765927483.4762392,2025-12-16T23:24:43.476247+00:00
1148,1765927483.4966762,2025-12-16T23:24:43.496683+00:00
1149,1765927483.5135,2025-12-16T23:24:43.513557+00:00
1150,1765927483.534048,2025-12-16T23:24:43.534050+00:00
1151,1765927483.554924,2025-12-16T23:24:43.554928+00:00
1152,1765927483.5726552,2025-12-16T23:24:43.572657+00:00
1153,1765927483.594095,2025-12-16T23:24:43.594105+00:00
1154,1765927483.613788,2025-12-16T23:24:43.613793+00:00
1155,1765927483.630498,2025-12-16T23:24:43.630500+00:00
1156,1765927483.6513112,2025-12-16T23:24:43.651313+00:00
1157,1765927483.672068,2025-12-16T23:24:43.672071+00:00
1158,1765927483.692941,2025-12-16T23:24:43.692948+00:00
1159,1765927483.712516,2025-12-16T23:24:43.712518+00:00
1160,1765927483.730356,2025-12-16T23:24:43.730359+00:00
1161,1765927483.748008,2025-12-16T23:24:43.748011+00:00
1162,1765927483.765577,2025-12-16T23:24:43.765579+00:00
1163,1765927483.786449,2025-12-16T23:24:43.786450+00:00
1164,1765927483.807318,2025-12-16T23:24:43.807323+00:00
1165,1765927483.8282208,2025-12-16T23:24:43.828225+00:00
1166,1765927483.8458822,2025-12-16T23:24:43.845885+00:00
1167,1765927483.866772,2025-12-16T23:24:43.866777+00:00
1168,1765927483.884496,2025-12-16T23:24:43.884497+00:00
1169,1765927483.905343,2025-12-16T23:24:43.905344+00:00
1170,1765927483.924581,2025-12-16T23:24:43.924582+00:00
1171,1765927483.9422588,2025-12-16T23:24:43.942262+00:00
1172,1765927483.9620879,2025-12-16T23:24:43.962092+00:00
1173,1765927483.9823859,2025-12-16T23:24:43.982390+00:00
1174,1765927484.003273,2025-12-16T23:24:44.003280+00:00
1175,1765927484.0220978,2025-12-16T23:24:44.022102+00:00
1176,1765927484.042979,2025-12-16T23:24:44.042980+00:00
1177,1765927484.063735,2025-12-16T23:24:44.063740+00:00
1178,1765927484.080503,2025-12-16T23:24:44.080506+00:00
1179,1765927484.101395,2025-12-16T23:24:44.101402+00:00
1180,1765927484.119373,2025-12-16T23:24:44.119375+00:00
1181,1765927484.138623,2025-12-16T23:24:44.138640+00:00
1182,1765927484.159499,2025-12-16T23:24:44.159501+00:00
1183,1765927484.180275,2025-12-16T23:24:44.180277+00:00
1184,1765927484.201142,2025-12-16T23:24:44.201147+00:00
1185,1765927484.222052,2025-12-16T23:24:44.222055+00:00
1186,1765927484.24292,2025-12-16T23:24:44.242921+00:00
1187,1765927484.259768,2025-12-16T23:24:44.259771+00:00
1188,1765927484.280444,2025-12-16T23:24:44.280445+00:00
1189,1765927484.2972522,2025-12-16T23:24:44.297253+00:00
1190,1765927484.318105,2025-12-16T23:24:44.318106+00:00
1191,1765927484.3385658,2025-12-16T23:24:44.338567+00:00
1192,1765927484.3580601,2025-12-16T23:24:44.358064+00:00
1193,1765927484.378983,2025-12-16T23:24:44.378985+00:00
1194,1765927484.397032,2025-12-16T23:24:44.397033+00:00
1195,1765927484.4179468,2025-12-16T23:24:44.417949+00:00
1196,1765927484.4388149,2025-12-16T23:24:44.438816+00:00
1197,1765927484.455598,2025-12-16T23:24:44.455600+00:00
1198,1765927484.4764612,2025-12-16T23:24:44.476463+00:00
1199,1765927484.496964,2025-12-16T23:24:44.496969+00:00
1200,1765927484.5143008,2025-12-16T23:24:44.514303+00:00
1201,1765927484.531996,2025-12-16T23:24:44.531997+00:00
1202,1765927484.552856,2025-12-16T23:24:44.552858+00:00
1203,1765927484.5737338,2025-12-16T23:24:44.573738+00:00
1204,1765927484.5946329,2025-12-16T23:24:44.594637+00:00
1205,1765927484.613846,2025-12-16T23:24:44.613849+00:00
1206,1765927484.634743,2025-12-16T23:24:44.634746+00:00
1207,1765927484.655627,2025-12-16T23:24:44.655632+00:00
1208,1765927484.6745868,2025-12-16T23:24:44.674590+00:00
1209,1765927484.691978,2025-12-16T23:24:44.691981+00:00
1210,1765927484.712849,2025-12-16T23:24:44.712859+00:00
1211,1765927484.7337759,2025-12-16T23:24:44.733777+00:00
1212,1765927484.7533078,2025-12-16T23:24:44.753309+00:00
1213,1765927484.772114,2025-12-16T23:24:44.772117+00:00
1214,1765927484.79305,2025-12-16T23:24:44.793055+00:00
1215,1765927484.813754,2025-12-16T23:24:44.813758+00:00
1216,1765927484.8346639,2025-12-16T23:24:44.834669+00:00
1217,1765927484.8552792,2025-12-16T23:24:44.855282+00:00
1218,1765927484.876178,2025-12-16T23:24:44.876183+00:00
1219,1765927484.897187,2025-12-16T23:24:44.897188+00:00
1220,1765927484.91638,2025-12-16T23:24:44.916383+00:00
1221,1765927484.937271,2025-12-16T23:24:44.937272+00:00
1222,1765927484.955179,2025-12-16T23:24:44.955181+00:00
1223,1765927484.9760692,2025-12-16T23:24:44.976075+00:00
1224,1765927484.9962828,2025-12-16T23:24:44.996308+00:00
1225,1765927485.013879,2025-12-16T23:24:45.013884+00:00
1226,1765927485.0346172,2025-12-16T23:24:45.034622+00:00
1227,1765927485.055514,2025-12-16T23:24:45.055520+00:00
1228,1765927485.075575,2025-12-16T23:24:45.075580+00:00
1229,1765927485.09646,2025-12-16T23:24:45.096464+00:00
1230,1765927485.11442,2025-12-16T23:24:45.114423+00:00
1231,1765927485.1330822,2025-12-16T23:24:45.133130+00:00
1232,1765927485.153996,2025-12-16T23:24:45.153999+00:00
1233,1765927485.17488,2025-12-16T23:24:45.174886+00:00
1234,1765927485.193465,2025-12-16T23:24:45.193469+00:00
1235,1765927485.214032,2025-12-16T23:24:45.214034+00:00
1236,1765927485.232874,2025-12-16T23:24:45.232878+00:00
1237,1765927485.251942,2025-12-16T23:24:45.251942+00:00
1238,1765927485.269432,2025-12-16T23:24:45.269434+00:00
1239,1765927485.2869692,2025-12-16T23:24:45.286972+00:00
1240,1765927485.3053172,2025-12-16T23:24:45.305321+00:00
1241,1765927485.326208,2025-12-16T23:24:45.326210+00:00
1242,1765927485.347062,2025-12-16T23:24:45.347063+00:00
1243,1765927485.367931,2025-12-16T23:24:45.367935+00:00
1244,1765927485.388274,2025-12-16T23:24:45.388277+00:00
1245,1765927485.40915,2025-12-16T23:24:45.409151+00:00
1246,1765927485.4258728,2025-12-16T23:24:45.425878+00:00
1247,1765927485.446748,2025-12-16T23:24:45.446750+00:00
1248,1765927485.4673522,2025-12-16T23:24:45.467354+00:00
1249,1765927485.4842591,2025-12-16T23:24:45.484263+00:00
1250,1765927485.505162,2025-12-16T23:24:45.505165+00:00
1251,1765927485.522194,2025-12-16T23:24:45.522198+00:00
1252,1765927485.5430999,2025-12-16T23:24:45.543107+00:00
1253,1765927485.5612109,2025-12-16T23:24:45.561214+00:00
1254,1765927485.5809321,2025-12-16T23:24:45.580937+00:00
1255,1765927485.598623,2025-12-16T23:24:45.598631+00:00
1256,1765927485.6179929,2025-12-16T23:24:45.617997+00:00
1257,1765927485.634979,2025-12-16T23:24:45.634984+00:00
1258,1765927485.6554081,2025-12-16T23:24:45.655414+00:00
1259,1765927485.6738648,2025-12-16T23:24:45.673868+00:00
1260,1765927485.693106,2025-12-16T23:24:45.693108+00:00
1261,1765927485.713676,2025-12-16T23:24:45.713678+00:00
1262,1765927485.73406,2025-12-16T23:24:45.734064+00:00
1263,1765927485.751203,2025-12-16T23:24:45.751210+00:00
1264,1765927485.772028,2025-12-16T23:24:45.772032+00:00
1265,1765927485.792904,2025-12-16T23:24:45.792905+00:00
1266,1765927485.813685,2025-12-16T23:24:45.813691+00:00
1267,1765927485.8345861,2025-12-16T23:24:45.834589+00:00
1268,1765927485.852659,2025-12-16T23:24:45.852665+00:00
1269,1765927485.871489,2025-12-16T23:24:45.871490+00:00
1270,1765927485.8920488,2025-12-16T23:24:45.892052+00:00
1271,1765927485.911031,2025-12-16T23:24:45.911033+00:00
1272,1765927485.931158,2025-12-16T23:24:45.931159+00:00
1273,1765927485.9520051,2025-12-16T23:24:45.952006+00:00
1274,1765927485.971825,2025-12-16T23:24:45.971826+00:00
1275,1765927485.988906,2025-12-16T23:24:45.988910+00:00
1276,1765927486.009561,2025-12-16T23:24:46.009566+00:00
1277,1765927486.030478,2025-12-16T23:24:46.030483+00:00
1278,1765927486.047679,2025-12-16T23:24:46.047681+00:00
1279,1765927486.066684,2025-12-16T23:24:46.066687+00:00
1280,1765927486.087581,2025-12-16T23:24:46.087582+00:00
1281,1765927486.1084569,2025-12-16T23:24:46.108460+00:00
1282,1765927486.1291652,2025-12-16T23:24:46.129168+00:00
1283,1765927486.147586,2025-12-16T23:24:46.147589+00:00
1284,1765927486.168076,2025-12-16T23:24:46.168094+00:00
1285,1765927486.1882932,2025-12-16T23:24:46.188298+00:00
1286,1765927486.2063968,2025-12-16T23:24:46.206406+00:00
1287,1765927486.225736,2025-12-16T23:24:46.225739+00:00
1288,1765927486.243055,2025-12-16T23:24:46.243142+00:00
1289,1765927486.261573,2025-12-16T23:24:46.261574+00:00
1290,1765927486.2824352,2025-12-16T23:24:46.282438+00:00
1291,1765927486.302197,2025-12-16T23:24:46.302201+00:00
1292,1765927486.322158,2025-12-16T23:24:46.322162+00:00
1293,1765927486.343039,2025-12-16T23:24:46.343043+00:00
1294,1765927486.36372,2025-12-16T23:24:46.363722+00:00
1295,1765927486.3804748,2025-12-16T23:24:46.380479+00:00
1296,1765927486.40134,2025-12-16T23:24:46.401343+00:00
1297,1765927486.422206,2025-12-16T23:24:46.422210+00:00
1298,1765927486.440861,2025-12-16T23:24:46.440864+00:00
1299,1765927486.4596128,2025-12-16T23:24:46.459619+00:00
1300,1765927486.478764,2025-12-16T23:24:46.478771+00:00
1301,1765927486.4996831,2025-12-16T23:24:46.499685+00:00
1302,1765927486.517844,2025-12-16T23:24:46.517848+00:00
1303,1765927486.5363991,2025-12-16T23:24:46.536404+00:00
1304,1765927486.55549,2025-12-16T23:24:46.555496+00:00
1305,1765927486.5764108,2025-12-16T23:24:46.576420+00:00
1306,1765927486.59725,2025-12-16T23:24:46.597260+00:00
1307,1765927486.618161,2025-12-16T23:24:46.618164+00:00
1308,1765927486.639047,2025-12-16T23:24:46.639050+00:00
1309,1765927486.659929,2025-12-16T23:24:46.659935+00:00
1310,1765927486.678794,2025-12-16T23:24:46.678800+00:00
1311,1765927486.696587,2025-12-16T23:24:46.696587+00:00
1312,1765927486.713734,2025-12-16T23:24:46.713735+00:00
1313,1765927486.730464,2025-12-16T23:24:46.730465+00:00
1314,1765927486.747232,2025-12-16T23:24:46.747234+00:00
1315,1765927486.768085,2025-12-16T23:24:46.768086+00:00
1316,1765927486.78848,2025-12-16T23:24:46.788483+00:00
1317,1765927486.808162,2025-12-16T23:24:46.808164+00:00
1318,1765927486.828423,2025-12-16T23:24:46.828425+00:00
1319,1765927486.846795,2025-12-16T23:24:46.846798+00:00
1320,1765927486.8637068,2025-12-16T23:24:46.863708+00:00
1321,1765927486.881987,2025-12-16T23:24:46.881990+00:00
1322,1765927486.9023201,2025-12-16T23:24:46.902323+00:00
1323,1765927486.9219441,2025-12-16T23:24:46.921945+00:00
1324,1765927486.9386728,2025-12-16T23:24:46.938674+00:00
1325,1765927486.958512,2025-12-16T23:24:46.958518+00:00
1326,1765927486.9761112,2025-12-16T23:24:46.976113+00:00
1327,1765927486.992911,2025-12-16T23:24:46.992913+00:00
1328,1765927487.009957,2025-12-16T23:24:47.009959+00:00
1329,1765927487.0309062,2025-12-16T23:24:47.030908+00:00
1330,1765927487.051787,2025-12-16T23:24:47.051789+00:00
1331,1765927487.069778,2025-12-16T23:24:47.069783+00:00
1332,1765927487.088589,2025-12-16T23:24:47.088590+00:00
1333,1765927487.109455,2025-12-16T23:24:47.109459+00:00
1334,1765927487.1293209,2025-12-16T23:24:47.129325+00:00
1335,1765927487.147585,2025-12-16T23:24:47.147597+00:00
1336,1765927487.164608,2025-12-16T23:24:47.164610+00:00
1337,1765927487.185482,2025-12-16T23:24:47.185484+00:00
1338,1765927487.203475,2025-12-16T23:24:47.203479+00:00
1339,1765927487.2243671,2025-12-16T23:24:47.224372+00:00
1340,1765927487.244509,2025-12-16T23:24:47.244513+00:00
1341,1765927487.2616498,2025-12-16T23:24:47.261655+00:00
1342,1765927487.282579,2025-12-16T23:24:47.282581+00:00
1343,1765927487.3023748,2025-12-16T23:24:47.302377+00:00
1344,1765927487.3195431,2025-12-16T23:24:47.319544+00:00
1345,1765927487.338803,2025-12-16T23:24:47.338804+00:00
1346,1765927487.359602,2025-12-16T23:24:47.359608+00:00
1347,1765927487.3804889,2025-12-16T23:24:47.380490+00:00
1348,1765927487.401355,2025-12-16T23:24:47.401357+00:00
1349,1765927487.421998,2025-12-16T23:24:47.421999+00:00
1350,1765927487.440762,2025-12-16T23:24:47.440763+00:00
1351,1765927487.461628,2025-12-16T23:24:47.461632+00:00
1352,1765927487.4797828,2025-12-16T23:24:47.479816+00:00
1353,1765927487.500726,2025-12-16T23:24:47.500730+00:00
1354,1765927487.5174809,2025-12-16T23:24:47.517485+00:00
1355,1765927487.536191,2025-12-16T23:24:47.536196+00:00
1356,1765927487.555247,2025-12-16T23:24:47.555253+00:00
1357,1765927487.5739489,2025-12-16T23:24:47.573951+00:00
1358,1765927487.59482,2025-12-16T23:24:47.594825+00:00
1359,1765927487.6141481,2025-12-16T23:24:47.614149+00:00
1360,1765927487.633682,2025-12-16T23:24:47.633687+00:00
1361,1765927487.654644,2025-12-16T23:24:47.654646+00:00
1362,1765927487.672087,2025-12-16T23:24:47.672089+00:00
1363,1765927487.692959,2025-12-16T23:24:47.692965+00:00
1364,1765927487.7126222,2025-12-16T23:24:47.712628+00:00
1365,1765927487.7303512,2025-12-16T23:24:47.730354+00:00
1366,1765927487.747135,2025-12-16T23:24:47.747138+00:00
1367,1765927487.767518,2025-12-16T23:24:47.767521+00:00
1368,1765927487.788393,2025-12-16T23:24:47.788397+00:00
1369,1765927487.80929,2025-12-16T23:24:47.809291+00:00
1370,1765927487.826329,2025-12-16T23:24:47.826333+00:00
1371,1765927487.845758,2025-12-16T23:24:47.845759+00:00
1372,1765927487.8633192,2025-12-16T23:24:47.863344+00:00
1373,1765927487.883252,2025-12-16T23:24:47.883253+00:00
1374,1765927487.90165,2025-12-16T23:24:47.901651+00:00
1375,1765927487.921879,2025-12-16T23:24:47.921881+00:00
1376,1765927487.941259,2025-12-16T23:24:47.941260+00:00
1377,1765927487.962123,2025-12-16T23:24:47.962126+00:00
1378,1765927487.9829981,2025-12-16T23:24:47.983001+00:00
1379,1765927488.003874,2025-12-16T23:24:48.003877+00:00
1380,1765927488.022861,2025-12-16T23:24:48.022866+00:00
1381,1765927488.043798,2025-12-16T23:24:48.043802+00:00
1382,1765927488.064692,2025-12-16T23:24:48.064697+00:00
1383,1765927488.085582,2025-12-16T23:24:48.085585+00:00
1384,1765927488.106463,2025-12-16T23:24:48.106465+00:00
1385,1765927488.127328,2025-12-16T23:24:48.127331+00:00
1386,1765927488.1451771,2025-12-16T23:24:48.145182+00:00
1387,1765927488.164696,2025-12-16T23:24:48.164697+00:00
1388,1765927488.1847591,2025-12-16T23:24:48.184762+00:00
1389,1765927488.20563,2025-12-16T23:24:48.205631+00:00
1390,1765927488.2265742,2025-12-16T23:24:48.226578+00:00
1391,1765927488.2474828,2025-12-16T23:24:48.247486+00:00
1392,1765927488.267568,2025-12-16T23:24:48.267568+00:00
1393,1765927488.284422,2025-12-16T23:24:48.284424+00:00
1394,1765927488.305133,2025-12-16T23:24:48.305135+00:00
1395,1765927488.32599,2025-12-16T23:24:48.325992+00:00
1396,1765927488.346853,2025-12-16T23:24:48.346855+00:00
1397,1765927488.363721,2025-12-16T23:24:48.363725+00:00
1398,1765927488.384586,2025-12-16T23:24:48.384586+00:00
1399,1765927488.4033248,2025-12-16T23:24:48.403329+00:00
1400,1765927488.4235961,2025-12-16T23:24:48.423598+00:00
1401,1765927488.442857,2025-12-16T23:24:48.442863+00:00
1402,1765927488.4631958,2025-12-16T23:24:48.463199+00:00
1403,1765927488.480303,2025-12-16T23:24:48.480308+00:00
1404,1765927488.4970539,2025-12-16T23:24:48.497057+00:00
1405,1765927488.515628,2025-12-16T23:24:48.515631+00:00
1406,1765927488.533613,2025-12-16T23:24:48.533619+00:00
1407,1765927488.553327,2025-12-16T23:24:48.553328+00:00
1408,1765927488.5718122,2025-12-16T23:24:48.571816+00:00
1409,1765927488.592709,2025-12-16T23:24:48.592710+00:00
1410,1765927488.613568,2025-12-16T23:24:48.613570+00:00
1411,1765927488.634451,2025-12-16T23:24:48.634457+00:00
1412,1765927488.654188,2025-12-16T23:24:48.654189+00:00
1413,1765927488.67505,2025-12-16T23:24:48.675052+00:00
1414,1765927488.695905,2025-12-16T23:24:48.695907+00:00
1415,1765927488.7167392,2025-12-16T23:24:48.716740+00:00
1416,1765927488.73759,2025-12-16T23:24:48.737591+00:00
1417,1765927488.754661,2025-12-16T23:24:48.754663+00:00
1418,1765927488.771988,2025-12-16T23:24:48.771990+00:00
1419,1765927488.789888,2025-12-16T23:24:48.789890+00:00
1420,1765927488.8107572,2025-12-16T23:24:48.810757+00:00
1421,1765927488.830291,2025-12-16T23:24:48.830301+00:00
1422,1765927488.84818,2025-12-16T23:24:48.848194+00:00
1423,1765927488.86588,2025-12-16T23:24:48.865882+00:00
1424,1765927488.886751,2025-12-16T23:24:48.886752+00:00
1425,1765927488.906805,2025-12-16T23:24:48.906807+00:00
1426,1765927488.926177,2025-12-16T23:24:48.926181+00:00
1427,1765927488.9464781,2025-12-16T23:24:48.946481+00:00
1428,1765927488.9664562,2025-12-16T23:24:48.966461+00:00
1429,1765927488.987356,2025-12-16T23:24:48.987359+00:00
1430,1765927489.008084,2025-12-16T23:24:49.008085+00:00
1431,1765927489.028943,2025-12-16T23:24:49.028948+00:00
1432,1765927489.047552,2025-12-16T23:24:49.047554+00:00
1433,1765927489.068438,2025-12-16T23:24:49.068440+00:00
1434,1765927489.088307,2025-12-16T23:24:49.088320+00:00
1435,1765927489.109178,2025-12-16T23:24:49.109183+00:00
1436,1765927489.1285498,2025-12-16T23:24:49.128556+00:00
1437,1765927489.1465778,2025-12-16T23:24:49.146581+00:00
1438,1765927489.163538,2025-12-16T23:24:49.163541+00:00
1439,1765927489.1821618,2025-12-16T23:24:49.182166+00:00
1440,1765927489.2027369,2025-12-16T23:24:49.202738+00:00
1441,1765927489.223095,2025-12-16T23:24:49.223099+00:00
1442,1765927489.244017,2025-12-16T23:24:49.244023+00:00
1443,1765927489.264927,2025-12-16T23:24:49.264929+00:00
1444,1765927489.285789,2025-12-16T23:24:49.285791+00:00
1445,1765927489.304351,2025-12-16T23:24:49.304351+00:00
1446,1765927489.3245099,2025-12-16T23:24:49.324512+00:00
1447,1765927489.345376,2025-12-16T23:24:49.345378+00:00
1448,1765927489.366265,2025-12-16T23:24:49.366267+00:00
1449,1765927489.387121,2025-12-16T23:24:49.387123+00:00
1450,1765927489.4054139,2025-12-16T23:24:49.405433+00:00
1451,1765927489.425119,2025-12-16T23:24:49.425122+00:00
1452,1765927489.445657,2025-12-16T23:24:49.445658+00:00
1453,1765927489.463649,2025-12-16T23:24:49.463656+00:00
1454,1765927489.484571,2025-12-16T23:24:49.484581+00:00
1455,1765927489.5037818,2025-12-16T23:24:49.503789+00:00
1456,1765927489.524846,2025-12-16T23:24:49.524849+00:00
1457,1765927489.545717,2025-12-16T23:24:49.545720+00:00
1458,1765927489.566605,2025-12-16T23:24:49.566608+00:00
1459,1765927489.584676,2025-12-16T23:24:49.584681+00:00
1460,1765927489.605603,2025-12-16T23:24:49.605610+00:00
1461,1765927489.622543,2025-12-16T23:24:49.622543+00:00
1462,1765927489.643404,2025-12-16T23:24:49.643410+00:00
1463,1765927489.662884,2025-12-16T23:24:49.662885+00:00
1464,1765927489.681196,2025-12-16T23:24:49.681199+00:00
1465,1765927489.702083,2025-12-16T23:24:49.702084+00:00
1466,1765927489.721445,2025-12-16T23:24:49.721449+00:00
1467,1765927489.742348,2025-12-16T23:24:49.742352+00:00
1468,1765927489.7630541,2025-12-16T23:24:49.763055+00:00
1469,1765927489.780315,2025-12-16T23:24:49.780318+00:00
1470,1765927489.7981818,2025-12-16T23:24:49.798183+00:00
1471,1765927489.81761,2025-12-16T23:24:49.817612+00:00
1472,1765927489.837034,2025-12-16T23:24:49.837035+00:00
1473,1765927489.8574872,2025-12-16T23:24:49.857489+00:00
1474,1765927489.878352,2025-12-16T23:24:49.878356+00:00
1475,1765927489.896899,2025-12-16T23:24:49.896901+00:00
1476,1765927489.9161012,2025-12-16T23:24:49.916118+00:00
1477,1765927489.936974,2025-12-16T23:24:49.936976+00:00
1478,1765927489.953745,2025-12-16T23:24:49.953747+00:00
1479,1765927489.971891,2025-12-16T23:24:49.971894+00:00
1480,1765927489.988977,2025-12-16T23:24:49.988978+00:00
1481,1765927490.009254,2025-12-16T23:24:50.009286+00:00
1482,1765927490.028203,2025-12-16T23:24:50.028208+00:00
1483,1765927490.049113,2025-12-16T23:24:50.049118+00:00
1484,1765927490.0675101,2025-12-16T23:24:50.067514+00:00
1485,1765927490.088337,2025-12-16T23:24:50.088343+00:00
1486,1765927490.105338,2025-12-16T23:24:50.105339+00:00
1487,1765927490.126195,2025-12-16T23:24:50.126196+00:00
1488,1765927490.146917,2025-12-16T23:24:50.146918+00:00
1489,1765927490.163624,2025-12-16T23:24:50.163625+00:00
1490,1765927490.180856,2025-12-16T23:24:50.180857+00:00
1491,1765927490.2017121,2025-12-16T23:24:50.201714+00:00
1492,1765927490.222494,2025-12-16T23:24:50.222495+00:00
1493,1765927490.243357,2025-12-16T23:24:50.243359+00:00
1494,1765927490.2635,2025-12-16T23:24:50.263501+00:00
1495,1765927490.284357,2025-12-16T23:24:50.284361+00:00
1496,1765927490.302637,2025-12-16T23:24:50.302639+00:00
1497,1765927490.3218,2025-12-16T23:24:50.321806+00:00
1498,1765927490.342698,2025-12-16T23:24:50.342700+00:00
1499,1765927490.363555,2025-12-16T23:24:50.363556+00:00
1500,1765927490.3803542,2025-12-16T23:24:50.380355+00:00
1501,1765927490.3978481,2025-12-16T23:24:50.397851+00:00
1502,1765927490.416657,2025-12-16T23:24:50.416658+00:00
1503,1765927490.434262,2025-12-16T23:24:50.434264+00:00
1504,1765927490.455132,2025-12-16T23:24:50.455134+00:00
1505,1765927490.475044,2025-12-16T23:24:50.475059+00:00
1506,1765927490.495935,2025-12-16T23:24:50.495940+00:00
1507,1765927490.5140722,2025-12-16T23:24:50.514077+00:00
1508,1765927490.53356,2025-12-16T23:24:50.533567+00:00
1509,1765927490.553642,2025-12-16T23:24:50.553647+00:00
1510,1765927490.5731661,2025-12-16T23:24:50.573172+00:00
1511,1765927490.593944,2025-12-16T23:24:50.594062+00:00
1512,1765927490.613461,2025-12-16T23:24:50.613467+00:00
1513,1765927490.630304,2025-12-16T23:24:50.630332+00:00
1514,1765927490.64719,2025-12-16T23:24:50.647196+00:00
1515,1765927490.66655,2025-12-16T23:24:50.666554+00:00
1516,1765927490.686048,2025-12-16T23:24:50.686053+00:00
1517,1765927490.705456,2025-12-16T23:24:50.705461+00:00
1518,1765927490.726339,2025-12-16T23:24:50.726343+00:00
1519,1765927490.7461782,2025-12-16T23:24:50.746181+00:00
1520,1765927490.766536,2025-12-16T23:24:50.766542+00:00
1521,1765927490.7874691,2025-12-16T23:24:50.787477+00:00
1522,1765927490.808387,2025-12-16T23:24:50.808391+00:00
1523,1765927490.826101,2025-12-16T23:24:50.826105+00:00
1524,1765927490.843575,2025-12-16T23:24:50.843578+00:00
1525,1765927490.86292,2025-12-16T23:24:50.862924+00:00
1526,1765927490.8803189,2025-12-16T23:24:50.880332+00:00
1527,1765927490.9012742,2025-12-16T23:24:50.901281+00:00
1528,1765927490.922202,2025-12-16T23:24:50.922206+00:00
1529,1765927490.943106,2025-12-16T23:24:50.943111+00:00
1530,1765927490.963996,2025-12-16T23:24:50.964001+00:00
1531,1765927490.98484,2025-12-16T23:24:50.984844+00:00
1532,1765927491.0049589,2025-12-16T23:24:51.004963+00:00
1533,1765927491.023135,2025-12-16T23:24:51.023139+00:00
1534,1765927491.042933,2025-12-16T23:24:51.042938+00:00
1535,1765927491.063811,2025-12-16T23:24:51.063840+00:00
1536,1765927491.082041,2025-12-16T23:24:51.082046+00:00
1537,1765927491.100188,2025-12-16T23:24:51.100192+00:00
1538,1765927491.120787,2025-12-16T23:24:51.120797+00:00
1539,1765927491.139112,2025-12-16T23:24:51.139118+00:00
1540,1765927491.158253,2025-12-16T23:24:51.158257+00:00
1541,1765927491.179164,2025-12-16T23:24:51.179167+00:00
1542,1765927491.200032,2025-12-16T23:24:51.200035+00:00
1543,1765927491.220942,2025-12-16T23:24:51.220946+00:00
1544,1765927491.238246,2025-12-16T23:24:51.238251+00:00
1545,1765927491.257613,2025-12-16T23:24:51.257617+00:00
1546,1765927491.2758982,2025-12-16T23:24:51.275902+00:00
1547,1765927491.296777,2025-12-16T23:24:51.296782+00:00
1548,1765927491.318478,2025-12-16T23:24:51.318482+00:00
1549,1765927491.335805,2025-12-16T23:24:51.335810+00:00
1550,1765927491.354787,2025-12-16T23:24:51.354789+00:00
1551,1765927491.37565,2025-12-16T23:24:51.375652+00:00
1552,1765927491.39608,2025-12-16T23:24:51.396083+00:00
1553,1765927491.4134111,2025-12-16T23:24:51.413416+00:00
1554,1765927491.433066,2025-12-16T23:24:51.433071+00:00
1555,1765927491.4533172,2025-12-16T23:24:51.453322+00:00
1556,1765927491.4709918,2025-12-16T23:24:51.470996+00:00
1557,1765927491.488737,2025-12-16T23:24:51.488743+00:00
1558,1765927491.509433,2025-12-16T23:24:51.509438+00:00
1559,1765927491.530422,2025-12-16T23:24:51.530426+00:00
1560,1765927491.5473092,2025-12-16T23:24:51.547318+00:00
1561,1765927491.565206,2025-12-16T23:24:51.565209+00:00
1562,1765927491.5861042,2025-12-16T23:24:51.586109+00:00
1563,1765927491.6044009,2025-12-16T23:24:51.604403+00:00
1564,1765927491.62215,2025-12-16T23:24:51.622151+00:00
1565,1765927491.641212,2025-12-16T23:24:51.641214+00:00
1566,1765927491.662084,2025-12-16T23:24:51.662085+00:00
1567,1765927491.680667,2025-12-16T23:24:51.680669+00:00
1568,1765927491.7015219,2025-12-16T23:24:51.701523+00:00
1569,1765927491.722383,2025-12-16T23:24:51.722387+00:00
1570,1765927491.743291,2025-12-16T23:24:51.743299+00:00
1571,1765927491.763686,2025-12-16T23:24:51.763687+00:00
1572,1765927491.781651,2025-12-16T23:24:51.781656+00:00
1573,1765927491.802539,2025-12-16T23:24:51.802543+00:00
1574,1765927491.8219829,2025-12-16T23:24:51.821984+00:00
1575,1765927491.840595,2025-12-16T23:24:51.840597+00:00
1576,1765927491.861456,2025-12-16T23:24:51.861458+00:00
1577,1765927491.88319,2025-12-16T23:24:51.883195+00:00
1578,1765927491.904087,2025-12-16T23:24:51.904089+00:00
1579,1765927491.922615,2025-12-16T23:24:51.922617+00:00
1580,1765927491.94128,2025-12-16T23:24:51.941285+00:00
1581,1765927491.962175,2025-12-16T23:24:51.962176+00:00
1582,1765927491.9812338,2025-12-16T23:24:51.981240+00:00
1583,1765927491.998921,2025-12-16T23:24:51.998923+00:00
1584,1765927492.0198028,2025-12-16T23:24:52.019803+00:00
1585,1765927492.037554,2025-12-16T23:24:52.037559+00:00
1586,1765927492.0584471,2025-12-16T23:24:52.058449+00:00
1587,1765927492.0793118,2025-12-16T23:24:52.079316+00:00
1588,1765927492.09851,2025-12-16T23:24:52.098511+00:00
1589,1765927492.116081,2025-12-16T23:24:52.116083+00:00
1590,1765927492.136959,2025-12-16T23:24:52.136962+00:00
1591,1765927492.157844,2025-12-16T23:24:52.157845+00:00
1592,1765927492.178474,2025-12-16T23:24:52.178478+00:00
1593,1765927492.1975832,2025-12-16T23:24:52.197584+00:00
1594,1765927492.218443,2025-12-16T23:24:52.218445+00:00
1595,1765927492.238802,2025-12-16T23:24:52.238806+00:00
1596,1765927492.259708,2025-12-16T23:24:52.259717+00:00
1597,1765927492.279756,2025-12-16T23:24:52.279760+00:00
1598,1765927492.2977421,2025-12-16T23:24:52.297744+00:00
1599,1765927492.318605,2025-12-16T23:24:52.318606+00:00
1600,1765927492.338537,2025-12-16T23:24:52.338540+00:00
1601,1765927492.357398,2025-12-16T23:24:52.357401+00:00
1602,1765927492.374557,2025-12-16T23:24:52.374560+00:00
1603,1765927492.3954182,2025-12-16T23:24:52.395421+00:00
1604,1765927492.413574,2025-12-16T23:24:52.413578+00:00
1605,1765927492.43444,2025-12-16T23:24:52.434444+00:00
1606,1765927492.455843,2025-12-16T23:24:52.455847+00:00
1607,1765927492.479135,2025-12-16T23:24:52.479141+00:00
1608,1765927492.500034,2025-12-16T23:24:52.500046+00:00
1609,1765927492.520959,2025-12-16T23:24:52.520964+00:00
1610,1765927492.5384011,2025-12-16T23:24:52.538406+00:00
1611,1765927492.5561962,2025-12-16T23:24:52.556207+00:00
1612,1765927492.573453,2025-12-16T23:24:52.573457+00:00
1613,1765927492.594353,2025-12-16T23:24:52.594361+00:00
1614,1765927492.6140769,2025-12-16T23:24:52.614081+00:00
1615,1765927492.634974,2025-12-16T23:24:52.634976+00:00
1616,1765927492.6557062,2025-12-16T23:24:52.655709+00:00
1617,1765927492.67595,2025-12-16T23:24:52.675954+00:00
1618,1765927492.6968582,2025-12-16T23:24:52.696866+00:00
1619,1765927492.714006,2025-12-16T23:24:52.714011+00:00
1620,1765927492.734911,2025-12-16T23:24:52.734913+00:00
1621,1765927492.75564,2025-12-16T23:24:52.755642+00:00
1622,1765927492.776565,2025-12-16T23:24:52.776567+00:00
1623,1765927492.797277,2025-12-16T23:24:52.797281+00:00
1624,1765927492.818041,2025-12-16T23:24:52.818045+00:00
1625,1765927492.838988,2025-12-16T23:24:52.838993+00:00
1626,1765927492.859862,2025-12-16T23:24:52.859863+00:00
1627,1765927492.8805661,2025-12-16T23:24:52.880577+00:00
1628,1765927492.9014778,2025-12-16T23:24:52.901482+00:00
1629,1765927492.920655,2025-12-16T23:24:52.920658+00:00
1630,1765927492.938868,2025-12-16T23:24:52.938892+00:00
1631,1765927492.95978,2025-12-16T23:24:52.959783+00:00
1632,1765927492.9805079,2025-12-16T23:24:52.980529+00:00
1633,1765927492.998106,2025-12-16T23:24:52.998109+00:00
1634,1765927493.016513,2025-12-16T23:24:53.016516+00:00
1635,1765927493.037392,2025-12-16T23:24:53.037395+00:00
1636,1765927493.0575051,2025-12-16T23:24:53.057510+00:00
1637,1765927493.078277,2025-12-16T23:24:53.078282+00:00
1638,1765927493.099197,2025-12-16T23:24:53.099206+00:00
1639,1765927493.118581,2025-12-16T23:24:53.118584+00:00
1640,1765927493.135883,2025-12-16T23:24:53.135886+00:00
1641,1765927493.154571,2025-12-16T23:24:53.154579+00:00
1642,1765927493.174004,2025-12-16T23:24:53.174008+00:00
1643,1765927493.1931572,2025-12-16T23:24:53.193163+00:00
1644,1765927493.211753,2025-12-16T23:24:53.211758+00:00
1645,1765927493.229669,2025-12-16T23:24:53.229671+00:00
1646,1765927493.2465951,2025-12-16T23:24:53.246598+00:00
1647,1765927493.266186,2025-12-16T23:24:53.266187+00:00
1648,1765927493.2870579,2025-12-16T23:24:53.287063+00:00
1649,1765927493.306487,2025-12-16T23:24:53.306490+00:00
1650,1765927493.325898,2025-12-16T23:24:53.325903+00:00
1651,1765927493.346792,2025-12-16T23:24:53.346855+00:00
1652,1765927493.367767,2025-12-16T23:24:53.367771+00:00
1653,1765927493.385159,2025-12-16T23:24:53.385163+00:00
1654,1765927493.406084,2025-12-16T23:24:53.406089+00:00
1655,1765927493.423636,2025-12-16T23:24:53.423638+00:00
1656,1765927493.442708,2025-12-16T23:24:53.442710+00:00
1657,1765927493.462911,2025-12-16T23:24:53.462919+00:00
1658,1765927493.483213,2025-12-16T23:24:53.483216+00:00
1659,1765927493.504089,2025-12-16T23:24:53.504092+00:00
1660,1765927493.52498,2025-12-16T23:24:53.524982+00:00
1661,1765927493.543257,2025-12-16T23:24:53.543262+00:00
1662,1765927493.566559,2025-12-16T23:24:53.566562+00:00
1663,1765927493.590058,2025-12-16T23:24:53.590060+00:00
1664,1765927493.60848,2025-12-16T23:24:53.608483+00:00
1665,1765927493.6517189,2025-12-16T23:24:53.651724+00:00
1666,1765927493.671817,2025-12-16T23:24:53.671821+00:00
1667,1765927493.691734,2025-12-16T23:24:53.691738+00:00
1668,1765927493.712607,2025-12-16T23:24:53.712610+00:00
1669,1765927493.731602,2025-12-16T23:24:53.731605+00:00
1670,1765927493.750305,2025-12-16T23:24:53.750307+00:00
1671,1765927493.771171,2025-12-16T23:24:53.771173+00:00
1672,1765927493.789666,2025-12-16T23:24:53.789669+00:00
1673,1765927493.81055,2025-12-16T23:24:53.810555+00:00
1674,1765927493.830455,2025-12-16T23:24:53.830459+00:00
1675,1765927493.849374,2025-12-16T23:24:53.849378+00:00
1676,1765927493.866718,2025-12-16T23:24:53.866721+00:00
1677,1765927493.885254,2025-12-16T23:24:53.885255+00:00
1678,1765927493.905151,2025-12-16T23:24:53.905156+00:00
1679,1765927493.92205,2025-12-16T23:24:53.922052+00:00
1680,1765927493.942915,2025-12-16T23:24:53.942919+00:00
1681,1765927493.963806,2025-12-16T23:24:53.963809+00:00
1682,1765927493.984677,2025-12-16T23:24:53.984680+00:00
1683,1765927494.001395,2025-12-16T23:24:54.001397+00:00
1684,1765927494.02194,2025-12-16T23:24:54.021945+00:00
1685,1765927494.041908,2025-12-16T23:24:54.041909+00:00
1686,1765927494.05934,2025-12-16T23:24:54.059346+00:00
1687,1765927494.077043,2025-12-16T23:24:54.077049+00:00
1688,1765927494.094635,2025-12-16T23:24:54.094638+00:00
1689,1765927494.113664,2025-12-16T23:24:54.113665+00:00
1690,1765927494.1304052,2025-12-16T23:24:54.130407+00:00
1691,1765927494.1471949,2025-12-16T23:24:54.147195+00:00
1692,1765927494.1642141,2025-12-16T23:24:54.164215+00:00
1693,1765927494.185097,2025-12-16T23:24:54.185100+00:00
1694,1765927494.201865,2025-12-16T23:24:54.201870+00:00
1695,1765927494.221931,2025-12-16T23:24:54.221937+00:00
1696,1765927494.241125,2025-12-16T23:24:54.241127+00:00
1697,1765927494.261996,2025-12-16T23:24:54.261998+00:00
1698,1765927494.282871,2025-12-16T23:24:54.282872+00:00
1699,1765927494.303757,2025-12-16T23:24:54.303763+00:00
1700,1765927494.3239229,2025-12-16T23:24:54.323925+00:00
1701,1765927494.342908,2025-12-16T23:24:54.342914+00:00
1702,1765927494.3636339,2025-12-16T23:24:54.363642+00:00
1703,1765927494.384547,2025-12-16T23:24:54.384553+00:00
1704,1765927494.4052129,2025-12-16T23:24:54.405214+00:00
1705,1765927494.426087,2025-12-16T23:24:54.426092+00:00
1706,1765927494.4430149,2025-12-16T23:24:54.443017+00:00
1707,1765927494.4634728,2025-12-16T23:24:54.463478+00:00
1708,1765927494.484374,2025-12-16T23:24:54.484379+00:00
1709,1765927494.5053172,2025-12-16T23:24:54.505319+00:00
1710,1765927494.523531,2025-12-16T23:24:54.523534+00:00
1711,1765927494.5441542,2025-12-16T23:24:54.544158+00:00
1712,1765927494.564951,2025-12-16T23:24:54.564955+00:00
1713,1765927494.582585,2025-12-16T23:24:54.582589+00:00
1714,1765927494.661055,2025-12-16T23:24:54.661060+00:00
1715,1765927494.72175,2025-12-16T23:24:54.721755+00:00
1716,1765927494.7390962,2025-12-16T23:24:54.739100+00:00
1717,1765927494.805002,2025-12-16T23:24:54.805007+00:00
1718,1765927494.826338,2025-12-16T23:24:54.826344+00:00
1719,1765927494.8462238,2025-12-16T23:24:54.846238+00:00
1720,1765927494.869011,2025-12-16T23:24:54.869016+00:00
1721,1765927494.919171,2025-12-16T23:24:54.919186+00:00
1722,1765927494.938642,2025-12-16T23:24:54.938649+00:00
1723,1765927494.9585578,2025-12-16T23:24:54.958563+00:00
1724,1765927494.979504,2025-12-16T23:24:54.979510+00:00
1725,1765927494.997531,2025-12-16T23:24:54.997534+00:00
1726,1765927495.0178401,2025-12-16T23:24:55.017845+00:00
1727,1765927495.036882,2025-12-16T23:24:55.036888+00:00
1728,1765927495.057184,2025-12-16T23:24:55.057187+00:00
1729,1765927495.0774999,2025-12-16T23:24:55.077505+00:00
1730,1765927495.094487,2025-12-16T23:24:55.094497+00:00
1731,1765927495.1136901,2025-12-16T23:24:55.113715+00:00
1732,1765927495.134614,2025-12-16T23:24:55.134619+00:00
1733,1765927495.155309,2025-12-16T23:24:55.155310+00:00
1734,1765927495.173543,2025-12-16T23:24:55.173544+00:00
1735,1765927495.190876,2025-12-16T23:24:55.190878+00:00
1736,1765927495.211763,2025-12-16T23:24:55.211766+00:00
1737,1765927495.2308679,2025-12-16T23:24:55.230869+00:00
1738,1765927495.251737,2025-12-16T23:24:55.251739+00:00
1739,1765927495.272612,2025-12-16T23:24:55.272614+00:00
1740,1765927495.291449,2025-12-16T23:24:55.291450+00:00
1741,1765927495.308167,2025-12-16T23:24:55.308171+00:00
1742,1765927495.326081,2025-12-16T23:24:55.326084+00:00
1743,1765927495.345641,2025-12-16T23:24:55.345656+00:00
1744,1765927495.365421,2025-12-16T23:24:55.365423+00:00
1745,1765927495.3862982,2025-12-16T23:24:55.386302+00:00
1746,1765927495.406585,2025-12-16T23:24:55.406590+00:00
1747,1765927495.4243882,2025-12-16T23:24:55.424393+00:00
1748,1765927495.441487,2025-12-16T23:24:55.441487+00:00
1749,1765927495.4605708,2025-12-16T23:24:55.460574+00:00
1750,1765927495.481266,2025-12-16T23:24:55.481270+00:00
1751,1765927495.499871,2025-12-16T23:24:55.499874+00:00
1752,1765927495.520746,2025-12-16T23:24:55.520750+00:00
1753,1765927495.541625,2025-12-16T23:24:55.541628+00:00
1754,1765927495.562367,2025-12-16T23:24:55.562373+00:00
1755,1765927495.580341,2025-12-16T23:24:55.580354+00:00
1756,1765927495.601312,2025-12-16T23:24:55.601317+00:00
1757,1765927495.620735,2025-12-16T23:24:55.620737+00:00
1758,1765927495.639143,2025-12-16T23:24:55.639145+00:00
1759,1765927495.656548,2025-12-16T23:24:55.656552+00:00
1760,1765927495.677451,2025-12-16T23:24:55.677454+00:00
1761,1765927495.6983218,2025-12-16T23:24:55.698324+00:00
1762,1765927495.717092,2025-12-16T23:24:55.717094+00:00
1763,1765927495.7379751,2025-12-16T23:24:55.737978+00:00
1764,1765927495.7554,2025-12-16T23:24:55.755401+00:00
1765,1765927495.7762759,2025-12-16T23:24:55.776279+00:00
1766,1765927495.795941,2025-12-16T23:24:55.795951+00:00
1767,1765927495.813438,2025-12-16T23:24:55.813439+00:00
1768,1765927495.833214,2025-12-16T23:24:55.833217+00:00
1769,1765927495.8541162,2025-12-16T23:24:55.854119+00:00
1770,1765927495.8750029,2025-12-16T23:24:55.875005+00:00
1771,1765927495.891875,2025-12-16T23:24:55.891879+00:00
1772,1765927495.9127629,2025-12-16T23:24:55.912766+00:00
1773,1765927495.933631,2025-12-16T23:24:55.933631+00:00
1774,1765927495.954477,2025-12-16T23:24:55.954478+00:00
1775,1765927495.9720252,2025-12-16T23:24:55.972026+00:00
1776,1765927495.989262,2025-12-16T23:24:55.989263+00:00
1777,1765927496.006262,2025-12-16T23:24:56.006266+00:00
1778,1765927496.0229812,2025-12-16T23:24:56.022992+00:00
1779,1765927496.042548,2025-12-16T23:24:56.042556+00:00
1780,1765927496.063463,2025-12-16T23:24:56.063464+00:00
1781,1765927496.080339,2025-12-16T23:24:56.080345+00:00
1782,1765927496.101221,2025-12-16T23:24:56.101222+00:00
1783,1765927496.122036,2025-12-16T23:24:56.122040+00:00
1784,1765927496.142949,2025-12-16T23:24:56.142952+00:00
1785,1765927496.1615942,2025-12-16T23:24:56.161596+00:00
1786,1765927496.181945,2025-12-16T23:24:56.181950+00:00
1787,1765927496.2028658,2025-12-16T23:24:56.202871+00:00
1788,1765927496.2237592,2025-12-16T23:24:56.223761+00:00
1789,1765927496.241457,2025-12-16T23:24:56.241459+00:00
1790,1765927496.262317,2025-12-16T23:24:56.262322+00:00
1791,1765927496.280906,2025-12-16T23:24:56.280908+00:00
1792,1765927496.3017778,2025-12-16T23:24:56.301781+00:00
1793,1765927496.320689,2025-12-16T23:24:56.320690+00:00
1794,1765927496.338536,2025-12-16T23:24:56.338537+00:00
1795,1765927496.359387,2025-12-16T23:24:56.359388+00:00
1796,1765927496.380169,2025-12-16T23:24:56.380170+00:00
1797,1765927496.399277,2025-12-16T23:24:56.399288+00:00
1798,1765927496.419266,2025-12-16T23:24:56.419268+00:00
1799,1765927496.437983,2025-12-16T23:24:56.437989+00:00
1800,1765927496.455743,2025-12-16T23:24:56.455753+00:00
1801,1765927496.472498,2025-12-16T23:24:56.472503+00:00
1802,1765927496.4934132,2025-12-16T23:24:56.493424+00:00
1803,1765927496.512692,2025-12-16T23:24:56.512702+00:00
1804,1765927496.530358,2025-12-16T23:24:56.530362+00:00
1805,1765927496.551245,2025-12-16T23:24:56.551250+00:00
1806,1765927496.572149,2025-12-16T23:24:56.572154+00:00
1807,1765927496.591388,2025-12-16T23:24:56.591391+00:00
1808,1765927496.612258,2025-12-16T23:24:56.612261+00:00
1809,1765927496.63083,2025-12-16T23:24:56.630832+00:00
1810,1765927496.6517088,2025-12-16T23:24:56.651713+00:00
1811,1765927496.6718981,2025-12-16T23:24:56.671900+00:00
1812,1765927496.6886048,2025-12-16T23:24:56.688606+00:00
1813,1765927496.705395,2025-12-16T23:24:56.705399+00:00
1814,1765927496.72417,2025-12-16T23:24:56.724174+00:00
1815,1765927496.743962,2025-12-16T23:24:56.743967+00:00
1816,1765927496.763322,2025-12-16T23:24:56.763323+00:00
1817,1765927496.78038,2025-12-16T23:24:56.780381+00:00
1818,1765927496.80124,2025-12-16T23:24:56.801244+00:00
1819,1765927496.822122,2025-12-16T23:24:56.822125+00:00
1820,1765927496.8430452,2025-12-16T23:24:56.843050+00:00
1821,1765927496.8639271,2025-12-16T23:24:56.863929+00:00
1822,1765927496.8824608,2025-12-16T23:24:56.882471+00:00
1823,1765927496.903082,2025-12-16T23:24:56.903084+00:00
1824,1765927496.9239502,2025-12-16T23:24:56.923951+00:00
1825,1765927496.943049,2025-12-16T23:24:56.943054+00:00
1826,1765927496.963604,2025-12-16T23:24:56.963606+00:00
1827,1765927496.980423,2025-12-16T23:24:56.980424+00:00
1828,1765927497.0012732,2025-12-16T23:24:57.001273+00:00
1829,1765927497.0221372,2025-12-16T23:24:57.022142+00:00
1830,1765927497.0430348,2025-12-16T23:24:57.043039+00:00
1831,1765927497.062901,2025-12-16T23:24:57.062906+00:00
1832,1765927497.083225,2025-12-16T23:24:57.083228+00:00
1833,1765927497.101311,2025-12-16T23:24:57.101314+00:00
1834,1765927497.120724,2025-12-16T23:24:57.120726+00:00
1835,1765927497.140318,2025-12-16T23:24:57.140320+00:00
1836,1765927497.158738,2025-12-16T23:24:57.158742+00:00
1837,1765927497.1772149,2025-12-16T23:24:57.177217+00:00
1838,1765927497.196526,2025-12-16T23:24:57.196528+00:00
1839,1765927497.2165508,2025-12-16T23:24:57.216552+00:00
1840,1765927497.2370381,2025-12-16T23:24:57.237043+00:00
1841,1765927497.25731,2025-12-16T23:24:57.257313+00:00
1842,1765927497.2781749,2025-12-16T23:24:57.278178+00:00
1843,1765927497.2990599,2025-12-16T23:24:57.299064+00:00
1844,1765927497.319962,2025-12-16T23:24:57.319966+00:00
1845,1765927497.3385768,2025-12-16T23:24:57.338581+00:00
1846,1765927497.359468,2025-12-16T23:24:57.359473+00:00
1847,1765927497.377867,2025-12-16T23:24:57.377886+00:00
1848,1765927497.3987541,2025-12-16T23:24:57.398758+00:00
1849,1765927497.416972,2025-12-16T23:24:57.416974+00:00
1850,1765927497.434183,2025-12-16T23:24:57.434184+00:00
1851,1765927497.451395,2025-12-16T23:24:57.451397+00:00
1852,1765927497.4715142,2025-12-16T23:24:57.471520+00:00
1853,1765927497.505493,2025-12-16T23:24:57.505498+00:00
1854,1765927497.541374,2025-12-16T23:24:57.541379+00:00
1855,1765927497.569281,2025-12-16T23:24:57.569287+00:00
1856,1765927497.61134,2025-12-16T23:24:57.611346+00:00
1857,1765927497.634037,2025-12-16T23:24:57.634042+00:00
1858,1765927497.6750379,2025-12-16T23:24:57.675044+00:00
1859,1765927497.703189,2025-12-16T23:24:57.703195+00:00
1860,1765927497.773292,2025-12-16T23:24:57.773297+00:00
1861,1765927497.794498,2025-12-16T23:24:57.803054+00:00
1862,1765927497.822707,2025-12-16T23:24:57.822711+00:00
1863,1765927497.843572,2025-12-16T23:24:57.843576+00:00
1864,1765927497.863425,2025-12-16T23:24:57.863430+00:00
1865,1765927497.8802109,2025-12-16T23:24:57.880260+00:00
1866,1765927497.899839,2025-12-16T23:24:57.899843+00:00
1867,1765927497.916652,2025-12-16T23:24:57.916657+00:00
1868,1765927497.937564,2025-12-16T23:24:57.937571+00:00
1869,1765927497.95825,2025-12-16T23:24:57.958255+00:00
1870,1765927497.979136,2025-12-16T23:24:57.979145+00:00
1871,1765927498.000064,2025-12-16T23:24:58.000069+00:00
1872,1765927498.017913,2025-12-16T23:24:58.017916+00:00
1873,1765927498.0352042,2025-12-16T23:24:58.035207+00:00
1874,1765927498.054807,2025-12-16T23:24:58.054813+00:00
1875,1765927498.074028,2025-12-16T23:24:58.074042+00:00
1876,1765927498.09457,2025-12-16T23:24:58.094573+00:00
1877,1765927498.113965,2025-12-16T23:24:58.113967+00:00
1878,1765927498.1319308,2025-12-16T23:24:58.131932+00:00
1879,1765927498.151775,2025-12-16T23:24:58.151780+00:00
1880,1765927498.1726668,2025-12-16T23:24:58.172671+00:00
1881,1765927498.1935601,2025-12-16T23:24:58.193567+00:00
1882,1765927498.213289,2025-12-16T23:24:58.213293+00:00
1883,1765927498.230752,2025-12-16T23:24:58.230757+00:00
1884,1765927498.251638,2025-12-16T23:24:58.251642+00:00
1885,1765927498.272506,2025-12-16T23:24:58.272518+00:00
1886,1765927498.2909708,2025-12-16T23:24:58.290976+00:00
1887,1765927498.30824,2025-12-16T23:24:58.308244+00:00
1888,1765927498.32885,2025-12-16T23:24:58.328855+00:00
1889,1765927498.34977,2025-12-16T23:24:58.349776+00:00
1890,1765927498.36721,2025-12-16T23:24:58.367215+00:00
1891,1765927498.3880908,2025-12-16T23:24:58.388096+00:00
1892,1765927498.409024,2025-12-16T23:24:58.409034+00:00
1893,1765927498.4299378,2025-12-16T23:24:58.429939+00:00
1894,1765927498.448695,2025-12-16T23:24:58.448697+00:00
1895,1765927498.475883,2025-12-16T23:24:58.475886+00:00
1896,1765927498.5015879,2025-12-16T23:24:58.501592+00:00
1897,1765927498.518684,2025-12-16T23:24:58.518817+00:00
1898,1765927498.5388281,2025-12-16T23:24:58.538836+00:00
1899,1765927498.5560498,2025-12-16T23:24:58.556054+00:00
1900,1765927498.575546,2025-12-16T23:24:58.575552+00:00
1901,1765927498.594028,2025-12-16T23:24:58.594092+00:00
1902,1765927498.632246,2025-12-16T23:24:58.632268+00:00
1903,1765927498.652707,2025-12-16T23:24:58.652711+00:00
1904,1765927498.6936908,2025-12-16T23:24:58.693696+00:00
1905,1765927498.7143161,2025-12-16T23:24:58.714320+00:00
1906,1765927498.735195,2025-12-16T23:24:58.735199+00:00
1907,1765927498.752108,2025-12-16T23:24:58.752111+00:00
1908,1765927498.7722318,2025-12-16T23:24:58.772236+00:00
1909,1765927498.7909818,2025-12-16T23:24:58.790987+00:00
1910,1765927498.811071,2025-12-16T23:24:58.811074+00:00
1911,1765927498.8319418,2025-12-16T23:24:58.831945+00:00
1912,1765927498.868321,2025-12-16T23:24:58.868325+00:00
1913,1765927498.9054332,2025-12-16T23:24:58.905437+00:00
1914,1765927498.926486,2025-12-16T23:24:58.926491+00:00
1915,1765927498.95385,2025-12-16T23:24:58.953855+00:00
1916,1765927498.973912,2025-12-16T23:24:58.973935+00:00
1917,1765927498.997379,2025-12-16T23:24:58.997538+00:00
1918,1765927499.018414,2025-12-16T23:24:59.018416+00:00
1919,1765927499.038781,2025-12-16T23:24:59.038785+00:00
1920,1765927499.056733,2025-12-16T23:24:59.056737+00:00
1921,1765927499.094218,2025-12-16T23:24:59.094235+00:00
1922,1765927499.113972,2025-12-16T23:24:59.113978+00:00
1923,1765927499.133399,2025-12-16T23:24:59.133405+00:00
1924,1765927499.151222,2025-12-16T23:24:59.151226+00:00
1925,1765927499.171304,2025-12-16T23:24:59.171308+00:00
1926,1765927499.1890938,2025-12-16T23:24:59.189099+00:00
1927,1765927499.206665,2025-12-16T23:24:59.206680+00:00
1928,1765927499.224542,2025-12-16T23:24:59.224547+00:00
1929,1765927499.245259,2025-12-16T23:24:59.245264+00:00
1930,1765927499.26394,2025-12-16T23:24:59.263949+00:00
1931,1765927499.28384,2025-12-16T23:24:59.283854+00:00
1932,1765927499.305058,2025-12-16T23:24:59.305062+00:00
1933,1765927499.322176,2025-12-16T23:24:59.322190+00:00
1934,1765927499.341577,2025-12-16T23:24:59.341582+00:00
1935,1765927499.3624902,2025-12-16T23:24:59.362497+00:00
1936,1765927499.381582,2025-12-16T23:24:59.381588+00:00
1937,1765927499.400822,2025-12-16T23:24:59.400826+00:00
1938,1765927499.4217,2025-12-16T23:24:59.421705+00:00
1939,1765927499.440192,2025-12-16T23:24:59.440196+00:00
1940,1765927499.4573371,2025-12-16T23:24:59.457341+00:00
1941,1765927499.481833,2025-12-16T23:24:59.481933+00:00
1942,1765927499.503351,2025-12-16T23:24:59.503357+00:00
1943,1765927499.5215511,2025-12-16T23:24:59.521566+00:00
1944,1765927499.538788,2025-12-16T23:24:59.538794+00:00
1945,1765927499.5593011,2025-12-16T23:24:59.559306+00:00
1946,1765927499.5802119,2025-12-16T23:24:59.580216+00:00
1947,1765927499.6011221,2025-12-16T23:24:59.601135+00:00
1948,1765927499.622057,2025-12-16T23:24:59.622066+00:00
1949,1765927499.642975,2025-12-16T23:24:59.642978+00:00
1950,1765927499.663661,2025-12-16T23:24:59.663665+00:00
1951,1765927499.680491,2025-12-16T23:24:59.680496+00:00
1952,1765927499.701371,2025-12-16T23:24:59.701377+00:00
1953,1765927499.721618,2025-12-16T23:24:59.721627+00:00
1954,1765927499.738587,2025-12-16T23:24:59.738590+00:00
1955,1765927499.759166,2025-12-16T23:24:59.759173+00:00
1956,1765927499.780088,2025-12-16T23:24:59.780092+00:00
1957,1765927499.796888,2025-12-16T23:24:59.796893+00:00
1958,1765927499.8173451,2025-12-16T23:24:59.817351+00:00
1959,1765927499.838235,2025-12-16T23:24:59.838237+00:00
1960,1765927499.85538,2025-12-16T23:24:59.855386+00:00
1961,1765927499.8762612,2025-12-16T23:24:59.876263+00:00
1962,1765927499.897119,2025-12-16T23:24:59.897120+00:00
1963,1765927499.9179718,2025-12-16T23:24:59.917973+00:00
1964,1765927499.938825,2025-12-16T23:24:59.938826+00:00
1965,1765927499.9590762,2025-12-16T23:24:59.959080+00:00
1966,1765927499.980324,2025-12-16T23:24:59.980346+00:00
1967,1765927499.9992619,2025-12-16T23:24:59.999267+00:00
1968,1765927500.017408,2025-12-16T23:25:00.017411+00:00
1969,1765927500.0371358,2025-12-16T23:25:00.037141+00:00
1970,1765927500.054694,2025-12-16T23:25:00.054698+00:00
1971,1765927500.073313,2025-12-16T23:25:00.073316+00:00
1972,1765927500.094196,2025-12-16T23:25:00.094200+00:00
1973,1765927500.112328,2025-12-16T23:25:00.112338+00:00
1974,1765927500.1305861,2025-12-16T23:25:00.130588+00:00
1975,1765927500.147388,2025-12-16T23:25:00.147394+00:00
1976,1765927500.167336,2025-12-16T23:25:00.167339+00:00
1977,1765927500.1879392,2025-12-16T23:25:00.187943+00:00
1978,1765927500.20815,2025-12-16T23:25:00.208152+00:00
1979,1765927500.229024,2025-12-16T23:25:00.229025+00:00
1980,1765927500.249897,2025-12-16T23:25:00.249903+00:00
1981,1765927500.270595,2025-12-16T23:25:00.270596+00:00
1982,1765927500.289623,2025-12-16T23:25:00.289624+00:00
1983,1765927500.308481,2025-12-16T23:25:00.308484+00:00
1984,1765927500.3269901,2025-12-16T23:25:00.326992+00:00
1985,1765927500.3471732,2025-12-16T23:25:00.347177+00:00
1986,1765927500.365278,2025-12-16T23:25:00.365280+00:00
1987,1765927500.383486,2025-12-16T23:25:00.383488+00:00
1988,1765927500.401927,2025-12-16T23:25:00.401928+00:00
1989,1765927500.421207,2025-12-16T23:25:00.421208+00:00
1990,1765927500.438841,2025-12-16T23:25:00.438842+00:00
1991,1765927500.458747,2025-12-16T23:25:00.458751+00:00
1992,1765927500.475693,2025-12-16T23:25:00.475709+00:00
1993,1765927500.496615,2025-12-16T23:25:00.496620+00:00
1994,1765927500.5175529,2025-12-16T23:25:00.517558+00:00
1995,1765927500.5384839,2025-12-16T23:25:00.538488+00:00
1996,1765927500.559353,2025-12-16T23:25:00.559355+00:00
1997,1765927500.576902,2025-12-16T23:25:00.576906+00:00
1998,1765927500.6104589,2025-12-16T23:25:00.610464+00:00
1999,1765927500.6390169,2025-12-16T23:25:00.639021+00:00
2000,1765927500.670048,2025-12-16T23:25:00.670052+00:00
2001,1765927500.689863,2025-12-16T23:25:00.689867+00:00
2002,1765927500.710793,2025-12-16T23:25:00.710796+00:00
2003,1765927500.7303512,2025-12-16T23:25:00.730356+00:00
2004,1765927500.750656,2025-12-16T23:25:00.750660+00:00
2005,1765927500.7715409,2025-12-16T23:25:00.771544+00:00
2006,1765927500.792416,2025-12-16T23:25:00.792420+00:00
2007,1765927500.809184,2025-12-16T23:25:00.809188+00:00
2008,1765927500.8267798,2025-12-16T23:25:00.826785+00:00
2009,1765927500.8476748,2025-12-16T23:25:00.847680+00:00
2010,1765927500.8650188,2025-12-16T23:25:00.865022+00:00
2011,1765927500.882263,2025-12-16T23:25:00.882268+00:00
2012,1765927500.902577,2025-12-16T23:25:00.902579+00:00
2013,1765927500.922924,2025-12-16T23:25:00.922925+00:00
2014,1765927500.940253,2025-12-16T23:25:00.940255+00:00
2015,1765927500.9608681,2025-12-16T23:25:00.960871+00:00
2016,1765927500.978278,2025-12-16T23:25:00.978283+00:00
2017,1765927500.9964318,2025-12-16T23:25:00.996437+00:00
2018,1765927501.018048,2025-12-16T23:25:01.018165+00:00
2019,1765927501.035823,2025-12-16T23:25:01.035827+00:00
2020,1765927501.053874,2025-12-16T23:25:01.053878+00:00
2021,1765927501.0726569,2025-12-16T23:25:01.072671+00:00
2022,1765927501.093552,2025-12-16T23:25:01.093557+00:00
2023,1765927501.112712,2025-12-16T23:25:01.112723+00:00
2024,1765927501.130353,2025-12-16T23:25:01.130357+00:00
2025,1765927501.15127,2025-12-16T23:25:01.151281+00:00
2026,1765927501.172203,2025-12-16T23:25:01.172208+00:00
2027,1765927501.193086,2025-12-16T23:25:01.193089+00:00
2028,1765927501.212915,2025-12-16T23:25:01.212918+00:00
2029,1765927501.230348,2025-12-16T23:25:01.230353+00:00
2030,1765927501.251234,2025-12-16T23:25:01.251239+00:00
2031,1765927501.272137,2025-12-16T23:25:01.272140+00:00
2032,1765927501.292872,2025-12-16T23:25:01.292876+00:00
2033,1765927501.3128908,2025-12-16T23:25:01.312892+00:00
2034,1765927501.333764,2025-12-16T23:25:01.333769+00:00
2035,1765927501.3531961,2025-12-16T23:25:01.353199+00:00
2036,1765927501.371596,2025-12-16T23:25:01.371613+00:00
2037,1765927501.390294,2025-12-16T23:25:01.390296+00:00
2038,1765927501.411149,2025-12-16T23:25:01.411152+00:00
2039,1765927501.430964,2025-12-16T23:25:01.430968+00:00
2040,1765927501.448469,2025-12-16T23:25:01.448472+00:00
2041,1765927501.470834,2025-12-16T23:25:01.470838+00:00
2042,1765927501.491829,2025-12-16T23:25:01.491836+00:00
2043,1765927501.512783,2025-12-16T23:25:01.512786+00:00
2044,1765927501.5301938,2025-12-16T23:25:01.530199+00:00
2045,1765927501.551098,2025-12-16T23:25:01.551101+00:00
2046,1765927501.568448,2025-12-16T23:25:01.568453+00:00
2047,1765927501.589335,2025-12-16T23:25:01.589337+00:00
2048,1765927501.611186,2025-12-16T23:25:01.611189+00:00
2049,1765927501.631992,2025-12-16T23:25:01.631998+00:00
2050,1765927501.650958,2025-12-16T23:25:01.650963+00:00
2051,1765927501.669683,2025-12-16T23:25:01.669688+00:00
2052,1765927501.690609,2025-12-16T23:25:01.690611+00:00
2053,1765927501.7115011,2025-12-16T23:25:01.711506+00:00
2054,1765927501.731798,2025-12-16T23:25:01.731804+00:00
2055,1765927501.7528892,2025-12-16T23:25:01.752895+00:00
2056,1765927501.772362,2025-12-16T23:25:01.772363+00:00
2057,1765927501.7898052,2025-12-16T23:25:01.789808+00:00
2058,1765927501.810692,2025-12-16T23:25:01.810695+00:00
2059,1765927501.830168,2025-12-16T23:25:01.830172+00:00
2060,1765927501.850435,2025-12-16T23:25:01.850440+00:00
2061,1765927501.867285,2025-12-16T23:25:01.867289+00:00
2062,1765927501.888223,2025-12-16T23:25:01.888228+00:00
2063,1765927501.906463,2025-12-16T23:25:01.906466+00:00
2064,1765927501.925994,2025-12-16T23:25:01.925995+00:00
2065,1765927501.942749,2025-12-16T23:25:01.942753+00:00
2066,1765927501.963645,2025-12-16T23:25:01.963648+00:00
2067,1765927501.982341,2025-12-16T23:25:01.982345+00:00
2068,1765927501.9993138,2025-12-16T23:25:01.999328+00:00
2069,1765927502.0196748,2025-12-16T23:25:02.019678+00:00
2070,1765927502.038591,2025-12-16T23:25:02.038592+00:00
2071,1765927502.0560992,2025-12-16T23:25:02.056102+00:00
2072,1765927502.077009,2025-12-16T23:25:02.077010+00:00
2073,1765927502.094089,2025-12-16T23:25:02.094094+00:00
2074,1765927502.114982,2025-12-16T23:25:02.114984+00:00
2075,1765927502.1358578,2025-12-16T23:25:02.135864+00:00
2076,1765927502.154447,2025-12-16T23:25:02.154460+00:00
2077,1765927502.17536,2025-12-16T23:25:02.175365+00:00
2078,1765927502.196267,2025-12-16T23:25:02.196269+00:00
2079,1765927502.213399,2025-12-16T23:25:02.213410+00:00
2080,1765927502.230762,2025-12-16T23:25:02.230771+00:00
2081,1765927502.251622,2025-12-16T23:25:02.251623+00:00
2082,1765927502.271977,2025-12-16T23:25:02.271979+00:00
2083,1765927502.2890198,2025-12-16T23:25:02.289021+00:00
2084,1765927502.309878,2025-12-16T23:25:02.309880+00:00
2085,1765927502.3307588,2025-12-16T23:25:02.330761+00:00
2086,1765927502.3497238,2025-12-16T23:25:02.349726+00:00
2087,1765927502.369994,2025-12-16T23:25:02.369994+00:00
2088,1765927502.387917,2025-12-16T23:25:02.387921+00:00
2089,1765927502.4069061,2025-12-16T23:25:02.406910+00:00
2090,1765927502.4248068,2025-12-16T23:25:02.424808+00:00
2091,1765927502.445672,2025-12-16T23:25:02.445674+00:00
2092,1765927502.466526,2025-12-16T23:25:02.466528+00:00
2093,1765927502.485852,2025-12-16T23:25:02.485857+00:00
2094,1765927502.50518,2025-12-16T23:25:02.505181+00:00
2095,1765927502.524524,2025-12-16T23:25:02.524524+00:00
2096,1765927502.544832,2025-12-16T23:25:02.544833+00:00
2097,1765927502.565695,2025-12-16T23:25:02.565696+00:00
2098,1765927502.586564,2025-12-16T23:25:02.586567+00:00
2099,1765927502.607358,2025-12-16T23:25:02.607363+00:00
2100,1765927502.627916,2025-12-16T23:25:02.627916+00:00
2101,1765927502.645812,2025-12-16T23:25:02.645815+00:00
2102,1765927502.664791,2025-12-16T23:25:02.664796+00:00
2103,1765927502.683149,2025-12-16T23:25:02.683152+00:00
2104,1765927502.702506,2025-12-16T23:25:02.702510+00:00
2105,1765927502.722334,2025-12-16T23:25:02.722335+00:00
2106,1765927502.74193,2025-12-16T23:25:02.741936+00:00
2107,1765927502.7604501,2025-12-16T23:25:02.760453+00:00
2108,1765927502.7801821,2025-12-16T23:25:02.780186+00:00
2109,1765927502.801089,2025-12-16T23:25:02.801093+00:00
2110,1765927502.818927,2025-12-16T23:25:02.818929+00:00
2111,1765927502.839508,2025-12-16T23:25:02.839509+00:00
2112,1765927502.858853,2025-12-16T23:25:02.858854+00:00
2113,1765927502.8770812,2025-12-16T23:25:02.877086+00:00
2114,1765927502.897974,2025-12-16T23:25:02.897976+00:00
2115,1765927502.9188428,2025-12-16T23:25:02.918843+00:00
2116,1765927502.936484,2025-12-16T23:25:02.936488+00:00
2117,1765927502.957375,2025-12-16T23:25:02.957375+00:00
2118,1765927502.978224,2025-12-16T23:25:02.978226+00:00
2119,1765927502.999089,2025-12-16T23:25:02.999090+00:00
2120,1765927503.0195122,2025-12-16T23:25:03.019512+00:00
2121,1765927503.037792,2025-12-16T23:25:03.037794+00:00
2122,1765927503.054888,2025-12-16T23:25:03.054891+00:00
2123,1765927503.075756,2025-12-16T23:25:03.075758+00:00
2124,1765927503.096622,2025-12-16T23:25:03.096625+00:00
2125,1765927503.1160269,2025-12-16T23:25:03.116031+00:00
2126,1765927503.1369212,2025-12-16T23:25:03.136922+00:00
2127,1765927503.155189,2025-12-16T23:25:03.155193+00:00
2128,1765927503.173785,2025-12-16T23:25:03.173788+00:00
2129,1765927503.1946828,2025-12-16T23:25:03.194685+00:00
2130,1765927503.215564,2025-12-16T23:25:03.215565+00:00
2131,1765927503.2324648,2025-12-16T23:25:03.232466+00:00
2132,1765927503.253323,2025-12-16T23:25:03.253326+00:00
2133,1765927503.2723432,2025-12-16T23:25:03.272348+00:00
2134,1765927503.289831,2025-12-16T23:25:03.289835+00:00
2135,1765927503.310685,2025-12-16T23:25:03.310693+00:00
2136,1765927503.330351,2025-12-16T23:25:03.330366+00:00
2137,1765927503.350809,2025-12-16T23:25:03.350810+00:00
2138,1765927503.371341,2025-12-16T23:25:03.371346+00:00
2139,1765927503.3885849,2025-12-16T23:25:03.388585+00:00
2140,1765927503.4094331,2025-12-16T23:25:03.409433+00:00
2141,1765927503.4302468,2025-12-16T23:25:03.430248+00:00
2142,1765927503.448948,2025-12-16T23:25:03.448949+00:00
2143,1765927503.469814,2025-12-16T23:25:03.469819+00:00
2144,1765927503.49034,2025-12-16T23:25:03.490345+00:00
2145,1765927503.5074592,2025-12-16T23:25:03.507463+00:00
2146,1765927503.527045,2025-12-16T23:25:03.527048+00:00
2147,1765927503.547447,2025-12-16T23:25:03.547447+00:00
2148,1765927503.567363,2025-12-16T23:25:03.567364+00:00
2149,1765927503.585653,2025-12-16T23:25:03.585656+00:00
2150,1765927503.606555,2025-12-16T23:25:03.606559+00:00
2151,1765927503.6253371,2025-12-16T23:25:03.625341+00:00
2152,1765927503.64381,2025-12-16T23:25:03.643815+00:00
2153,1765927503.664714,2025-12-16T23:25:03.664722+00:00
2154,1765927503.685098,2025-12-16T23:25:03.685104+00:00
2155,1765927503.705761,2025-12-16T23:25:03.705764+00:00
2156,1765927503.726492,2025-12-16T23:25:03.726494+00:00
2157,1765927503.7468648,2025-12-16T23:25:03.746866+00:00
2158,1765927503.766558,2025-12-16T23:25:03.766562+00:00
2159,1765927503.787489,2025-12-16T23:25:03.787490+00:00
2160,1765927503.805265,2025-12-16T23:25:03.805270+00:00
2161,1765927503.8220239,2025-12-16T23:25:03.822027+00:00
2162,1765927503.842898,2025-12-16T23:25:03.842901+00:00
2163,1765927503.8638191,2025-12-16T23:25:03.863822+00:00
2164,1765927503.881152,2025-12-16T23:25:03.881157+00:00
2165,1765927503.898386,2025-12-16T23:25:03.898389+00:00
2166,1765927503.917705,2025-12-16T23:25:03.917708+00:00
2167,1765927503.938443,2025-12-16T23:25:03.938446+00:00
2168,1765927503.9586308,2025-12-16T23:25:03.958633+00:00
2169,1765927503.979265,2025-12-16T23:25:03.979268+00:00
2170,1765927503.998516,2025-12-16T23:25:03.998524+00:00
2171,1765927504.01934,2025-12-16T23:25:04.019343+00:00
2172,1765927504.0386078,2025-12-16T23:25:04.038609+00:00
2173,1765927504.059466,2025-12-16T23:25:04.059468+00:00
2174,1765927504.08032,2025-12-16T23:25:04.080321+00:00
2175,1765927504.1011798,2025-12-16T23:25:04.101184+00:00
2176,1765927504.1221418,2025-12-16T23:25:04.122144+00:00
2177,1765927504.141602,2025-12-16T23:25:04.141603+00:00
2178,1765927504.162464,2025-12-16T23:25:04.162469+00:00
2179,1765927504.1806989,2025-12-16T23:25:04.180701+00:00
2180,1765927504.201581,2025-12-16T23:25:04.201585+00:00
2181,1765927504.220286,2025-12-16T23:25:04.220287+00:00
2182,1765927504.239022,2025-12-16T23:25:04.239022+00:00
2183,1765927504.2598789,2025-12-16T23:25:04.259881+00:00
2184,1765927504.2803478,2025-12-16T23:25:04.280352+00:00
2185,1765927504.302508,2025-12-16T23:25:04.302512+00:00
2186,1765927504.323416,2025-12-16T23:25:04.323421+00:00
2187,1765927504.3426712,2025-12-16T23:25:04.342674+00:00
2188,1765927504.363298,2025-12-16T23:25:04.363299+00:00
2189,1765927504.384162,2025-12-16T23:25:04.384164+00:00
2190,1765927504.405036,2025-12-16T23:25:04.405038+00:00
2191,1765927504.425897,2025-12-16T23:25:04.425897+00:00
2192,1765927504.4467509,2025-12-16T23:25:04.446755+00:00
2193,1765927504.466053,2025-12-16T23:25:04.466059+00:00
2194,1765927504.482829,2025-12-16T23:25:04.482833+00:00
2195,1765927504.503701,2025-12-16T23:25:04.503703+00:00
2196,1765927504.5220008,2025-12-16T23:25:04.522002+00:00
2197,1765927504.542884,2025-12-16T23:25:04.542886+00:00
2198,1765927504.563573,2025-12-16T23:25:04.563575+00:00
2199,1765927504.5828109,2025-12-16T23:25:04.582815+00:00
2200,1765927504.6036968,2025-12-16T23:25:04.603698+00:00
2201,1765927504.620589,2025-12-16T23:25:04.620589+00:00
2202,1765927504.638489,2025-12-16T23:25:04.638490+00:00
2203,1765927504.657624,2025-12-16T23:25:04.657627+00:00
2204,1765927504.678509,2025-12-16T23:25:04.678514+00:00
2205,1765927504.699403,2025-12-16T23:25:04.699406+00:00
2206,1765927504.719821,2025-12-16T23:25:04.719824+00:00
2207,1765927504.738631,2025-12-16T23:25:04.738634+00:00
2208,1765927504.757219,2025-12-16T23:25:04.757224+00:00
2209,1765927504.775326,2025-12-16T23:25:04.775328+00:00
2210,1765927504.79508,2025-12-16T23:25:04.795083+00:00
2211,1765927504.813499,2025-12-16T23:25:04.813501+00:00
2212,1765927504.834364,2025-12-16T23:25:04.834367+00:00
2213,1765927504.8540218,2025-12-16T23:25:04.854026+00:00
2214,1765927504.8749068,2025-12-16T23:25:04.874909+00:00
2215,1765927504.895773,2025-12-16T23:25:04.895774+00:00
2216,1765927504.914044,2025-12-16T23:25:04.914045+00:00
2217,1765927504.9348962,2025-12-16T23:25:04.934896+00:00
2218,1765927504.9547021,2025-12-16T23:25:04.954706+00:00
2219,1765927504.974559,2025-12-16T23:25:04.974565+00:00
2220,1765927504.993181,2025-12-16T23:25:04.993184+00:00
2221,1765927505.013407,2025-12-16T23:25:05.013415+00:00
2222,1765927505.034347,2025-12-16T23:25:05.034353+00:00
2223,1765927505.055031,2025-12-16T23:25:05.055034+00:00
2224,1765927505.074006,2025-12-16T23:25:05.074011+00:00
2225,1765927505.094896,2025-12-16T23:25:05.094899+00:00
2226,1765927505.115773,2025-12-16T23:25:05.115775+00:00
2227,1765927505.1328619,2025-12-16T23:25:05.132863+00:00
2228,1765927505.15219,2025-12-16T23:25:05.152192+00:00
2229,1765927505.172402,2025-12-16T23:25:05.172406+00:00
2230,1765927505.193272,2025-12-16T23:25:05.193275+00:00
2231,1765927505.2136939,2025-12-16T23:25:05.213695+00:00
2232,1765927505.2306418,2025-12-16T23:25:05.230645+00:00
2233,1765927505.24863,2025-12-16T23:25:05.248631+00:00
2234,1765927505.265903,2025-12-16T23:25:05.265904+00:00
2235,1765927505.28443,2025-12-16T23:25:05.284431+00:00
2236,1765927505.305293,2025-12-16T23:25:05.305298+00:00
2237,1765927505.326244,2025-12-16T23:25:05.326246+00:00
2238,1765927505.346972,2025-12-16T23:25:05.346976+00:00
2239,1765927505.3662322,2025-12-16T23:25:05.366244+00:00
2240,1765927505.3851662,2025-12-16T23:25:05.385169+00:00
2241,1765927505.40528,2025-12-16T23:25:05.405281+00:00
2242,1765927505.4261272,2025-12-16T23:25:05.426127+00:00
2243,1765927505.446439,2025-12-16T23:25:05.446441+00:00
2244,1765927505.463613,2025-12-16T23:25:05.463615+00:00
2245,1765927505.4844859,2025-12-16T23:25:05.484489+00:00
2246,1765927505.5052328,2025-12-16T23:25:05.505234+00:00
2247,1765927505.526088,2025-12-16T23:25:05.526089+00:00
2248,1765927505.546957,2025-12-16T23:25:05.546961+00:00
2249,1765927505.567839,2025-12-16T23:25:05.567842+00:00
2250,1765927505.588724,2025-12-16T23:25:05.588733+00:00
2251,1765927505.6070452,2025-12-16T23:25:05.607049+00:00
2252,1765927505.6271648,2025-12-16T23:25:05.627232+00:00
2253,1765927505.6464791,2025-12-16T23:25:05.646481+00:00
2254,1765927505.667338,2025-12-16T23:25:05.667348+00:00
2255,1765927505.6870909,2025-12-16T23:25:05.687097+00:00
2256,1765927505.70523,2025-12-16T23:25:05.705241+00:00
2257,1765927505.726136,2025-12-16T23:25:05.726140+00:00
2258,1765927505.7452888,2025-12-16T23:25:05.745291+00:00
2259,1765927505.762346,2025-12-16T23:25:05.762348+00:00
2260,1765927505.783212,2025-12-16T23:25:05.783215+00:00
2261,1765927505.804086,2025-12-16T23:25:05.804087+00:00
2262,1765927505.821831,2025-12-16T23:25:05.821831+00:00
2263,1765927505.839607,2025-12-16T23:25:05.839611+00:00
2264,1765927505.858992,2025-12-16T23:25:05.858993+00:00
2265,1765927505.879863,2025-12-16T23:25:05.879865+00:00
2266,1765927505.897089,2025-12-16T23:25:05.897090+00:00
2267,1765927505.915911,2025-12-16T23:25:05.915913+00:00
2268,1765927505.932682,2025-12-16T23:25:05.932685+00:00
2269,1765927505.953548,2025-12-16T23:25:05.953549+00:00
2270,1765927505.97425,2025-12-16T23:25:05.974251+00:00
2271,1765927505.995832,2025-12-16T23:25:05.995833+00:00
2272,1765927506.016711,2025-12-16T23:25:06.016722+00:00
2273,1765927506.0374532,2025-12-16T23:25:06.037455+00:00
2274,1765927506.054364,2025-12-16T23:25:06.054365+00:00
2275,1765927506.071693,2025-12-16T23:25:06.071694+00:00
2276,1765927506.092586,2025-12-16T23:25:06.092590+00:00
2277,1765927506.110829,2025-12-16T23:25:06.110833+00:00
2278,1765927506.131712,2025-12-16T23:25:06.131714+00:00
2279,1765927506.149169,2025-12-16T23:25:06.149176+00:00
2280,1765927506.173397,2025-12-16T23:25:06.173402+00:00
2281,1765927506.1935601,2025-12-16T23:25:06.193566+00:00
2282,1765927506.2126,2025-12-16T23:25:06.212605+00:00
2283,1765927506.230301,2025-12-16T23:25:06.230304+00:00
2284,1765927506.2470222,2025-12-16T23:25:06.247027+00:00
2285,1765927506.265405,2025-12-16T23:25:06.265409+00:00
2286,1765927506.283486,2025-12-16T23:25:06.283491+00:00
2287,1765927506.3043818,2025-12-16T23:25:06.304385+00:00
2288,1765927506.322783,2025-12-16T23:25:06.322785+00:00
2289,1765927506.343667,2025-12-16T23:25:06.343673+00:00
2290,1765927506.361352,2025-12-16T23:25:06.361355+00:00
2291,1765927506.3803542,2025-12-16T23:25:06.380372+00:00
2292,1765927506.400725,2025-12-16T23:25:06.400726+00:00
2293,1765927506.4186199,2025-12-16T23:25:06.418625+00:00
2294,1765927506.437064,2025-12-16T23:25:06.437065+00:00
2295,1765927506.457922,2025-12-16T23:25:06.457925+00:00
2296,1765927506.47616,2025-12-16T23:25:06.476164+00:00
2297,1765927506.496487,2025-12-16T23:25:06.496489+00:00
2298,1765927506.517343,2025-12-16T23:25:06.517344+00:00
2299,1765927506.534522,2025-12-16T23:25:06.534523+00:00
2300,1765927506.555285,2025-12-16T23:25:06.555290+00:00
2301,1765927506.5724,2025-12-16T23:25:06.572403+00:00
2302,1765927506.593266,2025-12-16T23:25:06.593268+00:00
2303,1765927506.613539,2025-12-16T23:25:06.613545+00:00
2304,1765927506.6337101,2025-12-16T23:25:06.633714+00:00
2305,1765927506.652298,2025-12-16T23:25:06.652349+00:00
2306,1765927506.6732302,2025-12-16T23:25:06.673233+00:00
2307,1765927506.693413,2025-12-16T23:25:06.693417+00:00
2308,1765927506.713568,2025-12-16T23:25:06.713572+00:00
2309,1765927506.735154,2025-12-16T23:25:06.735157+00:00
2310,1765927506.755671,2025-12-16T23:25:06.755672+00:00
2311,1765927506.776429,2025-12-16T23:25:06.776433+00:00
2312,1765927506.796905,2025-12-16T23:25:06.796909+00:00
2313,1765927506.817785,2025-12-16T23:25:06.817789+00:00
2314,1765927506.838686,2025-12-16T23:25:06.838688+00:00
2315,1765927506.859482,2025-12-16T23:25:06.859483+00:00
2316,1765927506.880337,2025-12-16T23:25:06.880339+00:00
2317,1765927506.901207,2025-12-16T23:25:06.901210+00:00
2318,1765927506.91972,2025-12-16T23:25:06.919723+00:00
2319,1765927506.940616,2025-12-16T23:25:06.940618+00:00
2320,1765927506.962359,2025-12-16T23:25:06.962360+00:00
2321,1765927506.983222,2025-12-16T23:25:06.983226+00:00
2322,1765927507.00412,2025-12-16T23:25:07.004124+00:00
2323,1765927507.021248,2025-12-16T23:25:07.021268+00:00
2324,1765927507.03835,2025-12-16T23:25:07.038354+00:00
2325,1765927507.059299,2025-12-16T23:25:07.059303+00:00
2326,1765927507.077203,2025-12-16T23:25:07.077205+00:00
2327,1765927507.096701,2025-12-16T23:25:07.096706+00:00
2328,1765927507.116906,2025-12-16T23:25:07.116909+00:00
2329,1765927507.1377769,2025-12-16T23:25:07.137778+00:00
2330,1765927507.15806,2025-12-16T23:25:07.158060+00:00
2331,1765927507.1789281,2025-12-16T23:25:07.178933+00:00
2332,1765927507.199829,2025-12-16T23:25:07.199830+00:00
2333,1765927507.2206888,2025-12-16T23:25:07.220692+00:00
2334,1765927507.238681,2025-12-16T23:25:07.238682+00:00
2335,1765927507.259397,2025-12-16T23:25:07.259399+00:00
2336,1765927507.276547,2025-12-16T23:25:07.276550+00:00
2337,1765927507.2969549,2025-12-16T23:25:07.296956+00:00
2338,1765927507.3141382,2025-12-16T23:25:07.314138+00:00
2339,1765927507.3348649,2025-12-16T23:25:07.334868+00:00
2340,1765927507.355755,2025-12-16T23:25:07.355758+00:00
2341,1765927507.373864,2025-12-16T23:25:07.373867+00:00
2342,1765927507.3911722,2025-12-16T23:25:07.391176+00:00
2343,1765927507.409719,2025-12-16T23:25:07.409720+00:00
2344,1765927507.4304562,2025-12-16T23:25:07.430467+00:00
2345,1765927507.448676,2025-12-16T23:25:07.448679+00:00
2346,1765927507.469544,2025-12-16T23:25:07.469548+00:00
2347,1765927507.490422,2025-12-16T23:25:07.490427+00:00
2348,1765927507.511318,2025-12-16T23:25:07.511320+00:00
2349,1765927507.532202,2025-12-16T23:25:07.532203+00:00
2350,1765927507.5498471,2025-12-16T23:25:07.549848+00:00
2351,1765927507.567723,2025-12-16T23:25:07.567725+00:00
2352,1765927507.585095,2025-12-16T23:25:07.585096+00:00
2353,1765927507.605222,2025-12-16T23:25:07.605223+00:00
2354,1765927507.625144,2025-12-16T23:25:07.625161+00:00
2355,1765927507.6428401,2025-12-16T23:25:07.642841+00:00
2356,1765927507.663639,2025-12-16T23:25:07.663643+00:00
2357,1765927507.682326,2025-12-16T23:25:07.682332+00:00
2358,1765927507.700762,2025-12-16T23:25:07.700764+00:00
2359,1765927507.717786,2025-12-16T23:25:07.717791+00:00
2360,1765927507.7387,2025-12-16T23:25:07.738703+00:00
2361,1765927507.758694,2025-12-16T23:25:07.758698+00:00
2362,1765927507.779336,2025-12-16T23:25:07.779337+00:00
2363,1765927507.796844,2025-12-16T23:25:07.796846+00:00
2364,1765927507.8155231,2025-12-16T23:25:07.815528+00:00
2365,1765927507.834006,2025-12-16T23:25:07.834011+00:00
2366,1765927507.8509178,2025-12-16T23:25:07.850923+00:00
2367,1765927507.871806,2025-12-16T23:25:07.871810+00:00
2368,1765927507.892277,2025-12-16T23:25:07.892280+00:00
2369,1765927507.9131641,2025-12-16T23:25:07.913231+00:00
2370,1765927507.9323452,2025-12-16T23:25:07.932346+00:00
2371,1765927507.950819,2025-12-16T23:25:07.950824+00:00
2372,1765927507.968031,2025-12-16T23:25:07.968033+00:00
2373,1765927507.986811,2025-12-16T23:25:07.986814+00:00
2374,1765927508.005096,2025-12-16T23:25:08.005096+00:00
2375,1765927508.026006,2025-12-16T23:25:08.026008+00:00
2376,1765927508.046873,2025-12-16T23:25:08.046877+00:00
2377,1765927508.067747,2025-12-16T23:25:08.067748+00:00
2378,1765927508.088605,2025-12-16T23:25:08.088609+00:00
2379,1765927508.109735,2025-12-16T23:25:08.109738+00:00
2380,1765927508.128659,2025-12-16T23:25:08.128660+00:00
2381,1765927508.146668,2025-12-16T23:25:08.146671+00:00
2382,1765927508.163405,2025-12-16T23:25:08.163421+00:00
2383,1765927508.181241,2025-12-16T23:25:08.181257+00:00
2384,1765927508.200522,2025-12-16T23:25:08.200528+00:00
2385,1765927508.219746,2025-12-16T23:25:08.219749+00:00
2386,1765927508.238147,2025-12-16T23:25:08.238150+00:00
2387,1765927508.255593,2025-12-16T23:25:08.255594+00:00
2388,1765927508.276462,2025-12-16T23:25:08.276468+00:00
2389,1765927508.297267,2025-12-16T23:25:08.297268+00:00
2390,1765927508.3181272,2025-12-16T23:25:08.318129+00:00
2391,1765927508.3376482,2025-12-16T23:25:08.337651+00:00
2392,1765927508.357551,2025-12-16T23:25:08.357554+00:00
2393,1765927508.375805,2025-12-16T23:25:08.375807+00:00
2394,1765927508.3949828,2025-12-16T23:25:08.394987+00:00
2395,1765927508.414463,2025-12-16T23:25:08.414464+00:00
2396,1765927508.435313,2025-12-16T23:25:08.435314+00:00
2397,1765927508.456179,2025-12-16T23:25:08.456184+00:00
2398,1765927508.477091,2025-12-16T23:25:08.477097+00:00
2399,1765927508.4970849,2025-12-16T23:25:08.497094+00:00
2400,1765927508.513848,2025-12-16T23:25:08.513852+00:00
2401,1765927508.53472,2025-12-16T23:25:08.534721+00:00
2402,1765927508.555579,2025-12-16T23:25:08.555582+00:00
2403,1765927508.574254,2025-12-16T23:25:08.574256+00:00
2404,1765927508.595126,2025-12-16T23:25:08.595127+00:00
2405,1765927508.614605,2025-12-16T23:25:08.614607+00:00
2406,1765927508.635466,2025-12-16T23:25:08.635467+00:00
2407,1765927508.655373,2025-12-16T23:25:08.655375+00:00
2408,1765927508.6748621,2025-12-16T23:25:08.674865+00:00
2409,1765927508.695731,2025-12-16T23:25:08.695734+00:00
2410,1765927508.713717,2025-12-16T23:25:08.713720+00:00
2411,1765927508.732907,2025-12-16T23:25:08.732907+00:00
2412,1765927508.7528791,2025-12-16T23:25:08.752880+00:00
2413,1765927508.7721019,2025-12-16T23:25:08.772102+00:00
2414,1765927508.7929652,2025-12-16T23:25:08.792970+00:00
2415,1765927508.810755,2025-12-16T23:25:08.810757+00:00
2416,1765927508.8303301,2025-12-16T23:25:08.830330+00:00
2417,1765927508.851192,2025-12-16T23:25:08.851194+00:00
2418,1765927508.8717399,2025-12-16T23:25:08.871743+00:00
2419,1765927508.8926258,2025-12-16T23:25:08.892631+00:00
2420,1765927508.909578,2025-12-16T23:25:08.909579+00:00
2421,1765927508.926451,2025-12-16T23:25:08.926453+00:00
2422,1765927508.9473228,2025-12-16T23:25:08.947324+00:00
2423,1765927508.966474,2025-12-16T23:25:08.966476+00:00
2424,1765927508.987359,2025-12-16T23:25:08.987365+00:00
2425,1765927509.005256,2025-12-16T23:25:09.005257+00:00
2426,1765927509.02611,2025-12-16T23:25:09.026110+00:00
2427,1765927509.046906,2025-12-16T23:25:09.046928+00:00
2428,1765927509.066474,2025-12-16T23:25:09.066476+00:00
2429,1765927509.0873458,2025-12-16T23:25:09.087347+00:00
2430,1765927509.105212,2025-12-16T23:25:09.105215+00:00
2431,1765927509.1256902,2025-12-16T23:25:09.125693+00:00
2432,1765927509.143938,2025-12-16T23:25:09.143939+00:00
2433,1765927509.162955,2025-12-16T23:25:09.162955+00:00
2434,1765927509.1838028,2025-12-16T23:25:09.183805+00:00
2435,1765927509.2046762,2025-12-16T23:25:09.204681+00:00
2436,1765927509.221934,2025-12-16T23:25:09.221937+00:00
2437,1765927509.242822,2025-12-16T23:25:09.242826+00:00
2438,1765927509.2635672,2025-12-16T23:25:09.263567+00:00
2439,1765927509.280488,2025-12-16T23:25:09.280489+00:00
2440,1765927509.297245,2025-12-16T23:25:09.297246+00:00
2441,1765927509.318092,2025-12-16T23:25:09.318093+00:00
2442,1765927509.338729,2025-12-16T23:25:09.338730+00:00
2443,1765927509.363039,2025-12-16T23:25:09.363042+00:00
2444,1765927509.3867571,2025-12-16T23:25:09.386759+00:00
2445,1765927509.406581,2025-12-16T23:25:09.406584+00:00
2446,1765927509.4274518,2025-12-16T23:25:09.427455+00:00
2447,1765927509.4446878,2025-12-16T23:25:09.444691+00:00
2448,1765927509.4636438,2025-12-16T23:25:09.463647+00:00
2449,1765927509.4848142,2025-12-16T23:25:09.484818+00:00
2450,1765927509.5047739,2025-12-16T23:25:09.504777+00:00
2451,1765927509.522601,2025-12-16T23:25:09.522606+00:00
2452,1765927509.540968,2025-12-16T23:25:09.540972+00:00
2453,1765927509.561861,2025-12-16T23:25:09.561863+00:00
2454,1765927509.58273,2025-12-16T23:25:09.582731+00:00
2455,1765927509.6016362,2025-12-16T23:25:09.601638+00:00
2456,1765927509.6195982,2025-12-16T23:25:09.619600+00:00
2457,1765927509.636978,2025-12-16T23:25:09.636979+00:00
2458,1765927509.655234,2025-12-16T23:25:09.655237+00:00
2459,1765927509.674322,2025-12-16T23:25:09.674325+00:00
2460,1765927509.691415,2025-12-16T23:25:09.691432+00:00
2461,1765927509.710824,2025-12-16T23:25:09.710832+00:00
2462,1765927509.7303,2025-12-16T23:25:09.730303+00:00
2463,1765927509.750041,2025-12-16T23:25:09.750045+00:00
2464,1765927509.77104,2025-12-16T23:25:09.771041+00:00
2465,1765927509.7887082,2025-12-16T23:25:09.788709+00:00
2466,1765927509.809558,2025-12-16T23:25:09.809560+00:00
2467,1765927509.830283,2025-12-16T23:25:09.830287+00:00
2468,1765927509.849374,2025-12-16T23:25:09.849378+00:00
2469,1765927509.868222,2025-12-16T23:25:09.868238+00:00
2470,1765927509.888768,2025-12-16T23:25:09.888771+00:00
2471,1765927509.90775,2025-12-16T23:25:09.907752+00:00
2472,1765927509.928604,2025-12-16T23:25:09.928605+00:00
2473,1765927509.946869,2025-12-16T23:25:09.946872+00:00
2474,1765927509.964591,2025-12-16T23:25:09.964592+00:00
2475,1765927509.9843469,2025-12-16T23:25:09.984349+00:00
2476,1765927510.005208,2025-12-16T23:25:10.005209+00:00
2477,1765927510.022084,2025-12-16T23:25:10.022087+00:00
2478,1765927510.0429618,2025-12-16T23:25:10.042963+00:00
2479,1765927510.0635571,2025-12-16T23:25:10.063558+00:00
2480,1765927510.082102,2025-12-16T23:25:10.082104+00:00
2481,1765927510.100058,2025-12-16T23:25:10.100061+00:00
2482,1765927510.1173491,2025-12-16T23:25:10.117351+00:00
2483,1765927510.138207,2025-12-16T23:25:10.138207+00:00
2484,1765927510.158387,2025-12-16T23:25:10.158388+00:00
2485,1765927510.177941,2025-12-16T23:25:10.177942+00:00
2486,1765927510.196995,2025-12-16T23:25:10.196997+00:00
2487,1765927510.215023,2025-12-16T23:25:10.215028+00:00
2488,1765927510.2351081,2025-12-16T23:25:10.235133+00:00
2489,1765927510.2538419,2025-12-16T23:25:10.253844+00:00
2490,1765927510.2746959,2025-12-16T23:25:10.274697+00:00
2491,1765927510.294664,2025-12-16T23:25:10.294668+00:00
2492,1765927510.315253,2025-12-16T23:25:10.315255+00:00
2493,1765927510.336114,2025-12-16T23:25:10.336117+00:00
2494,1765927510.3556402,2025-12-16T23:25:10.355654+00:00
2495,1765927510.3747032,2025-12-16T23:25:10.374707+00:00
2496,1765927510.3947468,2025-12-16T23:25:10.394769+00:00
2497,1765927510.4157388,2025-12-16T23:25:10.415742+00:00
2498,1765927510.4334452,2025-12-16T23:25:10.433451+00:00
2499,1765927510.46913,2025-12-16T23:25:10.469135+00:00
2500,1765927510.492209,2025-12-16T23:25:10.492216+00:00
2501,1765927510.5114381,2025-12-16T23:25:10.511442+00:00
2502,1765927510.5320299,2025-12-16T23:25:10.532034+00:00
2503,1765927510.552906,2025-12-16T23:25:10.552910+00:00
2504,1765927510.5706382,2025-12-16T23:25:10.570641+00:00
2505,1765927510.5917928,2025-12-16T23:25:10.591798+00:00
2506,1765927510.609382,2025-12-16T23:25:10.609386+00:00
2507,1765927510.63006,2025-12-16T23:25:10.630063+00:00
2508,1765927510.6510248,2025-12-16T23:25:10.651036+00:00
2509,1765927510.6680582,2025-12-16T23:25:10.668086+00:00
2510,1765927510.688962,2025-12-16T23:25:10.688968+00:00
2511,1765927510.709856,2025-12-16T23:25:10.709862+00:00
2512,1765927510.730752,2025-12-16T23:25:10.730755+00:00
2513,1765927510.751987,2025-12-16T23:25:10.751992+00:00
2514,1765927510.768866,2025-12-16T23:25:10.768871+00:00
2515,1765927510.7897651,2025-12-16T23:25:10.789838+00:00
2516,1765927510.810784,2025-12-16T23:25:10.810790+00:00
2517,1765927510.82849,2025-12-16T23:25:10.828493+00:00
2518,1765927510.849369,2025-12-16T23:25:10.849374+00:00
2519,1765927510.870081,2025-12-16T23:25:10.870082+00:00
2520,1765927510.888129,2025-12-16T23:25:10.888131+00:00
2521,1765927510.9069262,2025-12-16T23:25:10.906927+00:00
2522,1765927510.926239,2025-12-16T23:25:10.926242+00:00
2523,1765927510.947068,2025-12-16T23:25:10.947069+00:00
2524,1765927510.9679308,2025-12-16T23:25:10.967935+00:00
2525,1765927510.984847,2025-12-16T23:25:10.984849+00:00
2526,1765927511.002995,2025-12-16T23:25:11.003010+00:00
2527,1765927511.0198731,2025-12-16T23:25:11.019875+00:00
2528,1765927511.040737,2025-12-16T23:25:11.040740+00:00
2529,1765927511.057873,2025-12-16T23:25:11.057876+00:00
2530,1765927511.0787451,2025-12-16T23:25:11.078749+00:00
2531,1765927511.0963252,2025-12-16T23:25:11.096332+00:00
2532,1765927511.113176,2025-12-16T23:25:11.113183+00:00
2533,1765927511.133035,2025-12-16T23:25:11.133041+00:00
2534,1765927511.150347,2025-12-16T23:25:11.150349+00:00
2535,1765927511.168799,2025-12-16T23:25:11.168802+00:00
2536,1765927511.18968,2025-12-16T23:25:11.189685+00:00
2537,1765927511.208148,2025-12-16T23:25:11.208155+00:00
2538,1765927511.227145,2025-12-16T23:25:11.227150+00:00
2539,1765927511.245033,2025-12-16T23:25:11.245040+00:00
2540,1765927511.2656991,2025-12-16T23:25:11.265727+00:00
2541,1765927511.286653,2025-12-16T23:25:11.286657+00:00
2542,1765927511.304702,2025-12-16T23:25:11.304704+00:00
2543,1765927511.3251588,2025-12-16T23:25:11.325161+00:00
2544,1765927511.343315,2025-12-16T23:25:11.343319+00:00
2545,1765927511.36225,2025-12-16T23:25:11.362252+00:00
2546,1765927511.3806012,2025-12-16T23:25:11.380605+00:00
2547,1765927511.3986108,2025-12-16T23:25:11.398616+00:00
2548,1765927511.417889,2025-12-16T23:25:11.417892+00:00
2549,1765927511.438777,2025-12-16T23:25:11.438779+00:00
2550,1765927511.459657,2025-12-16T23:25:11.459660+00:00
2551,1765927511.477002,2025-12-16T23:25:11.477007+00:00
2552,1765927511.493836,2025-12-16T23:25:11.493838+00:00
2553,1765927511.5147,2025-12-16T23:25:11.514703+00:00
2554,1765927511.534139,2025-12-16T23:25:11.534141+00:00
2555,1765927511.5540202,2025-12-16T23:25:11.554022+00:00
2556,1765927511.574141,2025-12-16T23:25:11.574144+00:00
2557,1765927511.5924091,2025-12-16T23:25:11.592412+00:00
2558,1765927511.609803,2025-12-16T23:25:11.609806+00:00
2559,1765927511.629169,2025-12-16T23:25:11.629174+00:00
2560,1765927511.646453,2025-12-16T23:25:11.646454+00:00
2561,1765927511.665337,2025-12-16T23:25:11.665339+00:00
2562,1765927511.684127,2025-12-16T23:25:11.684130+00:00
2563,1765927511.701994,2025-12-16T23:25:11.701999+00:00
2564,1765927511.7191029,2025-12-16T23:25:11.719107+00:00
2565,1765927511.7376242,2025-12-16T23:25:11.737627+00:00
2566,1765927511.7569768,2025-12-16T23:25:11.756983+00:00
2567,1765927511.7755818,2025-12-16T23:25:11.775585+00:00
2568,1765927511.795944,2025-12-16T23:25:11.795947+00:00
2569,1765927511.8145988,2025-12-16T23:25:11.814603+00:00
2570,1765927511.835479,2025-12-16T23:25:11.835482+00:00
2571,1765927511.8538072,2025-12-16T23:25:11.853811+00:00
2572,1765927511.874675,2025-12-16T23:25:11.874676+00:00
2573,1765927511.892676,2025-12-16T23:25:11.892676+00:00
2574,1765927511.9135292,2025-12-16T23:25:11.913530+00:00
2575,1765927511.933412,2025-12-16T23:25:11.933414+00:00
2576,1765927511.954026,2025-12-16T23:25:11.954027+00:00
2577,1765927511.974821,2025-12-16T23:25:11.974824+00:00
2578,1765927511.9956968,2025-12-16T23:25:11.995698+00:00
2579,1765927512.016556,2025-12-16T23:25:12.016563+00:00
2580,1765927512.037152,2025-12-16T23:25:12.037154+00:00
2581,1765927512.055695,2025-12-16T23:25:12.055698+00:00
2582,1765927512.0726311,2025-12-16T23:25:12.072632+00:00
2583,1765927512.092588,2025-12-16T23:25:12.092592+00:00
2584,1765927512.113506,2025-12-16T23:25:12.113509+00:00
2585,1765927512.131528,2025-12-16T23:25:12.131531+00:00
2586,1765927512.1498811,2025-12-16T23:25:12.149883+00:00
2587,1765927512.170059,2025-12-16T23:25:12.170063+00:00
2588,1765927512.190387,2025-12-16T23:25:12.190390+00:00
2589,1765927512.210131,2025-12-16T23:25:12.210137+00:00
2590,1765927512.231044,2025-12-16T23:25:12.231046+00:00
2591,1765927512.249168,2025-12-16T23:25:12.249172+00:00
2592,1765927512.26948,2025-12-16T23:25:12.269482+00:00
2593,1765927512.288942,2025-12-16T23:25:12.288942+00:00
2594,1765927512.309806,2025-12-16T23:25:12.309808+00:00
2595,1765927512.326742,2025-12-16T23:25:12.326744+00:00
2596,1765927512.347208,2025-12-16T23:25:12.347209+00:00
2597,1765927512.363968,2025-12-16T23:25:12.363974+00:00
2598,1765927512.384867,2025-12-16T23:25:12.384870+00:00
2599,1765927512.4053152,2025-12-16T23:25:12.405319+00:00
2600,1765927512.426047,2025-12-16T23:25:12.426050+00:00
2601,1765927512.446943,2025-12-16T23:25:12.446946+00:00
2602,1765927512.467669,2025-12-16T23:25:12.467677+00:00
2603,1765927512.485713,2025-12-16T23:25:12.485717+00:00
2604,1765927512.505326,2025-12-16T23:25:12.505328+00:00
2605,1765927512.526196,2025-12-16T23:25:12.526198+00:00
2606,1765927512.54706,2025-12-16T23:25:12.547061+00:00
2607,1765927512.564523,2025-12-16T23:25:12.564524+00:00
2608,1765927512.582805,2025-12-16T23:25:12.582806+00:00
2609,1765927512.601315,2025-12-16T23:25:12.601319+00:00
2610,1765927512.621771,2025-12-16T23:25:12.621772+00:00
2611,1765927512.642619,2025-12-16T23:25:12.642619+00:00
2612,1765927512.6633868,2025-12-16T23:25:12.663389+00:00
2613,1765927512.6842391,2025-12-16T23:25:12.684240+00:00
2614,1765927512.7026901,2025-12-16T23:25:12.702691+00:00
2615,1765927512.723573,2025-12-16T23:25:12.723579+00:00
2616,1765927512.744438,2025-12-16T23:25:12.744441+00:00
2617,1765927512.7627048,2025-12-16T23:25:12.762709+00:00
2618,1765927512.7805068,2025-12-16T23:25:12.780508+00:00
2619,1765927512.801368,2025-12-16T23:25:12.801372+00:00
2620,1765927512.819952,2025-12-16T23:25:12.819957+00:00
2621,1765927512.8408298,2025-12-16T23:25:12.840831+00:00
2622,1765927512.859628,2025-12-16T23:25:12.859631+00:00
2623,1765927512.87844,2025-12-16T23:25:12.878440+00:00
2624,1765927512.8992991,2025-12-16T23:25:12.899303+00:00
2625,1765927512.9201999,2025-12-16T23:25:12.920204+00:00
2626,1765927512.941077,2025-12-16T23:25:12.941078+00:00
2627,1765927512.960105,2025-12-16T23:25:12.960107+00:00
2628,1765927512.98097,2025-12-16T23:25:12.980970+00:00
2629,1765927512.998301,2025-12-16T23:25:12.998307+00:00
2630,1765927513.016311,2025-12-16T23:25:13.016315+00:00
2631,1765927513.03532,2025-12-16T23:25:13.035324+00:00
2632,1765927513.054202,2025-12-16T23:25:13.054203+00:00
2633,1765927513.071319,2025-12-16T23:25:13.071322+00:00
2634,1765927513.092198,2025-12-16T23:25:13.092198+00:00
2635,1765927513.1129541,2025-12-16T23:25:13.112960+00:00
2636,1765927513.133857,2025-12-16T23:25:13.133860+00:00
2637,1765927513.15453,2025-12-16T23:25:13.154531+00:00
2638,1765927513.171251,2025-12-16T23:25:13.171286+00:00
2639,1765927513.192148,2025-12-16T23:25:13.192149+00:00
2640,1765927513.20914,2025-12-16T23:25:13.209148+00:00
2641,1765927513.229674,2025-12-16T23:25:13.229677+00:00
2642,1765927513.247961,2025-12-16T23:25:13.247965+00:00
2643,1765927513.265874,2025-12-16T23:25:13.265875+00:00
2644,1765927513.286742,2025-12-16T23:25:13.286746+00:00
2645,1765927513.30543,2025-12-16T23:25:13.305433+00:00
2646,1765927513.322197,2025-12-16T23:25:13.322197+00:00
2647,1765927513.343078,2025-12-16T23:25:13.343080+00:00
2648,1765927513.363938,2025-12-16T23:25:13.363941+00:00
2649,1765927513.384821,2025-12-16T23:25:13.384824+00:00
2650,1765927513.404466,2025-12-16T23:25:13.404467+00:00
2651,1765927513.4253151,2025-12-16T23:25:13.425318+00:00
2652,1765927513.446095,2025-12-16T23:25:13.446099+00:00
2653,1765927513.466986,2025-12-16T23:25:13.466991+00:00
2654,1765927513.4848871,2025-12-16T23:25:13.484891+00:00
2655,1765927513.50576,2025-12-16T23:25:13.505763+00:00
2656,1765927513.524987,2025-12-16T23:25:13.524992+00:00
2657,1765927513.545449,2025-12-16T23:25:13.545452+00:00
2658,1765927513.5632288,2025-12-16T23:25:13.563230+00:00
2659,1765927513.580296,2025-12-16T23:25:13.580307+00:00
2660,1765927513.6003551,2025-12-16T23:25:13.600359+00:00
2661,1765927513.6172009,2025-12-16T23:25:13.617209+00:00
2662,1765927513.635776,2025-12-16T23:25:13.635779+00:00
2663,1765927513.654499,2025-12-16T23:25:13.654505+00:00
2664,1765927513.675528,2025-12-16T23:25:13.675530+00:00
2665,1765927513.693772,2025-12-16T23:25:13.693773+00:00
2666,1765927513.7146292,2025-12-16T23:25:13.714632+00:00
2667,1765927513.733941,2025-12-16T23:25:13.733949+00:00
2668,1765927513.754884,2025-12-16T23:25:13.754888+00:00
2669,1765927513.772515,2025-12-16T23:25:13.772518+00:00
2670,1765927513.789422,2025-12-16T23:25:13.789424+00:00
2671,1765927513.808664,2025-12-16T23:25:13.808666+00:00
2672,1765927513.826545,2025-12-16T23:25:13.826549+00:00
2673,1765927513.846663,2025-12-16T23:25:13.846664+00:00
2674,1765927513.867518,2025-12-16T23:25:13.867520+00:00
2675,1765927513.8883672,2025-12-16T23:25:13.888368+00:00
2676,1765927513.908056,2025-12-16T23:25:13.908061+00:00
2677,1765927513.928967,2025-12-16T23:25:13.928969+00:00
2678,1765927513.949837,2025-12-16T23:25:13.949838+00:00
2679,1765927513.9683058,2025-12-16T23:25:13.968308+00:00
2680,1765927513.9883971,2025-12-16T23:25:13.988427+00:00
2681,1765927514.006277,2025-12-16T23:25:14.006278+00:00
2682,1765927514.026922,2025-12-16T23:25:14.026934+00:00
2683,1765927514.047811,2025-12-16T23:25:14.047813+00:00
2684,1765927514.06492,2025-12-16T23:25:14.064922+00:00
2685,1765927514.083821,2025-12-16T23:25:14.083822+00:00
2686,1765927514.101322,2025-12-16T23:25:14.101329+00:00
2687,1765927514.121695,2025-12-16T23:25:14.121696+00:00
2688,1765927514.140157,2025-12-16T23:25:14.140162+00:00
2689,1765927514.1610649,2025-12-16T23:25:14.161066+00:00
2690,1765927514.179413,2025-12-16T23:25:14.179419+00:00
2691,1765927514.1975958,2025-12-16T23:25:14.197598+00:00
2692,1765927514.218462,2025-12-16T23:25:14.218465+00:00
2693,1765927514.235557,2025-12-16T23:25:14.235561+00:00
2694,1765927514.256449,2025-12-16T23:25:14.256452+00:00
2695,1765927514.277323,2025-12-16T23:25:14.277326+00:00
2696,1765927514.2972531,2025-12-16T23:25:14.297254+00:00
2697,1765927514.315698,2025-12-16T23:25:14.315699+00:00
2698,1765927514.336549,2025-12-16T23:25:14.336550+00:00
2699,1765927514.35742,2025-12-16T23:25:14.357421+00:00
2700,1765927514.378293,2025-12-16T23:25:14.378295+00:00
2701,1765927514.396717,2025-12-16T23:25:14.396720+00:00
2702,1765927514.41761,2025-12-16T23:25:14.417613+00:00
2703,1765927514.4362419,2025-12-16T23:25:14.436244+00:00
2704,1765927514.454494,2025-12-16T23:25:14.454512+00:00
2705,1765927514.4753861,2025-12-16T23:25:14.475392+00:00
2706,1765927514.496279,2025-12-16T23:25:14.496281+00:00
2707,1765927514.51681,2025-12-16T23:25:14.516814+00:00
2708,1765927514.533962,2025-12-16T23:25:14.533965+00:00
2709,1765927514.550739,2025-12-16T23:25:14.550740+00:00
2710,1765927514.571622,2025-12-16T23:25:14.571624+00:00
2711,1765927514.592478,2025-12-16T23:25:14.592478+00:00
2712,1765927514.613333,2025-12-16T23:25:14.613337+00:00
2713,1765927514.630537,2025-12-16T23:25:14.630538+00:00
2714,1765927514.651387,2025-12-16T23:25:14.651388+00:00
2715,1765927514.668714,2025-12-16T23:25:14.668739+00:00
2716,1765927514.688044,2025-12-16T23:25:14.688045+00:00
2717,1765927514.709281,2025-12-16T23:25:14.709285+00:00
2718,1765927514.726249,2025-12-16T23:25:14.726258+00:00
2719,1765927514.7471628,2025-12-16T23:25:14.747167+00:00
2720,1765927514.7644532,2025-12-16T23:25:14.764472+00:00
2721,1765927514.785286,2025-12-16T23:25:14.785289+00:00
2722,1765927514.8045828,2025-12-16T23:25:14.804593+00:00
2723,1765927514.825517,2025-12-16T23:25:14.825521+00:00
2724,1765927514.8464231,2025-12-16T23:25:14.846429+00:00
2725,1765927514.8673332,2025-12-16T23:25:14.867336+00:00
2726,1765927514.8856452,2025-12-16T23:25:14.885647+00:00
2727,1765927514.9065092,2025-12-16T23:25:14.906512+00:00
2728,1765927514.923928,2025-12-16T23:25:14.923931+00:00
2729,1765927514.9448042,2025-12-16T23:25:14.944805+00:00
2730,1765927514.9635131,2025-12-16T23:25:14.963516+00:00
2731,1765927514.984406,2025-12-16T23:25:14.984409+00:00
2732,1765927515.004363,2025-12-16T23:25:15.004364+00:00
2733,1765927515.0214772,2025-12-16T23:25:15.021481+00:00
2734,1765927515.040309,2025-12-16T23:25:15.040313+00:00
2735,1765927515.0611892,2025-12-16T23:25:15.061192+00:00
2736,1765927515.0800488,2025-12-16T23:25:15.080053+00:00
2737,1765927515.096939,2025-12-16T23:25:15.096942+00:00
2738,1765927515.117814,2025-12-16T23:25:15.117817+00:00
2739,1765927515.1352499,2025-12-16T23:25:15.135254+00:00
2740,1765927515.1523762,2025-12-16T23:25:15.152377+00:00
2741,1765927515.171604,2025-12-16T23:25:15.171607+00:00
2742,1765927515.1924858,2025-12-16T23:25:15.192488+00:00
2743,1765927515.2105331,2025-12-16T23:25:15.210534+00:00
2744,1765927515.229998,2025-12-16T23:25:15.230004+00:00
2745,1765927515.249784,2025-12-16T23:25:15.249787+00:00
2746,1765927515.269889,2025-12-16T23:25:15.269893+00:00
2747,1765927515.288321,2025-12-16T23:25:15.288324+00:00
2748,1765927515.305503,2025-12-16T23:25:15.305507+00:00
2749,1765927515.323752,2025-12-16T23:25:15.323753+00:00
2750,1765927515.344608,2025-12-16T23:25:15.344609+00:00
2751,1765927515.363202,2025-12-16T23:25:15.363204+00:00
2752,1765927515.3841321,2025-12-16T23:25:15.384135+00:00
2753,1765927515.4047139,2025-12-16T23:25:15.404715+00:00
2754,1765927515.4243462,2025-12-16T23:25:15.424347+00:00
2755,1765927515.445196,2025-12-16T23:25:15.445197+00:00
2756,1765927515.4630048,2025-12-16T23:25:15.463015+00:00
2757,1765927515.481904,2025-12-16T23:25:15.481908+00:00
2758,1765927515.499996,2025-12-16T23:25:15.500002+00:00
2759,1765927515.520902,2025-12-16T23:25:15.520906+00:00
2760,1765927515.537662,2025-12-16T23:25:15.537667+00:00
2761,1765927515.554556,2025-12-16T23:25:15.554590+00:00
2762,1765927515.575393,2025-12-16T23:25:15.575402+00:00
2763,1765927515.5948548,2025-12-16T23:25:15.594857+00:00
2764,1765927515.612132,2025-12-16T23:25:15.612134+00:00
2765,1765927515.632612,2025-12-16T23:25:15.632613+00:00
2766,1765927515.652852,2025-12-16T23:25:15.652854+00:00
2767,1765927515.673727,2025-12-16T23:25:15.673730+00:00
2768,1765927515.692137,2025-12-16T23:25:15.692138+00:00
2769,1765927515.7129889,2025-12-16T23:25:15.712992+00:00
2770,1765927515.7318301,2025-12-16T23:25:15.731840+00:00
2771,1765927515.752813,2025-12-16T23:25:15.752816+00:00
2772,1765927515.773695,2025-12-16T23:25:15.773703+00:00
2773,1765927515.7930171,2025-12-16T23:25:15.793025+00:00
2774,1765927515.8139362,2025-12-16T23:25:15.813941+00:00
2775,1765927515.833123,2025-12-16T23:25:15.833125+00:00
2776,1765927515.851317,2025-12-16T23:25:15.851318+00:00
2777,1765927515.8721752,2025-12-16T23:25:15.872176+00:00
2778,1765927515.892995,2025-12-16T23:25:15.893000+00:00
2779,1765927515.9137359,2025-12-16T23:25:15.913743+00:00
2780,1765927515.932711,2025-12-16T23:25:15.932713+00:00
2781,1765927515.949564,2025-12-16T23:25:15.949566+00:00
2782,1765927515.9704242,2025-12-16T23:25:15.970426+00:00
2783,1765927515.991201,2025-12-16T23:25:15.991202+00:00
2784,1765927516.0086982,2025-12-16T23:25:16.008710+00:00
2785,1765927516.029647,2025-12-16T23:25:16.029649+00:00
2786,1765927516.050518,2025-12-16T23:25:16.050522+00:00
2787,1765927516.07014,2025-12-16T23:25:16.070146+00:00
2788,1765927516.09105,2025-12-16T23:25:16.091051+00:00
2789,1765927516.109963,2025-12-16T23:25:16.109966+00:00
2790,1765927516.1308649,2025-12-16T23:25:16.130866+00:00
2791,1765927516.1517282,2025-12-16T23:25:16.151732+00:00
2792,1765927516.171801,2025-12-16T23:25:16.171805+00:00
2793,1765927516.189583,2025-12-16T23:25:16.189587+00:00
2794,1765927516.208114,2025-12-16T23:25:16.208119+00:00
2795,1765927516.228864,2025-12-16T23:25:16.228868+00:00
2796,1765927516.248716,2025-12-16T23:25:16.248736+00:00
2797,1765927516.269136,2025-12-16T23:25:16.269138+00:00
2798,1765927516.287254,2025-12-16T23:25:16.287255+00:00
2799,1765927516.304995,2025-12-16T23:25:16.304997+00:00
2800,1765927516.324895,2025-12-16T23:25:16.324896+00:00
2801,1765927516.342977,2025-12-16T23:25:16.342977+00:00
2802,1765927516.3638442,2025-12-16T23:25:16.363848+00:00
2803,1765927516.384038,2025-12-16T23:25:16.384043+00:00
2804,1765927516.4049459,2025-12-16T23:25:16.404950+00:00
2805,1765927516.4258502,2025-12-16T23:25:16.425854+00:00
2806,1765927516.4462678,2025-12-16T23:25:16.446274+00:00
2807,1765927516.467183,2025-12-16T23:25:16.467188+00:00
2808,1765927516.488116,2025-12-16T23:25:16.488120+00:00
2809,1765927516.5071092,2025-12-16T23:25:16.507116+00:00
2810,1765927516.526399,2025-12-16T23:25:16.526403+00:00
2811,1765927516.547263,2025-12-16T23:25:16.547265+00:00
2812,1765927516.571884,2025-12-16T23:25:16.571887+00:00
2813,1765927516.592824,2025-12-16T23:25:16.592830+00:00
2814,1765927516.609887,2025-12-16T23:25:16.609891+00:00
2815,1765927516.627541,2025-12-16T23:25:16.627568+00:00
2816,1765927516.644402,2025-12-16T23:25:16.644407+00:00
2817,1765927516.6634722,2025-12-16T23:25:16.663480+00:00
2818,1765927516.683163,2025-12-16T23:25:16.683164+00:00
2819,1765927516.700214,2025-12-16T23:25:16.700217+00:00
2820,1765927516.721075,2025-12-16T23:25:16.721076+00:00
2821,1765927516.7397661,2025-12-16T23:25:16.739770+00:00
2822,1765927516.758784,2025-12-16T23:25:16.758794+00:00
2823,1765927516.7755919,2025-12-16T23:25:16.775594+00:00
2824,1765927516.7928371,2025-12-16T23:25:16.792840+00:00
2825,1765927516.813744,2025-12-16T23:25:16.813748+00:00
2826,1765927516.831656,2025-12-16T23:25:16.831658+00:00
2827,1765927516.852525,2025-12-16T23:25:16.852527+00:00
2828,1765927516.872524,2025-12-16T23:25:16.872527+00:00
2829,1765927516.8921359,2025-12-16T23:25:16.892138+00:00
2830,1765927516.91269,2025-12-16T23:25:16.912691+00:00
2831,1765927516.931937,2025-12-16T23:25:16.931940+00:00
2832,1765927516.9504662,2025-12-16T23:25:16.950467+00:00
2833,1765927516.967314,2025-12-16T23:25:16.967314+00:00
2834,1765927516.9881668,2025-12-16T23:25:16.988168+00:00
2835,1765927517.005541,2025-12-16T23:25:17.005552+00:00
2836,1765927517.024645,2025-12-16T23:25:17.024646+00:00
2837,1765927517.042006,2025-12-16T23:25:17.042033+00:00
2838,1765927517.062923,2025-12-16T23:25:17.062924+00:00
2839,1765927517.0798879,2025-12-16T23:25:17.079890+00:00
2840,1765927517.097093,2025-12-16T23:25:17.097098+00:00
2841,1765927517.116919,2025-12-16T23:25:17.116927+00:00
2842,1765927517.13512,2025-12-16T23:25:17.135122+00:00
2843,1765927517.155979,2025-12-16T23:25:17.155979+00:00
2844,1765927517.1768389,2025-12-16T23:25:17.176841+00:00
2845,1765927517.1977348,2025-12-16T23:25:17.197735+00:00
2846,1765927517.216811,2025-12-16T23:25:17.216815+00:00
2847,1765927517.237587,2025-12-16T23:25:17.237589+00:00
2848,1765927517.258463,2025-12-16T23:25:17.258467+00:00
2849,1765927517.279381,2025-12-16T23:25:17.279390+00:00
2850,1765927517.2976398,2025-12-16T23:25:17.297642+00:00
2851,1765927517.317117,2025-12-16T23:25:17.317118+00:00
2852,1765927517.334763,2025-12-16T23:25:17.334764+00:00
2853,1765927517.355065,2025-12-16T23:25:17.355068+00:00
2854,1765927517.375963,2025-12-16T23:25:17.375968+00:00
2855,1765927517.393603,2025-12-16T23:25:17.393606+00:00
2856,1765927517.4144871,2025-12-16T23:25:17.414491+00:00
2857,1765927517.4353669,2025-12-16T23:25:17.435368+00:00
2858,1765927517.4562361,2025-12-16T23:25:17.456242+00:00
2859,1765927517.4752011,2025-12-16T23:25:17.475208+00:00
2860,1765927517.4961221,2025-12-16T23:25:17.496125+00:00
2861,1765927517.5169961,2025-12-16T23:25:17.516998+00:00
2862,1765927517.536226,2025-12-16T23:25:17.536227+00:00
2863,1765927517.5570078,2025-12-16T23:25:17.557012+00:00
2864,1765927517.575086,2025-12-16T23:25:17.575088+00:00
2865,1765927517.595953,2025-12-16T23:25:17.595953+00:00
2866,1765927517.613653,2025-12-16T23:25:17.613656+00:00
2867,1765927517.633831,2025-12-16T23:25:17.633833+00:00
2868,1765927517.653882,2025-12-16T23:25:17.653886+00:00
2869,1765927517.674144,2025-12-16T23:25:17.674147+00:00
2870,1765927517.6926458,2025-12-16T23:25:17.692647+00:00
2871,1765927517.713505,2025-12-16T23:25:17.713509+00:00
2872,1765927517.734445,2025-12-16T23:25:17.734448+00:00
2873,1765927517.754755,2025-12-16T23:25:17.754757+00:00
2874,1765927517.775647,2025-12-16T23:25:17.775659+00:00
2875,1765927517.796405,2025-12-16T23:25:17.796407+00:00
2876,1765927517.817023,2025-12-16T23:25:17.817062+00:00
2877,1765927517.838014,2025-12-16T23:25:17.838017+00:00
2878,1765927517.858887,2025-12-16T23:25:17.858890+00:00
2879,1765927517.8797739,2025-12-16T23:25:17.879775+00:00
2880,1765927517.9006422,2025-12-16T23:25:17.900644+00:00
2881,1765927517.9178398,2025-12-16T23:25:17.917841+00:00
2882,1765927517.938702,2025-12-16T23:25:17.938705+00:00
2883,1765927517.957881,2025-12-16T23:25:17.957885+00:00
2884,1765927517.975178,2025-12-16T23:25:17.975180+00:00
2885,1765927517.994714,2025-12-16T23:25:17.994719+00:00
2886,1765927518.015612,2025-12-16T23:25:18.015614+00:00
2887,1765927518.033858,2025-12-16T23:25:18.033863+00:00
2888,1765927518.054752,2025-12-16T23:25:18.054756+00:00
2889,1765927518.073062,2025-12-16T23:25:18.073065+00:00
2890,1765927518.092134,2025-12-16T23:25:18.092143+00:00
2891,1765927518.112301,2025-12-16T23:25:18.112305+00:00
2892,1765927518.129619,2025-12-16T23:25:18.129627+00:00
2893,1765927518.150317,2025-12-16T23:25:18.150322+00:00
2894,1765927518.167326,2025-12-16T23:25:18.167329+00:00
2895,1765927518.186105,2025-12-16T23:25:18.186110+00:00
2896,1765927518.206511,2025-12-16T23:25:18.206516+00:00
2897,1765927518.224326,2025-12-16T23:25:18.224329+00:00
2898,1765927518.245204,2025-12-16T23:25:18.245207+00:00
2899,1765927518.263999,2025-12-16T23:25:18.264004+00:00
2900,1765927518.2834098,2025-12-16T23:25:18.283418+00:00
2901,1765927518.3032682,2025-12-16T23:25:18.303270+00:00
2902,1765927518.320977,2025-12-16T23:25:18.320978+00:00
2903,1765927518.337885,2025-12-16T23:25:18.337887+00:00
2904,1765927518.358709,2025-12-16T23:25:18.358711+00:00
2905,1765927518.379584,2025-12-16T23:25:18.379584+00:00
2906,1765927518.397228,2025-12-16T23:25:18.397231+00:00
2907,1765927518.416235,2025-12-16T23:25:18.416238+00:00
2908,1765927518.435343,2025-12-16T23:25:18.435344+00:00
2909,1765927518.453515,2025-12-16T23:25:18.453519+00:00
2910,1765927518.4713411,2025-12-16T23:25:18.471346+00:00
2911,1765927518.4891782,2025-12-16T23:25:18.489184+00:00
2912,1765927518.507081,2025-12-16T23:25:18.507083+00:00
2913,1765927518.52796,2025-12-16T23:25:18.527964+00:00
2914,1765927518.547776,2025-12-16T23:25:18.547780+00:00
2915,1765927518.5651278,2025-12-16T23:25:18.565129+00:00
2916,1765927518.586004,2025-12-16T23:25:18.586006+00:00
2917,1765927518.60583,2025-12-16T23:25:18.605833+00:00
2918,1765927518.625092,2025-12-16T23:25:18.625096+00:00
2919,1765927518.644937,2025-12-16T23:25:18.644942+00:00
2920,1765927518.665888,2025-12-16T23:25:18.665893+00:00
2921,1765927518.68336,2025-12-16T23:25:18.683362+00:00
2922,1765927518.703068,2025-12-16T23:25:18.703074+00:00
2923,1765927518.723989,2025-12-16T23:25:18.723993+00:00
2924,1765927518.743457,2025-12-16T23:25:18.743462+00:00
2925,1765927518.762762,2025-12-16T23:25:18.762772+00:00
2926,1765927518.783699,2025-12-16T23:25:18.783702+00:00
2927,1765927518.8046012,2025-12-16T23:25:18.804604+00:00
2928,1765927518.825539,2025-12-16T23:25:18.825542+00:00
2929,1765927518.842357,2025-12-16T23:25:18.842375+00:00
2930,1765927518.8599129,2025-12-16T23:25:18.859920+00:00
2931,1765927518.8783748,2025-12-16T23:25:18.878379+00:00
2932,1765927518.8966668,2025-12-16T23:25:18.896673+00:00
2933,1765927518.936314,2025-12-16T23:25:18.936317+00:00
2934,1765927518.9560819,2025-12-16T23:25:18.956087+00:00
2935,1765927518.9757252,2025-12-16T23:25:18.975729+00:00
2936,1765927518.9927738,2025-12-16T23:25:18.992779+00:00
2937,1765927519.0102599,2025-12-16T23:25:19.010264+00:00
2938,1765927519.0278091,2025-12-16T23:25:19.027813+00:00
2939,1765927519.0475378,2025-12-16T23:25:19.047542+00:00
2940,1765927519.0671601,2025-12-16T23:25:19.067162+00:00
2941,1765927519.088076,2025-12-16T23:25:19.088082+00:00
2942,1765927519.10657,2025-12-16T23:25:19.106573+00:00
2943,1765927519.1274571,2025-12-16T23:25:19.127460+00:00
2944,1765927519.148355,2025-12-16T23:25:19.148357+00:00
2945,1765927519.168606,2025-12-16T23:25:19.168609+00:00
2946,1765927519.1862268,2025-12-16T23:25:19.186227+00:00
2947,1765927519.2059898,2025-12-16T23:25:19.205993+00:00
2948,1765927519.225337,2025-12-16T23:25:19.225338+00:00
2949,1765927519.246203,2025-12-16T23:25:19.246207+00:00
2950,1765927519.2637482,2025-12-16T23:25:19.263750+00:00
2951,1765927519.28384,2025-12-16T23:25:19.283845+00:00
2952,1765927519.301326,2025-12-16T23:25:19.301332+00:00
2953,1765927519.322211,2025-12-16T23:25:19.322214+00:00
2954,1765927519.342377,2025-12-16T23:25:19.342378+00:00
2955,1765927519.359658,2025-12-16T23:25:19.359660+00:00
2956,1765927519.376986,2025-12-16T23:25:19.376987+00:00
2957,1765927519.3969831,2025-12-16T23:25:19.396986+00:00
2958,1765927519.415979,2025-12-16T23:25:19.415984+00:00
2959,1765927519.4368699,2025-12-16T23:25:19.436876+00:00
2960,1765927519.456971,2025-12-16T23:25:19.456976+00:00
2961,1765927519.47531,2025-12-16T23:25:19.475314+00:00
2962,1765927519.496191,2025-12-16T23:25:19.496194+00:00
2963,1765927519.517079,2025-12-16T23:25:19.517081+00:00
2964,1765927519.537874,2025-12-16T23:25:19.537878+00:00
2965,1765927519.558192,2025-12-16T23:25:19.558194+00:00
2966,1765927519.5751832,2025-12-16T23:25:19.575189+00:00
2967,1765927519.5961332,2025-12-16T23:25:19.596138+00:00
2968,1765927519.615711,2025-12-16T23:25:19.615717+00:00
2969,1765927519.63344,2025-12-16T23:25:19.633443+00:00
2970,1765927519.65022,2025-12-16T23:25:19.650229+00:00
2971,1765927519.6705449,2025-12-16T23:25:19.670552+00:00
2972,1765927519.691228,2025-12-16T23:25:19.691232+00:00
2973,1765927519.7121332,2025-12-16T23:25:19.712136+00:00
2974,1765927519.733012,2025-12-16T23:25:19.733013+00:00
2975,1765927519.7503748,2025-12-16T23:25:19.750379+00:00
2976,1765927519.771263,2025-12-16T23:25:19.771266+00:00
2977,1765927519.792137,2025-12-16T23:25:19.792141+00:00
2978,1765927519.812243,2025-12-16T23:25:19.812247+00:00
2979,1765927519.833131,2025-12-16T23:25:19.833133+00:00
2980,1765927519.852156,2025-12-16T23:25:19.852160+00:00
2981,1765927519.873077,2025-12-16T23:25:19.873082+00:00
2982,1765927519.892931,2025-12-16T23:25:19.892937+00:00
2983,1765927519.913839,2025-12-16T23:25:19.913843+00:00
2984,1765927519.934714,2025-12-16T23:25:19.934721+00:00
2985,1765927519.954977,2025-12-16T23:25:19.954978+00:00
2986,1765927519.973221,2025-12-16T23:25:19.973224+00:00
2987,1765927519.993933,2025-12-16T23:25:19.993938+00:00
2988,1765927520.013636,2025-12-16T23:25:20.013639+00:00
2989,1765927520.034592,2025-12-16T23:25:20.034594+00:00
2990,1765927520.055459,2025-12-16T23:25:20.055463+00:00
2991,1765927520.076334,2025-12-16T23:25:20.076335+00:00
2992,1765927520.0942268,2025-12-16T23:25:20.094252+00:00
2993,1765927520.115102,2025-12-16T23:25:20.115102+00:00
2994,1765927520.1338,2025-12-16T23:25:20.133810+00:00
2995,1765927520.1534731,2025-12-16T23:25:20.153477+00:00
2996,1765927520.174141,2025-12-16T23:25:20.174143+00:00
2997,1765927520.194078,2025-12-16T23:25:20.194079+00:00
2998,1765927520.214941,2025-12-16T23:25:20.214945+00:00
2999,1765927520.235842,2025-12-16T23:25:20.235845+00:00
3000,1765927520.256717,2025-12-16T23:25:20.256718+00:00
3001,1765927520.2775838,2025-12-16T23:25:20.277591+00:00
3002,1765927520.296104,2025-12-16T23:25:20.296109+00:00
3003,1765927520.317023,2025-12-16T23:25:20.317039+00:00
3004,1765927520.337245,2025-12-16T23:25:20.337247+00:00
3005,1765927520.3557389,2025-12-16T23:25:20.355742+00:00
3006,1765927520.376621,2025-12-16T23:25:20.376625+00:00
3007,1765927520.397502,2025-12-16T23:25:20.397505+00:00
3008,1765927520.4161332,2025-12-16T23:25:20.416138+00:00
3009,1765927520.433842,2025-12-16T23:25:20.433845+00:00
3010,1765927520.454874,2025-12-16T23:25:20.454877+00:00
3011,1765927520.473024,2025-12-16T23:25:20.473027+00:00
3012,1765927520.4939,2025-12-16T23:25:20.493905+00:00
3013,1765927520.514812,2025-12-16T23:25:20.514817+00:00
3014,1765927520.534613,2025-12-16T23:25:20.534615+00:00
3015,1765927520.5554821,2025-12-16T23:25:20.555487+00:00
3016,1765927520.575076,2025-12-16T23:25:20.575090+00:00
3017,1765927520.5959969,2025-12-16T23:25:20.595999+00:00
3018,1765927520.616852,2025-12-16T23:25:20.616853+00:00
3019,1765927520.637164,2025-12-16T23:25:20.637173+00:00
3020,1765927520.658067,2025-12-16T23:25:20.658068+00:00
3021,1765927520.677124,2025-12-16T23:25:20.677128+00:00
3022,1765927520.695609,2025-12-16T23:25:20.695615+00:00
3023,1765927520.716526,2025-12-16T23:25:20.716532+00:00
3024,1765927520.7366002,2025-12-16T23:25:20.736603+00:00
3025,1765927520.75725,2025-12-16T23:25:20.757251+00:00
3026,1765927520.77457,2025-12-16T23:25:20.774575+00:00
3027,1765927520.79299,2025-12-16T23:25:20.792992+00:00
3028,1765927520.809716,2025-12-16T23:25:20.809722+00:00
3029,1765927520.8306031,2025-12-16T23:25:20.830606+00:00
3030,1765927520.850759,2025-12-16T23:25:20.850766+00:00
3031,1765927520.867902,2025-12-16T23:25:20.867903+00:00
3032,1765927520.886815,2025-12-16T23:25:20.886818+00:00
3033,1765927520.906294,2025-12-16T23:25:20.906297+00:00
3034,1765927520.9256709,2025-12-16T23:25:20.925673+00:00
3035,1765927520.946263,2025-12-16T23:25:20.946265+00:00
3036,1765927520.96712,2025-12-16T23:25:20.967122+00:00
3037,1765927520.98411,2025-12-16T23:25:20.984114+00:00
3038,1765927521.005014,2025-12-16T23:25:21.005019+00:00
3039,1765927521.02589,2025-12-16T23:25:21.025893+00:00
3040,1765927521.043147,2025-12-16T23:25:21.043149+00:00
3041,1765927521.063222,2025-12-16T23:25:21.063224+00:00
3042,1765927521.0835059,2025-12-16T23:25:21.083507+00:00
3043,1765927521.103359,2025-12-16T23:25:21.103360+00:00
3044,1765927521.122336,2025-12-16T23:25:21.122338+00:00
3045,1765927521.143203,2025-12-16T23:25:21.143206+00:00
3046,1765927521.161982,2025-12-16T23:25:21.161983+00:00
3047,1765927521.17907,2025-12-16T23:25:21.179076+00:00
3048,1765927521.199988,2025-12-16T23:25:21.200007+00:00
3049,1765927521.21956,2025-12-16T23:25:21.219563+00:00
3050,1765927521.240439,2025-12-16T23:25:21.240443+00:00
3051,1765927521.258475,2025-12-16T23:25:21.258479+00:00
3052,1765927521.2760808,2025-12-16T23:25:21.276096+00:00
3053,1765927521.294341,2025-12-16T23:25:21.294354+00:00
3054,1765927521.3122098,2025-12-16T23:25:21.312216+00:00
3055,1765927521.3331132,2025-12-16T23:25:21.333119+00:00
3056,1765927521.3503711,2025-12-16T23:25:21.350375+00:00
3057,1765927521.371308,2025-12-16T23:25:21.371312+00:00
3058,1765927521.388298,2025-12-16T23:25:21.388304+00:00
3059,1765927521.406388,2025-12-16T23:25:21.406392+00:00
3060,1765927521.426241,2025-12-16T23:25:21.426243+00:00
3061,1765927521.447104,2025-12-16T23:25:21.447108+00:00
3062,1765927521.4670131,2025-12-16T23:25:21.467017+00:00
3063,1765927521.485162,2025-12-16T23:25:21.485165+00:00
3064,1765927521.506028,2025-12-16T23:25:21.506032+00:00
3065,1765927521.524402,2025-12-16T23:25:21.524409+00:00
3066,1765927521.542262,2025-12-16T23:25:21.542264+00:00
3067,1765927521.5631201,2025-12-16T23:25:21.563121+00:00
3068,1765927521.582517,2025-12-16T23:25:21.582518+00:00
3069,1765927521.6018748,2025-12-16T23:25:21.601879+00:00
3070,1765927521.622764,2025-12-16T23:25:21.622766+00:00
3071,1765927521.6420622,2025-12-16T23:25:21.642063+00:00
3072,1765927521.662675,2025-12-16T23:25:21.662678+00:00
3073,1765927521.683538,2025-12-16T23:25:21.683540+00:00
3074,1765927521.70442,2025-12-16T23:25:21.704426+00:00
3075,1765927521.722194,2025-12-16T23:25:21.722200+00:00
3076,1765927521.741803,2025-12-16T23:25:21.741805+00:00
3077,1765927521.758513,2025-12-16T23:25:21.758514+00:00
3078,1765927521.779383,2025-12-16T23:25:21.779388+00:00
3079,1765927521.797764,2025-12-16T23:25:21.797774+00:00
3080,1765927521.818677,2025-12-16T23:25:21.818679+00:00
3081,1765927521.8363268,2025-12-16T23:25:21.836331+00:00
3082,1765927521.854152,2025-12-16T23:25:21.854153+00:00
3083,1765927521.8750029,2025-12-16T23:25:21.875003+00:00
3084,1765927521.892548,2025-12-16T23:25:21.892548+00:00
3085,1765927521.909714,2025-12-16T23:25:21.909726+00:00
3086,1765927521.929464,2025-12-16T23:25:21.929465+00:00
3087,1765927521.9503338,2025-12-16T23:25:21.950337+00:00
3088,1765927521.971219,2025-12-16T23:25:21.971223+00:00
3089,1765927521.989214,2025-12-16T23:25:21.989216+00:00
3090,1765927522.0097642,2025-12-16T23:25:22.009767+00:00
3091,1765927522.028969,2025-12-16T23:25:22.028974+00:00
3092,1765927522.047455,2025-12-16T23:25:22.047457+00:00
3093,1765927522.067183,2025-12-16T23:25:22.067184+00:00
3094,1765927522.085536,2025-12-16T23:25:22.085537+00:00
3095,1765927522.104526,2025-12-16T23:25:22.104531+00:00
3096,1765927522.1241841,2025-12-16T23:25:22.124185+00:00
3097,1765927522.145034,2025-12-16T23:25:22.145035+00:00
3098,1765927522.165889,2025-12-16T23:25:22.165893+00:00
3099,1765927522.1843069,2025-12-16T23:25:22.184311+00:00
3100,1765927522.204473,2025-12-16T23:25:22.204474+00:00
3101,1765927522.22278,2025-12-16T23:25:22.222785+00:00
3102,1765927522.243691,2025-12-16T23:25:22.243694+00:00
3103,1765927522.263506,2025-12-16T23:25:22.263511+00:00
3104,1765927522.2838452,2025-12-16T23:25:22.283850+00:00
3105,1765927522.302799,2025-12-16T23:25:22.302801+00:00
3106,1765927522.323665,2025-12-16T23:25:22.323667+00:00
3107,1765927522.34218,2025-12-16T23:25:22.342181+00:00
3108,1765927522.36303,2025-12-16T23:25:22.363031+00:00
3109,1765927522.383795,2025-12-16T23:25:22.383798+00:00
3110,1765927522.4039261,2025-12-16T23:25:22.403927+00:00
3111,1765927522.421855,2025-12-16T23:25:22.421862+00:00
3112,1765927522.43941,2025-12-16T23:25:22.439416+00:00
3113,1765927522.456866,2025-12-16T23:25:22.456877+00:00
3114,1765927522.474823,2025-12-16T23:25:22.474827+00:00
3115,1765927522.492567,2025-12-16T23:25:22.492591+00:00
3116,1765927522.513494,2025-12-16T23:25:22.513497+00:00
3117,1765927522.53437,2025-12-16T23:25:22.534373+00:00
3118,1765927522.55525,2025-12-16T23:25:22.555254+00:00
3119,1765927522.5761468,2025-12-16T23:25:22.576149+00:00
3120,1765927522.5971122,2025-12-16T23:25:22.597116+00:00
3121,1765927522.617991,2025-12-16T23:25:22.617994+00:00
3122,1765927522.6367779,2025-12-16T23:25:22.636782+00:00
3123,1765927522.6544309,2025-12-16T23:25:22.654436+00:00
3124,1765927522.6753259,2025-12-16T23:25:22.675328+00:00
3125,1765927522.693242,2025-12-16T23:25:22.693247+00:00
3126,1765927522.713515,2025-12-16T23:25:22.713518+00:00
3127,1765927522.7326589,2025-12-16T23:25:22.732666+00:00
3128,1765927522.753522,2025-12-16T23:25:22.753523+00:00
3129,1765927522.771111,2025-12-16T23:25:22.771112+00:00
3130,1765927522.791739,2025-12-16T23:25:22.791744+00:00
3131,1765927522.808645,2025-12-16T23:25:22.808650+00:00
3132,1765927522.829549,2025-12-16T23:25:22.829554+00:00
3133,1765927522.850451,2025-12-16T23:25:22.850455+00:00
3134,1765927522.86858,2025-12-16T23:25:22.868582+00:00
3135,1765927522.888018,2025-12-16T23:25:22.888031+00:00
3136,1765927522.908067,2025-12-16T23:25:22.908068+00:00
3137,1765927522.928917,2025-12-16T23:25:22.928918+00:00
3138,1765927522.949842,2025-12-16T23:25:22.949843+00:00
3139,1765927522.9675221,2025-12-16T23:25:22.967523+00:00
3140,1765927522.9851992,2025-12-16T23:25:22.985210+00:00
3141,1765927523.002198,2025-12-16T23:25:23.002200+00:00
3142,1765927523.023063,2025-12-16T23:25:23.023066+00:00
3143,1765927523.043395,2025-12-16T23:25:23.043399+00:00
3144,1765927523.0624158,2025-12-16T23:25:23.062417+00:00
3145,1765927523.080149,2025-12-16T23:25:23.080152+00:00
3146,1765927523.098933,2025-12-16T23:25:23.098934+00:00
3147,1765927523.117228,2025-12-16T23:25:23.117228+00:00
3148,1765927523.1380632,2025-12-16T23:25:23.138065+00:00
3149,1765927523.1556768,2025-12-16T23:25:23.155680+00:00
3150,1765927523.1755142,2025-12-16T23:25:23.175519+00:00
3151,1765927523.194643,2025-12-16T23:25:23.194649+00:00
3152,1765927523.215641,2025-12-16T23:25:23.215644+00:00
3153,1765927523.2355998,2025-12-16T23:25:23.235604+00:00
3154,1765927523.255081,2025-12-16T23:25:23.255083+00:00
3155,1765927523.27475,2025-12-16T23:25:23.274758+00:00
3156,1765927523.2917702,2025-12-16T23:25:23.291773+00:00
3157,1765927523.309572,2025-12-16T23:25:23.309575+00:00
3158,1765927523.3304489,2025-12-16T23:25:23.330450+00:00
3159,1765927523.3500721,2025-12-16T23:25:23.350075+00:00
3160,1765927523.370188,2025-12-16T23:25:23.370191+00:00
3161,1765927523.389005,2025-12-16T23:25:23.389010+00:00
3162,1765927523.408716,2025-12-16T23:25:23.408727+00:00
3163,1765927523.4291909,2025-12-16T23:25:23.429193+00:00
3164,1765927523.449722,2025-12-16T23:25:23.449728+00:00
3165,1765927523.470363,2025-12-16T23:25:23.470369+00:00
3166,1765927523.490357,2025-12-16T23:25:23.490360+00:00
3167,1765927523.511241,2025-12-16T23:25:23.511244+00:00
3168,1765927523.531955,2025-12-16T23:25:23.531958+00:00
3169,1765927523.5528362,2025-12-16T23:25:23.552837+00:00
3170,1765927523.5725398,2025-12-16T23:25:23.572544+00:00
3171,1765927523.590061,2025-12-16T23:25:23.590088+00:00
3172,1765927523.6091368,2025-12-16T23:25:23.609141+00:00
3173,1765927523.6265228,2025-12-16T23:25:23.626532+00:00
3174,1765927523.647435,2025-12-16T23:25:23.647436+00:00
3175,1765927523.668303,2025-12-16T23:25:23.668306+00:00
3176,1765927523.685754,2025-12-16T23:25:23.685756+00:00
3177,1765927523.7024949,2025-12-16T23:25:23.702498+00:00
3178,1765927523.720146,2025-12-16T23:25:23.720148+00:00
3179,1765927523.7374442,2025-12-16T23:25:23.737447+00:00
3180,1765927523.754693,2025-12-16T23:25:23.754697+00:00
3181,1765927523.7738838,2025-12-16T23:25:23.773885+00:00
3182,1765927523.792723,2025-12-16T23:25:23.792735+00:00
3183,1765927523.811692,2025-12-16T23:25:23.811699+00:00
3184,1765927523.833,2025-12-16T23:25:23.833004+00:00
3185,1765927523.85042,2025-12-16T23:25:23.850426+00:00
3186,1765927523.871427,2025-12-16T23:25:23.871429+00:00
3187,1765927523.8923059,2025-12-16T23:25:23.892308+00:00
3188,1765927523.913165,2025-12-16T23:25:23.913170+00:00
3189,1765927523.934072,2025-12-16T23:25:23.934075+00:00
3190,1765927523.9549272,2025-12-16T23:25:23.954928+00:00
3191,1765927523.975616,2025-12-16T23:25:23.975617+00:00
3192,1765927523.995578,2025-12-16T23:25:23.995579+00:00
3193,1765927524.015977,2025-12-16T23:25:24.015985+00:00
3194,1765927524.033916,2025-12-16T23:25:24.033920+00:00
3195,1765927524.054789,2025-12-16T23:25:24.054792+00:00
3196,1765927524.075655,2025-12-16T23:25:24.075655+00:00
3197,1765927524.096514,2025-12-16T23:25:24.096515+00:00
3198,1765927524.117216,2025-12-16T23:25:24.117217+00:00
3199,1765927524.1345038,2025-12-16T23:25:24.134509+00:00
3200,1765927524.1553652,2025-12-16T23:25:24.155368+00:00
3201,1765927524.172389,2025-12-16T23:25:24.172391+00:00
3202,1765927524.193242,2025-12-16T23:25:24.193243+00:00
3203,1765927524.2141068,2025-12-16T23:25:24.214111+00:00
3204,1765927524.232146,2025-12-16T23:25:24.232147+00:00
3205,1765927524.251283,2025-12-16T23:25:24.251287+00:00
3206,1765927524.270169,2025-12-16T23:25:24.270172+00:00
3207,1765927524.291032,2025-12-16T23:25:24.291034+00:00
3208,1765927524.311211,2025-12-16T23:25:24.311217+00:00
3209,1765927524.332127,2025-12-16T23:25:24.332130+00:00
3210,1765927524.351285,2025-12-16T23:25:24.351290+00:00
3211,1765927524.370983,2025-12-16T23:25:24.370984+00:00
3212,1765927524.391835,2025-12-16T23:25:24.391838+00:00
3213,1765927524.412715,2025-12-16T23:25:24.412716+00:00
3214,1765927524.432734,2025-12-16T23:25:24.432737+00:00
3215,1765927524.450562,2025-12-16T23:25:24.450565+00:00
3216,1765927524.4714901,2025-12-16T23:25:24.471496+00:00
3217,1765927524.4924061,2025-12-16T23:25:24.492410+00:00
3218,1765927524.513292,2025-12-16T23:25:24.513295+00:00
3219,1765927524.533637,2025-12-16T23:25:24.533641+00:00
3220,1765927524.5545301,2025-12-16T23:25:24.554534+00:00
3221,1765927524.5754418,2025-12-16T23:25:24.575448+00:00
3222,1765927524.596365,2025-12-16T23:25:24.596373+00:00
3223,1765927524.614914,2025-12-16T23:25:24.615016+00:00
3224,1765927524.635914,2025-12-16T23:25:24.635919+00:00
3225,1765927524.656822,2025-12-16T23:25:24.656824+00:00
3226,1765927524.67529,2025-12-16T23:25:24.675294+00:00
3227,1765927524.6961741,2025-12-16T23:25:24.696180+00:00
3228,1765927524.714168,2025-12-16T23:25:24.714170+00:00
3229,1765927524.7333949,2025-12-16T23:25:24.733398+00:00
3230,1765927524.752427,2025-12-16T23:25:24.752428+00:00
3231,1765927524.770575,2025-12-16T23:25:24.770576+00:00
3232,1765927524.790285,2025-12-16T23:25:24.790285+00:00
3233,1765927524.81059,2025-12-16T23:25:24.810593+00:00
3234,1765927524.829779,2025-12-16T23:25:24.829782+00:00
3235,1765927524.850649,2025-12-16T23:25:24.850651+00:00
3236,1765927524.869792,2025-12-16T23:25:24.869798+00:00
3237,1765927524.8907032,2025-12-16T23:25:24.890708+00:00
3238,1765927524.911604,2025-12-16T23:25:24.911611+00:00
3239,1765927524.9325042,2025-12-16T23:25:24.932506+00:00
3240,1765927524.950342,2025-12-16T23:25:24.950346+00:00
3241,1765927524.9685152,2025-12-16T23:25:24.968518+00:00
3242,1765927524.9893818,2025-12-16T23:25:24.989383+00:00
3243,1765927525.009077,2025-12-16T23:25:25.009078+00:00
3244,1765927525.026528,2025-12-16T23:25:25.026529+00:00
3245,1765927525.045463,2025-12-16T23:25:25.045473+00:00
3246,1765927525.066386,2025-12-16T23:25:25.066387+00:00
3247,1765927525.087269,2025-12-16T23:25:25.087272+00:00
3248,1765927525.106678,2025-12-16T23:25:25.106682+00:00
3249,1765927525.125484,2025-12-16T23:25:25.125486+00:00
3250,1765927525.1463292,2025-12-16T23:25:25.146333+00:00
3251,1765927525.1672692,2025-12-16T23:25:25.167272+00:00
3252,1765927525.1881442,2025-12-16T23:25:25.188150+00:00
3253,1765927525.208757,2025-12-16T23:25:25.208763+00:00
3254,1765927525.22546,2025-12-16T23:25:25.225461+00:00
3255,1765927525.246331,2025-12-16T23:25:25.246335+00:00
3256,1765927525.263983,2025-12-16T23:25:25.263985+00:00
3257,1765927525.2817621,2025-12-16T23:25:25.281763+00:00
3258,1765927525.298604,2025-12-16T23:25:25.298608+00:00
3259,1765927525.3194828,2025-12-16T23:25:25.319487+00:00
3260,1765927525.3403678,2025-12-16T23:25:25.340369+00:00
3261,1765927525.358901,2025-12-16T23:25:25.358904+00:00
3262,1765927525.379779,2025-12-16T23:25:25.379781+00:00
3263,1765927525.400646,2025-12-16T23:25:25.400649+00:00
3264,1765927525.42151,2025-12-16T23:25:25.421514+00:00
3265,1765927525.4394119,2025-12-16T23:25:25.439415+00:00
3266,1765927525.460279,2025-12-16T23:25:25.460283+00:00
3267,1765927525.480706,2025-12-16T23:25:25.480711+00:00
3268,1765927525.49849,2025-12-16T23:25:25.498494+00:00
3269,1765927525.517079,2025-12-16T23:25:25.517083+00:00
3270,1765927525.537725,2025-12-16T23:25:25.537727+00:00
3271,1765927525.5575411,2025-12-16T23:25:25.557544+00:00
3272,1765927525.575397,2025-12-16T23:25:25.575404+00:00
3273,1765927525.594754,2025-12-16T23:25:25.594755+00:00
3274,1765927525.611815,2025-12-16T23:25:25.611818+00:00
3275,1765927525.630892,2025-12-16T23:25:25.630897+00:00
3276,1765927525.649811,2025-12-16T23:25:25.649814+00:00
3277,1765927525.66699,2025-12-16T23:25:25.666996+00:00
3278,1765927525.6879108,2025-12-16T23:25:25.687915+00:00
3279,1765927525.7061381,2025-12-16T23:25:25.706142+00:00
3280,1765927525.725284,2025-12-16T23:25:25.725290+00:00
3281,1765927525.744373,2025-12-16T23:25:25.744376+00:00
3282,1765927525.7616599,2025-12-16T23:25:25.761664+00:00
3283,1765927525.782529,2025-12-16T23:25:25.782530+00:00
3284,1765927525.803007,2025-12-16T23:25:25.803010+00:00
3285,1765927525.821954,2025-12-16T23:25:25.821957+00:00
3286,1765927525.840981,2025-12-16T23:25:25.840984+00:00
3287,1765927525.858714,2025-12-16T23:25:25.858718+00:00
3288,1765927525.875548,2025-12-16T23:25:25.875553+00:00
3289,1765927525.8929439,2025-12-16T23:25:25.892945+00:00
3290,1765927525.913088,2025-12-16T23:25:25.913089+00:00
3291,1765927525.933624,2025-12-16T23:25:25.933624+00:00
3292,1765927525.9511669,2025-12-16T23:25:25.951168+00:00
3293,1765927525.969573,2025-12-16T23:25:25.969576+00:00
3294,1765927525.988896,2025-12-16T23:25:25.988897+00:00
3295,1765927526.0058298,2025-12-16T23:25:26.005833+00:00
3296,1765927526.023795,2025-12-16T23:25:26.023798+00:00
3297,1765927526.042971,2025-12-16T23:25:26.042974+00:00
3298,1765927526.063305,2025-12-16T23:25:26.063310+00:00
3299,1765927526.08161,2025-12-16T23:25:26.081611+00:00
3300,1765927526.101253,2025-12-16T23:25:26.101254+00:00
3301,1765927526.122117,2025-12-16T23:25:26.122119+00:00
3302,1765927526.142762,2025-12-16T23:25:26.142766+00:00
3303,1765927526.163692,2025-12-16T23:25:26.163696+00:00
3304,1765927526.1818209,2025-12-16T23:25:26.181826+00:00
3305,1765927526.200277,2025-12-16T23:25:26.200286+00:00
3306,1765927526.219719,2025-12-16T23:25:26.219724+00:00
3307,1765927526.2406,2025-12-16T23:25:26.240602+00:00
3308,1765927526.26145,2025-12-16T23:25:26.261450+00:00
3309,1765927526.282312,2025-12-16T23:25:26.282317+00:00
3310,1765927526.300856,2025-12-16T23:25:26.300858+00:00
3311,1765927526.3217201,2025-12-16T23:25:26.321723+00:00
3312,1765927526.342282,2025-12-16T23:25:26.342283+00:00
3313,1765927526.3590631,2025-12-16T23:25:26.359067+00:00
3314,1765927526.3799522,2025-12-16T23:25:26.379955+00:00
3315,1765927526.397194,2025-12-16T23:25:26.397197+00:00
3316,1765927526.417238,2025-12-16T23:25:26.417241+00:00
3317,1765927526.4345841,2025-12-16T23:25:26.434588+00:00
3318,1765927526.455476,2025-12-16T23:25:26.455479+00:00
3319,1765927526.4729621,2025-12-16T23:25:26.472964+00:00
3320,1765927526.4921348,2025-12-16T23:25:26.492137+00:00
3321,1765927526.51268,2025-12-16T23:25:26.512685+00:00
3322,1765927526.533587,2025-12-16T23:25:26.533588+00:00
3323,1765927526.5544488,2025-12-16T23:25:26.554454+00:00
3324,1765927526.5749362,2025-12-16T23:25:26.574938+00:00
3325,1765927526.5957918,2025-12-16T23:25:26.595794+00:00
3326,1765927526.613823,2025-12-16T23:25:26.613826+00:00
3327,1765927526.630947,2025-12-16T23:25:26.630948+00:00
3328,1765927526.655128,2025-12-16T23:25:26.655129+00:00
3329,1765927526.675988,2025-12-16T23:25:26.675993+00:00
3330,1765927526.69615,2025-12-16T23:25:26.696152+00:00
3331,1765927526.7170088,2025-12-16T23:25:26.717010+00:00
3332,1765927526.737374,2025-12-16T23:25:26.737376+00:00
3333,1765927526.7582452,2025-12-16T23:25:26.758250+00:00
3334,1765927526.778213,2025-12-16T23:25:26.778218+00:00
3335,1765927526.798003,2025-12-16T23:25:26.798008+00:00
3336,1765927526.8177412,2025-12-16T23:25:26.817745+00:00
3337,1765927526.838625,2025-12-16T23:25:26.838629+00:00
3338,1765927526.856098,2025-12-16T23:25:26.856101+00:00
3339,1765927526.876242,2025-12-16T23:25:26.876245+00:00
3340,1765927526.8971279,2025-12-16T23:25:26.897131+00:00
3341,1765927526.916408,2025-12-16T23:25:26.916438+00:00
3342,1765927526.934238,2025-12-16T23:25:26.934244+00:00
3343,1765927526.952163,2025-12-16T23:25:26.952166+00:00
3344,1765927526.9730408,2025-12-16T23:25:26.973043+00:00
3345,1765927526.990043,2025-12-16T23:25:26.990047+00:00
3346,1765927527.008575,2025-12-16T23:25:27.008576+00:00
3347,1765927527.029435,2025-12-16T23:25:27.029437+00:00
3348,1765927527.050217,2025-12-16T23:25:27.050218+00:00
3349,1765927527.0677602,2025-12-16T23:25:27.067763+00:00
3350,1765927527.088661,2025-12-16T23:25:27.088662+00:00
3351,1765927527.109523,2025-12-16T23:25:27.109526+00:00
3352,1765927527.13041,2025-12-16T23:25:27.130414+00:00
3353,1765927527.150363,2025-12-16T23:25:27.150366+00:00
3354,1765927527.170291,2025-12-16T23:25:27.170295+00:00
3355,1765927527.190194,2025-12-16T23:25:27.190199+00:00
3356,1765927527.208811,2025-12-16T23:25:27.208816+00:00
3357,1765927527.229391,2025-12-16T23:25:27.229499+00:00
3358,1765927527.2505999,2025-12-16T23:25:27.250604+00:00
3359,1765927527.2741241,2025-12-16T23:25:27.274126+00:00
3360,1765927527.2920089,2025-12-16T23:25:27.292010+00:00
3361,1765927527.312074,2025-12-16T23:25:27.312078+00:00
3362,1765927527.332979,2025-12-16T23:25:27.332983+00:00
3363,1765927527.3538618,2025-12-16T23:25:27.353866+00:00
3364,1765927527.374749,2025-12-16T23:25:27.374752+00:00
3365,1765927527.392669,2025-12-16T23:25:27.392676+00:00
3366,1765927527.4135659,2025-12-16T23:25:27.413569+00:00
3367,1765927527.4340239,2025-12-16T23:25:27.434027+00:00
3368,1765927527.4514189,2025-12-16T23:25:27.451422+00:00
3369,1765927527.472289,2025-12-16T23:25:27.472293+00:00
3370,1765927527.489653,2025-12-16T23:25:27.489660+00:00
3371,1765927527.50756,2025-12-16T23:25:27.507562+00:00
3372,1765927527.52843,2025-12-16T23:25:27.528433+00:00
3373,1765927527.549315,2025-12-16T23:25:27.549316+00:00
3374,1765927527.5663471,2025-12-16T23:25:27.566349+00:00
3375,1765927527.587214,2025-12-16T23:25:27.587215+00:00
3376,1765927527.6043038,2025-12-16T23:25:27.604306+00:00
3377,1765927527.622582,2025-12-16T23:25:27.622585+00:00
3378,1765927527.6434948,2025-12-16T23:25:27.643499+00:00
3379,1765927527.664405,2025-12-16T23:25:27.664406+00:00
3380,1765927527.683429,2025-12-16T23:25:27.683432+00:00
3381,1765927527.7032251,2025-12-16T23:25:27.703227+00:00
3382,1765927527.724094,2025-12-16T23:25:27.724096+00:00
3383,1765927527.744859,2025-12-16T23:25:27.744860+00:00
3384,1765927527.7657259,2025-12-16T23:25:27.765731+00:00
3385,1765927527.78428,2025-12-16T23:25:27.784285+00:00
3386,1765927527.803571,2025-12-16T23:25:27.803604+00:00
3387,1765927527.824497,2025-12-16T23:25:27.824505+00:00
3388,1765927527.8453162,2025-12-16T23:25:27.845321+00:00
3389,1765927527.8662121,2025-12-16T23:25:27.866214+00:00
3390,1765927527.883877,2025-12-16T23:25:27.883877+00:00
3391,1765927527.904408,2025-12-16T23:25:27.904409+00:00
3392,1765927527.921443,2025-12-16T23:25:27.921443+00:00
3393,1765927527.941709,2025-12-16T23:25:27.941710+00:00
3394,1765927527.96041,2025-12-16T23:25:27.960415+00:00
3395,1765927527.9813151,2025-12-16T23:25:27.981318+00:00
3396,1765927528.002176,2025-12-16T23:25:28.002178+00:00
3397,1765927528.0210612,2025-12-16T23:25:28.021064+00:00
3398,1765927528.03895,2025-12-16T23:25:28.038954+00:00
3399,1765927528.0585542,2025-12-16T23:25:28.058558+00:00
3400,1765927528.07527,2025-12-16T23:25:28.075271+00:00
3401,1765927528.096127,2025-12-16T23:25:28.096129+00:00
3402,1765927528.1168199,2025-12-16T23:25:28.116820+00:00
3403,1765927528.133876,2025-12-16T23:25:28.133877+00:00
3404,1765927528.154239,2025-12-16T23:25:28.154241+00:00
3405,1765927528.174169,2025-12-16T23:25:28.174173+00:00
3406,1765927528.191246,2025-12-16T23:25:28.191251+00:00
3407,1765927528.212138,2025-12-16T23:25:28.212139+00:00
3408,1765927528.2330089,2025-12-16T23:25:28.233013+00:00
3409,1765927528.2525299,2025-12-16T23:25:28.252534+00:00
3410,1765927528.273416,2025-12-16T23:25:28.273416+00:00
3411,1765927528.2920792,2025-12-16T23:25:28.292081+00:00
3412,1765927528.310865,2025-12-16T23:25:28.310869+00:00
3413,1765927528.3317828,2025-12-16T23:25:28.331792+00:00
3414,1765927528.3527198,2025-12-16T23:25:28.352725+00:00
3415,1765927528.373606,2025-12-16T23:25:28.373610+00:00
3416,1765927528.392241,2025-12-16T23:25:28.392242+00:00
3417,1765927528.413088,2025-12-16T23:25:28.413089+00:00
3418,1765927528.433874,2025-12-16T23:25:28.433876+00:00
3419,1765927528.454062,2025-12-16T23:25:28.454067+00:00
3420,1765927528.470863,2025-12-16T23:25:28.470866+00:00
3421,1765927528.492194,2025-12-16T23:25:28.492202+00:00
3422,1765927528.513057,2025-12-16T23:25:28.513058+00:00
3423,1765927528.533831,2025-12-16T23:25:28.533834+00:00
3424,1765927528.554713,2025-12-16T23:25:28.554751+00:00
3425,1765927528.574048,2025-12-16T23:25:28.574051+00:00
3426,1765927528.592433,2025-12-16T23:25:28.592444+00:00
