frame_index,timestamp_unix,timestamp_iso
0,1765395001.521974,2025-12-10T19:30:01.521977+00:00
1,1765395001.539115,2025-12-10T19:30:01.539296+00:00
2,1765395001.560256,2025-12-10T19:30:01.560260+00:00
3,1765395001.577429,2025-12-10T19:30:01.577436+00:00
4,1765395001.5984168,2025-12-10T19:30:01.598426+00:00
5,1765395001.61933,2025-12-10T19:30:01.619336+00:00
6,1765395001.637024,2025-12-10T19:30:01.637028+00:00
7,1765395001.657909,2025-12-10T19:30:01.657912+00:00
8,1765395001.677422,2025-12-10T19:30:01.677423+00:00
9,1765395001.698286,2025-12-10T19:30:01.698288+00:00
10,1765395001.719154,2025-12-10T19:30:01.719158+00:00
11,1765395001.740026,2025-12-10T19:30:01.740028+00:00
12,1765395001.760763,2025-12-10T19:30:01.760766+00:00
13,1765395001.77767,2025-12-10T19:30:01.777672+00:00
14,1765395001.798539,2025-12-10T19:30:01.798542+00:00
15,1765395001.819423,2025-12-10T19:30:01.819424+00:00
16,1765395001.8402681,2025-12-10T19:30:01.840268+00:00
17,1765395001.861109,2025-12-10T19:30:01.861110+00:00
18,1765395001.881966,2025-12-10T19:30:01.881967+00:00
19,1765395001.9028292,2025-12-10T19:30:01.902830+00:00
20,1765395001.92369,2025-12-10T19:30:01.923691+00:00
21,1765395001.944551,2025-12-10T19:30:01.944551+00:00
22,1765395001.9654112,2025-12-10T19:30:01.965411+00:00
23,1765395001.986271,2025-12-10T19:30:01.986271+00:00
24,1765395002.007134,2025-12-10T19:30:02.007134+00:00
25,1765395002.0280058,2025-12-10T19:30:02.028011+00:00
26,1765395002.0489118,2025-12-10T19:30:02.048915+00:00
27,1765395002.0698009,2025-12-10T19:30:02.069809+00:00
28,1765395002.087863,2025-12-10T19:30:02.087867+00:00
29,1765395002.10876,2025-12-10T19:30:02.108763+00:00
30,1765395002.12832,2025-12-10T19:30:02.128322+00:00
31,1765395002.148649,2025-12-10T19:30:02.148656+00:00
32,1765395002.168056,2025-12-10T19:30:02.168061+00:00
33,1765395002.188962,2025-12-10T19:30:02.188965+00:00
34,1765395002.209474,2025-12-10T19:30:02.209478+00:00
35,1765395002.227447,2025-12-10T19:30:02.227451+00:00
36,1765395002.248333,2025-12-10T19:30:02.248336+00:00
37,1765395002.268895,2025-12-10T19:30:02.268897+00:00
38,1765395002.289786,2025-12-10T19:30:02.289788+00:00
39,1765395002.310687,2025-12-10T19:30:02.310697+00:00
40,1765395002.329895,2025-12-10T19:30:02.329901+00:00
41,1765395002.350819,2025-12-10T19:30:02.350822+00:00
42,1765395002.3717408,2025-12-10T19:30:02.371744+00:00
43,1765395002.392643,2025-12-10T19:30:02.392661+00:00
44,1765395002.41137,2025-12-10T19:30:02.411372+00:00
45,1765395002.4321668,2025-12-10T19:30:02.432169+00:00
46,1765395002.4492779,2025-12-10T19:30:02.449280+00:00
47,1765395002.468083,2025-12-10T19:30:02.468085+00:00
48,1765395002.487175,2025-12-10T19:30:02.487177+00:00
49,1765395002.5080671,2025-12-10T19:30:02.508076+00:00
50,1765395002.529015,2025-12-10T19:30:02.529026+00:00
51,1765395002.54999,2025-12-10T19:30:02.549997+00:00
52,1765395002.571,2025-12-10T19:30:02.571007+00:00
53,1765395002.588068,2025-12-10T19:30:02.588072+00:00
54,1765395002.6075468,2025-12-10T19:30:02.607555+00:00
55,1765395002.62848,2025-12-10T19:30:02.628489+00:00
56,1765395002.645864,2025-12-10T19:30:02.645871+00:00
57,1765395002.666782,2025-12-10T19:30:02.666789+00:00
58,1765395002.684155,2025-12-10T19:30:02.684160+00:00
59,1765395002.7044601,2025-12-10T19:30:02.704467+00:00
60,1765395002.7253802,2025-12-10T19:30:02.725387+00:00
61,1765395002.746279,2025-12-10T19:30:02.746284+00:00
62,1765395002.7638311,2025-12-10T19:30:02.763856+00:00
63,1765395002.780714,2025-12-10T19:30:02.780734+00:00
64,1765395002.798031,2025-12-10T19:30:02.798074+00:00
65,1765395002.814841,2025-12-10T19:30:02.814849+00:00
66,1765395002.835739,2025-12-10T19:30:02.835744+00:00
67,1765395002.8557508,2025-12-10T19:30:02.855756+00:00
68,1765395002.873438,2025-12-10T19:30:02.873443+00:00
69,1765395002.890715,2025-12-10T19:30:02.890722+00:00
70,1765395002.942209,2025-12-10T19:30:02.942214+00:00
71,1765395002.966932,2025-12-10T19:30:02.966937+00:00
72,1765395002.986319,2025-12-10T19:30:02.986325+00:00
73,1765395003.006283,2025-12-10T19:30:03.006287+00:00
74,1765395003.0265112,2025-12-10T19:30:03.026515+00:00
75,1765395003.0467432,2025-12-10T19:30:03.046746+00:00
76,1765395003.0676181,2025-12-10T19:30:03.067621+00:00
77,1765395003.0857432,2025-12-10T19:30:03.085746+00:00
78,1765395003.103699,2025-12-10T19:30:03.103701+00:00
79,1765395003.1242602,2025-12-10T19:30:03.124262+00:00
80,1765395003.1440809,2025-12-10T19:30:03.144084+00:00
81,1765395003.161537,2025-12-10T19:30:03.161539+00:00
82,1765395003.178431,2025-12-10T19:30:03.178433+00:00
83,1765395003.199292,2025-12-10T19:30:03.199295+00:00
84,1765395003.2200708,2025-12-10T19:30:03.220074+00:00
85,1765395003.240938,2025-12-10T19:30:03.240940+00:00
86,1765395003.259744,2025-12-10T19:30:03.259746+00:00
87,1765395003.27935,2025-12-10T19:30:03.279351+00:00
88,1765395003.3002088,2025-12-10T19:30:03.300211+00:00
89,1765395003.31842,2025-12-10T19:30:03.318421+00:00
90,1765395003.33928,2025-12-10T19:30:03.339281+00:00
91,1765395003.360151,2025-12-10T19:30:03.360154+00:00
92,1765395003.381027,2025-12-10T19:30:03.381030+00:00
93,1765395003.401899,2025-12-10T19:30:03.401902+00:00
94,1765395003.420473,2025-12-10T19:30:03.420476+00:00
95,1765395003.439633,2025-12-10T19:30:03.439638+00:00
96,1765395003.461497,2025-12-10T19:30:03.461503+00:00
97,1765395003.478293,2025-12-10T19:30:03.478297+00:00
98,1765395003.4980118,2025-12-10T19:30:03.498016+00:00
99,1765395003.517515,2025-12-10T19:30:03.517518+00:00
100,1765395003.535744,2025-12-10T19:30:03.535745+00:00
101,1765395003.556604,2025-12-10T19:30:03.556608+00:00
102,1765395003.576386,2025-12-10T19:30:03.576390+00:00
103,1765395003.5945861,2025-12-10T19:30:03.594592+00:00
104,1765395003.615492,2025-12-10T19:30:03.615496+00:00
105,1765395003.633905,2025-12-10T19:30:03.633914+00:00
106,1765395003.654829,2025-12-10T19:30:03.654833+00:00
107,1765395003.67344,2025-12-10T19:30:03.673447+00:00
108,1765395003.694367,2025-12-10T19:30:03.694368+00:00
109,1765395003.715286,2025-12-10T19:30:03.715291+00:00
110,1765395003.732171,2025-12-10T19:30:03.732173+00:00
111,1765395003.752548,2025-12-10T19:30:03.752549+00:00
112,1765395003.771551,2025-12-10T19:30:03.771554+00:00
113,1765395003.792432,2025-12-10T19:30:03.792433+00:00
114,1765395003.8133178,2025-12-10T19:30:03.813323+00:00
115,1765395003.830385,2025-12-10T19:30:03.830387+00:00
116,1765395003.847504,2025-12-10T19:30:03.847507+00:00
117,1765395003.868258,2025-12-10T19:30:03.868259+00:00
118,1765395003.885258,2025-12-10T19:30:03.885260+00:00
119,1765395003.903071,2025-12-10T19:30:03.903072+00:00
120,1765395003.923933,2025-12-10T19:30:03.923935+00:00
121,1765395003.944811,2025-12-10T19:30:03.944813+00:00
122,1765395003.9656909,2025-12-10T19:30:03.965696+00:00
123,1765395003.986592,2025-12-10T19:30:03.986595+00:00
124,1765395004.007484,2025-12-10T19:30:04.007487+00:00
125,1765395004.026216,2025-12-10T19:30:04.026221+00:00
126,1765395004.043287,2025-12-10T19:30:04.043291+00:00
127,1765395004.063761,2025-12-10T19:30:04.063762+00:00
128,1765395004.0846322,2025-12-10T19:30:04.084636+00:00
129,1765395004.1016781,2025-12-10T19:30:04.101687+00:00
130,1765395004.119083,2025-12-10T19:30:04.119086+00:00
131,1765395004.139981,2025-12-10T19:30:04.139986+00:00
132,1765395004.160011,2025-12-10T19:30:04.160012+00:00
133,1765395004.1809652,2025-12-10T19:30:04.180966+00:00
134,1765395004.20182,2025-12-10T19:30:04.201825+00:00
135,1765395004.222045,2025-12-10T19:30:04.222050+00:00
136,1765395004.242929,2025-12-10T19:30:04.242931+00:00
137,1765395004.263909,2025-12-10T19:30:04.263911+00:00
138,1765395004.283359,2025-12-10T19:30:04.283361+00:00
139,1765395004.301335,2025-12-10T19:30:04.301336+00:00
140,1765395004.322211,2025-12-10T19:30:04.322212+00:00
141,1765395004.341783,2025-12-10T19:30:04.341785+00:00
142,1765395004.361975,2025-12-10T19:30:04.361977+00:00
143,1765395004.3828402,2025-12-10T19:30:04.382842+00:00
144,1765395004.401172,2025-12-10T19:30:04.401173+00:00
145,1765395004.4220212,2025-12-10T19:30:04.422021+00:00
146,1765395004.442743,2025-12-10T19:30:04.442744+00:00
147,1765395004.4611452,2025-12-10T19:30:04.461146+00:00
148,1765395004.482322,2025-12-10T19:30:04.482329+00:00
149,1765395004.502422,2025-12-10T19:30:04.502426+00:00
150,1765395004.5233212,2025-12-10T19:30:04.523323+00:00
151,1765395004.542817,2025-12-10T19:30:04.542818+00:00
152,1765395004.560983,2025-12-10T19:30:04.560985+00:00
153,1765395004.581835,2025-12-10T19:30:04.581835+00:00
154,1765395004.602342,2025-12-10T19:30:04.602345+00:00
155,1765395004.6208,2025-12-10T19:30:04.620800+00:00
156,1765395004.6416519,2025-12-10T19:30:04.641653+00:00
157,1765395004.662268,2025-12-10T19:30:04.662268+00:00
158,1765395004.6815732,2025-12-10T19:30:04.681576+00:00
159,1765395004.7024698,2025-12-10T19:30:04.702476+00:00
160,1765395004.720115,2025-12-10T19:30:04.720120+00:00
161,1765395004.7370508,2025-12-10T19:30:04.737055+00:00
162,1765395004.7555158,2025-12-10T19:30:04.755516+00:00
163,1765395004.773333,2025-12-10T19:30:04.773335+00:00
164,1765395004.792301,2025-12-10T19:30:04.792302+00:00
165,1765395004.8131871,2025-12-10T19:30:04.813192+00:00
166,1765395004.833132,2025-12-10T19:30:04.833133+00:00
167,1765395004.853844,2025-12-10T19:30:04.853846+00:00
168,1765395004.8747149,2025-12-10T19:30:04.874720+00:00
169,1765395004.895366,2025-12-10T19:30:04.895372+00:00
170,1765395004.913952,2025-12-10T19:30:04.913956+00:00
171,1765395004.9348412,2025-12-10T19:30:04.934842+00:00
172,1765395004.9558148,2025-12-10T19:30:04.955817+00:00
173,1765395004.975848,2025-12-10T19:30:04.975852+00:00
174,1765395004.993082,2025-12-10T19:30:04.993087+00:00
175,1765395005.009872,2025-12-10T19:30:05.009884+00:00
176,1765395005.029045,2025-12-10T19:30:05.029046+00:00
177,1765395005.049908,2025-12-10T19:30:05.049913+00:00
178,1765395005.069079,2025-12-10T19:30:05.069082+00:00
179,1765395005.089945,2025-12-10T19:30:05.089947+00:00
180,1765395005.110806,2025-12-10T19:30:05.110808+00:00
181,1765395005.131683,2025-12-10T19:30:05.131690+00:00
182,1765395005.149528,2025-12-10T19:30:05.149530+00:00
183,1765395005.1678421,2025-12-10T19:30:05.167845+00:00
184,1765395005.186015,2025-12-10T19:30:05.186016+00:00
185,1765395005.20687,2025-12-10T19:30:05.206873+00:00
186,1765395005.2240279,2025-12-10T19:30:05.224032+00:00
187,1765395005.2427368,2025-12-10T19:30:05.242743+00:00
188,1765395005.263644,2025-12-10T19:30:05.263648+00:00
189,1765395005.284537,2025-12-10T19:30:05.284539+00:00
190,1765395005.301485,2025-12-10T19:30:05.301486+00:00
191,1765395005.3223438,2025-12-10T19:30:05.322345+00:00
192,1765395005.343215,2025-12-10T19:30:05.343218+00:00
193,1765395005.360522,2025-12-10T19:30:05.360522+00:00
194,1765395005.3813848,2025-12-10T19:30:05.381389+00:00
195,1765395005.399729,2025-12-10T19:30:05.399732+00:00
196,1765395005.418846,2025-12-10T19:30:05.418851+00:00
197,1765395005.436523,2025-12-10T19:30:05.436525+00:00
198,1765395005.457388,2025-12-10T19:30:05.457392+00:00
199,1765395005.477972,2025-12-10T19:30:05.477976+00:00
200,1765395005.4959848,2025-12-10T19:30:05.495992+00:00
201,1765395005.516885,2025-12-10T19:30:05.516886+00:00
202,1765395005.536675,2025-12-10T19:30:05.536679+00:00
203,1765395005.554101,2025-12-10T19:30:05.554102+00:00
204,1765395005.573781,2025-12-10T19:30:05.573784+00:00
205,1765395005.59416,2025-12-10T19:30:05.594165+00:00
206,1765395005.615066,2025-12-10T19:30:05.615069+00:00
207,1765395005.6359448,2025-12-10T19:30:05.635949+00:00
208,1765395005.654054,2025-12-10T19:30:05.654057+00:00
209,1765395005.674518,2025-12-10T19:30:05.674522+00:00
210,1765395005.692184,2025-12-10T19:30:05.692187+00:00
211,1765395005.711647,2025-12-10T19:30:05.711647+00:00
212,1765395005.72847,2025-12-10T19:30:05.728471+00:00
213,1765395005.7493749,2025-12-10T19:30:05.749375+00:00
214,1765395005.7673001,2025-12-10T19:30:05.767301+00:00
215,1765395005.787507,2025-12-10T19:30:05.787508+00:00
216,1765395005.808396,2025-12-10T19:30:05.808401+00:00
217,1765395005.8271842,2025-12-10T19:30:05.827186+00:00
218,1765395005.844548,2025-12-10T19:30:05.844550+00:00
219,1765395005.865421,2025-12-10T19:30:05.865424+00:00
220,1765395005.883143,2025-12-10T19:30:05.883144+00:00
221,1765395005.904006,2025-12-10T19:30:05.904008+00:00
222,1765395005.924321,2025-12-10T19:30:05.924323+00:00
223,1765395005.941731,2025-12-10T19:30:05.941732+00:00
224,1765395005.9625862,2025-12-10T19:30:05.962587+00:00
225,1765395005.9796329,2025-12-10T19:30:05.979638+00:00
226,1765395006.000514,2025-12-10T19:30:06.000518+00:00
227,1765395006.021386,2025-12-10T19:30:06.021389+00:00
228,1765395006.039277,2025-12-10T19:30:06.039279+00:00
229,1765395006.0601401,2025-12-10T19:30:06.060141+00:00
230,1765395006.077409,2025-12-10T19:30:06.077411+00:00
231,1765395006.098274,2025-12-10T19:30:06.098276+00:00
232,1765395006.119155,2025-12-10T19:30:06.119155+00:00
233,1765395006.137559,2025-12-10T19:30:06.137562+00:00
234,1765395006.1552699,2025-12-10T19:30:06.155270+00:00
235,1765395006.1761222,2025-12-10T19:30:06.176125+00:00
236,1765395006.193027,2025-12-10T19:30:06.193028+00:00
237,1765395006.2138822,2025-12-10T19:30:06.213882+00:00
238,1765395006.233459,2025-12-10T19:30:06.233461+00:00
239,1765395006.254337,2025-12-10T19:30:06.254340+00:00
240,1765395006.2752159,2025-12-10T19:30:06.275219+00:00
241,1765395006.296128,2025-12-10T19:30:06.296131+00:00
242,1765395006.315045,2025-12-10T19:30:06.315046+00:00
243,1765395006.3332639,2025-12-10T19:30:06.333266+00:00
244,1765395006.3515189,2025-12-10T19:30:06.351525+00:00
245,1765395006.3724349,2025-12-10T19:30:06.372436+00:00
246,1765395006.391478,2025-12-10T19:30:06.391480+00:00
247,1765395006.408205,2025-12-10T19:30:06.408206+00:00
248,1765395006.429085,2025-12-10T19:30:06.429086+00:00
249,1765395006.44993,2025-12-10T19:30:06.449931+00:00
250,1765395006.470788,2025-12-10T19:30:06.470790+00:00
251,1765395006.4916632,2025-12-10T19:30:06.491669+00:00
252,1765395006.5098162,2025-12-10T19:30:06.509821+00:00
253,1765395006.530711,2025-12-10T19:30:06.530712+00:00
254,1765395006.550375,2025-12-10T19:30:06.550378+00:00
255,1765395006.570642,2025-12-10T19:30:06.570644+00:00
256,1765395006.591279,2025-12-10T19:30:06.591280+00:00
257,1765395006.6082282,2025-12-10T19:30:06.608230+00:00
258,1765395006.629117,2025-12-10T19:30:06.629119+00:00
259,1765395006.648892,2025-12-10T19:30:06.648895+00:00
260,1765395006.665785,2025-12-10T19:30:06.665790+00:00
261,1765395006.6833239,2025-12-10T19:30:06.683326+00:00
262,1765395006.703712,2025-12-10T19:30:06.703717+00:00
263,1765395006.721212,2025-12-10T19:30:06.721214+00:00
264,1765395006.742099,2025-12-10T19:30:06.742103+00:00
265,1765395006.7597802,2025-12-10T19:30:06.759783+00:00
266,1765395006.7790852,2025-12-10T19:30:06.779087+00:00
267,1765395006.799857,2025-12-10T19:30:06.799859+00:00
268,1765395006.820717,2025-12-10T19:30:06.820718+00:00
269,1765395006.838018,2025-12-10T19:30:06.838020+00:00
270,1765395006.8579562,2025-12-10T19:30:06.857957+00:00
271,1765395006.879145,2025-12-10T19:30:06.879151+00:00
272,1765395006.900038,2025-12-10T19:30:06.900042+00:00
273,1765395006.9209092,2025-12-10T19:30:06.920909+00:00
274,1765395006.9387982,2025-12-10T19:30:06.938801+00:00
275,1765395006.959689,2025-12-10T19:30:06.959691+00:00
276,1765395006.976681,2025-12-10T19:30:06.976681+00:00
277,1765395006.997565,2025-12-10T19:30:06.997570+00:00
278,1765395007.0184698,2025-12-10T19:30:07.018474+00:00
279,1765395007.0374231,2025-12-10T19:30:07.037428+00:00
280,1765395007.055128,2025-12-10T19:30:07.055133+00:00
281,1765395007.073728,2025-12-10T19:30:07.073731+00:00
282,1765395007.091895,2025-12-10T19:30:07.091900+00:00
283,1765395007.1127858,2025-12-10T19:30:07.112790+00:00
284,1765395007.1336708,2025-12-10T19:30:07.133673+00:00
285,1765395007.151447,2025-12-10T19:30:07.151450+00:00
286,1765395007.169131,2025-12-10T19:30:07.169132+00:00
287,1765395007.186742,2025-12-10T19:30:07.186745+00:00
288,1765395007.204361,2025-12-10T19:30:07.204364+00:00
289,1765395007.225235,2025-12-10T19:30:07.225239+00:00
290,1765395007.244082,2025-12-10T19:30:07.244089+00:00
291,1765395007.263839,2025-12-10T19:30:07.263841+00:00
292,1765395007.2846951,2025-12-10T19:30:07.284695+00:00
293,1765395007.3055592,2025-12-10T19:30:07.305562+00:00
294,1765395007.326526,2025-12-10T19:30:07.326527+00:00
295,1765395007.3447108,2025-12-10T19:30:07.344713+00:00
296,1765395007.365589,2025-12-10T19:30:07.365590+00:00
297,1765395007.3864698,2025-12-10T19:30:07.386474+00:00
298,1765395007.404054,2025-12-10T19:30:07.404056+00:00
299,1765395007.42493,2025-12-10T19:30:07.424934+00:00
300,1765395007.445585,2025-12-10T19:30:07.445587+00:00
301,1765395007.46644,2025-12-10T19:30:07.466441+00:00
302,1765395007.486559,2025-12-10T19:30:07.486565+00:00
303,1765395007.507461,2025-12-10T19:30:07.507465+00:00
304,1765395007.526509,2025-12-10T19:30:07.526531+00:00
305,1765395007.547405,2025-12-10T19:30:07.547405+00:00
306,1765395007.5679429,2025-12-10T19:30:07.567946+00:00
307,1765395007.586012,2025-12-10T19:30:07.586012+00:00
308,1765395007.6039329,2025-12-10T19:30:07.603935+00:00
309,1765395007.624803,2025-12-10T19:30:07.624807+00:00
310,1765395007.6433458,2025-12-10T19:30:07.643348+00:00
311,1765395007.6642141,2025-12-10T19:30:07.664216+00:00
312,1765395007.68509,2025-12-10T19:30:07.685093+00:00
313,1765395007.7059681,2025-12-10T19:30:07.705973+00:00
314,1765395007.7255192,2025-12-10T19:30:07.725522+00:00
315,1765395007.7432058,2025-12-10T19:30:07.743211+00:00
316,1765395007.764113,2025-12-10T19:30:07.764119+00:00
317,1765395007.785013,2025-12-10T19:30:07.785015+00:00
318,1765395007.8059032,2025-12-10T19:30:07.805908+00:00
319,1765395007.826797,2025-12-10T19:30:07.826799+00:00
320,1765395007.847658,2025-12-10T19:30:07.847662+00:00
321,1765395007.867699,2025-12-10T19:30:07.867703+00:00
322,1765395007.8886058,2025-12-10T19:30:07.888610+00:00
323,1765395007.909121,2025-12-10T19:30:07.909123+00:00
324,1765395007.926121,2025-12-10T19:30:07.926123+00:00
325,1765395007.947006,2025-12-10T19:30:07.947007+00:00
326,1765395007.9678888,2025-12-10T19:30:07.967892+00:00
327,1765395007.98656,2025-12-10T19:30:07.986562+00:00
328,1765395008.005622,2025-12-10T19:30:08.005625+00:00
329,1765395008.02626,2025-12-10T19:30:08.026268+00:00
330,1765395008.047171,2025-12-10T19:30:08.047172+00:00
331,1765395008.067924,2025-12-10T19:30:08.067928+00:00
332,1765395008.086025,2025-12-10T19:30:08.086026+00:00
333,1765395008.106876,2025-12-10T19:30:08.106877+00:00
334,1765395008.127737,2025-12-10T19:30:08.127739+00:00
335,1765395008.1469922,2025-12-10T19:30:08.146996+00:00
336,1765395008.167867,2025-12-10T19:30:08.167871+00:00
337,1765395008.1889632,2025-12-10T19:30:08.188968+00:00
338,1765395008.209856,2025-12-10T19:30:08.209858+00:00
339,1765395008.230726,2025-12-10T19:30:08.230730+00:00
340,1765395008.251622,2025-12-10T19:30:08.251626+00:00
341,1765395008.27249,2025-12-10T19:30:08.272492+00:00
342,1765395008.2892742,2025-12-10T19:30:08.289278+00:00
343,1765395008.3090198,2025-12-10T19:30:08.309021+00:00
344,1765395008.327719,2025-12-10T19:30:08.327721+00:00
345,1765395008.350367,2025-12-10T19:30:08.350369+00:00
346,1765395008.372523,2025-12-10T19:30:08.372528+00:00
347,1765395008.3982038,2025-12-10T19:30:08.398208+00:00
348,1765395008.4169679,2025-12-10T19:30:08.417042+00:00
349,1765395008.436063,2025-12-10T19:30:08.436068+00:00
350,1765395008.4527922,2025-12-10T19:30:08.452798+00:00
351,1765395008.4736881,2025-12-10T19:30:08.473693+00:00
352,1765395008.4904761,2025-12-10T19:30:08.490481+00:00
353,1765395008.511008,2025-12-10T19:30:08.511014+00:00
354,1765395008.529608,2025-12-10T19:30:08.529612+00:00
355,1765395008.550508,2025-12-10T19:30:08.550512+00:00
356,1765395008.569063,2025-12-10T19:30:08.569066+00:00
357,1765395008.5899332,2025-12-10T19:30:08.589937+00:00
358,1765395008.610749,2025-12-10T19:30:08.610752+00:00
359,1765395008.6305642,2025-12-10T19:30:08.630587+00:00
360,1765395008.651503,2025-12-10T19:30:08.651506+00:00
361,1765395008.668329,2025-12-10T19:30:08.668370+00:00
362,1765395008.6873379,2025-12-10T19:30:08.687344+00:00
363,1765395008.707666,2025-12-10T19:30:08.707671+00:00
364,1765395008.724863,2025-12-10T19:30:08.724866+00:00
365,1765395008.745736,2025-12-10T19:30:08.745740+00:00
366,1765395008.76402,2025-12-10T19:30:08.764024+00:00
367,1765395008.783652,2025-12-10T19:30:08.783657+00:00
368,1765395008.814104,2025-12-10T19:30:08.814107+00:00
369,1765395008.834989,2025-12-10T19:30:08.834993+00:00
370,1765395008.854191,2025-12-10T19:30:08.854192+00:00
371,1765395008.875079,2025-12-10T19:30:08.875082+00:00
372,1765395008.892031,2025-12-10T19:30:08.892033+00:00
373,1765395008.912884,2025-12-10T19:30:08.912885+00:00
374,1765395008.93237,2025-12-10T19:30:08.932373+00:00
375,1765395008.94996,2025-12-10T19:30:08.949960+00:00
376,1765395008.9708219,2025-12-10T19:30:08.970827+00:00
377,1765395008.99041,2025-12-10T19:30:08.990414+00:00
378,1765395009.011298,2025-12-10T19:30:09.011300+00:00
379,1765395009.029056,2025-12-10T19:30:09.029058+00:00
380,1765395009.049509,2025-12-10T19:30:09.049511+00:00
381,1765395009.069085,2025-12-10T19:30:09.069087+00:00
382,1765395009.089945,2025-12-10T19:30:09.089948+00:00
383,1765395009.1108181,2025-12-10T19:30:09.110819+00:00
384,1765395009.131666,2025-12-10T19:30:09.131666+00:00
385,1765395009.150347,2025-12-10T19:30:09.150349+00:00
386,1765395009.1712132,2025-12-10T19:30:09.171213+00:00
387,1765395009.189214,2025-12-10T19:30:09.189214+00:00
388,1765395009.209974,2025-12-10T19:30:09.209974+00:00
389,1765395009.230839,2025-12-10T19:30:09.230843+00:00
390,1765395009.251731,2025-12-10T19:30:09.251732+00:00
391,1765395009.272605,2025-12-10T19:30:09.272606+00:00
392,1765395009.293466,2025-12-10T19:30:09.293467+00:00
393,1765395009.314326,2025-12-10T19:30:09.314332+00:00
394,1765395009.334578,2025-12-10T19:30:09.334580+00:00
395,1765395009.355459,2025-12-10T19:30:09.355460+00:00
396,1765395009.376317,2025-12-10T19:30:09.376321+00:00
397,1765395009.397043,2025-12-10T19:30:09.397045+00:00
398,1765395009.416478,2025-12-10T19:30:09.416480+00:00
399,1765395009.4360268,2025-12-10T19:30:09.436029+00:00
400,1765395009.4568892,2025-12-10T19:30:09.456891+00:00
401,1765395009.477751,2025-12-10T19:30:09.477753+00:00
402,1765395009.498623,2025-12-10T19:30:09.498627+00:00
403,1765395009.519525,2025-12-10T19:30:09.519529+00:00
404,1765395009.540428,2025-12-10T19:30:09.540434+00:00
405,1765395009.561329,2025-12-10T19:30:09.561333+00:00
406,1765395009.579732,2025-12-10T19:30:09.579734+00:00
407,1765395009.600589,2025-12-10T19:30:09.600590+00:00
408,1765395009.6214359,2025-12-10T19:30:09.621436+00:00
409,1765395009.642286,2025-12-10T19:30:09.642288+00:00
410,1765395009.663177,2025-12-10T19:30:09.663180+00:00
411,1765395009.684053,2025-12-10T19:30:09.684054+00:00
412,1765395009.701042,2025-12-10T19:30:09.701043+00:00
413,1765395009.721901,2025-12-10T19:30:09.721903+00:00
414,1765395009.742774,2025-12-10T19:30:09.742775+00:00
415,1765395009.763621,2025-12-10T19:30:09.763622+00:00
416,1765395009.7844741,2025-12-10T19:30:09.784474+00:00
417,1765395009.805362,2025-12-10T19:30:09.805373+00:00
418,1765395009.826278,2025-12-10T19:30:09.826280+00:00
419,1765395009.8471448,2025-12-10T19:30:09.847145+00:00
420,1765395009.8679879,2025-12-10T19:30:09.867989+00:00
421,1765395009.888918,2025-12-10T19:30:09.888923+00:00
422,1765395009.907158,2025-12-10T19:30:09.907173+00:00
423,1765395009.9252422,2025-12-10T19:30:09.925244+00:00
424,1765395009.9461062,2025-12-10T19:30:09.946111+00:00
425,1765395009.963274,2025-12-10T19:30:09.963278+00:00
426,1765395009.98386,2025-12-10T19:30:09.983861+00:00
427,1765395010.000747,2025-12-10T19:30:10.000748+00:00
428,1765395010.021615,2025-12-10T19:30:10.021619+00:00
429,1765395010.042516,2025-12-10T19:30:10.042519+00:00
430,1765395010.063267,2025-12-10T19:30:10.063270+00:00
431,1765395010.0804422,2025-12-10T19:30:10.080443+00:00
432,1765395010.1004732,2025-12-10T19:30:10.100474+00:00
433,1765395010.121336,2025-12-10T19:30:10.121337+00:00
434,1765395010.142196,2025-12-10T19:30:10.142197+00:00
435,1765395010.16306,2025-12-10T19:30:10.163065+00:00
436,1765395010.183584,2025-12-10T19:30:10.183589+00:00
437,1765395010.2020118,2025-12-10T19:30:10.202016+00:00
438,1765395010.219844,2025-12-10T19:30:10.219849+00:00
439,1765395010.24035,2025-12-10T19:30:10.240351+00:00
440,1765395010.259242,2025-12-10T19:30:10.259244+00:00
441,1765395010.280114,2025-12-10T19:30:10.280115+00:00
442,1765395010.297606,2025-12-10T19:30:10.297609+00:00
443,1765395010.3184671,2025-12-10T19:30:10.318470+00:00
444,1765395010.3393412,2025-12-10T19:30:10.339342+00:00
445,1765395010.3586738,2025-12-10T19:30:10.358677+00:00
446,1765395010.3756878,2025-12-10T19:30:10.375690+00:00
447,1765395010.396462,2025-12-10T19:30:10.396464+00:00
448,1765395010.414622,2025-12-10T19:30:10.414623+00:00
449,1765395010.4321249,2025-12-10T19:30:10.432127+00:00
450,1765395010.450544,2025-12-10T19:30:10.450545+00:00
451,1765395010.470419,2025-12-10T19:30:10.470421+00:00
452,1765395010.491297,2025-12-10T19:30:10.491299+00:00
453,1765395010.5083442,2025-12-10T19:30:10.508351+00:00
454,1765395010.527382,2025-12-10T19:30:10.527383+00:00
455,1765395010.545902,2025-12-10T19:30:10.545905+00:00
456,1765395010.566776,2025-12-10T19:30:10.566778+00:00
457,1765395010.587664,2025-12-10T19:30:10.587668+00:00
458,1765395010.607454,2025-12-10T19:30:10.607458+00:00
459,1765395010.6273978,2025-12-10T19:30:10.627401+00:00
460,1765395010.648268,2025-12-10T19:30:10.648270+00:00
461,1765395010.669054,2025-12-10T19:30:10.669055+00:00
462,1765395010.687648,2025-12-10T19:30:10.687649+00:00
463,1765395010.7062101,2025-12-10T19:30:10.706212+00:00
464,1765395010.726445,2025-12-10T19:30:10.726446+00:00
465,1765395010.7469661,2025-12-10T19:30:10.746971+00:00
466,1765395010.764311,2025-12-10T19:30:10.764313+00:00
467,1765395010.785185,2025-12-10T19:30:10.785186+00:00
468,1765395010.805241,2025-12-10T19:30:10.805243+00:00
469,1765395010.826113,2025-12-10T19:30:10.826114+00:00
470,1765395010.8469691,2025-12-10T19:30:10.846971+00:00
471,1765395010.863771,2025-12-10T19:30:10.863778+00:00
472,1765395010.8814652,2025-12-10T19:30:10.881466+00:00
473,1765395010.899381,2025-12-10T19:30:10.899385+00:00
474,1765395010.917654,2025-12-10T19:30:10.917654+00:00
475,1765395010.9385228,2025-12-10T19:30:10.938547+00:00
476,1765395010.9582028,2025-12-10T19:30:10.958209+00:00
477,1765395010.977469,2025-12-10T19:30:10.977472+00:00
478,1765395010.996376,2025-12-10T19:30:10.996379+00:00
479,1765395011.017601,2025-12-10T19:30:11.017604+00:00
480,1765395011.038465,2025-12-10T19:30:11.038466+00:00
481,1765395011.059356,2025-12-10T19:30:11.059358+00:00
482,1765395011.077229,2025-12-10T19:30:11.077230+00:00
483,1765395011.0940611,2025-12-10T19:30:11.094064+00:00
484,1765395011.114945,2025-12-10T19:30:11.114946+00:00
485,1765395011.134857,2025-12-10T19:30:11.134858+00:00
486,1765395011.1557279,2025-12-10T19:30:11.155730+00:00
487,1765395011.176596,2025-12-10T19:30:11.176597+00:00
488,1765395011.1998222,2025-12-10T19:30:11.199827+00:00
489,1765395011.22072,2025-12-10T19:30:11.220723+00:00
490,1765395011.241586,2025-12-10T19:30:11.241588+00:00
491,1765395011.25941,2025-12-10T19:30:11.259416+00:00
492,1765395011.282803,2025-12-10T19:30:11.282822+00:00
493,1765395011.303453,2025-12-10T19:30:11.303458+00:00
494,1765395011.324415,2025-12-10T19:30:11.324420+00:00
495,1765395011.341475,2025-12-10T19:30:11.341478+00:00
496,1765395011.35846,2025-12-10T19:30:11.358466+00:00
497,1765395011.376586,2025-12-10T19:30:11.376590+00:00
498,1765395011.3974621,2025-12-10T19:30:11.397466+00:00
499,1765395011.41835,2025-12-10T19:30:11.418355+00:00
500,1765395011.439232,2025-12-10T19:30:11.439237+00:00
501,1765395011.460136,2025-12-10T19:30:11.460140+00:00
502,1765395011.477452,2025-12-10T19:30:11.477455+00:00
503,1765395011.498327,2025-12-10T19:30:11.498332+00:00
504,1765395011.51904,2025-12-10T19:30:11.519045+00:00
505,1765395011.538696,2025-12-10T19:30:11.538699+00:00
506,1765395011.559507,2025-12-10T19:30:11.559512+00:00
507,1765395011.580381,2025-12-10T19:30:11.580383+00:00
508,1765395011.5998871,2025-12-10T19:30:11.599889+00:00
509,1765395011.6207721,2025-12-10T19:30:11.620785+00:00
510,1765395011.641661,2025-12-10T19:30:11.641664+00:00
511,1765395011.660374,2025-12-10T19:30:11.660376+00:00
512,1765395011.678782,2025-12-10T19:30:11.678786+00:00
513,1765395011.6963341,2025-12-10T19:30:11.696338+00:00
514,1765395011.713391,2025-12-10T19:30:11.713397+00:00
515,1765395011.7340648,2025-12-10T19:30:11.734068+00:00
516,1765395011.7512121,2025-12-10T19:30:11.751217+00:00
517,1765395011.772115,2025-12-10T19:30:11.772120+00:00
518,1765395011.793018,2025-12-10T19:30:11.793021+00:00
519,1765395011.810286,2025-12-10T19:30:11.810291+00:00
520,1765395011.829922,2025-12-10T19:30:11.829925+00:00
521,1765395011.846653,2025-12-10T19:30:11.846655+00:00
522,1765395011.867765,2025-12-10T19:30:11.867767+00:00
523,1765395011.8848152,2025-12-10T19:30:11.884820+00:00
524,1765395011.902399,2025-12-10T19:30:11.902402+00:00
525,1765395011.919223,2025-12-10T19:30:11.919228+00:00
526,1765395011.936831,2025-12-10T19:30:11.936834+00:00
527,1765395011.9577012,2025-12-10T19:30:11.957705+00:00
528,1765395011.978689,2025-12-10T19:30:11.978693+00:00
529,1765395012.004159,2025-12-10T19:30:12.004164+00:00
530,1765395012.0240371,2025-12-10T19:30:12.024044+00:00
531,1765395012.044953,2025-12-10T19:30:12.044958+00:00
532,1765395012.064561,2025-12-10T19:30:12.064566+00:00
533,1765395012.082906,2025-12-10T19:30:12.082911+00:00
534,1765395012.1003578,2025-12-10T19:30:12.100362+00:00
535,1765395012.1212301,2025-12-10T19:30:12.121233+00:00
536,1765395012.138226,2025-12-10T19:30:12.138238+00:00
537,1765395012.155452,2025-12-10T19:30:12.155457+00:00
538,1765395012.1731079,2025-12-10T19:30:12.173112+00:00
539,1765395012.193581,2025-12-10T19:30:12.193586+00:00
540,1765395012.2106729,2025-12-10T19:30:12.210679+00:00
541,1765395012.228317,2025-12-10T19:30:12.228321+00:00
542,1765395012.2481432,2025-12-10T19:30:12.248146+00:00
543,1765395012.26631,2025-12-10T19:30:12.266314+00:00
544,1765395012.287432,2025-12-10T19:30:12.287437+00:00
545,1765395012.323254,2025-12-10T19:30:12.323259+00:00
546,1765395012.353653,2025-12-10T19:30:12.353657+00:00
547,1765395012.373885,2025-12-10T19:30:12.373889+00:00
548,1765395012.3916428,2025-12-10T19:30:12.391654+00:00
549,1765395012.4136262,2025-12-10T19:30:12.413632+00:00
550,1765395012.434774,2025-12-10T19:30:12.434778+00:00
551,1765395012.4556491,2025-12-10T19:30:12.455652+00:00
552,1765395012.476299,2025-12-10T19:30:12.476304+00:00
553,1765395012.495764,2025-12-10T19:30:12.495768+00:00
554,1765395012.5168178,2025-12-10T19:30:12.516828+00:00
555,1765395012.553091,2025-12-10T19:30:12.553100+00:00
556,1765395012.5723011,2025-12-10T19:30:12.572305+00:00
557,1765395012.592187,2025-12-10T19:30:12.592192+00:00
558,1765395012.6131158,2025-12-10T19:30:12.613119+00:00
559,1765395012.633989,2025-12-10T19:30:12.633992+00:00
560,1765395012.6548638,2025-12-10T19:30:12.654869+00:00
561,1765395012.67576,2025-12-10T19:30:12.675764+00:00
562,1765395012.6966379,2025-12-10T19:30:12.696644+00:00
563,1765395012.714884,2025-12-10T19:30:12.714888+00:00
564,1765395012.735511,2025-12-10T19:30:12.735519+00:00
565,1765395012.76507,2025-12-10T19:30:12.765075+00:00
566,1765395012.785612,2025-12-10T19:30:12.785614+00:00
567,1765395012.806108,2025-12-10T19:30:12.806108+00:00
568,1765395012.8271308,2025-12-10T19:30:12.827133+00:00
569,1765395012.8480031,2025-12-10T19:30:12.848004+00:00
570,1765395012.869217,2025-12-10T19:30:12.869217+00:00
571,1765395012.889212,2025-12-10T19:30:12.889215+00:00
572,1765395012.907037,2025-12-10T19:30:12.907073+00:00
573,1765395012.9263291,2025-12-10T19:30:12.926334+00:00
574,1765395012.9446,2025-12-10T19:30:12.944605+00:00
575,1765395012.96276,2025-12-10T19:30:12.962784+00:00
576,1765395012.979605,2025-12-10T19:30:12.979608+00:00
577,1765395013.0004742,2025-12-10T19:30:13.000475+00:00
578,1765395013.019542,2025-12-10T19:30:13.019544+00:00
579,1765395013.036843,2025-12-10T19:30:13.036849+00:00
580,1765395013.0565739,2025-12-10T19:30:13.056577+00:00
581,1765395013.0774531,2025-12-10T19:30:13.077456+00:00
582,1765395013.09835,2025-12-10T19:30:13.098351+00:00
583,1765395013.1182752,2025-12-10T19:30:13.118279+00:00
584,1765395013.138991,2025-12-10T19:30:13.138993+00:00
585,1765395013.155741,2025-12-10T19:30:13.155743+00:00
586,1765395013.1760619,2025-12-10T19:30:13.176076+00:00
587,1765395013.194997,2025-12-10T19:30:13.195004+00:00
588,1765395013.21385,2025-12-10T19:30:13.213856+00:00
589,1765395013.234747,2025-12-10T19:30:13.234759+00:00
590,1765395013.2546859,2025-12-10T19:30:13.254690+00:00
591,1765395013.275697,2025-12-10T19:30:13.275702+00:00
592,1765395013.29617,2025-12-10T19:30:13.296177+00:00
593,1765395013.315279,2025-12-10T19:30:13.315285+00:00
594,1765395013.3341482,2025-12-10T19:30:13.334151+00:00
595,1765395013.355028,2025-12-10T19:30:13.355029+00:00
596,1765395013.3717592,2025-12-10T19:30:13.371763+00:00
597,1765395013.391469,2025-12-10T19:30:13.391470+00:00
598,1765395013.412329,2025-12-10T19:30:13.412329+00:00
599,1765395013.429179,2025-12-10T19:30:13.429180+00:00
600,1765395013.4500349,2025-12-10T19:30:13.450039+00:00
601,1765395013.4704928,2025-12-10T19:30:13.470496+00:00
602,1765395013.4872901,2025-12-10T19:30:13.487290+00:00
603,1765395013.50815,2025-12-10T19:30:13.508151+00:00
604,1765395013.5290198,2025-12-10T19:30:13.529023+00:00
605,1765395013.549408,2025-12-10T19:30:13.549425+00:00
606,1765395013.568585,2025-12-10T19:30:13.568589+00:00
607,1765395013.588054,2025-12-10T19:30:13.588056+00:00
608,1765395013.6078799,2025-12-10T19:30:13.607883+00:00
609,1765395013.625265,2025-12-10T19:30:13.625268+00:00
610,1765395013.644187,2025-12-10T19:30:13.644190+00:00
611,1765395013.664889,2025-12-10T19:30:13.664891+00:00
612,1765395013.6857631,2025-12-10T19:30:13.685766+00:00
613,1765395013.706636,2025-12-10T19:30:13.706637+00:00
614,1765395013.727508,2025-12-10T19:30:13.727512+00:00
615,1765395013.746437,2025-12-10T19:30:13.746438+00:00
616,1765395013.767285,2025-12-10T19:30:13.767285+00:00
617,1765395013.785811,2025-12-10T19:30:13.785813+00:00
618,1765395013.8041239,2025-12-10T19:30:13.804129+00:00
619,1765395013.8249972,2025-12-10T19:30:13.824998+00:00
620,1765395013.845849,2025-12-10T19:30:13.845849+00:00
621,1765395013.8657138,2025-12-10T19:30:13.865714+00:00
622,1765395013.883399,2025-12-10T19:30:13.883400+00:00
623,1765395013.903969,2025-12-10T19:30:13.903974+00:00
624,1765395013.9220228,2025-12-10T19:30:13.922024+00:00
625,1765395013.9422941,2025-12-10T19:30:13.942298+00:00
626,1765395013.960192,2025-12-10T19:30:13.960193+00:00
627,1765395013.978997,2025-12-10T19:30:13.979002+00:00
628,1765395013.9993632,2025-12-10T19:30:13.999365+00:00
629,1765395014.020177,2025-12-10T19:30:14.020178+00:00
630,1765395014.041046,2025-12-10T19:30:14.041054+00:00
631,1765395014.061954,2025-12-10T19:30:14.061958+00:00
632,1765395014.082796,2025-12-10T19:30:14.082801+00:00
633,1765395014.102292,2025-12-10T19:30:14.102294+00:00
634,1765395014.1221719,2025-12-10T19:30:14.122173+00:00
635,1765395014.143033,2025-12-10T19:30:14.143035+00:00
636,1765395014.160078,2025-12-10T19:30:14.160082+00:00
637,1765395014.179786,2025-12-10T19:30:14.179787+00:00
638,1765395014.198207,2025-12-10T19:30:14.198208+00:00
639,1765395014.219071,2025-12-10T19:30:14.219072+00:00
640,1765395014.2399302,2025-12-10T19:30:14.239931+00:00
641,1765395014.260779,2025-12-10T19:30:14.260780+00:00
642,1765395014.281651,2025-12-10T19:30:14.281653+00:00
643,1765395014.302527,2025-12-10T19:30:14.302528+00:00
644,1765395014.323405,2025-12-10T19:30:14.323409+00:00
645,1765395014.341853,2025-12-10T19:30:14.341855+00:00
646,1765395014.3627079,2025-12-10T19:30:14.362709+00:00
647,1765395014.383565,2025-12-10T19:30:14.383567+00:00
648,1765395014.404162,2025-12-10T19:30:14.404163+00:00
649,1765395014.425025,2025-12-10T19:30:14.425026+00:00
650,1765395014.4457312,2025-12-10T19:30:14.445737+00:00
651,1765395014.46386,2025-12-10T19:30:14.463861+00:00
652,1765395014.48471,2025-12-10T19:30:14.484710+00:00
653,1765395014.505566,2025-12-10T19:30:14.505567+00:00
654,1765395014.526433,2025-12-10T19:30:14.526433+00:00
655,1765395014.544159,2025-12-10T19:30:14.544165+00:00
656,1765395014.564872,2025-12-10T19:30:14.564874+00:00
657,1765395014.58574,2025-12-10T19:30:14.585744+00:00
658,1765395014.604206,2025-12-10T19:30:14.604211+00:00
659,1765395014.62335,2025-12-10T19:30:14.623352+00:00
660,1765395014.644307,2025-12-10T19:30:14.644311+00:00
661,1765395014.665198,2025-12-10T19:30:14.665200+00:00
662,1765395014.686083,2025-12-10T19:30:14.686087+00:00
663,1765395014.702977,2025-12-10T19:30:14.702979+00:00
664,1765395014.723852,2025-12-10T19:30:14.723853+00:00
665,1765395014.7447119,2025-12-10T19:30:14.744713+00:00
666,1765395014.76558,2025-12-10T19:30:14.765582+00:00
667,1765395014.786447,2025-12-10T19:30:14.786448+00:00
668,1765395014.803842,2025-12-10T19:30:14.803843+00:00
669,1765395014.824718,2025-12-10T19:30:14.824720+00:00
670,1765395014.845579,2025-12-10T19:30:14.845580+00:00
671,1765395014.862371,2025-12-10T19:30:14.862375+00:00
672,1765395014.8832781,2025-12-10T19:30:14.883285+00:00
673,1765395014.90419,2025-12-10T19:30:14.904193+00:00
674,1765395014.9218502,2025-12-10T19:30:14.921852+00:00
675,1765395014.9427211,2025-12-10T19:30:14.942722+00:00
676,1765395014.9635782,2025-12-10T19:30:14.963581+00:00
677,1765395014.9844532,2025-12-10T19:30:14.984457+00:00
678,1765395015.0053298,2025-12-10T19:30:15.005332+00:00
679,1765395015.026199,2025-12-10T19:30:15.026202+00:00
680,1765395015.0431669,2025-12-10T19:30:15.043170+00:00
681,1765395015.06404,2025-12-10T19:30:15.064043+00:00
682,1765395015.0849128,2025-12-10T19:30:15.084914+00:00
683,1765395015.10341,2025-12-10T19:30:15.103415+00:00
684,1765395015.120668,2025-12-10T19:30:15.120671+00:00
685,1765395015.1393611,2025-12-10T19:30:15.139366+00:00
686,1765395015.157046,2025-12-10T19:30:15.157050+00:00
687,1765395015.1779342,2025-12-10T19:30:15.177939+00:00
688,1765395015.198853,2025-12-10T19:30:15.198860+00:00
689,1765395015.219759,2025-12-10T19:30:15.219761+00:00
690,1765395015.236934,2025-12-10T19:30:15.236935+00:00
691,1765395015.257792,2025-12-10T19:30:15.257793+00:00
692,1765395015.2784991,2025-12-10T19:30:15.278502+00:00
693,1765395015.29656,2025-12-10T19:30:15.296562+00:00
694,1765395015.316159,2025-12-10T19:30:15.316162+00:00
695,1765395015.3366709,2025-12-10T19:30:15.336673+00:00
696,1765395015.357562,2025-12-10T19:30:15.357566+00:00
697,1765395015.376769,2025-12-10T19:30:15.376771+00:00
698,1765395015.397634,2025-12-10T19:30:15.397635+00:00
699,1765395015.4155881,2025-12-10T19:30:15.415591+00:00
700,1765395015.436382,2025-12-10T19:30:15.436383+00:00
701,1765395015.455487,2025-12-10T19:30:15.455492+00:00
702,1765395015.475264,2025-12-10T19:30:15.475266+00:00
703,1765395015.496156,2025-12-10T19:30:15.496157+00:00
704,1765395015.5144289,2025-12-10T19:30:15.514429+00:00
705,1765395015.531292,2025-12-10T19:30:15.531295+00:00
706,1765395015.548108,2025-12-10T19:30:15.548117+00:00
707,1765395015.569047,2025-12-10T19:30:15.569052+00:00
708,1765395015.5871942,2025-12-10T19:30:15.587197+00:00
709,1765395015.608107,2025-12-10T19:30:15.608110+00:00
710,1765395015.628735,2025-12-10T19:30:15.628736+00:00
711,1765395015.647557,2025-12-10T19:30:15.647558+00:00
712,1765395015.66496,2025-12-10T19:30:15.664966+00:00
713,1765395015.685302,2025-12-10T19:30:15.685306+00:00
714,1765395015.706199,2025-12-10T19:30:15.706203+00:00
715,1765395015.726458,2025-12-10T19:30:15.726463+00:00
716,1765395015.747275,2025-12-10T19:30:15.747279+00:00
717,1765395015.767885,2025-12-10T19:30:15.767889+00:00
718,1765395015.7862778,2025-12-10T19:30:15.786282+00:00
719,1765395015.806407,2025-12-10T19:30:15.806416+00:00
720,1765395015.827265,2025-12-10T19:30:15.827269+00:00
721,1765395015.84404,2025-12-10T19:30:15.844044+00:00
722,1765395015.860791,2025-12-10T19:30:15.860797+00:00
723,1765395015.8811252,2025-12-10T19:30:15.881132+00:00
724,1765395015.899816,2025-12-10T19:30:15.899820+00:00
725,1765395015.919184,2025-12-10T19:30:15.919186+00:00
726,1765395015.940057,2025-12-10T19:30:15.940058+00:00
727,1765395015.9603689,2025-12-10T19:30:15.960372+00:00
728,1765395015.97766,2025-12-10T19:30:15.977661+00:00
729,1765395015.998523,2025-12-10T19:30:15.998525+00:00
730,1765395016.018487,2025-12-10T19:30:16.018490+00:00
731,1765395016.0361888,2025-12-10T19:30:16.036193+00:00
732,1765395016.057825,2025-12-10T19:30:16.057829+00:00
733,1765395016.0764182,2025-12-10T19:30:16.076421+00:00
734,1765395016.097285,2025-12-10T19:30:16.097288+00:00
735,1765395016.1181529,2025-12-10T19:30:16.118156+00:00
736,1765395016.139034,2025-12-10T19:30:16.139045+00:00
737,1765395016.159968,2025-12-10T19:30:16.159977+00:00
738,1765395016.177374,2025-12-10T19:30:16.177377+00:00
739,1765395016.198244,2025-12-10T19:30:16.198247+00:00
740,1765395016.21889,2025-12-10T19:30:16.218894+00:00
741,1765395016.239776,2025-12-10T19:30:16.239780+00:00
742,1765395016.260651,2025-12-10T19:30:16.260654+00:00
743,1765395016.281523,2025-12-10T19:30:16.281527+00:00
744,1765395016.302474,2025-12-10T19:30:16.302478+00:00
745,1765395016.323348,2025-12-10T19:30:16.323351+00:00
746,1765395016.3442109,2025-12-10T19:30:16.344213+00:00
747,1765395016.361644,2025-12-10T19:30:16.361652+00:00
748,1765395016.382557,2025-12-10T19:30:16.382561+00:00
749,1765395016.402369,2025-12-10T19:30:16.402372+00:00
750,1765395016.423245,2025-12-10T19:30:16.423248+00:00
751,1765395016.4420621,2025-12-10T19:30:16.442068+00:00
752,1765395016.4603038,2025-12-10T19:30:16.460313+00:00
753,1765395016.481211,2025-12-10T19:30:16.481214+00:00
754,1765395016.502076,2025-12-10T19:30:16.502082+00:00
755,1765395016.5230038,2025-12-10T19:30:16.523011+00:00
756,1765395016.5435362,2025-12-10T19:30:16.543540+00:00
757,1765395016.564297,2025-12-10T19:30:16.564301+00:00
758,1765395016.58517,2025-12-10T19:30:16.585173+00:00
759,1765395016.60605,2025-12-10T19:30:16.606067+00:00
760,1765395016.626967,2025-12-10T19:30:16.626970+00:00
761,1765395016.647865,2025-12-10T19:30:16.647867+00:00
762,1765395016.668747,2025-12-10T19:30:16.668751+00:00
763,1765395016.6896489,2025-12-10T19:30:16.689652+00:00
764,1765395016.7065878,2025-12-10T19:30:16.706590+00:00
765,1765395016.72657,2025-12-10T19:30:16.726575+00:00
766,1765395016.747452,2025-12-10T19:30:16.747454+00:00
767,1765395016.768065,2025-12-10T19:30:16.768073+00:00
768,1765395016.78849,2025-12-10T19:30:16.788493+00:00
769,1765395016.809349,2025-12-10T19:30:16.809352+00:00
770,1765395016.8286788,2025-12-10T19:30:16.828681+00:00
771,1765395016.847512,2025-12-10T19:30:16.847516+00:00
772,1765395016.868384,2025-12-10T19:30:16.868387+00:00
773,1765395016.8892632,2025-12-10T19:30:16.889267+00:00
774,1765395016.9065511,2025-12-10T19:30:16.906557+00:00
775,1765395016.926455,2025-12-10T19:30:16.926461+00:00
776,1765395016.94737,2025-12-10T19:30:16.947372+00:00
777,1765395016.96825,2025-12-10T19:30:16.968255+00:00
778,1765395016.989147,2025-12-10T19:30:16.989149+00:00
779,1765395017.008065,2025-12-10T19:30:17.008067+00:00
780,1765395017.0289311,2025-12-10T19:30:17.028934+00:00
781,1765395017.049379,2025-12-10T19:30:17.049396+00:00
782,1765395017.0703208,2025-12-10T19:30:17.070325+00:00
783,1765395017.087775,2025-12-10T19:30:17.087781+00:00
784,1765395017.1086888,2025-12-10T19:30:17.108692+00:00
785,1765395017.126444,2025-12-10T19:30:17.126447+00:00
786,1765395017.146393,2025-12-10T19:30:17.146403+00:00
787,1765395017.164118,2025-12-10T19:30:17.164127+00:00
788,1765395017.185036,2025-12-10T19:30:17.185038+00:00
789,1765395017.2054,2025-12-10T19:30:17.205404+00:00
790,1765395017.226288,2025-12-10T19:30:17.226292+00:00
791,1765395017.2471669,2025-12-10T19:30:17.247170+00:00
792,1765395017.268043,2025-12-10T19:30:17.268046+00:00
793,1765395017.2882922,2025-12-10T19:30:17.288296+00:00
794,1765395017.3051789,2025-12-10T19:30:17.305183+00:00
795,1765395017.326077,2025-12-10T19:30:17.326078+00:00
796,1765395017.3436759,2025-12-10T19:30:17.343681+00:00
797,1765395017.362085,2025-12-10T19:30:17.362087+00:00
798,1765395017.37987,2025-12-10T19:30:17.379875+00:00
799,1765395017.400754,2025-12-10T19:30:17.400757+00:00
800,1765395017.418113,2025-12-10T19:30:17.418114+00:00
801,1765395017.438974,2025-12-10T19:30:17.438978+00:00
802,1765395017.459872,2025-12-10T19:30:17.459876+00:00
803,1765395017.480766,2025-12-10T19:30:17.480768+00:00
804,1765395017.501493,2025-12-10T19:30:17.501495+00:00
805,1765395017.522371,2025-12-10T19:30:17.522375+00:00
806,1765395017.543276,2025-12-10T19:30:17.543280+00:00
807,1765395017.562634,2025-12-10T19:30:17.562641+00:00
808,1765395017.580145,2025-12-10T19:30:17.580149+00:00
809,1765395017.597766,2025-12-10T19:30:17.597769+00:00
810,1765395017.618656,2025-12-10T19:30:17.618659+00:00
811,1765395017.638421,2025-12-10T19:30:17.638425+00:00
812,1765395017.6593,2025-12-10T19:30:17.659303+00:00
813,1765395017.6772978,2025-12-10T19:30:17.677304+00:00
814,1765395017.6945112,2025-12-10T19:30:17.694515+00:00
815,1765395017.7112472,2025-12-10T19:30:17.711250+00:00
816,1765395017.73003,2025-12-10T19:30:17.730034+00:00
817,1765395017.75091,2025-12-10T19:30:17.750913+00:00
818,1765395017.768079,2025-12-10T19:30:17.768086+00:00
819,1765395017.788474,2025-12-10T19:30:17.788482+00:00
820,1765395017.807955,2025-12-10T19:30:17.807959+00:00
821,1765395017.825172,2025-12-10T19:30:17.825175+00:00
822,1765395017.846056,2025-12-10T19:30:17.846058+00:00
823,1765395017.866933,2025-12-10T19:30:17.866937+00:00
824,1765395017.887821,2025-12-10T19:30:17.887822+00:00
825,1765395017.90852,2025-12-10T19:30:17.908523+00:00
826,1765395017.928452,2025-12-10T19:30:17.928456+00:00
827,1765395017.946146,2025-12-10T19:30:17.946149+00:00
828,1765395017.964511,2025-12-10T19:30:17.964515+00:00
829,1765395017.9853928,2025-12-10T19:30:17.985395+00:00
830,1765395018.004226,2025-12-10T19:30:18.004227+00:00
831,1765395018.0250828,2025-12-10T19:30:18.025085+00:00
832,1765395018.0456069,2025-12-10T19:30:18.045611+00:00
833,1765395018.064707,2025-12-10T19:30:18.064713+00:00
834,1765395018.0856068,2025-12-10T19:30:18.085609+00:00
835,1765395018.1025028,2025-12-10T19:30:18.102509+00:00
836,1765395018.122987,2025-12-10T19:30:18.122992+00:00
837,1765395018.143897,2025-12-10T19:30:18.143901+00:00
838,1765395018.163965,2025-12-10T19:30:18.163970+00:00
839,1765395018.181563,2025-12-10T19:30:18.181576+00:00
840,1765395018.1997921,2025-12-10T19:30:18.199800+00:00
841,1765395018.2207592,2025-12-10T19:30:18.220761+00:00
842,1765395018.2403982,2025-12-10T19:30:18.240402+00:00
843,1765395018.2612932,2025-12-10T19:30:18.261295+00:00
844,1765395018.2785122,2025-12-10T19:30:18.278514+00:00
845,1765395018.2993999,2025-12-10T19:30:18.299403+00:00
846,1765395018.320105,2025-12-10T19:30:18.320108+00:00
847,1765395018.341005,2025-12-10T19:30:18.341008+00:00
848,1765395018.361095,2025-12-10T19:30:18.361101+00:00
849,1765395018.381996,2025-12-10T19:30:18.381998+00:00
850,1765395018.399503,2025-12-10T19:30:18.399504+00:00
851,1765395018.419599,2025-12-10T19:30:18.419600+00:00
852,1765395018.436706,2025-12-10T19:30:18.436709+00:00
853,1765395018.457566,2025-12-10T19:30:18.457567+00:00
854,1765395018.477717,2025-12-10T19:30:18.477720+00:00
855,1765395018.4985962,2025-12-10T19:30:18.498600+00:00
856,1765395018.516536,2025-12-10T19:30:18.516540+00:00
857,1765395018.535282,2025-12-10T19:30:18.535287+00:00
858,1765395018.5554528,2025-12-10T19:30:18.555458+00:00
859,1765395018.576053,2025-12-10T19:30:18.576056+00:00
860,1765395018.5969222,2025-12-10T19:30:18.596924+00:00
861,1765395018.614851,2025-12-10T19:30:18.614854+00:00
862,1765395018.635178,2025-12-10T19:30:18.635182+00:00
863,1765395018.6530519,2025-12-10T19:30:18.653054+00:00
864,1765395018.673949,2025-12-10T19:30:18.673951+00:00
865,1765395018.694188,2025-12-10T19:30:18.694191+00:00
866,1765395018.7148218,2025-12-10T19:30:18.714825+00:00
867,1765395018.735713,2025-12-10T19:30:18.735717+00:00
868,1765395018.755616,2025-12-10T19:30:18.755619+00:00
869,1765395018.776499,2025-12-10T19:30:18.776502+00:00
870,1765395018.794573,2025-12-10T19:30:18.794575+00:00
871,1765395018.815356,2025-12-10T19:30:18.815357+00:00
872,1765395018.8362072,2025-12-10T19:30:18.836209+00:00
873,1765395018.8570728,2025-12-10T19:30:18.857077+00:00
874,1765395018.8779671,2025-12-10T19:30:18.877971+00:00
875,1765395018.895999,2025-12-10T19:30:18.896003+00:00
876,1765395018.9139462,2025-12-10T19:30:18.913949+00:00
877,1765395018.933592,2025-12-10T19:30:18.933597+00:00
878,1765395018.951613,2025-12-10T19:30:18.951614+00:00
879,1765395018.969972,2025-12-10T19:30:18.969975+00:00
880,1765395018.990082,2025-12-10T19:30:18.990087+00:00
881,1765395019.00977,2025-12-10T19:30:19.009772+00:00
882,1765395019.0306501,2025-12-10T19:30:19.030656+00:00
883,1765395019.050842,2025-12-10T19:30:19.050847+00:00
884,1765395019.068037,2025-12-10T19:30:19.068042+00:00
885,1765395019.089155,2025-12-10T19:30:19.089159+00:00
886,1765395019.110056,2025-12-10T19:30:19.110064+00:00
887,1765395019.130965,2025-12-10T19:30:19.130967+00:00
888,1765395019.151844,2025-12-10T19:30:19.151845+00:00
889,1765395019.172705,2025-12-10T19:30:19.172707+00:00
890,1765395019.190238,2025-12-10T19:30:19.190241+00:00
891,1765395019.211159,2025-12-10T19:30:19.211161+00:00
892,1765395019.2309592,2025-12-10T19:30:19.230963+00:00
893,1765395019.2488,2025-12-10T19:30:19.248804+00:00
894,1765395019.269685,2025-12-10T19:30:19.269686+00:00
895,1765395019.287488,2025-12-10T19:30:19.287491+00:00
896,1765395019.308408,2025-12-10T19:30:19.308413+00:00
897,1765395019.329311,2025-12-10T19:30:19.329314+00:00
898,1765395019.35021,2025-12-10T19:30:19.350215+00:00
899,1765395019.371115,2025-12-10T19:30:19.371117+00:00
900,1765395019.391973,2025-12-10T19:30:19.391975+00:00
901,1765395019.4093661,2025-12-10T19:30:19.409368+00:00
902,1765395019.428591,2025-12-10T19:30:19.428595+00:00
903,1765395019.4494689,2025-12-10T19:30:19.449472+00:00
904,1765395019.467169,2025-12-10T19:30:19.467174+00:00
905,1765395019.487681,2025-12-10T19:30:19.487683+00:00
906,1765395019.505621,2025-12-10T19:30:19.505623+00:00
907,1765395019.526496,2025-12-10T19:30:19.526500+00:00
908,1765395019.546027,2025-12-10T19:30:19.546029+00:00
909,1765395019.5631602,2025-12-10T19:30:19.563163+00:00
910,1765395019.583392,2025-12-10T19:30:19.583395+00:00
911,1765395019.6042712,2025-12-10T19:30:19.604274+00:00
912,1765395019.626154,2025-12-10T19:30:19.626157+00:00
913,1765395019.645782,2025-12-10T19:30:19.645783+00:00
914,1765395019.665914,2025-12-10T19:30:19.665918+00:00
915,1765395019.685975,2025-12-10T19:30:19.685979+00:00
916,1765395019.7051442,2025-12-10T19:30:19.705147+00:00
917,1765395019.724106,2025-12-10T19:30:19.724111+00:00
918,1765395019.742124,2025-12-10T19:30:19.742129+00:00
919,1765395019.7630138,2025-12-10T19:30:19.763016+00:00
920,1765395019.7838862,2025-12-10T19:30:19.783890+00:00
921,1765395019.802531,2025-12-10T19:30:19.802534+00:00
922,1765395019.823097,2025-12-10T19:30:19.823098+00:00
923,1765395019.8412921,2025-12-10T19:30:19.841296+00:00
924,1765395019.8621922,2025-12-10T19:30:19.862196+00:00
925,1765395019.882029,2025-12-10T19:30:19.882033+00:00
926,1765395019.9029582,2025-12-10T19:30:19.902964+00:00
927,1765395019.9232159,2025-12-10T19:30:19.923217+00:00
928,1765395019.944087,2025-12-10T19:30:19.944091+00:00
929,1765395019.9623911,2025-12-10T19:30:19.962393+00:00
930,1765395019.983295,2025-12-10T19:30:19.983302+00:00
931,1765395020.001359,2025-12-10T19:30:20.001366+00:00
932,1765395020.022229,2025-12-10T19:30:20.022230+00:00
933,1765395020.042548,2025-12-10T19:30:20.042549+00:00
934,1765395020.06028,2025-12-10T19:30:20.060285+00:00
935,1765395020.0806139,2025-12-10T19:30:20.080623+00:00
936,1765395020.1009889,2025-12-10T19:30:20.100993+00:00
937,1765395020.1180952,2025-12-10T19:30:20.118100+00:00
938,1765395020.138989,2025-12-10T19:30:20.138995+00:00
939,1765395020.156632,2025-12-10T19:30:20.156639+00:00
940,1765395020.175689,2025-12-10T19:30:20.175693+00:00
941,1765395020.196774,2025-12-10T19:30:20.196781+00:00
942,1765395020.21718,2025-12-10T19:30:20.217183+00:00
943,1765395020.238066,2025-12-10T19:30:20.238071+00:00
944,1765395020.256484,2025-12-10T19:30:20.256487+00:00
945,1765395020.277351,2025-12-10T19:30:20.277354+00:00
946,1765395020.298218,2025-12-10T19:30:20.298220+00:00
947,1765395020.3168058,2025-12-10T19:30:20.316810+00:00
948,1765395020.3359659,2025-12-10T19:30:20.335969+00:00
949,1765395020.356863,2025-12-10T19:30:20.356870+00:00
950,1765395020.3777668,2025-12-10T19:30:20.377773+00:00
951,1765395020.397859,2025-12-10T19:30:20.397865+00:00
952,1765395020.417669,2025-12-10T19:30:20.417671+00:00
953,1765395020.438547,2025-12-10T19:30:20.438552+00:00
954,1765395020.457907,2025-12-10T19:30:20.457911+00:00
955,1765395020.478795,2025-12-10T19:30:20.478797+00:00
956,1765395020.496232,2025-12-10T19:30:20.496233+00:00
957,1765395020.517081,2025-12-10T19:30:20.517082+00:00
958,1765395020.537945,2025-12-10T19:30:20.537948+00:00
959,1765395020.5580852,2025-12-10T19:30:20.558086+00:00
960,1765395020.5789409,2025-12-10T19:30:20.578944+00:00
961,1765395020.5998158,2025-12-10T19:30:20.599820+00:00
962,1765395020.620724,2025-12-10T19:30:20.620730+00:00
963,1765395020.6416042,2025-12-10T19:30:20.641606+00:00
964,1765395020.659853,2025-12-10T19:30:20.659855+00:00
965,1765395020.68074,2025-12-10T19:30:20.680743+00:00
966,1765395020.7016242,2025-12-10T19:30:20.701625+00:00
967,1765395020.722486,2025-12-10T19:30:20.722489+00:00
968,1765395020.748304,2025-12-10T19:30:20.748308+00:00
969,1765395020.7691,2025-12-10T19:30:20.769106+00:00
970,1765395020.78944,2025-12-10T19:30:20.789445+00:00
971,1765395020.8080251,2025-12-10T19:30:20.808034+00:00
972,1765395020.827373,2025-12-10T19:30:20.827377+00:00
973,1765395020.8472629,2025-12-10T19:30:20.847265+00:00
974,1765395020.866366,2025-12-10T19:30:20.866372+00:00
975,1765395020.887282,2025-12-10T19:30:20.887287+00:00
976,1765395020.904623,2025-12-10T19:30:20.904632+00:00
977,1765395020.925544,2025-12-10T19:30:20.925548+00:00
978,1765395020.944366,2025-12-10T19:30:20.944372+00:00
979,1765395020.965276,2025-12-10T19:30:20.965280+00:00
980,1765395020.985793,2025-12-10T19:30:20.985797+00:00
981,1765395021.00667,2025-12-10T19:30:21.006670+00:00
982,1765395021.027356,2025-12-10T19:30:21.027356+00:00
983,1765395021.047638,2025-12-10T19:30:21.047641+00:00
984,1765395021.068187,2025-12-10T19:30:21.068188+00:00
985,1765395021.085691,2025-12-10T19:30:21.085695+00:00
986,1765395021.102954,2025-12-10T19:30:21.102957+00:00
987,1765395021.119746,2025-12-10T19:30:21.119751+00:00
988,1765395021.136844,2025-12-10T19:30:21.136848+00:00
989,1765395021.154751,2025-12-10T19:30:21.154753+00:00
990,1765395021.175606,2025-12-10T19:30:21.175607+00:00
991,1765395021.196477,2025-12-10T19:30:21.196479+00:00
992,1765395021.216686,2025-12-10T19:30:21.216688+00:00
993,1765395021.237548,2025-12-10T19:30:21.237549+00:00
994,1765395021.258264,2025-12-10T19:30:21.258268+00:00
995,1765395021.275743,2025-12-10T19:30:21.275743+00:00
996,1765395021.2966049,2025-12-10T19:30:21.296610+00:00
997,1765395021.3175008,2025-12-10T19:30:21.317503+00:00
998,1765395021.338364,2025-12-10T19:30:21.338366+00:00
999,1765395021.358805,2025-12-10T19:30:21.358810+00:00
1000,1765395021.377274,2025-12-10T19:30:21.377279+00:00
1001,1765395021.398168,2025-12-10T19:30:21.398172+00:00
1002,1765395021.418091,2025-12-10T19:30:21.418095+00:00
1003,1765395021.435513,2025-12-10T19:30:21.435516+00:00
1004,1765395021.455584,2025-12-10T19:30:21.455588+00:00
1005,1765395021.476479,2025-12-10T19:30:21.476483+00:00
1006,1765395021.494046,2025-12-10T19:30:21.494051+00:00
1007,1765395021.514951,2025-12-10T19:30:21.514955+00:00
1008,1765395021.535834,2025-12-10T19:30:21.535835+00:00
1009,1765395021.5566888,2025-12-10T19:30:21.556690+00:00
1010,1765395021.574705,2025-12-10T19:30:21.574708+00:00
1011,1765395021.595585,2025-12-10T19:30:21.595589+00:00
1012,1765395021.613954,2025-12-10T19:30:21.613955+00:00
1013,1765395021.634815,2025-12-10T19:30:21.634818+00:00
1014,1765395021.652709,2025-12-10T19:30:21.652714+00:00
1015,1765395021.673629,2025-12-10T19:30:21.673631+00:00
1016,1765395021.694517,2025-12-10T19:30:21.694523+00:00
1017,1765395021.712915,2025-12-10T19:30:21.712921+00:00
1018,1765395021.7324002,2025-12-10T19:30:21.732403+00:00
1019,1765395021.752577,2025-12-10T19:30:21.752580+00:00
1020,1765395021.7697458,2025-12-10T19:30:21.769750+00:00
1021,1765395021.7906408,2025-12-10T19:30:21.790644+00:00
1022,1765395021.81151,2025-12-10T19:30:21.811513+00:00
1023,1765395021.832384,2025-12-10T19:30:21.832388+00:00
1024,1765395021.8551009,2025-12-10T19:30:21.855104+00:00
1025,1765395021.875935,2025-12-10T19:30:21.875938+00:00
1026,1765395021.893099,2025-12-10T19:30:21.893103+00:00
1027,1765395021.913841,2025-12-10T19:30:21.913843+00:00
1028,1765395021.9347148,2025-12-10T19:30:21.934717+00:00
1029,1765395021.9515562,2025-12-10T19:30:21.951560+00:00
1030,1765395021.972457,2025-12-10T19:30:21.972460+00:00
1031,1765395021.99334,2025-12-10T19:30:21.993341+00:00
1032,1765395022.010667,2025-12-10T19:30:22.010672+00:00
1033,1765395022.0315762,2025-12-10T19:30:22.031578+00:00
1034,1765395022.0495749,2025-12-10T19:30:22.049579+00:00
1035,1765395022.069835,2025-12-10T19:30:22.069841+00:00
1036,1765395022.08802,2025-12-10T19:30:22.088027+00:00
1037,1765395022.107102,2025-12-10T19:30:22.107108+00:00
1038,1765395022.127502,2025-12-10T19:30:22.127505+00:00
1039,1765395022.14723,2025-12-10T19:30:22.147237+00:00
1040,1765395022.168155,2025-12-10T19:30:22.168159+00:00
1041,1765395022.189059,2025-12-10T19:30:22.189063+00:00
1042,1765395022.209964,2025-12-10T19:30:22.209970+00:00
1043,1765395022.230504,2025-12-10T19:30:22.230508+00:00
1044,1765395022.250458,2025-12-10T19:30:22.250507+00:00
1045,1765395022.2688699,2025-12-10T19:30:22.268875+00:00
1046,1765395022.288652,2025-12-10T19:30:22.288659+00:00
1047,1765395022.308277,2025-12-10T19:30:22.308281+00:00
1048,1765395022.329026,2025-12-10T19:30:22.329030+00:00
1049,1765395022.3483882,2025-12-10T19:30:22.348394+00:00
1050,1765395022.368103,2025-12-10T19:30:22.368111+00:00
1051,1765395022.3882618,2025-12-10T19:30:22.388263+00:00
1052,1765395022.409128,2025-12-10T19:30:22.409131+00:00
1053,1765395022.429407,2025-12-10T19:30:22.429410+00:00
1054,1765395022.446451,2025-12-10T19:30:22.446455+00:00
1055,1765395022.4673479,2025-12-10T19:30:22.467352+00:00
1056,1765395022.487134,2025-12-10T19:30:22.487137+00:00
1057,1765395022.504776,2025-12-10T19:30:22.504779+00:00
1058,1765395022.522045,2025-12-10T19:30:22.522048+00:00
1059,1765395022.5389261,2025-12-10T19:30:22.538929+00:00
1060,1765395022.559825,2025-12-10T19:30:22.559826+00:00
1061,1765395022.5806909,2025-12-10T19:30:22.580694+00:00
1062,1765395022.5996091,2025-12-10T19:30:22.599620+00:00
1063,1765395022.6205592,2025-12-10T19:30:22.620564+00:00
1064,1765395022.6414468,2025-12-10T19:30:22.641450+00:00
1065,1765395022.661824,2025-12-10T19:30:22.661826+00:00
1066,1765395022.678715,2025-12-10T19:30:22.678718+00:00
1067,1765395022.698196,2025-12-10T19:30:22.698198+00:00
1068,1765395022.719072,2025-12-10T19:30:22.719077+00:00
1069,1765395022.739979,2025-12-10T19:30:22.739982+00:00
1070,1765395022.759748,2025-12-10T19:30:22.759750+00:00
1071,1765395022.7775471,2025-12-10T19:30:22.777551+00:00
1072,1765395022.7984462,2025-12-10T19:30:22.798450+00:00
1073,1765395022.819324,2025-12-10T19:30:22.819327+00:00
1074,1765395022.8401868,2025-12-10T19:30:22.840188+00:00
1075,1765395022.861057,2025-12-10T19:30:22.861059+00:00
1076,1765395022.881929,2025-12-10T19:30:22.881931+00:00
1077,1765395022.9027898,2025-12-10T19:30:22.902792+00:00
1078,1765395022.922593,2025-12-10T19:30:22.922624+00:00
1079,1765395022.941754,2025-12-10T19:30:22.941757+00:00
1080,1765395022.962631,2025-12-10T19:30:22.962633+00:00
1081,1765395022.980575,2025-12-10T19:30:22.980577+00:00
1082,1765395022.9976141,2025-12-10T19:30:22.997615+00:00
1083,1765395023.018473,2025-12-10T19:30:23.018476+00:00
1084,1765395023.03936,2025-12-10T19:30:23.039364+00:00
1085,1765395023.057003,2025-12-10T19:30:23.057004+00:00
1086,1765395023.077874,2025-12-10T19:30:23.077879+00:00
1087,1765395023.098773,2025-12-10T19:30:23.098776+00:00
1088,1765395023.117295,2025-12-10T19:30:23.117298+00:00
1089,1765395023.137231,2025-12-10T19:30:23.137235+00:00
1090,1765395023.155817,2025-12-10T19:30:23.155819+00:00
1091,1765395023.173237,2025-12-10T19:30:23.173237+00:00
1092,1765395023.1940851,2025-12-10T19:30:23.194086+00:00
1093,1765395023.211,2025-12-10T19:30:23.211004+00:00
1094,1765395023.231912,2025-12-10T19:30:23.231916+00:00
1095,1765395023.252794,2025-12-10T19:30:23.252796+00:00
1096,1765395023.2736661,2025-12-10T19:30:23.273668+00:00
1097,1765395023.294545,2025-12-10T19:30:23.294547+00:00
1098,1765395023.3154078,2025-12-10T19:30:23.315410+00:00
1099,1765395023.332972,2025-12-10T19:30:23.332975+00:00
1100,1765395023.353853,2025-12-10T19:30:23.353857+00:00
1101,1765395023.374766,2025-12-10T19:30:23.374770+00:00
1102,1765395023.392575,2025-12-10T19:30:23.392578+00:00
1103,1765395023.4134579,2025-12-10T19:30:23.413462+00:00
1104,1765395023.434369,2025-12-10T19:30:23.434375+00:00
1105,1765395023.454359,2025-12-10T19:30:23.454371+00:00
1106,1765395023.4740129,2025-12-10T19:30:23.474041+00:00
1107,1765395023.494913,2025-12-10T19:30:23.494918+00:00
1108,1765395023.513907,2025-12-10T19:30:23.513911+00:00
1109,1765395023.534782,2025-12-10T19:30:23.534786+00:00
1110,1765395023.555653,2025-12-10T19:30:23.555657+00:00
1111,1765395023.573916,2025-12-10T19:30:23.573917+00:00
1112,1765395023.594781,2025-12-10T19:30:23.594784+00:00
1113,1765395023.6151319,2025-12-10T19:30:23.615135+00:00
1114,1765395023.636033,2025-12-10T19:30:23.636037+00:00
1115,1765395023.6569011,2025-12-10T19:30:23.656904+00:00
1116,1765395023.67778,2025-12-10T19:30:23.677784+00:00
1117,1765395023.6946812,2025-12-10T19:30:23.694684+00:00
1118,1765395023.712034,2025-12-10T19:30:23.712037+00:00
1119,1765395023.732917,2025-12-10T19:30:23.732923+00:00
1120,1765395023.7538161,2025-12-10T19:30:23.753818+00:00
1121,1765395023.774678,2025-12-10T19:30:23.774681+00:00
1122,1765395023.7930722,2025-12-10T19:30:23.793075+00:00
1123,1765395023.811371,2025-12-10T19:30:23.811374+00:00
1124,1765395023.832256,2025-12-10T19:30:23.832258+00:00
1125,1765395023.852881,2025-12-10T19:30:23.852883+00:00
1126,1765395023.873745,2025-12-10T19:30:23.873746+00:00
1127,1765395023.894439,2025-12-10T19:30:23.894458+00:00
1128,1765395023.915262,2025-12-10T19:30:23.915263+00:00
1129,1765395023.935824,2025-12-10T19:30:23.935827+00:00
1130,1765395023.956722,2025-12-10T19:30:23.956725+00:00
1131,1765395023.976421,2025-12-10T19:30:23.976425+00:00
1132,1765395023.99437,2025-12-10T19:30:23.994372+00:00
1133,1765395024.015243,2025-12-10T19:30:24.015245+00:00
1134,1765395024.035522,2025-12-10T19:30:24.035525+00:00
1135,1765395024.0534332,2025-12-10T19:30:24.053438+00:00
1136,1765395024.074362,2025-12-10T19:30:24.074367+00:00
1137,1765395024.095267,2025-12-10T19:30:24.095271+00:00
1138,1765395024.11392,2025-12-10T19:30:24.113926+00:00
1139,1765395024.134563,2025-12-10T19:30:24.134564+00:00
1140,1765395024.153876,2025-12-10T19:30:24.153880+00:00
1141,1765395024.172884,2025-12-10T19:30:24.172887+00:00
1142,1765395024.193392,2025-12-10T19:30:24.193409+00:00
1143,1765395024.214286,2025-12-10T19:30:24.214290+00:00
1144,1765395024.2348,2025-12-10T19:30:24.234806+00:00
1145,1765395024.2556748,2025-12-10T19:30:24.255679+00:00
1146,1765395024.276116,2025-12-10T19:30:24.276119+00:00
1147,1765395024.297,2025-12-10T19:30:24.297005+00:00
1148,1765395024.317787,2025-12-10T19:30:24.317790+00:00
1149,1765395024.338648,2025-12-10T19:30:24.338650+00:00
1150,1765395024.359505,2025-12-10T19:30:24.359508+00:00
1151,1765395024.3803809,2025-12-10T19:30:24.380383+00:00
1152,1765395024.4012501,2025-12-10T19:30:24.401250+00:00
1153,1765395024.422106,2025-12-10T19:30:24.422108+00:00
1154,1765395024.442972,2025-12-10T19:30:24.442975+00:00
1155,1765395024.4638348,2025-12-10T19:30:24.463837+00:00
1156,1765395024.483317,2025-12-10T19:30:24.483320+00:00
1157,1765395024.504201,2025-12-10T19:30:24.504203+00:00
1158,1765395024.525103,2025-12-10T19:30:24.525107+00:00
1159,1765395024.5436969,2025-12-10T19:30:24.543699+00:00
1160,1765395024.56455,2025-12-10T19:30:24.564552+00:00
1161,1765395024.5835462,2025-12-10T19:30:24.583550+00:00
1162,1765395024.601403,2025-12-10T19:30:24.601407+00:00
1163,1765395024.622297,2025-12-10T19:30:24.622303+00:00
1164,1765395024.642865,2025-12-10T19:30:24.642870+00:00
1165,1765395024.663746,2025-12-10T19:30:24.663750+00:00
1166,1765395024.682186,2025-12-10T19:30:24.682195+00:00
1167,1765395024.699769,2025-12-10T19:30:24.699770+00:00
1168,1765395024.720673,2025-12-10T19:30:24.720676+00:00
1169,1765395024.741247,2025-12-10T19:30:24.741254+00:00
1170,1765395024.7621498,2025-12-10T19:30:24.762154+00:00
1171,1765395024.7818282,2025-12-10T19:30:24.781832+00:00
1172,1765395024.7993898,2025-12-10T19:30:24.799394+00:00
1173,1765395024.818021,2025-12-10T19:30:24.818033+00:00
1174,1765395024.8389308,2025-12-10T19:30:24.838945+00:00
1175,1765395024.859856,2025-12-10T19:30:24.859860+00:00
1176,1765395024.877983,2025-12-10T19:30:24.877990+00:00
1177,1765395024.8978848,2025-12-10T19:30:24.897888+00:00
1178,1765395024.9187589,2025-12-10T19:30:24.918763+00:00
1179,1765395024.9396448,2025-12-10T19:30:24.939651+00:00
1180,1765395024.959754,2025-12-10T19:30:24.959758+00:00
1181,1765395024.980631,2025-12-10T19:30:24.980632+00:00
1182,1765395025.0010781,2025-12-10T19:30:25.001086+00:00
1183,1765395025.021951,2025-12-10T19:30:25.021953+00:00
1184,1765395025.042826,2025-12-10T19:30:25.042827+00:00
1185,1765395025.063679,2025-12-10T19:30:25.063680+00:00
1186,1765395025.082011,2025-12-10T19:30:25.082016+00:00
1187,1765395025.10178,2025-12-10T19:30:25.101784+00:00
1188,1765395025.1197388,2025-12-10T19:30:25.119748+00:00
1189,1765395025.140687,2025-12-10T19:30:25.140690+00:00
1190,1765395025.157544,2025-12-10T19:30:25.157548+00:00
1191,1765395025.1748302,2025-12-10T19:30:25.174834+00:00
1192,1765395025.195741,2025-12-10T19:30:25.195743+00:00
1193,1765395025.216612,2025-12-10T19:30:25.216613+00:00
1194,1765395025.236353,2025-12-10T19:30:25.236354+00:00
1195,1765395025.256025,2025-12-10T19:30:25.256027+00:00
1196,1765395025.277466,2025-12-10T19:30:25.277472+00:00
1197,1765395025.294776,2025-12-10T19:30:25.294780+00:00
1198,1765395025.312865,2025-12-10T19:30:25.312868+00:00
1199,1765395025.3342211,2025-12-10T19:30:25.334224+00:00
1200,1765395025.3517709,2025-12-10T19:30:25.351776+00:00
1201,1765395025.3719099,2025-12-10T19:30:25.371916+00:00
1202,1765395025.392815,2025-12-10T19:30:25.392818+00:00
1203,1765395025.41264,2025-12-10T19:30:25.412642+00:00
1204,1765395025.433505,2025-12-10T19:30:25.433507+00:00
1205,1765395025.4532301,2025-12-10T19:30:25.453236+00:00
1206,1765395025.474148,2025-12-10T19:30:25.474151+00:00
1207,1765395025.492609,2025-12-10T19:30:25.492611+00:00
1208,1765395025.509633,2025-12-10T19:30:25.509649+00:00
1209,1765395025.5305548,2025-12-10T19:30:25.530556+00:00
1210,1765395025.551413,2025-12-10T19:30:25.551414+00:00
1211,1765395025.571689,2025-12-10T19:30:25.571692+00:00
1212,1765395025.591308,2025-12-10T19:30:25.591309+00:00
1213,1765395025.609416,2025-12-10T19:30:25.609417+00:00
1214,1765395025.6302688,2025-12-10T19:30:25.630270+00:00
1215,1765395025.647709,2025-12-10T19:30:25.647713+00:00
1216,1765395025.668084,2025-12-10T19:30:25.668087+00:00
1217,1765395025.6889532,2025-12-10T19:30:25.688955+00:00
1218,1765395025.709482,2025-12-10T19:30:25.709487+00:00
1219,1765395025.730386,2025-12-10T19:30:25.730393+00:00
1220,1765395025.750147,2025-12-10T19:30:25.750152+00:00
1221,1765395025.7681248,2025-12-10T19:30:25.768147+00:00
1222,1765395025.7870321,2025-12-10T19:30:25.787036+00:00
1223,1765395025.807913,2025-12-10T19:30:25.807917+00:00
1224,1765395025.827935,2025-12-10T19:30:25.827939+00:00
1225,1765395025.848813,2025-12-10T19:30:25.848817+00:00
1226,1765395025.8697002,2025-12-10T19:30:25.869706+00:00
1227,1765395025.888795,2025-12-10T19:30:25.888800+00:00
1228,1765395025.90642,2025-12-10T19:30:25.906426+00:00
1229,1765395025.925484,2025-12-10T19:30:25.925490+00:00
1230,1765395025.946419,2025-12-10T19:30:25.946433+00:00
1231,1765395025.967337,2025-12-10T19:30:25.967342+00:00
1232,1765395025.984392,2025-12-10T19:30:25.984400+00:00
1233,1765395026.005364,2025-12-10T19:30:26.005369+00:00
1234,1765395026.0252311,2025-12-10T19:30:26.025235+00:00
1235,1765395026.046119,2025-12-10T19:30:26.046126+00:00
1236,1765395026.067025,2025-12-10T19:30:26.067027+00:00
1237,1765395026.085352,2025-12-10T19:30:26.085355+00:00
1238,1765395026.105012,2025-12-10T19:30:26.105016+00:00
1239,1765395026.125889,2025-12-10T19:30:26.125893+00:00
1240,1765395026.14374,2025-12-10T19:30:26.143749+00:00
1241,1765395026.1609118,2025-12-10T19:30:26.160916+00:00
1242,1765395026.183008,2025-12-10T19:30:26.183013+00:00
1243,1765395026.201932,2025-12-10T19:30:26.201936+00:00
1244,1765395026.219158,2025-12-10T19:30:26.219162+00:00
1245,1765395026.245258,2025-12-10T19:30:26.245263+00:00
1246,1765395026.2724328,2025-12-10T19:30:26.272653+00:00
1247,1765395026.291788,2025-12-10T19:30:26.291794+00:00
1248,1765395026.314862,2025-12-10T19:30:26.314866+00:00
1249,1765395026.335752,2025-12-10T19:30:26.335757+00:00
1250,1765395026.353069,2025-12-10T19:30:26.353074+00:00
1251,1765395026.373494,2025-12-10T19:30:26.373498+00:00
1252,1765395026.390959,2025-12-10T19:30:26.390963+00:00
1253,1765395026.41091,2025-12-10T19:30:26.410916+00:00
1254,1765395026.428374,2025-12-10T19:30:26.428380+00:00
1255,1765395026.449277,2025-12-10T19:30:26.449281+00:00
1256,1765395026.470171,2025-12-10T19:30:26.470176+00:00
1257,1765395026.4877172,2025-12-10T19:30:26.487722+00:00
1258,1765395026.5056262,2025-12-10T19:30:26.505634+00:00
1259,1765395026.526724,2025-12-10T19:30:26.526728+00:00
1260,1765395026.547028,2025-12-10T19:30:26.547033+00:00
1261,1765395026.5679228,2025-12-10T19:30:26.567926+00:00
1262,1765395026.587033,2025-12-10T19:30:26.587182+00:00
1263,1765395026.608064,2025-12-10T19:30:26.608068+00:00
1264,1765395026.6256142,2025-12-10T19:30:26.625618+00:00
1265,1765395026.6445508,2025-12-10T19:30:26.644554+00:00
1266,1765395026.66541,2025-12-10T19:30:26.665414+00:00
1267,1765395026.686284,2025-12-10T19:30:26.686288+00:00
1268,1765395026.703337,2025-12-10T19:30:26.703340+00:00
1269,1765395026.724246,2025-12-10T19:30:26.724248+00:00
1270,1765395026.743915,2025-12-10T19:30:26.743923+00:00
1271,1765395026.7648509,2025-12-10T19:30:26.764856+00:00
1272,1765395026.7857459,2025-12-10T19:30:26.785748+00:00
1273,1765395026.806614,2025-12-10T19:30:26.806618+00:00
1274,1765395026.829938,2025-12-10T19:30:26.829944+00:00
1275,1765395026.850961,2025-12-10T19:30:26.850967+00:00
1276,1765395026.871851,2025-12-10T19:30:26.871861+00:00
1277,1765395026.89029,2025-12-10T19:30:26.890294+00:00
1278,1765395026.9112918,2025-12-10T19:30:26.911296+00:00
1279,1765395026.9286919,2025-12-10T19:30:26.928712+00:00
1280,1765395026.94676,2025-12-10T19:30:26.946765+00:00
1281,1765395026.966801,2025-12-10T19:30:26.966805+00:00
1282,1765395026.98543,2025-12-10T19:30:26.985434+00:00
1283,1765395027.00257,2025-12-10T19:30:27.002574+00:00
1284,1765395027.0206342,2025-12-10T19:30:27.020640+00:00
1285,1765395027.0384,2025-12-10T19:30:27.038404+00:00
1286,1765395027.0593002,2025-12-10T19:30:27.059303+00:00
1287,1765395027.077333,2025-12-10T19:30:27.077336+00:00
1288,1765395027.09821,2025-12-10T19:30:27.098211+00:00
1289,1765395027.115102,2025-12-10T19:30:27.115104+00:00
1290,1765395027.134638,2025-12-10T19:30:27.134642+00:00
1291,1765395027.151608,2025-12-10T19:30:27.151613+00:00
1292,1765395027.172501,2025-12-10T19:30:27.172622+00:00
1293,1765395027.191078,2025-12-10T19:30:27.191083+00:00
1294,1765395027.210609,2025-12-10T19:30:27.210621+00:00
1295,1765395027.231515,2025-12-10T19:30:27.231517+00:00
1296,1765395027.2486038,2025-12-10T19:30:27.248609+00:00
1297,1765395027.269533,2025-12-10T19:30:27.269536+00:00
1298,1765395027.28931,2025-12-10T19:30:27.289313+00:00
1299,1765395027.3096929,2025-12-10T19:30:27.309700+00:00
1300,1765395027.330604,2025-12-10T19:30:27.330610+00:00
1301,1765395027.351251,2025-12-10T19:30:27.351260+00:00
1302,1765395027.369626,2025-12-10T19:30:27.369633+00:00
1303,1765395027.390513,2025-12-10T19:30:27.390514+00:00
1304,1765395027.408923,2025-12-10T19:30:27.408926+00:00
1305,1765395027.4298,2025-12-10T19:30:27.429801+00:00
1306,1765395027.449207,2025-12-10T19:30:27.449210+00:00
1307,1765395027.468106,2025-12-10T19:30:27.468113+00:00
1308,1765395027.489016,2025-12-10T19:30:27.489020+00:00
1309,1765395027.5071812,2025-12-10T19:30:27.507185+00:00
1310,1765395027.528081,2025-12-10T19:30:27.528084+00:00
1311,1765395027.5454988,2025-12-10T19:30:27.545502+00:00
1312,1765395027.566682,2025-12-10T19:30:27.566689+00:00
1313,1765395027.587578,2025-12-10T19:30:27.587580+00:00
1314,1765395027.608456,2025-12-10T19:30:27.608458+00:00
1315,1765395027.629339,2025-12-10T19:30:27.629344+00:00
1316,1765395027.6502662,2025-12-10T19:30:27.650271+00:00
1317,1765395027.671146,2025-12-10T19:30:27.671150+00:00
1318,1765395027.689846,2025-12-10T19:30:27.689849+00:00
1319,1765395027.7107441,2025-12-10T19:30:27.710747+00:00
1320,1765395027.731626,2025-12-10T19:30:27.731628+00:00
1321,1765395027.752497,2025-12-10T19:30:27.752509+00:00
1322,1765395027.773383,2025-12-10T19:30:27.773386+00:00
1323,1765395027.793579,2025-12-10T19:30:27.793582+00:00
1324,1765395027.813327,2025-12-10T19:30:27.813329+00:00
1325,1765395027.8338711,2025-12-10T19:30:27.833873+00:00
1326,1765395027.853069,2025-12-10T19:30:27.853072+00:00
1327,1765395027.873941,2025-12-10T19:30:27.873943+00:00
1328,1765395027.894817,2025-12-10T19:30:27.894821+00:00
1329,1765395027.915377,2025-12-10T19:30:27.915384+00:00
1330,1765395027.9344409,2025-12-10T19:30:27.934444+00:00
1331,1765395027.952368,2025-12-10T19:30:27.952372+00:00
1332,1765395027.973249,2025-12-10T19:30:27.973252+00:00
1333,1765395027.991887,2025-12-10T19:30:27.991888+00:00
1334,1765395028.0127628,2025-12-10T19:30:28.012765+00:00
1335,1765395028.033639,2025-12-10T19:30:28.033640+00:00
1336,1765395028.053501,2025-12-10T19:30:28.053505+00:00
1337,1765395028.073637,2025-12-10T19:30:28.073640+00:00
1338,1765395028.0904489,2025-12-10T19:30:28.090453+00:00
1339,1765395028.1095622,2025-12-10T19:30:28.109566+00:00
1340,1765395028.130453,2025-12-10T19:30:28.130458+00:00
1341,1765395028.151411,2025-12-10T19:30:28.151416+00:00
1342,1765395028.172308,2025-12-10T19:30:28.172313+00:00
1343,1765395028.193224,2025-12-10T19:30:28.193231+00:00
1344,1765395028.214133,2025-12-10T19:30:28.214137+00:00
1345,1765395028.2350101,2025-12-10T19:30:28.235015+00:00
1346,1765395028.253461,2025-12-10T19:30:28.253464+00:00
1347,1765395028.2704792,2025-12-10T19:30:28.270481+00:00
1348,1765395028.291759,2025-12-10T19:30:28.291763+00:00
1349,1765395028.3124769,2025-12-10T19:30:28.312482+00:00
1350,1765395028.338659,2025-12-10T19:30:28.338664+00:00
1351,1765395028.377486,2025-12-10T19:30:28.377492+00:00
1352,1765395028.415283,2025-12-10T19:30:28.415289+00:00
1353,1765395028.434562,2025-12-10T19:30:28.434568+00:00
1354,1765395028.493771,2025-12-10T19:30:28.493777+00:00
1355,1765395028.51514,2025-12-10T19:30:28.515144+00:00
1356,1765395028.536024,2025-12-10T19:30:28.536028+00:00
1357,1765395028.554166,2025-12-10T19:30:28.554173+00:00
1358,1765395028.5737112,2025-12-10T19:30:28.573715+00:00
1359,1765395028.5946062,2025-12-10T19:30:28.594607+00:00
1360,1765395028.6154869,2025-12-10T19:30:28.615489+00:00
1361,1765395028.6339982,2025-12-10T19:30:28.634002+00:00
1362,1765395028.6548889,2025-12-10T19:30:28.654894+00:00
1363,1765395028.6757681,2025-12-10T19:30:28.675771+00:00
1364,1765395028.696657,2025-12-10T19:30:28.696662+00:00
1365,1765395028.717546,2025-12-10T19:30:28.717549+00:00
1366,1765395028.738422,2025-12-10T19:30:28.738428+00:00
1367,1765395028.756199,2025-12-10T19:30:28.756205+00:00
1368,1765395028.776757,2025-12-10T19:30:28.776762+00:00
1369,1765395028.797645,2025-12-10T19:30:28.797652+00:00
1370,1765395028.8185332,2025-12-10T19:30:28.818536+00:00
1371,1765395028.839423,2025-12-10T19:30:28.839431+00:00
1372,1765395028.859225,2025-12-10T19:30:28.859229+00:00
1373,1765395028.876745,2025-12-10T19:30:28.876749+00:00
1374,1765395028.897245,2025-12-10T19:30:28.897249+00:00
1375,1765395028.91688,2025-12-10T19:30:28.916881+00:00
1376,1765395028.937747,2025-12-10T19:30:28.937749+00:00
1377,1765395028.958677,2025-12-10T19:30:28.958683+00:00
1378,1765395028.9795892,2025-12-10T19:30:28.979594+00:00
1379,1765395029.000468,2025-12-10T19:30:29.000468+00:00
1380,1765395029.018371,2025-12-10T19:30:29.018376+00:00
1381,1765395029.038838,2025-12-10T19:30:29.038840+00:00
1382,1765395029.055586,2025-12-10T19:30:29.055586+00:00
1383,1765395029.076446,2025-12-10T19:30:29.076447+00:00
1384,1765395029.097326,2025-12-10T19:30:29.097330+00:00
1385,1765395029.1174269,2025-12-10T19:30:29.117430+00:00
1386,1765395029.138319,2025-12-10T19:30:29.138325+00:00
1387,1765395029.156283,2025-12-10T19:30:29.156286+00:00
1388,1765395029.175928,2025-12-10T19:30:29.175931+00:00
1389,1765395029.1968262,2025-12-10T19:30:29.196828+00:00
1390,1765395029.2177112,2025-12-10T19:30:29.217715+00:00
1391,1765395029.2379048,2025-12-10T19:30:29.237909+00:00
1392,1765395029.258324,2025-12-10T19:30:29.258327+00:00
1393,1765395029.276843,2025-12-10T19:30:29.276845+00:00
1394,1765395029.295614,2025-12-10T19:30:29.295617+00:00
1395,1765395029.315008,2025-12-10T19:30:29.315013+00:00
1396,1765395029.335906,2025-12-10T19:30:29.335909+00:00
1397,1765395029.355506,2025-12-10T19:30:29.355529+00:00
1398,1765395029.3764858,2025-12-10T19:30:29.376495+00:00
1399,1765395029.3974242,2025-12-10T19:30:29.397429+00:00
1400,1765395029.414457,2025-12-10T19:30:29.414465+00:00
1401,1765395029.4344661,2025-12-10T19:30:29.434468+00:00
1402,1765395029.455349,2025-12-10T19:30:29.455354+00:00
1403,1765395029.472595,2025-12-10T19:30:29.472599+00:00
1404,1765395029.493483,2025-12-10T19:30:29.493493+00:00
1405,1765395029.513933,2025-12-10T19:30:29.513942+00:00
1406,1765395029.534842,2025-12-10T19:30:29.534845+00:00
1407,1765395029.555718,2025-12-10T19:30:29.555721+00:00
1408,1765395029.576621,2025-12-10T19:30:29.576629+00:00
1409,1765395029.596908,2025-12-10T19:30:29.596913+00:00
1410,1765395029.616676,2025-12-10T19:30:29.616680+00:00
1411,1765395029.633921,2025-12-10T19:30:29.633924+00:00
1412,1765395029.654316,2025-12-10T19:30:29.654323+00:00
1413,1765395029.675222,2025-12-10T19:30:29.675227+00:00
1414,1765395029.6961122,2025-12-10T19:30:29.696115+00:00
1415,1765395029.7169752,2025-12-10T19:30:29.716976+00:00
1416,1765395029.738074,2025-12-10T19:30:29.738079+00:00
1417,1765395029.758961,2025-12-10T19:30:29.758964+00:00
1418,1765395029.779856,2025-12-10T19:30:29.779859+00:00
1419,1765395029.800756,2025-12-10T19:30:29.800759+00:00
1420,1765395029.821635,2025-12-10T19:30:29.821637+00:00
1421,1765395029.8393862,2025-12-10T19:30:29.839389+00:00
1422,1765395029.8592231,2025-12-10T19:30:29.859228+00:00
1423,1765395029.8792908,2025-12-10T19:30:29.879294+00:00
1424,1765395029.9001758,2025-12-10T19:30:29.900181+00:00
1425,1765395029.918703,2025-12-10T19:30:29.918705+00:00
1426,1765395029.936629,2025-12-10T19:30:29.936634+00:00
1427,1765395029.954556,2025-12-10T19:30:29.954559+00:00
1428,1765395029.971785,2025-12-10T19:30:29.971788+00:00
1429,1765395029.9926841,2025-12-10T19:30:29.992688+00:00
1430,1765395030.011659,2025-12-10T19:30:30.011663+00:00
1431,1765395030.031578,2025-12-10T19:30:30.031580+00:00
1432,1765395030.052453,2025-12-10T19:30:30.052457+00:00
1433,1765395030.070631,2025-12-10T19:30:30.070638+00:00
1434,1765395030.0898402,2025-12-10T19:30:30.089853+00:00
1435,1765395030.1085582,2025-12-10T19:30:30.108561+00:00
1436,1765395030.1294458,2025-12-10T19:30:30.129449+00:00
1437,1765395030.146719,2025-12-10T19:30:30.146727+00:00
1438,1765395030.1676202,2025-12-10T19:30:30.167625+00:00
1439,1765395030.185687,2025-12-10T19:30:30.185691+00:00
1440,1765395030.20609,2025-12-10T19:30:30.206097+00:00
1441,1765395030.224201,2025-12-10T19:30:30.224203+00:00
1442,1765395030.244352,2025-12-10T19:30:30.244356+00:00
1443,1765395030.261437,2025-12-10T19:30:30.261441+00:00
1444,1765395030.294654,2025-12-10T19:30:30.294661+00:00
1445,1765395030.326281,2025-12-10T19:30:30.326285+00:00
1446,1765395030.347169,2025-12-10T19:30:30.347174+00:00
1447,1765395030.364981,2025-12-10T19:30:30.364986+00:00
1448,1765395030.383056,2025-12-10T19:30:30.383060+00:00
1449,1765395030.4027379,2025-12-10T19:30:30.402743+00:00
1450,1765395030.423669,2025-12-10T19:30:30.423680+00:00
1451,1765395030.4445949,2025-12-10T19:30:30.444599+00:00
1452,1765395030.46504,2025-12-10T19:30:30.465049+00:00
1453,1765395030.4859881,2025-12-10T19:30:30.485995+00:00
1454,1765395030.506925,2025-12-10T19:30:30.506935+00:00
1455,1765395030.527209,2025-12-10T19:30:30.527212+00:00
1456,1765395030.548157,2025-12-10T19:30:30.548160+00:00
1457,1765395030.569023,2025-12-10T19:30:30.569034+00:00
1458,1765395030.589941,2025-12-10T19:30:30.589945+00:00
1459,1765395030.610573,2025-12-10T19:30:30.610580+00:00
1460,1765395030.6314821,2025-12-10T19:30:30.631485+00:00
1461,1765395030.6523468,2025-12-10T19:30:30.652351+00:00
1462,1765395030.672003,2025-12-10T19:30:30.672006+00:00
1463,1765395030.68872,2025-12-10T19:30:30.688724+00:00
1464,1765395030.707736,2025-12-10T19:30:30.707744+00:00
1465,1765395030.728651,2025-12-10T19:30:30.728654+00:00
1466,1765395030.749527,2025-12-10T19:30:30.749534+00:00
1467,1765395030.7668312,2025-12-10T19:30:30.766834+00:00
1468,1765395030.7856588,2025-12-10T19:30:30.785662+00:00
1469,1765395030.8063302,2025-12-10T19:30:30.806332+00:00
1470,1765395030.8272011,2025-12-10T19:30:30.827232+00:00
1471,1765395030.8481128,2025-12-10T19:30:30.848115+00:00
1472,1765395030.868984,2025-12-10T19:30:30.868989+00:00
1473,1765395030.889859,2025-12-10T19:30:30.889861+00:00
1474,1765395030.910806,2025-12-10T19:30:30.910809+00:00
1475,1765395030.927934,2025-12-10T19:30:30.927935+00:00
1476,1765395030.948791,2025-12-10T19:30:30.948794+00:00
1477,1765395030.9696488,2025-12-10T19:30:30.969650+00:00
1478,1765395030.990515,2025-12-10T19:30:30.990517+00:00
1479,1765395031.010529,2025-12-10T19:30:31.010532+00:00
1480,1765395031.031753,2025-12-10T19:30:31.031758+00:00
1481,1765395031.051401,2025-12-10T19:30:31.051404+00:00
1482,1765395031.06883,2025-12-10T19:30:31.068834+00:00
1483,1765395031.087012,2025-12-10T19:30:31.087013+00:00
1484,1765395031.1062772,2025-12-10T19:30:31.106283+00:00
1485,1765395031.1267378,2025-12-10T19:30:31.126743+00:00
1486,1765395031.1475892,2025-12-10T19:30:31.147593+00:00
1487,1765395031.168097,2025-12-10T19:30:31.168104+00:00
1488,1765395031.189009,2025-12-10T19:30:31.189012+00:00
1489,1765395031.209792,2025-12-10T19:30:31.209847+00:00
1490,1765395031.227351,2025-12-10T19:30:31.227355+00:00
1491,1765395031.248229,2025-12-10T19:30:31.248232+00:00
1492,1765395031.267939,2025-12-10T19:30:31.267945+00:00
1493,1765395031.28496,2025-12-10T19:30:31.284977+00:00
1494,1765395031.3019142,2025-12-10T19:30:31.301917+00:00
1495,1765395031.319849,2025-12-10T19:30:31.319850+00:00
1496,1765395031.3407,2025-12-10T19:30:31.340701+00:00
1497,1765395031.3596082,2025-12-10T19:30:31.359610+00:00
1498,1765395031.3804748,2025-12-10T19:30:31.380480+00:00
1499,1765395031.4003332,2025-12-10T19:30:31.400338+00:00
1500,1765395031.417805,2025-12-10T19:30:31.417811+00:00
1501,1765395031.438528,2025-12-10T19:30:31.438534+00:00
1502,1765395031.4556348,2025-12-10T19:30:31.455637+00:00
1503,1765395031.47332,2025-12-10T19:30:31.473325+00:00
1504,1765395031.494228,2025-12-10T19:30:31.494230+00:00
1505,1765395031.5142038,2025-12-10T19:30:31.514241+00:00
1506,1765395031.535136,2025-12-10T19:30:31.535139+00:00
1507,1765395031.556006,2025-12-10T19:30:31.556010+00:00
1508,1765395031.573737,2025-12-10T19:30:31.573740+00:00
1509,1765395031.59461,2025-12-10T19:30:31.594613+00:00
1510,1765395031.615478,2025-12-10T19:30:31.615480+00:00
1511,1765395031.6363578,2025-12-10T19:30:31.636359+00:00
1512,1765395031.657254,2025-12-10T19:30:31.657263+00:00
1513,1765395031.6781719,2025-12-10T19:30:31.678175+00:00
1514,1765395031.697293,2025-12-10T19:30:31.697296+00:00
1515,1765395031.714266,2025-12-10T19:30:31.714271+00:00
1516,1765395031.734748,2025-12-10T19:30:31.734754+00:00
1517,1765395031.75566,2025-12-10T19:30:31.755665+00:00
1518,1765395031.773234,2025-12-10T19:30:31.773236+00:00
1519,1765395031.791911,2025-12-10T19:30:31.791912+00:00
1520,1765395031.808893,2025-12-10T19:30:31.808898+00:00
1521,1765395031.829816,2025-12-10T19:30:31.829818+00:00
1522,1765395031.8495018,2025-12-10T19:30:31.849506+00:00
1523,1765395031.866432,2025-12-10T19:30:31.866436+00:00
1524,1765395031.88731,2025-12-10T19:30:31.887320+00:00
1525,1765395031.908221,2025-12-10T19:30:31.908228+00:00
1526,1765395031.927233,2025-12-10T19:30:31.927240+00:00
1527,1765395031.9481442,2025-12-10T19:30:31.948148+00:00
1528,1765395031.969044,2025-12-10T19:30:31.969048+00:00
1529,1765395031.989918,2025-12-10T19:30:31.989920+00:00
1530,1765395032.010578,2025-12-10T19:30:32.010586+00:00
1531,1765395032.027436,2025-12-10T19:30:32.027444+00:00
1532,1765395032.045171,2025-12-10T19:30:32.045173+00:00
1533,1765395032.062764,2025-12-10T19:30:32.062767+00:00
1534,1765395032.082485,2025-12-10T19:30:32.082487+00:00
1535,1765395032.102005,2025-12-10T19:30:32.102012+00:00
1536,1765395032.1219578,2025-12-10T19:30:32.121966+00:00
1537,1765395032.1428711,2025-12-10T19:30:32.142873+00:00
1538,1765395032.16098,2025-12-10T19:30:32.160984+00:00
1539,1765395032.1813571,2025-12-10T19:30:32.181360+00:00
1540,1765395032.2016761,2025-12-10T19:30:32.201680+00:00
1541,1765395032.222582,2025-12-10T19:30:32.222586+00:00
1542,1765395032.243489,2025-12-10T19:30:32.243496+00:00
1543,1765395032.261281,2025-12-10T19:30:32.261286+00:00
1544,1765395032.2821782,2025-12-10T19:30:32.282182+00:00
1545,1765395032.3030741,2025-12-10T19:30:32.303079+00:00
1546,1765395032.320251,2025-12-10T19:30:32.320253+00:00
1547,1765395032.341136,2025-12-10T19:30:32.341140+00:00
1548,1765395032.3612008,2025-12-10T19:30:32.361208+00:00
1549,1765395032.38209,2025-12-10T19:30:32.382091+00:00
1550,1765395032.401286,2025-12-10T19:30:32.401289+00:00
1551,1765395032.4221241,2025-12-10T19:30:32.422129+00:00
1552,1765395032.4430249,2025-12-10T19:30:32.443027+00:00
1553,1765395032.4633741,2025-12-10T19:30:32.463374+00:00
1554,1765395032.480481,2025-12-10T19:30:32.480484+00:00
1555,1765395032.5013719,2025-12-10T19:30:32.501372+00:00
1556,1765395032.519008,2025-12-10T19:30:32.519024+00:00
1557,1765395032.53608,2025-12-10T19:30:32.536083+00:00
1558,1765395032.553835,2025-12-10T19:30:32.553839+00:00
1559,1765395032.57472,2025-12-10T19:30:32.574722+00:00
1560,1765395032.595605,2025-12-10T19:30:32.595608+00:00
1561,1765395032.616496,2025-12-10T19:30:32.616500+00:00
1562,1765395032.634288,2025-12-10T19:30:32.634295+00:00
1563,1765395032.654974,2025-12-10T19:30:32.654976+00:00
1564,1765395032.6758459,2025-12-10T19:30:32.675850+00:00
1565,1765395032.6967628,2025-12-10T19:30:32.696764+00:00
1566,1765395032.715578,2025-12-10T19:30:32.715578+00:00
1567,1765395032.7364259,2025-12-10T19:30:32.736426+00:00
1568,1765395032.756576,2025-12-10T19:30:32.756581+00:00
1569,1765395032.777471,2025-12-10T19:30:32.777473+00:00
1570,1765395032.7981582,2025-12-10T19:30:32.798162+00:00
1571,1765395032.835781,2025-12-10T19:30:32.835785+00:00
1572,1765395032.852934,2025-12-10T19:30:32.852937+00:00
1573,1765395032.872113,2025-12-10T19:30:32.872117+00:00
1574,1765395032.889733,2025-12-10T19:30:32.889738+00:00
1575,1765395032.91066,2025-12-10T19:30:32.910664+00:00
1576,1765395032.928422,2025-12-10T19:30:32.928426+00:00
1577,1765395032.949298,2025-12-10T19:30:32.949302+00:00
1578,1765395032.97017,2025-12-10T19:30:32.970175+00:00
1579,1765395032.989176,2025-12-10T19:30:32.989182+00:00
1580,1765395033.009753,2025-12-10T19:30:33.009764+00:00
1581,1765395033.030687,2025-12-10T19:30:33.030691+00:00
1582,1765395033.051577,2025-12-10T19:30:33.051580+00:00
1583,1765395033.072235,2025-12-10T19:30:33.072244+00:00
1584,1765395033.092501,2025-12-10T19:30:33.092505+00:00
1585,1765395033.109492,2025-12-10T19:30:33.109494+00:00
1586,1765395033.130393,2025-12-10T19:30:33.130395+00:00
1587,1765395033.151274,2025-12-10T19:30:33.151276+00:00
1588,1765395033.1699789,2025-12-10T19:30:33.169983+00:00
1589,1765395033.1891441,2025-12-10T19:30:33.189147+00:00
1590,1765395033.208422,2025-12-10T19:30:33.208427+00:00
1591,1765395033.2278678,2025-12-10T19:30:33.227870+00:00
1592,1765395033.244629,2025-12-10T19:30:33.244630+00:00
1593,1765395033.265196,2025-12-10T19:30:33.265197+00:00
1594,1765395033.282038,2025-12-10T19:30:33.282041+00:00
1595,1765395033.301388,2025-12-10T19:30:33.301391+00:00
1596,1765395033.322252,2025-12-10T19:30:33.322255+00:00
1597,1765395033.3393059,2025-12-10T19:30:33.339313+00:00
1598,1765395033.3599339,2025-12-10T19:30:33.359938+00:00
1599,1765395033.376757,2025-12-10T19:30:33.376759+00:00
1600,1765395033.398487,2025-12-10T19:30:33.398489+00:00
1601,1765395033.419347,2025-12-10T19:30:33.419349+00:00
1602,1765395033.439204,2025-12-10T19:30:33.439208+00:00
1603,1765395033.459622,2025-12-10T19:30:33.459624+00:00
1604,1765395033.478076,2025-12-10T19:30:33.478081+00:00
1605,1765395033.498946,2025-12-10T19:30:33.498949+00:00
1606,1765395033.519852,2025-12-10T19:30:33.519858+00:00
1607,1765395033.536723,2025-12-10T19:30:33.536727+00:00
1608,1765395033.5547462,2025-12-10T19:30:33.554751+00:00
1609,1765395033.5726762,2025-12-10T19:30:33.572679+00:00
1610,1765395033.593554,2025-12-10T19:30:33.593555+00:00
1611,1765395033.6144152,2025-12-10T19:30:33.614416+00:00
1612,1765395033.634748,2025-12-10T19:30:33.634749+00:00
1613,1765395033.6516109,2025-12-10T19:30:33.651611+00:00
1614,1765395033.6691442,2025-12-10T19:30:33.669145+00:00
1615,1765395033.689995,2025-12-10T19:30:33.689996+00:00
1616,1765395033.710857,2025-12-10T19:30:33.710861+00:00
1617,1765395033.730071,2025-12-10T19:30:33.730074+00:00
1618,1765395033.750932,2025-12-10T19:30:33.750933+00:00
1619,1765395033.7691689,2025-12-10T19:30:33.769171+00:00
1620,1765395033.790048,2025-12-10T19:30:33.790050+00:00
1621,1765395033.81093,2025-12-10T19:30:33.810935+00:00
1622,1765395033.827851,2025-12-10T19:30:33.827851+00:00
1623,1765395033.8486972,2025-12-10T19:30:33.848698+00:00
1624,1765395033.869549,2025-12-10T19:30:33.869551+00:00
1625,1765395033.888237,2025-12-10T19:30:33.888240+00:00
1626,1765395033.9091358,2025-12-10T19:30:33.909142+00:00
1627,1765395033.929559,2025-12-10T19:30:33.929560+00:00
1628,1765395033.950429,2025-12-10T19:30:33.950431+00:00
1629,1765395033.9678981,2025-12-10T19:30:33.967898+00:00
1630,1765395033.988745,2025-12-10T19:30:33.988748+00:00
1631,1765395034.008866,2025-12-10T19:30:34.008870+00:00
1632,1765395034.02977,2025-12-10T19:30:34.029773+00:00
1633,1765395034.046568,2025-12-10T19:30:34.046569+00:00
1634,1765395034.0670998,2025-12-10T19:30:34.067105+00:00
1635,1765395034.08401,2025-12-10T19:30:34.084011+00:00
1636,1765395034.1048691,2025-12-10T19:30:34.104871+00:00
1637,1765395034.125152,2025-12-10T19:30:34.125154+00:00
1638,1765395034.146018,2025-12-10T19:30:34.146018+00:00
1639,1765395034.164913,2025-12-10T19:30:34.164915+00:00
1640,1765395034.185771,2025-12-10T19:30:34.185771+00:00
1641,1765395034.2066329,2025-12-10T19:30:34.206637+00:00
1642,1765395034.227319,2025-12-10T19:30:34.227321+00:00
1643,1765395034.2481868,2025-12-10T19:30:34.248190+00:00
1644,1765395034.2689762,2025-12-10T19:30:34.268977+00:00
1645,1765395034.287374,2025-12-10T19:30:34.287379+00:00
1646,1765395034.3080802,2025-12-10T19:30:34.308083+00:00
1647,1765395034.3248372,2025-12-10T19:30:34.324840+00:00
1648,1765395034.343998,2025-12-10T19:30:34.344006+00:00
1649,1765395034.3649,2025-12-10T19:30:34.364901+00:00
1650,1765395034.3841012,2025-12-10T19:30:34.384103+00:00
1651,1765395034.405013,2025-12-10T19:30:34.405016+00:00
1652,1765395034.425907,2025-12-10T19:30:34.425911+00:00
1653,1765395034.446006,2025-12-10T19:30:34.446009+00:00
1654,1765395034.466899,2025-12-10T19:30:34.466902+00:00
1655,1765395034.484564,2025-12-10T19:30:34.484566+00:00
1656,1765395034.5054321,2025-12-10T19:30:34.505435+00:00
1657,1765395034.526309,2025-12-10T19:30:34.526312+00:00
1658,1765395034.545024,2025-12-10T19:30:34.545025+00:00
1659,1765395034.565877,2025-12-10T19:30:34.565878+00:00
1660,1765395034.586727,2025-12-10T19:30:34.586728+00:00
1661,1765395034.607021,2025-12-10T19:30:34.607026+00:00
1662,1765395034.625053,2025-12-10T19:30:34.625056+00:00
1663,1765395034.645922,2025-12-10T19:30:34.645924+00:00
1664,1765395034.665163,2025-12-10T19:30:34.665166+00:00
1665,1765395034.685659,2025-12-10T19:30:34.685665+00:00
1666,1765395034.703119,2025-12-10T19:30:34.703122+00:00
1667,1765395034.724017,2025-12-10T19:30:34.724020+00:00
1668,1765395034.741316,2025-12-10T19:30:34.741329+00:00
1669,1765395034.761704,2025-12-10T19:30:34.761706+00:00
1670,1765395034.782572,2025-12-10T19:30:34.782573+00:00
1671,1765395034.803427,2025-12-10T19:30:34.803428+00:00
1672,1765395034.824297,2025-12-10T19:30:34.824298+00:00
1673,1765395034.845165,2025-12-10T19:30:34.845167+00:00
1674,1765395034.866026,2025-12-10T19:30:34.866026+00:00
1675,1765395034.8859231,2025-12-10T19:30:34.885930+00:00
1676,1765395034.906846,2025-12-10T19:30:34.906850+00:00
1677,1765395034.924782,2025-12-10T19:30:34.924794+00:00
1678,1765395034.9452548,2025-12-10T19:30:34.945258+00:00
1679,1765395034.966122,2025-12-10T19:30:34.966124+00:00
1680,1765395034.985659,2025-12-10T19:30:34.985662+00:00
1681,1765395035.0055628,2025-12-10T19:30:35.005569+00:00
1682,1765395035.02611,2025-12-10T19:30:35.026111+00:00
1683,1765395035.0469701,2025-12-10T19:30:35.046973+00:00
1684,1765395035.067656,2025-12-10T19:30:35.067660+00:00
1685,1765395035.084977,2025-12-10T19:30:35.084981+00:00
1686,1765395035.104405,2025-12-10T19:30:35.104405+00:00
1687,1765395035.12526,2025-12-10T19:30:35.125263+00:00
1688,1765395035.146129,2025-12-10T19:30:35.146131+00:00
1689,1765395035.167009,2025-12-10T19:30:35.167015+00:00
1690,1765395035.187832,2025-12-10T19:30:35.187842+00:00
1691,1765395035.208761,2025-12-10T19:30:35.208765+00:00
1692,1765395035.226488,2025-12-10T19:30:35.226511+00:00
1693,1765395035.247423,2025-12-10T19:30:35.247427+00:00
1694,1765395035.26814,2025-12-10T19:30:35.268144+00:00
1695,1765395035.28564,2025-12-10T19:30:35.285641+00:00
1696,1765395035.306496,2025-12-10T19:30:35.306499+00:00
1697,1765395035.325397,2025-12-10T19:30:35.325398+00:00
1698,1765395035.345161,2025-12-10T19:30:35.345164+00:00
1699,1765395035.363729,2025-12-10T19:30:35.363730+00:00
1700,1765395035.384584,2025-12-10T19:30:35.384588+00:00
1701,1765395035.405486,2025-12-10T19:30:35.405493+00:00
1702,1765395035.426164,2025-12-10T19:30:35.426172+00:00
1703,1765395035.447008,2025-12-10T19:30:35.447013+00:00
1704,1765395035.4653409,2025-12-10T19:30:35.465345+00:00
1705,1765395035.483205,2025-12-10T19:30:35.483210+00:00
1706,1765395035.504123,2025-12-10T19:30:35.504130+00:00
1707,1765395035.525019,2025-12-10T19:30:35.525020+00:00
1708,1765395035.543,2025-12-10T19:30:35.543003+00:00
1709,1765395035.5631518,2025-12-10T19:30:35.563155+00:00
1710,1765395035.583589,2025-12-10T19:30:35.583591+00:00
1711,1765395035.601574,2025-12-10T19:30:35.601584+00:00
1712,1765395035.618985,2025-12-10T19:30:35.618988+00:00
1713,1765395035.637702,2025-12-10T19:30:35.637703+00:00
1714,1765395035.654647,2025-12-10T19:30:35.654651+00:00
1715,1765395035.675319,2025-12-10T19:30:35.675320+00:00
1716,1765395035.696183,2025-12-10T19:30:35.696187+00:00
1717,1765395035.715314,2025-12-10T19:30:35.715319+00:00
1718,1765395035.735855,2025-12-10T19:30:35.735857+00:00
1719,1765395035.7534888,2025-12-10T19:30:35.753498+00:00
1720,1765395035.774407,2025-12-10T19:30:35.774409+00:00
1721,1765395035.795264,2025-12-10T19:30:35.795267+00:00
1722,1765395035.8143811,2025-12-10T19:30:35.814382+00:00
1723,1765395035.834528,2025-12-10T19:30:35.834533+00:00
1724,1765395035.855019,2025-12-10T19:30:35.855024+00:00
1725,1765395035.875895,2025-12-10T19:30:35.875898+00:00
1726,1765395035.8949828,2025-12-10T19:30:35.894986+00:00
1727,1765395035.915877,2025-12-10T19:30:35.915886+00:00
1728,1765395035.9346461,2025-12-10T19:30:35.934647+00:00
1729,1765395035.9555159,2025-12-10T19:30:35.955520+00:00
1730,1765395035.976393,2025-12-10T19:30:35.976395+00:00
1731,1765395035.994796,2025-12-10T19:30:35.994799+00:00
1732,1765395036.015577,2025-12-10T19:30:36.015582+00:00
1733,1765395036.0364668,2025-12-10T19:30:36.036468+00:00
1734,1765395036.053544,2025-12-10T19:30:36.053548+00:00
1735,1765395036.074423,2025-12-10T19:30:36.074427+00:00
1736,1765395036.093243,2025-12-10T19:30:36.093244+00:00
1737,1765395036.112706,2025-12-10T19:30:36.112709+00:00
1738,1765395036.133585,2025-12-10T19:30:36.133586+00:00
1739,1765395036.151416,2025-12-10T19:30:36.151417+00:00
1740,1765395036.172283,2025-12-10T19:30:36.172285+00:00
1741,1765395036.1897979,2025-12-10T19:30:36.189802+00:00
1742,1765395036.209704,2025-12-10T19:30:36.209708+00:00
1743,1765395036.227398,2025-12-10T19:30:36.227402+00:00
1744,1765395036.248348,2025-12-10T19:30:36.248351+00:00
1745,1765395036.268103,2025-12-10T19:30:36.268112+00:00
1746,1765395036.289046,2025-12-10T19:30:36.289050+00:00
1747,1765395036.309578,2025-12-10T19:30:36.309581+00:00
1748,1765395036.329827,2025-12-10T19:30:36.329830+00:00
1749,1765395036.350705,2025-12-10T19:30:36.350706+00:00
1750,1765395036.368982,2025-12-10T19:30:36.368985+00:00
1751,1765395036.389874,2025-12-10T19:30:36.389876+00:00
1752,1765395036.410762,2025-12-10T19:30:36.410768+00:00
1753,1765395036.431681,2025-12-10T19:30:36.431684+00:00
1754,1765395036.452266,2025-12-10T19:30:36.452268+00:00
1755,1765395036.473151,2025-12-10T19:30:36.473153+00:00
1756,1765395036.493993,2025-12-10T19:30:36.493997+00:00
1757,1765395036.51488,2025-12-10T19:30:36.514885+00:00
1758,1765395036.534772,2025-12-10T19:30:36.534774+00:00
1759,1765395036.553733,2025-12-10T19:30:36.553735+00:00
1760,1765395036.570514,2025-12-10T19:30:36.570518+00:00
1761,1765395036.588544,2025-12-10T19:30:36.588546+00:00
1762,1765395036.609451,2025-12-10T19:30:36.609454+00:00
1763,1765395036.6302028,2025-12-10T19:30:36.630205+00:00
1764,1765395036.6498291,2025-12-10T19:30:36.649833+00:00
1765,1765395036.6680791,2025-12-10T19:30:36.668081+00:00
1766,1765395036.688201,2025-12-10T19:30:36.688207+00:00
1767,1765395036.709087,2025-12-10T19:30:36.709089+00:00
1768,1765395036.7273211,2025-12-10T19:30:36.727324+00:00
1769,1765395036.748162,2025-12-10T19:30:36.748166+00:00
1770,1765395036.768123,2025-12-10T19:30:36.768124+00:00
1771,1765395036.78898,2025-12-10T19:30:36.788982+00:00
1772,1765395036.8098629,2025-12-10T19:30:36.809878+00:00
1773,1765395036.830828,2025-12-10T19:30:36.830834+00:00
1774,1765395036.851732,2025-12-10T19:30:36.851735+00:00
1775,1765395036.8726301,2025-12-10T19:30:36.872640+00:00
1776,1765395036.892341,2025-12-10T19:30:36.892366+00:00
1777,1765395036.913125,2025-12-10T19:30:36.913143+00:00
1778,1765395036.9314072,2025-12-10T19:30:36.931416+00:00
1779,1765395036.952341,2025-12-10T19:30:36.952348+00:00
1780,1765395036.972852,2025-12-10T19:30:36.972856+00:00
1781,1765395036.993749,2025-12-10T19:30:36.993753+00:00
1782,1765395037.0145762,2025-12-10T19:30:37.014581+00:00
1783,1765395037.035496,2025-12-10T19:30:37.035500+00:00
1784,1765395037.055358,2025-12-10T19:30:37.055359+00:00
1785,1765395037.076216,2025-12-10T19:30:37.076221+00:00
1786,1765395037.097109,2025-12-10T19:30:37.097114+00:00
1787,1765395037.114197,2025-12-10T19:30:37.114200+00:00
1788,1765395037.1329331,2025-12-10T19:30:37.132935+00:00
1789,1765395037.153119,2025-12-10T19:30:37.153129+00:00
1790,1765395037.174013,2025-12-10T19:30:37.174014+00:00
1791,1765395037.193931,2025-12-10T19:30:37.193936+00:00
1792,1765395037.214844,2025-12-10T19:30:37.214849+00:00
1793,1765395037.2334561,2025-12-10T19:30:37.233461+00:00
1794,1765395037.252203,2025-12-10T19:30:37.252208+00:00
1795,1765395037.273103,2025-12-10T19:30:37.273108+00:00
1796,1765395037.294006,2025-12-10T19:30:37.294012+00:00
1797,1765395037.314898,2025-12-10T19:30:37.314901+00:00
1798,1765395037.335639,2025-12-10T19:30:37.335640+00:00
1799,1765395037.356168,2025-12-10T19:30:37.356180+00:00
1800,1765395037.373939,2025-12-10T19:30:37.373943+00:00
1801,1765395037.39397,2025-12-10T19:30:37.393976+00:00
1802,1765395037.411009,2025-12-10T19:30:37.411015+00:00
1803,1765395037.429814,2025-12-10T19:30:37.429818+00:00
1804,1765395037.450206,2025-12-10T19:30:37.450212+00:00
1805,1765395037.471113,2025-12-10T19:30:37.471116+00:00
1806,1765395037.489412,2025-12-10T19:30:37.489418+00:00
1807,1765395037.506879,2025-12-10T19:30:37.506882+00:00
1808,1765395037.527231,2025-12-10T19:30:37.527235+00:00
1809,1765395037.544933,2025-12-10T19:30:37.544936+00:00
1810,1765395037.563545,2025-12-10T19:30:37.563547+00:00
1811,1765395037.5816379,2025-12-10T19:30:37.581640+00:00
1812,1765395037.602273,2025-12-10T19:30:37.602276+00:00
1813,1765395037.623177,2025-12-10T19:30:37.623182+00:00
1814,1765395037.642483,2025-12-10T19:30:37.642489+00:00
1815,1765395037.663405,2025-12-10T19:30:37.663408+00:00
1816,1765395037.681391,2025-12-10T19:30:37.681396+00:00
1817,1765395037.700087,2025-12-10T19:30:37.700090+00:00
1818,1765395037.720971,2025-12-10T19:30:37.720975+00:00
1819,1765395037.738005,2025-12-10T19:30:37.738009+00:00
1820,1765395037.7589052,2025-12-10T19:30:37.758912+00:00
1821,1765395037.779819,2025-12-10T19:30:37.779823+00:00
1822,1765395037.797744,2025-12-10T19:30:37.797750+00:00
1823,1765395037.818646,2025-12-10T19:30:37.818654+00:00
1824,1765395037.839537,2025-12-10T19:30:37.839543+00:00
1825,1765395037.8597279,2025-12-10T19:30:37.859735+00:00
1826,1765395037.879977,2025-12-10T19:30:37.879984+00:00
1827,1765395037.900886,2025-12-10T19:30:37.900888+00:00
1828,1765395037.919874,2025-12-10T19:30:37.919875+00:00
1829,1765395037.940747,2025-12-10T19:30:37.940754+00:00
1830,1765395037.9602802,2025-12-10T19:30:37.960287+00:00
1831,1765395037.980394,2025-12-10T19:30:37.980395+00:00
1832,1765395038.001268,2025-12-10T19:30:38.001272+00:00
1833,1765395038.021569,2025-12-10T19:30:38.021572+00:00
1834,1765395038.04243,2025-12-10T19:30:38.042432+00:00
1835,1765395038.060172,2025-12-10T19:30:38.060174+00:00
1836,1765395038.0779788,2025-12-10T19:30:38.077982+00:00
1837,1765395038.0988429,2025-12-10T19:30:38.098843+00:00
1838,1765395038.118426,2025-12-10T19:30:38.118430+00:00
1839,1765395038.139332,2025-12-10T19:30:38.139339+00:00
1840,1765395038.160238,2025-12-10T19:30:38.160240+00:00
1841,1765395038.181102,2025-12-10T19:30:38.181104+00:00
1842,1765395038.201317,2025-12-10T19:30:38.201319+00:00
1843,1765395038.2221901,2025-12-10T19:30:38.222198+00:00
1844,1765395038.2431061,2025-12-10T19:30:38.243111+00:00
1845,1765395038.260635,2025-12-10T19:30:38.260638+00:00
1846,1765395038.27982,2025-12-10T19:30:38.279824+00:00
1847,1765395038.298197,2025-12-10T19:30:38.298200+00:00
1848,1765395038.319083,2025-12-10T19:30:38.319086+00:00
1849,1765395038.339319,2025-12-10T19:30:38.339320+00:00
1850,1765395038.360181,2025-12-10T19:30:38.360184+00:00
1851,1765395038.3810718,2025-12-10T19:30:38.381073+00:00
1852,1765395038.401933,2025-12-10T19:30:38.401939+00:00
1853,1765395038.422084,2025-12-10T19:30:38.422086+00:00
1854,1765395038.442951,2025-12-10T19:30:38.442955+00:00
1855,1765395038.4637089,2025-12-10T19:30:38.463715+00:00
1856,1765395038.4846258,2025-12-10T19:30:38.484628+00:00
1857,1765395038.5041761,2025-12-10T19:30:38.504181+00:00
1858,1765395038.5219269,2025-12-10T19:30:38.521930+00:00
1859,1765395038.5428228,2025-12-10T19:30:38.542826+00:00
1860,1765395038.563702,2025-12-10T19:30:38.563709+00:00
1861,1765395038.581153,2025-12-10T19:30:38.581160+00:00
1862,1765395038.598798,2025-12-10T19:30:38.598803+00:00
1863,1765395038.618152,2025-12-10T19:30:38.618156+00:00
1864,1765395038.638012,2025-12-10T19:30:38.638013+00:00
1865,1765395038.659842,2025-12-10T19:30:38.659846+00:00
1866,1765395038.689159,2025-12-10T19:30:38.689163+00:00
1867,1765395038.70665,2025-12-10T19:30:38.706656+00:00
1868,1765395038.726482,2025-12-10T19:30:38.726487+00:00
1869,1765395038.743878,2025-12-10T19:30:38.743883+00:00
1870,1765395038.761861,2025-12-10T19:30:38.761866+00:00
1871,1765395038.782752,2025-12-10T19:30:38.782755+00:00
1872,1765395038.803639,2025-12-10T19:30:38.803641+00:00
1873,1765395038.8226712,2025-12-10T19:30:38.822674+00:00
1874,1765395038.843561,2025-12-10T19:30:38.843564+00:00
1875,1765395038.864436,2025-12-10T19:30:38.864438+00:00
1876,1765395038.885303,2025-12-10T19:30:38.885305+00:00
1877,1765395038.905684,2025-12-10T19:30:38.905689+00:00
1878,1765395038.926574,2025-12-10T19:30:38.926577+00:00
1879,1765395038.9474509,2025-12-10T19:30:38.947451+00:00
1880,1765395038.968307,2025-12-10T19:30:38.968309+00:00
1881,1765395038.989179,2025-12-10T19:30:38.989180+00:00
1882,1765395039.0072598,2025-12-10T19:30:39.007264+00:00
1883,1765395039.0269399,2025-12-10T19:30:39.026942+00:00
1884,1765395039.045822,2025-12-10T19:30:39.045824+00:00
1885,1765395039.065182,2025-12-10T19:30:39.065186+00:00
1886,1765395039.0860841,2025-12-10T19:30:39.086089+00:00
1887,1765395039.1069891,2025-12-10T19:30:39.106990+00:00
1888,1765395039.126035,2025-12-10T19:30:39.126036+00:00
1889,1765395039.1458812,2025-12-10T19:30:39.145884+00:00
1890,1765395039.1667688,2025-12-10T19:30:39.166772+00:00
1891,1765395039.185606,2025-12-10T19:30:39.185609+00:00
1892,1765395039.205847,2025-12-10T19:30:39.205849+00:00
1893,1765395039.222757,2025-12-10T19:30:39.222759+00:00
1894,1765395039.242275,2025-12-10T19:30:39.242280+00:00
1895,1765395039.263179,2025-12-10T19:30:39.263182+00:00
1896,1765395039.280651,2025-12-10T19:30:39.280652+00:00
1897,1765395039.298798,2025-12-10T19:30:39.298804+00:00
1898,1765395039.319707,2025-12-10T19:30:39.319714+00:00
1899,1765395039.3401,2025-12-10T19:30:39.340104+00:00
1900,1765395039.358005,2025-12-10T19:30:39.358009+00:00
1901,1765395039.378894,2025-12-10T19:30:39.378895+00:00
1902,1765395039.3985999,2025-12-10T19:30:39.398604+00:00
1903,1765395039.418143,2025-12-10T19:30:39.418149+00:00
1904,1765395039.4390452,2025-12-10T19:30:39.439049+00:00
1905,1765395039.4560058,2025-12-10T19:30:39.456014+00:00
1906,1765395039.475589,2025-12-10T19:30:39.475592+00:00
1907,1765395039.493046,2025-12-10T19:30:39.493048+00:00
1908,1765395039.513914,2025-12-10T19:30:39.513917+00:00
1909,1765395039.533142,2025-12-10T19:30:39.533152+00:00
1910,1765395039.5540779,2025-12-10T19:30:39.554083+00:00
1911,1765395039.573301,2025-12-10T19:30:39.573302+00:00
1912,1765395039.593651,2025-12-10T19:30:39.593653+00:00
1913,1765395039.614534,2025-12-10T19:30:39.614536+00:00
1914,1765395039.632575,2025-12-10T19:30:39.632578+00:00
1915,1765395039.65077,2025-12-10T19:30:39.650782+00:00
1916,1765395039.67138,2025-12-10T19:30:39.671383+00:00
1917,1765395039.692283,2025-12-10T19:30:39.692285+00:00
1918,1765395039.7116249,2025-12-10T19:30:39.711630+00:00
1919,1765395039.7311418,2025-12-10T19:30:39.731149+00:00
1920,1765395039.750596,2025-12-10T19:30:39.750600+00:00
1921,1765395039.769842,2025-12-10T19:30:39.769846+00:00
1922,1765395039.7907321,2025-12-10T19:30:39.790733+00:00
1923,1765395039.811601,2025-12-10T19:30:39.811603+00:00
1924,1765395039.832462,2025-12-10T19:30:39.832462+00:00
1925,1765395039.853311,2025-12-10T19:30:39.853313+00:00
1926,1765395039.873138,2025-12-10T19:30:39.873143+00:00
1927,1765395039.8932061,2025-12-10T19:30:39.893207+00:00
1928,1765395039.913902,2025-12-10T19:30:39.913907+00:00
1929,1765395039.934558,2025-12-10T19:30:39.934561+00:00
1930,1765395039.955459,2025-12-10T19:30:39.955464+00:00
1931,1765395039.972606,2025-12-10T19:30:39.972609+00:00
1932,1765395039.991384,2025-12-10T19:30:39.991384+00:00
1933,1765395040.0109398,2025-12-10T19:30:40.010941+00:00
1934,1765395040.030536,2025-12-10T19:30:40.030539+00:00
1935,1765395040.0481431,2025-12-10T19:30:40.048147+00:00
1936,1765395040.067431,2025-12-10T19:30:40.067435+00:00
1937,1765395040.088327,2025-12-10T19:30:40.088329+00:00
1938,1765395040.106478,2025-12-10T19:30:40.106482+00:00
1939,1765395040.124355,2025-12-10T19:30:40.124357+00:00
1940,1765395040.14522,2025-12-10T19:30:40.145224+00:00
1941,1765395040.1628501,2025-12-10T19:30:40.162853+00:00
1942,1765395040.181849,2025-12-10T19:30:40.181852+00:00
1943,1765395040.2008572,2025-12-10T19:30:40.200858+00:00
1944,1765395040.217777,2025-12-10T19:30:40.217781+00:00
1945,1765395040.238668,2025-12-10T19:30:40.238671+00:00
1946,1765395040.258291,2025-12-10T19:30:40.258297+00:00
1947,1765395040.279219,2025-12-10T19:30:40.279226+00:00
1948,1765395040.299167,2025-12-10T19:30:40.299172+00:00
1949,1765395040.319263,2025-12-10T19:30:40.319268+00:00
1950,1765395040.339692,2025-12-10T19:30:40.339695+00:00
1951,1765395040.3605719,2025-12-10T19:30:40.360576+00:00
1952,1765395040.381013,2025-12-10T19:30:40.381015+00:00
1953,1765395040.40061,2025-12-10T19:30:40.400614+00:00
1954,1765395040.41783,2025-12-10T19:30:40.417831+00:00
1955,1765395040.438705,2025-12-10T19:30:40.438709+00:00
1956,1765395040.4588108,2025-12-10T19:30:40.458817+00:00
1957,1765395040.4797068,2025-12-10T19:30:40.479708+00:00
1958,1765395040.498123,2025-12-10T19:30:40.498124+00:00
1959,1765395040.5189812,2025-12-10T19:30:40.518983+00:00
1960,1765395040.539808,2025-12-10T19:30:40.539810+00:00
1961,1765395040.5605628,2025-12-10T19:30:40.560566+00:00
1962,1765395040.581439,2025-12-10T19:30:40.581441+00:00
1963,1765395040.602088,2025-12-10T19:30:40.602092+00:00
1964,1765395040.622406,2025-12-10T19:30:40.622408+00:00
1965,1765395040.639746,2025-12-10T19:30:40.639747+00:00
1966,1765395040.6585941,2025-12-10T19:30:40.658597+00:00
1967,1765395040.678493,2025-12-10T19:30:40.678494+00:00
1968,1765395040.697582,2025-12-10T19:30:40.697587+00:00
1969,1765395040.718518,2025-12-10T19:30:40.718522+00:00
1970,1765395040.739037,2025-12-10T19:30:40.739038+00:00
1971,1765395040.7572212,2025-12-10T19:30:40.757222+00:00
1972,1765395040.777979,2025-12-10T19:30:40.777979+00:00
1973,1765395040.7972019,2025-12-10T19:30:40.797203+00:00
1974,1765395040.818054,2025-12-10T19:30:40.818055+00:00
1975,1765395040.838798,2025-12-10T19:30:40.838800+00:00
1976,1765395040.858324,2025-12-10T19:30:40.858328+00:00
1977,1765395040.8792052,2025-12-10T19:30:40.879213+00:00
1978,1765395040.90011,2025-12-10T19:30:40.900113+00:00
1979,1765395040.920992,2025-12-10T19:30:40.920996+00:00
1980,1765395040.940557,2025-12-10T19:30:40.940560+00:00
1981,1765395040.959589,2025-12-10T19:30:40.959593+00:00
1982,1765395040.980489,2025-12-10T19:30:40.980491+00:00
1983,1765395040.998136,2025-12-10T19:30:40.998136+00:00
1984,1765395041.016386,2025-12-10T19:30:41.016389+00:00
1985,1765395041.034928,2025-12-10T19:30:41.034930+00:00
1986,1765395041.055286,2025-12-10T19:30:41.055291+00:00
1987,1765395041.0761752,2025-12-10T19:30:41.076176+00:00
1988,1765395041.093937,2025-12-10T19:30:41.093937+00:00
1989,1765395041.114791,2025-12-10T19:30:41.114793+00:00
1990,1765395041.135665,2025-12-10T19:30:41.135666+00:00
1991,1765395041.1565208,2025-12-10T19:30:41.156522+00:00
1992,1765395041.177374,2025-12-10T19:30:41.177377+00:00
1993,1765395041.198273,2025-12-10T19:30:41.198276+00:00
1994,1765395041.21841,2025-12-10T19:30:41.218411+00:00
1995,1765395041.2375731,2025-12-10T19:30:41.237575+00:00
1996,1765395041.258427,2025-12-10T19:30:41.258428+00:00
1997,1765395041.2786381,2025-12-10T19:30:41.278641+00:00
1998,1765395041.298594,2025-12-10T19:30:41.298599+00:00
1999,1765395041.319479,2025-12-10T19:30:41.319480+00:00
2000,1765395041.3390012,2025-12-10T19:30:41.339004+00:00
2001,1765395041.3593678,2025-12-10T19:30:41.359369+00:00
2002,1765395041.377054,2025-12-10T19:30:41.377056+00:00
2003,1765395041.39793,2025-12-10T19:30:41.397931+00:00
2004,1765395041.414738,2025-12-10T19:30:41.414740+00:00
2005,1765395041.435481,2025-12-10T19:30:41.435483+00:00
2006,1765395041.452728,2025-12-10T19:30:41.452731+00:00
2007,1765395041.473121,2025-12-10T19:30:41.473123+00:00
2008,1765395041.493998,2025-12-10T19:30:41.494003+00:00
2009,1765395041.514891,2025-12-10T19:30:41.514895+00:00
2010,1765395041.5354,2025-12-10T19:30:41.535405+00:00
2011,1765395041.57157,2025-12-10T19:30:41.571573+00:00
2012,1765395041.588877,2025-12-10T19:30:41.588881+00:00
2013,1765395041.609787,2025-12-10T19:30:41.609792+00:00
2014,1765395041.6306849,2025-12-10T19:30:41.630689+00:00
2015,1765395041.6502242,2025-12-10T19:30:41.650230+00:00
2016,1765395041.67112,2025-12-10T19:30:41.671123+00:00
2017,1765395041.690209,2025-12-10T19:30:41.690215+00:00
2018,1765395041.708791,2025-12-10T19:30:41.708796+00:00
2019,1765395041.7280462,2025-12-10T19:30:41.728052+00:00
2020,1765395041.749739,2025-12-10T19:30:41.749841+00:00
2021,1765395041.768953,2025-12-10T19:30:41.768960+00:00
2022,1765395041.790393,2025-12-10T19:30:41.790398+00:00
2023,1765395041.812138,2025-12-10T19:30:41.812142+00:00
2024,1765395041.829969,2025-12-10T19:30:41.830001+00:00
2025,1765395041.847532,2025-12-10T19:30:41.847537+00:00
2026,1765395041.8661602,2025-12-10T19:30:41.866164+00:00
2027,1765395041.8852339,2025-12-10T19:30:41.885238+00:00
2028,1765395041.90446,2025-12-10T19:30:41.904464+00:00
2029,1765395041.925379,2025-12-10T19:30:41.925394+00:00
2030,1765395041.946379,2025-12-10T19:30:41.946384+00:00
2031,1765395041.9644759,2025-12-10T19:30:41.964480+00:00
2032,1765395041.982877,2025-12-10T19:30:41.982879+00:00
2033,1765395042.002666,2025-12-10T19:30:42.002671+00:00
2034,1765395042.023374,2025-12-10T19:30:42.023384+00:00
2035,1765395042.041949,2025-12-10T19:30:42.041953+00:00
2036,1765395042.060155,2025-12-10T19:30:42.060160+00:00
2037,1765395042.079582,2025-12-10T19:30:42.079589+00:00
2038,1765395042.0983522,2025-12-10T19:30:42.098357+00:00
2039,1765395042.11924,2025-12-10T19:30:42.119246+00:00
2040,1765395042.137464,2025-12-10T19:30:42.137469+00:00
2041,1765395042.1568,2025-12-10T19:30:42.156803+00:00
2042,1765395042.177682,2025-12-10T19:30:42.177688+00:00
2043,1765395042.198533,2025-12-10T19:30:42.198536+00:00
2044,1765395042.2155242,2025-12-10T19:30:42.215531+00:00
2045,1765395042.2364118,2025-12-10T19:30:42.236420+00:00
2046,1765395042.2566478,2025-12-10T19:30:42.256652+00:00
2047,1765395042.2773068,2025-12-10T19:30:42.277312+00:00
2048,1765395042.29808,2025-12-10T19:30:42.298087+00:00
2049,1765395042.3184052,2025-12-10T19:30:42.318410+00:00
2050,1765395042.3358772,2025-12-10T19:30:42.335880+00:00
2051,1765395042.3526368,2025-12-10T19:30:42.352642+00:00
2052,1765395042.3735511,2025-12-10T19:30:42.373557+00:00
2053,1765395042.394621,2025-12-10T19:30:42.394625+00:00
2054,1765395042.412124,2025-12-10T19:30:42.412128+00:00
2055,1765395042.433003,2025-12-10T19:30:42.433007+00:00
2056,1765395042.4539,2025-12-10T19:30:42.453907+00:00
2057,1765395042.474803,2025-12-10T19:30:42.474805+00:00
2058,1765395042.49492,2025-12-10T19:30:42.494925+00:00
2059,1765395042.513176,2025-12-10T19:30:42.513181+00:00
2060,1765395042.532568,2025-12-10T19:30:42.532573+00:00
2061,1765395042.55346,2025-12-10T19:30:42.553463+00:00
2062,1765395042.5743601,2025-12-10T19:30:42.574366+00:00
2063,1765395042.5927072,2025-12-10T19:30:42.592708+00:00
2064,1765395042.612395,2025-12-10T19:30:42.612397+00:00
2065,1765395042.633076,2025-12-10T19:30:42.633080+00:00
2066,1765395042.653972,2025-12-10T19:30:42.653973+00:00
2067,1765395042.670717,2025-12-10T19:30:42.670722+00:00
2068,1765395042.691453,2025-12-10T19:30:42.691455+00:00
2069,1765395042.712332,2025-12-10T19:30:42.712335+00:00
2070,1765395042.73146,2025-12-10T19:30:42.731466+00:00
2071,1765395042.752345,2025-12-10T19:30:42.752348+00:00
2072,1765395042.773219,2025-12-10T19:30:42.773222+00:00
2073,1765395042.7939851,2025-12-10T19:30:42.793988+00:00
2074,1765395042.811761,2025-12-10T19:30:42.811768+00:00
2075,1765395042.8290539,2025-12-10T19:30:42.829056+00:00
2076,1765395042.848505,2025-12-10T19:30:42.848512+00:00
2077,1765395042.867274,2025-12-10T19:30:42.867280+00:00
2078,1765395042.887715,2025-12-10T19:30:42.887719+00:00
2079,1765395042.9066398,2025-12-10T19:30:42.906644+00:00
2080,1765395042.927093,2025-12-10T19:30:42.927096+00:00
2081,1765395042.945004,2025-12-10T19:30:42.945008+00:00
2082,1765395042.9657788,2025-12-10T19:30:42.965783+00:00
2083,1765395042.9866571,2025-12-10T19:30:42.986662+00:00
2084,1765395043.006575,2025-12-10T19:30:43.006586+00:00
2085,1765395043.0275059,2025-12-10T19:30:43.027510+00:00
2086,1765395043.044456,2025-12-10T19:30:43.044460+00:00
2087,1765395043.065164,2025-12-10T19:30:43.065173+00:00
2088,1765395043.0822499,2025-12-10T19:30:43.082255+00:00
2089,1765395043.103155,2025-12-10T19:30:43.103158+00:00
2090,1765395043.1240268,2025-12-10T19:30:43.124030+00:00
2091,1765395043.143409,2025-12-10T19:30:43.143414+00:00
2092,1765395043.164321,2025-12-10T19:30:43.164326+00:00
2093,1765395043.183295,2025-12-10T19:30:43.183300+00:00
2094,1765395043.200487,2025-12-10T19:30:43.200491+00:00
2095,1765395043.218672,2025-12-10T19:30:43.218675+00:00
2096,1765395043.235479,2025-12-10T19:30:43.235486+00:00
2097,1765395043.255528,2025-12-10T19:30:43.255536+00:00
2098,1765395043.2734761,2025-12-10T19:30:43.273481+00:00
2099,1765395043.2932322,2025-12-10T19:30:43.293239+00:00
2100,1765395043.311338,2025-12-10T19:30:43.311345+00:00
2101,1765395043.332243,2025-12-10T19:30:43.332249+00:00
2102,1765395043.353157,2025-12-10T19:30:43.353162+00:00
2103,1765395043.369994,2025-12-10T19:30:43.369999+00:00
2104,1765395043.390879,2025-12-10T19:30:43.390882+00:00
2105,1765395043.4117591,2025-12-10T19:30:43.411765+00:00
2106,1765395043.429368,2025-12-10T19:30:43.429370+00:00
2107,1765395043.446612,2025-12-10T19:30:43.446614+00:00
2108,1765395043.4674802,2025-12-10T19:30:43.467486+00:00
2109,1765395043.4849548,2025-12-10T19:30:43.484959+00:00
2110,1765395043.504077,2025-12-10T19:30:43.504083+00:00
2111,1765395043.521688,2025-12-10T19:30:43.521691+00:00
2112,1765395043.5425549,2025-12-10T19:30:43.542558+00:00
2113,1765395043.563515,2025-12-10T19:30:43.563520+00:00
2114,1765395043.584427,2025-12-10T19:30:43.584431+00:00
2115,1765395043.602658,2025-12-10T19:30:43.602663+00:00
2116,1765395043.623083,2025-12-10T19:30:43.623089+00:00
2117,1765395043.641846,2025-12-10T19:30:43.641849+00:00
2118,1765395043.6627278,2025-12-10T19:30:43.662734+00:00
2119,1765395043.680713,2025-12-10T19:30:43.680715+00:00
2120,1765395043.7014542,2025-12-10T19:30:43.701458+00:00
2121,1765395043.722326,2025-12-10T19:30:43.722331+00:00
2122,1765395043.743219,2025-12-10T19:30:43.743221+00:00
2123,1765395043.760986,2025-12-10T19:30:43.760991+00:00
2124,1765395043.781219,2025-12-10T19:30:43.781223+00:00
2125,1765395043.799392,2025-12-10T19:30:43.799404+00:00
2126,1765395043.819351,2025-12-10T19:30:43.819360+00:00
2127,1765395043.8386261,2025-12-10T19:30:43.838633+00:00
2128,1765395043.859591,2025-12-10T19:30:43.859596+00:00
2129,1765395043.880478,2025-12-10T19:30:43.880486+00:00
2130,1765395043.899961,2025-12-10T19:30:43.899965+00:00
2131,1765395043.919456,2025-12-10T19:30:43.919463+00:00
2132,1765395043.939284,2025-12-10T19:30:43.939290+00:00
2133,1765395043.9571211,2025-12-10T19:30:43.957125+00:00
2134,1765395043.974102,2025-12-10T19:30:43.974109+00:00
2135,1765395043.994573,2025-12-10T19:30:43.994578+00:00
2136,1765395044.011471,2025-12-10T19:30:44.011474+00:00
2137,1765395044.032367,2025-12-10T19:30:44.032372+00:00
2138,1765395044.050931,2025-12-10T19:30:44.050936+00:00
2139,1765395044.071808,2025-12-10T19:30:44.071813+00:00
2140,1765395044.090815,2025-12-10T19:30:44.090846+00:00
2141,1765395044.11044,2025-12-10T19:30:44.110448+00:00
2142,1765395044.131393,2025-12-10T19:30:44.131398+00:00
2143,1765395044.149411,2025-12-10T19:30:44.149418+00:00
2144,1765395044.169847,2025-12-10T19:30:44.169851+00:00
2145,1765395044.188709,2025-12-10T19:30:44.188712+00:00
2146,1765395044.207278,2025-12-10T19:30:44.207284+00:00
2147,1765395044.225986,2025-12-10T19:30:44.225991+00:00
2148,1765395044.244426,2025-12-10T19:30:44.244431+00:00
2149,1765395044.261525,2025-12-10T19:30:44.261529+00:00
2150,1765395044.281756,2025-12-10T19:30:44.281761+00:00
2151,1765395044.3026419,2025-12-10T19:30:44.302647+00:00
2152,1765395044.323553,2025-12-10T19:30:44.323561+00:00
2153,1765395044.343827,2025-12-10T19:30:44.343832+00:00
2154,1765395044.36289,2025-12-10T19:30:44.362895+00:00
2155,1765395044.3837729,2025-12-10T19:30:44.383780+00:00
2156,1765395044.4029481,2025-12-10T19:30:44.402952+00:00
2157,1765395044.423,2025-12-10T19:30:44.423005+00:00
2158,1765395044.440712,2025-12-10T19:30:44.440719+00:00
2159,1765395044.457698,2025-12-10T19:30:44.457703+00:00
2160,1765395044.478601,2025-12-10T19:30:44.478604+00:00
2161,1765395044.49948,2025-12-10T19:30:44.499484+00:00
2162,1765395044.5194292,2025-12-10T19:30:44.519439+00:00
2163,1765395044.538399,2025-12-10T19:30:44.538404+00:00
2164,1765395044.5560582,2025-12-10T19:30:44.556065+00:00
2165,1765395044.577059,2025-12-10T19:30:44.577063+00:00
2166,1765395044.596808,2025-12-10T19:30:44.596812+00:00
2167,1765395044.617719,2025-12-10T19:30:44.617724+00:00
2168,1765395044.638599,2025-12-10T19:30:44.638602+00:00
2169,1765395044.659486,2025-12-10T19:30:44.659493+00:00
2170,1765395044.6778939,2025-12-10T19:30:44.677898+00:00
2171,1765395044.6967309,2025-12-10T19:30:44.696746+00:00
2172,1765395044.714936,2025-12-10T19:30:44.714940+00:00
2173,1765395044.735404,2025-12-10T19:30:44.735408+00:00
2174,1765395044.756307,2025-12-10T19:30:44.756313+00:00
2175,1765395044.776744,2025-12-10T19:30:44.776749+00:00
2176,1765395044.793965,2025-12-10T19:30:44.793969+00:00
2177,1765395044.811063,2025-12-10T19:30:44.811073+00:00
2178,1765395044.8319528,2025-12-10T19:30:44.831957+00:00
2179,1765395044.8504262,2025-12-10T19:30:44.850431+00:00
2180,1765395044.870111,2025-12-10T19:30:44.870116+00:00
2181,1765395044.886972,2025-12-10T19:30:44.886988+00:00
2182,1765395044.906026,2025-12-10T19:30:44.906030+00:00
2183,1765395044.924662,2025-12-10T19:30:44.924665+00:00
2184,1765395044.943213,2025-12-10T19:30:44.943216+00:00
2185,1765395044.960305,2025-12-10T19:30:44.960311+00:00
2186,1765395044.981218,2025-12-10T19:30:44.981225+00:00
2187,1765395045.001806,2025-12-10T19:30:45.001808+00:00
2188,1765395045.0206988,2025-12-10T19:30:45.020703+00:00
2189,1765395045.041578,2025-12-10T19:30:45.041581+00:00
2190,1765395045.062454,2025-12-10T19:30:45.062458+00:00
2191,1765395045.083343,2025-12-10T19:30:45.083350+00:00
2192,1765395045.103585,2025-12-10T19:30:45.103590+00:00
2193,1765395045.122776,2025-12-10T19:30:45.122781+00:00
2194,1765395045.1398451,2025-12-10T19:30:45.139851+00:00
2195,1765395045.160222,2025-12-10T19:30:45.160226+00:00
2196,1765395045.182954,2025-12-10T19:30:45.182960+00:00
2197,1765395045.202701,2025-12-10T19:30:45.202712+00:00
2198,1765395045.222215,2025-12-10T19:30:45.222222+00:00
2199,1765395045.243128,2025-12-10T19:30:45.243132+00:00
2200,1765395045.260088,2025-12-10T19:30:45.260093+00:00
2201,1765395045.278775,2025-12-10T19:30:45.278780+00:00
2202,1765395045.299655,2025-12-10T19:30:45.299661+00:00
2203,1765395045.3198211,2025-12-10T19:30:45.319826+00:00
2204,1765395045.339071,2025-12-10T19:30:45.339075+00:00
2205,1765395045.359842,2025-12-10T19:30:45.359845+00:00
2206,1765395045.377645,2025-12-10T19:30:45.377654+00:00
2207,1765395045.3980548,2025-12-10T19:30:45.398062+00:00
2208,1765395045.4163451,2025-12-10T19:30:45.416352+00:00
2209,1765395045.43696,2025-12-10T19:30:45.436964+00:00
2210,1765395045.455154,2025-12-10T19:30:45.455159+00:00
2211,1765395045.474118,2025-12-10T19:30:45.474121+00:00
2212,1765395045.4936872,2025-12-10T19:30:45.493692+00:00
2213,1765395045.513493,2025-12-10T19:30:45.513509+00:00
2214,1765395045.5344288,2025-12-10T19:30:45.534432+00:00
2215,1765395045.555316,2025-12-10T19:30:45.555323+00:00
2216,1765395045.5726988,2025-12-10T19:30:45.572703+00:00
2217,1765395045.59358,2025-12-10T19:30:45.593584+00:00
2218,1765395045.6120389,2025-12-10T19:30:45.612043+00:00
2219,1765395045.6329138,2025-12-10T19:30:45.632918+00:00
2220,1765395045.6525729,2025-12-10T19:30:45.652576+00:00
2221,1765395045.6734521,2025-12-10T19:30:45.673457+00:00
2222,1765395045.694358,2025-12-10T19:30:45.694367+00:00
2223,1765395045.7132218,2025-12-10T19:30:45.713226+00:00
2224,1765395045.732853,2025-12-10T19:30:45.732856+00:00
2225,1765395045.753751,2025-12-10T19:30:45.753756+00:00
2226,1765395045.7708328,2025-12-10T19:30:45.770839+00:00
2227,1765395045.791727,2025-12-10T19:30:45.791731+00:00
2228,1765395045.810882,2025-12-10T19:30:45.810886+00:00
2229,1765395045.831769,2025-12-10T19:30:45.831776+00:00
2230,1765395045.85254,2025-12-10T19:30:45.852544+00:00
2231,1765395045.8712661,2025-12-10T19:30:45.871271+00:00
2232,1765395045.8921669,2025-12-10T19:30:45.892178+00:00
2233,1765395045.911489,2025-12-10T19:30:45.911493+00:00
2234,1765395045.930633,2025-12-10T19:30:45.930640+00:00
2235,1765395045.9515488,2025-12-10T19:30:45.951554+00:00
2236,1765395045.9721868,2025-12-10T19:30:45.972191+00:00
2237,1765395045.993106,2025-12-10T19:30:45.993116+00:00
2238,1765395046.011511,2025-12-10T19:30:46.011517+00:00
2239,1765395046.029279,2025-12-10T19:30:46.029289+00:00
2240,1765395046.050207,2025-12-10T19:30:46.050212+00:00
2241,1765395046.0683,2025-12-10T19:30:46.068303+00:00
2242,1765395046.085844,2025-12-10T19:30:46.085851+00:00
2243,1765395046.104157,2025-12-10T19:30:46.104163+00:00
2244,1765395046.125082,2025-12-10T19:30:46.125097+00:00
2245,1765395046.14523,2025-12-10T19:30:46.145235+00:00
2246,1765395046.165631,2025-12-10T19:30:46.165634+00:00
2247,1765395046.185806,2025-12-10T19:30:46.185811+00:00
2248,1765395046.2038589,2025-12-10T19:30:46.203864+00:00
2249,1765395046.224193,2025-12-10T19:30:46.224197+00:00
2250,1765395046.245064,2025-12-10T19:30:46.245066+00:00
2251,1765395046.265856,2025-12-10T19:30:46.265865+00:00
2252,1765395046.286608,2025-12-10T19:30:46.286612+00:00
2253,1765395046.303743,2025-12-10T19:30:46.303747+00:00
2254,1765395046.320578,2025-12-10T19:30:46.320584+00:00
2255,1765395046.339948,2025-12-10T19:30:46.339952+00:00
2256,1765395046.357143,2025-12-10T19:30:46.357148+00:00
2257,1765395046.377454,2025-12-10T19:30:46.377459+00:00
2258,1765395046.3979452,2025-12-10T19:30:46.397949+00:00
2259,1765395046.416008,2025-12-10T19:30:46.416012+00:00
2260,1765395046.4329128,2025-12-10T19:30:46.432918+00:00
2261,1765395046.45244,2025-12-10T19:30:46.452444+00:00
2262,1765395046.4692779,2025-12-10T19:30:46.469283+00:00
2263,1765395046.489177,2025-12-10T19:30:46.489183+00:00
2264,1765395046.51007,2025-12-10T19:30:46.510074+00:00
2265,1765395046.529668,2025-12-10T19:30:46.529671+00:00
2266,1765395046.550545,2025-12-10T19:30:46.550551+00:00
2267,1765395046.57089,2025-12-10T19:30:46.570895+00:00
2268,1765395046.590395,2025-12-10T19:30:46.590400+00:00
2269,1765395046.609091,2025-12-10T19:30:46.609094+00:00
2270,1765395046.629977,2025-12-10T19:30:46.629982+00:00
2271,1765395046.650458,2025-12-10T19:30:46.650485+00:00
2272,1765395046.6713998,2025-12-10T19:30:46.671405+00:00
2273,1765395046.6888828,2025-12-10T19:30:46.688892+00:00
2274,1765395046.7070138,2025-12-10T19:30:46.707017+00:00
2275,1765395046.724695,2025-12-10T19:30:46.724698+00:00
2276,1765395046.742959,2025-12-10T19:30:46.742962+00:00
2277,1765395046.76242,2025-12-10T19:30:46.762426+00:00
2278,1765395046.7833312,2025-12-10T19:30:46.783336+00:00
2279,1765395046.804239,2025-12-10T19:30:46.804249+00:00
2280,1765395046.823586,2025-12-10T19:30:46.823590+00:00
2281,1765395046.844487,2025-12-10T19:30:46.844492+00:00
2282,1765395046.865393,2025-12-10T19:30:46.865398+00:00
2283,1765395046.8828402,2025-12-10T19:30:46.882845+00:00
2284,1765395046.9020631,2025-12-10T19:30:46.902071+00:00
2285,1765395046.920279,2025-12-10T19:30:46.920284+00:00
2286,1765395046.9396749,2025-12-10T19:30:46.939694+00:00
2287,1765395046.960115,2025-12-10T19:30:46.960120+00:00
2288,1765395046.978601,2025-12-10T19:30:46.978607+00:00
2289,1765395046.997189,2025-12-10T19:30:46.997194+00:00
2290,1765395047.014417,2025-12-10T19:30:47.014424+00:00
2291,1765395047.0315368,2025-12-10T19:30:47.031543+00:00
2292,1765395047.052446,2025-12-10T19:30:47.052451+00:00
2293,1765395047.0719318,2025-12-10T19:30:47.071935+00:00
2294,1765395047.090224,2025-12-10T19:30:47.090228+00:00
2295,1765395047.11105,2025-12-10T19:30:47.111056+00:00
2296,1765395047.147342,2025-12-10T19:30:47.147347+00:00
2297,1765395047.1645188,2025-12-10T19:30:47.164524+00:00
2298,1765395047.1815522,2025-12-10T19:30:47.181556+00:00
2299,1765395047.1986141,2025-12-10T19:30:47.198618+00:00
2300,1765395047.219501,2025-12-10T19:30:47.219508+00:00
2301,1765395047.240428,2025-12-10T19:30:47.240433+00:00
2302,1765395047.2613409,2025-12-10T19:30:47.261346+00:00
2303,1765395047.282221,2025-12-10T19:30:47.282225+00:00
2304,1765395047.303115,2025-12-10T19:30:47.303123+00:00
2305,1765395047.323215,2025-12-10T19:30:47.323222+00:00
2306,1765395047.34412,2025-12-10T19:30:47.344123+00:00
2307,1765395047.3616939,2025-12-10T19:30:47.361699+00:00
2308,1765395047.3805819,2025-12-10T19:30:47.380586+00:00
2309,1765395047.40146,2025-12-10T19:30:47.401464+00:00
2310,1765395047.420605,2025-12-10T19:30:47.420611+00:00
2311,1765395047.440105,2025-12-10T19:30:47.440108+00:00
2312,1765395047.459917,2025-12-10T19:30:47.459920+00:00
2313,1765395047.478422,2025-12-10T19:30:47.478426+00:00
2314,1765395047.49843,2025-12-10T19:30:47.498433+00:00
2315,1765395047.519315,2025-12-10T19:30:47.519322+00:00
2316,1765395047.538978,2025-12-10T19:30:47.538982+00:00
2317,1765395047.556515,2025-12-10T19:30:47.556521+00:00
2318,1765395047.573249,2025-12-10T19:30:47.573251+00:00
2319,1765395047.5941179,2025-12-10T19:30:47.594122+00:00
2320,1765395047.615048,2025-12-10T19:30:47.615051+00:00
2321,1765395047.633305,2025-12-10T19:30:47.633312+00:00
2322,1765395047.654219,2025-12-10T19:30:47.654229+00:00
2323,1765395047.674943,2025-12-10T19:30:47.674951+00:00
2324,1765395047.6918342,2025-12-10T19:30:47.691839+00:00
2325,1765395047.711798,2025-12-10T19:30:47.711802+00:00
2326,1765395047.729227,2025-12-10T19:30:47.729229+00:00
2327,1765395047.747884,2025-12-10T19:30:47.747887+00:00
2328,1765395047.766507,2025-12-10T19:30:47.766522+00:00
2329,1765395047.787474,2025-12-10T19:30:47.787477+00:00
2330,1765395047.808353,2025-12-10T19:30:47.808358+00:00
2331,1765395047.826868,2025-12-10T19:30:47.826876+00:00
2332,1765395047.847788,2025-12-10T19:30:47.847793+00:00
2333,1765395047.864657,2025-12-10T19:30:47.864660+00:00
2334,1765395047.881682,2025-12-10T19:30:47.881686+00:00
2335,1765395047.9025679,2025-12-10T19:30:47.902574+00:00
2336,1765395047.923202,2025-12-10T19:30:47.923206+00:00
2337,1765395047.9413388,2025-12-10T19:30:47.941341+00:00
2338,1765395047.961226,2025-12-10T19:30:47.961230+00:00
2339,1765395047.981598,2025-12-10T19:30:47.981602+00:00
2340,1765395047.998873,2025-12-10T19:30:47.998874+00:00
2341,1765395048.019726,2025-12-10T19:30:48.019728+00:00
2342,1765395048.0400221,2025-12-10T19:30:48.040029+00:00
2343,1765395048.057148,2025-12-10T19:30:48.057150+00:00
2344,1765395048.0780008,2025-12-10T19:30:48.078002+00:00
2345,1765395048.098444,2025-12-10T19:30:48.098449+00:00
2346,1765395048.116336,2025-12-10T19:30:48.116339+00:00
2347,1765395048.133249,2025-12-10T19:30:48.133250+00:00
2348,1765395048.154115,2025-12-10T19:30:48.154118+00:00
2349,1765395048.173568,2025-12-10T19:30:48.173569+00:00
2350,1765395048.190271,2025-12-10T19:30:48.190274+00:00
2351,1765395048.211162,2025-12-10T19:30:48.211167+00:00
2352,1765395048.23207,2025-12-10T19:30:48.232072+00:00
2353,1765395048.250779,2025-12-10T19:30:48.250781+00:00
2354,1765395048.2716641,2025-12-10T19:30:48.271668+00:00
2355,1765395048.290525,2025-12-10T19:30:48.290530+00:00
2356,1765395048.311413,2025-12-10T19:30:48.311415+00:00
2357,1765395048.331651,2025-12-10T19:30:48.331657+00:00
2358,1765395048.35254,2025-12-10T19:30:48.352547+00:00
2359,1765395048.373188,2025-12-10T19:30:48.373190+00:00
2360,1765395048.394052,2025-12-10T19:30:48.394055+00:00
2361,1765395048.414923,2025-12-10T19:30:48.414928+00:00
2362,1765395048.435193,2025-12-10T19:30:48.435199+00:00
2363,1765395048.4561121,2025-12-10T19:30:48.456117+00:00
2364,1765395048.4749272,2025-12-10T19:30:48.474936+00:00
2365,1765395048.492419,2025-12-10T19:30:48.492425+00:00
2366,1765395048.513321,2025-12-10T19:30:48.513325+00:00
2367,1765395048.533217,2025-12-10T19:30:48.533229+00:00
2368,1765395048.554178,2025-12-10T19:30:48.554180+00:00
2369,1765395048.575052,2025-12-10T19:30:48.575059+00:00
2370,1765395048.5928829,2025-12-10T19:30:48.592888+00:00
2371,1765395048.610029,2025-12-10T19:30:48.610034+00:00
2372,1765395048.628167,2025-12-10T19:30:48.628172+00:00
2373,1765395048.649059,2025-12-10T19:30:48.649065+00:00
2374,1765395048.6680708,2025-12-10T19:30:48.668080+00:00
2375,1765395048.688982,2025-12-10T19:30:48.688985+00:00
2376,1765395048.7089012,2025-12-10T19:30:48.708904+00:00
2377,1765395048.729713,2025-12-10T19:30:48.729718+00:00
2378,1765395048.7481012,2025-12-10T19:30:48.748103+00:00
2379,1765395048.764812,2025-12-10T19:30:48.764814+00:00
2380,1765395048.7856991,2025-12-10T19:30:48.785702+00:00
2381,1765395048.806438,2025-12-10T19:30:48.806443+00:00
2382,1765395048.8247821,2025-12-10T19:30:48.824800+00:00
2383,1765395048.845728,2025-12-10T19:30:48.845733+00:00
2384,1765395048.8661141,2025-12-10T19:30:48.866117+00:00
2385,1765395048.885153,2025-12-10T19:30:48.885156+00:00
2386,1765395048.906034,2025-12-10T19:30:48.906040+00:00
2387,1765395048.926858,2025-12-10T19:30:48.926864+00:00
2388,1765395048.947762,2025-12-10T19:30:48.947766+00:00
2389,1765395048.9649348,2025-12-10T19:30:48.964944+00:00
2390,1765395048.985835,2025-12-10T19:30:48.985839+00:00
2391,1765395049.006508,2025-12-10T19:30:49.006528+00:00
2392,1765395049.026927,2025-12-10T19:30:49.026931+00:00
2393,1765395049.04611,2025-12-10T19:30:49.046115+00:00
2394,1765395049.064779,2025-12-10T19:30:49.064784+00:00
2395,1765395049.083673,2025-12-10T19:30:49.083677+00:00
2396,1765395049.104557,2025-12-10T19:30:49.104562+00:00
2397,1765395049.123213,2025-12-10T19:30:49.123217+00:00
2398,1765395049.144099,2025-12-10T19:30:49.144104+00:00
2399,1765395049.164992,2025-12-10T19:30:49.164995+00:00
2400,1765395049.185864,2025-12-10T19:30:49.185867+00:00
2401,1765395049.206569,2025-12-10T19:30:49.206571+00:00
2402,1765395049.227447,2025-12-10T19:30:49.227451+00:00
2403,1765395049.2483368,2025-12-10T19:30:49.248339+00:00
2404,1765395049.269202,2025-12-10T19:30:49.269205+00:00
2405,1765395049.290085,2025-12-10T19:30:49.290090+00:00
2406,1765395049.3109791,2025-12-10T19:30:49.310985+00:00
2407,1765395049.33149,2025-12-10T19:30:49.331495+00:00
2408,1765395049.349256,2025-12-10T19:30:49.349261+00:00
2409,1765395049.370144,2025-12-10T19:30:49.370151+00:00
2410,1765395049.387209,2025-12-10T19:30:49.387214+00:00
2411,1765395049.4066172,2025-12-10T19:30:49.406621+00:00
2412,1765395049.424675,2025-12-10T19:30:49.424678+00:00
2413,1765395049.4415228,2025-12-10T19:30:49.441526+00:00
2414,1765395049.4611762,2025-12-10T19:30:49.461180+00:00
2415,1765395049.480736,2025-12-10T19:30:49.480739+00:00
2416,1765395049.4981198,2025-12-10T19:30:49.498127+00:00
2417,1765395049.515231,2025-12-10T19:30:49.515234+00:00
2418,1765395049.536107,2025-12-10T19:30:49.536113+00:00
2419,1765395049.5564868,2025-12-10T19:30:49.556495+00:00
2420,1765395049.577376,2025-12-10T19:30:49.577379+00:00
2421,1765395049.5981388,2025-12-10T19:30:49.598172+00:00
2422,1765395049.61853,2025-12-10T19:30:49.618537+00:00
2423,1765395049.639454,2025-12-10T19:30:49.639459+00:00
2424,1765395049.660359,2025-12-10T19:30:49.660362+00:00
2425,1765395049.680374,2025-12-10T19:30:49.680376+00:00
2426,1765395049.698097,2025-12-10T19:30:49.698101+00:00
2427,1765395049.717647,2025-12-10T19:30:49.717651+00:00
2428,1765395049.735828,2025-12-10T19:30:49.735831+00:00
2429,1765395049.756433,2025-12-10T19:30:49.756438+00:00
2430,1765395049.7758029,2025-12-10T19:30:49.775810+00:00
2431,1765395049.796711,2025-12-10T19:30:49.796715+00:00
2432,1765395049.814752,2025-12-10T19:30:49.814757+00:00
2433,1765395049.835637,2025-12-10T19:30:49.835641+00:00
2434,1765395049.85651,2025-12-10T19:30:49.856514+00:00
2435,1765395049.877436,2025-12-10T19:30:49.877442+00:00
2436,1765395049.8979762,2025-12-10T19:30:49.897979+00:00
2437,1765395049.914782,2025-12-10T19:30:49.914792+00:00
2438,1765395049.935194,2025-12-10T19:30:49.935205+00:00
2439,1765395049.956116,2025-12-10T19:30:49.956120+00:00
2440,1765395049.9734359,2025-12-10T19:30:49.973441+00:00
2441,1765395049.9943209,2025-12-10T19:30:49.994324+00:00
2442,1765395050.0151942,2025-12-10T19:30:50.015197+00:00
2443,1765395050.03297,2025-12-10T19:30:50.032973+00:00
2444,1765395050.053849,2025-12-10T19:30:50.053853+00:00
2445,1765395050.073109,2025-12-10T19:30:50.073115+00:00
2446,1765395050.089956,2025-12-10T19:30:50.089973+00:00
2447,1765395050.106869,2025-12-10T19:30:50.106874+00:00
2448,1765395050.1277828,2025-12-10T19:30:50.127790+00:00
2449,1765395050.148752,2025-12-10T19:30:50.148757+00:00
2450,1765395050.166665,2025-12-10T19:30:50.166668+00:00
2451,1765395050.1861172,2025-12-10T19:30:50.186122+00:00
2452,1765395050.2070558,2025-12-10T19:30:50.207059+00:00
2453,1765395050.227927,2025-12-10T19:30:50.227930+00:00
2454,1765395050.2468648,2025-12-10T19:30:50.246885+00:00
2455,1765395050.266779,2025-12-10T19:30:50.266784+00:00
2456,1765395050.287694,2025-12-10T19:30:50.287701+00:00
2457,1765395050.306457,2025-12-10T19:30:50.306465+00:00
2458,1765395050.325024,2025-12-10T19:30:50.325027+00:00
2459,1765395050.345902,2025-12-10T19:30:50.345907+00:00
2460,1765395050.36415,2025-12-10T19:30:50.364153+00:00
2461,1765395050.384861,2025-12-10T19:30:50.384868+00:00
2462,1765395050.405511,2025-12-10T19:30:50.405518+00:00
2463,1765395050.423111,2025-12-10T19:30:50.423115+00:00
2464,1765395050.444175,2025-12-10T19:30:50.444180+00:00
2465,1765395050.4647942,2025-12-10T19:30:50.464801+00:00
2466,1765395050.485696,2025-12-10T19:30:50.485700+00:00
2467,1765395050.5042539,2025-12-10T19:30:50.504257+00:00
2468,1765395050.524951,2025-12-10T19:30:50.524954+00:00
2469,1765395050.54584,2025-12-10T19:30:50.545848+00:00
2470,1765395050.562622,2025-12-10T19:30:50.562626+00:00
2471,1765395050.581934,2025-12-10T19:30:50.581937+00:00
2472,1765395050.602818,2025-12-10T19:30:50.602826+00:00
2473,1765395050.619929,2025-12-10T19:30:50.619934+00:00
2474,1765395050.639405,2025-12-10T19:30:50.639410+00:00
2475,1765395050.656606,2025-12-10T19:30:50.656621+00:00
2476,1765395050.677498,2025-12-10T19:30:50.677502+00:00
2477,1765395050.698373,2025-12-10T19:30:50.698376+00:00
2478,1765395050.719247,2025-12-10T19:30:50.719253+00:00
2479,1765395050.739798,2025-12-10T19:30:50.739810+00:00
2480,1765395050.7607481,2025-12-10T19:30:50.760756+00:00
2481,1765395050.781471,2025-12-10T19:30:50.781482+00:00
2482,1765395050.799891,2025-12-10T19:30:50.799896+00:00
2483,1765395050.820794,2025-12-10T19:30:50.820798+00:00
2484,1765395050.839962,2025-12-10T19:30:50.839964+00:00
2485,1765395050.860831,2025-12-10T19:30:50.860835+00:00
2486,1765395050.879874,2025-12-10T19:30:50.879878+00:00
2487,1765395050.897751,2025-12-10T19:30:50.897757+00:00
2488,1765395050.9182131,2025-12-10T19:30:50.918219+00:00
2489,1765395050.939123,2025-12-10T19:30:50.939127+00:00
2490,1765395050.956052,2025-12-10T19:30:50.956065+00:00
2491,1765395050.9769752,2025-12-10T19:30:50.976978+00:00
2492,1765395050.9978418,2025-12-10T19:30:50.997845+00:00
2493,1765395051.018254,2025-12-10T19:30:51.018258+00:00
2494,1765395051.039147,2025-12-10T19:30:51.039151+00:00
2495,1765395051.0600362,2025-12-10T19:30:51.060042+00:00
2496,1765395051.080937,2025-12-10T19:30:51.080944+00:00
2497,1765395051.098656,2025-12-10T19:30:51.098661+00:00
2498,1765395051.119544,2025-12-10T19:30:51.119549+00:00
2499,1765395051.140449,2025-12-10T19:30:51.140453+00:00
2500,1765395051.161341,2025-12-10T19:30:51.161346+00:00
2501,1765395051.1815522,2025-12-10T19:30:51.181559+00:00
2502,1765395051.2021482,2025-12-10T19:30:51.202153+00:00
2503,1765395051.220598,2025-12-10T19:30:51.220603+00:00
2504,1765395051.239788,2025-12-10T19:30:51.239794+00:00
2505,1765395051.258037,2025-12-10T19:30:51.258040+00:00
2506,1765395051.2789178,2025-12-10T19:30:51.278926+00:00
2507,1765395051.2985458,2025-12-10T19:30:51.298551+00:00
2508,1765395051.319423,2025-12-10T19:30:51.319429+00:00
2509,1765395051.339755,2025-12-10T19:30:51.339762+00:00
2510,1765395051.3606348,2025-12-10T19:30:51.360639+00:00
2511,1765395051.38143,2025-12-10T19:30:51.381433+00:00
2512,1765395051.399394,2025-12-10T19:30:51.399401+00:00
2513,1765395051.420305,2025-12-10T19:30:51.420311+00:00
2514,1765395051.4389272,2025-12-10T19:30:51.438941+00:00
2515,1765395051.458515,2025-12-10T19:30:51.458518+00:00
2516,1765395051.4760551,2025-12-10T19:30:51.476064+00:00
2517,1765395051.4969869,2025-12-10T19:30:51.496989+00:00
2518,1765395051.517575,2025-12-10T19:30:51.517581+00:00
2519,1765395051.53519,2025-12-10T19:30:51.535196+00:00
2520,1765395051.556104,2025-12-10T19:30:51.556109+00:00
2521,1765395051.575867,2025-12-10T19:30:51.575876+00:00
2522,1765395051.593864,2025-12-10T19:30:51.593870+00:00
2523,1765395051.614017,2025-12-10T19:30:51.614021+00:00
2524,1765395051.634913,2025-12-10T19:30:51.634918+00:00
2525,1765395051.6558342,2025-12-10T19:30:51.655838+00:00
2526,1765395051.6731892,2025-12-10T19:30:51.673191+00:00
2527,1765395051.6912918,2025-12-10T19:30:51.691294+00:00
2528,1765395051.708575,2025-12-10T19:30:51.708581+00:00
2529,1765395051.7260952,2025-12-10T19:30:51.726099+00:00
2530,1765395051.7469819,2025-12-10T19:30:51.746987+00:00
2531,1765395051.767905,2025-12-10T19:30:51.767919+00:00
2532,1765395051.788873,2025-12-10T19:30:51.788890+00:00
2533,1765395051.806195,2025-12-10T19:30:51.806204+00:00
2534,1765395051.8249369,2025-12-10T19:30:51.824941+00:00
2535,1765395051.845813,2025-12-10T19:30:51.845815+00:00
2536,1765395051.8647811,2025-12-10T19:30:51.864792+00:00
2537,1765395051.8835032,2025-12-10T19:30:51.883509+00:00
2538,1765395051.903651,2025-12-10T19:30:51.903656+00:00
2539,1765395051.924535,2025-12-10T19:30:51.924539+00:00
2540,1765395051.945417,2025-12-10T19:30:51.945423+00:00
2541,1765395051.96635,2025-12-10T19:30:51.966357+00:00
2542,1765395051.9839082,2025-12-10T19:30:51.983914+00:00
2543,1765395052.002465,2025-12-10T19:30:52.002471+00:00
2544,1765395052.023093,2025-12-10T19:30:52.023096+00:00
2545,1765395052.0422988,2025-12-10T19:30:52.042309+00:00
2546,1765395052.06328,2025-12-10T19:30:52.063288+00:00
2547,1765395052.0801191,2025-12-10T19:30:52.080123+00:00
2548,1765395052.101016,2025-12-10T19:30:52.101019+00:00
2549,1765395052.121899,2025-12-10T19:30:52.121903+00:00
2550,1765395052.1397572,2025-12-10T19:30:52.139760+00:00
2551,1765395052.160646,2025-12-10T19:30:52.160652+00:00
2552,1765395052.181185,2025-12-10T19:30:52.181191+00:00
2553,1765395052.202083,2025-12-10T19:30:52.202088+00:00
2554,1765395052.2229939,2025-12-10T19:30:52.223007+00:00
2555,1765395052.2417548,2025-12-10T19:30:52.241758+00:00
2556,1765395052.261148,2025-12-10T19:30:52.261152+00:00
2557,1765395052.281426,2025-12-10T19:30:52.281430+00:00
2558,1765395052.3023071,2025-12-10T19:30:52.302314+00:00
2559,1765395052.3224618,2025-12-10T19:30:52.322465+00:00
2560,1765395052.3418822,2025-12-10T19:30:52.341885+00:00
2561,1765395052.3627672,2025-12-10T19:30:52.362774+00:00
2562,1765395052.380866,2025-12-10T19:30:52.380869+00:00
2563,1765395052.401751,2025-12-10T19:30:52.401758+00:00
2564,1765395052.4188879,2025-12-10T19:30:52.418892+00:00
2565,1765395052.436806,2025-12-10T19:30:52.436810+00:00
2566,1765395052.456442,2025-12-10T19:30:52.456455+00:00
2567,1765395052.473553,2025-12-10T19:30:52.473558+00:00
2568,1765395052.4944808,2025-12-10T19:30:52.494487+00:00
2569,1765395052.519338,2025-12-10T19:30:52.519343+00:00
2570,1765395052.5402272,2025-12-10T19:30:52.540231+00:00
2571,1765395052.561174,2025-12-10T19:30:52.561194+00:00
2572,1765395052.5804842,2025-12-10T19:30:52.580487+00:00
2573,1765395052.598815,2025-12-10T19:30:52.598820+00:00
2574,1765395052.6172001,2025-12-10T19:30:52.617207+00:00
2575,1765395052.63812,2025-12-10T19:30:52.638125+00:00
2576,1765395052.6566331,2025-12-10T19:30:52.656642+00:00
2577,1765395052.6751091,2025-12-10T19:30:52.675113+00:00
2578,1765395052.695986,2025-12-10T19:30:52.695988+00:00
2579,1765395052.7168581,2025-12-10T19:30:52.716862+00:00
2580,1765395052.735431,2025-12-10T19:30:52.735437+00:00
2581,1765395052.756332,2025-12-10T19:30:52.756339+00:00
2582,1765395052.775004,2025-12-10T19:30:52.775026+00:00
2583,1765395052.793867,2025-12-10T19:30:52.793874+00:00
2584,1765395052.8147929,2025-12-10T19:30:52.814814+00:00
2585,1765395052.8336089,2025-12-10T19:30:52.833615+00:00
2586,1765395052.8545148,2025-12-10T19:30:52.854518+00:00
2587,1765395052.8744268,2025-12-10T19:30:52.874430+00:00
2588,1765395052.895307,2025-12-10T19:30:52.895312+00:00
2589,1765395052.9153202,2025-12-10T19:30:52.915324+00:00
2590,1765395052.936775,2025-12-10T19:30:52.936781+00:00
2591,1765395052.9565198,2025-12-10T19:30:52.956525+00:00
2592,1765395052.975592,2025-12-10T19:30:52.975623+00:00
2593,1765395052.996608,2025-12-10T19:30:52.996616+00:00
2594,1765395053.017497,2025-12-10T19:30:53.017503+00:00
2595,1765395053.038453,2025-12-10T19:30:53.038457+00:00
2596,1765395053.0593312,2025-12-10T19:30:53.059336+00:00
2597,1765395053.080223,2025-12-10T19:30:53.080227+00:00
2598,1765395053.098148,2025-12-10T19:30:53.098155+00:00
2599,1765395053.116935,2025-12-10T19:30:53.116941+00:00
2600,1765395053.133951,2025-12-10T19:30:53.133957+00:00
2601,1765395053.152365,2025-12-10T19:30:53.152372+00:00
2602,1765395053.1721978,2025-12-10T19:30:53.172220+00:00
2603,1765395053.189785,2025-12-10T19:30:53.189789+00:00
2604,1765395053.2101681,2025-12-10T19:30:53.210175+00:00
2605,1765395053.2310941,2025-12-10T19:30:53.231100+00:00
2606,1765395053.252002,2025-12-10T19:30:53.252011+00:00
2607,1765395053.273108,2025-12-10T19:30:53.273118+00:00
2608,1765395053.293511,2025-12-10T19:30:53.293517+00:00
2609,1765395053.314423,2025-12-10T19:30:53.314428+00:00
2610,1765395053.333371,2025-12-10T19:30:53.333381+00:00
2611,1765395053.3541162,2025-12-10T19:30:53.354120+00:00
2612,1765395053.373088,2025-12-10T19:30:53.373113+00:00
2613,1765395053.394005,2025-12-10T19:30:53.394010+00:00
2614,1765395053.4148889,2025-12-10T19:30:53.414894+00:00
2615,1765395053.435773,2025-12-10T19:30:53.435779+00:00
2616,1765395053.452899,2025-12-10T19:30:53.452905+00:00
2617,1765395053.4730859,2025-12-10T19:30:53.473089+00:00
2618,1765395053.491915,2025-12-10T19:30:53.491922+00:00
2619,1765395053.509811,2025-12-10T19:30:53.509815+00:00
2620,1765395053.530695,2025-12-10T19:30:53.530732+00:00
2621,1765395053.548539,2025-12-10T19:30:53.548542+00:00
2622,1765395053.569414,2025-12-10T19:30:53.569420+00:00
2623,1765395053.589824,2025-12-10T19:30:53.589827+00:00
2624,1765395053.607872,2025-12-10T19:30:53.607903+00:00
2625,1765395053.627048,2025-12-10T19:30:53.627054+00:00
2626,1765395053.647945,2025-12-10T19:30:53.647951+00:00
2627,1765395053.6660538,2025-12-10T19:30:53.666057+00:00
2628,1765395053.6869388,2025-12-10T19:30:53.686945+00:00
2629,1765395053.70786,2025-12-10T19:30:53.707864+00:00
2630,1765395053.725445,2025-12-10T19:30:53.725464+00:00
2631,1765395053.746423,2025-12-10T19:30:53.746426+00:00
2632,1765395053.767307,2025-12-10T19:30:53.767313+00:00
2633,1765395053.788223,2025-12-10T19:30:53.788230+00:00
2634,1765395053.80796,2025-12-10T19:30:53.807965+00:00
2635,1765395053.828844,2025-12-10T19:30:53.828847+00:00
2636,1765395053.84971,2025-12-10T19:30:53.849713+00:00
2637,1765395053.8673239,2025-12-10T19:30:53.867329+00:00
2638,1765395053.8870652,2025-12-10T19:30:53.887069+00:00
2639,1765395053.906433,2025-12-10T19:30:53.906465+00:00
2640,1765395053.924234,2025-12-10T19:30:53.924238+00:00
2641,1765395053.941683,2025-12-10T19:30:53.941688+00:00
2642,1765395053.962579,2025-12-10T19:30:53.962582+00:00
2643,1765395053.983456,2025-12-10T19:30:53.983460+00:00
2644,1765395054.004344,2025-12-10T19:30:54.004347+00:00
2645,1765395054.023103,2025-12-10T19:30:54.023108+00:00
2646,1765395054.0439968,2025-12-10T19:30:54.044000+00:00
2647,1765395054.060857,2025-12-10T19:30:54.060863+00:00
2648,1765395054.081439,2025-12-10T19:30:54.081453+00:00
2649,1765395054.1017,2025-12-10T19:30:54.101706+00:00
2650,1765395054.122373,2025-12-10T19:30:54.122388+00:00
2651,1765395054.1393962,2025-12-10T19:30:54.139399+00:00
2652,1765395054.159864,2025-12-10T19:30:54.159871+00:00
2653,1765395054.180778,2025-12-10T19:30:54.180782+00:00
2654,1765395054.200706,2025-12-10T19:30:54.200713+00:00
2655,1765395054.220161,2025-12-10T19:30:54.220166+00:00
2656,1765395054.239184,2025-12-10T19:30:54.239189+00:00
2657,1765395054.256423,2025-12-10T19:30:54.256426+00:00
2658,1765395054.2769222,2025-12-10T19:30:54.276926+00:00
2659,1765395054.293844,2025-12-10T19:30:54.293849+00:00
2660,1765395054.3144178,2025-12-10T19:30:54.314424+00:00
2661,1765395054.3353431,2025-12-10T19:30:54.335350+00:00
2662,1765395054.3562691,2025-12-10T19:30:54.356276+00:00
2663,1765395054.373114,2025-12-10T19:30:54.373120+00:00
2664,1765395054.3923452,2025-12-10T19:30:54.392351+00:00
2665,1765395054.4132512,2025-12-10T19:30:54.413257+00:00
2666,1765395054.4314291,2025-12-10T19:30:54.431435+00:00
2667,1765395054.449903,2025-12-10T19:30:54.449906+00:00
2668,1765395054.4696589,2025-12-10T19:30:54.469662+00:00
2669,1765395054.4897861,2025-12-10T19:30:54.489792+00:00
2670,1765395054.510179,2025-12-10T19:30:54.510186+00:00
2671,1765395054.5276952,2025-12-10T19:30:54.527700+00:00
2672,1765395054.547754,2025-12-10T19:30:54.547759+00:00
2673,1765395054.56512,2025-12-10T19:30:54.565124+00:00
2674,1765395054.585994,2025-12-10T19:30:54.585999+00:00
2675,1765395054.60689,2025-12-10T19:30:54.606893+00:00
2676,1765395054.624661,2025-12-10T19:30:54.624665+00:00
2677,1765395054.643082,2025-12-10T19:30:54.643090+00:00
2678,1765395054.6639931,2025-12-10T19:30:54.663997+00:00
2679,1765395054.6818612,2025-12-10T19:30:54.681864+00:00
2680,1765395054.7001889,2025-12-10T19:30:54.700195+00:00
2681,1765395054.718495,2025-12-10T19:30:54.718500+00:00
2682,1765395054.7356002,2025-12-10T19:30:54.735607+00:00
2683,1765395054.7565398,2025-12-10T19:30:54.756543+00:00
2684,1765395054.7774231,2025-12-10T19:30:54.777427+00:00
2685,1765395054.798319,2025-12-10T19:30:54.798324+00:00
2686,1765395054.8180459,2025-12-10T19:30:54.818052+00:00
2687,1765395054.8389828,2025-12-10T19:30:54.839009+00:00
2688,1765395054.857667,2025-12-10T19:30:54.857672+00:00
2689,1765395054.8785658,2025-12-10T19:30:54.878571+00:00
2690,1765395054.898218,2025-12-10T19:30:54.898223+00:00
2691,1765395054.916102,2025-12-10T19:30:54.916106+00:00
2692,1765395054.934361,2025-12-10T19:30:54.934365+00:00
2693,1765395054.95219,2025-12-10T19:30:54.952194+00:00
2694,1765395054.9730718,2025-12-10T19:30:54.973076+00:00
2695,1765395054.993951,2025-12-10T19:30:54.993956+00:00
2696,1765395055.014761,2025-12-10T19:30:55.014767+00:00
2697,1765395055.032829,2025-12-10T19:30:55.032833+00:00
2698,1765395055.0499609,2025-12-10T19:30:55.049964+00:00
2699,1765395055.070893,2025-12-10T19:30:55.070897+00:00
2700,1765395055.093486,2025-12-10T19:30:55.093826+00:00
2701,1765395055.114733,2025-12-10T19:30:55.114739+00:00
2702,1765395055.135751,2025-12-10T19:30:55.135757+00:00
2703,1765395055.156217,2025-12-10T19:30:55.156225+00:00
2704,1765395055.173085,2025-12-10T19:30:55.173096+00:00
2705,1765395055.189823,2025-12-10T19:30:55.189827+00:00
2706,1765395055.21017,2025-12-10T19:30:55.210178+00:00
2707,1765395055.23047,2025-12-10T19:30:55.230475+00:00
2708,1765395055.2474618,2025-12-10T19:30:55.247465+00:00
2709,1765395055.267051,2025-12-10T19:30:55.267074+00:00
2710,1765395055.2881012,2025-12-10T19:30:55.288106+00:00
2711,1765395055.306423,2025-12-10T19:30:55.306427+00:00
2712,1765395055.3271182,2025-12-10T19:30:55.327126+00:00
2713,1765395055.348035,2025-12-10T19:30:55.348038+00:00
2714,1765395055.368926,2025-12-10T19:30:55.368933+00:00
2715,1765395055.386301,2025-12-10T19:30:55.386308+00:00
2716,1765395055.406416,2025-12-10T19:30:55.406420+00:00
2717,1765395055.425193,2025-12-10T19:30:55.425201+00:00
2718,1765395055.446103,2025-12-10T19:30:55.446106+00:00
2719,1765395055.465559,2025-12-10T19:30:55.465565+00:00
2720,1765395055.486461,2025-12-10T19:30:55.486465+00:00
2721,1765395055.506434,2025-12-10T19:30:55.506438+00:00
2722,1765395055.525724,2025-12-10T19:30:55.525730+00:00
2723,1765395055.5465899,2025-12-10T19:30:55.546593+00:00
2724,1765395055.5647511,2025-12-10T19:30:55.564754+00:00
2725,1765395055.585589,2025-12-10T19:30:55.585595+00:00
2726,1765395055.606494,2025-12-10T19:30:55.606499+00:00
2727,1765395055.625032,2025-12-10T19:30:55.625050+00:00
2728,1765395055.646042,2025-12-10T19:30:55.646046+00:00
2729,1765395055.664402,2025-12-10T19:30:55.664405+00:00
2730,1765395055.6847382,2025-12-10T19:30:55.684742+00:00
2731,1765395055.705627,2025-12-10T19:30:55.705633+00:00
2732,1765395055.726335,2025-12-10T19:30:55.726343+00:00
2733,1765395055.745139,2025-12-10T19:30:55.745144+00:00
2734,1765395055.7638981,2025-12-10T19:30:55.763902+00:00
2735,1765395055.784788,2025-12-10T19:30:55.784792+00:00
2736,1765395055.802433,2025-12-10T19:30:55.802441+00:00
2737,1765395055.823112,2025-12-10T19:30:55.823122+00:00
2738,1765395055.8440351,2025-12-10T19:30:55.844038+00:00
2739,1765395055.864903,2025-12-10T19:30:55.864908+00:00
2740,1765395055.883453,2025-12-10T19:30:55.883457+00:00
2741,1765395055.900466,2025-12-10T19:30:55.900486+00:00
2742,1765395055.921535,2025-12-10T19:30:55.921537+00:00
2743,1765395055.9397728,2025-12-10T19:30:55.939780+00:00
2744,1765395055.960691,2025-12-10T19:30:55.960697+00:00
2745,1765395055.981007,2025-12-10T19:30:55.981013+00:00
2746,1765395056.000098,2025-12-10T19:30:56.000102+00:00
2747,1765395056.0209768,2025-12-10T19:30:56.020980+00:00
2748,1765395056.039159,2025-12-10T19:30:56.039162+00:00
2749,1765395056.055982,2025-12-10T19:30:56.055991+00:00
2750,1765395056.075855,2025-12-10T19:30:56.075860+00:00
2751,1765395056.097579,2025-12-10T19:30:56.097581+00:00
2752,1765395056.118455,2025-12-10T19:30:56.118461+00:00
2753,1765395056.138172,2025-12-10T19:30:56.138179+00:00
2754,1765395056.15643,2025-12-10T19:30:56.156435+00:00
2755,1765395056.1773598,2025-12-10T19:30:56.177369+00:00
2756,1765395056.198091,2025-12-10T19:30:56.198100+00:00
2757,1765395056.2185469,2025-12-10T19:30:56.218554+00:00
2758,1765395056.236471,2025-12-10T19:30:56.236478+00:00
2759,1765395056.257388,2025-12-10T19:30:56.257392+00:00
2760,1765395056.277676,2025-12-10T19:30:56.277683+00:00
2761,1765395056.29835,2025-12-10T19:30:56.298353+00:00
2762,1765395056.3188741,2025-12-10T19:30:56.318880+00:00
2763,1765395056.3361511,2025-12-10T19:30:56.336156+00:00
2764,1765395056.356415,2025-12-10T19:30:56.356424+00:00
2765,1765395056.373447,2025-12-10T19:30:56.373450+00:00
2766,1765395056.390759,2025-12-10T19:30:56.390762+00:00
2767,1765395056.40824,2025-12-10T19:30:56.408245+00:00
2768,1765395056.4250119,2025-12-10T19:30:56.425032+00:00
2769,1765395056.446038,2025-12-10T19:30:56.446045+00:00
2770,1765395056.4647849,2025-12-10T19:30:56.464797+00:00
2771,1765395056.485707,2025-12-10T19:30:56.485712+00:00
2772,1765395056.504496,2025-12-10T19:30:56.504503+00:00
2773,1765395056.522387,2025-12-10T19:30:56.522392+00:00
2774,1765395056.5432901,2025-12-10T19:30:56.543294+00:00
2775,1765395056.5617971,2025-12-10T19:30:56.561816+00:00
2776,1765395056.582771,2025-12-10T19:30:56.582774+00:00
2777,1765395056.599798,2025-12-10T19:30:56.599805+00:00
2778,1765395056.6206982,2025-12-10T19:30:56.620703+00:00
2779,1765395056.639749,2025-12-10T19:30:56.639754+00:00
2780,1765395056.660631,2025-12-10T19:30:56.660637+00:00
2781,1765395056.6815202,2025-12-10T19:30:56.681527+00:00
2782,1765395056.698567,2025-12-10T19:30:56.698571+00:00
2783,1765395056.719444,2025-12-10T19:30:56.719449+00:00
2784,1765395056.74033,2025-12-10T19:30:56.740336+00:00
2785,1765395056.759531,2025-12-10T19:30:56.759540+00:00
2786,1765395056.778539,2025-12-10T19:30:56.778547+00:00
2787,1765395056.798103,2025-12-10T19:30:56.798108+00:00
2788,1765395056.816853,2025-12-10T19:30:56.816859+00:00
2789,1765395056.835676,2025-12-10T19:30:56.835682+00:00
2790,1765395056.856415,2025-12-10T19:30:56.856421+00:00
2791,1765395056.8772979,2025-12-10T19:30:56.877302+00:00
2792,1765395056.898144,2025-12-10T19:30:56.898148+00:00
2793,1765395056.916109,2025-12-10T19:30:56.916113+00:00
2794,1765395056.933581,2025-12-10T19:30:56.933587+00:00
2795,1765395056.9544692,2025-12-10T19:30:56.954472+00:00
2796,1765395056.975313,2025-12-10T19:30:56.975320+00:00
2797,1765395056.9952488,2025-12-10T19:30:56.995253+00:00
2798,1765395057.014154,2025-12-10T19:30:57.014160+00:00
2799,1765395057.034904,2025-12-10T19:30:57.034911+00:00
2800,1765395057.052063,2025-12-10T19:30:57.052070+00:00
2801,1765395057.072385,2025-12-10T19:30:57.072388+00:00
2802,1765395057.089992,2025-12-10T19:30:57.089998+00:00
2803,1765395057.109715,2025-12-10T19:30:57.109720+00:00
2804,1765395057.130212,2025-12-10T19:30:57.130218+00:00
2805,1765395057.1480992,2025-12-10T19:30:57.148106+00:00
2806,1765395057.168384,2025-12-10T19:30:57.168389+00:00
2807,1765395057.1892679,2025-12-10T19:30:57.189271+00:00
2808,1765395057.208375,2025-12-10T19:30:57.208384+00:00
2809,1765395057.2293172,2025-12-10T19:30:57.229321+00:00
2810,1765395057.247328,2025-12-10T19:30:57.247333+00:00
2811,1765395057.265026,2025-12-10T19:30:57.265030+00:00
2812,1765395057.283534,2025-12-10T19:30:57.283540+00:00
2813,1765395057.3044229,2025-12-10T19:30:57.304426+00:00
2814,1765395057.3230999,2025-12-10T19:30:57.323106+00:00
2815,1765395057.344001,2025-12-10T19:30:57.344008+00:00
2816,1765395057.364939,2025-12-10T19:30:57.364944+00:00
2817,1765395057.385833,2025-12-10T19:30:57.385837+00:00
2818,1765395057.40673,2025-12-10T19:30:57.406734+00:00
2819,1765395057.4276102,2025-12-10T19:30:57.427613+00:00
2820,1765395057.448103,2025-12-10T19:30:57.448114+00:00
2821,1765395057.467408,2025-12-10T19:30:57.467414+00:00
2822,1765395057.4870532,2025-12-10T19:30:57.487058+00:00
2823,1765395057.507939,2025-12-10T19:30:57.507943+00:00
2824,1765395057.5269299,2025-12-10T19:30:57.526935+00:00
2825,1765395057.547817,2025-12-10T19:30:57.547820+00:00
2826,1765395057.568349,2025-12-10T19:30:57.568355+00:00
2827,1765395057.58904,2025-12-10T19:30:57.589045+00:00
2828,1765395057.606455,2025-12-10T19:30:57.606460+00:00
2829,1765395057.627351,2025-12-10T19:30:57.627358+00:00
2830,1765395057.6481228,2025-12-10T19:30:57.648133+00:00
2831,1765395057.666659,2025-12-10T19:30:57.666666+00:00
2832,1765395057.6865401,2025-12-10T19:30:57.686543+00:00
2833,1765395057.707416,2025-12-10T19:30:57.707420+00:00
2834,1765395057.7270458,2025-12-10T19:30:57.727052+00:00
2835,1765395057.747964,2025-12-10T19:30:57.747967+00:00
2836,1765395057.766863,2025-12-10T19:30:57.766867+00:00
2837,1765395057.7877738,2025-12-10T19:30:57.787778+00:00
2838,1765395057.808449,2025-12-10T19:30:57.808470+00:00
2839,1765395057.826136,2025-12-10T19:30:57.826139+00:00
2840,1765395057.846324,2025-12-10T19:30:57.846330+00:00
2841,1765395057.864751,2025-12-10T19:30:57.864756+00:00
2842,1765395057.885371,2025-12-10T19:30:57.885376+00:00
2843,1765395057.903717,2025-12-10T19:30:57.903720+00:00
2844,1765395057.9246101,2025-12-10T19:30:57.924616+00:00
2845,1765395057.9446552,2025-12-10T19:30:57.944658+00:00
2846,1765395057.964763,2025-12-10T19:30:57.964768+00:00
2847,1765395057.9851499,2025-12-10T19:30:57.985155+00:00
2848,1765395058.0047731,2025-12-10T19:30:58.004778+00:00
2849,1765395058.0256908,2025-12-10T19:30:58.025696+00:00
2850,1765395058.046578,2025-12-10T19:30:58.046583+00:00
2851,1765395058.065027,2025-12-10T19:30:58.065032+00:00
2852,1765395058.081759,2025-12-10T19:30:58.081769+00:00
2853,1765395058.102653,2025-12-10T19:30:58.102656+00:00
2854,1765395058.123088,2025-12-10T19:30:58.123097+00:00
2855,1765395058.1425102,2025-12-10T19:30:58.142517+00:00
2856,1765395058.163433,2025-12-10T19:30:58.163440+00:00
2857,1765395058.184354,2025-12-10T19:30:58.184359+00:00
2858,1765395058.205261,2025-12-10T19:30:58.205264+00:00
2859,1765395058.2240949,2025-12-10T19:30:58.224098+00:00
2860,1765395058.240999,2025-12-10T19:30:58.241003+00:00
2861,1765395058.261068,2025-12-10T19:30:58.261075+00:00
2862,1765395058.281433,2025-12-10T19:30:58.281438+00:00
2863,1765395058.3008451,2025-12-10T19:30:58.300850+00:00
2864,1765395058.3211,2025-12-10T19:30:58.321107+00:00
2865,1765395058.341995,2025-12-10T19:30:58.341999+00:00
2866,1765395058.362302,2025-12-10T19:30:58.362306+00:00
2867,1765395058.3829288,2025-12-10T19:30:58.382932+00:00
2868,1765395058.4007978,2025-12-10T19:30:58.400801+00:00
2869,1765395058.421188,2025-12-10T19:30:58.421193+00:00
2870,1765395058.4418821,2025-12-10T19:30:58.441895+00:00
2871,1765395058.462867,2025-12-10T19:30:58.462872+00:00
2872,1765395058.4814389,2025-12-10T19:30:58.481446+00:00
2873,1765395058.498215,2025-12-10T19:30:58.498220+00:00
2874,1765395058.517681,2025-12-10T19:30:58.517688+00:00
2875,1765395058.538604,2025-12-10T19:30:58.538614+00:00
2876,1765395058.55641,2025-12-10T19:30:58.556415+00:00
2877,1765395058.575021,2025-12-10T19:30:58.575025+00:00
2878,1765395058.595907,2025-12-10T19:30:58.595912+00:00
2879,1765395058.6168478,2025-12-10T19:30:58.616866+00:00
2880,1765395058.6379032,2025-12-10T19:30:58.637907+00:00
2881,1765395058.655628,2025-12-10T19:30:58.655633+00:00
2882,1765395058.6765308,2025-12-10T19:30:58.676535+00:00
2883,1765395058.697414,2025-12-10T19:30:58.697418+00:00
2884,1765395058.716479,2025-12-10T19:30:58.716483+00:00
2885,1765395058.7373571,2025-12-10T19:30:58.737360+00:00
2886,1765395058.758231,2025-12-10T19:30:58.758237+00:00
2887,1765395058.7753038,2025-12-10T19:30:58.775318+00:00
2888,1765395058.794977,2025-12-10T19:30:58.794982+00:00
2889,1765395058.813524,2025-12-10T19:30:58.813533+00:00
2890,1765395058.8344488,2025-12-10T19:30:58.834454+00:00
2891,1765395058.8553312,2025-12-10T19:30:58.855338+00:00
2892,1765395058.873194,2025-12-10T19:30:58.873199+00:00
2893,1765395058.891027,2025-12-10T19:30:58.891032+00:00
2894,1765395058.911932,2025-12-10T19:30:58.911936+00:00
2895,1765395058.932938,2025-12-10T19:30:58.932941+00:00
2896,1765395058.953815,2025-12-10T19:30:58.953820+00:00
2897,1765395058.9721751,2025-12-10T19:30:58.972185+00:00
2898,1765395058.9897442,2025-12-10T19:30:58.989759+00:00
2899,1765395059.010655,2025-12-10T19:30:59.010659+00:00
2900,1765395059.03142,2025-12-10T19:30:59.031427+00:00
2901,1765395059.051884,2025-12-10T19:30:59.051892+00:00
2902,1765395059.072351,2025-12-10T19:30:59.072369+00:00
2903,1765395059.089747,2025-12-10T19:30:59.089750+00:00
2904,1765395059.110631,2025-12-10T19:30:59.110635+00:00
2905,1765395059.1314292,2025-12-10T19:30:59.131439+00:00
2906,1765395059.1523662,2025-12-10T19:30:59.152372+00:00
2907,1765395059.173079,2025-12-10T19:30:59.173081+00:00
2908,1765395059.1909592,2025-12-10T19:30:59.190963+00:00
2909,1765395059.211827,2025-12-10T19:30:59.211829+00:00
2910,1765395059.231461,2025-12-10T19:30:59.231467+00:00
2911,1765395059.250141,2025-12-10T19:30:59.250159+00:00
2912,1765395059.271175,2025-12-10T19:30:59.271178+00:00
2913,1765395059.289739,2025-12-10T19:30:59.289750+00:00
2914,1765395059.310671,2025-12-10T19:30:59.310678+00:00
2915,1765395059.331435,2025-12-10T19:30:59.331443+00:00
2916,1765395059.352352,2025-12-10T19:30:59.352356+00:00
2917,1765395059.370111,2025-12-10T19:30:59.370116+00:00
2918,1765395059.390996,2025-12-10T19:30:59.390999+00:00
2919,1765395059.408562,2025-12-10T19:30:59.408579+00:00
2920,1765395059.429576,2025-12-10T19:30:59.429579+00:00
2921,1765395059.446374,2025-12-10T19:30:59.446377+00:00
2922,1765395059.464819,2025-12-10T19:30:59.464824+00:00
2923,1765395059.485711,2025-12-10T19:30:59.485717+00:00
2924,1765395059.5064409,2025-12-10T19:30:59.506448+00:00
2925,1765395059.5249019,2025-12-10T19:30:59.524907+00:00
2926,1765395059.544749,2025-12-10T19:30:59.544753+00:00
2927,1765395059.5648031,2025-12-10T19:30:59.564808+00:00
2928,1765395059.584221,2025-12-10T19:30:59.584225+00:00
2929,1765395059.605091,2025-12-10T19:30:59.605094+00:00
2930,1765395059.622962,2025-12-10T19:30:59.622971+00:00
2931,1765395059.642401,2025-12-10T19:30:59.642408+00:00
2932,1765395059.663317,2025-12-10T19:30:59.663324+00:00
2933,1765395059.6834922,2025-12-10T19:30:59.683497+00:00
2934,1765395059.7009358,2025-12-10T19:30:59.700942+00:00
2935,1765395059.721857,2025-12-10T19:30:59.721864+00:00
2936,1765395059.7427788,2025-12-10T19:30:59.742784+00:00
2937,1765395059.76368,2025-12-10T19:30:59.763683+00:00
2938,1765395059.781399,2025-12-10T19:30:59.781402+00:00
2939,1765395059.8022861,2025-12-10T19:30:59.802293+00:00
2940,1765395059.823199,2025-12-10T19:30:59.823209+00:00
2941,1765395059.8427,2025-12-10T19:30:59.842706+00:00
2942,1765395059.862623,2025-12-10T19:30:59.862628+00:00
2943,1765395059.8814158,2025-12-10T19:30:59.881427+00:00
2944,1765395059.900246,2025-12-10T19:30:59.900267+00:00
2945,1765395059.921282,2025-12-10T19:30:59.921286+00:00
2946,1765395059.9399529,2025-12-10T19:30:59.939958+00:00
2947,1765395059.960151,2025-12-10T19:30:59.960158+00:00
2948,1765395059.97898,2025-12-10T19:30:59.978989+00:00
2949,1765395059.9980931,2025-12-10T19:30:59.998097+00:00
2950,1765395060.0149,2025-12-10T19:31:00.014903+00:00
2951,1765395060.035775,2025-12-10T19:31:00.035781+00:00
2952,1765395060.0563588,2025-12-10T19:31:00.056368+00:00
2953,1765395060.0741062,2025-12-10T19:31:00.074109+00:00
2954,1765395060.09499,2025-12-10T19:31:00.094994+00:00
2955,1765395060.111795,2025-12-10T19:31:00.111800+00:00
2956,1765395060.129015,2025-12-10T19:31:00.129020+00:00
2957,1765395060.14818,2025-12-10T19:31:00.148185+00:00
2958,1765395060.168343,2025-12-10T19:31:00.168351+00:00
2959,1765395060.189269,2025-12-10T19:31:00.189279+00:00
2960,1765395060.2086961,2025-12-10T19:31:00.208701+00:00
2961,1765395060.229467,2025-12-10T19:31:00.229471+00:00
2962,1765395060.248074,2025-12-10T19:31:00.248079+00:00
2963,1765395060.265367,2025-12-10T19:31:00.265371+00:00
2964,1765395060.286238,2025-12-10T19:31:00.286241+00:00
2965,1765395060.306489,2025-12-10T19:31:00.306492+00:00
2966,1765395060.3262541,2025-12-10T19:31:00.326262+00:00
2967,1765395060.347195,2025-12-10T19:31:00.347209+00:00
2968,1765395060.367759,2025-12-10T19:31:00.367765+00:00
2969,1765395060.388679,2025-12-10T19:31:00.388683+00:00
2970,1765395060.406392,2025-12-10T19:31:00.406396+00:00
2971,1765395060.427273,2025-12-10T19:31:00.427276+00:00
2972,1765395060.448097,2025-12-10T19:31:00.448103+00:00
2973,1765395060.4661329,2025-12-10T19:31:00.466137+00:00
2974,1765395060.48702,2025-12-10T19:31:00.487022+00:00
2975,1765395060.5063481,2025-12-10T19:31:00.506353+00:00
2976,1765395060.525323,2025-12-10T19:31:00.525334+00:00
2977,1765395060.543679,2025-12-10T19:31:00.543684+00:00
2978,1765395060.564561,2025-12-10T19:31:00.564565+00:00
2979,1765395060.583327,2025-12-10T19:31:00.583330+00:00
2980,1765395060.6041942,2025-12-10T19:31:00.604197+00:00
2981,1765395060.623071,2025-12-10T19:31:00.623098+00:00
2982,1765395060.6419241,2025-12-10T19:31:00.641928+00:00
2983,1765395060.6628191,2025-12-10T19:31:00.662821+00:00
2984,1765395060.683101,2025-12-10T19:31:00.683107+00:00
2985,1765395060.703994,2025-12-10T19:31:00.703996+00:00
2986,1765395060.7230542,2025-12-10T19:31:00.723056+00:00
2987,1765395060.741337,2025-12-10T19:31:00.741342+00:00
2988,1765395060.762221,2025-12-10T19:31:00.762227+00:00
2989,1765395060.781424,2025-12-10T19:31:00.781431+00:00
2990,1765395060.8000681,2025-12-10T19:31:00.800072+00:00
2991,1765395060.82094,2025-12-10T19:31:00.820942+00:00
2992,1765395060.839925,2025-12-10T19:31:00.839928+00:00
2993,1765395060.860139,2025-12-10T19:31:00.860143+00:00
2994,1765395060.8810282,2025-12-10T19:31:00.881033+00:00
2995,1765395060.901809,2025-12-10T19:31:00.901816+00:00
2996,1765395060.9221802,2025-12-10T19:31:00.922203+00:00
2997,1765395060.94108,2025-12-10T19:31:00.941085+00:00
2998,1765395060.9598432,2025-12-10T19:31:00.959847+00:00
2999,1765395060.980716,2025-12-10T19:31:00.980719+00:00
3000,1765395060.998451,2025-12-10T19:31:00.998456+00:00
3001,1765395061.018473,2025-12-10T19:31:01.018478+00:00
3002,1765395061.036625,2025-12-10T19:31:01.036630+00:00
3003,1765395061.057526,2025-12-10T19:31:01.057531+00:00
3004,1765395061.0784268,2025-12-10T19:31:01.078433+00:00
3005,1765395061.099335,2025-12-10T19:31:01.099340+00:00
3006,1765395061.1201541,2025-12-10T19:31:01.120160+00:00
3007,1765395061.1488278,2025-12-10T19:31:01.148835+00:00
3008,1765395061.168606,2025-12-10T19:31:01.168613+00:00
3009,1765395061.2402291,2025-12-10T19:31:01.240234+00:00
3010,1765395061.2746098,2025-12-10T19:31:01.274616+00:00
3011,1765395061.296211,2025-12-10T19:31:01.296221+00:00
3012,1765395061.317132,2025-12-10T19:31:01.317140+00:00
3013,1765395061.338057,2025-12-10T19:31:01.338060+00:00
3014,1765395061.355011,2025-12-10T19:31:01.355016+00:00
3015,1765395061.372179,2025-12-10T19:31:01.372188+00:00
3016,1765395061.3949618,2025-12-10T19:31:01.394968+00:00
3017,1765395061.416395,2025-12-10T19:31:01.416401+00:00
3018,1765395061.437302,2025-12-10T19:31:01.437307+00:00
3019,1765395061.457942,2025-12-10T19:31:01.457946+00:00
3020,1765395061.475418,2025-12-10T19:31:01.475425+00:00
3021,1765395061.492748,2025-12-10T19:31:01.492754+00:00
3022,1765395061.513,2025-12-10T19:31:01.513014+00:00
3023,1765395061.533967,2025-12-10T19:31:01.533976+00:00
3024,1765395061.552298,2025-12-10T19:31:01.552308+00:00
3025,1765395061.573216,2025-12-10T19:31:01.573219+00:00
3026,1765395061.5933282,2025-12-10T19:31:01.593335+00:00
3027,1765395061.6103199,2025-12-10T19:31:01.610323+00:00
3028,1765395061.627338,2025-12-10T19:31:01.627356+00:00
3029,1765395061.6482382,2025-12-10T19:31:01.648241+00:00
3030,1765395061.669131,2025-12-10T19:31:01.669137+00:00
3031,1765395061.689315,2025-12-10T19:31:01.689324+00:00
3032,1765395061.707936,2025-12-10T19:31:01.707940+00:00
3033,1765395061.725023,2025-12-10T19:31:01.725027+00:00
3034,1765395061.743978,2025-12-10T19:31:01.743983+00:00
3035,1765395061.7641332,2025-12-10T19:31:01.764139+00:00
3036,1765395061.7833412,2025-12-10T19:31:01.783349+00:00
3037,1765395061.801601,2025-12-10T19:31:01.801610+00:00
3038,1765395061.818999,2025-12-10T19:31:01.819004+00:00
3039,1765395061.840169,2025-12-10T19:31:01.840174+00:00
3040,1765395061.8610592,2025-12-10T19:31:01.861067+00:00
3041,1765395061.881669,2025-12-10T19:31:01.881689+00:00
3042,1765395061.899405,2025-12-10T19:31:01.899411+00:00
3043,1765395061.916407,2025-12-10T19:31:01.916413+00:00
3044,1765395061.936901,2025-12-10T19:31:01.936905+00:00
3045,1765395061.9536839,2025-12-10T19:31:01.953693+00:00
3046,1765395061.973126,2025-12-10T19:31:01.973131+00:00
3047,1765395061.994019,2025-12-10T19:31:01.994024+00:00
3048,1765395062.013866,2025-12-10T19:31:02.013873+00:00
3049,1765395062.031438,2025-12-10T19:31:02.031446+00:00
3050,1765395062.049854,2025-12-10T19:31:02.049855+00:00
3051,1765395062.069213,2025-12-10T19:31:02.069216+00:00
3052,1765395062.090229,2025-12-10T19:31:02.090231+00:00
3053,1765395062.111104,2025-12-10T19:31:02.111108+00:00
3054,1765395062.132001,2025-12-10T19:31:02.132003+00:00
3055,1765395062.149604,2025-12-10T19:31:02.149605+00:00
3056,1765395062.170461,2025-12-10T19:31:02.170462+00:00
3057,1765395062.189434,2025-12-10T19:31:02.189434+00:00
3058,1765395062.206558,2025-12-10T19:31:02.206559+00:00
3059,1765395062.22444,2025-12-10T19:31:02.224441+00:00
3060,1765395062.245022,2025-12-10T19:31:02.245023+00:00
3061,1765395062.265873,2025-12-10T19:31:02.265874+00:00
3062,1765395062.284485,2025-12-10T19:31:02.284489+00:00
3063,1765395062.3037162,2025-12-10T19:31:02.303717+00:00
3064,1765395062.324569,2025-12-10T19:31:02.324572+00:00
3065,1765395062.342725,2025-12-10T19:31:02.342726+00:00
3066,1765395062.362164,2025-12-10T19:31:02.362169+00:00
3067,1765395062.380939,2025-12-10T19:31:02.380944+00:00
3068,1765395062.401856,2025-12-10T19:31:02.401864+00:00
3069,1765395062.4227781,2025-12-10T19:31:02.422786+00:00
3070,1765395062.441217,2025-12-10T19:31:02.441224+00:00
3071,1765395062.4621499,2025-12-10T19:31:02.462160+00:00
3072,1765395062.481399,2025-12-10T19:31:02.481406+00:00
3073,1765395062.501494,2025-12-10T19:31:02.501498+00:00
3074,1765395062.5184388,2025-12-10T19:31:02.518486+00:00
3075,1765395062.53529,2025-12-10T19:31:02.535297+00:00
3076,1765395062.5538921,2025-12-10T19:31:02.553895+00:00
3077,1765395062.574771,2025-12-10T19:31:02.574774+00:00
3078,1765395062.5918221,2025-12-10T19:31:02.591828+00:00
3079,1765395062.612719,2025-12-10T19:31:02.612722+00:00
3080,1765395062.6314151,2025-12-10T19:31:02.631426+00:00
3081,1765395062.652375,2025-12-10T19:31:02.652381+00:00
3082,1765395062.673079,2025-12-10T19:31:02.673084+00:00
3083,1765395062.6928482,2025-12-10T19:31:02.692854+00:00
3084,1765395062.710027,2025-12-10T19:31:02.710031+00:00
3085,1765395062.730809,2025-12-10T19:31:02.730812+00:00
3086,1765395062.7516851,2025-12-10T19:31:02.751690+00:00
3087,1765395062.768466,2025-12-10T19:31:02.768470+00:00
3088,1765395062.7889311,2025-12-10T19:31:02.788970+00:00
3089,1765395062.809889,2025-12-10T19:31:02.809898+00:00
3090,1765395062.8271732,2025-12-10T19:31:02.827176+00:00
3091,1765395062.848074,2025-12-10T19:31:02.848079+00:00
3092,1765395062.8661492,2025-12-10T19:31:02.866151+00:00
3093,1765395062.8870232,2025-12-10T19:31:02.887026+00:00
3094,1765395062.905725,2025-12-10T19:31:02.905734+00:00
3095,1765395062.924751,2025-12-10T19:31:02.924753+00:00
3096,1765395062.944971,2025-12-10T19:31:02.944977+00:00
3097,1765395062.9648461,2025-12-10T19:31:02.964849+00:00
3098,1765395062.98312,2025-12-10T19:31:02.983125+00:00
3099,1765395063.0040162,2025-12-10T19:31:03.004020+00:00
3100,1765395063.0248919,2025-12-10T19:31:03.024899+00:00
3101,1765395063.045695,2025-12-10T19:31:03.045709+00:00
3102,1765395063.066069,2025-12-10T19:31:03.066077+00:00
3103,1765395063.084466,2025-12-10T19:31:03.084471+00:00
3104,1765395063.1026602,2025-12-10T19:31:03.102665+00:00
3105,1765395063.123534,2025-12-10T19:31:03.123538+00:00
3106,1765395063.143871,2025-12-10T19:31:03.143881+00:00
3107,1765395063.162255,2025-12-10T19:31:03.162260+00:00
3108,1765395063.180436,2025-12-10T19:31:03.180443+00:00
3109,1765395063.2004428,2025-12-10T19:31:03.200446+00:00
3110,1765395063.221323,2025-12-10T19:31:03.221331+00:00
3111,1765395063.2422569,2025-12-10T19:31:03.242265+00:00
3112,1765395063.2648058,2025-12-10T19:31:03.264814+00:00
3113,1765395063.285708,2025-12-10T19:31:03.285712+00:00
3114,1765395063.306585,2025-12-10T19:31:03.306591+00:00
3115,1765395063.327189,2025-12-10T19:31:03.327193+00:00
3116,1765395063.3480692,2025-12-10T19:31:03.348075+00:00
3117,1765395063.3682618,2025-12-10T19:31:03.368266+00:00
3118,1765395063.3874938,2025-12-10T19:31:03.387509+00:00
3119,1765395063.407362,2025-12-10T19:31:03.407368+00:00
3120,1765395063.427297,2025-12-10T19:31:03.427302+00:00
3121,1765395063.4481852,2025-12-10T19:31:03.448191+00:00
3122,1765395063.4679072,2025-12-10T19:31:03.467912+00:00
3123,1765395063.485533,2025-12-10T19:31:03.485537+00:00
3124,1765395063.503602,2025-12-10T19:31:03.503605+00:00
3125,1765395063.524489,2025-12-10T19:31:03.524493+00:00
3126,1765395063.541635,2025-12-10T19:31:03.541639+00:00
3127,1765395063.562165,2025-12-10T19:31:03.562170+00:00
3128,1765395063.583044,2025-12-10T19:31:03.583046+00:00
3129,1765395063.602197,2025-12-10T19:31:03.602203+00:00
3130,1765395063.623083,2025-12-10T19:31:03.623087+00:00
3131,1765395063.643866,2025-12-10T19:31:03.643871+00:00
3132,1765395063.6640131,2025-12-10T19:31:03.664018+00:00
3133,1765395063.682395,2025-12-10T19:31:03.682399+00:00
3134,1765395063.7011552,2025-12-10T19:31:03.701158+00:00
3135,1765395063.722028,2025-12-10T19:31:03.722033+00:00
3136,1765395063.7429209,2025-12-10T19:31:03.742924+00:00
3137,1765395063.760658,2025-12-10T19:31:03.760664+00:00
3138,1765395063.7815738,2025-12-10T19:31:03.781580+00:00
3139,1765395063.802465,2025-12-10T19:31:03.802468+00:00
3140,1765395063.8230028,2025-12-10T19:31:03.823008+00:00
3141,1765395063.8397381,2025-12-10T19:31:03.839743+00:00
3142,1765395063.861395,2025-12-10T19:31:03.861398+00:00
3143,1765395063.881047,2025-12-10T19:31:03.881051+00:00
3144,1765395063.898295,2025-12-10T19:31:03.898299+00:00
3145,1765395063.918025,2025-12-10T19:31:03.918029+00:00
3146,1765395063.9369411,2025-12-10T19:31:03.936946+00:00
3147,1765395063.955969,2025-12-10T19:31:03.955973+00:00
3148,1765395063.976875,2025-12-10T19:31:03.976879+00:00
3149,1765395063.9957461,2025-12-10T19:31:03.995751+00:00
3150,1765395064.015218,2025-12-10T19:31:04.015225+00:00
3151,1765395064.0361118,2025-12-10T19:31:04.036121+00:00
3152,1765395064.0569978,2025-12-10T19:31:04.057002+00:00
3153,1765395064.0749598,2025-12-10T19:31:04.074968+00:00
3154,1765395064.093662,2025-12-10T19:31:04.093670+00:00
3155,1765395064.115338,2025-12-10T19:31:04.115343+00:00
3156,1765395064.137662,2025-12-10T19:31:04.137669+00:00
3157,1765395064.154471,2025-12-10T19:31:04.154482+00:00
3158,1765395064.1735098,2025-12-10T19:31:04.173528+00:00
3159,1765395064.192353,2025-12-10T19:31:04.192357+00:00
3160,1765395064.213229,2025-12-10T19:31:04.213233+00:00
3161,1765395064.2341042,2025-12-10T19:31:04.234110+00:00
3162,1765395064.254994,2025-12-10T19:31:04.254998+00:00
3163,1765395064.274359,2025-12-10T19:31:04.274363+00:00
3164,1765395064.293708,2025-12-10T19:31:04.293713+00:00
3165,1765395064.314688,2025-12-10T19:31:04.314695+00:00
3166,1765395064.333722,2025-12-10T19:31:04.333727+00:00
3167,1765395064.354624,2025-12-10T19:31:04.354632+00:00
3168,1765395064.372472,2025-12-10T19:31:04.372475+00:00
3169,1765395064.3933618,2025-12-10T19:31:04.393368+00:00
3170,1765395064.411616,2025-12-10T19:31:04.411620+00:00
3171,1765395064.430979,2025-12-10T19:31:04.430985+00:00
3172,1765395064.450051,2025-12-10T19:31:04.450059+00:00
3173,1765395064.4704828,2025-12-10T19:31:04.470488+00:00
3174,1765395064.489059,2025-12-10T19:31:04.489066+00:00
3175,1765395064.5099719,2025-12-10T19:31:04.509976+00:00
3176,1765395064.527902,2025-12-10T19:31:04.527911+00:00
3177,1765395064.545032,2025-12-10T19:31:04.545036+00:00
3178,1765395064.565975,2025-12-10T19:31:04.565980+00:00
3179,1765395064.586211,2025-12-10T19:31:04.586215+00:00
3180,1765395064.607102,2025-12-10T19:31:04.607108+00:00
3181,1765395064.6263208,2025-12-10T19:31:04.626333+00:00
3182,1765395064.647397,2025-12-10T19:31:04.647402+00:00
3183,1765395064.6666949,2025-12-10T19:31:04.666710+00:00
3184,1765395064.68759,2025-12-10T19:31:04.687593+00:00
3185,1765395064.7084658,2025-12-10T19:31:04.708468+00:00
3186,1765395064.7277818,2025-12-10T19:31:04.727788+00:00
3187,1765395064.747647,2025-12-10T19:31:04.747654+00:00
3188,1765395064.768557,2025-12-10T19:31:04.768560+00:00
3189,1765395064.788841,2025-12-10T19:31:04.788846+00:00
3190,1765395064.808973,2025-12-10T19:31:04.808980+00:00
3191,1765395064.8278432,2025-12-10T19:31:04.827856+00:00
3192,1765395064.848771,2025-12-10T19:31:04.848778+00:00
3193,1765395064.869154,2025-12-10T19:31:04.869159+00:00
3194,1765395064.886104,2025-12-10T19:31:04.886109+00:00
3195,1765395064.903361,2025-12-10T19:31:04.903365+00:00
3196,1765395064.924294,2025-12-10T19:31:04.924298+00:00
3197,1765395064.9439218,2025-12-10T19:31:04.943927+00:00
3198,1765395064.9619882,2025-12-10T19:31:04.961993+00:00
3199,1765395064.982868,2025-12-10T19:31:04.982874+00:00
3200,1765395065.001886,2025-12-10T19:31:05.001891+00:00
3201,1765395065.019032,2025-12-10T19:31:05.019037+00:00
3202,1765395065.0399392,2025-12-10T19:31:05.039945+00:00
3203,1765395065.05999,2025-12-10T19:31:05.059996+00:00
3204,1765395065.080893,2025-12-10T19:31:05.080900+00:00
3205,1765395065.101807,2025-12-10T19:31:05.101812+00:00
3206,1765395065.12018,2025-12-10T19:31:05.120185+00:00
3207,1765395065.141836,2025-12-10T19:31:05.141843+00:00
3208,1765395065.1627798,2025-12-10T19:31:05.162786+00:00
3209,1765395065.1808121,2025-12-10T19:31:05.180821+00:00
3210,1765395065.2013571,2025-12-10T19:31:05.201361+00:00
3211,1765395065.219477,2025-12-10T19:31:05.219482+00:00
3212,1765395065.240428,2025-12-10T19:31:05.240434+00:00
3213,1765395065.2610712,2025-12-10T19:31:05.261076+00:00
3214,1765395065.281973,2025-12-10T19:31:05.281978+00:00
3215,1765395065.3027132,2025-12-10T19:31:05.302724+00:00
3216,1765395065.32364,2025-12-10T19:31:05.323646+00:00
3217,1765395065.3415182,2025-12-10T19:31:05.341524+00:00
3218,1765395065.3591511,2025-12-10T19:31:05.359154+00:00
3219,1765395065.377428,2025-12-10T19:31:05.377441+00:00
3220,1765395065.397142,2025-12-10T19:31:05.397148+00:00
3221,1765395065.418035,2025-12-10T19:31:05.418040+00:00
3222,1765395065.438928,2025-12-10T19:31:05.438934+00:00
3223,1765395065.457642,2025-12-10T19:31:05.457647+00:00
3224,1765395065.4785311,2025-12-10T19:31:05.478535+00:00
3225,1765395065.499413,2025-12-10T19:31:05.499417+00:00
3226,1765395065.519337,2025-12-10T19:31:05.519345+00:00
3227,1765395065.537121,2025-12-10T19:31:05.537127+00:00
3228,1765395065.555958,2025-12-10T19:31:05.555963+00:00
3229,1765395065.576889,2025-12-10T19:31:05.576901+00:00
3230,1765395065.626176,2025-12-10T19:31:05.626180+00:00
3231,1765395065.65815,2025-12-10T19:31:05.658156+00:00
3232,1765395065.676092,2025-12-10T19:31:05.676097+00:00
3233,1765395065.694334,2025-12-10T19:31:05.694340+00:00
3234,1765395065.7121012,2025-12-10T19:31:05.712107+00:00
3235,1765395065.7322938,2025-12-10T19:31:05.732298+00:00
3236,1765395065.7525592,2025-12-10T19:31:05.752570+00:00
3237,1765395065.770087,2025-12-10T19:31:05.770091+00:00
3238,1765395065.789282,2025-12-10T19:31:05.789288+00:00
3239,1765395065.808181,2025-12-10T19:31:05.808188+00:00
3240,1765395065.827005,2025-12-10T19:31:05.827013+00:00
3241,1765395065.844237,2025-12-10T19:31:05.844250+00:00
3242,1765395065.864865,2025-12-10T19:31:05.864871+00:00
3243,1765395065.8857548,2025-12-10T19:31:05.885759+00:00
3244,1765395065.904118,2025-12-10T19:31:05.904123+00:00
3245,1765395065.921068,2025-12-10T19:31:05.921074+00:00
3246,1765395065.9419699,2025-12-10T19:31:05.941983+00:00
3247,1765395065.962035,2025-12-10T19:31:05.962045+00:00
3248,1765395065.981463,2025-12-10T19:31:05.981467+00:00
3249,1765395066.000479,2025-12-10T19:31:06.000486+00:00
3250,1765395066.019872,2025-12-10T19:31:06.019877+00:00
3251,1765395066.038257,2025-12-10T19:31:06.038264+00:00
3252,1765395066.0591722,2025-12-10T19:31:06.059177+00:00
3253,1765395066.079138,2025-12-10T19:31:06.079143+00:00
3254,1765395066.0970209,2025-12-10T19:31:06.097028+00:00
3255,1765395066.117934,2025-12-10T19:31:06.117942+00:00
3256,1765395066.135201,2025-12-10T19:31:06.135209+00:00
3257,1765395066.1524549,2025-12-10T19:31:06.152470+00:00
3258,1765395066.170346,2025-12-10T19:31:06.170354+00:00
3259,1765395066.1913002,2025-12-10T19:31:06.191303+00:00
3260,1765395066.2121768,2025-12-10T19:31:06.212183+00:00
3261,1765395066.228988,2025-12-10T19:31:06.228998+00:00
3262,1765395066.249933,2025-12-10T19:31:06.249936+00:00
3263,1765395066.2700841,2025-12-10T19:31:06.270092+00:00
3264,1765395066.289365,2025-12-10T19:31:06.289371+00:00
3265,1765395066.31027,2025-12-10T19:31:06.310278+00:00
3266,1765395066.33119,2025-12-10T19:31:06.331195+00:00
3267,1765395066.352009,2025-12-10T19:31:06.352019+00:00
3268,1765395066.369529,2025-12-10T19:31:06.369533+00:00
3269,1765395066.389706,2025-12-10T19:31:06.389710+00:00
3270,1765395066.410591,2025-12-10T19:31:06.410596+00:00
3271,1765395066.429894,2025-12-10T19:31:06.429902+00:00
3272,1765395066.449436,2025-12-10T19:31:06.449441+00:00
3273,1765395066.4691079,2025-12-10T19:31:06.469126+00:00
3274,1765395066.489302,2025-12-10T19:31:06.489308+00:00
3275,1765395066.5102139,2025-12-10T19:31:06.510219+00:00
3276,1765395066.531109,2025-12-10T19:31:06.531114+00:00
3277,1765395066.549118,2025-12-10T19:31:06.549124+00:00
3278,1765395066.5700219,2025-12-10T19:31:06.570026+00:00
3279,1765395066.589243,2025-12-10T19:31:06.589251+00:00
3280,1765395066.610157,2025-12-10T19:31:06.610160+00:00
3281,1765395066.631031,2025-12-10T19:31:06.631036+00:00
3282,1765395066.651927,2025-12-10T19:31:06.651932+00:00
3283,1765395066.668797,2025-12-10T19:31:06.668800+00:00
3284,1765395066.687328,2025-12-10T19:31:06.687333+00:00
3285,1765395066.707263,2025-12-10T19:31:06.707269+00:00
3286,1765395066.7280672,2025-12-10T19:31:06.728072+00:00
3287,1765395066.746258,2025-12-10T19:31:06.746263+00:00
3288,1765395066.7638881,2025-12-10T19:31:06.763897+00:00
3289,1765395066.784811,2025-12-10T19:31:06.784816+00:00
3290,1765395066.8023949,2025-12-10T19:31:06.802405+00:00
3291,1765395066.823371,2025-12-10T19:31:06.823376+00:00
3292,1765395066.843489,2025-12-10T19:31:06.843495+00:00
3293,1765395066.8644018,2025-12-10T19:31:06.864408+00:00
3294,1765395066.8824809,2025-12-10T19:31:06.882486+00:00
3295,1765395066.902376,2025-12-10T19:31:06.902386+00:00
3296,1765395066.923284,2025-12-10T19:31:06.923290+00:00
3297,1765395066.94424,2025-12-10T19:31:06.944252+00:00
3298,1765395066.9627159,2025-12-10T19:31:06.962724+00:00
3299,1765395066.9836428,2025-12-10T19:31:06.983649+00:00
3300,1765395067.0045629,2025-12-10T19:31:07.004567+00:00
3301,1765395067.0254521,2025-12-10T19:31:07.025461+00:00
3302,1765395067.0450938,2025-12-10T19:31:07.045099+00:00
3303,1765395067.06598,2025-12-10T19:31:07.065983+00:00
3304,1765395067.0853848,2025-12-10T19:31:07.085392+00:00
3305,1765395067.1059608,2025-12-10T19:31:07.105967+00:00
3306,1765395067.1254542,2025-12-10T19:31:07.125457+00:00
3307,1765395067.146344,2025-12-10T19:31:07.146350+00:00
3308,1765395067.163182,2025-12-10T19:31:07.163188+00:00
3309,1765395067.180691,2025-12-10T19:31:07.180698+00:00
3310,1765395067.201597,2025-12-10T19:31:07.201600+00:00
3311,1765395067.221548,2025-12-10T19:31:07.221552+00:00
3312,1765395067.242434,2025-12-10T19:31:07.242443+00:00
3313,1765395067.26224,2025-12-10T19:31:07.262244+00:00
3314,1765395067.281711,2025-12-10T19:31:07.281716+00:00
3315,1765395067.3026,2025-12-10T19:31:07.302604+00:00
3316,1765395067.320619,2025-12-10T19:31:07.320625+00:00
