frame_index,timestamp_unix,timestamp_iso
0,1765927200.238518,2025-12-16T23:20:00.238527+00:00
1,1765927200.2590668,2025-12-16T23:20:00.259100+00:00
2,1765927200.276952,2025-12-16T23:20:00.276959+00:00
3,1765927200.297882,2025-12-16T23:20:00.297888+00:00
4,1765927200.318499,2025-12-16T23:20:00.318504+00:00
5,1765927200.339388,2025-12-16T23:20:00.339394+00:00
6,1765927200.3602948,2025-12-16T23:20:00.360314+00:00
7,1765927200.377184,2025-12-16T23:20:00.377191+00:00
8,1765927200.395793,2025-12-16T23:20:00.395797+00:00
9,1765927200.4146821,2025-12-16T23:20:00.414688+00:00
10,1765927200.433656,2025-12-16T23:20:00.433663+00:00
11,1765927200.451147,2025-12-16T23:20:00.451153+00:00
12,1765927200.472812,2025-12-16T23:20:00.472895+00:00
13,1765927200.494108,2025-12-16T23:20:00.494117+00:00
14,1765927200.5119848,2025-12-16T23:20:00.511992+00:00
15,1765927200.530634,2025-12-16T23:20:00.530643+00:00
16,1765927200.551554,2025-12-16T23:20:00.551558+00:00
17,1765927200.572435,2025-12-16T23:20:00.572436+00:00
18,1765927200.592926,2025-12-16T23:20:00.592930+00:00
19,1765927200.613832,2025-12-16T23:20:00.613840+00:00
20,1765927200.637908,2025-12-16T23:20:00.637914+00:00
21,1765927200.6568232,2025-12-16T23:20:00.656828+00:00
22,1765927200.6793652,2025-12-16T23:20:00.679373+00:00
23,1765927200.707671,2025-12-16T23:20:00.707676+00:00
24,1765927200.728128,2025-12-16T23:20:00.728134+00:00
25,1765927200.748096,2025-12-16T23:20:00.748101+00:00
26,1765927200.7689312,2025-12-16T23:20:00.768936+00:00
27,1765927200.7886012,2025-12-16T23:20:00.788609+00:00
28,1765927200.809515,2025-12-16T23:20:00.809517+00:00
29,1765927200.8289542,2025-12-16T23:20:00.828956+00:00
30,1765927200.845727,2025-12-16T23:20:00.845732+00:00
31,1765927200.8642938,2025-12-16T23:20:00.864312+00:00
32,1765927200.885312,2025-12-16T23:20:00.885316+00:00
33,1765927200.9056818,2025-12-16T23:20:00.905688+00:00
34,1765927200.922605,2025-12-16T23:20:00.922610+00:00
35,1765927200.943476,2025-12-16T23:20:00.943478+00:00
36,1765927200.96418,2025-12-16T23:20:00.964183+00:00
37,1765927200.9809659,2025-12-16T23:20:00.980970+00:00
38,1765927200.9988742,2025-12-16T23:20:00.998876+00:00
39,1765927201.0197408,2025-12-16T23:20:01.019757+00:00
40,1765927201.038992,2025-12-16T23:20:01.038999+00:00
41,1765927201.059865,2025-12-16T23:20:01.059870+00:00
42,1765927201.080726,2025-12-16T23:20:01.080738+00:00
43,1765927201.1017,2025-12-16T23:20:01.101704+00:00
44,1765927201.119051,2025-12-16T23:20:01.119054+00:00
45,1765927201.13782,2025-12-16T23:20:01.137823+00:00
46,1765927201.15804,2025-12-16T23:20:01.158051+00:00
47,1765927201.1764638,2025-12-16T23:20:01.176471+00:00
48,1765927201.1952682,2025-12-16T23:20:01.195277+00:00
49,1765927201.215289,2025-12-16T23:20:01.215294+00:00
50,1765927201.233691,2025-12-16T23:20:01.233697+00:00
51,1765927201.254655,2025-12-16T23:20:01.254659+00:00
52,1765927201.273089,2025-12-16T23:20:01.273101+00:00
53,1765927201.294198,2025-12-16T23:20:01.294204+00:00
54,1765927201.313098,2025-12-16T23:20:01.313105+00:00
55,1765927201.332198,2025-12-16T23:20:01.332205+00:00
56,1765927201.34904,2025-12-16T23:20:01.349048+00:00
57,1765927201.369219,2025-12-16T23:20:01.369227+00:00
58,1765927201.390198,2025-12-16T23:20:01.390205+00:00
59,1765927201.4074671,2025-12-16T23:20:01.407509+00:00
60,1765927201.428528,2025-12-16T23:20:01.428536+00:00
61,1765927201.4476988,2025-12-16T23:20:01.447707+00:00
62,1765927201.468079,2025-12-16T23:20:01.468085+00:00
63,1765927201.487413,2025-12-16T23:20:01.487422+00:00
64,1765927201.51513,2025-12-16T23:20:01.515571+00:00
65,1765927201.5364711,2025-12-16T23:20:01.536475+00:00
66,1765927201.5538728,2025-12-16T23:20:01.553879+00:00
67,1765927201.575453,2025-12-16T23:20:01.575459+00:00
68,1765927201.593854,2025-12-16T23:20:01.593904+00:00
69,1765927201.623782,2025-12-16T23:20:01.623787+00:00
70,1765927201.644364,2025-12-16T23:20:01.644369+00:00
71,1765927201.66215,2025-12-16T23:20:01.662155+00:00
72,1765927201.681814,2025-12-16T23:20:01.681819+00:00
73,1765927201.700383,2025-12-16T23:20:01.700394+00:00
74,1765927201.7229261,2025-12-16T23:20:01.722932+00:00
75,1765927201.741538,2025-12-16T23:20:01.741543+00:00
76,1765927201.762444,2025-12-16T23:20:01.762449+00:00
77,1765927201.7810209,2025-12-16T23:20:01.781026+00:00
78,1765927201.8006349,2025-12-16T23:20:01.800638+00:00
79,1765927201.820111,2025-12-16T23:20:01.820116+00:00
80,1765927201.837131,2025-12-16T23:20:01.837136+00:00
81,1765927201.855115,2025-12-16T23:20:01.855124+00:00
82,1765927201.873473,2025-12-16T23:20:01.873478+00:00
83,1765927201.89343,2025-12-16T23:20:01.893434+00:00
84,1765927201.914305,2025-12-16T23:20:01.914310+00:00
85,1765927201.934651,2025-12-16T23:20:01.934654+00:00
86,1765927201.9555368,2025-12-16T23:20:01.955541+00:00
87,1765927201.9751139,2025-12-16T23:20:01.975117+00:00
88,1765927201.995986,2025-12-16T23:20:01.995993+00:00
89,1765927202.015815,2025-12-16T23:20:02.015819+00:00
90,1765927202.036623,2025-12-16T23:20:02.036628+00:00
91,1765927202.054353,2025-12-16T23:20:02.054358+00:00
92,1765927202.072577,2025-12-16T23:20:02.072581+00:00
93,1765927202.092416,2025-12-16T23:20:02.092420+00:00
94,1765927202.113297,2025-12-16T23:20:02.113301+00:00
95,1765927202.134229,2025-12-16T23:20:02.134233+00:00
96,1765927202.155017,2025-12-16T23:20:02.155022+00:00
97,1765927202.172837,2025-12-16T23:20:02.172841+00:00
98,1765927202.189811,2025-12-16T23:20:02.189851+00:00
99,1765927202.210745,2025-12-16T23:20:02.210748+00:00
100,1765927202.2316182,2025-12-16T23:20:02.231623+00:00
101,1765927202.2495968,2025-12-16T23:20:02.249607+00:00
102,1765927202.269166,2025-12-16T23:20:02.269174+00:00
103,1765927202.290078,2025-12-16T23:20:02.290080+00:00
104,1765927202.310293,2025-12-16T23:20:02.310299+00:00
105,1765927202.33084,2025-12-16T23:20:02.330841+00:00
106,1765927202.3517241,2025-12-16T23:20:02.351729+00:00
107,1765927202.37089,2025-12-16T23:20:02.370891+00:00
108,1765927202.3891258,2025-12-16T23:20:02.389127+00:00
109,1765927202.408851,2025-12-16T23:20:02.408852+00:00
110,1765927202.4296992,2025-12-16T23:20:02.429700+00:00
111,1765927202.4475389,2025-12-16T23:20:02.447544+00:00
112,1765927202.465785,2025-12-16T23:20:02.465804+00:00
113,1765927202.485331,2025-12-16T23:20:02.485336+00:00
114,1765927202.50241,2025-12-16T23:20:02.502413+00:00
115,1765927202.521545,2025-12-16T23:20:02.521551+00:00
116,1765927202.5389922,2025-12-16T23:20:02.538996+00:00
117,1765927202.556248,2025-12-16T23:20:02.556251+00:00
118,1765927202.577149,2025-12-16T23:20:02.577153+00:00
119,1765927202.598016,2025-12-16T23:20:02.598018+00:00
120,1765927202.618887,2025-12-16T23:20:02.618891+00:00
121,1765927202.6390452,2025-12-16T23:20:02.639048+00:00
122,1765927202.659925,2025-12-16T23:20:02.659925+00:00
123,1765927202.677253,2025-12-16T23:20:02.677258+00:00
124,1765927202.696703,2025-12-16T23:20:02.696707+00:00
125,1765927202.714234,2025-12-16T23:20:02.714238+00:00
126,1765927202.7343721,2025-12-16T23:20:02.734377+00:00
127,1765927202.751628,2025-12-16T23:20:02.751630+00:00
128,1765927202.769648,2025-12-16T23:20:02.769650+00:00
129,1765927202.7905412,2025-12-16T23:20:02.790542+00:00
130,1765927202.811402,2025-12-16T23:20:02.811403+00:00
131,1765927202.8306692,2025-12-16T23:20:02.830670+00:00
132,1765927202.851351,2025-12-16T23:20:02.851352+00:00
133,1765927202.8721962,2025-12-16T23:20:02.872197+00:00
134,1765927202.892443,2025-12-16T23:20:02.892445+00:00
135,1765927202.913316,2025-12-16T23:20:02.913318+00:00
136,1765927202.930461,2025-12-16T23:20:02.930462+00:00
137,1765927202.9513412,2025-12-16T23:20:02.951345+00:00
138,1765927202.9720929,2025-12-16T23:20:02.972097+00:00
139,1765927202.993001,2025-12-16T23:20:02.993005+00:00
140,1765927203.011463,2025-12-16T23:20:03.011468+00:00
141,1765927203.0322711,2025-12-16T23:20:03.032273+00:00
142,1765927203.0531359,2025-12-16T23:20:03.053142+00:00
143,1765927203.0721762,2025-12-16T23:20:03.072180+00:00
144,1765927203.093055,2025-12-16T23:20:03.093058+00:00
145,1765927203.113682,2025-12-16T23:20:03.113685+00:00
146,1765927203.1335711,2025-12-16T23:20:03.133575+00:00
147,1765927203.154856,2025-12-16T23:20:03.154859+00:00
148,1765927203.172532,2025-12-16T23:20:03.172533+00:00
149,1765927203.1921449,2025-12-16T23:20:03.192146+00:00
150,1765927203.208968,2025-12-16T23:20:03.208969+00:00
151,1765927203.229849,2025-12-16T23:20:03.229853+00:00
152,1765927203.250748,2025-12-16T23:20:03.250749+00:00
153,1765927203.268297,2025-12-16T23:20:03.268298+00:00
154,1765927203.289155,2025-12-16T23:20:03.289159+00:00
155,1765927203.3082418,2025-12-16T23:20:03.308247+00:00
156,1765927203.3291242,2025-12-16T23:20:03.329126+00:00
157,1765927203.349992,2025-12-16T23:20:03.349996+00:00
158,1765927203.370889,2025-12-16T23:20:03.370892+00:00
159,1765927203.388257,2025-12-16T23:20:03.388260+00:00
160,1765927203.4091399,2025-12-16T23:20:03.409145+00:00
161,1765927203.4300532,2025-12-16T23:20:03.430057+00:00
162,1765927203.446938,2025-12-16T23:20:03.446941+00:00
163,1765927203.4740648,2025-12-16T23:20:03.474070+00:00
164,1765927203.523988,2025-12-16T23:20:03.524023+00:00
165,1765927203.547192,2025-12-16T23:20:03.547231+00:00
166,1765927203.568267,2025-12-16T23:20:03.568274+00:00
167,1765927203.587492,2025-12-16T23:20:03.587499+00:00
168,1765927203.605877,2025-12-16T23:20:03.605885+00:00
169,1765927203.626744,2025-12-16T23:20:03.626746+00:00
170,1765927203.647437,2025-12-16T23:20:03.647440+00:00
171,1765927203.668305,2025-12-16T23:20:03.668306+00:00
172,1765927203.689168,2025-12-16T23:20:03.689173+00:00
173,1765927203.708553,2025-12-16T23:20:03.708562+00:00
174,1765927203.726485,2025-12-16T23:20:03.726487+00:00
175,1765927203.747006,2025-12-16T23:20:03.747010+00:00
176,1765927203.76792,2025-12-16T23:20:03.767923+00:00
177,1765927203.785957,2025-12-16T23:20:03.785969+00:00
178,1765927203.803038,2025-12-16T23:20:03.803041+00:00
179,1765927203.820169,2025-12-16T23:20:03.820176+00:00
180,1765927203.841133,2025-12-16T23:20:03.841135+00:00
181,1765927203.859998,2025-12-16T23:20:03.860011+00:00
182,1765927203.87891,2025-12-16T23:20:03.878917+00:00
183,1765927203.897129,2025-12-16T23:20:03.897132+00:00
184,1765927203.913918,2025-12-16T23:20:03.913982+00:00
185,1765927203.933516,2025-12-16T23:20:03.933517+00:00
186,1765927203.951659,2025-12-16T23:20:03.951662+00:00
187,1765927203.972241,2025-12-16T23:20:03.972244+00:00
188,1765927203.992825,2025-12-16T23:20:03.992826+00:00
189,1765927204.0125928,2025-12-16T23:20:04.012597+00:00
190,1765927204.0307531,2025-12-16T23:20:04.030753+00:00
191,1765927204.0497642,2025-12-16T23:20:04.049770+00:00
192,1765927204.070275,2025-12-16T23:20:04.070276+00:00
193,1765927204.088567,2025-12-16T23:20:04.088568+00:00
194,1765927204.1053782,2025-12-16T23:20:04.105382+00:00
195,1765927204.1221151,2025-12-16T23:20:04.122118+00:00
196,1765927204.142411,2025-12-16T23:20:04.142414+00:00
197,1765927204.160129,2025-12-16T23:20:04.160135+00:00
198,1765927204.177197,2025-12-16T23:20:04.177202+00:00
199,1765927204.1939452,2025-12-16T23:20:04.193950+00:00
200,1765927204.214877,2025-12-16T23:20:04.214882+00:00
201,1765927204.233142,2025-12-16T23:20:04.233145+00:00
202,1765927204.252178,2025-12-16T23:20:04.252179+00:00
203,1765927204.269237,2025-12-16T23:20:04.269239+00:00
204,1765927204.288689,2025-12-16T23:20:04.288691+00:00
205,1765927204.309579,2025-12-16T23:20:04.309582+00:00
206,1765927204.328117,2025-12-16T23:20:04.328121+00:00
207,1765927204.348918,2025-12-16T23:20:04.348921+00:00
208,1765927204.3657951,2025-12-16T23:20:04.365806+00:00
209,1765927204.3866959,2025-12-16T23:20:04.386700+00:00
210,1765927204.4051409,2025-12-16T23:20:04.405144+00:00
211,1765927204.4225678,2025-12-16T23:20:04.422569+00:00
212,1765927204.443438,2025-12-16T23:20:04.443439+00:00
213,1765927204.4643042,2025-12-16T23:20:04.464307+00:00
214,1765927204.4851992,2025-12-16T23:20:04.485204+00:00
215,1765927204.506099,2025-12-16T23:20:04.506104+00:00
216,1765927204.5252879,2025-12-16T23:20:04.525292+00:00
217,1765927204.543861,2025-12-16T23:20:04.543876+00:00
218,1765927204.563751,2025-12-16T23:20:04.563754+00:00
219,1765927204.5846028,2025-12-16T23:20:04.584605+00:00
220,1765927204.605474,2025-12-16T23:20:04.605481+00:00
221,1765927204.622607,2025-12-16T23:20:04.622609+00:00
222,1765927204.64276,2025-12-16T23:20:04.642762+00:00
223,1765927204.6636212,2025-12-16T23:20:04.663622+00:00
224,1765927204.680853,2025-12-16T23:20:04.680854+00:00
225,1765927204.7017229,2025-12-16T23:20:04.701727+00:00
226,1765927204.7227142,2025-12-16T23:20:04.722715+00:00
227,1765927204.7435782,2025-12-16T23:20:04.743581+00:00
228,1765927204.7604532,2025-12-16T23:20:04.760455+00:00
229,1765927204.780868,2025-12-16T23:20:04.780871+00:00
230,1765927204.801755,2025-12-16T23:20:04.801756+00:00
231,1765927204.819823,2025-12-16T23:20:04.819826+00:00
232,1765927204.8391948,2025-12-16T23:20:04.839196+00:00
233,1765927204.86006,2025-12-16T23:20:04.860065+00:00
234,1765927204.8787682,2025-12-16T23:20:04.878770+00:00
235,1765927204.899631,2025-12-16T23:20:04.899632+00:00
236,1765927204.920243,2025-12-16T23:20:04.920245+00:00
237,1765927204.940675,2025-12-16T23:20:04.940679+00:00
238,1765927204.961558,2025-12-16T23:20:04.961563+00:00
239,1765927204.981726,2025-12-16T23:20:04.981730+00:00
240,1765927205.002599,2025-12-16T23:20:05.002601+00:00
241,1765927205.020582,2025-12-16T23:20:05.020584+00:00
242,1765927205.039247,2025-12-16T23:20:05.039271+00:00
243,1765927205.0601752,2025-12-16T23:20:05.060180+00:00
244,1765927205.080648,2025-12-16T23:20:05.080650+00:00
245,1765927205.0987678,2025-12-16T23:20:05.098772+00:00
246,1765927205.1188679,2025-12-16T23:20:05.118871+00:00
247,1765927205.138401,2025-12-16T23:20:05.138402+00:00
248,1765927205.155869,2025-12-16T23:20:05.155891+00:00
249,1765927205.1768,2025-12-16T23:20:05.176803+00:00
250,1765927205.195806,2025-12-16T23:20:05.195809+00:00
251,1765927205.213757,2025-12-16T23:20:05.213761+00:00
252,1765927205.233269,2025-12-16T23:20:05.233272+00:00
253,1765927205.254156,2025-12-16T23:20:05.254158+00:00
254,1765927205.2711911,2025-12-16T23:20:05.271193+00:00
255,1765927205.289332,2025-12-16T23:20:05.289335+00:00
256,1765927205.3102279,2025-12-16T23:20:05.310229+00:00
257,1765927205.331093,2025-12-16T23:20:05.331095+00:00
258,1765927205.348219,2025-12-16T23:20:05.348221+00:00
259,1765927205.369104,2025-12-16T23:20:05.369106+00:00
260,1765927205.389493,2025-12-16T23:20:05.389494+00:00
261,1765927205.408958,2025-12-16T23:20:05.408959+00:00
262,1765927205.426081,2025-12-16T23:20:05.426082+00:00
263,1765927205.446938,2025-12-16T23:20:05.446940+00:00
264,1765927205.467813,2025-12-16T23:20:05.467816+00:00
265,1765927205.48869,2025-12-16T23:20:05.488691+00:00
266,1765927205.507628,2025-12-16T23:20:05.507629+00:00
267,1765927205.52848,2025-12-16T23:20:05.528481+00:00
268,1765927205.546606,2025-12-16T23:20:05.546607+00:00
269,1765927205.5644019,2025-12-16T23:20:05.564404+00:00
270,1765927205.583828,2025-12-16T23:20:05.583831+00:00
271,1765927205.602408,2025-12-16T23:20:05.602413+00:00
272,1765927205.6217978,2025-12-16T23:20:05.621802+00:00
273,1765927205.642705,2025-12-16T23:20:05.642707+00:00
274,1765927205.6636002,2025-12-16T23:20:05.663604+00:00
275,1765927205.680667,2025-12-16T23:20:05.680669+00:00
276,1765927205.701601,2025-12-16T23:20:05.701603+00:00
277,1765927205.7224782,2025-12-16T23:20:05.722480+00:00
278,1765927205.7433379,2025-12-16T23:20:05.743340+00:00
279,1765927205.760281,2025-12-16T23:20:05.760284+00:00
280,1765927205.7808378,2025-12-16T23:20:05.780840+00:00
281,1765927205.7994392,2025-12-16T23:20:05.799443+00:00
282,1765927205.8166,2025-12-16T23:20:05.816602+00:00
283,1765927205.837476,2025-12-16T23:20:05.837477+00:00
284,1765927205.857171,2025-12-16T23:20:05.857173+00:00
285,1765927205.874282,2025-12-16T23:20:05.874286+00:00
286,1765927205.894656,2025-12-16T23:20:05.894662+00:00
287,1765927205.915534,2025-12-16T23:20:05.915537+00:00
288,1765927205.936409,2025-12-16T23:20:05.936413+00:00
289,1765927205.956744,2025-12-16T23:20:05.956748+00:00
290,1765927205.9754791,2025-12-16T23:20:05.975481+00:00
291,1765927205.996345,2025-12-16T23:20:05.996346+00:00
292,1765927206.017205,2025-12-16T23:20:06.017206+00:00
293,1765927206.035058,2025-12-16T23:20:06.035073+00:00
294,1765927206.0552802,2025-12-16T23:20:06.055280+00:00
295,1765927206.072511,2025-12-16T23:20:06.072514+00:00
296,1765927206.093411,2025-12-16T23:20:06.093414+00:00
297,1765927206.114201,2025-12-16T23:20:06.114203+00:00
298,1765927206.135067,2025-12-16T23:20:06.135073+00:00
299,1765927206.156735,2025-12-16T23:20:06.156738+00:00
300,1765927206.1770072,2025-12-16T23:20:06.177016+00:00
301,1765927206.19475,2025-12-16T23:20:06.194754+00:00
302,1765927206.2156422,2025-12-16T23:20:06.215643+00:00
303,1765927206.2352378,2025-12-16T23:20:06.235244+00:00
304,1765927206.256129,2025-12-16T23:20:06.256131+00:00
305,1765927206.2769868,2025-12-16T23:20:06.276988+00:00
306,1765927206.293896,2025-12-16T23:20:06.293898+00:00
307,1765927206.314763,2025-12-16T23:20:06.314764+00:00
308,1765927206.3356202,2025-12-16T23:20:06.335621+00:00
309,1765927206.356502,2025-12-16T23:20:06.356640+00:00
310,1765927206.374194,2025-12-16T23:20:06.374195+00:00
311,1765927206.393207,2025-12-16T23:20:06.393209+00:00
312,1765927206.410229,2025-12-16T23:20:06.410234+00:00
313,1765927206.4279091,2025-12-16T23:20:06.427910+00:00
314,1765927206.44876,2025-12-16T23:20:06.448760+00:00
315,1765927206.466954,2025-12-16T23:20:06.466965+00:00
316,1765927206.487873,2025-12-16T23:20:06.487876+00:00
317,1765927206.508746,2025-12-16T23:20:06.508751+00:00
318,1765927206.5296419,2025-12-16T23:20:06.529649+00:00
319,1765927206.549279,2025-12-16T23:20:06.549289+00:00
320,1765927206.568655,2025-12-16T23:20:06.568658+00:00
321,1765927206.58954,2025-12-16T23:20:06.589545+00:00
322,1765927206.609715,2025-12-16T23:20:06.609718+00:00
323,1765927206.627019,2025-12-16T23:20:06.627030+00:00
324,1765927206.647567,2025-12-16T23:20:06.647569+00:00
325,1765927206.668441,2025-12-16T23:20:06.668444+00:00
326,1765927206.685312,2025-12-16T23:20:06.685314+00:00
327,1765927206.706174,2025-12-16T23:20:06.706177+00:00
328,1765927206.726124,2025-12-16T23:20:06.726129+00:00
329,1765927206.743972,2025-12-16T23:20:06.743978+00:00
330,1765927206.764825,2025-12-16T23:20:06.764826+00:00
331,1765927206.78428,2025-12-16T23:20:06.784285+00:00
332,1765927206.8051689,2025-12-16T23:20:06.805173+00:00
333,1765927206.8254669,2025-12-16T23:20:06.825468+00:00
334,1765927206.844596,2025-12-16T23:20:06.844599+00:00
335,1765927206.861557,2025-12-16T23:20:06.861559+00:00
336,1765927206.880335,2025-12-16T23:20:06.880335+00:00
337,1765927206.89828,2025-12-16T23:20:06.898284+00:00
338,1765927206.9177961,2025-12-16T23:20:06.917799+00:00
339,1765927206.9362009,2025-12-16T23:20:06.936205+00:00
340,1765927206.957103,2025-12-16T23:20:06.957106+00:00
341,1765927206.977213,2025-12-16T23:20:06.977215+00:00
342,1765927206.9940128,2025-12-16T23:20:06.994017+00:00
343,1765927207.010894,2025-12-16T23:20:07.010896+00:00
344,1765927207.029414,2025-12-16T23:20:07.029419+00:00
345,1765927207.048943,2025-12-16T23:20:07.048943+00:00
346,1765927207.0697558,2025-12-16T23:20:07.069757+00:00
347,1765927207.0891032,2025-12-16T23:20:07.089104+00:00
348,1765927207.105834,2025-12-16T23:20:07.105842+00:00
349,1765927207.122964,2025-12-16T23:20:07.122966+00:00
350,1765927207.140144,2025-12-16T23:20:07.140148+00:00
351,1765927207.1601112,2025-12-16T23:20:07.160114+00:00
352,1765927207.180923,2025-12-16T23:20:07.180927+00:00
353,1765927207.198434,2025-12-16T23:20:07.198437+00:00
354,1765927207.21931,2025-12-16T23:20:07.219310+00:00
355,1765927207.239151,2025-12-16T23:20:07.239151+00:00
356,1765927207.259939,2025-12-16T23:20:07.259940+00:00
357,1765927207.279268,2025-12-16T23:20:07.279269+00:00
358,1765927207.3001332,2025-12-16T23:20:07.300137+00:00
359,1765927207.317636,2025-12-16T23:20:07.317637+00:00
360,1765927207.336683,2025-12-16T23:20:07.336684+00:00
361,1765927207.356566,2025-12-16T23:20:07.356568+00:00
362,1765927207.37743,2025-12-16T23:20:07.377435+00:00
363,1765927207.39829,2025-12-16T23:20:07.398292+00:00
364,1765927207.419164,2025-12-16T23:20:07.419165+00:00
365,1765927207.440037,2025-12-16T23:20:07.440042+00:00
366,1765927207.459043,2025-12-16T23:20:07.459048+00:00
367,1765927207.4799402,2025-12-16T23:20:07.479947+00:00
368,1765927207.498654,2025-12-16T23:20:07.498659+00:00
369,1765927207.516992,2025-12-16T23:20:07.516997+00:00
370,1765927207.5377321,2025-12-16T23:20:07.537734+00:00
371,1765927207.558636,2025-12-16T23:20:07.558639+00:00
372,1765927207.579562,2025-12-16T23:20:07.579565+00:00
373,1765927207.5972831,2025-12-16T23:20:07.597286+00:00
374,1765927207.618156,2025-12-16T23:20:07.618160+00:00
375,1765927207.639043,2025-12-16T23:20:07.639048+00:00
376,1765927207.657134,2025-12-16T23:20:07.657136+00:00
377,1765927207.6767309,2025-12-16T23:20:07.676734+00:00
378,1765927207.6970408,2025-12-16T23:20:07.697044+00:00
379,1765927207.713983,2025-12-16T23:20:07.713985+00:00
380,1765927207.7340748,2025-12-16T23:20:07.734077+00:00
381,1765927207.752008,2025-12-16T23:20:07.752009+00:00
382,1765927207.77224,2025-12-16T23:20:07.772241+00:00
383,1765927207.791136,2025-12-16T23:20:07.791140+00:00
384,1765927207.8115258,2025-12-16T23:20:07.811576+00:00
385,1765927207.830803,2025-12-16T23:20:07.830804+00:00
386,1765927207.851667,2025-12-16T23:20:07.851672+00:00
387,1765927207.871521,2025-12-16T23:20:07.871527+00:00
388,1765927207.889143,2025-12-16T23:20:07.889148+00:00
389,1765927207.907705,2025-12-16T23:20:07.907706+00:00
390,1765927207.926711,2025-12-16T23:20:07.926715+00:00
391,1765927207.9475782,2025-12-16T23:20:07.947579+00:00
392,1765927207.9684522,2025-12-16T23:20:07.968457+00:00
393,1765927207.986377,2025-12-16T23:20:07.986380+00:00
394,1765927208.005814,2025-12-16T23:20:08.005816+00:00
395,1765927208.0267038,2025-12-16T23:20:08.026706+00:00
396,1765927208.0449789,2025-12-16T23:20:08.044981+00:00
397,1765927208.06393,2025-12-16T23:20:08.063931+00:00
398,1765927208.084788,2025-12-16T23:20:08.084789+00:00
399,1765927208.103594,2025-12-16T23:20:08.103595+00:00
400,1765927208.1218402,2025-12-16T23:20:08.121848+00:00
401,1765927208.139573,2025-12-16T23:20:08.139577+00:00
402,1765927208.160471,2025-12-16T23:20:08.160476+00:00
403,1765927208.178462,2025-12-16T23:20:08.178463+00:00
404,1765927208.19751,2025-12-16T23:20:08.197514+00:00
405,1765927208.214296,2025-12-16T23:20:08.214297+00:00
406,1765927208.235192,2025-12-16T23:20:08.235196+00:00
407,1765927208.254976,2025-12-16T23:20:08.254978+00:00
408,1765927208.273642,2025-12-16T23:20:08.273646+00:00
409,1765927208.29455,2025-12-16T23:20:08.294555+00:00
410,1765927208.3154502,2025-12-16T23:20:08.315452+00:00
411,1765927208.332281,2025-12-16T23:20:08.332286+00:00
412,1765927208.353148,2025-12-16T23:20:08.353149+00:00
413,1765927208.370908,2025-12-16T23:20:08.370910+00:00
414,1765927208.389206,2025-12-16T23:20:08.389206+00:00
415,1765927208.4085271,2025-12-16T23:20:08.408528+00:00
416,1765927208.425251,2025-12-16T23:20:08.425253+00:00
417,1765927208.44435,2025-12-16T23:20:08.444352+00:00
418,1765927208.461911,2025-12-16T23:20:08.461915+00:00
419,1765927208.481619,2025-12-16T23:20:08.481622+00:00
420,1765927208.5025039,2025-12-16T23:20:08.502506+00:00
421,1765927208.52339,2025-12-16T23:20:08.523392+00:00
422,1765927208.540721,2025-12-16T23:20:08.540726+00:00
423,1765927208.5580149,2025-12-16T23:20:08.558019+00:00
424,1765927208.578913,2025-12-16T23:20:08.578918+00:00
425,1765927208.599811,2025-12-16T23:20:08.599813+00:00
426,1765927208.61852,2025-12-16T23:20:08.618523+00:00
427,1765927208.6372569,2025-12-16T23:20:08.637262+00:00
428,1765927208.656657,2025-12-16T23:20:08.656658+00:00
429,1765927208.67568,2025-12-16T23:20:08.675686+00:00
430,1765927208.696585,2025-12-16T23:20:08.696587+00:00
431,1765927208.7142122,2025-12-16T23:20:08.714213+00:00
432,1765927208.734418,2025-12-16T23:20:08.734420+00:00
433,1765927208.75531,2025-12-16T23:20:08.755316+00:00
434,1765927208.772444,2025-12-16T23:20:08.772446+00:00
435,1765927208.793325,2025-12-16T23:20:08.793326+00:00
436,1765927208.8141282,2025-12-16T23:20:08.814128+00:00
437,1765927208.83499,2025-12-16T23:20:08.834991+00:00
438,1765927208.855664,2025-12-16T23:20:08.855665+00:00
439,1765927208.8733,2025-12-16T23:20:08.873302+00:00
440,1765927208.894163,2025-12-16T23:20:08.894163+00:00
441,1765927208.914144,2025-12-16T23:20:08.914148+00:00
442,1765927208.934206,2025-12-16T23:20:08.934213+00:00
443,1765927208.955104,2025-12-16T23:20:08.955105+00:00
444,1765927208.9759831,2025-12-16T23:20:08.975988+00:00
445,1765927208.995968,2025-12-16T23:20:08.995970+00:00
446,1765927209.015121,2025-12-16T23:20:09.015121+00:00
447,1765927209.0359838,2025-12-16T23:20:09.035990+00:00
448,1765927209.056866,2025-12-16T23:20:09.056868+00:00
449,1765927209.074226,2025-12-16T23:20:09.074227+00:00
450,1765927209.0916622,2025-12-16T23:20:09.091668+00:00
451,1765927209.1114829,2025-12-16T23:20:09.111488+00:00
452,1765927209.130792,2025-12-16T23:20:09.130797+00:00
453,1765927209.15167,2025-12-16T23:20:09.151673+00:00
454,1765927209.172478,2025-12-16T23:20:09.172491+00:00
455,1765927209.193425,2025-12-16T23:20:09.193428+00:00
456,1765927209.213176,2025-12-16T23:20:09.213178+00:00
457,1765927209.232267,2025-12-16T23:20:09.232270+00:00
458,1765927209.253136,2025-12-16T23:20:09.253137+00:00
459,1765927209.272442,2025-12-16T23:20:09.272446+00:00
460,1765927209.293338,2025-12-16T23:20:09.293341+00:00
461,1765927209.31412,2025-12-16T23:20:09.314121+00:00
462,1765927209.334968,2025-12-16T23:20:09.334969+00:00
463,1765927209.355795,2025-12-16T23:20:09.355797+00:00
464,1765927209.3729851,2025-12-16T23:20:09.372986+00:00
465,1765927209.393873,2025-12-16T23:20:09.393874+00:00
466,1765927209.414125,2025-12-16T23:20:09.414163+00:00
467,1765927209.434544,2025-12-16T23:20:09.434546+00:00
468,1765927209.4528131,2025-12-16T23:20:09.452815+00:00
469,1765927209.4729018,2025-12-16T23:20:09.472920+00:00
470,1765927209.4937868,2025-12-16T23:20:09.493790+00:00
471,1765927209.514657,2025-12-16T23:20:09.514658+00:00
472,1765927209.531647,2025-12-16T23:20:09.531649+00:00
473,1765927209.552521,2025-12-16T23:20:09.552523+00:00
474,1765927209.569333,2025-12-16T23:20:09.569335+00:00
475,1765927209.589311,2025-12-16T23:20:09.589312+00:00
476,1765927209.6101608,2025-12-16T23:20:09.610165+00:00
477,1765927209.6308422,2025-12-16T23:20:09.630845+00:00
478,1765927209.651721,2025-12-16T23:20:09.651722+00:00
479,1765927209.672448,2025-12-16T23:20:09.672451+00:00
480,1765927209.693326,2025-12-16T23:20:09.693329+00:00
481,1765927209.714122,2025-12-16T23:20:09.714127+00:00
482,1765927209.7327518,2025-12-16T23:20:09.732755+00:00
483,1765927209.750326,2025-12-16T23:20:09.750330+00:00
484,1765927209.771204,2025-12-16T23:20:09.771209+00:00
485,1765927209.792108,2025-12-16T23:20:09.792111+00:00
486,1765927209.812425,2025-12-16T23:20:09.812426+00:00
487,1765927209.831155,2025-12-16T23:20:09.831157+00:00
488,1765927209.8505979,2025-12-16T23:20:09.850598+00:00
489,1765927209.868413,2025-12-16T23:20:09.868413+00:00
490,1765927209.88912,2025-12-16T23:20:09.889122+00:00
491,1765927209.9100218,2025-12-16T23:20:09.910026+00:00
492,1765927209.9271228,2025-12-16T23:20:09.927125+00:00
493,1765927209.947456,2025-12-16T23:20:09.947462+00:00
494,1765927209.964195,2025-12-16T23:20:09.964196+00:00
495,1765927209.985062,2025-12-16T23:20:09.985066+00:00
496,1765927210.003045,2025-12-16T23:20:10.003045+00:00
497,1765927210.0239072,2025-12-16T23:20:10.023911+00:00
498,1765927210.043565,2025-12-16T23:20:10.043568+00:00
499,1765927210.0644338,2025-12-16T23:20:10.064435+00:00
500,1765927210.0812612,2025-12-16T23:20:10.081262+00:00
501,1765927210.098089,2025-12-16T23:20:10.098107+00:00
502,1765927210.1189911,2025-12-16T23:20:10.119000+00:00
503,1765927210.138266,2025-12-16T23:20:10.138269+00:00
504,1765927210.1558552,2025-12-16T23:20:10.155857+00:00
505,1765927210.176723,2025-12-16T23:20:10.176724+00:00
506,1765927210.194125,2025-12-16T23:20:10.194128+00:00
507,1765927210.214595,2025-12-16T23:20:10.214596+00:00
508,1765927210.2353458,2025-12-16T23:20:10.235348+00:00
509,1765927210.255841,2025-12-16T23:20:10.255846+00:00
510,1765927210.274446,2025-12-16T23:20:10.274458+00:00
511,1765927210.295348,2025-12-16T23:20:10.295353+00:00
512,1765927210.3138108,2025-12-16T23:20:10.313819+00:00
513,1765927210.3347242,2025-12-16T23:20:10.334729+00:00
514,1765927210.355629,2025-12-16T23:20:10.355634+00:00
515,1765927210.374221,2025-12-16T23:20:10.374229+00:00
516,1765927210.393482,2025-12-16T23:20:10.393486+00:00
517,1765927210.411527,2025-12-16T23:20:10.411530+00:00
518,1765927210.430082,2025-12-16T23:20:10.430085+00:00
519,1765927210.450988,2025-12-16T23:20:10.450990+00:00
520,1765927210.473042,2025-12-16T23:20:10.473046+00:00
521,1765927210.490622,2025-12-16T23:20:10.490628+00:00
522,1765927210.5100532,2025-12-16T23:20:10.510059+00:00
523,1765927210.531021,2025-12-16T23:20:10.531041+00:00
524,1765927210.551957,2025-12-16T23:20:10.551962+00:00
525,1765927210.5698152,2025-12-16T23:20:10.569821+00:00
526,1765927210.590705,2025-12-16T23:20:10.590707+00:00
527,1765927210.610661,2025-12-16T23:20:10.610662+00:00
528,1765927210.627737,2025-12-16T23:20:10.627752+00:00
529,1765927210.647433,2025-12-16T23:20:10.647440+00:00
530,1765927210.668316,2025-12-16T23:20:10.668321+00:00
531,1765927210.68924,2025-12-16T23:20:10.689243+00:00
532,1765927210.7101078,2025-12-16T23:20:10.710109+00:00
533,1765927210.730793,2025-12-16T23:20:10.730794+00:00
534,1765927210.7481248,2025-12-16T23:20:10.748127+00:00
535,1765927210.768204,2025-12-16T23:20:10.768206+00:00
536,1765927210.788023,2025-12-16T23:20:10.788027+00:00
537,1765927210.807425,2025-12-16T23:20:10.807435+00:00
538,1765927210.8285818,2025-12-16T23:20:10.828588+00:00
539,1765927210.849376,2025-12-16T23:20:10.849380+00:00
540,1765927210.866879,2025-12-16T23:20:10.866884+00:00
541,1765927210.886694,2025-12-16T23:20:10.886699+00:00
542,1765927210.907671,2025-12-16T23:20:10.907674+00:00
543,1765927210.925211,2025-12-16T23:20:10.925222+00:00
544,1765927210.9425259,2025-12-16T23:20:10.942528+00:00
545,1765927210.9621608,2025-12-16T23:20:10.962164+00:00
546,1765927210.982244,2025-12-16T23:20:10.982247+00:00
547,1765927211.002346,2025-12-16T23:20:11.002354+00:00
548,1765927211.022429,2025-12-16T23:20:11.022434+00:00
549,1765927211.039277,2025-12-16T23:20:11.039280+00:00
550,1765927211.056913,2025-12-16T23:20:11.056917+00:00
551,1765927211.077836,2025-12-16T23:20:11.077841+00:00
552,1765927211.097475,2025-12-16T23:20:11.097482+00:00
553,1765927211.1156611,2025-12-16T23:20:11.115664+00:00
554,1765927211.135726,2025-12-16T23:20:11.135730+00:00
555,1765927211.155207,2025-12-16T23:20:11.155219+00:00
556,1765927211.17609,2025-12-16T23:20:11.176093+00:00
557,1765927211.195095,2025-12-16T23:20:11.195097+00:00
558,1765927211.21347,2025-12-16T23:20:11.213475+00:00
559,1765927211.234418,2025-12-16T23:20:11.234421+00:00
560,1765927211.2543402,2025-12-16T23:20:11.254341+00:00
561,1765927211.2725499,2025-12-16T23:20:11.272552+00:00
562,1765927211.2934232,2025-12-16T23:20:11.293427+00:00
563,1765927211.3142242,2025-12-16T23:20:11.314228+00:00
564,1765927211.335119,2025-12-16T23:20:11.335122+00:00
565,1765927211.355774,2025-12-16T23:20:11.355776+00:00
566,1765927211.376645,2025-12-16T23:20:11.376649+00:00
567,1765927211.394067,2025-12-16T23:20:11.394070+00:00
568,1765927211.411597,2025-12-16T23:20:11.411600+00:00
569,1765927211.4290051,2025-12-16T23:20:11.429006+00:00
570,1765927211.448689,2025-12-16T23:20:11.448691+00:00
571,1765927211.469565,2025-12-16T23:20:11.469568+00:00
572,1765927211.490186,2025-12-16T23:20:11.490192+00:00
573,1765927211.507218,2025-12-16T23:20:11.507221+00:00
574,1765927211.526779,2025-12-16T23:20:11.526783+00:00
575,1765927211.54765,2025-12-16T23:20:11.547652+00:00
576,1765927211.568317,2025-12-16T23:20:11.568696+00:00
577,1765927211.591297,2025-12-16T23:20:11.591301+00:00
578,1765927211.6121862,2025-12-16T23:20:11.612191+00:00
579,1765927211.6330938,2025-12-16T23:20:11.633099+00:00
580,1765927211.653989,2025-12-16T23:20:11.653993+00:00
581,1765927211.671798,2025-12-16T23:20:11.671804+00:00
582,1765927211.691542,2025-12-16T23:20:11.691547+00:00
583,1765927211.71246,2025-12-16T23:20:11.712467+00:00
584,1765927211.730152,2025-12-16T23:20:11.730155+00:00
585,1765927211.749978,2025-12-16T23:20:11.749982+00:00
586,1765927211.7690802,2025-12-16T23:20:11.769083+00:00
587,1765927211.7885242,2025-12-16T23:20:11.788527+00:00
588,1765927211.8089862,2025-12-16T23:20:11.808990+00:00
589,1765927211.8298721,2025-12-16T23:20:11.829876+00:00
590,1765927211.84864,2025-12-16T23:20:11.848641+00:00
591,1765927211.8695,2025-12-16T23:20:11.869502+00:00
592,1765927211.888265,2025-12-16T23:20:11.888267+00:00
593,1765927211.909135,2025-12-16T23:20:11.909140+00:00
594,1765927211.927692,2025-12-16T23:20:11.927693+00:00
595,1765927211.947608,2025-12-16T23:20:11.947610+00:00
596,1765927211.968481,2025-12-16T23:20:11.968486+00:00
597,1765927211.989376,2025-12-16T23:20:11.989378+00:00
598,1765927212.010247,2025-12-16T23:20:12.010250+00:00
599,1765927212.030572,2025-12-16T23:20:12.030582+00:00
600,1765927212.0510771,2025-12-16T23:20:12.051079+00:00
601,1765927212.0719612,2025-12-16T23:20:12.071966+00:00
602,1765927212.088681,2025-12-16T23:20:12.088682+00:00
603,1765927212.108626,2025-12-16T23:20:12.108628+00:00
604,1765927212.1268532,2025-12-16T23:20:12.126856+00:00
605,1765927212.1450062,2025-12-16T23:20:12.145011+00:00
606,1765927212.16396,2025-12-16T23:20:12.163962+00:00
607,1765927212.180755,2025-12-16T23:20:12.180767+00:00
608,1765927212.198247,2025-12-16T23:20:12.198275+00:00
609,1765927212.219157,2025-12-16T23:20:12.219159+00:00
610,1765927212.2400231,2025-12-16T23:20:12.240025+00:00
611,1765927212.258281,2025-12-16T23:20:12.258283+00:00
612,1765927212.278213,2025-12-16T23:20:12.278217+00:00
613,1765927212.296797,2025-12-16T23:20:12.296799+00:00
614,1765927212.317673,2025-12-16T23:20:12.317678+00:00
615,1765927212.3372228,2025-12-16T23:20:12.337226+00:00
616,1765927212.355733,2025-12-16T23:20:12.355733+00:00
617,1765927212.376471,2025-12-16T23:20:12.376473+00:00
618,1765927212.393211,2025-12-16T23:20:12.393212+00:00
619,1765927212.41405,2025-12-16T23:20:12.414053+00:00
620,1765927212.433347,2025-12-16T23:20:12.433348+00:00
621,1765927212.454349,2025-12-16T23:20:12.454351+00:00
622,1765927212.472556,2025-12-16T23:20:12.472560+00:00
623,1765927212.4913988,2025-12-16T23:20:12.491411+00:00
624,1765927212.512293,2025-12-16T23:20:12.512298+00:00
625,1765927212.53266,2025-12-16T23:20:12.532665+00:00
626,1765927212.5535638,2025-12-16T23:20:12.553565+00:00
627,1765927212.5732749,2025-12-16T23:20:12.573277+00:00
628,1765927212.593722,2025-12-16T23:20:12.593725+00:00
629,1765927212.61411,2025-12-16T23:20:12.614112+00:00
630,1765927212.633999,2025-12-16T23:20:12.634005+00:00
631,1765927212.654208,2025-12-16T23:20:12.654211+00:00
632,1765927212.6724281,2025-12-16T23:20:12.672435+00:00
633,1765927212.689933,2025-12-16T23:20:12.689936+00:00
634,1765927212.707232,2025-12-16T23:20:12.707235+00:00
635,1765927212.728023,2025-12-16T23:20:12.728024+00:00
636,1765927212.747492,2025-12-16T23:20:12.747492+00:00
637,1765927212.765887,2025-12-16T23:20:12.765888+00:00
638,1765927212.784648,2025-12-16T23:20:12.784656+00:00
639,1765927212.8055239,2025-12-16T23:20:12.805527+00:00
640,1765927212.825614,2025-12-16T23:20:12.825616+00:00
641,1765927212.844353,2025-12-16T23:20:12.844355+00:00
642,1765927212.865242,2025-12-16T23:20:12.865247+00:00
643,1765927212.883446,2025-12-16T23:20:12.883449+00:00
644,1765927212.9026508,2025-12-16T23:20:12.902652+00:00
645,1765927212.922695,2025-12-16T23:20:12.922696+00:00
646,1765927212.941153,2025-12-16T23:20:12.941156+00:00
647,1765927212.962049,2025-12-16T23:20:12.962053+00:00
648,1765927212.982136,2025-12-16T23:20:12.982137+00:00
649,1765927213.00299,2025-12-16T23:20:13.002993+00:00
650,1765927213.020064,2025-12-16T23:20:13.020069+00:00
651,1765927213.038078,2025-12-16T23:20:13.038083+00:00
652,1765927213.057267,2025-12-16T23:20:13.057270+00:00
653,1765927213.074253,2025-12-16T23:20:13.074267+00:00
654,1765927213.0951529,2025-12-16T23:20:13.095155+00:00
655,1765927213.114424,2025-12-16T23:20:13.114425+00:00
656,1765927213.135306,2025-12-16T23:20:13.135325+00:00
657,1765927213.155842,2025-12-16T23:20:13.155845+00:00
658,1765927213.176715,2025-12-16T23:20:13.176717+00:00
659,1765927213.197025,2025-12-16T23:20:13.197033+00:00
660,1765927213.214138,2025-12-16T23:20:13.214139+00:00
661,1765927213.235002,2025-12-16T23:20:13.235007+00:00
662,1765927213.2559,2025-12-16T23:20:13.255901+00:00
663,1765927213.276756,2025-12-16T23:20:13.276759+00:00
664,1765927213.297432,2025-12-16T23:20:13.297436+00:00
665,1765927213.315037,2025-12-16T23:20:13.315040+00:00
666,1765927213.3359098,2025-12-16T23:20:13.335913+00:00
667,1765927213.35679,2025-12-16T23:20:13.356793+00:00
668,1765927213.3776782,2025-12-16T23:20:13.377683+00:00
669,1765927213.395327,2025-12-16T23:20:13.395328+00:00
670,1765927213.4140391,2025-12-16T23:20:13.414042+00:00
671,1765927213.434926,2025-12-16T23:20:13.434929+00:00
672,1765927213.455814,2025-12-16T23:20:13.455818+00:00
673,1765927213.476749,2025-12-16T23:20:13.476788+00:00
674,1765927213.494635,2025-12-16T23:20:13.494646+00:00
675,1765927213.5163531,2025-12-16T23:20:13.516358+00:00
676,1765927213.53733,2025-12-16T23:20:13.537335+00:00
677,1765927213.558094,2025-12-16T23:20:13.558109+00:00
678,1765927213.578481,2025-12-16T23:20:13.578485+00:00
679,1765927213.599363,2025-12-16T23:20:13.599365+00:00
680,1765927213.619808,2025-12-16T23:20:13.619814+00:00
681,1765927213.638898,2025-12-16T23:20:13.638911+00:00
682,1765927213.658992,2025-12-16T23:20:13.659001+00:00
683,1765927213.679911,2025-12-16T23:20:13.679914+00:00
684,1765927213.6982741,2025-12-16T23:20:13.698290+00:00
685,1765927213.716716,2025-12-16T23:20:13.716718+00:00
686,1765927213.7371242,2025-12-16T23:20:13.737125+00:00
687,1765927213.7567391,2025-12-16T23:20:13.756742+00:00
688,1765927213.7771919,2025-12-16T23:20:13.777195+00:00
689,1765927213.7980669,2025-12-16T23:20:13.798068+00:00
690,1765927213.815009,2025-12-16T23:20:13.815014+00:00
691,1765927213.8358982,2025-12-16T23:20:13.835902+00:00
692,1765927213.856801,2025-12-16T23:20:13.856804+00:00
693,1765927213.8776782,2025-12-16T23:20:13.877679+00:00
694,1765927213.897395,2025-12-16T23:20:13.897397+00:00
695,1765927213.9171479,2025-12-16T23:20:13.917149+00:00
696,1765927213.938019,2025-12-16T23:20:13.938024+00:00
697,1765927213.95699,2025-12-16T23:20:13.956992+00:00
698,1765927213.977428,2025-12-16T23:20:13.977429+00:00
699,1765927213.996481,2025-12-16T23:20:13.996482+00:00
700,1765927214.013525,2025-12-16T23:20:14.013526+00:00
701,1765927214.0322099,2025-12-16T23:20:14.032211+00:00
702,1765927214.05306,2025-12-16T23:20:14.053061+00:00
703,1765927214.0717719,2025-12-16T23:20:14.071774+00:00
704,1765927214.0890398,2025-12-16T23:20:14.089041+00:00
705,1765927214.10593,2025-12-16T23:20:14.105931+00:00
706,1765927214.124862,2025-12-16T23:20:14.124865+00:00
707,1765927214.14275,2025-12-16T23:20:14.142753+00:00
708,1765927214.160241,2025-12-16T23:20:14.160245+00:00
709,1765927214.180744,2025-12-16T23:20:14.180747+00:00
710,1765927214.201621,2025-12-16T23:20:14.201624+00:00
711,1765927214.222501,2025-12-16T23:20:14.222502+00:00
712,1765927214.243382,2025-12-16T23:20:14.243386+00:00
713,1765927214.264273,2025-12-16T23:20:14.264276+00:00
714,1765927214.2849548,2025-12-16T23:20:14.284959+00:00
715,1765927214.305839,2025-12-16T23:20:14.305842+00:00
716,1765927214.3230069,2025-12-16T23:20:14.323010+00:00
717,1765927214.341869,2025-12-16T23:20:14.341871+00:00
718,1765927214.360748,2025-12-16T23:20:14.360750+00:00
719,1765927214.380738,2025-12-16T23:20:14.380742+00:00
720,1765927214.39905,2025-12-16T23:20:14.399051+00:00
721,1765927214.4199302,2025-12-16T23:20:14.419935+00:00
722,1765927214.4389498,2025-12-16T23:20:14.438952+00:00
723,1765927214.4558778,2025-12-16T23:20:14.455879+00:00
724,1765927214.476297,2025-12-16T23:20:14.476300+00:00
725,1765927214.497171,2025-12-16T23:20:14.497177+00:00
726,1765927214.517024,2025-12-16T23:20:14.517027+00:00
727,1765927214.534632,2025-12-16T23:20:14.534636+00:00
728,1765927214.555518,2025-12-16T23:20:14.555521+00:00
729,1765927214.572735,2025-12-16T23:20:14.572738+00:00
730,1765927214.593209,2025-12-16T23:20:14.593211+00:00
731,1765927214.615036,2025-12-16T23:20:14.615036+00:00
732,1765927214.635892,2025-12-16T23:20:14.635903+00:00
733,1765927214.656805,2025-12-16T23:20:14.656811+00:00
734,1765927214.6777012,2025-12-16T23:20:14.677702+00:00
735,1765927214.6973782,2025-12-16T23:20:14.697380+00:00
736,1765927214.718246,2025-12-16T23:20:14.718248+00:00
737,1765927214.73913,2025-12-16T23:20:14.739131+00:00
738,1765927214.759983,2025-12-16T23:20:14.759984+00:00
739,1765927214.780718,2025-12-16T23:20:14.780721+00:00
740,1765927214.800906,2025-12-16T23:20:14.800911+00:00
741,1765927214.8192372,2025-12-16T23:20:14.819264+00:00
742,1765927214.839674,2025-12-16T23:20:14.839676+00:00
743,1765927214.86038,2025-12-16T23:20:14.860381+00:00
744,1765927214.8785532,2025-12-16T23:20:14.878556+00:00
745,1765927214.897718,2025-12-16T23:20:14.897721+00:00
746,1765927214.917917,2025-12-16T23:20:14.917923+00:00
747,1765927214.9388108,2025-12-16T23:20:14.938813+00:00
748,1765927214.9569762,2025-12-16T23:20:14.956980+00:00
749,1765927214.97787,2025-12-16T23:20:14.977878+00:00
750,1765927214.997418,2025-12-16T23:20:14.997420+00:00
751,1765927215.017718,2025-12-16T23:20:15.017723+00:00
752,1765927215.037438,2025-12-16T23:20:15.037442+00:00
753,1765927215.058317,2025-12-16T23:20:15.058320+00:00
754,1765927215.078227,2025-12-16T23:20:15.078235+00:00
755,1765927215.097384,2025-12-16T23:20:15.097401+00:00
756,1765927215.1153789,2025-12-16T23:20:15.115381+00:00
757,1765927215.1337311,2025-12-16T23:20:15.133734+00:00
758,1765927215.150604,2025-12-16T23:20:15.150610+00:00
759,1765927215.16783,2025-12-16T23:20:15.167835+00:00
760,1765927215.1887639,2025-12-16T23:20:15.188771+00:00
761,1765927215.209116,2025-12-16T23:20:15.209119+00:00
762,1765927215.226945,2025-12-16T23:20:15.226948+00:00
763,1765927215.245313,2025-12-16T23:20:15.245316+00:00
764,1765927215.264082,2025-12-16T23:20:15.264092+00:00
765,1765927215.284954,2025-12-16T23:20:15.284955+00:00
766,1765927215.3058372,2025-12-16T23:20:15.305845+00:00
767,1765927215.3267572,2025-12-16T23:20:15.326760+00:00
768,1765927215.346986,2025-12-16T23:20:15.346993+00:00
769,1765927215.367893,2025-12-16T23:20:15.367895+00:00
770,1765927215.388763,2025-12-16T23:20:15.388764+00:00
771,1765927215.405785,2025-12-16T23:20:15.405787+00:00
772,1765927215.42666,2025-12-16T23:20:15.426661+00:00
773,1765927215.44752,2025-12-16T23:20:15.447524+00:00
774,1765927215.4646132,2025-12-16T23:20:15.464621+00:00
775,1765927215.483019,2025-12-16T23:20:15.483023+00:00
776,1765927215.500857,2025-12-16T23:20:15.500858+00:00
777,1765927215.521663,2025-12-16T23:20:15.521664+00:00
778,1765927215.5396821,2025-12-16T23:20:15.539685+00:00
779,1765927215.559676,2025-12-16T23:20:15.559678+00:00
780,1765927215.580544,2025-12-16T23:20:15.580548+00:00
781,1765927215.598345,2025-12-16T23:20:15.598349+00:00
782,1765927215.61781,2025-12-16T23:20:15.617814+00:00
783,1765927215.638693,2025-12-16T23:20:15.638694+00:00
784,1765927215.6556532,2025-12-16T23:20:15.655656+00:00
785,1765927215.672367,2025-12-16T23:20:15.672368+00:00
786,1765927215.68911,2025-12-16T23:20:15.689113+00:00
787,1765927215.7087,2025-12-16T23:20:15.708703+00:00
788,1765927215.7295969,2025-12-16T23:20:15.729600+00:00
789,1765927215.747257,2025-12-16T23:20:15.747259+00:00
790,1765927215.768127,2025-12-16T23:20:15.768130+00:00
791,1765927215.788917,2025-12-16T23:20:15.788921+00:00
792,1765927215.80982,2025-12-16T23:20:15.809825+00:00
793,1765927215.830716,2025-12-16T23:20:15.830728+00:00
794,1765927215.8502321,2025-12-16T23:20:15.850233+00:00
795,1765927215.871098,2025-12-16T23:20:15.871099+00:00
796,1765927215.8919559,2025-12-16T23:20:15.891969+00:00
797,1765927215.91291,2025-12-16T23:20:15.912914+00:00
798,1765927215.930984,2025-12-16T23:20:15.930990+00:00
799,1765927215.950243,2025-12-16T23:20:15.950248+00:00
800,1765927215.9705012,2025-12-16T23:20:15.970504+00:00
801,1765927215.988609,2025-12-16T23:20:15.988613+00:00
802,1765927216.0057118,2025-12-16T23:20:16.005715+00:00
803,1765927216.024085,2025-12-16T23:20:16.024086+00:00
804,1765927216.044526,2025-12-16T23:20:16.044528+00:00
805,1765927216.06396,2025-12-16T23:20:16.063965+00:00
806,1765927216.084846,2025-12-16T23:20:16.084846+00:00
807,1765927216.1057038,2025-12-16T23:20:16.105707+00:00
808,1765927216.12449,2025-12-16T23:20:16.124494+00:00
809,1765927216.1415849,2025-12-16T23:20:16.141590+00:00
810,1765927216.160318,2025-12-16T23:20:16.160325+00:00
811,1765927216.180678,2025-12-16T23:20:16.180679+00:00
812,1765927216.20156,2025-12-16T23:20:16.201563+00:00
813,1765927216.222493,2025-12-16T23:20:16.222506+00:00
814,1765927216.2399192,2025-12-16T23:20:16.239923+00:00
815,1765927216.260797,2025-12-16T23:20:16.260801+00:00
816,1765927216.278199,2025-12-16T23:20:16.278201+00:00
817,1765927216.297374,2025-12-16T23:20:16.297381+00:00
818,1765927216.318285,2025-12-16T23:20:16.318290+00:00
819,1765927216.337207,2025-12-16T23:20:16.337209+00:00
820,1765927216.355684,2025-12-16T23:20:16.355685+00:00
821,1765927216.376537,2025-12-16T23:20:16.376538+00:00
822,1765927216.3940601,2025-12-16T23:20:16.394062+00:00
823,1765927216.414088,2025-12-16T23:20:16.414091+00:00
824,1765927216.4349592,2025-12-16T23:20:16.434962+00:00
825,1765927216.452069,2025-12-16T23:20:16.452073+00:00
826,1765927216.472885,2025-12-16T23:20:16.472890+00:00
827,1765927216.492623,2025-12-16T23:20:16.492628+00:00
828,1765927216.5135071,2025-12-16T23:20:16.513512+00:00
829,1765927216.534087,2025-12-16T23:20:16.534093+00:00
830,1765927216.554995,2025-12-16T23:20:16.554999+00:00
831,1765927216.5719209,2025-12-16T23:20:16.571936+00:00
832,1765927216.592454,2025-12-16T23:20:16.592457+00:00
833,1765927216.60928,2025-12-16T23:20:16.609292+00:00
834,1765927216.6302001,2025-12-16T23:20:16.630204+00:00
835,1765927216.649513,2025-12-16T23:20:16.649518+00:00
836,1765927216.669815,2025-12-16T23:20:16.669818+00:00
837,1765927216.6905441,2025-12-16T23:20:16.690556+00:00
838,1765927216.711468,2025-12-16T23:20:16.711469+00:00
839,1765927216.7307048,2025-12-16T23:20:16.730706+00:00
840,1765927216.749829,2025-12-16T23:20:16.749874+00:00
841,1765927216.770724,2025-12-16T23:20:16.770725+00:00
842,1765927216.7890198,2025-12-16T23:20:16.789024+00:00
843,1765927216.809912,2025-12-16T23:20:16.809915+00:00
844,1765927216.830791,2025-12-16T23:20:16.830794+00:00
845,1765927216.849471,2025-12-16T23:20:16.849473+00:00
846,1765927216.870351,2025-12-16T23:20:16.870356+00:00
847,1765927216.888751,2025-12-16T23:20:16.888755+00:00
848,1765927216.90916,2025-12-16T23:20:16.909163+00:00
849,1765927216.930036,2025-12-16T23:20:16.930037+00:00
850,1765927216.946861,2025-12-16T23:20:16.946864+00:00
851,1765927216.967745,2025-12-16T23:20:16.967745+00:00
852,1765927216.988606,2025-12-16T23:20:16.988608+00:00
853,1765927217.005661,2025-12-16T23:20:17.005662+00:00
854,1765927217.025113,2025-12-16T23:20:17.025119+00:00
855,1765927217.04604,2025-12-16T23:20:17.046046+00:00
856,1765927217.06407,2025-12-16T23:20:17.064083+00:00
857,1765927217.084942,2025-12-16T23:20:17.084945+00:00
858,1765927217.105682,2025-12-16T23:20:17.105686+00:00
859,1765927217.123429,2025-12-16T23:20:17.123431+00:00
860,1765927217.140946,2025-12-16T23:20:17.140947+00:00
861,1765927217.160074,2025-12-16T23:20:17.160078+00:00
862,1765927217.180686,2025-12-16T23:20:17.180709+00:00
863,1765927217.2016141,2025-12-16T23:20:17.201617+00:00
864,1765927217.222492,2025-12-16T23:20:17.222493+00:00
865,1765927217.2433548,2025-12-16T23:20:17.243356+00:00
866,1765927217.264004,2025-12-16T23:20:17.264005+00:00
867,1765927217.284888,2025-12-16T23:20:17.284889+00:00
868,1765927217.3057148,2025-12-16T23:20:17.305719+00:00
869,1765927217.325166,2025-12-16T23:20:17.325168+00:00
870,1765927217.346003,2025-12-16T23:20:17.346008+00:00
871,1765927217.3628008,2025-12-16T23:20:17.362802+00:00
872,1765927217.380728,2025-12-16T23:20:17.380729+00:00
873,1765927217.400542,2025-12-16T23:20:17.400542+00:00
874,1765927217.420675,2025-12-16T23:20:17.420690+00:00
875,1765927217.441607,2025-12-16T23:20:17.441612+00:00
876,1765927217.461218,2025-12-16T23:20:17.461223+00:00
877,1765927217.482076,2025-12-16T23:20:17.482079+00:00
878,1765927217.500881,2025-12-16T23:20:17.500887+00:00
879,1765927217.519597,2025-12-16T23:20:17.519603+00:00
880,1765927217.540283,2025-12-16T23:20:17.540287+00:00
881,1765927217.558388,2025-12-16T23:20:17.558391+00:00
882,1765927217.575118,2025-12-16T23:20:17.575121+00:00
883,1765927217.591887,2025-12-16T23:20:17.591894+00:00
884,1765927217.612136,2025-12-16T23:20:17.612140+00:00
885,1765927217.629868,2025-12-16T23:20:17.629872+00:00
886,1765927217.648591,2025-12-16T23:20:17.648593+00:00
887,1765927217.669525,2025-12-16T23:20:17.669529+00:00
888,1765927217.688223,2025-12-16T23:20:17.688226+00:00
889,1765927217.707975,2025-12-16T23:20:17.707979+00:00
890,1765927217.727423,2025-12-16T23:20:17.727427+00:00
891,1765927217.7461162,2025-12-16T23:20:17.746123+00:00
892,1765927217.765363,2025-12-16T23:20:17.765367+00:00
893,1765927217.783597,2025-12-16T23:20:17.783605+00:00
894,1765927217.8038568,2025-12-16T23:20:17.803860+00:00
895,1765927217.8247628,2025-12-16T23:20:17.824765+00:00
896,1765927217.8416939,2025-12-16T23:20:17.841699+00:00
897,1765927217.860818,2025-12-16T23:20:17.860822+00:00
898,1765927217.880658,2025-12-16T23:20:17.880671+00:00
899,1765927217.9015648,2025-12-16T23:20:17.901577+00:00
900,1765927217.922446,2025-12-16T23:20:17.922449+00:00
901,1765927217.943331,2025-12-16T23:20:17.943336+00:00
902,1765927217.964276,2025-12-16T23:20:17.964284+00:00
903,1765927217.981081,2025-12-16T23:20:17.981086+00:00
904,1765927218.002603,2025-12-16T23:20:18.002911+00:00
905,1765927218.02084,2025-12-16T23:20:18.020845+00:00
906,1765927218.051028,2025-12-16T23:20:18.051033+00:00
907,1765927218.072984,2025-12-16T23:20:18.072989+00:00
908,1765927218.093486,2025-12-16T23:20:18.093491+00:00
909,1765927218.113003,2025-12-16T23:20:18.113011+00:00
910,1765927218.131273,2025-12-16T23:20:18.131278+00:00
911,1765927218.149004,2025-12-16T23:20:18.149009+00:00
912,1765927218.16678,2025-12-16T23:20:18.166787+00:00
913,1765927218.187686,2025-12-16T23:20:18.187692+00:00
914,1765927218.208599,2025-12-16T23:20:18.208602+00:00
915,1765927218.229503,2025-12-16T23:20:18.229508+00:00
916,1765927218.249768,2025-12-16T23:20:18.249769+00:00
917,1765927218.26789,2025-12-16T23:20:18.267893+00:00
918,1765927218.288783,2025-12-16T23:20:18.288786+00:00
919,1765927218.3096719,2025-12-16T23:20:18.309675+00:00
920,1765927218.327299,2025-12-16T23:20:18.327311+00:00
921,1765927218.3482502,2025-12-16T23:20:18.348253+00:00
922,1765927218.3691351,2025-12-16T23:20:18.369140+00:00
923,1765927218.3864698,2025-12-16T23:20:18.386473+00:00
924,1765927218.4042199,2025-12-16T23:20:18.404224+00:00
925,1765927218.425092,2025-12-16T23:20:18.425094+00:00
926,1765927218.4439669,2025-12-16T23:20:18.443967+00:00
927,1765927218.460802,2025-12-16T23:20:18.460805+00:00
928,1765927218.480172,2025-12-16T23:20:18.480182+00:00
929,1765927218.49859,2025-12-16T23:20:18.498596+00:00
930,1765927218.5195022,2025-12-16T23:20:18.519507+00:00
931,1765927218.538944,2025-12-16T23:20:18.538947+00:00
932,1765927218.557685,2025-12-16T23:20:18.557689+00:00
933,1765927218.57858,2025-12-16T23:20:18.578583+00:00
934,1765927218.597318,2025-12-16T23:20:18.597318+00:00
935,1765927218.6167839,2025-12-16T23:20:18.616785+00:00
936,1765927218.637643,2025-12-16T23:20:18.637644+00:00
937,1765927218.656839,2025-12-16T23:20:18.656840+00:00
938,1765927218.677535,2025-12-16T23:20:18.677541+00:00
939,1765927218.697333,2025-12-16T23:20:18.697365+00:00
940,1765927218.718242,2025-12-16T23:20:18.718245+00:00
941,1765927218.7391229,2025-12-16T23:20:18.739125+00:00
942,1765927218.75999,2025-12-16T23:20:18.759991+00:00
943,1765927218.7806442,2025-12-16T23:20:18.780644+00:00
944,1765927218.798691,2025-12-16T23:20:18.798695+00:00
945,1765927218.8195488,2025-12-16T23:20:18.819550+00:00
946,1765927218.8363788,2025-12-16T23:20:18.836380+00:00
947,1765927218.857237,2025-12-16T23:20:18.857238+00:00
948,1765927218.878101,2025-12-16T23:20:18.878102+00:00
949,1765927218.898965,2025-12-16T23:20:18.898970+00:00
950,1765927218.918751,2025-12-16T23:20:18.918753+00:00
951,1765927218.9387882,2025-12-16T23:20:18.938791+00:00
952,1765927218.956005,2025-12-16T23:20:18.956006+00:00
953,1765927218.976865,2025-12-16T23:20:18.976867+00:00
954,1765927218.995148,2025-12-16T23:20:18.995153+00:00
955,1765927219.015054,2025-12-16T23:20:19.015055+00:00
956,1765927219.035306,2025-12-16T23:20:19.035307+00:00
957,1765927219.0556512,2025-12-16T23:20:19.055653+00:00
958,1765927219.0765262,2025-12-16T23:20:19.076527+00:00
959,1765927219.0938501,2025-12-16T23:20:19.093851+00:00
960,1765927219.1138508,2025-12-16T23:20:19.113852+00:00
961,1765927219.131648,2025-12-16T23:20:19.131649+00:00
962,1765927219.1508,2025-12-16T23:20:19.150802+00:00
963,1765927219.171662,2025-12-16T23:20:19.171668+00:00
964,1765927219.189099,2025-12-16T23:20:19.189109+00:00
965,1765927219.210019,2025-12-16T23:20:19.210023+00:00
966,1765927219.230656,2025-12-16T23:20:19.230660+00:00
967,1765927219.251551,2025-12-16T23:20:19.251555+00:00
968,1765927219.2719538,2025-12-16T23:20:19.271957+00:00
969,1765927219.288975,2025-12-16T23:20:19.288976+00:00
970,1765927219.305726,2025-12-16T23:20:19.305727+00:00
971,1765927219.3266098,2025-12-16T23:20:19.326612+00:00
972,1765927219.347501,2025-12-16T23:20:19.347505+00:00
973,1765927219.3683991,2025-12-16T23:20:19.368405+00:00
974,1765927219.3888261,2025-12-16T23:20:19.388830+00:00
975,1765927219.4097202,2025-12-16T23:20:19.409725+00:00
976,1765927219.430617,2025-12-16T23:20:19.430620+00:00
977,1765927219.450866,2025-12-16T23:20:19.450867+00:00
978,1765927219.470593,2025-12-16T23:20:19.470620+00:00
979,1765927219.489221,2025-12-16T23:20:19.489227+00:00
980,1765927219.50771,2025-12-16T23:20:19.507714+00:00
981,1765927219.528596,2025-12-16T23:20:19.528601+00:00
982,1765927219.54948,2025-12-16T23:20:19.549484+00:00
983,1765927219.570366,2025-12-16T23:20:19.570367+00:00
984,1765927219.5891159,2025-12-16T23:20:19.589139+00:00
985,1765927219.6100101,2025-12-16T23:20:19.610011+00:00
986,1765927219.630878,2025-12-16T23:20:19.630881+00:00
987,1765927219.6519349,2025-12-16T23:20:19.651943+00:00
988,1765927219.670371,2025-12-16T23:20:19.670372+00:00
989,1765927219.689031,2025-12-16T23:20:19.689035+00:00
990,1765927219.7099452,2025-12-16T23:20:19.709948+00:00
991,1765927219.730819,2025-12-16T23:20:19.730820+00:00
992,1765927219.750298,2025-12-16T23:20:19.750301+00:00
993,1765927219.7711732,2025-12-16T23:20:19.771175+00:00
994,1765927219.78911,2025-12-16T23:20:19.789112+00:00
995,1765927219.809983,2025-12-16T23:20:19.809985+00:00
996,1765927219.8306298,2025-12-16T23:20:19.830631+00:00
997,1765927219.851488,2025-12-16T23:20:19.851490+00:00
998,1765927219.869473,2025-12-16T23:20:19.869473+00:00
999,1765927219.8903282,2025-12-16T23:20:19.890331+00:00
1000,1765927219.908462,2025-12-16T23:20:19.908465+00:00
1001,1765927219.927495,2025-12-16T23:20:19.927498+00:00
1002,1765927219.947056,2025-12-16T23:20:19.947060+00:00
1003,1765927219.9658098,2025-12-16T23:20:19.965812+00:00
1004,1765927219.98669,2025-12-16T23:20:19.986693+00:00
1005,1765927220.0061362,2025-12-16T23:20:20.006136+00:00
1006,1765927220.026994,2025-12-16T23:20:20.026995+00:00
1007,1765927220.047434,2025-12-16T23:20:20.047435+00:00
1008,1765927220.065842,2025-12-16T23:20:20.065842+00:00
1009,1765927220.086688,2025-12-16T23:20:20.086689+00:00
1010,1765927220.107553,2025-12-16T23:20:20.107558+00:00
1011,1765927220.128117,2025-12-16T23:20:20.128121+00:00
1012,1765927220.146076,2025-12-16T23:20:20.146076+00:00
1013,1765927220.1641119,2025-12-16T23:20:20.164139+00:00
1014,1765927220.185042,2025-12-16T23:20:20.185045+00:00
1015,1765927220.205695,2025-12-16T23:20:20.205700+00:00
1016,1765927220.225808,2025-12-16T23:20:20.225813+00:00
1017,1765927220.246699,2025-12-16T23:20:20.246702+00:00
1018,1765927220.26399,2025-12-16T23:20:20.263991+00:00
1019,1765927220.284852,2025-12-16T23:20:20.284856+00:00
1020,1765927220.305759,2025-12-16T23:20:20.305760+00:00
1021,1765927220.326612,2025-12-16T23:20:20.326614+00:00
1022,1765927220.344948,2025-12-16T23:20:20.344951+00:00
1023,1765927220.3640199,2025-12-16T23:20:20.364021+00:00
1024,1765927220.3849359,2025-12-16T23:20:20.384936+00:00
1025,1765927220.405779,2025-12-16T23:20:20.405779+00:00
1026,1765927220.4267058,2025-12-16T23:20:20.426706+00:00
1027,1765927220.445974,2025-12-16T23:20:20.445976+00:00
1028,1765927220.462702,2025-12-16T23:20:20.462706+00:00
1029,1765927220.4835908,2025-12-16T23:20:20.483593+00:00
1030,1765927220.504468,2025-12-16T23:20:20.504473+00:00
1031,1765927220.523458,2025-12-16T23:20:20.523461+00:00
1032,1765927220.5443578,2025-12-16T23:20:20.544361+00:00
1033,1765927220.563964,2025-12-16T23:20:20.563973+00:00
1034,1765927220.58454,2025-12-16T23:20:20.584546+00:00
1035,1765927220.605458,2025-12-16T23:20:20.605462+00:00
1036,1765927220.626081,2025-12-16T23:20:20.626082+00:00
1037,1765927220.643144,2025-12-16T23:20:20.643146+00:00
1038,1765927220.66402,2025-12-16T23:20:20.664021+00:00
1039,1765927220.684878,2025-12-16T23:20:20.684881+00:00
1040,1765927220.7035918,2025-12-16T23:20:20.703595+00:00
1041,1765927220.722332,2025-12-16T23:20:20.722335+00:00
1042,1765927220.742708,2025-12-16T23:20:20.742710+00:00
1043,1765927220.763566,2025-12-16T23:20:20.763568+00:00
1044,1765927220.784436,2025-12-16T23:20:20.784438+00:00
1045,1765927220.805311,2025-12-16T23:20:20.805313+00:00
1046,1765927220.822498,2025-12-16T23:20:20.822499+00:00
1047,1765927220.8433669,2025-12-16T23:20:20.843369+00:00
1048,1765927220.863955,2025-12-16T23:20:20.863957+00:00
1049,1765927220.8848379,2025-12-16T23:20:20.884843+00:00
1050,1765927220.905717,2025-12-16T23:20:20.905721+00:00
1051,1765927220.926657,2025-12-16T23:20:20.926658+00:00
1052,1765927220.947316,2025-12-16T23:20:20.947322+00:00
1053,1765927220.9673998,2025-12-16T23:20:20.967404+00:00
1054,1765927220.985898,2025-12-16T23:20:20.985901+00:00
1055,1765927221.0032299,2025-12-16T23:20:21.003231+00:00
1056,1765927221.023937,2025-12-16T23:20:21.023939+00:00
1057,1765927221.0424378,2025-12-16T23:20:21.042444+00:00
1058,1765927221.062281,2025-12-16T23:20:21.062292+00:00
1059,1765927221.083179,2025-12-16T23:20:21.083181+00:00
1060,1765927221.103342,2025-12-16T23:20:21.103346+00:00
1061,1765927221.122466,2025-12-16T23:20:21.122469+00:00
1062,1765927221.143357,2025-12-16T23:20:21.143359+00:00
1063,1765927221.161752,2025-12-16T23:20:21.161756+00:00
1064,1765927221.182653,2025-12-16T23:20:21.182659+00:00
1065,1765927221.2009149,2025-12-16T23:20:21.200923+00:00
1066,1765927221.2218292,2025-12-16T23:20:21.221833+00:00
1067,1765927221.2427368,2025-12-16T23:20:21.242739+00:00
1068,1765927221.2600582,2025-12-16T23:20:21.260060+00:00
1069,1765927221.2806761,2025-12-16T23:20:21.280680+00:00
1070,1765927221.297437,2025-12-16T23:20:21.297440+00:00
1071,1765927221.31832,2025-12-16T23:20:21.318322+00:00
1072,1765927221.3362718,2025-12-16T23:20:21.336275+00:00
1073,1765927221.353706,2025-12-16T23:20:21.353708+00:00
1074,1765927221.37397,2025-12-16T23:20:21.373972+00:00
1075,1765927221.394859,2025-12-16T23:20:21.394863+00:00
1076,1765927221.411817,2025-12-16T23:20:21.411818+00:00
1077,1765927221.432678,2025-12-16T23:20:21.432679+00:00
1078,1765927221.4534981,2025-12-16T23:20:21.453504+00:00
1079,1765927221.4727821,2025-12-16T23:20:21.472786+00:00
1080,1765927221.490498,2025-12-16T23:20:21.490510+00:00
1081,1765927221.508333,2025-12-16T23:20:21.508337+00:00
1082,1765927221.529207,2025-12-16T23:20:21.529210+00:00
1083,1765927221.5464058,2025-12-16T23:20:21.546408+00:00
1084,1765927221.565634,2025-12-16T23:20:21.565636+00:00
1085,1765927221.586526,2025-12-16T23:20:21.586531+00:00
1086,1765927221.6074429,2025-12-16T23:20:21.607449+00:00
1087,1765927221.628351,2025-12-16T23:20:21.628353+00:00
1088,1765927221.647275,2025-12-16T23:20:21.647278+00:00
1089,1765927221.6681888,2025-12-16T23:20:21.668196+00:00
1090,1765927221.69066,2025-12-16T23:20:21.690738+00:00
1091,1765927221.711807,2025-12-16T23:20:21.711813+00:00
1092,1765927221.732691,2025-12-16T23:20:21.732695+00:00
1093,1765927221.753231,2025-12-16T23:20:21.753234+00:00
1094,1765927221.7710779,2025-12-16T23:20:21.771081+00:00
1095,1765927221.788943,2025-12-16T23:20:21.788945+00:00
1096,1765927221.809809,2025-12-16T23:20:21.809810+00:00
1097,1765927221.829952,2025-12-16T23:20:21.829976+00:00
1098,1765927221.85083,2025-12-16T23:20:21.850833+00:00
1099,1765927221.871702,2025-12-16T23:20:21.871705+00:00
1100,1765927221.889032,2025-12-16T23:20:21.889033+00:00
1101,1765927221.909902,2025-12-16T23:20:21.909904+00:00
1102,1765927221.928493,2025-12-16T23:20:21.928494+00:00
1103,1765927221.9468591,2025-12-16T23:20:21.946860+00:00
1104,1765927221.963937,2025-12-16T23:20:21.963938+00:00
1105,1765927221.984512,2025-12-16T23:20:21.984516+00:00
1106,1765927222.005378,2025-12-16T23:20:22.005379+00:00
1107,1765927222.026247,2025-12-16T23:20:22.026249+00:00
1108,1765927222.045456,2025-12-16T23:20:22.045458+00:00
1109,1765927222.0663412,2025-12-16T23:20:22.066343+00:00
1110,1765927222.087206,2025-12-16T23:20:22.087208+00:00
1111,1765927222.1046348,2025-12-16T23:20:22.104638+00:00
1112,1765927222.1254988,2025-12-16T23:20:22.125504+00:00
1113,1765927222.146395,2025-12-16T23:20:22.146396+00:00
1114,1765927222.163863,2025-12-16T23:20:22.163868+00:00
1115,1765927222.183499,2025-12-16T23:20:22.183499+00:00
1116,1765927222.204366,2025-12-16T23:20:22.204368+00:00
1117,1765927222.224558,2025-12-16T23:20:22.224563+00:00
1118,1765927222.241642,2025-12-16T23:20:22.241647+00:00
1119,1765927222.262548,2025-12-16T23:20:22.262550+00:00
1120,1765927222.2806358,2025-12-16T23:20:22.280638+00:00
1121,1765927222.301503,2025-12-16T23:20:22.301505+00:00
1122,1765927222.3191931,2025-12-16T23:20:22.319197+00:00
1123,1765927222.336979,2025-12-16T23:20:22.336980+00:00
1124,1765927222.358449,2025-12-16T23:20:22.358454+00:00
1125,1765927222.379342,2025-12-16T23:20:22.379348+00:00
1126,1765927222.400355,2025-12-16T23:20:22.400357+00:00
1127,1765927222.4192672,2025-12-16T23:20:22.419269+00:00
1128,1765927222.43812,2025-12-16T23:20:22.438129+00:00
1129,1765927222.455657,2025-12-16T23:20:22.455658+00:00
1130,1765927222.476518,2025-12-16T23:20:22.476524+00:00
1131,1765927222.495853,2025-12-16T23:20:22.495860+00:00
1132,1765927222.513938,2025-12-16T23:20:22.513944+00:00
1133,1765927222.534137,2025-12-16T23:20:22.534145+00:00
1134,1765927222.555056,2025-12-16T23:20:22.555059+00:00
1135,1765927222.571986,2025-12-16T23:20:22.572014+00:00
1136,1765927222.5928829,2025-12-16T23:20:22.592885+00:00
1137,1765927222.610399,2025-12-16T23:20:22.610402+00:00
1138,1765927222.62992,2025-12-16T23:20:22.629921+00:00
1139,1765927222.648797,2025-12-16T23:20:22.648799+00:00
1140,1765927222.665735,2025-12-16T23:20:22.665739+00:00
1141,1765927222.6847758,2025-12-16T23:20:22.684782+00:00
1142,1765927222.705408,2025-12-16T23:20:22.705411+00:00
1143,1765927222.7233222,2025-12-16T23:20:22.723331+00:00
1144,1765927222.74311,2025-12-16T23:20:22.743112+00:00
1145,1765927222.763927,2025-12-16T23:20:22.763932+00:00
1146,1765927222.7819788,2025-12-16T23:20:22.781991+00:00
1147,1765927222.807053,2025-12-16T23:20:22.807057+00:00
1148,1765927222.824146,2025-12-16T23:20:22.824152+00:00
1149,1765927222.8421,2025-12-16T23:20:22.842104+00:00
1150,1765927222.864097,2025-12-16T23:20:22.864101+00:00
1151,1765927222.885472,2025-12-16T23:20:22.885476+00:00
1152,1765927222.9063702,2025-12-16T23:20:22.906375+00:00
1153,1765927222.926362,2025-12-16T23:20:22.926366+00:00
1154,1765927222.947273,2025-12-16T23:20:22.947274+00:00
1155,1765927222.9661582,2025-12-16T23:20:22.966160+00:00
1156,1765927222.984203,2025-12-16T23:20:22.984206+00:00
1157,1765927223.003962,2025-12-16T23:20:23.003971+00:00
1158,1765927223.0222678,2025-12-16T23:20:23.022270+00:00
1159,1765927223.042146,2025-12-16T23:20:23.042149+00:00
1160,1765927223.063027,2025-12-16T23:20:23.063032+00:00
1161,1765927223.083893,2025-12-16T23:20:23.083894+00:00
1162,1765927223.102894,2025-12-16T23:20:23.102895+00:00
1163,1765927223.122008,2025-12-16T23:20:23.122009+00:00
1164,1765927223.142866,2025-12-16T23:20:23.142868+00:00
1165,1765927223.16197,2025-12-16T23:20:23.161972+00:00
1166,1765927223.182842,2025-12-16T23:20:23.182847+00:00
1167,1765927223.2037911,2025-12-16T23:20:23.203797+00:00
1168,1765927223.225021,2025-12-16T23:20:23.225023+00:00
1169,1765927223.245892,2025-12-16T23:20:23.245897+00:00
1170,1765927223.266787,2025-12-16T23:20:23.266791+00:00
1171,1765927223.285138,2025-12-16T23:20:23.285139+00:00
1172,1765927223.3047109,2025-12-16T23:20:23.304712+00:00
1173,1765927223.322355,2025-12-16T23:20:23.322359+00:00
1174,1765927223.342098,2025-12-16T23:20:23.342099+00:00
1175,1765927223.3629498,2025-12-16T23:20:23.362952+00:00
1176,1765927223.3823948,2025-12-16T23:20:23.382399+00:00
1177,1765927223.400922,2025-12-16T23:20:23.400924+00:00
1178,1765927223.421779,2025-12-16T23:20:23.421780+00:00
1179,1765927223.442199,2025-12-16T23:20:23.442205+00:00
1180,1765927223.463146,2025-12-16T23:20:23.463150+00:00
1181,1765927223.4808059,2025-12-16T23:20:23.480809+00:00
1182,1765927223.499419,2025-12-16T23:20:23.499422+00:00
1183,1765927223.5204449,2025-12-16T23:20:23.520448+00:00
1184,1765927223.541334,2025-12-16T23:20:23.541336+00:00
1185,1765927223.5622091,2025-12-16T23:20:23.562213+00:00
1186,1765927223.5801558,2025-12-16T23:20:23.580165+00:00
1187,1765927223.597253,2025-12-16T23:20:23.597257+00:00
1188,1765927223.614677,2025-12-16T23:20:23.614679+00:00
1189,1765927223.635276,2025-12-16T23:20:23.635278+00:00
1190,1765927223.654376,2025-12-16T23:20:23.654379+00:00
1191,1765927223.6752598,2025-12-16T23:20:23.675263+00:00
1192,1765927223.6936278,2025-12-16T23:20:23.693632+00:00
1193,1765927223.713067,2025-12-16T23:20:23.713071+00:00
1194,1765927223.733953,2025-12-16T23:20:23.733960+00:00
1195,1765927223.752747,2025-12-16T23:20:23.752750+00:00
1196,1765927223.7721431,2025-12-16T23:20:23.772144+00:00
1197,1765927223.788925,2025-12-16T23:20:23.788936+00:00
1198,1765927223.809798,2025-12-16T23:20:23.809801+00:00
1199,1765927223.830667,2025-12-16T23:20:23.830668+00:00
1200,1765927223.847359,2025-12-16T23:20:23.847362+00:00
1201,1765927223.8680582,2025-12-16T23:20:23.868061+00:00
1202,1765927223.8889751,2025-12-16T23:20:23.888978+00:00
1203,1765927223.908777,2025-12-16T23:20:23.908779+00:00
1204,1765927223.929642,2025-12-16T23:20:23.929646+00:00
1205,1765927223.947579,2025-12-16T23:20:23.947583+00:00
1206,1765927223.968454,2025-12-16T23:20:23.968458+00:00
1207,1765927223.986947,2025-12-16T23:20:23.986949+00:00
1208,1765927224.0056021,2025-12-16T23:20:24.005603+00:00
1209,1765927224.0224059,2025-12-16T23:20:24.022411+00:00
1210,1765927224.0401752,2025-12-16T23:20:24.040176+00:00
1211,1765927224.061044,2025-12-16T23:20:24.061048+00:00
1212,1765927224.0819259,2025-12-16T23:20:24.081929+00:00
1213,1765927224.101349,2025-12-16T23:20:24.101355+00:00
1214,1765927224.121127,2025-12-16T23:20:24.121129+00:00
1215,1765927224.1420002,2025-12-16T23:20:24.142003+00:00
1216,1765927224.162475,2025-12-16T23:20:24.162478+00:00
1217,1765927224.180193,2025-12-16T23:20:24.180201+00:00
1218,1765927224.201167,2025-12-16T23:20:24.201170+00:00
1219,1765927224.222083,2025-12-16T23:20:24.222089+00:00
1220,1765927224.238917,2025-12-16T23:20:24.238919+00:00
1221,1765927224.255656,2025-12-16T23:20:24.255658+00:00
1222,1765927224.276547,2025-12-16T23:20:24.276551+00:00
1223,1765927224.29724,2025-12-16T23:20:24.297245+00:00
1224,1765927224.3181598,2025-12-16T23:20:24.318165+00:00
1225,1765927224.336952,2025-12-16T23:20:24.336956+00:00
1226,1765927224.354065,2025-12-16T23:20:24.354067+00:00
1227,1765927224.3749619,2025-12-16T23:20:24.374964+00:00
1228,1765927224.3941162,2025-12-16T23:20:24.394119+00:00
1229,1765927224.414054,2025-12-16T23:20:24.414059+00:00
1230,1765927224.434979,2025-12-16T23:20:24.434983+00:00
1231,1765927224.454805,2025-12-16T23:20:24.454807+00:00
1232,1765927224.4759738,2025-12-16T23:20:24.475977+00:00
1233,1765927224.4968529,2025-12-16T23:20:24.496855+00:00
1234,1765927224.5148642,2025-12-16T23:20:24.514869+00:00
1235,1765927224.535554,2025-12-16T23:20:24.535557+00:00
1236,1765927224.555639,2025-12-16T23:20:24.555641+00:00
1237,1765927224.57651,2025-12-16T23:20:24.576514+00:00
1238,1765927224.597226,2025-12-16T23:20:24.597227+00:00
1239,1765927224.6149702,2025-12-16T23:20:24.614972+00:00
1240,1765927224.6329532,2025-12-16T23:20:24.632955+00:00
1241,1765927224.650872,2025-12-16T23:20:24.650874+00:00
1242,1765927224.6692212,2025-12-16T23:20:24.669226+00:00
1243,1765927224.690111,2025-12-16T23:20:24.690114+00:00
1244,1765927224.710911,2025-12-16T23:20:24.710925+00:00
1245,1765927224.7306108,2025-12-16T23:20:24.730621+00:00
1246,1765927224.7515352,2025-12-16T23:20:24.751539+00:00
1247,1765927224.772417,2025-12-16T23:20:24.772419+00:00
1248,1765927224.7933068,2025-12-16T23:20:24.793308+00:00
1249,1765927224.813168,2025-12-16T23:20:24.813171+00:00
1250,1765927224.830691,2025-12-16T23:20:24.830692+00:00
1251,1765927224.849733,2025-12-16T23:20:24.849738+00:00
1252,1765927224.8706508,2025-12-16T23:20:24.870654+00:00
1253,1765927224.891489,2025-12-16T23:20:24.891491+00:00
1254,1765927224.9086468,2025-12-16T23:20:24.908651+00:00
1255,1765927224.929544,2025-12-16T23:20:24.929548+00:00
1256,1765927224.947551,2025-12-16T23:20:24.947555+00:00
1257,1765927224.967934,2025-12-16T23:20:24.967940+00:00
1258,1765927224.98851,2025-12-16T23:20:24.988517+00:00
1259,1765927225.005632,2025-12-16T23:20:25.005641+00:00
1260,1765927225.022377,2025-12-16T23:20:25.022380+00:00
1261,1765927225.04147,2025-12-16T23:20:25.041473+00:00
1262,1765927225.062358,2025-12-16T23:20:25.062359+00:00
1263,1765927225.080111,2025-12-16T23:20:25.080111+00:00
1264,1765927225.1005518,2025-12-16T23:20:25.100554+00:00
1265,1765927225.1191208,2025-12-16T23:20:25.119127+00:00
1266,1765927225.1397262,2025-12-16T23:20:25.139728+00:00
1267,1765927225.1580758,2025-12-16T23:20:25.158077+00:00
1268,1765927225.175125,2025-12-16T23:20:25.175130+00:00
1269,1765927225.1937091,2025-12-16T23:20:25.193711+00:00
1270,1765927225.213907,2025-12-16T23:20:25.213908+00:00
1271,1765927225.234719,2025-12-16T23:20:25.234726+00:00
1272,1765927225.255573,2025-12-16T23:20:25.255575+00:00
1273,1765927225.276285,2025-12-16T23:20:25.276286+00:00
1274,1765927225.2932951,2025-12-16T23:20:25.293297+00:00
1275,1765927225.313726,2025-12-16T23:20:25.313727+00:00
1276,1765927225.334593,2025-12-16T23:20:25.334596+00:00
1277,1765927225.352073,2025-12-16T23:20:25.352074+00:00
1278,1765927225.372045,2025-12-16T23:20:25.372061+00:00
1279,1765927225.391381,2025-12-16T23:20:25.391386+00:00
1280,1765927225.40856,2025-12-16T23:20:25.408563+00:00
1281,1765927225.4294322,2025-12-16T23:20:25.429434+00:00
1282,1765927225.450315,2025-12-16T23:20:25.450315+00:00
1283,1765927225.468819,2025-12-16T23:20:25.468824+00:00
1284,1765927225.489729,2025-12-16T23:20:25.489737+00:00
1285,1765927225.510635,2025-12-16T23:20:25.510637+00:00
1286,1765927225.53056,2025-12-16T23:20:25.530565+00:00
1287,1765927225.5514581,2025-12-16T23:20:25.551459+00:00
1288,1765927225.5723221,2025-12-16T23:20:25.572325+00:00
1289,1765927225.5929532,2025-12-16T23:20:25.592954+00:00
1290,1765927225.613816,2025-12-16T23:20:25.613818+00:00
1291,1765927225.6346948,2025-12-16T23:20:25.634697+00:00
1292,1765927225.651547,2025-12-16T23:20:25.651550+00:00
1293,1765927225.6698182,2025-12-16T23:20:25.669823+00:00
1294,1765927225.6907232,2025-12-16T23:20:25.690726+00:00
1295,1765927225.708221,2025-12-16T23:20:25.708224+00:00
1296,1765927225.7271569,2025-12-16T23:20:25.727160+00:00
1297,1765927225.747988,2025-12-16T23:20:25.747990+00:00
1298,1765927225.7688498,2025-12-16T23:20:25.768853+00:00
1299,1765927225.787429,2025-12-16T23:20:25.787434+00:00
1300,1765927225.805624,2025-12-16T23:20:25.805627+00:00
1301,1765927225.8265119,2025-12-16T23:20:25.826520+00:00
1302,1765927225.846621,2025-12-16T23:20:25.846623+00:00
1303,1765927225.8638132,2025-12-16T23:20:25.863814+00:00
1304,1765927225.8827362,2025-12-16T23:20:25.882737+00:00
1305,1765927225.903593,2025-12-16T23:20:25.903597+00:00
1306,1765927225.924235,2025-12-16T23:20:25.924238+00:00
1307,1765927225.941174,2025-12-16T23:20:25.941186+00:00
1308,1765927225.961619,2025-12-16T23:20:25.961621+00:00
1309,1765927225.980643,2025-12-16T23:20:25.980648+00:00
1310,1765927226.000688,2025-12-16T23:20:26.000693+00:00
1311,1765927226.017916,2025-12-16T23:20:26.017920+00:00
1312,1765927226.0388072,2025-12-16T23:20:26.038810+00:00
1313,1765927226.0567958,2025-12-16T23:20:26.056798+00:00
1314,1765927226.077461,2025-12-16T23:20:26.077466+00:00
1315,1765927226.0942972,2025-12-16T23:20:26.094299+00:00
1316,1765927226.11395,2025-12-16T23:20:26.113955+00:00
1317,1765927226.13469,2025-12-16T23:20:26.134695+00:00
1318,1765927226.155657,2025-12-16T23:20:26.155668+00:00
1319,1765927226.176576,2025-12-16T23:20:26.176580+00:00
1320,1765927226.1974862,2025-12-16T23:20:26.197510+00:00
1321,1765927226.217846,2025-12-16T23:20:26.217848+00:00
1322,1765927226.236265,2025-12-16T23:20:26.236269+00:00
1323,1765927226.2571409,2025-12-16T23:20:26.257143+00:00
1324,1765927226.2780318,2025-12-16T23:20:26.278037+00:00
1325,1765927226.297827,2025-12-16T23:20:26.297829+00:00
1326,1765927226.318702,2025-12-16T23:20:26.318704+00:00
1327,1765927226.339017,2025-12-16T23:20:26.339020+00:00
1328,1765927226.358902,2025-12-16T23:20:26.358905+00:00
1329,1765927226.375903,2025-12-16T23:20:26.375908+00:00
1330,1765927226.39627,2025-12-16T23:20:26.396275+00:00
1331,1765927226.4131231,2025-12-16T23:20:26.413125+00:00
1332,1765927226.4338958,2025-12-16T23:20:26.433898+00:00
1333,1765927226.452178,2025-12-16T23:20:26.452179+00:00
1334,1765927226.4721248,2025-12-16T23:20:26.472137+00:00
1335,1765927226.488863,2025-12-16T23:20:26.488865+00:00
1336,1765927226.505607,2025-12-16T23:20:26.505609+00:00
1337,1765927226.526478,2025-12-16T23:20:26.526481+00:00
1338,1765927226.546135,2025-12-16T23:20:26.546137+00:00
1339,1765927226.563862,2025-12-16T23:20:26.563863+00:00
1340,1765927226.583808,2025-12-16T23:20:26.583810+00:00
1341,1765927226.603869,2025-12-16T23:20:26.603874+00:00
1342,1765927226.622209,2025-12-16T23:20:26.622216+00:00
1343,1765927226.6426508,2025-12-16T23:20:26.642669+00:00
1344,1765927226.6621509,2025-12-16T23:20:26.662156+00:00
1345,1765927226.6802619,2025-12-16T23:20:26.680263+00:00
1346,1765927226.7011259,2025-12-16T23:20:26.701131+00:00
1347,1765927226.7204852,2025-12-16T23:20:26.720490+00:00
1348,1765927226.73892,2025-12-16T23:20:26.738925+00:00
1349,1765927226.756968,2025-12-16T23:20:26.756970+00:00
1350,1765927226.7754838,2025-12-16T23:20:26.775492+00:00
1351,1765927226.794558,2025-12-16T23:20:26.794561+00:00
1352,1765927226.812515,2025-12-16T23:20:26.812518+00:00
1353,1765927226.8305469,2025-12-16T23:20:26.830548+00:00
1354,1765927226.8510349,2025-12-16T23:20:26.851038+00:00
1355,1765927226.870121,2025-12-16T23:20:26.870122+00:00
1356,1765927226.889954,2025-12-16T23:20:26.889957+00:00
1357,1765927226.907379,2025-12-16T23:20:26.907381+00:00
1358,1765927226.9250612,2025-12-16T23:20:26.925066+00:00
1359,1765927226.945972,2025-12-16T23:20:26.945974+00:00
1360,1765927226.963903,2025-12-16T23:20:26.963909+00:00
1361,1765927226.984133,2025-12-16T23:20:26.984136+00:00
1362,1765927227.0050151,2025-12-16T23:20:27.005017+00:00
1363,1765927227.02226,2025-12-16T23:20:27.022264+00:00
1364,1765927227.041526,2025-12-16T23:20:27.041527+00:00
1365,1765927227.062113,2025-12-16T23:20:27.062114+00:00
1366,1765927227.079211,2025-12-16T23:20:27.079212+00:00
1367,1765927227.0972228,2025-12-16T23:20:27.097224+00:00
1368,1765927227.1180842,2025-12-16T23:20:27.118088+00:00
1369,1765927227.136435,2025-12-16T23:20:27.136436+00:00
1370,1765927227.1542,2025-12-16T23:20:27.154203+00:00
1371,1765927227.172183,2025-12-16T23:20:27.172184+00:00
1372,1765927227.189648,2025-12-16T23:20:27.189650+00:00
1373,1765927227.2084339,2025-12-16T23:20:27.208435+00:00
1374,1765927227.228223,2025-12-16T23:20:27.228229+00:00
1375,1765927227.249126,2025-12-16T23:20:27.249131+00:00
1376,1765927227.270095,2025-12-16T23:20:27.270099+00:00
1377,1765927227.290986,2025-12-16T23:20:27.290988+00:00
1378,1765927227.311871,2025-12-16T23:20:27.311874+00:00
1379,1765927227.330672,2025-12-16T23:20:27.330674+00:00
1380,1765927227.3514082,2025-12-16T23:20:27.351413+00:00
1381,1765927227.36977,2025-12-16T23:20:27.369773+00:00
1382,1765927227.3897889,2025-12-16T23:20:27.389793+00:00
1383,1765927227.4079092,2025-12-16T23:20:27.407915+00:00
1384,1765927227.4288158,2025-12-16T23:20:27.428818+00:00
1385,1765927227.447259,2025-12-16T23:20:27.447260+00:00
1386,1765927227.465944,2025-12-16T23:20:27.465949+00:00
1387,1765927227.4833632,2025-12-16T23:20:27.483366+00:00
1388,1765927227.501439,2025-12-16T23:20:27.501451+00:00
1389,1765927227.52178,2025-12-16T23:20:27.521788+00:00
1390,1765927227.541926,2025-12-16T23:20:27.541930+00:00
1391,1765927227.561768,2025-12-16T23:20:27.561770+00:00
1392,1765927227.58263,2025-12-16T23:20:27.582631+00:00
1393,1765927227.601974,2025-12-16T23:20:27.601978+00:00
1394,1765927227.6217139,2025-12-16T23:20:27.621717+00:00
1395,1765927227.641143,2025-12-16T23:20:27.641201+00:00
1396,1765927227.659411,2025-12-16T23:20:27.659429+00:00
1397,1765927227.678922,2025-12-16T23:20:27.678925+00:00
1398,1765927227.698695,2025-12-16T23:20:27.698698+00:00
1399,1765927227.7195678,2025-12-16T23:20:27.719569+00:00
1400,1765927227.738865,2025-12-16T23:20:27.738870+00:00
1401,1765927227.758056,2025-12-16T23:20:27.758061+00:00
1402,1765927227.7752252,2025-12-16T23:20:27.775230+00:00
1403,1765927227.796082,2025-12-16T23:20:27.796084+00:00
1404,1765927227.813867,2025-12-16T23:20:27.813869+00:00
1405,1765927227.831095,2025-12-16T23:20:27.831096+00:00
1406,1765927227.8519528,2025-12-16T23:20:27.851954+00:00
1407,1765927227.871546,2025-12-16T23:20:27.871548+00:00
1408,1765927227.8897998,2025-12-16T23:20:27.889802+00:00
1409,1765927227.909622,2025-12-16T23:20:27.909625+00:00
1410,1765927227.930512,2025-12-16T23:20:27.930513+00:00
1411,1765927227.948245,2025-12-16T23:20:27.948248+00:00
1412,1765927227.968748,2025-12-16T23:20:27.968751+00:00
1413,1765927227.9865012,2025-12-16T23:20:27.986505+00:00
1414,1765927228.003364,2025-12-16T23:20:28.003372+00:00
1415,1765927228.022177,2025-12-16T23:20:28.022178+00:00
1416,1765927228.043039,2025-12-16T23:20:28.043042+00:00
1417,1765927228.059947,2025-12-16T23:20:28.059952+00:00
1418,1765927228.079471,2025-12-16T23:20:28.079474+00:00
1419,1765927228.100363,2025-12-16T23:20:28.100367+00:00
1420,1765927228.11945,2025-12-16T23:20:28.119452+00:00
1421,1765927228.138391,2025-12-16T23:20:28.138393+00:00
1422,1765927228.15806,2025-12-16T23:20:28.158062+00:00
1423,1765927228.174988,2025-12-16T23:20:28.174993+00:00
1424,1765927228.195909,2025-12-16T23:20:28.195911+00:00
1425,1765927228.2167838,2025-12-16T23:20:28.216787+00:00
1426,1765927228.237654,2025-12-16T23:20:28.237657+00:00
1427,1765927228.254393,2025-12-16T23:20:28.254399+00:00
1428,1765927228.274226,2025-12-16T23:20:28.274228+00:00
1429,1765927228.295083,2025-12-16T23:20:28.295084+00:00
1430,1765927228.3159559,2025-12-16T23:20:28.315961+00:00
1431,1765927228.3368042,2025-12-16T23:20:28.336809+00:00
1432,1765927228.353626,2025-12-16T23:20:28.353630+00:00
1433,1765927228.37408,2025-12-16T23:20:28.374081+00:00
1434,1765927228.391412,2025-12-16T23:20:28.391413+00:00
1435,1765927228.409392,2025-12-16T23:20:28.409393+00:00
1436,1765927228.43026,2025-12-16T23:20:28.430264+00:00
1437,1765927228.450047,2025-12-16T23:20:28.450049+00:00
1438,1765927228.470672,2025-12-16T23:20:28.470685+00:00
1439,1765927228.4889631,2025-12-16T23:20:28.488969+00:00
1440,1765927228.509897,2025-12-16T23:20:28.509898+00:00
1441,1765927228.530751,2025-12-16T23:20:28.530751+00:00
1442,1765927228.5516129,2025-12-16T23:20:28.551616+00:00
1443,1765927228.5725179,2025-12-16T23:20:28.572522+00:00
1444,1765927228.59343,2025-12-16T23:20:28.593433+00:00
1445,1765927228.6143,2025-12-16T23:20:28.614304+00:00
1446,1765927228.635179,2025-12-16T23:20:28.635183+00:00
1447,1765927228.656062,2025-12-16T23:20:28.656067+00:00
1448,1765927228.676946,2025-12-16T23:20:28.676949+00:00
1449,1765927228.6940649,2025-12-16T23:20:28.694067+00:00
1450,1765927228.713503,2025-12-16T23:20:28.713505+00:00
1451,1765927228.734427,2025-12-16T23:20:28.734429+00:00
1452,1765927228.755328,2025-12-16T23:20:28.755331+00:00
1453,1765927228.772591,2025-12-16T23:20:28.772593+00:00
1454,1765927228.793452,2025-12-16T23:20:28.793453+00:00
1455,1765927228.813063,2025-12-16T23:20:28.813064+00:00
1456,1765927228.8323898,2025-12-16T23:20:28.832393+00:00
1457,1765927228.8532622,2025-12-16T23:20:28.853263+00:00
1458,1765927228.87278,2025-12-16T23:20:28.872781+00:00
1459,1765927228.893644,2025-12-16T23:20:28.893644+00:00
1460,1765927228.911843,2025-12-16T23:20:28.911846+00:00
1461,1765927228.930656,2025-12-16T23:20:28.930657+00:00
1462,1765927228.949472,2025-12-16T23:20:28.949475+00:00
1463,1765927228.967531,2025-12-16T23:20:28.967531+00:00
1464,1765927228.988393,2025-12-16T23:20:28.988395+00:00
1465,1765927229.009278,2025-12-16T23:20:29.009282+00:00
1466,1765927229.027742,2025-12-16T23:20:29.027745+00:00
1467,1765927229.0461361,2025-12-16T23:20:29.046138+00:00
1468,1765927229.0634549,2025-12-16T23:20:29.063456+00:00
1469,1765927229.084321,2025-12-16T23:20:29.084326+00:00
1470,1765927229.102519,2025-12-16T23:20:29.102521+00:00
1471,1765927229.119898,2025-12-16T23:20:29.119899+00:00
1472,1765927229.138829,2025-12-16T23:20:29.138831+00:00
1473,1765927229.16039,2025-12-16T23:20:29.160431+00:00
1474,1765927229.180046,2025-12-16T23:20:29.180049+00:00
1475,1765927229.199144,2025-12-16T23:20:29.199148+00:00
1476,1765927229.216715,2025-12-16T23:20:29.216718+00:00
1477,1765927229.235292,2025-12-16T23:20:29.235294+00:00
1478,1765927229.2557921,2025-12-16T23:20:29.255799+00:00
1479,1765927229.276685,2025-12-16T23:20:29.276688+00:00
1480,1765927229.2963488,2025-12-16T23:20:29.296350+00:00
1481,1765927229.3172312,2025-12-16T23:20:29.317235+00:00
1482,1765927229.334035,2025-12-16T23:20:29.334036+00:00
1483,1765927229.3548958,2025-12-16T23:20:29.354898+00:00
1484,1765927229.3757598,2025-12-16T23:20:29.375760+00:00
1485,1765927229.3930082,2025-12-16T23:20:29.393012+00:00
1486,1765927229.41311,2025-12-16T23:20:29.413112+00:00
1487,1765927229.4321358,2025-12-16T23:20:29.432140+00:00
1488,1765927229.450839,2025-12-16T23:20:29.450841+00:00
1489,1765927229.471722,2025-12-16T23:20:29.471728+00:00
1490,1765927229.4926322,2025-12-16T23:20:29.492635+00:00
1491,1765927229.5135171,2025-12-16T23:20:29.513520+00:00
1492,1765927229.532558,2025-12-16T23:20:29.532560+00:00
1493,1765927229.5510101,2025-12-16T23:20:29.551011+00:00
1494,1765927229.571275,2025-12-16T23:20:29.571303+00:00
1495,1765927229.592143,2025-12-16T23:20:29.592144+00:00
1496,1765927229.6130009,2025-12-16T23:20:29.613002+00:00
1497,1765927229.633868,2025-12-16T23:20:29.633869+00:00
1498,1765927229.651743,2025-12-16T23:20:29.651750+00:00
1499,1765927229.672671,2025-12-16T23:20:29.672674+00:00
1500,1765927229.6943328,2025-12-16T23:20:29.694333+00:00
1501,1765927229.711039,2025-12-16T23:20:29.711041+00:00
1502,1765927229.732594,2025-12-16T23:20:29.732600+00:00
1503,1765927229.7515452,2025-12-16T23:20:29.751551+00:00
1504,1765927229.7687948,2025-12-16T23:20:29.768799+00:00
1505,1765927229.788019,2025-12-16T23:20:29.788026+00:00
1506,1765927229.8049479,2025-12-16T23:20:29.804960+00:00
1507,1765927229.821826,2025-12-16T23:20:29.821841+00:00
1508,1765927229.841256,2025-12-16T23:20:29.841260+00:00
1509,1765927229.8621418,2025-12-16T23:20:29.862147+00:00
1510,1765927229.8830469,2025-12-16T23:20:29.883054+00:00
1511,1765927229.900474,2025-12-16T23:20:29.900480+00:00
1512,1765927229.9188778,2025-12-16T23:20:29.918882+00:00
1513,1765927229.938771,2025-12-16T23:20:29.938776+00:00
1514,1765927229.959682,2025-12-16T23:20:29.959682+00:00
1515,1765927229.9805372,2025-12-16T23:20:29.980538+00:00
1516,1765927230.00082,2025-12-16T23:20:30.000822+00:00
1517,1765927230.0188959,2025-12-16T23:20:30.018899+00:00
1518,1765927230.036418,2025-12-16T23:20:30.036420+00:00
1519,1765927230.055487,2025-12-16T23:20:30.055490+00:00
1520,1765927230.074794,2025-12-16T23:20:30.074796+00:00
1521,1765927230.09292,2025-12-16T23:20:30.092925+00:00
1522,1765927230.1138291,2025-12-16T23:20:30.113831+00:00
1523,1765927230.134464,2025-12-16T23:20:30.134464+00:00
1524,1765927230.151696,2025-12-16T23:20:30.151696+00:00
1525,1765927230.172142,2025-12-16T23:20:30.172143+00:00
1526,1765927230.192991,2025-12-16T23:20:30.192992+00:00
1527,1765927230.213838,2025-12-16T23:20:30.213842+00:00
1528,1765927230.234743,2025-12-16T23:20:30.234745+00:00
1529,1765927230.251982,2025-12-16T23:20:30.251986+00:00
1530,1765927230.272369,2025-12-16T23:20:30.272371+00:00
1531,1765927230.2932422,2025-12-16T23:20:30.293244+00:00
1532,1765927230.314133,2025-12-16T23:20:30.314134+00:00
1533,1765927230.3349,2025-12-16T23:20:30.334903+00:00
1534,1765927230.36399,2025-12-16T23:20:30.363993+00:00
1535,1765927230.3830059,2025-12-16T23:20:30.383010+00:00
1536,1765927230.407228,2025-12-16T23:20:30.407231+00:00
1537,1765927230.434569,2025-12-16T23:20:30.445476+00:00
1538,1765927230.4671302,2025-12-16T23:20:30.467136+00:00
1539,1765927230.486013,2025-12-16T23:20:30.486017+00:00
1540,1765927230.506922,2025-12-16T23:20:30.506929+00:00
1541,1765927230.5256598,2025-12-16T23:20:30.525665+00:00
1542,1765927230.546011,2025-12-16T23:20:30.546015+00:00
1543,1765927230.566897,2025-12-16T23:20:30.566899+00:00
1544,1765927230.587784,2025-12-16T23:20:30.587787+00:00
1545,1765927230.605518,2025-12-16T23:20:30.605523+00:00
1546,1765927230.622994,2025-12-16T23:20:30.622997+00:00
1547,1765927230.643889,2025-12-16T23:20:30.643890+00:00
1548,1765927230.663876,2025-12-16T23:20:30.663880+00:00
1549,1765927230.683763,2025-12-16T23:20:30.683764+00:00
1550,1765927230.7046368,2025-12-16T23:20:30.704642+00:00
1551,1765927230.722139,2025-12-16T23:20:30.722142+00:00
1552,1765927230.7430148,2025-12-16T23:20:30.743016+00:00
1553,1765927230.763457,2025-12-16T23:20:30.763463+00:00
1554,1765927230.784352,2025-12-16T23:20:30.784356+00:00
1555,1765927230.802389,2025-12-16T23:20:30.802393+00:00
1556,1765927230.8221672,2025-12-16T23:20:30.822171+00:00
1557,1765927230.838939,2025-12-16T23:20:30.838941+00:00
1558,1765927230.8598049,2025-12-16T23:20:30.859807+00:00
1559,1765927230.880678,2025-12-16T23:20:30.880681+00:00
1560,1765927230.897682,2025-12-16T23:20:30.897684+00:00
1561,1765927230.918536,2025-12-16T23:20:30.918537+00:00
1562,1765927230.938802,2025-12-16T23:20:30.938805+00:00
1563,1765927230.959285,2025-12-16T23:20:30.959286+00:00
1564,1765927230.980204,2025-12-16T23:20:30.980205+00:00
1565,1765927231.001075,2025-12-16T23:20:31.001077+00:00
1566,1765927231.0219479,2025-12-16T23:20:31.021949+00:00
1567,1765927231.042805,2025-12-16T23:20:31.042805+00:00
1568,1765927231.060522,2025-12-16T23:20:31.060524+00:00
1569,1765927231.080462,2025-12-16T23:20:31.080462+00:00
1570,1765927231.100371,2025-12-16T23:20:31.100374+00:00
1571,1765927231.121226,2025-12-16T23:20:31.121227+00:00
1572,1765927231.142091,2025-12-16T23:20:31.142095+00:00
1573,1765927231.1629922,2025-12-16T23:20:31.162995+00:00
1574,1765927231.180547,2025-12-16T23:20:31.180547+00:00
1575,1765927231.201407,2025-12-16T23:20:31.201409+00:00
1576,1765927231.2222688,2025-12-16T23:20:31.222270+00:00
1577,1765927231.243135,2025-12-16T23:20:31.243138+00:00
1578,1765927231.261326,2025-12-16T23:20:31.261331+00:00
1579,1765927231.2796092,2025-12-16T23:20:31.279617+00:00
1580,1765927231.300572,2025-12-16T23:20:31.300576+00:00
1581,1765927231.321472,2025-12-16T23:20:31.321474+00:00
1582,1765927231.342359,2025-12-16T23:20:31.342362+00:00
1583,1765927231.359242,2025-12-16T23:20:31.359243+00:00
1584,1765927231.379113,2025-12-16T23:20:31.379118+00:00
1585,1765927231.398189,2025-12-16T23:20:31.398190+00:00
1586,1765927231.4190521,2025-12-16T23:20:31.419055+00:00
1587,1765927231.4388402,2025-12-16T23:20:31.438842+00:00
1588,1765927231.459162,2025-12-16T23:20:31.459169+00:00
1589,1765927231.4839838,2025-12-16T23:20:31.483990+00:00
1590,1765927231.504592,2025-12-16T23:20:31.504597+00:00
1591,1765927231.5217721,2025-12-16T23:20:31.521786+00:00
1592,1765927231.5427,2025-12-16T23:20:31.542709+00:00
1593,1765927231.562094,2025-12-16T23:20:31.562098+00:00
1594,1765927231.578878,2025-12-16T23:20:31.578880+00:00
1595,1765927231.598165,2025-12-16T23:20:31.598174+00:00
1596,1765927231.619047,2025-12-16T23:20:31.619048+00:00
1597,1765927231.6388721,2025-12-16T23:20:31.638875+00:00
1598,1765927231.6597528,2025-12-16T23:20:31.659755+00:00
1599,1765927231.681123,2025-12-16T23:20:31.681127+00:00
1600,1765927231.698014,2025-12-16T23:20:31.698017+00:00
1601,1765927231.717251,2025-12-16T23:20:31.717258+00:00
1602,1765927231.7358341,2025-12-16T23:20:31.735840+00:00
1603,1765927231.7563741,2025-12-16T23:20:31.756377+00:00
1604,1765927231.776753,2025-12-16T23:20:31.776761+00:00
1605,1765927231.7971368,2025-12-16T23:20:31.797145+00:00
1606,1765927231.816285,2025-12-16T23:20:31.816287+00:00
1607,1765927231.837155,2025-12-16T23:20:31.837158+00:00
1608,1765927231.8577862,2025-12-16T23:20:31.857787+00:00
1609,1765927231.875076,2025-12-16T23:20:31.875078+00:00
1610,1765927231.895951,2025-12-16T23:20:31.895952+00:00
1611,1765927231.9137988,2025-12-16T23:20:31.913819+00:00
1612,1765927231.93242,2025-12-16T23:20:31.932421+00:00
1613,1765927231.953294,2025-12-16T23:20:31.953295+00:00
1614,1765927231.973612,2025-12-16T23:20:31.973617+00:00
1615,1765927231.9915211,2025-12-16T23:20:31.991521+00:00
1616,1765927232.008936,2025-12-16T23:20:32.008938+00:00
1617,1765927232.02981,2025-12-16T23:20:32.029811+00:00
1618,1765927232.050672,2025-12-16T23:20:32.050677+00:00
1619,1765927232.07127,2025-12-16T23:20:32.071276+00:00
1620,1765927232.09217,2025-12-16T23:20:32.092175+00:00
1621,1765927232.1130712,2025-12-16T23:20:32.113075+00:00
1622,1765927232.1303082,2025-12-16T23:20:32.130315+00:00
1623,1765927232.1510332,2025-12-16T23:20:32.151036+00:00
1624,1765927232.169624,2025-12-16T23:20:32.169628+00:00
1625,1765927232.190579,2025-12-16T23:20:32.190583+00:00
1626,1765927232.2103128,2025-12-16T23:20:32.210315+00:00
1627,1765927232.2276611,2025-12-16T23:20:32.227665+00:00
1628,1765927232.24492,2025-12-16T23:20:32.244922+00:00
1629,1765927232.265787,2025-12-16T23:20:32.265792+00:00
1630,1765927232.283715,2025-12-16T23:20:32.283721+00:00
1631,1765927232.3019788,2025-12-16T23:20:32.301988+00:00
1632,1765927232.322124,2025-12-16T23:20:32.322124+00:00
1633,1765927232.3429902,2025-12-16T23:20:32.342993+00:00
1634,1765927232.36389,2025-12-16T23:20:32.363894+00:00
1635,1765927232.384775,2025-12-16T23:20:32.384779+00:00
1636,1765927232.4054568,2025-12-16T23:20:32.405458+00:00
1637,1765927232.423739,2025-12-16T23:20:32.423741+00:00
1638,1765927232.443446,2025-12-16T23:20:32.443448+00:00
1639,1765927232.4630241,2025-12-16T23:20:32.463025+00:00
1640,1765927232.483903,2025-12-16T23:20:32.483908+00:00
1641,1765927232.5019672,2025-12-16T23:20:32.501969+00:00
1642,1765927232.522284,2025-12-16T23:20:32.522285+00:00
1643,1765927232.539777,2025-12-16T23:20:32.539778+00:00
1644,1765927232.560631,2025-12-16T23:20:32.560632+00:00
1645,1765927232.580417,2025-12-16T23:20:32.580417+00:00
1646,1765927232.600867,2025-12-16T23:20:32.600867+00:00
1647,1765927232.621712,2025-12-16T23:20:32.621713+00:00
1648,1765927232.638946,2025-12-16T23:20:32.638950+00:00
1649,1765927232.656749,2025-12-16T23:20:32.656753+00:00
1650,1765927232.6764328,2025-12-16T23:20:32.676441+00:00
1651,1765927232.697108,2025-12-16T23:20:32.697109+00:00
1652,1765927232.717411,2025-12-16T23:20:32.717412+00:00
1653,1765927232.738274,2025-12-16T23:20:32.738274+00:00
1654,1765927232.759124,2025-12-16T23:20:32.759127+00:00
1655,1765927232.777586,2025-12-16T23:20:32.777595+00:00
1656,1765927232.797185,2025-12-16T23:20:32.797190+00:00
1657,1765927232.818083,2025-12-16T23:20:32.818087+00:00
1658,1765927232.83608,2025-12-16T23:20:32.836082+00:00
1659,1765927232.855448,2025-12-16T23:20:32.855449+00:00
1660,1765927232.872174,2025-12-16T23:20:32.872175+00:00
1661,1765927232.8908632,2025-12-16T23:20:32.890865+00:00
1662,1765927232.90884,2025-12-16T23:20:32.908843+00:00
1663,1765927232.9272609,2025-12-16T23:20:32.927261+00:00
1664,1765927232.947105,2025-12-16T23:20:32.947106+00:00
1665,1765927232.963883,2025-12-16T23:20:32.963888+00:00
1666,1765927232.984807,2025-12-16T23:20:32.984810+00:00
1667,1765927233.00568,2025-12-16T23:20:33.005681+00:00
1668,1765927233.024811,2025-12-16T23:20:33.024813+00:00
1669,1765927233.042943,2025-12-16T23:20:33.042946+00:00
1670,1765927233.062764,2025-12-16T23:20:33.062767+00:00
1671,1765927233.079839,2025-12-16T23:20:33.079840+00:00
1672,1765927233.097103,2025-12-16T23:20:33.097105+00:00
1673,1765927233.1176069,2025-12-16T23:20:33.117609+00:00
1674,1765927233.138144,2025-12-16T23:20:33.138145+00:00
1675,1765927233.159013,2025-12-16T23:20:33.159017+00:00
1676,1765927233.179827,2025-12-16T23:20:33.179832+00:00
1677,1765927233.200765,2025-12-16T23:20:33.200769+00:00
1678,1765927233.220711,2025-12-16T23:20:33.220712+00:00
1679,1765927233.24016,2025-12-16T23:20:33.240162+00:00
1680,1765927233.261018,2025-12-16T23:20:33.261018+00:00
1681,1765927233.278476,2025-12-16T23:20:33.278479+00:00
1682,1765927233.2993548,2025-12-16T23:20:33.299360+00:00
1683,1765927233.320257,2025-12-16T23:20:33.320258+00:00
1684,1765927233.3388212,2025-12-16T23:20:33.338823+00:00
1685,1765927233.3596952,2025-12-16T23:20:33.359697+00:00
1686,1765927233.380568,2025-12-16T23:20:33.380571+00:00
1687,1765927233.400207,2025-12-16T23:20:33.400210+00:00
1688,1765927233.417564,2025-12-16T23:20:33.417567+00:00
1689,1765927233.436301,2025-12-16T23:20:33.436304+00:00
1690,1765927233.457171,2025-12-16T23:20:33.457177+00:00
1691,1765927233.474441,2025-12-16T23:20:33.474447+00:00
1692,1765927233.491406,2025-12-16T23:20:33.491409+00:00
1693,1765927233.5123782,2025-12-16T23:20:33.512383+00:00
1694,1765927233.530508,2025-12-16T23:20:33.530512+00:00
1695,1765927233.551394,2025-12-16T23:20:33.551399+00:00
1696,1765927233.5689,2025-12-16T23:20:33.568901+00:00
1697,1765927233.5887291,2025-12-16T23:20:33.588730+00:00
1698,1765927233.608715,2025-12-16T23:20:33.608716+00:00
1699,1765927233.6295722,2025-12-16T23:20:33.629574+00:00
1700,1765927233.650443,2025-12-16T23:20:33.650444+00:00
1701,1765927233.669722,2025-12-16T23:20:33.669722+00:00
1702,1765927233.690586,2025-12-16T23:20:33.690587+00:00
1703,1765927233.7114491,2025-12-16T23:20:33.711450+00:00
1704,1765927233.731304,2025-12-16T23:20:33.731307+00:00
1705,1765927233.751179,2025-12-16T23:20:33.751180+00:00
1706,1765927233.770582,2025-12-16T23:20:33.770586+00:00
1707,1765927233.790717,2025-12-16T23:20:33.790723+00:00
1708,1765927233.809482,2025-12-16T23:20:33.809487+00:00
1709,1765927233.830396,2025-12-16T23:20:33.830400+00:00
1710,1765927233.8512971,2025-12-16T23:20:33.851299+00:00
1711,1765927233.8684921,2025-12-16T23:20:33.868495+00:00
1712,1765927233.8886862,2025-12-16T23:20:33.888687+00:00
1713,1765927233.905476,2025-12-16T23:20:33.905482+00:00
1714,1765927233.926361,2025-12-16T23:20:33.926365+00:00
1715,1765927233.947244,2025-12-16T23:20:33.947246+00:00
1716,1765927233.964253,2025-12-16T23:20:33.964255+00:00
1717,1765927233.9815948,2025-12-16T23:20:33.981598+00:00
1718,1765927234.001696,2025-12-16T23:20:34.001699+00:00
1719,1765927234.022561,2025-12-16T23:20:34.022562+00:00
1720,1765927234.043425,2025-12-16T23:20:34.043429+00:00
1721,1765927234.064311,2025-12-16T23:20:34.064314+00:00
1722,1765927234.085206,2025-12-16T23:20:34.085210+00:00
1723,1765927234.10542,2025-12-16T23:20:34.105422+00:00
1724,1765927234.122159,2025-12-16T23:20:34.122162+00:00
1725,1765927234.138973,2025-12-16T23:20:34.138975+00:00
1726,1765927234.159023,2025-12-16T23:20:34.159025+00:00
1727,1765927234.179899,2025-12-16T23:20:34.179904+00:00
1728,1765927234.199098,2025-12-16T23:20:34.199102+00:00
1729,1765927234.219965,2025-12-16T23:20:34.219972+00:00
1730,1765927234.2387588,2025-12-16T23:20:34.238763+00:00
1731,1765927234.257924,2025-12-16T23:20:34.257925+00:00
1732,1765927234.277823,2025-12-16T23:20:34.277826+00:00
1733,1765927234.2967732,2025-12-16T23:20:34.296777+00:00
1734,1765927234.3173602,2025-12-16T23:20:34.317365+00:00
1735,1765927234.3356001,2025-12-16T23:20:34.335603+00:00
1736,1765927234.355428,2025-12-16T23:20:34.355485+00:00
1737,1765927234.375096,2025-12-16T23:20:34.375098+00:00
1738,1765927234.39544,2025-12-16T23:20:34.395442+00:00
1739,1765927234.413806,2025-12-16T23:20:34.413808+00:00
1740,1765927234.432014,2025-12-16T23:20:34.432019+00:00
1741,1765927234.4505842,2025-12-16T23:20:34.450586+00:00
1742,1765927234.467843,2025-12-16T23:20:34.467852+00:00
1743,1765927234.487357,2025-12-16T23:20:34.487360+00:00
1744,1765927234.507231,2025-12-16T23:20:34.507235+00:00
1745,1765927234.5264971,2025-12-16T23:20:34.526501+00:00
1746,1765927234.547091,2025-12-16T23:20:34.547096+00:00
1747,1765927234.567998,2025-12-16T23:20:34.568001+00:00
1748,1765927234.588741,2025-12-16T23:20:34.588743+00:00
1749,1765927234.609163,2025-12-16T23:20:34.609164+00:00
1750,1765927234.626613,2025-12-16T23:20:34.626616+00:00
1751,1765927234.647192,2025-12-16T23:20:34.647194+00:00
1752,1765927234.668061,2025-12-16T23:20:34.668065+00:00
1753,1765927234.687995,2025-12-16T23:20:34.688005+00:00
1754,1765927234.708904,2025-12-16T23:20:34.708910+00:00
1755,1765927234.7298172,2025-12-16T23:20:34.729822+00:00
1756,1765927234.750746,2025-12-16T23:20:34.750747+00:00
1757,1765927234.7698948,2025-12-16T23:20:34.769897+00:00
1758,1765927234.7887921,2025-12-16T23:20:34.788796+00:00
1759,1765927234.80865,2025-12-16T23:20:34.808652+00:00
1760,1765927234.827905,2025-12-16T23:20:34.827906+00:00
1761,1765927234.847203,2025-12-16T23:20:34.847205+00:00
1762,1765927234.8670359,2025-12-16T23:20:34.867040+00:00
1763,1765927234.887913,2025-12-16T23:20:34.887913+00:00
1764,1765927234.905419,2025-12-16T23:20:34.905421+00:00
1765,1765927234.922765,2025-12-16T23:20:34.922768+00:00
1766,1765927234.9396338,2025-12-16T23:20:34.939635+00:00
1767,1765927234.957932,2025-12-16T23:20:34.957936+00:00
1768,1765927234.976867,2025-12-16T23:20:34.976872+00:00
1769,1765927234.9959092,2025-12-16T23:20:34.995910+00:00
1770,1765927235.0167658,2025-12-16T23:20:35.016766+00:00
1771,1765927235.037516,2025-12-16T23:20:35.037522+00:00
1772,1765927235.055495,2025-12-16T23:20:35.055498+00:00
1773,1765927235.0744371,2025-12-16T23:20:35.074441+00:00
1774,1765927235.091338,2025-12-16T23:20:35.091340+00:00
1775,1765927235.1122072,2025-12-16T23:20:35.112209+00:00
1776,1765927235.133088,2025-12-16T23:20:35.133091+00:00
1777,1765927235.15073,2025-12-16T23:20:35.150735+00:00
1778,1765927235.1677701,2025-12-16T23:20:35.167772+00:00
1779,1765927235.187348,2025-12-16T23:20:35.187353+00:00
1780,1765927235.204993,2025-12-16T23:20:35.204995+00:00
1781,1765927235.22208,2025-12-16T23:20:35.222085+00:00
1782,1765927235.2429729,2025-12-16T23:20:35.242976+00:00
1783,1765927235.2638211,2025-12-16T23:20:35.263822+00:00
1784,1765927235.284684,2025-12-16T23:20:35.284688+00:00
1785,1765927235.3052511,2025-12-16T23:20:35.305259+00:00
1786,1765927235.326157,2025-12-16T23:20:35.326158+00:00
1787,1765927235.343273,2025-12-16T23:20:35.343317+00:00
1788,1765927235.363756,2025-12-16T23:20:35.363760+00:00
1789,1765927235.384676,2025-12-16T23:20:35.384680+00:00
1790,1765927235.402928,2025-12-16T23:20:35.402932+00:00
1791,1765927235.420269,2025-12-16T23:20:35.420273+00:00
1792,1765927235.4411788,2025-12-16T23:20:35.441185+00:00
1793,1765927235.46188,2025-12-16T23:20:35.461884+00:00
1794,1765927235.4809752,2025-12-16T23:20:35.480979+00:00
1795,1765927235.4999769,2025-12-16T23:20:35.499992+00:00
1796,1765927235.520906,2025-12-16T23:20:35.520910+00:00
1797,1765927235.540891,2025-12-16T23:20:35.540895+00:00
1798,1765927235.560805,2025-12-16T23:20:35.560807+00:00
1799,1765927235.580394,2025-12-16T23:20:35.580396+00:00
1800,1765927235.6012712,2025-12-16T23:20:35.601271+00:00
1801,1765927235.622128,2025-12-16T23:20:35.622131+00:00
1802,1765927235.6430101,2025-12-16T23:20:35.643012+00:00
1803,1765927235.660096,2025-12-16T23:20:35.660100+00:00
1804,1765927235.679967,2025-12-16T23:20:35.679971+00:00
1805,1765927235.6974561,2025-12-16T23:20:35.697460+00:00
1806,1765927235.718375,2025-12-16T23:20:35.718381+00:00
1807,1765927235.73874,2025-12-16T23:20:35.738743+00:00
1808,1765927235.755519,2025-12-16T23:20:35.755519+00:00
1809,1765927235.774348,2025-12-16T23:20:35.774349+00:00
1810,1765927235.794017,2025-12-16T23:20:35.794022+00:00
1811,1765927235.811991,2025-12-16T23:20:35.811993+00:00
1812,1765927235.830415,2025-12-16T23:20:35.830420+00:00
1813,1765927235.8487191,2025-12-16T23:20:35.848723+00:00
1814,1765927235.8696,2025-12-16T23:20:35.869601+00:00
1815,1765927235.8890262,2025-12-16T23:20:35.889029+00:00
1816,1765927235.909187,2025-12-16T23:20:35.909197+00:00
1817,1765927235.929729,2025-12-16T23:20:35.929736+00:00
1818,1765927235.950664,2025-12-16T23:20:35.950668+00:00
1819,1765927235.96875,2025-12-16T23:20:35.968754+00:00
1820,1765927235.9873579,2025-12-16T23:20:35.987359+00:00
1821,1765927236.006219,2025-12-16T23:20:36.006223+00:00
1822,1765927236.0269718,2025-12-16T23:20:36.026976+00:00
1823,1765927236.04561,2025-12-16T23:20:36.045616+00:00
1824,1765927236.064049,2025-12-16T23:20:36.064053+00:00
1825,1765927236.084167,2025-12-16T23:20:36.084183+00:00
1826,1765927236.103722,2025-12-16T23:20:36.103727+00:00
1827,1765927236.123829,2025-12-16T23:20:36.123836+00:00
1828,1765927236.1447418,2025-12-16T23:20:36.144744+00:00
1829,1765927236.163338,2025-12-16T23:20:36.163340+00:00
1830,1765927236.182501,2025-12-16T23:20:36.182502+00:00
1831,1765927236.203358,2025-12-16T23:20:36.203360+00:00
1832,1765927236.222044,2025-12-16T23:20:36.222045+00:00
1833,1765927236.2420008,2025-12-16T23:20:36.242002+00:00
1834,1765927236.2628741,2025-12-16T23:20:36.262876+00:00
1835,1765927236.28024,2025-12-16T23:20:36.280242+00:00
1836,1765927236.2971761,2025-12-16T23:20:36.297185+00:00
1837,1765927236.3178859,2025-12-16T23:20:36.317891+00:00
1838,1765927236.335087,2025-12-16T23:20:36.335091+00:00
1839,1765927236.355386,2025-12-16T23:20:36.355388+00:00
1840,1765927236.3762372,2025-12-16T23:20:36.376237+00:00
1841,1765927236.3970711,2025-12-16T23:20:36.397083+00:00
1842,1765927236.414845,2025-12-16T23:20:36.414846+00:00
1843,1765927236.4344,2025-12-16T23:20:36.434404+00:00
1844,1765927236.4549692,2025-12-16T23:20:36.454971+00:00
1845,1765927236.475832,2025-12-16T23:20:36.475837+00:00
1846,1765927236.493672,2025-12-16T23:20:36.493680+00:00
1847,1765927236.513697,2025-12-16T23:20:36.513702+00:00
1848,1765927236.534585,2025-12-16T23:20:36.534588+00:00
1849,1765927236.555422,2025-12-16T23:20:36.555423+00:00
1850,1765927236.5762901,2025-12-16T23:20:36.576296+00:00
1851,1765927236.594111,2025-12-16T23:20:36.594112+00:00
1852,1765927236.613739,2025-12-16T23:20:36.613739+00:00
1853,1765927236.6345952,2025-12-16T23:20:36.634597+00:00
1854,1765927236.655494,2025-12-16T23:20:36.655495+00:00
1855,1765927236.676384,2025-12-16T23:20:36.676423+00:00
1856,1765927236.696504,2025-12-16T23:20:36.696509+00:00
1857,1765927236.71379,2025-12-16T23:20:36.713793+00:00
1858,1765927236.732109,2025-12-16T23:20:36.732112+00:00
1859,1765927236.752975,2025-12-16T23:20:36.752975+00:00
1860,1765927236.771717,2025-12-16T23:20:36.771719+00:00
1861,1765927236.792593,2025-12-16T23:20:36.792596+00:00
1862,1765927236.810697,2025-12-16T23:20:36.810699+00:00
1863,1765927236.8293009,2025-12-16T23:20:36.829304+00:00
1864,1765927236.846334,2025-12-16T23:20:36.846356+00:00
1865,1765927236.866157,2025-12-16T23:20:36.866158+00:00
1866,1765927236.884083,2025-12-16T23:20:36.884084+00:00
1867,1765927236.904951,2025-12-16T23:20:36.904952+00:00
1868,1765927236.925825,2025-12-16T23:20:36.925828+00:00
1869,1765927236.943252,2025-12-16T23:20:36.943259+00:00
1870,1765927236.9637408,2025-12-16T23:20:36.963746+00:00
1871,1765927236.9832928,2025-12-16T23:20:36.983295+00:00
1872,1765927237.0039701,2025-12-16T23:20:37.003973+00:00
1873,1765927237.02486,2025-12-16T23:20:37.024865+00:00
1874,1765927237.043481,2025-12-16T23:20:37.043489+00:00
1875,1765927237.063777,2025-12-16T23:20:37.063778+00:00
1876,1765927237.080527,2025-12-16T23:20:37.080532+00:00
1877,1765927237.10142,2025-12-16T23:20:37.101425+00:00
1878,1765927237.119979,2025-12-16T23:20:37.119982+00:00
1879,1765927237.137934,2025-12-16T23:20:37.137944+00:00
1880,1765927237.157734,2025-12-16T23:20:37.157737+00:00
1881,1765927237.178616,2025-12-16T23:20:37.178617+00:00
1882,1765927237.199496,2025-12-16T23:20:37.199502+00:00
1883,1765927237.220395,2025-12-16T23:20:37.220396+00:00
1884,1765927237.240572,2025-12-16T23:20:37.240573+00:00
1885,1765927237.261429,2025-12-16T23:20:37.261433+00:00
1886,1765927237.282324,2025-12-16T23:20:37.282331+00:00
1887,1765927237.3041122,2025-12-16T23:20:37.304115+00:00
1888,1765927237.3243148,2025-12-16T23:20:37.324321+00:00
1889,1765927237.344953,2025-12-16T23:20:37.344957+00:00
1890,1765927237.361883,2025-12-16T23:20:37.361884+00:00
1891,1765927237.378725,2025-12-16T23:20:37.378728+00:00
1892,1765927237.397078,2025-12-16T23:20:37.397083+00:00
1893,1765927237.417962,2025-12-16T23:20:37.417965+00:00
1894,1765927237.4387121,2025-12-16T23:20:37.438715+00:00
1895,1765927237.457228,2025-12-16T23:20:37.457233+00:00
1896,1765927237.47533,2025-12-16T23:20:37.475335+00:00
1897,1765927237.4962182,2025-12-16T23:20:37.496219+00:00
1898,1765927237.51692,2025-12-16T23:20:37.516925+00:00
1899,1765927237.533719,2025-12-16T23:20:37.533724+00:00
1900,1765927237.554611,2025-12-16T23:20:37.554616+00:00
1901,1765927237.5724428,2025-12-16T23:20:37.572445+00:00
1902,1765927237.592911,2025-12-16T23:20:37.592912+00:00
1903,1765927237.613757,2025-12-16T23:20:37.613764+00:00
1904,1765927237.6305122,2025-12-16T23:20:37.630512+00:00
1905,1765927237.6476102,2025-12-16T23:20:37.647611+00:00
1906,1765927237.668467,2025-12-16T23:20:37.668468+00:00
1907,1765927237.689346,2025-12-16T23:20:37.689349+00:00
1908,1765927237.7083561,2025-12-16T23:20:37.708360+00:00
1909,1765927237.7251441,2025-12-16T23:20:37.725150+00:00
1910,1765927237.74496,2025-12-16T23:20:37.744962+00:00
1911,1765927237.761908,2025-12-16T23:20:37.761919+00:00
1912,1765927237.782212,2025-12-16T23:20:37.782216+00:00
1913,1765927237.8030798,2025-12-16T23:20:37.803082+00:00
1914,1765927237.822082,2025-12-16T23:20:37.822084+00:00
1915,1765927237.842036,2025-12-16T23:20:37.842037+00:00
1916,1765927237.859211,2025-12-16T23:20:37.859214+00:00
1917,1765927237.877986,2025-12-16T23:20:37.877989+00:00
1918,1765927237.8963,2025-12-16T23:20:37.896304+00:00
1919,1765927237.916872,2025-12-16T23:20:37.916876+00:00
1920,1765927237.936051,2025-12-16T23:20:37.936057+00:00
1921,1765927237.953881,2025-12-16T23:20:37.953882+00:00
1922,1765927237.97474,2025-12-16T23:20:37.974742+00:00
1923,1765927237.995625,2025-12-16T23:20:37.995627+00:00
1924,1765927238.016502,2025-12-16T23:20:38.016506+00:00
1925,1765927238.037398,2025-12-16T23:20:38.037402+00:00
1926,1765927238.0582762,2025-12-16T23:20:38.058277+00:00
1927,1765927238.07632,2025-12-16T23:20:38.076321+00:00
1928,1765927238.0958889,2025-12-16T23:20:38.095908+00:00
1929,1765927238.113773,2025-12-16T23:20:38.113777+00:00
1930,1765927238.1346502,2025-12-16T23:20:38.134653+00:00
1931,1765927238.1555111,2025-12-16T23:20:38.155514+00:00
1932,1765927238.1765518,2025-12-16T23:20:38.176554+00:00
1933,1765927238.197402,2025-12-16T23:20:38.197403+00:00
1934,1765927238.2182589,2025-12-16T23:20:38.218260+00:00
1935,1765927238.236293,2025-12-16T23:20:38.236294+00:00
1936,1765927238.257144,2025-12-16T23:20:38.257145+00:00
1937,1765927238.278006,2025-12-16T23:20:38.278008+00:00
1938,1765927238.2977412,2025-12-16T23:20:38.297744+00:00
1939,1765927238.318609,2025-12-16T23:20:38.318612+00:00
1940,1765927238.33876,2025-12-16T23:20:38.338767+00:00
1941,1765927238.3591082,2025-12-16T23:20:38.359110+00:00
1942,1765927238.376878,2025-12-16T23:20:38.376882+00:00
1943,1765927238.395936,2025-12-16T23:20:38.395938+00:00
1944,1765927238.416794,2025-12-16T23:20:38.416794+00:00
1945,1765927238.4350731,2025-12-16T23:20:38.435075+00:00
1946,1765927238.455504,2025-12-16T23:20:38.455505+00:00
1947,1765927238.472536,2025-12-16T23:20:38.472540+00:00
1948,1765927238.493402,2025-12-16T23:20:38.493404+00:00
1949,1765927238.513582,2025-12-16T23:20:38.513586+00:00
1950,1765927238.534183,2025-12-16T23:20:38.534186+00:00
1951,1765927238.55286,2025-12-16T23:20:38.552865+00:00
1952,1765927238.570861,2025-12-16T23:20:38.570863+00:00
1953,1765927238.591729,2025-12-16T23:20:38.591730+00:00
1954,1765927238.612587,2025-12-16T23:20:38.612592+00:00
1955,1765927238.633516,2025-12-16T23:20:38.633518+00:00
1956,1765927238.65215,2025-12-16T23:20:38.652150+00:00
1957,1765927238.6730042,2025-12-16T23:20:38.673007+00:00
1958,1765927238.691946,2025-12-16T23:20:38.691949+00:00
1959,1765927238.711392,2025-12-16T23:20:38.711393+00:00
1960,1765927238.730515,2025-12-16T23:20:38.730519+00:00
1961,1765927238.749755,2025-12-16T23:20:38.749757+00:00
1962,1765927238.770062,2025-12-16T23:20:38.770065+00:00
1963,1765927238.7878542,2025-12-16T23:20:38.787858+00:00
1964,1765927238.808741,2025-12-16T23:20:38.808743+00:00
1965,1765927238.826148,2025-12-16T23:20:38.826152+00:00
1966,1765927238.8458838,2025-12-16T23:20:38.845886+00:00
1967,1765927238.863821,2025-12-16T23:20:38.863823+00:00
1968,1765927238.8808992,2025-12-16T23:20:38.880900+00:00
1969,1765927238.898648,2025-12-16T23:20:38.898650+00:00
1970,1765927238.918699,2025-12-16T23:20:38.918700+00:00
1971,1765927238.939561,2025-12-16T23:20:38.939564+00:00
1972,1765927238.960478,2025-12-16T23:20:38.960480+00:00
1973,1765927238.981353,2025-12-16T23:20:38.981356+00:00
1974,1765927239.000641,2025-12-16T23:20:39.000643+00:00
1975,1765927239.021518,2025-12-16T23:20:39.021519+00:00
1976,1765927239.038681,2025-12-16T23:20:39.038684+00:00
1977,1765927239.056594,2025-12-16T23:20:39.056595+00:00
1978,1765927239.077366,2025-12-16T23:20:39.077367+00:00
1979,1765927239.096755,2025-12-16T23:20:39.096757+00:00
1980,1765927239.117684,2025-12-16T23:20:39.117686+00:00
1981,1765927239.1385431,2025-12-16T23:20:39.138544+00:00
1982,1765927239.1617181,2025-12-16T23:20:39.161719+00:00
1983,1765927239.180355,2025-12-16T23:20:39.180373+00:00
1984,1765927239.2012968,2025-12-16T23:20:39.201301+00:00
1985,1765927239.221024,2025-12-16T23:20:39.221026+00:00
1986,1765927239.239054,2025-12-16T23:20:39.239055+00:00
1987,1765927239.2599308,2025-12-16T23:20:39.259933+00:00
1988,1765927239.2790809,2025-12-16T23:20:39.279084+00:00
1989,1765927239.297226,2025-12-16T23:20:39.297229+00:00
1990,1765927239.318096,2025-12-16T23:20:39.318101+00:00
1991,1765927239.3385332,2025-12-16T23:20:39.338538+00:00
1992,1765927239.3555012,2025-12-16T23:20:39.355503+00:00
1993,1765927239.376391,2025-12-16T23:20:39.376395+00:00
1994,1765927239.3972878,2025-12-16T23:20:39.397290+00:00
1995,1765927239.416471,2025-12-16T23:20:39.416473+00:00
1996,1765927239.437341,2025-12-16T23:20:39.437345+00:00
1997,1765927239.456289,2025-12-16T23:20:39.456291+00:00
1998,1765927239.474168,2025-12-16T23:20:39.474189+00:00
1999,1765927239.4951098,2025-12-16T23:20:39.495114+00:00
2000,1765927239.513676,2025-12-16T23:20:39.513677+00:00
2001,1765927239.533463,2025-12-16T23:20:39.533465+00:00
2002,1765927239.552793,2025-12-16T23:20:39.552794+00:00
2003,1765927239.5720131,2025-12-16T23:20:39.572016+00:00
2004,1765927239.5900202,2025-12-16T23:20:39.590020+00:00
2005,1765927239.608686,2025-12-16T23:20:39.608689+00:00
2006,1765927239.629567,2025-12-16T23:20:39.629568+00:00
2007,1765927239.650435,2025-12-16T23:20:39.650436+00:00
2008,1765927239.6671622,2025-12-16T23:20:39.667165+00:00
2009,1765927239.6880481,2025-12-16T23:20:39.688051+00:00
2010,1765927239.7089229,2025-12-16T23:20:39.708928+00:00
2011,1765927239.725771,2025-12-16T23:20:39.725774+00:00
2012,1765927239.7466419,2025-12-16T23:20:39.746644+00:00
2013,1765927239.76752,2025-12-16T23:20:39.767523+00:00
2014,1765927239.785651,2025-12-16T23:20:39.785654+00:00
2015,1765927239.805335,2025-12-16T23:20:39.805338+00:00
2016,1765927239.826221,2025-12-16T23:20:39.826226+00:00
2017,1765927239.847156,2025-12-16T23:20:39.847159+00:00
2018,1765927239.863866,2025-12-16T23:20:39.863878+00:00
2019,1765927239.883444,2025-12-16T23:20:39.883449+00:00
2020,1765927239.90127,2025-12-16T23:20:39.901275+00:00
2021,1765927239.9220102,2025-12-16T23:20:39.922013+00:00
2022,1765927239.941798,2025-12-16T23:20:39.941800+00:00
2023,1765927239.962656,2025-12-16T23:20:39.962657+00:00
2024,1765927239.980254,2025-12-16T23:20:39.980259+00:00
2025,1765927240.001238,2025-12-16T23:20:40.001241+00:00
2026,1765927240.022122,2025-12-16T23:20:40.022125+00:00
2027,1765927240.042022,2025-12-16T23:20:40.042024+00:00
2028,1765927240.061749,2025-12-16T23:20:40.061750+00:00
2029,1765927240.080246,2025-12-16T23:20:40.080247+00:00
2030,1765927240.097002,2025-12-16T23:20:40.097003+00:00
2031,1765927240.113754,2025-12-16T23:20:40.113757+00:00
2032,1765927240.134628,2025-12-16T23:20:40.134629+00:00
2033,1765927240.1553411,2025-12-16T23:20:40.155342+00:00
2034,1765927240.172071,2025-12-16T23:20:40.172072+00:00
2035,1765927240.192922,2025-12-16T23:20:40.192923+00:00
2036,1765927240.213668,2025-12-16T23:20:40.213672+00:00
2037,1765927240.232859,2025-12-16T23:20:40.232859+00:00
2038,1765927240.252641,2025-12-16T23:20:40.252644+00:00
2039,1765927240.272594,2025-12-16T23:20:40.272597+00:00
2040,1765927240.290567,2025-12-16T23:20:40.290569+00:00
2041,1765927240.311444,2025-12-16T23:20:40.311449+00:00
2042,1765927240.330432,2025-12-16T23:20:40.330438+00:00
2043,1765927240.3513322,2025-12-16T23:20:40.351333+00:00
2044,1765927240.37118,2025-12-16T23:20:40.371182+00:00
2045,1765927240.39132,2025-12-16T23:20:40.391320+00:00
2046,1765927240.412184,2025-12-16T23:20:40.412188+00:00
2047,1765927240.433093,2025-12-16T23:20:40.433096+00:00
2048,1765927240.451503,2025-12-16T23:20:40.451504+00:00
2049,1765927240.472373,2025-12-16T23:20:40.472378+00:00
2050,1765927240.49145,2025-12-16T23:20:40.491456+00:00
2051,1765927240.508351,2025-12-16T23:20:40.508356+00:00
2052,1765927240.528621,2025-12-16T23:20:40.528625+00:00
2053,1765927240.547818,2025-12-16T23:20:40.547822+00:00
2054,1765927240.56595,2025-12-16T23:20:40.565954+00:00
2055,1765927240.584244,2025-12-16T23:20:40.584248+00:00
2056,1765927240.605136,2025-12-16T23:20:40.605137+00:00
2057,1765927240.625983,2025-12-16T23:20:40.625984+00:00
2058,1765927240.646862,2025-12-16T23:20:40.646867+00:00
2059,1765927240.665507,2025-12-16T23:20:40.665509+00:00
2060,1765927240.6863732,2025-12-16T23:20:40.686377+00:00
2061,1765927240.707266,2025-12-16T23:20:40.707271+00:00
2062,1765927240.7248058,2025-12-16T23:20:40.724807+00:00
2063,1765927240.742006,2025-12-16T23:20:40.742010+00:00
2064,1765927240.762887,2025-12-16T23:20:40.762892+00:00
2065,1765927240.783807,2025-12-16T23:20:40.783810+00:00
2066,1765927240.8033228,2025-12-16T23:20:40.803328+00:00
2067,1765927240.823494,2025-12-16T23:20:40.823499+00:00
2068,1765927240.842508,2025-12-16T23:20:40.842513+00:00
2069,1765927240.8598669,2025-12-16T23:20:40.859868+00:00
2070,1765927240.880328,2025-12-16T23:20:40.880345+00:00
2071,1765927240.900029,2025-12-16T23:20:40.900034+00:00
2072,1765927240.917956,2025-12-16T23:20:40.917957+00:00
2073,1765927240.9388092,2025-12-16T23:20:40.938810+00:00
2074,1765927240.959672,2025-12-16T23:20:40.959674+00:00
2075,1765927240.9803169,2025-12-16T23:20:40.980317+00:00
2076,1765927241.001181,2025-12-16T23:20:41.001184+00:00
2077,1765927241.021992,2025-12-16T23:20:41.022007+00:00
2078,1765927241.040458,2025-12-16T23:20:41.040459+00:00
2079,1765927241.0581691,2025-12-16T23:20:41.058169+00:00
2080,1765927241.079019,2025-12-16T23:20:41.079022+00:00
2081,1765927241.099901,2025-12-16T23:20:41.099919+00:00
2082,1765927241.119679,2025-12-16T23:20:41.119682+00:00
2083,1765927241.137541,2025-12-16T23:20:41.137542+00:00
2084,1765927241.155096,2025-12-16T23:20:41.155100+00:00
2085,1765927241.176001,2025-12-16T23:20:41.176002+00:00
2086,1765927241.196863,2025-12-16T23:20:41.196864+00:00
2087,1765927241.213829,2025-12-16T23:20:41.213830+00:00
2088,1765927241.234696,2025-12-16T23:20:41.234697+00:00
2089,1765927241.255321,2025-12-16T23:20:41.255321+00:00
2090,1765927241.275501,2025-12-16T23:20:41.275502+00:00
2091,1765927241.29383,2025-12-16T23:20:41.293835+00:00
2092,1765927241.313637,2025-12-16T23:20:41.313640+00:00
2093,1765927241.334524,2025-12-16T23:20:41.334533+00:00
2094,1765927241.355021,2025-12-16T23:20:41.355023+00:00
2095,1765927241.3759449,2025-12-16T23:20:41.375968+00:00
2096,1765927241.39637,2025-12-16T23:20:41.396373+00:00
2097,1765927241.413728,2025-12-16T23:20:41.413729+00:00
2098,1765927241.434583,2025-12-16T23:20:41.434584+00:00
2099,1765927241.455275,2025-12-16T23:20:41.455281+00:00
2100,1765927241.472626,2025-12-16T23:20:41.472630+00:00
2101,1765927241.4925199,2025-12-16T23:20:41.492523+00:00
2102,1765927241.5109,2025-12-16T23:20:41.510902+00:00
2103,1765927241.529908,2025-12-16T23:20:41.529910+00:00
2104,1765927241.550314,2025-12-16T23:20:41.550316+00:00
2105,1765927241.567911,2025-12-16T23:20:41.567912+00:00
2106,1765927241.585705,2025-12-16T23:20:41.585709+00:00
2107,1765927241.6056871,2025-12-16T23:20:41.605687+00:00
2108,1765927241.626546,2025-12-16T23:20:41.626548+00:00
2109,1765927241.6454139,2025-12-16T23:20:41.645429+00:00
2110,1765927241.6662982,2025-12-16T23:20:41.666300+00:00
2111,1765927241.687027,2025-12-16T23:20:41.687047+00:00
2112,1765927241.70532,2025-12-16T23:20:41.705331+00:00
2113,1765927241.726222,2025-12-16T23:20:41.726226+00:00
2114,1765927241.7435799,2025-12-16T23:20:41.743581+00:00
2115,1765927241.762552,2025-12-16T23:20:41.762590+00:00
2116,1765927241.7834592,2025-12-16T23:20:41.783463+00:00
2117,1765927241.8004758,2025-12-16T23:20:41.800479+00:00
2118,1765927241.8200178,2025-12-16T23:20:41.820023+00:00
2119,1765927241.8409631,2025-12-16T23:20:41.840969+00:00
2120,1765927241.857878,2025-12-16T23:20:41.857880+00:00
2121,1765927241.8773692,2025-12-16T23:20:41.877376+00:00
2122,1765927241.897436,2025-12-16T23:20:41.897439+00:00
2123,1765927241.9182951,2025-12-16T23:20:41.918296+00:00
2124,1765927241.938711,2025-12-16T23:20:41.938714+00:00
2125,1765927241.959589,2025-12-16T23:20:41.959592+00:00
2126,1765927241.979363,2025-12-16T23:20:41.979367+00:00
2127,1765927241.996454,2025-12-16T23:20:41.996458+00:00
2128,1765927242.0165079,2025-12-16T23:20:42.016511+00:00
2129,1765927242.033761,2025-12-16T23:20:42.033762+00:00
2130,1765927242.054636,2025-12-16T23:20:42.054637+00:00
2131,1765927242.075503,2025-12-16T23:20:42.075506+00:00
2132,1765927242.093737,2025-12-16T23:20:42.093741+00:00
2133,1765927242.1146162,2025-12-16T23:20:42.114621+00:00
2134,1765927242.13249,2025-12-16T23:20:42.132493+00:00
2135,1765927242.1533508,2025-12-16T23:20:42.153353+00:00
2136,1765927242.171829,2025-12-16T23:20:42.171832+00:00
2137,1765927242.188639,2025-12-16T23:20:42.188642+00:00
2138,1765927242.2095091,2025-12-16T23:20:42.209513+00:00
2139,1765927242.2303889,2025-12-16T23:20:42.230394+00:00
2140,1765927242.247246,2025-12-16T23:20:42.247248+00:00
2141,1765927242.268109,2025-12-16T23:20:42.268111+00:00
2142,1765927242.28897,2025-12-16T23:20:42.288974+00:00
2143,1765927242.3072839,2025-12-16T23:20:42.307289+00:00
2144,1765927242.328182,2025-12-16T23:20:42.328185+00:00
2145,1765927242.347837,2025-12-16T23:20:42.347843+00:00
2146,1765927242.3663108,2025-12-16T23:20:42.366314+00:00
2147,1765927242.387213,2025-12-16T23:20:42.387220+00:00
2148,1765927242.40813,2025-12-16T23:20:42.408133+00:00
2149,1765927242.4273322,2025-12-16T23:20:42.427338+00:00
2150,1765927242.446338,2025-12-16T23:20:42.446365+00:00
2151,1765927242.467235,2025-12-16T23:20:42.467240+00:00
2152,1765927242.484752,2025-12-16T23:20:42.484758+00:00
2153,1765927242.505307,2025-12-16T23:20:42.505311+00:00
2154,1765927242.526187,2025-12-16T23:20:42.526189+00:00
2155,1765927242.5438972,2025-12-16T23:20:42.543902+00:00
2156,1765927242.5617769,2025-12-16T23:20:42.561778+00:00
2157,1765927242.580524,2025-12-16T23:20:42.580527+00:00
2158,1765927242.601436,2025-12-16T23:20:42.601438+00:00
2159,1765927242.622303,2025-12-16T23:20:42.622304+00:00
2160,1765927242.6431732,2025-12-16T23:20:42.643179+00:00
2161,1765927242.66167,2025-12-16T23:20:42.661670+00:00
2162,1765927242.68032,2025-12-16T23:20:42.680323+00:00
2163,1765927242.701202,2025-12-16T23:20:42.701207+00:00
2164,1765927242.7219672,2025-12-16T23:20:42.721970+00:00
2165,1765927242.742501,2025-12-16T23:20:42.742503+00:00
2166,1765927242.763366,2025-12-16T23:20:42.763368+00:00
2167,1765927242.7840471,2025-12-16T23:20:42.784049+00:00
2168,1765927242.802757,2025-12-16T23:20:42.802758+00:00
2169,1765927242.82247,2025-12-16T23:20:42.822472+00:00
2170,1765927242.843356,2025-12-16T23:20:42.843362+00:00
2171,1765927242.8642812,2025-12-16T23:20:42.864284+00:00
2172,1765927242.881988,2025-12-16T23:20:42.881991+00:00
2173,1765927242.900678,2025-12-16T23:20:42.900681+00:00
2174,1765927242.919907,2025-12-16T23:20:42.919908+00:00
2175,1765927242.93871,2025-12-16T23:20:42.938713+00:00
2176,1765927242.959624,2025-12-16T23:20:42.959628+00:00
2177,1765927242.980303,2025-12-16T23:20:42.980305+00:00
2178,1765927243.0012412,2025-12-16T23:20:43.001244+00:00
2179,1765927243.018336,2025-12-16T23:20:43.018337+00:00
2180,1765927243.038694,2025-12-16T23:20:43.038695+00:00
2181,1765927243.0574431,2025-12-16T23:20:43.057446+00:00
2182,1765927243.078326,2025-12-16T23:20:43.078331+00:00
2183,1765927243.096552,2025-12-16T23:20:43.096555+00:00
2184,1765927243.115794,2025-12-16T23:20:43.115797+00:00
2185,1765927243.132864,2025-12-16T23:20:43.132869+00:00
2186,1765927243.1535192,2025-12-16T23:20:43.153520+00:00
2187,1765927243.171975,2025-12-16T23:20:43.171976+00:00
2188,1765927243.192825,2025-12-16T23:20:43.192825+00:00
2189,1765927243.21369,2025-12-16T23:20:43.213692+00:00
2190,1765927243.23422,2025-12-16T23:20:43.234222+00:00
2191,1765927243.254575,2025-12-16T23:20:43.254577+00:00
2192,1765927243.275451,2025-12-16T23:20:43.275452+00:00
2193,1765927243.296314,2025-12-16T23:20:43.296320+00:00
2194,1765927243.313236,2025-12-16T23:20:43.313245+00:00
2195,1765927243.331199,2025-12-16T23:20:43.331203+00:00
2196,1765927243.350583,2025-12-16T23:20:43.350589+00:00
2197,1765927243.371479,2025-12-16T23:20:43.371481+00:00
2198,1765927243.392351,2025-12-16T23:20:43.392355+00:00
2199,1765927243.413249,2025-12-16T23:20:43.413253+00:00
2200,1765927243.434154,2025-12-16T23:20:43.434160+00:00
2201,1765927243.455054,2025-12-16T23:20:43.455055+00:00
2202,1765927243.47598,2025-12-16T23:20:43.475985+00:00
2203,1765927243.4945312,2025-12-16T23:20:43.494536+00:00
2204,1765927243.512824,2025-12-16T23:20:43.512828+00:00
2205,1765927243.52985,2025-12-16T23:20:43.529861+00:00
2206,1765927243.549846,2025-12-16T23:20:43.549852+00:00
2207,1765927243.5694132,2025-12-16T23:20:43.569414+00:00
2208,1765927243.587542,2025-12-16T23:20:43.587543+00:00
2209,1765927243.6082351,2025-12-16T23:20:43.608235+00:00
2210,1765927243.629083,2025-12-16T23:20:43.629083+00:00
2211,1765927243.647035,2025-12-16T23:20:43.647039+00:00
2212,1765927243.664201,2025-12-16T23:20:43.664202+00:00
2213,1765927243.681812,2025-12-16T23:20:43.681814+00:00
2214,1765927243.701942,2025-12-16T23:20:43.701946+00:00
2215,1765927243.721958,2025-12-16T23:20:43.721961+00:00
2216,1765927243.739905,2025-12-16T23:20:43.739909+00:00
2217,1765927243.759548,2025-12-16T23:20:43.759551+00:00
2218,1765927243.7802691,2025-12-16T23:20:43.780270+00:00
2219,1765927243.798878,2025-12-16T23:20:43.798881+00:00
2220,1765927243.815715,2025-12-16T23:20:43.815716+00:00
2221,1765927243.8357508,2025-12-16T23:20:43.835759+00:00
2222,1765927243.8564632,2025-12-16T23:20:43.856464+00:00
2223,1765927243.874434,2025-12-16T23:20:43.874439+00:00
2224,1765927243.895328,2025-12-16T23:20:43.895330+00:00
2225,1765927243.913625,2025-12-16T23:20:43.913628+00:00
2226,1765927243.931267,2025-12-16T23:20:43.931268+00:00
2227,1765927243.952139,2025-12-16T23:20:43.952144+00:00
2228,1765927243.972019,2025-12-16T23:20:43.972022+00:00
2229,1765927243.99244,2025-12-16T23:20:43.992447+00:00
2230,1765927244.012956,2025-12-16T23:20:44.012960+00:00
2231,1765927244.029933,2025-12-16T23:20:44.029934+00:00
2232,1765927244.0507982,2025-12-16T23:20:44.050800+00:00
2233,1765927244.071664,2025-12-16T23:20:44.071664+00:00
2234,1765927244.092523,2025-12-16T23:20:44.092527+00:00
2235,1765927244.111694,2025-12-16T23:20:44.111697+00:00
2236,1765927244.1325812,2025-12-16T23:20:44.132583+00:00
2237,1765927244.153461,2025-12-16T23:20:44.153463+00:00
2238,1765927244.171134,2025-12-16T23:20:44.171137+00:00
2239,1765927244.192016,2025-12-16T23:20:44.192022+00:00
2240,1765927244.2098439,2025-12-16T23:20:44.209847+00:00
2241,1765927244.230407,2025-12-16T23:20:44.230416+00:00
2242,1765927244.251292,2025-12-16T23:20:44.251293+00:00
2243,1765927244.268468,2025-12-16T23:20:44.268473+00:00
2244,1765927244.286329,2025-12-16T23:20:44.286334+00:00
2245,1765927244.305708,2025-12-16T23:20:44.305712+00:00
2246,1765927244.3259368,2025-12-16T23:20:44.325941+00:00
2247,1765927244.343551,2025-12-16T23:20:44.343555+00:00
2248,1765927244.364439,2025-12-16T23:20:44.364442+00:00
2249,1765927244.385327,2025-12-16T23:20:44.385330+00:00
2250,1765927244.406207,2025-12-16T23:20:44.406209+00:00
2251,1765927244.427097,2025-12-16T23:20:44.427100+00:00
2252,1765927244.446947,2025-12-16T23:20:44.446967+00:00
2253,1765927244.467326,2025-12-16T23:20:44.467330+00:00
2254,1765927244.4859462,2025-12-16T23:20:44.485950+00:00
2255,1765927244.505012,2025-12-16T23:20:44.505013+00:00
2256,1765927244.525551,2025-12-16T23:20:44.525556+00:00
2257,1765927244.5453818,2025-12-16T23:20:44.545385+00:00
2258,1765927244.56215,2025-12-16T23:20:44.562155+00:00
2259,1765927244.580574,2025-12-16T23:20:44.580575+00:00
2260,1765927244.599542,2025-12-16T23:20:44.599543+00:00
2261,1765927244.620437,2025-12-16T23:20:44.620443+00:00
2262,1765927244.641334,2025-12-16T23:20:44.641336+00:00
2263,1765927244.6608179,2025-12-16T23:20:44.660823+00:00
2264,1765927244.6802921,2025-12-16T23:20:44.680294+00:00
2265,1765927244.7005901,2025-12-16T23:20:44.700592+00:00
2266,1765927244.721448,2025-12-16T23:20:44.721449+00:00
2267,1765927244.741871,2025-12-16T23:20:44.741873+00:00
2268,1765927244.762191,2025-12-16T23:20:44.762206+00:00
2269,1765927244.779605,2025-12-16T23:20:44.779608+00:00
2270,1765927244.8005068,2025-12-16T23:20:44.800513+00:00
2271,1765927244.817458,2025-12-16T23:20:44.817460+00:00
2272,1765927244.838358,2025-12-16T23:20:44.838362+00:00
2273,1765927244.859242,2025-12-16T23:20:44.859246+00:00
2274,1765927244.8793972,2025-12-16T23:20:44.879409+00:00
2275,1765927244.8969688,2025-12-16T23:20:44.897002+00:00
2276,1765927244.9175758,2025-12-16T23:20:44.917580+00:00
2277,1765927244.938455,2025-12-16T23:20:44.938456+00:00
2278,1765927244.959326,2025-12-16T23:20:44.959330+00:00
2279,1765927244.979616,2025-12-16T23:20:44.979618+00:00
2280,1765927244.9969978,2025-12-16T23:20:44.997002+00:00
2281,1765927245.0164459,2025-12-16T23:20:45.016447+00:00
2282,1765927245.034761,2025-12-16T23:20:45.034763+00:00
2283,1765927245.053334,2025-12-16T23:20:45.053336+00:00
2284,1765927245.0719419,2025-12-16T23:20:45.071944+00:00
2285,1765927245.092799,2025-12-16T23:20:45.092800+00:00
2286,1765927245.113604,2025-12-16T23:20:45.113608+00:00
2287,1765927245.132431,2025-12-16T23:20:45.132434+00:00
2288,1765927245.152648,2025-12-16T23:20:45.152650+00:00
2289,1765927245.1735208,2025-12-16T23:20:45.173523+00:00
2290,1765927245.194398,2025-12-16T23:20:45.194403+00:00
2291,1765927245.211253,2025-12-16T23:20:45.211254+00:00
2292,1765927245.229957,2025-12-16T23:20:45.229960+00:00
2293,1765927245.250824,2025-12-16T23:20:45.250825+00:00
2294,1765927245.271701,2025-12-16T23:20:45.271705+00:00
2295,1765927245.289561,2025-12-16T23:20:45.289564+00:00
2296,1765927245.310432,2025-12-16T23:20:45.310436+00:00
2297,1765927245.331319,2025-12-16T23:20:45.331323+00:00
2298,1765927245.3501801,2025-12-16T23:20:45.350188+00:00
2299,1765927245.369684,2025-12-16T23:20:45.369686+00:00
2300,1765927245.3905542,2025-12-16T23:20:45.390557+00:00
2301,1765927245.4114418,2025-12-16T23:20:45.411447+00:00
2302,1765927245.43034,2025-12-16T23:20:45.430345+00:00
2303,1765927245.4512398,2025-12-16T23:20:45.451241+00:00
2304,1765927245.4719748,2025-12-16T23:20:45.471980+00:00
2305,1765927245.4928691,2025-12-16T23:20:45.492872+00:00
2306,1765927245.5118191,2025-12-16T23:20:45.511824+00:00
2307,1765927245.532707,2025-12-16T23:20:45.532709+00:00
2308,1765927245.5535932,2025-12-16T23:20:45.553595+00:00
2309,1765927245.5744681,2025-12-16T23:20:45.574471+00:00
2310,1765927245.591597,2025-12-16T23:20:45.591599+00:00
2311,1765927245.612458,2025-12-16T23:20:45.612459+00:00
2312,1765927245.6326988,2025-12-16T23:20:45.632701+00:00
2313,1765927245.6508641,2025-12-16T23:20:45.650876+00:00
2314,1765927245.671385,2025-12-16T23:20:45.671390+00:00
2315,1765927245.692329,2025-12-16T23:20:45.692332+00:00
2316,1765927245.709125,2025-12-16T23:20:45.709130+00:00
2317,1765927245.730026,2025-12-16T23:20:45.730029+00:00
2318,1765927245.7499049,2025-12-16T23:20:45.749905+00:00
2319,1765927245.7671769,2025-12-16T23:20:45.767177+00:00
2320,1765927245.788028,2025-12-16T23:20:45.788043+00:00
2321,1765927245.808911,2025-12-16T23:20:45.808916+00:00
2322,1765927245.829794,2025-12-16T23:20:45.829796+00:00
2323,1765927245.850677,2025-12-16T23:20:45.850686+00:00
2324,1765927245.868766,2025-12-16T23:20:45.868771+00:00
2325,1765927245.888641,2025-12-16T23:20:45.888647+00:00
2326,1765927245.9095192,2025-12-16T23:20:45.909523+00:00
2327,1765927245.930243,2025-12-16T23:20:45.930245+00:00
2328,1765927245.9470289,2025-12-16T23:20:45.947034+00:00
2329,1765927245.967859,2025-12-16T23:20:45.967863+00:00
2330,1765927245.988579,2025-12-16T23:20:45.988581+00:00
2331,1765927246.005932,2025-12-16T23:20:46.005933+00:00
2332,1765927246.026819,2025-12-16T23:20:46.026821+00:00
2333,1765927246.0469792,2025-12-16T23:20:46.046980+00:00
2334,1765927246.066624,2025-12-16T23:20:46.066626+00:00
2335,1765927246.087494,2025-12-16T23:20:46.087499+00:00
2336,1765927246.1083992,2025-12-16T23:20:46.108405+00:00
2337,1765927246.1292968,2025-12-16T23:20:46.129301+00:00
2338,1765927246.14705,2025-12-16T23:20:46.147054+00:00
2339,1765927246.167941,2025-12-16T23:20:46.167944+00:00
2340,1765927246.1859179,2025-12-16T23:20:46.185919+00:00
2341,1765927246.205576,2025-12-16T23:20:46.205580+00:00
2342,1765927246.226457,2025-12-16T23:20:46.226458+00:00
2343,1765927246.246924,2025-12-16T23:20:46.246925+00:00
2344,1765927246.267775,2025-12-16T23:20:46.267776+00:00
2345,1765927246.285413,2025-12-16T23:20:46.285418+00:00
2346,1765927246.304699,2025-12-16T23:20:46.304706+00:00
2347,1765927246.325598,2025-12-16T23:20:46.325599+00:00
2348,1765927246.346535,2025-12-16T23:20:46.346539+00:00
2349,1765927246.363582,2025-12-16T23:20:46.363587+00:00
2350,1765927246.384494,2025-12-16T23:20:46.384499+00:00
2351,1765927246.402503,2025-12-16T23:20:46.402504+00:00
2352,1765927246.422278,2025-12-16T23:20:46.422283+00:00
2353,1765927246.4393442,2025-12-16T23:20:46.439345+00:00
2354,1765927246.460201,2025-12-16T23:20:46.460205+00:00
2355,1765927246.4810922,2025-12-16T23:20:46.481096+00:00
2356,1765927246.502023,2025-12-16T23:20:46.502032+00:00
2357,1765927246.5229409,2025-12-16T23:20:46.522944+00:00
2358,1765927246.539925,2025-12-16T23:20:46.539929+00:00
2359,1765927246.5607839,2025-12-16T23:20:46.560787+00:00
2360,1765927246.581677,2025-12-16T23:20:46.581681+00:00
2361,1765927246.5990882,2025-12-16T23:20:46.599091+00:00
2362,1765927246.618988,2025-12-16T23:20:46.618990+00:00
2363,1765927246.639869,2025-12-16T23:20:46.639873+00:00
2364,1765927246.660782,2025-12-16T23:20:46.660788+00:00
2365,1765927246.680846,2025-12-16T23:20:46.680849+00:00
2366,1765927246.701719,2025-12-16T23:20:46.701720+00:00
2367,1765927246.721523,2025-12-16T23:20:46.721528+00:00
2368,1765927246.742422,2025-12-16T23:20:46.742423+00:00
2369,1765927246.7622888,2025-12-16T23:20:46.762292+00:00
2370,1765927246.7801049,2025-12-16T23:20:46.780107+00:00
2371,1765927246.8009868,2025-12-16T23:20:46.800991+00:00
2372,1765927246.819718,2025-12-16T23:20:46.819719+00:00
2373,1765927246.840127,2025-12-16T23:20:46.840130+00:00
2374,1765927246.861015,2025-12-16T23:20:46.861019+00:00
2375,1765927246.879402,2025-12-16T23:20:46.879405+00:00
2376,1765927246.897782,2025-12-16T23:20:46.897783+00:00
2377,1765927246.91868,2025-12-16T23:20:46.918683+00:00
2378,1765927246.938647,2025-12-16T23:20:46.938650+00:00
2379,1765927246.959518,2025-12-16T23:20:46.959520+00:00
2380,1765927246.9784698,2025-12-16T23:20:46.978473+00:00
2381,1765927246.997025,2025-12-16T23:20:46.997029+00:00
2382,1765927247.017928,2025-12-16T23:20:47.017930+00:00
2383,1765927247.0386848,2025-12-16T23:20:47.038687+00:00
2384,1765927247.055462,2025-12-16T23:20:47.055466+00:00
2385,1765927247.072593,2025-12-16T23:20:47.072599+00:00
2386,1765927247.092125,2025-12-16T23:20:47.092138+00:00
2387,1765927247.113056,2025-12-16T23:20:47.113061+00:00
2388,1765927247.1313238,2025-12-16T23:20:47.131328+00:00
2389,1765927247.148615,2025-12-16T23:20:47.148618+00:00
2390,1765927247.169517,2025-12-16T23:20:47.169520+00:00
2391,1765927247.187237,2025-12-16T23:20:47.187242+00:00
2392,1765927247.208148,2025-12-16T23:20:47.208152+00:00
2393,1765927247.229067,2025-12-16T23:20:47.229071+00:00
2394,1765927247.2484858,2025-12-16T23:20:47.248487+00:00
2395,1765927247.269342,2025-12-16T23:20:47.269344+00:00
2396,1765927247.290198,2025-12-16T23:20:47.290201+00:00
2397,1765927247.30729,2025-12-16T23:20:47.307305+00:00
2398,1765927247.328165,2025-12-16T23:20:47.328167+00:00
2399,1765927247.346365,2025-12-16T23:20:47.346367+00:00
2400,1765927247.363643,2025-12-16T23:20:47.363656+00:00
2401,1765927247.3845172,2025-12-16T23:20:47.384518+00:00
2402,1765927247.404326,2025-12-16T23:20:47.404327+00:00
2403,1765927247.421912,2025-12-16T23:20:47.421915+00:00
2404,1765927247.440639,2025-12-16T23:20:47.440642+00:00
2405,1765927247.457889,2025-12-16T23:20:47.457895+00:00
2406,1765927247.4787672,2025-12-16T23:20:47.478770+00:00
2407,1765927247.4969459,2025-12-16T23:20:47.496954+00:00
2408,1765927247.514139,2025-12-16T23:20:47.514142+00:00
2409,1765927247.5335062,2025-12-16T23:20:47.533508+00:00
2410,1765927247.554394,2025-12-16T23:20:47.554396+00:00
2411,1765927247.574084,2025-12-16T23:20:47.574086+00:00
2412,1765927247.591279,2025-12-16T23:20:47.591282+00:00
2413,1765927247.612162,2025-12-16T23:20:47.612164+00:00
2414,1765927247.63304,2025-12-16T23:20:47.633042+00:00
2415,1765927247.6539001,2025-12-16T23:20:47.653901+00:00
2416,1765927247.671175,2025-12-16T23:20:47.671177+00:00
2417,1765927247.688552,2025-12-16T23:20:47.688553+00:00
2418,1765927247.709274,2025-12-16T23:20:47.709277+00:00
2419,1765927247.7301571,2025-12-16T23:20:47.730158+00:00
2420,1765927247.7510028,2025-12-16T23:20:47.751003+00:00
2421,1765927247.771725,2025-12-16T23:20:47.771726+00:00
2422,1765927247.792613,2025-12-16T23:20:47.792618+00:00
2423,1765927247.810901,2025-12-16T23:20:47.810904+00:00
2424,1765927247.830241,2025-12-16T23:20:47.830245+00:00
2425,1765927247.847044,2025-12-16T23:20:47.847046+00:00
2426,1765927247.8643148,2025-12-16T23:20:47.864319+00:00
2427,1765927247.8824801,2025-12-16T23:20:47.882488+00:00
2428,1765927247.9033978,2025-12-16T23:20:47.903403+00:00
2429,1765927247.92168,2025-12-16T23:20:47.921683+00:00
2430,1765927247.9390578,2025-12-16T23:20:47.939059+00:00
2431,1765927247.959927,2025-12-16T23:20:47.959929+00:00
2432,1765927247.980303,2025-12-16T23:20:47.980303+00:00
2433,1765927248.001167,2025-12-16T23:20:48.001171+00:00
2434,1765927248.021879,2025-12-16T23:20:48.021880+00:00
2435,1765927248.038643,2025-12-16T23:20:48.038643+00:00
2436,1765927248.056622,2025-12-16T23:20:48.056622+00:00
2437,1765927248.075841,2025-12-16T23:20:48.075844+00:00
2438,1765927248.096148,2025-12-16T23:20:48.096150+00:00
2439,1765927248.1164422,2025-12-16T23:20:48.116443+00:00
2440,1765927248.134992,2025-12-16T23:20:48.134994+00:00
2441,1765927248.1520052,2025-12-16T23:20:48.152006+00:00
2442,1765927248.1728761,2025-12-16T23:20:48.172878+00:00
2443,1765927248.1932611,2025-12-16T23:20:48.193262+00:00
2444,1765927248.2136052,2025-12-16T23:20:48.213609+00:00
2445,1765927248.230352,2025-12-16T23:20:48.230354+00:00
2446,1765927248.247073,2025-12-16T23:20:48.247074+00:00
2447,1765927248.267924,2025-12-16T23:20:48.267925+00:00
2448,1765927248.2887838,2025-12-16T23:20:48.288785+00:00
2449,1765927248.309658,2025-12-16T23:20:48.309662+00:00
2450,1765927248.3265479,2025-12-16T23:20:48.326550+00:00
2451,1765927248.344778,2025-12-16T23:20:48.344779+00:00
2452,1765927248.365643,2025-12-16T23:20:48.365648+00:00
2453,1765927248.384555,2025-12-16T23:20:48.384561+00:00
2454,1765927248.405211,2025-12-16T23:20:48.405212+00:00
2455,1765927248.423054,2025-12-16T23:20:48.423057+00:00
2456,1765927248.443957,2025-12-16T23:20:48.443959+00:00
2457,1765927248.463573,2025-12-16T23:20:48.463575+00:00
2458,1765927248.482603,2025-12-16T23:20:48.482604+00:00
2459,1765927248.5034618,2025-12-16T23:20:48.503472+00:00
2460,1765927248.52435,2025-12-16T23:20:48.524352+00:00
2461,1765927248.545217,2025-12-16T23:20:48.545218+00:00
2462,1765927248.56608,2025-12-16T23:20:48.566081+00:00
2463,1765927248.5829718,2025-12-16T23:20:48.582972+00:00
2464,1765927248.601701,2025-12-16T23:20:48.601703+00:00
2465,1765927248.619914,2025-12-16T23:20:48.619914+00:00
2466,1765927248.63861,2025-12-16T23:20:48.638613+00:00
2467,1765927248.6584818,2025-12-16T23:20:48.658484+00:00
2468,1765927248.678815,2025-12-16T23:20:48.678816+00:00
2469,1765927248.6996748,2025-12-16T23:20:48.699678+00:00
2470,1765927248.72056,2025-12-16T23:20:48.720562+00:00
2471,1765927248.7414389,2025-12-16T23:20:48.741443+00:00
2472,1765927248.7623281,2025-12-16T23:20:48.762330+00:00
2473,1765927248.779833,2025-12-16T23:20:48.779835+00:00
2474,1765927248.796866,2025-12-16T23:20:48.796867+00:00
2475,1765927248.816023,2025-12-16T23:20:48.816025+00:00
2476,1765927248.836895,2025-12-16T23:20:48.836896+00:00
2477,1765927248.857368,2025-12-16T23:20:48.857370+00:00
2478,1765927248.875733,2025-12-16T23:20:48.875735+00:00
2479,1765927248.8943412,2025-12-16T23:20:48.894355+00:00
2480,1765927248.914195,2025-12-16T23:20:48.914199+00:00
2481,1765927248.935096,2025-12-16T23:20:48.935103+00:00
2482,1765927248.955242,2025-12-16T23:20:48.955246+00:00
2483,1765927248.976116,2025-12-16T23:20:48.976118+00:00
2484,1765927248.9959528,2025-12-16T23:20:48.995954+00:00
2485,1765927249.013539,2025-12-16T23:20:49.013544+00:00
2486,1765927249.030328,2025-12-16T23:20:49.030342+00:00
2487,1765927249.047319,2025-12-16T23:20:49.047320+00:00
2488,1765927249.0668008,2025-12-16T23:20:49.066806+00:00
2489,1765927249.085491,2025-12-16T23:20:49.085495+00:00
2490,1765927249.105201,2025-12-16T23:20:49.105202+00:00
2491,1765927249.1219509,2025-12-16T23:20:49.121954+00:00
2492,1765927249.142833,2025-12-16T23:20:49.142834+00:00
2493,1765927249.163703,2025-12-16T23:20:49.163707+00:00
2494,1765927249.184556,2025-12-16T23:20:49.184559+00:00
2495,1765927249.205216,2025-12-16T23:20:49.205223+00:00
2496,1765927249.224606,2025-12-16T23:20:49.224610+00:00
2497,1765927249.245489,2025-12-16T23:20:49.245491+00:00
2498,1765927249.265635,2025-12-16T23:20:49.265635+00:00
2499,1765927249.2827551,2025-12-16T23:20:49.282755+00:00
2500,1765927249.3036108,2025-12-16T23:20:49.303613+00:00
2501,1765927249.321877,2025-12-16T23:20:49.321878+00:00
2502,1765927249.340904,2025-12-16T23:20:49.340906+00:00
2503,1765927249.361593,2025-12-16T23:20:49.361597+00:00
2504,1765927249.379483,2025-12-16T23:20:49.379491+00:00
2505,1765927249.396868,2025-12-16T23:20:49.396870+00:00
2506,1765927249.414901,2025-12-16T23:20:49.414902+00:00
2507,1765927249.431731,2025-12-16T23:20:49.431732+00:00
2508,1765927249.4518988,2025-12-16T23:20:49.451901+00:00
2509,1765927249.471893,2025-12-16T23:20:49.471912+00:00
2510,1765927249.492322,2025-12-16T23:20:49.492325+00:00
2511,1765927249.51321,2025-12-16T23:20:49.513215+00:00
2512,1765927249.5341,2025-12-16T23:20:49.534106+00:00
2513,1765927249.554284,2025-12-16T23:20:49.554288+00:00
2514,1765927249.575273,2025-12-16T23:20:49.575280+00:00
2515,1765927249.596761,2025-12-16T23:20:49.596770+00:00
2516,1765927249.615176,2025-12-16T23:20:49.615222+00:00
2517,1765927249.636222,2025-12-16T23:20:49.636228+00:00
2518,1765927249.6581151,2025-12-16T23:20:49.658118+00:00
2519,1765927249.674987,2025-12-16T23:20:49.674999+00:00
2520,1765927249.694022,2025-12-16T23:20:49.694027+00:00
2521,1765927249.7132611,2025-12-16T23:20:49.713264+00:00
2522,1765927249.733462,2025-12-16T23:20:49.733467+00:00
2523,1765927249.754387,2025-12-16T23:20:49.754395+00:00
2524,1765927249.7729092,2025-12-16T23:20:49.772912+00:00
2525,1765927249.793289,2025-12-16T23:20:49.793294+00:00
2526,1765927249.812778,2025-12-16T23:20:49.812781+00:00
2527,1765927249.833649,2025-12-16T23:20:49.833652+00:00
2528,1765927249.8520691,2025-12-16T23:20:49.852073+00:00
2529,1765927249.8693628,2025-12-16T23:20:49.869369+00:00
2530,1765927249.889558,2025-12-16T23:20:49.889563+00:00
2531,1765927249.906875,2025-12-16T23:20:49.906878+00:00
2532,1765927249.927752,2025-12-16T23:20:49.927757+00:00
2533,1765927249.9469628,2025-12-16T23:20:49.946972+00:00
2534,1765927249.9656901,2025-12-16T23:20:49.965695+00:00
2535,1765927249.985651,2025-12-16T23:20:49.985656+00:00
2536,1765927250.005383,2025-12-16T23:20:50.005387+00:00
2537,1765927250.024622,2025-12-16T23:20:50.024624+00:00
2538,1765927250.045483,2025-12-16T23:20:50.045486+00:00
2539,1765927250.063532,2025-12-16T23:20:50.063536+00:00
2540,1765927250.084427,2025-12-16T23:20:50.084429+00:00
2541,1765927250.103572,2025-12-16T23:20:50.103577+00:00
2542,1765927250.124278,2025-12-16T23:20:50.124288+00:00
2543,1765927250.142494,2025-12-16T23:20:50.142498+00:00
2544,1765927250.1633952,2025-12-16T23:20:50.163399+00:00
2545,1765927250.1836748,2025-12-16T23:20:50.183680+00:00
2546,1765927250.204566,2025-12-16T23:20:50.204570+00:00
2547,1765927250.22547,2025-12-16T23:20:50.225474+00:00
2548,1765927250.243432,2025-12-16T23:20:50.243437+00:00
2549,1765927250.2626612,2025-12-16T23:20:50.262663+00:00
2550,1765927250.2802188,2025-12-16T23:20:50.280224+00:00
2551,1765927250.301383,2025-12-16T23:20:50.301387+00:00
2552,1765927250.3218718,2025-12-16T23:20:50.321878+00:00
2553,1765927250.342819,2025-12-16T23:20:50.342832+00:00
2554,1765927250.3598258,2025-12-16T23:20:50.359830+00:00
2555,1765927250.380388,2025-12-16T23:20:50.380400+00:00
2556,1765927250.401328,2025-12-16T23:20:50.401333+00:00
2557,1765927250.4209201,2025-12-16T23:20:50.420927+00:00
2558,1765927250.438585,2025-12-16T23:20:50.438596+00:00
2559,1765927250.4574149,2025-12-16T23:20:50.457418+00:00
2560,1765927250.476637,2025-12-16T23:20:50.476642+00:00
2561,1765927250.4968572,2025-12-16T23:20:50.496862+00:00
2562,1765927250.515701,2025-12-16T23:20:50.515709+00:00
2563,1765927250.536604,2025-12-16T23:20:50.536608+00:00
2564,1765927250.556352,2025-12-16T23:20:50.556373+00:00
2565,1765927250.575148,2025-12-16T23:20:50.575151+00:00
2566,1765927250.594242,2025-12-16T23:20:50.594243+00:00
2567,1765927250.61311,2025-12-16T23:20:50.613113+00:00
2568,1765927250.634065,2025-12-16T23:20:50.634070+00:00
2569,1765927250.65495,2025-12-16T23:20:50.654956+00:00
2570,1765927250.6738079,2025-12-16T23:20:50.673813+00:00
2571,1765927250.694699,2025-12-16T23:20:50.694702+00:00
2572,1765927250.715204,2025-12-16T23:20:50.715210+00:00
2573,1765927250.7327712,2025-12-16T23:20:50.732776+00:00
2574,1765927250.753692,2025-12-16T23:20:50.753697+00:00
2575,1765927250.7724512,2025-12-16T23:20:50.772457+00:00
2576,1765927250.793359,2025-12-16T23:20:50.793361+00:00
2577,1765927250.812043,2025-12-16T23:20:50.812046+00:00
2578,1765927250.82897,2025-12-16T23:20:50.828977+00:00
2579,1765927250.846496,2025-12-16T23:20:50.846501+00:00
2580,1765927250.863512,2025-12-16T23:20:50.863520+00:00
2581,1765927250.88446,2025-12-16T23:20:50.884467+00:00
2582,1765927250.905379,2025-12-16T23:20:50.905384+00:00
2583,1765927250.926274,2025-12-16T23:20:50.926278+00:00
2584,1765927250.947196,2025-12-16T23:20:50.947201+00:00
2585,1765927250.966717,2025-12-16T23:20:50.966720+00:00
2586,1765927250.986221,2025-12-16T23:20:50.986226+00:00
2587,1765927251.005207,2025-12-16T23:20:51.005217+00:00
2588,1765927251.024408,2025-12-16T23:20:51.024411+00:00
2589,1765927251.045318,2025-12-16T23:20:51.045321+00:00
2590,1765927251.066228,2025-12-16T23:20:51.066234+00:00
2591,1765927251.085557,2025-12-16T23:20:51.085561+00:00
2592,1765927251.104825,2025-12-16T23:20:51.104826+00:00
2593,1765927251.121863,2025-12-16T23:20:51.121887+00:00
2594,1765927251.141929,2025-12-16T23:20:51.141930+00:00
2595,1765927251.160117,2025-12-16T23:20:51.160120+00:00
2596,1765927251.1809862,2025-12-16T23:20:51.180990+00:00
2597,1765927251.2005508,2025-12-16T23:20:51.200556+00:00
2598,1765927251.221466,2025-12-16T23:20:51.221469+00:00
2599,1765927251.238323,2025-12-16T23:20:51.238325+00:00
2600,1765927251.2551732,2025-12-16T23:20:51.255174+00:00
2601,1765927251.27603,2025-12-16T23:20:51.276032+00:00
2602,1765927251.2968462,2025-12-16T23:20:51.296849+00:00
2603,1765927251.313635,2025-12-16T23:20:51.313637+00:00
2604,1765927251.334487,2025-12-16T23:20:51.334488+00:00
2605,1765927251.355341,2025-12-16T23:20:51.355342+00:00
2606,1765927251.376194,2025-12-16T23:20:51.376196+00:00
2607,1765927251.396899,2025-12-16T23:20:51.396903+00:00
2608,1765927251.417782,2025-12-16T23:20:51.417786+00:00
2609,1765927251.43869,2025-12-16T23:20:51.438692+00:00
2610,1765927251.458325,2025-12-16T23:20:51.458326+00:00
2611,1765927251.4791832,2025-12-16T23:20:51.479187+00:00
2612,1765927251.4993112,2025-12-16T23:20:51.499317+00:00
2613,1765927251.520236,2025-12-16T23:20:51.520241+00:00
2614,1765927251.5385962,2025-12-16T23:20:51.538599+00:00
2615,1765927251.555912,2025-12-16T23:20:51.555922+00:00
2616,1765927251.576789,2025-12-16T23:20:51.576791+00:00
2617,1765927251.597672,2025-12-16T23:20:51.597674+00:00
2618,1765927251.616016,2025-12-16T23:20:51.616021+00:00
2619,1765927251.636927,2025-12-16T23:20:51.636929+00:00
2620,1765927251.655162,2025-12-16T23:20:51.655163+00:00
2621,1765927251.6760361,2025-12-16T23:20:51.676038+00:00
2622,1765927251.6953568,2025-12-16T23:20:51.695360+00:00
2623,1765927251.713572,2025-12-16T23:20:51.713576+00:00
2624,1765927251.734468,2025-12-16T23:20:51.734471+00:00
2625,1765927251.752531,2025-12-16T23:20:51.752532+00:00
2626,1765927251.7718568,2025-12-16T23:20:51.771858+00:00
2627,1765927251.7888541,2025-12-16T23:20:51.788855+00:00
2628,1765927251.80972,2025-12-16T23:20:51.809723+00:00
2629,1765927251.829885,2025-12-16T23:20:51.829890+00:00
2630,1765927251.850794,2025-12-16T23:20:51.850795+00:00
2631,1765927251.871656,2025-12-16T23:20:51.871657+00:00
2632,1765927251.888661,2025-12-16T23:20:51.888670+00:00
2633,1765927251.9055092,2025-12-16T23:20:51.905513+00:00
2634,1765927251.9262981,2025-12-16T23:20:51.926300+00:00
2635,1765927251.94524,2025-12-16T23:20:51.945243+00:00
2636,1765927251.9637382,2025-12-16T23:20:51.963741+00:00
2637,1765927251.983304,2025-12-16T23:20:51.983308+00:00
2638,1765927252.0041869,2025-12-16T23:20:52.004188+00:00
2639,1765927252.022292,2025-12-16T23:20:52.022293+00:00
2640,1765927252.0426629,2025-12-16T23:20:52.042664+00:00
2641,1765927252.0600011,2025-12-16T23:20:52.060004+00:00
2642,1765927252.08055,2025-12-16T23:20:52.080553+00:00
2643,1765927252.101443,2025-12-16T23:20:52.101448+00:00
2644,1765927252.122358,2025-12-16T23:20:52.122361+00:00
2645,1765927252.139843,2025-12-16T23:20:52.139848+00:00
2646,1765927252.160746,2025-12-16T23:20:52.160751+00:00
2647,1765927252.1799092,2025-12-16T23:20:52.179913+00:00
2648,1765927252.1999612,2025-12-16T23:20:52.199963+00:00
2649,1765927252.2208252,2025-12-16T23:20:52.220828+00:00
2650,1765927252.2380002,2025-12-16T23:20:52.238002+00:00
2651,1765927252.2583082,2025-12-16T23:20:52.258319+00:00
2652,1765927252.278218,2025-12-16T23:20:52.278221+00:00
2653,1765927252.299104,2025-12-16T23:20:52.299107+00:00
2654,1765927252.319979,2025-12-16T23:20:52.319983+00:00
2655,1765927252.336782,2025-12-16T23:20:52.336785+00:00
2656,1765927252.357292,2025-12-16T23:20:52.357293+00:00
2657,1765927252.3749561,2025-12-16T23:20:52.374959+00:00
2658,1765927252.3926148,2025-12-16T23:20:52.392618+00:00
2659,1765927252.4134889,2025-12-16T23:20:52.413494+00:00
2660,1765927252.432606,2025-12-16T23:20:52.432611+00:00
2661,1765927252.451536,2025-12-16T23:20:52.451537+00:00
2662,1765927252.469304,2025-12-16T23:20:52.469308+00:00
2663,1765927252.4901938,2025-12-16T23:20:52.490201+00:00
2664,1765927252.5093372,2025-12-16T23:20:52.509342+00:00
2665,1765927252.530178,2025-12-16T23:20:52.530184+00:00
2666,1765927252.5505412,2025-12-16T23:20:52.550593+00:00
2667,1765927252.567706,2025-12-16T23:20:52.567709+00:00
2668,1765927252.5885801,2025-12-16T23:20:52.588584+00:00
2669,1765927252.609474,2025-12-16T23:20:52.609478+00:00
2670,1765927252.6303658,2025-12-16T23:20:52.630371+00:00
2671,1765927252.6512399,2025-12-16T23:20:52.651242+00:00
2672,1765927252.6693969,2025-12-16T23:20:52.669401+00:00
2673,1765927252.687784,2025-12-16T23:20:52.687785+00:00
2674,1765927252.708708,2025-12-16T23:20:52.708714+00:00
2675,1765927252.7296388,2025-12-16T23:20:52.729644+00:00
2676,1765927252.7505338,2025-12-16T23:20:52.750535+00:00
2677,1765927252.771384,2025-12-16T23:20:52.771385+00:00
2678,1765927252.791723,2025-12-16T23:20:52.791728+00:00
2679,1765927252.812626,2025-12-16T23:20:52.812631+00:00
2680,1765927252.8335412,2025-12-16T23:20:52.833544+00:00
2681,1765927252.854184,2025-12-16T23:20:52.854185+00:00
2682,1765927252.875047,2025-12-16T23:20:52.875049+00:00
2683,1765927252.8918889,2025-12-16T23:20:52.891893+00:00
2684,1765927252.9112902,2025-12-16T23:20:52.911294+00:00
2685,1765927252.9304209,2025-12-16T23:20:52.930425+00:00
2686,1765927252.951327,2025-12-16T23:20:52.951330+00:00
2687,1765927252.972219,2025-12-16T23:20:52.972221+00:00
2688,1765927252.992712,2025-12-16T23:20:52.992714+00:00
2689,1765927253.012049,2025-12-16T23:20:53.012054+00:00
2690,1765927253.028949,2025-12-16T23:20:53.028951+00:00
2691,1765927253.047767,2025-12-16T23:20:53.047769+00:00
2692,1765927253.067709,2025-12-16T23:20:53.067711+00:00
2693,1765927253.088565,2025-12-16T23:20:53.088567+00:00
2694,1765927253.10943,2025-12-16T23:20:53.109434+00:00
2695,1765927253.128138,2025-12-16T23:20:53.128140+00:00
2696,1765927253.148934,2025-12-16T23:20:53.148939+00:00
2697,1765927253.168535,2025-12-16T23:20:53.168537+00:00
2698,1765927253.1860821,2025-12-16T23:20:53.186085+00:00
2699,1765927253.206964,2025-12-16T23:20:53.206969+00:00
2700,1765927253.22787,2025-12-16T23:20:53.227875+00:00
2701,1765927253.248759,2025-12-16T23:20:53.248771+00:00
2702,1765927253.266688,2025-12-16T23:20:53.266690+00:00
2703,1765927253.287565,2025-12-16T23:20:53.287569+00:00
2704,1765927253.30754,2025-12-16T23:20:53.307544+00:00
2705,1765927253.327384,2025-12-16T23:20:53.327386+00:00
2706,1765927253.345042,2025-12-16T23:20:53.345047+00:00
2707,1765927253.3658812,2025-12-16T23:20:53.365886+00:00
2708,1765927253.3867679,2025-12-16T23:20:53.386770+00:00
2709,1765927253.406286,2025-12-16T23:20:53.406290+00:00
2710,1765927253.4239612,2025-12-16T23:20:53.423964+00:00
2711,1765927253.442606,2025-12-16T23:20:53.442626+00:00
2712,1765927253.463145,2025-12-16T23:20:53.463146+00:00
2713,1765927253.484014,2025-12-16T23:20:53.484058+00:00
2714,1765927253.500944,2025-12-16T23:20:53.500947+00:00
2715,1765927253.521751,2025-12-16T23:20:53.521755+00:00
2716,1765927253.547907,2025-12-16T23:20:53.547913+00:00
2717,1765927253.565315,2025-12-16T23:20:53.565321+00:00
2718,1765927253.583918,2025-12-16T23:20:53.583921+00:00
2719,1765927253.604799,2025-12-16T23:20:53.604803+00:00
2720,1765927253.625704,2025-12-16T23:20:53.625706+00:00
2721,1765927253.646574,2025-12-16T23:20:53.646577+00:00
2722,1765927253.667457,2025-12-16T23:20:53.667460+00:00
2723,1765927253.6874182,2025-12-16T23:20:53.687421+00:00
2724,1765927253.708317,2025-12-16T23:20:53.708319+00:00
2725,1765927253.725995,2025-12-16T23:20:53.725999+00:00
2726,1765927253.7437801,2025-12-16T23:20:53.743783+00:00
2727,1765927253.764658,2025-12-16T23:20:53.764659+00:00
2728,1765927253.783799,2025-12-16T23:20:53.783850+00:00
2729,1765927253.80369,2025-12-16T23:20:53.803693+00:00
2730,1765927253.8245618,2025-12-16T23:20:53.824564+00:00
2731,1765927253.842721,2025-12-16T23:20:53.842730+00:00
2732,1765927253.8630269,2025-12-16T23:20:53.863028+00:00
2733,1765927253.8867111,2025-12-16T23:20:53.886713+00:00
2734,1765927253.9044049,2025-12-16T23:20:53.904409+00:00
2735,1765927253.921741,2025-12-16T23:20:53.921745+00:00
2736,1765927253.9411001,2025-12-16T23:20:53.941104+00:00
2737,1765927253.959323,2025-12-16T23:20:53.959325+00:00
2738,1765927253.980215,2025-12-16T23:20:53.980218+00:00
2739,1765927254.000967,2025-12-16T23:20:54.000971+00:00
2740,1765927254.018479,2025-12-16T23:20:54.018482+00:00
2741,1765927254.037854,2025-12-16T23:20:54.037855+00:00
2742,1765927254.0562031,2025-12-16T23:20:54.056204+00:00
2743,1765927254.076086,2025-12-16T23:20:54.076125+00:00
2744,1765927254.097026,2025-12-16T23:20:54.097029+00:00
2745,1765927254.117899,2025-12-16T23:20:54.117900+00:00
2746,1765927254.13473,2025-12-16T23:20:54.134731+00:00
2747,1765927254.1555882,2025-12-16T23:20:54.155589+00:00
2748,1765927254.176008,2025-12-16T23:20:54.176012+00:00
2749,1765927254.194012,2025-12-16T23:20:54.194015+00:00
2750,1765927254.2148852,2025-12-16T23:20:54.214889+00:00
2751,1765927254.235936,2025-12-16T23:20:54.235938+00:00
2752,1765927254.256808,2025-12-16T23:20:54.256810+00:00
2753,1765927254.274061,2025-12-16T23:20:54.274062+00:00
2754,1765927254.29493,2025-12-16T23:20:54.294935+00:00
2755,1765927254.31582,2025-12-16T23:20:54.315823+00:00
2756,1765927254.3357692,2025-12-16T23:20:54.335771+00:00
2757,1765927254.353784,2025-12-16T23:20:54.353788+00:00
2758,1765927254.372828,2025-12-16T23:20:54.372829+00:00
2759,1765927254.391946,2025-12-16T23:20:54.391955+00:00
2760,1765927254.412846,2025-12-16T23:20:54.412857+00:00
2761,1765927254.433758,2025-12-16T23:20:54.433761+00:00
2762,1765927254.45095,2025-12-16T23:20:54.450951+00:00
2763,1765927254.468791,2025-12-16T23:20:54.468795+00:00
2764,1765927254.4883342,2025-12-16T23:20:54.488341+00:00
2765,1765927254.5088398,2025-12-16T23:20:54.508846+00:00
2766,1765927254.529713,2025-12-16T23:20:54.529715+00:00
2767,1765927254.548126,2025-12-16T23:20:54.548127+00:00
2768,1765927254.567671,2025-12-16T23:20:54.567673+00:00
2769,1765927254.588532,2025-12-16T23:20:54.588536+00:00
2770,1765927254.608523,2025-12-16T23:20:54.608527+00:00
2771,1765927254.6258051,2025-12-16T23:20:54.625807+00:00
2772,1765927254.6453881,2025-12-16T23:20:54.645390+00:00
2773,1765927254.662113,2025-12-16T23:20:54.662128+00:00
2774,1765927254.683014,2025-12-16T23:20:54.683017+00:00
2775,1765927254.699898,2025-12-16T23:20:54.699900+00:00
2776,1765927254.718699,2025-12-16T23:20:54.718701+00:00
2777,1765927254.7395132,2025-12-16T23:20:54.739521+00:00
2778,1765927254.7604082,2025-12-16T23:20:54.760409+00:00
2779,1765927254.778052,2025-12-16T23:20:54.778055+00:00
2780,1765927254.795192,2025-12-16T23:20:54.795198+00:00
2781,1765927254.816103,2025-12-16T23:20:54.816106+00:00
2782,1765927254.83416,2025-12-16T23:20:54.834161+00:00
2783,1765927254.851004,2025-12-16T23:20:54.851007+00:00
2784,1765927254.867807,2025-12-16T23:20:54.867811+00:00
2785,1765927254.888705,2025-12-16T23:20:54.888708+00:00
2786,1765927254.90567,2025-12-16T23:20:54.905673+00:00
2787,1765927254.923968,2025-12-16T23:20:54.923970+00:00
2788,1765927254.9427252,2025-12-16T23:20:54.942726+00:00
2789,1765927254.9617422,2025-12-16T23:20:54.961745+00:00
2790,1765927254.9807382,2025-12-16T23:20:54.980745+00:00
2791,1765927255.0016582,2025-12-16T23:20:55.001663+00:00
2792,1765927255.021811,2025-12-16T23:20:55.021815+00:00
2793,1765927255.0407438,2025-12-16T23:20:55.040746+00:00
2794,1765927255.0592792,2025-12-16T23:20:55.059281+00:00
2795,1765927255.080132,2025-12-16T23:20:55.080133+00:00
2796,1765927255.10098,2025-12-16T23:20:55.100984+00:00
2797,1765927255.1216068,2025-12-16T23:20:55.121608+00:00
2798,1765927255.138654,2025-12-16T23:20:55.138654+00:00
2799,1765927255.159502,2025-12-16T23:20:55.159502+00:00
2800,1765927255.17921,2025-12-16T23:20:55.179212+00:00
2801,1765927255.200091,2025-12-16T23:20:55.200095+00:00
2802,1765927255.22099,2025-12-16T23:20:55.220995+00:00
2803,1765927255.241903,2025-12-16T23:20:55.241906+00:00
2804,1765927255.2589061,2025-12-16T23:20:55.258906+00:00
2805,1765927255.275769,2025-12-16T23:20:55.275770+00:00
2806,1765927255.295669,2025-12-16T23:20:55.295673+00:00
2807,1765927255.3165598,2025-12-16T23:20:55.316565+00:00
2808,1765927255.333601,2025-12-16T23:20:55.333603+00:00
2809,1765927255.350927,2025-12-16T23:20:55.350928+00:00
2810,1765927255.368284,2025-12-16T23:20:55.368288+00:00
2811,1765927255.385352,2025-12-16T23:20:55.385354+00:00
2812,1765927255.405421,2025-12-16T23:20:55.405426+00:00
2813,1765927255.42574,2025-12-16T23:20:55.425745+00:00
2814,1765927255.446657,2025-12-16T23:20:55.446661+00:00
2815,1765927255.4675589,2025-12-16T23:20:55.467664+00:00
2816,1765927255.488579,2025-12-16T23:20:55.488584+00:00
2817,1765927255.506491,2025-12-16T23:20:55.506495+00:00
2818,1765927255.5260181,2025-12-16T23:20:55.526019+00:00
2819,1765927255.546881,2025-12-16T23:20:55.546882+00:00
2820,1765927255.567638,2025-12-16T23:20:55.567642+00:00
2821,1765927255.588521,2025-12-16T23:20:55.588527+00:00
2822,1765927255.606847,2025-12-16T23:20:55.606852+00:00
2823,1765927255.625688,2025-12-16T23:20:55.625697+00:00
2824,1765927255.646241,2025-12-16T23:20:55.646243+00:00
2825,1765927255.667116,2025-12-16T23:20:55.667117+00:00
2826,1765927255.684393,2025-12-16T23:20:55.684393+00:00
2827,1765927255.70418,2025-12-16T23:20:55.704180+00:00
2828,1765927255.724438,2025-12-16T23:20:55.724441+00:00
2829,1765927255.745326,2025-12-16T23:20:55.745328+00:00
2830,1765927255.764568,2025-12-16T23:20:55.764574+00:00
2831,1765927255.784359,2025-12-16T23:20:55.784361+00:00
2832,1765927255.8025339,2025-12-16T23:20:55.802536+00:00
2833,1765927255.8234,2025-12-16T23:20:55.823401+00:00
2834,1765927255.842975,2025-12-16T23:20:55.842975+00:00
2835,1765927255.862241,2025-12-16T23:20:55.862242+00:00
2836,1765927255.882859,2025-12-16T23:20:55.882870+00:00
2837,1765927255.902434,2025-12-16T23:20:55.902436+00:00
2838,1765927255.9299479,2025-12-16T23:20:55.929959+00:00
2839,1765927255.947507,2025-12-16T23:20:55.947551+00:00
2840,1765927255.966687,2025-12-16T23:20:55.966691+00:00
2841,1765927255.992805,2025-12-16T23:20:55.995275+00:00
2842,1765927256.016991,2025-12-16T23:20:56.016993+00:00
2843,1765927256.03426,2025-12-16T23:20:56.034262+00:00
2844,1765927256.0551171,2025-12-16T23:20:56.055119+00:00
2845,1765927256.075989,2025-12-16T23:20:56.075992+00:00
2846,1765927256.0929658,2025-12-16T23:20:56.092968+00:00
2847,1765927256.1138391,2025-12-16T23:20:56.113843+00:00
2848,1765927256.13477,2025-12-16T23:20:56.134782+00:00
2849,1765927256.1573288,2025-12-16T23:20:56.157530+00:00
2850,1765927256.17832,2025-12-16T23:20:56.178325+00:00
2851,1765927256.195937,2025-12-16T23:20:56.195939+00:00
2852,1765927256.215404,2025-12-16T23:20:56.215405+00:00
2853,1765927256.234184,2025-12-16T23:20:56.234185+00:00
2854,1765927256.253261,2025-12-16T23:20:56.253265+00:00
2855,1765927256.2741692,2025-12-16T23:20:56.274171+00:00
2856,1765927256.292021,2025-12-16T23:20:56.292022+00:00
2857,1765927256.312882,2025-12-16T23:20:56.312884+00:00
2858,1765927256.333768,2025-12-16T23:20:56.333771+00:00
2859,1765927256.352941,2025-12-16T23:20:56.352945+00:00
2860,1765927256.373856,2025-12-16T23:20:56.373857+00:00
2861,1765927256.39266,2025-12-16T23:20:56.392663+00:00
2862,1765927256.411277,2025-12-16T23:20:56.411280+00:00
2863,1765927256.4321558,2025-12-16T23:20:56.432159+00:00
2864,1765927256.450593,2025-12-16T23:20:56.450597+00:00
2865,1765927256.467654,2025-12-16T23:20:56.467657+00:00
2866,1765927256.484417,2025-12-16T23:20:56.484419+00:00
2867,1765927256.504249,2025-12-16T23:20:56.504253+00:00
2868,1765927256.52488,2025-12-16T23:20:56.524884+00:00
2869,1765927256.542639,2025-12-16T23:20:56.542656+00:00
2870,1765927256.562437,2025-12-16T23:20:56.562439+00:00
2871,1765927256.579657,2025-12-16T23:20:56.579668+00:00
2872,1765927256.597478,2025-12-16T23:20:56.597486+00:00
2873,1765927256.6164322,2025-12-16T23:20:56.616436+00:00
2874,1765927256.63426,2025-12-16T23:20:56.634263+00:00
2875,1765927256.6510231,2025-12-16T23:20:56.651032+00:00
2876,1765927256.6717381,2025-12-16T23:20:56.671745+00:00
2877,1765927256.6924212,2025-12-16T23:20:56.692435+00:00
2878,1765927256.7134771,2025-12-16T23:20:56.713486+00:00
2879,1765927256.733622,2025-12-16T23:20:56.733625+00:00
2880,1765927256.754514,2025-12-16T23:20:56.754516+00:00
2881,1765927256.775027,2025-12-16T23:20:56.775030+00:00
2882,1765927256.794919,2025-12-16T23:20:56.794924+00:00
2883,1765927256.813039,2025-12-16T23:20:56.813044+00:00
2884,1765927256.8337831,2025-12-16T23:20:56.833789+00:00
2885,1765927256.854731,2025-12-16T23:20:56.854736+00:00
2886,1765927256.872802,2025-12-16T23:20:56.872806+00:00
2887,1765927256.892627,2025-12-16T23:20:56.892632+00:00
2888,1765927256.912996,2025-12-16T23:20:56.913000+00:00
2889,1765927256.9318552,2025-12-16T23:20:56.931859+00:00
2890,1765927256.949286,2025-12-16T23:20:56.949293+00:00
2891,1765927256.969089,2025-12-16T23:20:56.969144+00:00
2892,1765927256.990035,2025-12-16T23:20:56.990041+00:00
2893,1765927257.01108,2025-12-16T23:20:57.011084+00:00
2894,1765927257.031946,2025-12-16T23:20:57.031947+00:00
2895,1765927257.0519218,2025-12-16T23:20:57.051923+00:00
2896,1765927257.072782,2025-12-16T23:20:57.072784+00:00
2897,1765927257.093674,2025-12-16T23:20:57.093678+00:00
2898,1765927257.114593,2025-12-16T23:20:57.114596+00:00
2899,1765927257.1316779,2025-12-16T23:20:57.131681+00:00
2900,1765927257.148997,2025-12-16T23:20:57.149002+00:00
2901,1765927257.169472,2025-12-16T23:20:57.169474+00:00
2902,1765927257.1904051,2025-12-16T23:20:57.190411+00:00
2903,1765927257.211091,2025-12-16T23:20:57.211114+00:00
2904,1765927257.231998,2025-12-16T23:20:57.232003+00:00
2905,1765927257.252898,2025-12-16T23:20:57.252902+00:00
2906,1765927257.272324,2025-12-16T23:20:57.272328+00:00
2907,1765927257.292066,2025-12-16T23:20:57.292068+00:00
2908,1765927257.312951,2025-12-16T23:20:57.312953+00:00
2909,1765927257.3338292,2025-12-16T23:20:57.333831+00:00
2910,1765927257.354694,2025-12-16T23:20:57.354694+00:00
2911,1765927257.375554,2025-12-16T23:20:57.375556+00:00
2912,1765927257.3957398,2025-12-16T23:20:57.395747+00:00
2913,1765927257.4156969,2025-12-16T23:20:57.415698+00:00
2914,1765927257.434269,2025-12-16T23:20:57.434273+00:00
2915,1765927257.454218,2025-12-16T23:20:57.454224+00:00
2916,1765927257.475133,2025-12-16T23:20:57.475139+00:00
2917,1765927257.493071,2025-12-16T23:20:57.493207+00:00
2918,1765927257.5125198,2025-12-16T23:20:57.512532+00:00
2919,1765927257.5361102,2025-12-16T23:20:57.536115+00:00
2920,1765927257.556181,2025-12-16T23:20:57.556186+00:00
2921,1765927257.575768,2025-12-16T23:20:57.575773+00:00
2922,1765927257.6106958,2025-12-16T23:20:57.610702+00:00
2923,1765927257.63586,2025-12-16T23:20:57.635866+00:00
2924,1765927257.663958,2025-12-16T23:20:57.663963+00:00
2925,1765927257.719269,2025-12-16T23:20:57.719276+00:00
2926,1765927257.743119,2025-12-16T23:20:57.743126+00:00
2927,1765927257.7612422,2025-12-16T23:20:57.761248+00:00
2928,1765927257.779813,2025-12-16T23:20:57.779818+00:00
2929,1765927257.801611,2025-12-16T23:20:57.801617+00:00
2930,1765927257.8232288,2025-12-16T23:20:57.823254+00:00
2931,1765927257.843574,2025-12-16T23:20:57.843579+00:00
2932,1765927257.861844,2025-12-16T23:20:57.861849+00:00
2933,1765927257.8819861,2025-12-16T23:20:57.881992+00:00
2934,1765927257.902503,2025-12-16T23:20:57.902507+00:00
2935,1765927257.9213839,2025-12-16T23:20:57.921389+00:00
2936,1765927257.938192,2025-12-16T23:20:57.938198+00:00
2937,1765927257.956505,2025-12-16T23:20:57.956509+00:00
2938,1765927257.974145,2025-12-16T23:20:57.974151+00:00
2939,1765927257.9928682,2025-12-16T23:20:57.992873+00:00
2940,1765927258.009876,2025-12-16T23:20:58.009881+00:00
2941,1765927258.0279858,2025-12-16T23:20:58.027991+00:00
2942,1765927258.048521,2025-12-16T23:20:58.048525+00:00
2943,1765927258.0682602,2025-12-16T23:20:58.068266+00:00
2944,1765927258.0872068,2025-12-16T23:20:58.087211+00:00
2945,1765927258.106315,2025-12-16T23:20:58.106321+00:00
2946,1765927258.1260538,2025-12-16T23:20:58.126060+00:00
2947,1765927258.147093,2025-12-16T23:20:58.147098+00:00
2948,1765927258.167979,2025-12-16T23:20:58.167983+00:00
2949,1765927258.186728,2025-12-16T23:20:58.186733+00:00
2950,1765927258.206707,2025-12-16T23:20:58.206815+00:00
2951,1765927258.224119,2025-12-16T23:20:58.224123+00:00
2952,1765927258.2450078,2025-12-16T23:20:58.245015+00:00
2953,1765927258.262462,2025-12-16T23:20:58.262467+00:00
2954,1765927258.2802691,2025-12-16T23:20:58.280274+00:00
2955,1765927258.3011708,2025-12-16T23:20:58.301176+00:00
2956,1765927258.320503,2025-12-16T23:20:58.320507+00:00
2957,1765927258.341381,2025-12-16T23:20:58.341386+00:00
2958,1765927258.362279,2025-12-16T23:20:58.362283+00:00
2959,1765927258.381116,2025-12-16T23:20:58.381123+00:00
2960,1765927258.400167,2025-12-16T23:20:58.400180+00:00
2961,1765927258.4197881,2025-12-16T23:20:58.419793+00:00
2962,1765927258.439509,2025-12-16T23:20:58.439515+00:00
2963,1765927258.458316,2025-12-16T23:20:58.458322+00:00
2964,1765927258.48383,2025-12-16T23:20:58.483836+00:00
2965,1765927258.504799,2025-12-16T23:20:58.504805+00:00
2966,1765927258.55909,2025-12-16T23:20:58.559098+00:00
2967,1765927258.591116,2025-12-16T23:20:58.591120+00:00
2968,1765927258.612051,2025-12-16T23:20:58.612087+00:00
2969,1765927258.6347551,2025-12-16T23:20:58.634766+00:00
2970,1765927258.658331,2025-12-16T23:20:58.658458+00:00
2971,1765927258.679523,2025-12-16T23:20:58.679527+00:00
2972,1765927258.700681,2025-12-16T23:20:58.700686+00:00
2973,1765927258.72031,2025-12-16T23:20:58.720315+00:00
2974,1765927258.738483,2025-12-16T23:20:58.738489+00:00
2975,1765927258.75597,2025-12-16T23:20:58.755975+00:00
2976,1765927258.776852,2025-12-16T23:20:58.776858+00:00
2977,1765927258.7958632,2025-12-16T23:20:58.795867+00:00
2978,1765927258.814003,2025-12-16T23:20:58.814009+00:00
2979,1765927258.834055,2025-12-16T23:20:58.834060+00:00
2980,1765927258.854659,2025-12-16T23:20:58.854665+00:00
2981,1765927258.87556,2025-12-16T23:20:58.875741+00:00
2982,1765927258.896619,2025-12-16T23:20:58.896624+00:00
2983,1765927258.913766,2025-12-16T23:20:58.913771+00:00
2984,1765927258.930547,2025-12-16T23:20:58.930551+00:00
2985,1765927258.953713,2025-12-16T23:20:58.953721+00:00
2986,1765927258.973593,2025-12-16T23:20:58.973598+00:00
2987,1765927258.990508,2025-12-16T23:20:58.990514+00:00
2988,1765927259.0081751,2025-12-16T23:20:59.008189+00:00
2989,1765927259.0259662,2025-12-16T23:20:59.025980+00:00
2990,1765927259.0478451,2025-12-16T23:20:59.047849+00:00
2991,1765927259.069773,2025-12-16T23:20:59.069778+00:00
2992,1765927259.090249,2025-12-16T23:20:59.090254+00:00
2993,1765927259.111182,2025-12-16T23:20:59.111186+00:00
2994,1765927259.13055,2025-12-16T23:20:59.130573+00:00
2995,1765927259.153483,2025-12-16T23:20:59.153489+00:00
2996,1765927259.173722,2025-12-16T23:20:59.173727+00:00
2997,1765927259.191553,2025-12-16T23:20:59.191559+00:00
2998,1765927259.2125592,2025-12-16T23:20:59.212603+00:00
2999,1765927259.23383,2025-12-16T23:20:59.233835+00:00
3000,1765927259.253566,2025-12-16T23:20:59.253570+00:00
3001,1765927259.272377,2025-12-16T23:20:59.272382+00:00
3002,1765927259.293288,2025-12-16T23:20:59.293295+00:00
3003,1765927259.3124459,2025-12-16T23:20:59.312450+00:00
3004,1765927259.331292,2025-12-16T23:20:59.331298+00:00
3005,1765927259.351753,2025-12-16T23:20:59.351758+00:00
3006,1765927259.3704908,2025-12-16T23:20:59.370610+00:00
3007,1765927259.3931751,2025-12-16T23:20:59.393180+00:00
3008,1765927259.414421,2025-12-16T23:20:59.414425+00:00
3009,1765927259.435159,2025-12-16T23:20:59.435166+00:00
3010,1765927259.459579,2025-12-16T23:20:59.459648+00:00
3011,1765927259.479199,2025-12-16T23:20:59.479206+00:00
3012,1765927259.501431,2025-12-16T23:20:59.501436+00:00
3013,1765927259.531307,2025-12-16T23:20:59.531312+00:00
3014,1765927259.563493,2025-12-16T23:20:59.563500+00:00
3015,1765927259.602432,2025-12-16T23:20:59.602455+00:00
3016,1765927259.623241,2025-12-16T23:20:59.623246+00:00
3017,1765927259.644189,2025-12-16T23:20:59.644197+00:00
3018,1765927259.665192,2025-12-16T23:20:59.665198+00:00
3019,1765927259.684147,2025-12-16T23:20:59.684158+00:00
3020,1765927259.70519,2025-12-16T23:20:59.705195+00:00
3021,1765927259.731657,2025-12-16T23:20:59.731661+00:00
3022,1765927259.752465,2025-12-16T23:20:59.752471+00:00
3023,1765927259.77387,2025-12-16T23:20:59.773876+00:00
3024,1765927259.7909818,2025-12-16T23:20:59.790988+00:00
3025,1765927259.8099551,2025-12-16T23:20:59.809959+00:00
3026,1765927259.834841,2025-12-16T23:20:59.834847+00:00
3027,1765927259.853774,2025-12-16T23:20:59.853779+00:00
3028,1765927259.8796601,2025-12-16T23:20:59.879666+00:00
3029,1765927259.896936,2025-12-16T23:20:59.896942+00:00
3030,1765927259.9179158,2025-12-16T23:20:59.917922+00:00
3031,1765927259.9371772,2025-12-16T23:20:59.937742+00:00
3032,1765927259.955729,2025-12-16T23:20:59.955733+00:00
3033,1765927259.97606,2025-12-16T23:20:59.976065+00:00
3034,1765927259.996983,2025-12-16T23:20:59.996989+00:00
3035,1765927260.017575,2025-12-16T23:21:00.017602+00:00
3036,1765927260.0361788,2025-12-16T23:21:00.036256+00:00
3037,1765927260.055465,2025-12-16T23:21:00.055471+00:00
3038,1765927260.074147,2025-12-16T23:21:00.074153+00:00
3039,1765927260.095558,2025-12-16T23:21:00.095564+00:00
3040,1765927260.113583,2025-12-16T23:21:00.113588+00:00
3041,1765927260.131038,2025-12-16T23:21:00.131073+00:00
3042,1765927260.151951,2025-12-16T23:21:00.151955+00:00
3043,1765927260.172369,2025-12-16T23:21:00.172374+00:00
3044,1765927260.1935139,2025-12-16T23:21:00.193518+00:00
3045,1765927260.21439,2025-12-16T23:21:00.214394+00:00
3046,1765927260.2338681,2025-12-16T23:21:00.233874+00:00
3047,1765927260.252558,2025-12-16T23:21:00.252563+00:00
3048,1765927260.273334,2025-12-16T23:21:00.273339+00:00
3049,1765927260.295661,2025-12-16T23:21:00.295785+00:00
3050,1765927260.326257,2025-12-16T23:21:00.326261+00:00
3051,1765927260.347171,2025-12-16T23:21:00.347176+00:00
3052,1765927260.364885,2025-12-16T23:21:00.364890+00:00
3053,1765927260.385818,2025-12-16T23:21:00.385833+00:00
3054,1765927260.406322,2025-12-16T23:21:00.406328+00:00
3055,1765927260.427225,2025-12-16T23:21:00.427230+00:00
3056,1765927260.4445708,2025-12-16T23:21:00.444577+00:00
3057,1765927260.467508,2025-12-16T23:21:00.467513+00:00
3058,1765927260.492803,2025-12-16T23:21:00.492807+00:00
3059,1765927260.5124722,2025-12-16T23:21:00.512478+00:00
3060,1765927260.5323882,2025-12-16T23:21:00.532394+00:00
3061,1765927260.553293,2025-12-16T23:21:00.553298+00:00
3062,1765927260.574185,2025-12-16T23:21:00.574188+00:00
3063,1765927260.591021,2025-12-16T23:21:00.591026+00:00
3064,1765927260.610541,2025-12-16T23:21:00.610545+00:00
3065,1765927260.630858,2025-12-16T23:21:00.630865+00:00
3066,1765927260.648422,2025-12-16T23:21:00.648430+00:00
3067,1765927260.696258,2025-12-16T23:21:00.696264+00:00
3068,1765927260.7822,2025-12-16T23:21:00.782211+00:00
3069,1765927260.836682,2025-12-16T23:21:00.836690+00:00
3070,1765927260.877939,2025-12-16T23:21:00.877945+00:00
3071,1765927260.912123,2025-12-16T23:21:00.912129+00:00
3072,1765927261.011036,2025-12-16T23:21:01.011040+00:00
3073,1765927261.034091,2025-12-16T23:21:01.034318+00:00
3074,1765927261.054896,2025-12-16T23:21:01.054902+00:00
3075,1765927261.0776598,2025-12-16T23:21:01.077667+00:00
3076,1765927261.096969,2025-12-16T23:21:01.096997+00:00
3077,1765927261.117932,2025-12-16T23:21:01.117938+00:00
3078,1765927261.137938,2025-12-16T23:21:01.137942+00:00
3079,1765927261.156626,2025-12-16T23:21:01.156631+00:00
3080,1765927261.175563,2025-12-16T23:21:01.175569+00:00
3081,1765927261.193286,2025-12-16T23:21:01.193291+00:00
3082,1765927261.214319,2025-12-16T23:21:01.214330+00:00
3083,1765927261.232579,2025-12-16T23:21:01.232585+00:00
3084,1765927261.252193,2025-12-16T23:21:01.252200+00:00
3085,1765927261.269556,2025-12-16T23:21:01.269566+00:00
3086,1765927261.286983,2025-12-16T23:21:01.286989+00:00
3087,1765927261.306614,2025-12-16T23:21:01.306626+00:00
3088,1765927261.3262029,2025-12-16T23:21:01.326209+00:00
3089,1765927261.3446631,2025-12-16T23:21:01.344666+00:00
3090,1765927261.365581,2025-12-16T23:21:01.365585+00:00
3091,1765927261.386467,2025-12-16T23:21:01.386468+00:00
3092,1765927261.405637,2025-12-16T23:21:01.405642+00:00
3093,1765927261.426535,2025-12-16T23:21:01.426537+00:00
3094,1765927261.44413,2025-12-16T23:21:01.444131+00:00
3095,1765927261.4617631,2025-12-16T23:21:01.461768+00:00
3096,1765927261.484142,2025-12-16T23:21:01.484148+00:00
3097,1765927261.517683,2025-12-16T23:21:01.517703+00:00
3098,1765927261.535247,2025-12-16T23:21:01.535250+00:00
3099,1765927261.552685,2025-12-16T23:21:01.552691+00:00
3100,1765927261.571095,2025-12-16T23:21:01.571100+00:00
3101,1765927261.5919712,2025-12-16T23:21:01.591973+00:00
3102,1765927261.613014,2025-12-16T23:21:01.613036+00:00
3103,1765927261.6305852,2025-12-16T23:21:01.630589+00:00
3104,1765927261.649926,2025-12-16T23:21:01.649931+00:00
3105,1765927261.6677032,2025-12-16T23:21:01.667706+00:00
3106,1765927261.6873338,2025-12-16T23:21:01.687338+00:00
3107,1765927261.707432,2025-12-16T23:21:01.707437+00:00
3108,1765927261.730411,2025-12-16T23:21:01.730415+00:00
3109,1765927261.751296,2025-12-16T23:21:01.751301+00:00
3110,1765927261.768686,2025-12-16T23:21:01.768691+00:00
3111,1765927261.7895691,2025-12-16T23:21:01.789571+00:00
3112,1765927261.810082,2025-12-16T23:21:01.810083+00:00
3113,1765927261.829597,2025-12-16T23:21:01.829599+00:00
3114,1765927261.850475,2025-12-16T23:21:01.850479+00:00
3115,1765927261.870733,2025-12-16T23:21:01.870737+00:00
3116,1765927261.8882859,2025-12-16T23:21:01.888292+00:00
3117,1765927261.909037,2025-12-16T23:21:01.909038+00:00
3118,1765927261.927135,2025-12-16T23:21:01.927138+00:00
3119,1765927261.946837,2025-12-16T23:21:01.946838+00:00
3120,1765927261.963983,2025-12-16T23:21:01.964135+00:00
3121,1765927261.981691,2025-12-16T23:21:01.981694+00:00
3122,1765927261.9997709,2025-12-16T23:21:01.999777+00:00
3123,1765927262.019753,2025-12-16T23:21:02.019759+00:00
3124,1765927262.0420978,2025-12-16T23:21:02.042101+00:00
3125,1765927262.06335,2025-12-16T23:21:02.063355+00:00
3126,1765927262.080256,2025-12-16T23:21:02.080261+00:00
3127,1765927262.099272,2025-12-16T23:21:02.099286+00:00
3128,1765927262.1168342,2025-12-16T23:21:02.116839+00:00
3129,1765927262.1377401,2025-12-16T23:21:02.137741+00:00
3130,1765927262.1563861,2025-12-16T23:21:02.156388+00:00
3131,1765927262.17584,2025-12-16T23:21:02.175844+00:00
3132,1765927262.1957078,2025-12-16T23:21:02.195710+00:00
3133,1765927262.2165709,2025-12-16T23:21:02.216573+00:00
3134,1765927262.235163,2025-12-16T23:21:02.235165+00:00
3135,1765927262.256033,2025-12-16T23:21:02.256036+00:00
3136,1765927262.2751539,2025-12-16T23:21:02.275155+00:00
3137,1765927262.296014,2025-12-16T23:21:02.296015+00:00
3138,1765927262.31604,2025-12-16T23:21:02.316043+00:00
3139,1765927262.336917,2025-12-16T23:21:02.336921+00:00
3140,1765927262.3578439,2025-12-16T23:21:02.357846+00:00
3141,1765927262.374971,2025-12-16T23:21:02.374975+00:00
3142,1765927262.3925009,2025-12-16T23:21:02.392503+00:00
3143,1765927262.413385,2025-12-16T23:21:02.413388+00:00
3144,1765927262.433287,2025-12-16T23:21:02.433288+00:00
3145,1765927262.451116,2025-12-16T23:21:02.451116+00:00
3146,1765927262.46884,2025-12-16T23:21:02.468846+00:00
3147,1765927262.487563,2025-12-16T23:21:02.487570+00:00
3148,1765927262.5083468,2025-12-16T23:21:02.508353+00:00
3149,1765927262.529272,2025-12-16T23:21:02.529280+00:00
3150,1765927262.550205,2025-12-16T23:21:02.550212+00:00
3151,1765927262.56757,2025-12-16T23:21:02.567577+00:00
3152,1765927262.588444,2025-12-16T23:21:02.588447+00:00
3153,1765927262.608165,2025-12-16T23:21:02.608167+00:00
3154,1765927262.628105,2025-12-16T23:21:02.628110+00:00
3155,1765927262.649008,2025-12-16T23:21:02.649010+00:00
3156,1765927262.6689222,2025-12-16T23:21:02.668927+00:00
3157,1765927262.6879401,2025-12-16T23:21:02.687947+00:00
3158,1765927262.7047522,2025-12-16T23:21:02.704756+00:00
3159,1765927262.7251258,2025-12-16T23:21:02.725127+00:00
3160,1765927262.7460659,2025-12-16T23:21:02.746069+00:00
3161,1765927262.763936,2025-12-16T23:21:02.763940+00:00
3162,1765927262.781595,2025-12-16T23:21:02.781597+00:00
3163,1765927262.8016052,2025-12-16T23:21:02.801610+00:00
3164,1765927262.821326,2025-12-16T23:21:02.821328+00:00
3165,1765927262.84219,2025-12-16T23:21:02.842193+00:00
3166,1765927262.862175,2025-12-16T23:21:02.862179+00:00
3167,1765927262.883083,2025-12-16T23:21:02.883087+00:00
3168,1765927262.904006,2025-12-16T23:21:02.904010+00:00
3169,1765927262.922519,2025-12-16T23:21:02.922522+00:00
3170,1765927262.940661,2025-12-16T23:21:02.940667+00:00
3171,1765927262.9615302,2025-12-16T23:21:02.961533+00:00
3172,1765927262.98177,2025-12-16T23:21:02.981773+00:00
3173,1765927262.999674,2025-12-16T23:21:02.999678+00:00
3174,1765927263.020565,2025-12-16T23:21:03.020567+00:00
3175,1765927263.0410082,2025-12-16T23:21:03.041042+00:00
3176,1765927263.063838,2025-12-16T23:21:03.063841+00:00
3177,1765927263.081254,2025-12-16T23:21:03.081257+00:00
3178,1765927263.100103,2025-12-16T23:21:03.100117+00:00
3179,1765927263.117557,2025-12-16T23:21:03.117567+00:00
3180,1765927263.136342,2025-12-16T23:21:03.136343+00:00
3181,1765927263.155703,2025-12-16T23:21:03.155706+00:00
3182,1765927263.174688,2025-12-16T23:21:03.174689+00:00
3183,1765927263.194886,2025-12-16T23:21:03.194887+00:00
3184,1765927263.214953,2025-12-16T23:21:03.214958+00:00
3185,1765927263.235123,2025-12-16T23:21:03.235125+00:00
3186,1765927263.252029,2025-12-16T23:21:03.252030+00:00
3187,1765927263.2729118,2025-12-16T23:21:03.272917+00:00
3188,1765927263.29383,2025-12-16T23:21:03.293833+00:00
3189,1765927263.3147058,2025-12-16T23:21:03.314706+00:00
3190,1765927263.332745,2025-12-16T23:21:03.332747+00:00
3191,1765927263.351913,2025-12-16T23:21:03.351914+00:00
3192,1765927263.37277,2025-12-16T23:21:03.372771+00:00
3193,1765927263.3911328,2025-12-16T23:21:03.391136+00:00
3194,1765927263.4097621,2025-12-16T23:21:03.409762+00:00
3195,1765927263.430607,2025-12-16T23:21:03.430607+00:00
3196,1765927263.453177,2025-12-16T23:21:03.453183+00:00
3197,1765927263.470857,2025-12-16T23:21:03.470863+00:00
3198,1765927263.49105,2025-12-16T23:21:03.491108+00:00
3199,1765927263.511012,2025-12-16T23:21:03.511019+00:00
3200,1765927263.528079,2025-12-16T23:21:03.528083+00:00
3201,1765927263.547085,2025-12-16T23:21:03.547091+00:00
3202,1765927263.566442,2025-12-16T23:21:03.566447+00:00
3203,1765927263.58597,2025-12-16T23:21:03.585974+00:00
3204,1765927263.606242,2025-12-16T23:21:03.606243+00:00
3205,1765927263.624491,2025-12-16T23:21:03.624492+00:00
3206,1765927263.6448052,2025-12-16T23:21:03.644807+00:00
3207,1765927263.6624472,2025-12-16T23:21:03.662452+00:00
3208,1765927263.68338,2025-12-16T23:21:03.683381+00:00
3209,1765927263.701791,2025-12-16T23:21:03.701796+00:00
3210,1765927263.719769,2025-12-16T23:21:03.719770+00:00
3211,1765927263.7406778,2025-12-16T23:21:03.740684+00:00
3212,1765927263.761576,2025-12-16T23:21:03.761578+00:00
3213,1765927263.782443,2025-12-16T23:21:03.782444+00:00
3214,1765927263.799527,2025-12-16T23:21:03.799529+00:00
3215,1765927263.8204072,2025-12-16T23:21:03.820408+00:00
3216,1765927263.8412778,2025-12-16T23:21:03.841278+00:00
3217,1765927263.862126,2025-12-16T23:21:03.862128+00:00
3218,1765927263.882698,2025-12-16T23:21:03.882703+00:00
3219,1765927263.900906,2025-12-16T23:21:03.900908+00:00
3220,1765927263.921257,2025-12-16T23:21:03.921262+00:00
3221,1765927263.940184,2025-12-16T23:21:03.940189+00:00
3222,1765927263.9611578,2025-12-16T23:21:03.961159+00:00
3223,1765927263.980205,2025-12-16T23:21:03.980206+00:00
3224,1765927264.001068,2025-12-16T23:21:04.001069+00:00
3225,1765927264.018883,2025-12-16T23:21:04.018885+00:00
3226,1765927264.0387158,2025-12-16T23:21:04.038717+00:00
3227,1765927264.0595682,2025-12-16T23:21:04.059572+00:00
3228,1765927264.080448,2025-12-16T23:21:04.080454+00:00
3229,1765927264.101402,2025-12-16T23:21:04.101409+00:00
3230,1765927264.122314,2025-12-16T23:21:04.122318+00:00
3231,1765927264.1406562,2025-12-16T23:21:04.140659+00:00
3232,1765927264.161549,2025-12-16T23:21:04.161555+00:00
3233,1765927264.18244,2025-12-16T23:21:04.182445+00:00
3234,1765927264.1995049,2025-12-16T23:21:04.199511+00:00
3235,1765927264.217296,2025-12-16T23:21:04.217299+00:00
3236,1765927264.2369568,2025-12-16T23:21:04.236960+00:00
3237,1765927264.2578828,2025-12-16T23:21:04.257887+00:00
3238,1765927264.278775,2025-12-16T23:21:04.278777+00:00
3239,1765927264.2996428,2025-12-16T23:21:04.299657+00:00
3240,1765927264.32055,2025-12-16T23:21:04.320552+00:00
3241,1765927264.341414,2025-12-16T23:21:04.341417+00:00
3242,1765927264.362293,2025-12-16T23:21:04.362297+00:00
3243,1765927264.381523,2025-12-16T23:21:04.381528+00:00
3244,1765927264.399203,2025-12-16T23:21:04.399204+00:00
3245,1765927264.4200692,2025-12-16T23:21:04.420069+00:00
3246,1765927264.438655,2025-12-16T23:21:04.438655+00:00
3247,1765927264.456832,2025-12-16T23:21:04.456838+00:00
3248,1765927264.475829,2025-12-16T23:21:04.475840+00:00
3249,1765927264.4967701,2025-12-16T23:21:04.496778+00:00
3250,1765927264.515723,2025-12-16T23:21:04.515727+00:00
3251,1765927264.536642,2025-12-16T23:21:04.536651+00:00
3252,1765927264.5556102,2025-12-16T23:21:04.555615+00:00
3253,1765927264.575158,2025-12-16T23:21:04.575160+00:00
3254,1765927264.595639,2025-12-16T23:21:04.595642+00:00
3255,1765927264.616535,2025-12-16T23:21:04.616540+00:00
3256,1765927264.63343,2025-12-16T23:21:04.633433+00:00
3257,1765927264.654315,2025-12-16T23:21:04.654317+00:00
3258,1765927264.675036,2025-12-16T23:21:04.675040+00:00
3259,1765927264.691864,2025-12-16T23:21:04.691868+00:00
3260,1765927264.712759,2025-12-16T23:21:04.712762+00:00
3261,1765927264.733637,2025-12-16T23:21:04.733640+00:00
3262,1765927264.7533178,2025-12-16T23:21:04.753323+00:00
3263,1765927264.771397,2025-12-16T23:21:04.771405+00:00
3264,1765927264.792298,2025-12-16T23:21:04.792300+00:00
3265,1765927264.811247,2025-12-16T23:21:04.811254+00:00
3266,1765927264.832136,2025-12-16T23:21:04.832137+00:00
3267,1765927264.853013,2025-12-16T23:21:04.853014+00:00
3268,1765927264.869919,2025-12-16T23:21:04.869922+00:00
3269,1765927264.8908129,2025-12-16T23:21:04.890816+00:00
3270,1765927264.911701,2025-12-16T23:21:04.911703+00:00
3271,1765927264.932383,2025-12-16T23:21:04.932385+00:00
3272,1765927264.9495401,2025-12-16T23:21:04.949545+00:00
3273,1765927264.967869,2025-12-16T23:21:04.967872+00:00
3274,1765927264.98705,2025-12-16T23:21:04.987055+00:00
3275,1765927265.007931,2025-12-16T23:21:05.007934+00:00
3276,1765927265.024837,2025-12-16T23:21:05.024845+00:00
3277,1765927265.045735,2025-12-16T23:21:05.045736+00:00
3278,1765927265.0662148,2025-12-16T23:21:05.066221+00:00
3279,1765927265.084129,2025-12-16T23:21:05.084133+00:00
3280,1765927265.105022,2025-12-16T23:21:05.105023+00:00
3281,1765927265.125839,2025-12-16T23:21:05.125849+00:00
3282,1765927265.1467059,2025-12-16T23:21:05.146707+00:00
3283,1765927265.16747,2025-12-16T23:21:05.167474+00:00
3284,1765927265.185297,2025-12-16T23:21:05.185300+00:00
3285,1765927265.2036932,2025-12-16T23:21:05.203695+00:00
3286,1765927265.223666,2025-12-16T23:21:05.223667+00:00
3287,1765927265.2412941,2025-12-16T23:21:05.241294+00:00
3288,1765927265.2621608,2025-12-16T23:21:05.262166+00:00
3289,1765927265.278989,2025-12-16T23:21:05.278991+00:00
3290,1765927265.299595,2025-12-16T23:21:05.299597+00:00
3291,1765927265.320151,2025-12-16T23:21:05.320153+00:00
3292,1765927265.340796,2025-12-16T23:21:05.340798+00:00
3293,1765927265.357923,2025-12-16T23:21:05.357924+00:00
3294,1765927265.377345,2025-12-16T23:21:05.377345+00:00
3295,1765927265.394482,2025-12-16T23:21:05.394484+00:00
3296,1765927265.41395,2025-12-16T23:21:05.413950+00:00
3297,1765927265.4327302,2025-12-16T23:21:05.432731+00:00
3298,1765927265.4535942,2025-12-16T23:21:05.453598+00:00
3299,1765927265.47036,2025-12-16T23:21:05.470365+00:00
3300,1765927265.491255,2025-12-16T23:21:05.491261+00:00
3301,1765927265.510092,2025-12-16T23:21:05.510097+00:00
3302,1765927265.530983,2025-12-16T23:21:05.530984+00:00
3303,1765927265.547819,2025-12-16T23:21:05.547823+00:00
3304,1765927265.5686872,2025-12-16T23:21:05.568690+00:00
3305,1765927265.589559,2025-12-16T23:21:05.589562+00:00
3306,1765927265.606376,2025-12-16T23:21:05.606383+00:00
3307,1765927265.625789,2025-12-16T23:21:05.625799+00:00
3308,1765927265.646655,2025-12-16T23:21:05.646659+00:00
3309,1765927265.666547,2025-12-16T23:21:05.666550+00:00
3310,1765927265.684205,2025-12-16T23:21:05.684205+00:00
3311,1765927265.705065,2025-12-16T23:21:05.705068+00:00
3312,1765927265.7255092,2025-12-16T23:21:05.725510+00:00
3313,1765927265.746374,2025-12-16T23:21:05.746376+00:00
3314,1765927265.766761,2025-12-16T23:21:05.766764+00:00
3315,1765927265.787643,2025-12-16T23:21:05.787646+00:00
3316,1765927265.808151,2025-12-16T23:21:05.808152+00:00
3317,1765927265.8252952,2025-12-16T23:21:05.825296+00:00
3318,1765927265.846147,2025-12-16T23:21:05.846148+00:00
3319,1765927265.8669949,2025-12-16T23:21:05.866997+00:00
3320,1765927265.887851,2025-12-16T23:21:05.887852+00:00
3321,1765927265.9049249,2025-12-16T23:21:05.904926+00:00
3322,1765927265.9241102,2025-12-16T23:21:05.924115+00:00
3323,1765927265.944361,2025-12-16T23:21:05.944366+00:00
3324,1765927265.962825,2025-12-16T23:21:05.962834+00:00
3325,1765927265.981069,2025-12-16T23:21:05.981070+00:00
3326,1765927265.998964,2025-12-16T23:21:05.998965+00:00
3327,1765927266.0180612,2025-12-16T23:21:06.018062+00:00
3328,1765927266.0389178,2025-12-16T23:21:06.038921+00:00
3329,1765927266.0597959,2025-12-16T23:21:06.059801+00:00
3330,1765927266.078034,2025-12-16T23:21:06.078040+00:00
3331,1765927266.098929,2025-12-16T23:21:06.098933+00:00
3332,1765927266.121193,2025-12-16T23:21:06.121198+00:00
3333,1765927266.142089,2025-12-16T23:21:06.142094+00:00
3334,1765927266.16299,2025-12-16T23:21:06.162998+00:00
3335,1765927266.185421,2025-12-16T23:21:06.185423+00:00
3336,1765927266.206295,2025-12-16T23:21:06.206298+00:00
3337,1765927266.2246778,2025-12-16T23:21:06.224680+00:00
3338,1765927266.245548,2025-12-16T23:21:06.245551+00:00
3339,1765927266.264243,2025-12-16T23:21:06.264248+00:00
3340,1765927266.2851431,2025-12-16T23:21:06.285149+00:00
3341,1765927266.306057,2025-12-16T23:21:06.306058+00:00
3342,1765927266.323463,2025-12-16T23:21:06.323486+00:00
3343,1765927266.344337,2025-12-16T23:21:06.344337+00:00
3344,1765927266.364931,2025-12-16T23:21:06.364936+00:00
3345,1765927266.3858292,2025-12-16T23:21:06.385833+00:00
3346,1765927266.406712,2025-12-16T23:21:06.406716+00:00
3347,1765927266.424586,2025-12-16T23:21:06.424588+00:00
3348,1765927266.4433699,2025-12-16T23:21:06.443371+00:00
3349,1765927266.4634292,2025-12-16T23:21:06.463437+00:00
3350,1765927266.48241,2025-12-16T23:21:06.482418+00:00
3351,1765927266.503366,2025-12-16T23:21:06.503369+00:00
3352,1765927266.5217972,2025-12-16T23:21:06.521800+00:00
3353,1765927266.5426939,2025-12-16T23:21:06.542697+00:00
3354,1765927266.563766,2025-12-16T23:21:06.563771+00:00
3355,1765927266.581475,2025-12-16T23:21:06.581480+00:00
3356,1765927266.600778,2025-12-16T23:21:06.600782+00:00
3357,1765927266.621664,2025-12-16T23:21:06.621669+00:00
3358,1765927266.641539,2025-12-16T23:21:06.641542+00:00
3359,1765927266.658803,2025-12-16T23:21:06.658808+00:00
3360,1765927266.6776488,2025-12-16T23:21:06.677656+00:00
3361,1765927266.6985621,2025-12-16T23:21:06.698564+00:00
3362,1765927266.716786,2025-12-16T23:21:06.716793+00:00
3363,1765927266.73754,2025-12-16T23:21:06.737543+00:00
3364,1765927266.758446,2025-12-16T23:21:06.758450+00:00
3365,1765927266.779348,2025-12-16T23:21:06.779349+00:00
3366,1765927266.800201,2025-12-16T23:21:06.800202+00:00
3367,1765927266.819088,2025-12-16T23:21:06.819199+00:00
3368,1765927266.8390248,2025-12-16T23:21:06.839026+00:00
3369,1765927266.8559349,2025-12-16T23:21:06.855936+00:00
3370,1765927266.875378,2025-12-16T23:21:06.875380+00:00
3371,1765927266.894318,2025-12-16T23:21:06.894325+00:00
3372,1765927266.914399,2025-12-16T23:21:06.914402+00:00
3373,1765927266.935287,2025-12-16T23:21:06.935291+00:00
3374,1765927266.953084,2025-12-16T23:21:06.953087+00:00
3375,1765927266.9730408,2025-12-16T23:21:06.973044+00:00
3376,1765927266.9932852,2025-12-16T23:21:06.993291+00:00
3377,1765927267.0126321,2025-12-16T23:21:07.012635+00:00
3378,1765927267.0316942,2025-12-16T23:21:07.031698+00:00
3379,1765927267.0502322,2025-12-16T23:21:07.050234+00:00
3380,1765927267.067592,2025-12-16T23:21:07.067596+00:00
3381,1765927267.088423,2025-12-16T23:21:07.088430+00:00
3382,1765927267.10875,2025-12-16T23:21:07.108752+00:00
3383,1765927267.129608,2025-12-16T23:21:07.129609+00:00
3384,1765927267.1501791,2025-12-16T23:21:07.150180+00:00
3385,1765927267.167427,2025-12-16T23:21:07.167428+00:00
3386,1765927267.188291,2025-12-16T23:21:07.188294+00:00
3387,1765927267.209213,2025-12-16T23:21:07.209218+00:00
3388,1765927267.230101,2025-12-16T23:21:07.230104+00:00
3389,1765927267.2502022,2025-12-16T23:21:07.250205+00:00
3390,1765927267.270371,2025-12-16T23:21:07.270377+00:00
3391,1765927267.287949,2025-12-16T23:21:07.287952+00:00
3392,1765927267.307126,2025-12-16T23:21:07.307129+00:00
3393,1765927267.324967,2025-12-16T23:21:07.324968+00:00
3394,1765927267.3458219,2025-12-16T23:21:07.345823+00:00
3395,1765927267.366581,2025-12-16T23:21:07.366582+00:00
3396,1765927267.387098,2025-12-16T23:21:07.387101+00:00
3397,1765927267.407718,2025-12-16T23:21:07.407748+00:00
3398,1765927267.427788,2025-12-16T23:21:07.427790+00:00
3399,1765927267.4476311,2025-12-16T23:21:07.447632+00:00
3400,1765927267.4669912,2025-12-16T23:21:07.466994+00:00
3401,1765927267.486652,2025-12-16T23:21:07.486656+00:00
3402,1765927267.507523,2025-12-16T23:21:07.507527+00:00
3403,1765927267.524312,2025-12-16T23:21:07.524316+00:00
3404,1765927267.541423,2025-12-16T23:21:07.541429+00:00
3405,1765927267.5593212,2025-12-16T23:21:07.559327+00:00
3406,1765927267.578114,2025-12-16T23:21:07.578122+00:00
3407,1765927267.597631,2025-12-16T23:21:07.597636+00:00
3408,1765927267.617514,2025-12-16T23:21:07.617517+00:00
3409,1765927267.634641,2025-12-16T23:21:07.634642+00:00
3410,1765927267.655491,2025-12-16T23:21:07.655492+00:00
3411,1765927267.675723,2025-12-16T23:21:07.675726+00:00
3412,1765927267.6941571,2025-12-16T23:21:07.694162+00:00
3413,1765927267.712419,2025-12-16T23:21:07.712422+00:00
3414,1765927267.73331,2025-12-16T23:21:07.733311+00:00
3415,1765927267.7501252,2025-12-16T23:21:07.750127+00:00
3416,1765927267.771001,2025-12-16T23:21:07.771003+00:00
3417,1765927267.791873,2025-12-16T23:21:07.791874+00:00
3418,1765927267.812747,2025-12-16T23:21:07.812752+00:00
3419,1765927267.830264,2025-12-16T23:21:07.830264+00:00
3420,1765927267.850158,2025-12-16T23:21:07.850173+00:00
