frame_index,timestamp_unix,timestamp_iso
0,1765335254.0359435,2025-12-10T02:54:14.035943+00:00
1,1765335254.053619,2025-12-10T02:54:14.053618+00:00
2,1765335254.0706172,2025-12-10T02:54:14.070617+00:00
3,1765335254.0875633,2025-12-10T02:54:14.087563+00:00
4,1765335254.104718,2025-12-10T02:54:14.104718+00:00
5,1765335254.1215775,2025-12-10T02:54:14.121577+00:00
6,1765335254.1386712,2025-12-10T02:54:14.138671+00:00
7,1765335254.155707,2025-12-10T02:54:14.155706+00:00
8,1765335254.172684,2025-12-10T02:54:14.172684+00:00
9,1765335254.1899304,2025-12-10T02:54:14.189930+00:00
10,1765335254.207428,2025-12-10T02:54:14.207428+00:00
11,1765335254.2245822,2025-12-10T02:54:14.224582+00:00
12,1765335254.2418437,2025-12-10T02:54:14.241843+00:00
13,1765335254.259093,2025-12-10T02:54:14.259093+00:00
14,1765335254.2761738,2025-12-10T02:54:14.276173+00:00
15,1765335254.293097,2025-12-10T02:54:14.293097+00:00
16,1765335254.3100588,2025-12-10T02:54:14.310058+00:00
17,1765335254.327269,2025-12-10T02:54:14.327269+00:00
18,1765335254.3440142,2025-12-10T02:54:14.344014+00:00
19,1765335254.3611357,2025-12-10T02:54:14.361135+00:00
20,1765335254.3785377,2025-12-10T02:54:14.378537+00:00
21,1765335254.3955176,2025-12-10T02:54:14.395517+00:00
22,1765335254.4126525,2025-12-10T02:54:14.412652+00:00
23,1765335254.4294033,2025-12-10T02:54:14.429403+00:00
24,1765335254.4465585,2025-12-10T02:54:14.446558+00:00
25,1765335254.463491,2025-12-10T02:54:14.463491+00:00
26,1765335254.480621,2025-12-10T02:54:14.480621+00:00
27,1765335254.497682,2025-12-10T02:54:14.497682+00:00
28,1765335254.5145702,2025-12-10T02:54:14.514570+00:00
29,1765335254.5313275,2025-12-10T02:54:14.531327+00:00
30,1765335254.5480516,2025-12-10T02:54:14.548051+00:00
31,1765335254.5648072,2025-12-10T02:54:14.564807+00:00
32,1765335254.58175,2025-12-10T02:54:14.581749+00:00
33,1765335254.5984745,2025-12-10T02:54:14.598474+00:00
34,1765335254.6153092,2025-12-10T02:54:14.615309+00:00
35,1765335254.6323156,2025-12-10T02:54:14.632315+00:00
36,1765335254.6495,2025-12-10T02:54:14.649499+00:00
37,1765335254.66653,2025-12-10T02:54:14.666529+00:00
38,1765335254.6835291,2025-12-10T02:54:14.683529+00:00
39,1765335254.7007515,2025-12-10T02:54:14.700751+00:00
40,1765335254.7178466,2025-12-10T02:54:14.717846+00:00
41,1765335254.7349806,2025-12-10T02:54:14.734980+00:00
42,1765335254.75178,2025-12-10T02:54:14.751780+00:00
43,1765335254.7686453,2025-12-10T02:54:14.768645+00:00
44,1765335254.785393,2025-12-10T02:54:14.785393+00:00
45,1765335254.8023012,2025-12-10T02:54:14.802301+00:00
46,1765335254.8192863,2025-12-10T02:54:14.819286+00:00
47,1765335254.8363016,2025-12-10T02:54:14.836301+00:00
48,1765335254.8535357,2025-12-10T02:54:14.853535+00:00
49,1765335254.8702996,2025-12-10T02:54:14.870299+00:00
50,1765335254.8873034,2025-12-10T02:54:14.887303+00:00
51,1765335254.9043334,2025-12-10T02:54:14.904333+00:00
52,1765335254.9212375,2025-12-10T02:54:14.921237+00:00
53,1765335254.938561,2025-12-10T02:54:14.938560+00:00
54,1765335254.9555914,2025-12-10T02:54:14.955591+00:00
55,1765335254.972347,2025-12-10T02:54:14.972347+00:00
56,1765335254.9891224,2025-12-10T02:54:14.989122+00:00
57,1765335255.0061705,2025-12-10T02:54:15.006170+00:00
58,1765335255.0232024,2025-12-10T02:54:15.023202+00:00
59,1765335255.0402768,2025-12-10T02:54:15.040276+00:00
60,1765335255.057341,2025-12-10T02:54:15.057341+00:00
61,1765335255.0741103,2025-12-10T02:54:15.074110+00:00
62,1765335255.0913496,2025-12-10T02:54:15.091349+00:00
63,1765335255.10821,2025-12-10T02:54:15.108210+00:00
64,1765335255.1252658,2025-12-10T02:54:15.125266+00:00
65,1765335255.1422975,2025-12-10T02:54:15.142297+00:00
66,1765335255.1593316,2025-12-10T02:54:15.159331+00:00
67,1765335255.176355,2025-12-10T02:54:15.176354+00:00
68,1765335255.19354,2025-12-10T02:54:15.193540+00:00
69,1765335255.2105706,2025-12-10T02:54:15.210570+00:00
70,1765335255.227592,2025-12-10T02:54:15.227592+00:00
71,1765335255.2446098,2025-12-10T02:54:15.244609+00:00
72,1765335255.2616563,2025-12-10T02:54:15.261656+00:00
73,1765335255.2783782,2025-12-10T02:54:15.278378+00:00
74,1765335255.29546,2025-12-10T02:54:15.295460+00:00
75,1765335255.3122818,2025-12-10T02:54:15.312281+00:00
76,1765335255.3290746,2025-12-10T02:54:15.329074+00:00
77,1765335255.346207,2025-12-10T02:54:15.346206+00:00
78,1765335255.363199,2025-12-10T02:54:15.363199+00:00
79,1765335255.380348,2025-12-10T02:54:15.380348+00:00
80,1765335255.3975706,2025-12-10T02:54:15.397570+00:00
81,1765335255.4148173,2025-12-10T02:54:15.414817+00:00
82,1765335255.431982,2025-12-10T02:54:15.431982+00:00
83,1765335255.448956,2025-12-10T02:54:15.448956+00:00
84,1765335255.4659758,2025-12-10T02:54:15.465975+00:00
85,1765335255.4830453,2025-12-10T02:54:15.483045+00:00
86,1765335255.500075,2025-12-10T02:54:15.500075+00:00
87,1765335255.517113,2025-12-10T02:54:15.517113+00:00
88,1765335255.5341024,2025-12-10T02:54:15.534102+00:00
89,1765335255.5511394,2025-12-10T02:54:15.551139+00:00
90,1765335255.568562,2025-12-10T02:54:15.568561+00:00
91,1765335255.58531,2025-12-10T02:54:15.585309+00:00
92,1765335255.6023328,2025-12-10T02:54:15.602333+00:00
93,1765335255.6194234,2025-12-10T02:54:15.619423+00:00
94,1765335255.636197,2025-12-10T02:54:15.636197+00:00
95,1765335255.653318,2025-12-10T02:54:15.653317+00:00
96,1765335255.6700654,2025-12-10T02:54:15.670065+00:00
97,1765335255.6872265,2025-12-10T02:54:15.687226+00:00
98,1765335255.7043228,2025-12-10T02:54:15.704322+00:00
99,1765335255.7213051,2025-12-10T02:54:15.721305+00:00
100,1765335255.7382212,2025-12-10T02:54:15.738221+00:00
101,1765335255.7552984,2025-12-10T02:54:15.755298+00:00
102,1765335255.7720766,2025-12-10T02:54:15.772076+00:00
103,1765335255.7891529,2025-12-10T02:54:15.789152+00:00
104,1765335255.8062384,2025-12-10T02:54:15.806238+00:00
105,1765335255.823107,2025-12-10T02:54:15.823107+00:00
106,1765335255.8400414,2025-12-10T02:54:15.840041+00:00
107,1765335255.8570948,2025-12-10T02:54:15.857094+00:00
108,1765335255.8741546,2025-12-10T02:54:15.874154+00:00
109,1765335255.891218,2025-12-10T02:54:15.891217+00:00
110,1765335255.9085426,2025-12-10T02:54:15.908542+00:00
111,1765335255.9255698,2025-12-10T02:54:15.925569+00:00
112,1765335255.9426932,2025-12-10T02:54:15.942693+00:00
113,1765335255.9598405,2025-12-10T02:54:15.959840+00:00
114,1765335255.9766684,2025-12-10T02:54:15.976668+00:00
115,1765335255.9936821,2025-12-10T02:54:15.993682+00:00
116,1765335256.0108254,2025-12-10T02:54:16.010825+00:00
117,1765335256.0279408,2025-12-10T02:54:16.027940+00:00
118,1765335256.044729,2025-12-10T02:54:16.044729+00:00
119,1765335256.0618272,2025-12-10T02:54:16.061827+00:00
120,1765335256.0785697,2025-12-10T02:54:16.078569+00:00
121,1765335256.0956075,2025-12-10T02:54:16.095607+00:00
122,1765335256.11265,2025-12-10T02:54:16.112650+00:00
123,1765335256.1296449,2025-12-10T02:54:16.129644+00:00
124,1765335256.146411,2025-12-10T02:54:16.146411+00:00
125,1765335256.1633546,2025-12-10T02:54:16.163354+00:00
126,1765335256.1803448,2025-12-10T02:54:16.180344+00:00
127,1765335256.197386,2025-12-10T02:54:16.197386+00:00
128,1765335256.2144065,2025-12-10T02:54:16.214406+00:00
129,1765335256.2316217,2025-12-10T02:54:16.231621+00:00
130,1765335256.2484214,2025-12-10T02:54:16.248421+00:00
131,1765335256.2654648,2025-12-10T02:54:16.265464+00:00
132,1765335256.2826738,2025-12-10T02:54:16.282673+00:00
133,1765335256.299641,2025-12-10T02:54:16.299640+00:00
134,1765335256.3166745,2025-12-10T02:54:16.316674+00:00
135,1765335256.333696,2025-12-10T02:54:16.333695+00:00
136,1765335256.3508859,2025-12-10T02:54:16.350885+00:00
137,1765335256.367742,2025-12-10T02:54:16.367742+00:00
138,1765335256.384797,2025-12-10T02:54:16.384797+00:00
139,1765335256.4015806,2025-12-10T02:54:16.401580+00:00
140,1765335256.4184258,2025-12-10T02:54:16.418425+00:00
141,1765335256.4356294,2025-12-10T02:54:16.435629+00:00
142,1765335256.4526708,2025-12-10T02:54:16.452670+00:00
143,1765335256.469859,2025-12-10T02:54:16.469858+00:00
144,1765335256.4866052,2025-12-10T02:54:16.486605+00:00
145,1765335256.5033996,2025-12-10T02:54:16.503399+00:00
146,1765335256.5208354,2025-12-10T02:54:16.520835+00:00
147,1765335256.5378823,2025-12-10T02:54:16.537882+00:00
148,1765335256.554916,2025-12-10T02:54:16.554915+00:00
149,1765335256.5716558,2025-12-10T02:54:16.571655+00:00
150,1765335256.5888247,2025-12-10T02:54:16.588824+00:00
151,1765335256.6058366,2025-12-10T02:54:16.605836+00:00
152,1765335256.622879,2025-12-10T02:54:16.622879+00:00
153,1765335256.640091,2025-12-10T02:54:16.640091+00:00
154,1765335256.6572073,2025-12-10T02:54:16.657207+00:00
155,1765335256.6742384,2025-12-10T02:54:16.674238+00:00
156,1765335256.6913445,2025-12-10T02:54:16.691344+00:00
157,1765335256.7083821,2025-12-10T02:54:16.708382+00:00
158,1765335256.725415,2025-12-10T02:54:16.725414+00:00
159,1765335256.7426014,2025-12-10T02:54:16.742601+00:00
160,1765335256.759635,2025-12-10T02:54:16.759635+00:00
161,1765335256.7766614,2025-12-10T02:54:16.776661+00:00
162,1765335256.793731,2025-12-10T02:54:16.793731+00:00
163,1765335256.8106735,2025-12-10T02:54:16.810673+00:00
164,1765335256.8278983,2025-12-10T02:54:16.827898+00:00
165,1765335256.8448386,2025-12-10T02:54:16.844838+00:00
166,1765335256.8620818,2025-12-10T02:54:16.862081+00:00
167,1765335256.8788211,2025-12-10T02:54:16.878821+00:00
168,1765335256.8958848,2025-12-10T02:54:16.895884+00:00
169,1765335256.9130332,2025-12-10T02:54:16.913033+00:00
170,1765335256.9301918,2025-12-10T02:54:16.930191+00:00
171,1765335256.947439,2025-12-10T02:54:16.947438+00:00
172,1765335256.964458,2025-12-10T02:54:16.964458+00:00
173,1765335256.9812002,2025-12-10T02:54:16.981200+00:00
174,1765335256.9983785,2025-12-10T02:54:16.998378+00:00
175,1765335257.0154216,2025-12-10T02:54:17.015421+00:00
176,1765335257.0330443,2025-12-10T02:54:17.033044+00:00
177,1765335257.050138,2025-12-10T02:54:17.050138+00:00
178,1765335257.0670762,2025-12-10T02:54:17.067076+00:00
179,1765335257.0841756,2025-12-10T02:54:17.084175+00:00
180,1765335257.1012232,2025-12-10T02:54:17.101223+00:00
181,1765335257.118001,2025-12-10T02:54:17.118000+00:00
182,1765335257.1350548,2025-12-10T02:54:17.135054+00:00
183,1765335257.1520956,2025-12-10T02:54:17.152095+00:00
184,1765335257.1692376,2025-12-10T02:54:17.169237+00:00
185,1765335257.1862628,2025-12-10T02:54:17.186262+00:00
186,1765335257.2030027,2025-12-10T02:54:17.203002+00:00
187,1765335257.2200453,2025-12-10T02:54:17.220045+00:00
188,1765335257.2372637,2025-12-10T02:54:17.237263+00:00
189,1765335257.2542808,2025-12-10T02:54:17.254280+00:00
190,1765335257.271507,2025-12-10T02:54:17.271507+00:00
191,1765335257.2884505,2025-12-10T02:54:17.288450+00:00
192,1765335257.3051894,2025-12-10T02:54:17.305189+00:00
193,1765335257.3223538,2025-12-10T02:54:17.322354+00:00
194,1765335257.3396077,2025-12-10T02:54:17.339607+00:00
195,1765335257.3567643,2025-12-10T02:54:17.356764+00:00
196,1765335257.3741143,2025-12-10T02:54:17.374114+00:00
197,1765335257.3911614,2025-12-10T02:54:17.391161+00:00
198,1765335257.4083915,2025-12-10T02:54:17.408391+00:00
199,1765335257.4251258,2025-12-10T02:54:17.425126+00:00
200,1765335257.4418788,2025-12-10T02:54:17.441878+00:00
201,1765335257.4589112,2025-12-10T02:54:17.458911+00:00
202,1765335257.4757595,2025-12-10T02:54:17.475759+00:00
203,1765335257.4928534,2025-12-10T02:54:17.492853+00:00
204,1765335257.5096397,2025-12-10T02:54:17.509639+00:00
205,1765335257.5266645,2025-12-10T02:54:17.526664+00:00
206,1765335257.5437186,2025-12-10T02:54:17.543718+00:00
207,1765335257.5607462,2025-12-10T02:54:17.560746+00:00
208,1765335257.5778542,2025-12-10T02:54:17.577854+00:00
209,1765335257.5948513,2025-12-10T02:54:17.594851+00:00
210,1765335257.6118839,2025-12-10T02:54:17.611883+00:00
211,1765335257.6286778,2025-12-10T02:54:17.628677+00:00
212,1765335257.6457145,2025-12-10T02:54:17.645714+00:00
213,1765335257.6627433,2025-12-10T02:54:17.662743+00:00
214,1765335257.6798918,2025-12-10T02:54:17.679891+00:00
215,1765335257.6969998,2025-12-10T02:54:17.696999+00:00
216,1765335257.713938,2025-12-10T02:54:17.713938+00:00
217,1765335257.7307494,2025-12-10T02:54:17.730749+00:00
218,1765335257.7478964,2025-12-10T02:54:17.747896+00:00
219,1765335257.7648308,2025-12-10T02:54:17.764830+00:00
220,1765335257.7819366,2025-12-10T02:54:17.781936+00:00
221,1765335257.7986705,2025-12-10T02:54:17.798670+00:00
222,1765335257.8158658,2025-12-10T02:54:17.815865+00:00
223,1765335257.8328958,2025-12-10T02:54:17.832895+00:00
224,1765335257.8498044,2025-12-10T02:54:17.849804+00:00
225,1765335257.866791,2025-12-10T02:54:17.866791+00:00
226,1765335257.8839765,2025-12-10T02:54:17.883976+00:00
227,1765335257.9010806,2025-12-10T02:54:17.901080+00:00
228,1765335257.9179945,2025-12-10T02:54:17.917994+00:00
229,1765335257.935017,2025-12-10T02:54:17.935017+00:00
230,1765335257.9521747,2025-12-10T02:54:17.952174+00:00
231,1765335257.969256,2025-12-10T02:54:17.969255+00:00
232,1765335257.9864047,2025-12-10T02:54:17.986404+00:00
233,1765335258.003505,2025-12-10T02:54:18.003505+00:00
234,1765335258.0206435,2025-12-10T02:54:18.020643+00:00
235,1765335258.0376756,2025-12-10T02:54:18.037675+00:00
236,1765335258.05482,2025-12-10T02:54:18.054820+00:00
237,1765335258.0720437,2025-12-10T02:54:18.072043+00:00
238,1765335258.089376,2025-12-10T02:54:18.089376+00:00
239,1765335258.1064029,2025-12-10T02:54:18.106402+00:00
240,1765335258.123384,2025-12-10T02:54:18.123384+00:00
241,1765335258.140117,2025-12-10T02:54:18.140117+00:00
242,1765335258.157137,2025-12-10T02:54:18.157136+00:00
243,1765335258.1741657,2025-12-10T02:54:18.174165+00:00
244,1765335258.191374,2025-12-10T02:54:18.191374+00:00
245,1765335258.20842,2025-12-10T02:54:18.208420+00:00
246,1765335258.22538,2025-12-10T02:54:18.225379+00:00
247,1765335258.242125,2025-12-10T02:54:18.242125+00:00
248,1765335258.2589006,2025-12-10T02:54:18.258900+00:00
249,1765335258.2758768,2025-12-10T02:54:18.275876+00:00
250,1765335258.292903,2025-12-10T02:54:18.292903+00:00
251,1765335258.30998,2025-12-10T02:54:18.309980+00:00
252,1765335258.3271763,2025-12-10T02:54:18.327176+00:00
253,1765335258.3441997,2025-12-10T02:54:18.344199+00:00
254,1765335258.361252,2025-12-10T02:54:18.361252+00:00
255,1765335258.3780634,2025-12-10T02:54:18.378063+00:00
256,1765335258.3949735,2025-12-10T02:54:18.394973+00:00
257,1765335258.4122236,2025-12-10T02:54:18.412223+00:00
258,1765335258.4292831,2025-12-10T02:54:18.429283+00:00
259,1765335258.4463043,2025-12-10T02:54:18.446304+00:00
260,1765335258.463363,2025-12-10T02:54:18.463362+00:00
261,1765335258.48032,2025-12-10T02:54:18.480320+00:00
262,1765335258.497568,2025-12-10T02:54:18.497568+00:00
263,1765335258.5143838,2025-12-10T02:54:18.514383+00:00
264,1765335258.531151,2025-12-10T02:54:18.531151+00:00
265,1765335258.5487418,2025-12-10T02:54:18.548741+00:00
266,1765335258.5659075,2025-12-10T02:54:18.565907+00:00
267,1765335258.5826626,2025-12-10T02:54:18.582662+00:00
268,1765335258.5995917,2025-12-10T02:54:18.599591+00:00
269,1765335258.6165345,2025-12-10T02:54:18.616534+00:00
270,1765335258.6337397,2025-12-10T02:54:18.633739+00:00
271,1765335258.6505024,2025-12-10T02:54:18.650502+00:00
272,1765335258.6674833,2025-12-10T02:54:18.667483+00:00
273,1765335258.6842363,2025-12-10T02:54:18.684236+00:00
274,1765335258.7012458,2025-12-10T02:54:18.701245+00:00
275,1765335258.7193303,2025-12-10T02:54:18.719330+00:00
276,1765335258.7364028,2025-12-10T02:54:18.736402+00:00
277,1765335258.7534602,2025-12-10T02:54:18.753460+00:00
278,1765335258.7705145,2025-12-10T02:54:18.770514+00:00
279,1765335258.7875543,2025-12-10T02:54:18.787554+00:00
280,1765335258.8050845,2025-12-10T02:54:18.805084+00:00
281,1765335258.8221266,2025-12-10T02:54:18.822126+00:00
282,1765335258.8393471,2025-12-10T02:54:18.839347+00:00
283,1765335258.8564045,2025-12-10T02:54:18.856404+00:00
284,1765335258.8736284,2025-12-10T02:54:18.873628+00:00
285,1765335258.890426,2025-12-10T02:54:18.890425+00:00
286,1765335258.9077735,2025-12-10T02:54:18.907773+00:00
287,1765335258.924512,2025-12-10T02:54:18.924512+00:00
288,1765335258.941697,2025-12-10T02:54:18.941696+00:00
289,1765335258.958544,2025-12-10T02:54:18.958544+00:00
290,1765335258.9757402,2025-12-10T02:54:18.975740+00:00
291,1765335258.9930215,2025-12-10T02:54:18.993021+00:00
292,1765335259.010066,2025-12-10T02:54:19.010065+00:00
293,1765335259.0268295,2025-12-10T02:54:19.026829+00:00
294,1765335259.0439649,2025-12-10T02:54:19.043964+00:00
295,1765335259.0608983,2025-12-10T02:54:19.060898+00:00
296,1765335259.0777578,2025-12-10T02:54:19.077758+00:00
297,1765335259.0947855,2025-12-10T02:54:19.094785+00:00
298,1765335259.111943,2025-12-10T02:54:19.111942+00:00
299,1765335259.1289291,2025-12-10T02:54:19.128929+00:00
300,1765335259.1459525,2025-12-10T02:54:19.145952+00:00
301,1765335259.1627886,2025-12-10T02:54:19.162788+00:00
302,1765335259.1797273,2025-12-10T02:54:19.179727+00:00
303,1765335259.1969028,2025-12-10T02:54:19.196902+00:00
304,1765335259.2139254,2025-12-10T02:54:19.213925+00:00
305,1765335259.230882,2025-12-10T02:54:19.230882+00:00
306,1765335259.247713,2025-12-10T02:54:19.247713+00:00
307,1765335259.2647524,2025-12-10T02:54:19.264752+00:00
308,1765335259.2819228,2025-12-10T02:54:19.281922+00:00
309,1765335259.2990756,2025-12-10T02:54:19.299075+00:00
310,1765335259.316104,2025-12-10T02:54:19.316104+00:00
311,1765335259.3331344,2025-12-10T02:54:19.333134+00:00
312,1765335259.3502703,2025-12-10T02:54:19.350270+00:00
313,1765335259.367171,2025-12-10T02:54:19.367171+00:00
314,1765335259.3844464,2025-12-10T02:54:19.384446+00:00
315,1765335259.401406,2025-12-10T02:54:19.401405+00:00
316,1765335259.4188216,2025-12-10T02:54:19.418821+00:00
317,1765335259.4356675,2025-12-10T02:54:19.435667+00:00
318,1765335259.452409,2025-12-10T02:54:19.452409+00:00
319,1765335259.469465,2025-12-10T02:54:19.469465+00:00
320,1765335259.4864807,2025-12-10T02:54:19.486480+00:00
321,1765335259.5034082,2025-12-10T02:54:19.503408+00:00
322,1765335259.5203955,2025-12-10T02:54:19.520395+00:00
323,1765335259.5374157,2025-12-10T02:54:19.537415+00:00
324,1765335259.5545325,2025-12-10T02:54:19.554532+00:00
325,1765335259.571661,2025-12-10T02:54:19.571661+00:00
326,1765335259.588887,2025-12-10T02:54:19.588887+00:00
327,1765335259.605938,2025-12-10T02:54:19.605938+00:00
328,1765335259.6232834,2025-12-10T02:54:19.623283+00:00
329,1765335259.6403115,2025-12-10T02:54:19.640311+00:00
330,1765335259.6574984,2025-12-10T02:54:19.657498+00:00
331,1765335259.6745186,2025-12-10T02:54:19.674518+00:00
332,1765335259.691566,2025-12-10T02:54:19.691566+00:00
333,1765335259.708638,2025-12-10T02:54:19.708637+00:00
334,1765335259.7256722,2025-12-10T02:54:19.725672+00:00
335,1765335259.7424138,2025-12-10T02:54:19.742413+00:00
336,1765335259.759167,2025-12-10T02:54:19.759167+00:00
337,1765335259.7759113,2025-12-10T02:54:19.775911+00:00
338,1765335259.793161,2025-12-10T02:54:19.793160+00:00
339,1765335259.8103516,2025-12-10T02:54:19.810351+00:00
340,1765335259.827434,2025-12-10T02:54:19.827433+00:00
341,1765335259.8444521,2025-12-10T02:54:19.844452+00:00
342,1765335259.8615751,2025-12-10T02:54:19.861575+00:00
343,1765335259.8785608,2025-12-10T02:54:19.878560+00:00
344,1765335259.895467,2025-12-10T02:54:19.895466+00:00
345,1765335259.9126706,2025-12-10T02:54:19.912670+00:00
346,1765335259.9297106,2025-12-10T02:54:19.929710+00:00
347,1765335259.9472578,2025-12-10T02:54:19.947257+00:00
348,1765335259.9642842,2025-12-10T02:54:19.964284+00:00
349,1765335259.9815662,2025-12-10T02:54:19.981566+00:00
350,1765335259.9987442,2025-12-10T02:54:19.998744+00:00
351,1765335260.0157819,2025-12-10T02:54:20.015781+00:00
352,1765335260.03302,2025-12-10T02:54:20.033020+00:00
353,1765335260.049786,2025-12-10T02:54:20.049786+00:00
354,1765335260.0668252,2025-12-10T02:54:20.066825+00:00
355,1765335260.0836015,2025-12-10T02:54:20.083601+00:00
356,1765335260.100647,2025-12-10T02:54:20.100646+00:00
357,1765335260.118117,2025-12-10T02:54:20.118117+00:00
358,1765335260.1349864,2025-12-10T02:54:20.134986+00:00
359,1765335260.1521041,2025-12-10T02:54:20.152104+00:00
360,1765335260.1689568,2025-12-10T02:54:20.168956+00:00
361,1765335260.185736,2025-12-10T02:54:20.185736+00:00
362,1765335260.2029512,2025-12-10T02:54:20.202951+00:00
363,1765335260.220171,2025-12-10T02:54:20.220171+00:00
364,1765335260.2371948,2025-12-10T02:54:20.237194+00:00
365,1765335260.254245,2025-12-10T02:54:20.254245+00:00
366,1765335260.2714503,2025-12-10T02:54:20.271450+00:00
367,1765335260.2894638,2025-12-10T02:54:20.289463+00:00
368,1765335260.3064868,2025-12-10T02:54:20.306486+00:00
369,1765335260.3232458,2025-12-10T02:54:20.323245+00:00
370,1765335260.3402576,2025-12-10T02:54:20.340257+00:00
371,1765335260.3574736,2025-12-10T02:54:20.357473+00:00
372,1765335260.374432,2025-12-10T02:54:20.374432+00:00
373,1765335260.3914783,2025-12-10T02:54:20.391478+00:00
374,1765335260.4082634,2025-12-10T02:54:20.408263+00:00
375,1765335260.425357,2025-12-10T02:54:20.425357+00:00
376,1765335260.4425478,2025-12-10T02:54:20.442547+00:00
377,1765335260.4596033,2025-12-10T02:54:20.459603+00:00
378,1765335260.476631,2025-12-10T02:54:20.476631+00:00
379,1765335260.4937222,2025-12-10T02:54:20.493722+00:00
380,1765335260.5108798,2025-12-10T02:54:20.510879+00:00
381,1765335260.5279627,2025-12-10T02:54:20.527962+00:00
382,1765335260.5447733,2025-12-10T02:54:20.544773+00:00
383,1765335260.5615277,2025-12-10T02:54:20.561527+00:00
384,1765335260.5784426,2025-12-10T02:54:20.578442+00:00
385,1765335260.5954578,2025-12-10T02:54:20.595457+00:00
386,1765335260.612244,2025-12-10T02:54:20.612243+00:00
387,1765335260.6294053,2025-12-10T02:54:20.629405+00:00
388,1765335260.6465178,2025-12-10T02:54:20.646517+00:00
389,1765335260.6636956,2025-12-10T02:54:20.663695+00:00
390,1765335260.6808536,2025-12-10T02:54:20.680853+00:00
391,1765335260.6979456,2025-12-10T02:54:20.697945+00:00
392,1765335260.7149374,2025-12-10T02:54:20.714937+00:00
393,1765335260.731673,2025-12-10T02:54:20.731673+00:00
394,1765335260.7488973,2025-12-10T02:54:20.748897+00:00
395,1765335260.765732,2025-12-10T02:54:20.765732+00:00
396,1765335260.782773,2025-12-10T02:54:20.782773+00:00
397,1765335260.799827,2025-12-10T02:54:20.799827+00:00
398,1765335260.8172357,2025-12-10T02:54:20.817235+00:00
399,1765335260.834477,2025-12-10T02:54:20.834477+00:00
400,1765335260.8516681,2025-12-10T02:54:20.851668+00:00
401,1765335260.8684301,2025-12-10T02:54:20.868430+00:00
402,1765335260.8854527,2025-12-10T02:54:20.885452+00:00
403,1765335260.9024937,2025-12-10T02:54:20.902493+00:00
404,1765335260.9195242,2025-12-10T02:54:20.919524+00:00
405,1765335260.9365504,2025-12-10T02:54:20.936550+00:00
406,1765335260.9533637,2025-12-10T02:54:20.953363+00:00
407,1765335260.9704463,2025-12-10T02:54:20.970446+00:00
408,1765335260.9875498,2025-12-10T02:54:20.987549+00:00
409,1765335261.0044694,2025-12-10T02:54:21.004469+00:00
410,1765335261.0214794,2025-12-10T02:54:21.021479+00:00
411,1765335261.0388474,2025-12-10T02:54:21.038847+00:00
412,1765335261.055945,2025-12-10T02:54:21.055945+00:00
413,1765335261.0729437,2025-12-10T02:54:21.072943+00:00
414,1765335261.0897548,2025-12-10T02:54:21.089754+00:00
415,1765335261.1067889,2025-12-10T02:54:21.106788+00:00
416,1765335261.123655,2025-12-10T02:54:21.123655+00:00
417,1765335261.1404822,2025-12-10T02:54:21.140482+00:00
418,1765335261.1575153,2025-12-10T02:54:21.157515+00:00
419,1765335261.1747127,2025-12-10T02:54:21.174712+00:00
420,1765335261.191491,2025-12-10T02:54:21.191490+00:00
421,1765335261.208783,2025-12-10T02:54:21.208782+00:00
422,1765335261.2258172,2025-12-10T02:54:21.225817+00:00
423,1765335261.2427497,2025-12-10T02:54:21.242749+00:00
424,1765335261.2595835,2025-12-10T02:54:21.259583+00:00
425,1765335261.2766025,2025-12-10T02:54:21.276602+00:00
426,1765335261.2936494,2025-12-10T02:54:21.293649+00:00
427,1765335261.3107677,2025-12-10T02:54:21.310767+00:00
428,1765335261.3277974,2025-12-10T02:54:21.327797+00:00
429,1765335261.3448372,2025-12-10T02:54:21.344837+00:00
430,1765335261.3621147,2025-12-10T02:54:21.362114+00:00
431,1765335261.3793218,2025-12-10T02:54:21.379321+00:00
432,1765335261.3963437,2025-12-10T02:54:21.396343+00:00
433,1765335261.4134834,2025-12-10T02:54:21.413483+00:00
434,1765335261.4304962,2025-12-10T02:54:21.430496+00:00
435,1765335261.4473493,2025-12-10T02:54:21.447349+00:00
436,1765335261.4642484,2025-12-10T02:54:21.464248+00:00
437,1765335261.4810462,2025-12-10T02:54:21.481046+00:00
438,1765335261.4983532,2025-12-10T02:54:21.498353+00:00
439,1765335261.515458,2025-12-10T02:54:21.515458+00:00
440,1765335261.5324893,2025-12-10T02:54:21.532489+00:00
441,1765335261.5504608,2025-12-10T02:54:21.550460+00:00
442,1765335261.56764,2025-12-10T02:54:21.567640+00:00
443,1765335261.584437,2025-12-10T02:54:21.584437+00:00
444,1765335261.6015959,2025-12-10T02:54:21.601596+00:00
445,1765335261.6184838,2025-12-10T02:54:21.618483+00:00
446,1765335261.6355226,2025-12-10T02:54:21.635522+00:00
447,1765335261.6526172,2025-12-10T02:54:21.652617+00:00
448,1765335261.6698318,2025-12-10T02:54:21.669831+00:00
449,1765335261.6868756,2025-12-10T02:54:21.686875+00:00
450,1765335261.7039955,2025-12-10T02:54:21.703995+00:00
451,1765335261.7208154,2025-12-10T02:54:21.720815+00:00
452,1765335261.738062,2025-12-10T02:54:21.738061+00:00
453,1765335261.7551298,2025-12-10T02:54:21.755129+00:00
454,1765335261.7723699,2025-12-10T02:54:21.772369+00:00
455,1765335261.7891693,2025-12-10T02:54:21.789169+00:00
456,1765335261.805916,2025-12-10T02:54:21.805916+00:00
457,1765335261.8229282,2025-12-10T02:54:21.822928+00:00
458,1765335261.8400621,2025-12-10T02:54:21.840062+00:00
459,1765335261.8569558,2025-12-10T02:54:21.856955+00:00
460,1765335261.87398,2025-12-10T02:54:21.873980+00:00
461,1765335261.8911743,2025-12-10T02:54:21.891174+00:00
462,1765335261.9083285,2025-12-10T02:54:21.908328+00:00
463,1765335261.9254222,2025-12-10T02:54:21.925422+00:00
464,1765335261.942483,2025-12-10T02:54:21.942483+00:00
465,1765335261.9595068,2025-12-10T02:54:21.959506+00:00
466,1765335261.9765298,2025-12-10T02:54:21.976529+00:00
467,1765335261.9934433,2025-12-10T02:54:21.993443+00:00
468,1765335262.010495,2025-12-10T02:54:22.010494+00:00
469,1765335262.0275493,2025-12-10T02:54:22.027549+00:00
470,1765335262.0445783,2025-12-10T02:54:22.044578+00:00
471,1765335262.0616302,2025-12-10T02:54:22.061630+00:00
472,1765335262.0785818,2025-12-10T02:54:22.078581+00:00
473,1765335262.0956101,2025-12-10T02:54:22.095610+00:00
474,1765335262.1126685,2025-12-10T02:54:22.112668+00:00
475,1765335262.1297038,2025-12-10T02:54:22.129703+00:00
476,1765335262.146722,2025-12-10T02:54:22.146722+00:00
477,1765335262.163629,2025-12-10T02:54:22.163629+00:00
478,1765335262.1805055,2025-12-10T02:54:22.180505+00:00
479,1765335262.197535,2025-12-10T02:54:22.197535+00:00
480,1765335262.2144032,2025-12-10T02:54:22.214403+00:00
481,1765335262.2314901,2025-12-10T02:54:22.231490+00:00
482,1765335262.248246,2025-12-10T02:54:22.248245+00:00
483,1765335262.2650476,2025-12-10T02:54:22.265047+00:00
484,1765335262.281982,2025-12-10T02:54:22.281982+00:00
485,1765335262.2987428,2025-12-10T02:54:22.298742+00:00
486,1765335262.3154933,2025-12-10T02:54:22.315493+00:00
487,1765335262.3326907,2025-12-10T02:54:22.332690+00:00
488,1765335262.349451,2025-12-10T02:54:22.349450+00:00
489,1765335262.366213,2025-12-10T02:54:22.366213+00:00
490,1765335262.3832471,2025-12-10T02:54:22.383247+00:00
491,1765335262.4003446,2025-12-10T02:54:22.400344+00:00
492,1765335262.4174125,2025-12-10T02:54:22.417412+00:00
493,1765335262.434431,2025-12-10T02:54:22.434430+00:00
494,1765335262.4513485,2025-12-10T02:54:22.451348+00:00
495,1765335262.4685323,2025-12-10T02:54:22.468532+00:00
496,1765335262.4855976,2025-12-10T02:54:22.485597+00:00
497,1765335262.5026374,2025-12-10T02:54:22.502637+00:00
498,1765335262.519631,2025-12-10T02:54:22.519630+00:00
499,1765335262.5367713,2025-12-10T02:54:22.536771+00:00
500,1765335262.5538177,2025-12-10T02:54:22.553817+00:00
501,1765335262.5708873,2025-12-10T02:54:22.570887+00:00
502,1765335262.5879884,2025-12-10T02:54:22.587988+00:00
503,1765335262.6051188,2025-12-10T02:54:22.605118+00:00
504,1765335262.6220944,2025-12-10T02:54:22.622094+00:00
505,1765335262.639241,2025-12-10T02:54:22.639240+00:00
506,1765335262.6565409,2025-12-10T02:54:22.656541+00:00
507,1765335262.6736078,2025-12-10T02:54:22.673607+00:00
508,1765335262.6906407,2025-12-10T02:54:22.690640+00:00
509,1765335262.7077343,2025-12-10T02:54:22.707734+00:00
510,1765335262.7247539,2025-12-10T02:54:22.724754+00:00
511,1765335262.7418008,2025-12-10T02:54:22.741800+00:00
512,1765335262.758848,2025-12-10T02:54:22.758848+00:00
513,1765335262.775986,2025-12-10T02:54:22.775985+00:00
514,1765335262.7930186,2025-12-10T02:54:22.793018+00:00
515,1765335262.8100507,2025-12-10T02:54:22.810050+00:00
516,1765335262.8270953,2025-12-10T02:54:22.827095+00:00
517,1765335262.8440757,2025-12-10T02:54:22.844075+00:00
518,1765335262.8611107,2025-12-10T02:54:22.861110+00:00
519,1765335262.8780687,2025-12-10T02:54:22.878068+00:00
520,1765335262.8948371,2025-12-10T02:54:22.894837+00:00
521,1765335262.911991,2025-12-10T02:54:22.911990+00:00
522,1765335262.9291763,2025-12-10T02:54:22.929176+00:00
523,1765335262.946191,2025-12-10T02:54:22.946191+00:00
524,1765335262.963228,2025-12-10T02:54:22.963227+00:00
525,1765335262.9802592,2025-12-10T02:54:22.980259+00:00
526,1765335262.9971802,2025-12-10T02:54:22.997180+00:00
527,1765335263.0142882,2025-12-10T02:54:23.014288+00:00
528,1765335263.0313137,2025-12-10T02:54:23.031313+00:00
529,1765335263.048344,2025-12-10T02:54:23.048343+00:00
530,1765335263.0654175,2025-12-10T02:54:23.065417+00:00
531,1765335263.0824518,2025-12-10T02:54:23.082451+00:00
532,1765335263.0994391,2025-12-10T02:54:23.099439+00:00
533,1765335263.1161752,2025-12-10T02:54:23.116175+00:00
534,1765335263.1330369,2025-12-10T02:54:23.133036+00:00
535,1765335263.1499321,2025-12-10T02:54:23.149932+00:00
536,1765335263.1674097,2025-12-10T02:54:23.167409+00:00
537,1765335263.1845071,2025-12-10T02:54:23.184507+00:00
538,1765335263.201317,2025-12-10T02:54:23.201317+00:00
539,1765335263.2184834,2025-12-10T02:54:23.218483+00:00
540,1765335263.2352164,2025-12-10T02:54:23.235216+00:00
541,1765335263.2522714,2025-12-10T02:54:23.252271+00:00
542,1765335263.2693033,2025-12-10T02:54:23.269303+00:00
543,1765335263.2862508,2025-12-10T02:54:23.286250+00:00
544,1765335263.3034084,2025-12-10T02:54:23.303408+00:00
545,1765335263.3206205,2025-12-10T02:54:23.320620+00:00
546,1765335263.3376484,2025-12-10T02:54:23.337648+00:00
547,1765335263.3546724,2025-12-10T02:54:23.354672+00:00
548,1765335263.3718846,2025-12-10T02:54:23.371884+00:00
549,1765335263.3886528,2025-12-10T02:54:23.388652+00:00
550,1765335263.405684,2025-12-10T02:54:23.405683+00:00
551,1765335263.4227254,2025-12-10T02:54:23.422725+00:00
552,1765335263.4397645,2025-12-10T02:54:23.439764+00:00
553,1765335263.456522,2025-12-10T02:54:23.456522+00:00
554,1765335263.47349,2025-12-10T02:54:23.473489+00:00
555,1765335263.4905734,2025-12-10T02:54:23.490573+00:00
556,1765335263.507531,2025-12-10T02:54:23.507530+00:00
557,1765335263.52455,2025-12-10T02:54:23.524550+00:00
558,1765335263.5415416,2025-12-10T02:54:23.541541+00:00
559,1765335263.5587254,2025-12-10T02:54:23.558725+00:00
560,1765335263.575543,2025-12-10T02:54:23.575543+00:00
561,1765335263.5925934,2025-12-10T02:54:23.592593+00:00
562,1765335263.6096995,2025-12-10T02:54:23.609699+00:00
563,1765335263.6264377,2025-12-10T02:54:23.626437+00:00
564,1765335263.6434803,2025-12-10T02:54:23.643480+00:00
565,1765335263.6606367,2025-12-10T02:54:23.660636+00:00
566,1765335263.6774154,2025-12-10T02:54:23.677415+00:00
567,1765335263.6944377,2025-12-10T02:54:23.694437+00:00
568,1765335263.7114964,2025-12-10T02:54:23.711496+00:00
569,1765335263.7285864,2025-12-10T02:54:23.728586+00:00
570,1765335263.7456129,2025-12-10T02:54:23.745612+00:00
571,1765335263.762707,2025-12-10T02:54:23.762707+00:00
572,1765335263.7795763,2025-12-10T02:54:23.779576+00:00
573,1765335263.796367,2025-12-10T02:54:23.796366+00:00
574,1765335263.8135946,2025-12-10T02:54:23.813594+00:00
575,1765335263.8306372,2025-12-10T02:54:23.830637+00:00
576,1765335263.8476927,2025-12-10T02:54:23.847692+00:00
577,1765335263.8645458,2025-12-10T02:54:23.864545+00:00
578,1765335263.881513,2025-12-10T02:54:23.881513+00:00
579,1765335263.8985372,2025-12-10T02:54:23.898537+00:00
580,1765335263.9155393,2025-12-10T02:54:23.915539+00:00
581,1765335263.9325948,2025-12-10T02:54:23.932594+00:00
582,1765335263.9494033,2025-12-10T02:54:23.949403+00:00
583,1765335263.9664383,2025-12-10T02:54:23.966438+00:00
584,1765335263.983551,2025-12-10T02:54:23.983550+00:00
585,1765335264.0004876,2025-12-10T02:54:24.000487+00:00
586,1765335264.0175486,2025-12-10T02:54:24.017548+00:00
587,1765335264.034816,2025-12-10T02:54:24.034816+00:00
588,1765335264.0518303,2025-12-10T02:54:24.051830+00:00
589,1765335264.068704,2025-12-10T02:54:24.068703+00:00
590,1765335264.0858793,2025-12-10T02:54:24.085879+00:00
591,1765335264.102921,2025-12-10T02:54:24.102921+00:00
592,1765335264.1199844,2025-12-10T02:54:24.119984+00:00
593,1765335264.1370647,2025-12-10T02:54:24.137064+00:00
594,1765335264.1540127,2025-12-10T02:54:24.154012+00:00
595,1765335264.1711197,2025-12-10T02:54:24.171119+00:00
596,1765335264.1881745,2025-12-10T02:54:24.188174+00:00
597,1765335264.2052455,2025-12-10T02:54:24.205245+00:00
598,1765335264.2223005,2025-12-10T02:54:24.222300+00:00
599,1765335264.2393372,2025-12-10T02:54:24.239337+00:00
600,1765335264.256394,2025-12-10T02:54:24.256393+00:00
601,1765335264.273418,2025-12-10T02:54:24.273418+00:00
602,1765335264.2903833,2025-12-10T02:54:24.290383+00:00
603,1765335264.307602,2025-12-10T02:54:24.307601+00:00
604,1765335264.3247476,2025-12-10T02:54:24.324747+00:00
605,1765335264.3415635,2025-12-10T02:54:24.341563+00:00
606,1765335264.358598,2025-12-10T02:54:24.358597+00:00
607,1765335264.3755584,2025-12-10T02:54:24.375558+00:00
608,1765335264.3924487,2025-12-10T02:54:24.392448+00:00
609,1765335264.4095585,2025-12-10T02:54:24.409558+00:00
610,1765335264.4265943,2025-12-10T02:54:24.426594+00:00
611,1765335264.443624,2025-12-10T02:54:24.443624+00:00
612,1765335264.4603698,2025-12-10T02:54:24.460370+00:00
613,1765335264.4774354,2025-12-10T02:54:24.477435+00:00
614,1765335264.4945095,2025-12-10T02:54:24.494509+00:00
615,1765335264.5115526,2025-12-10T02:54:24.511552+00:00
616,1765335264.528918,2025-12-10T02:54:24.528918+00:00
617,1765335264.5459661,2025-12-10T02:54:24.545966+00:00
618,1765335264.5630078,2025-12-10T02:54:24.563007+00:00
619,1765335264.5805657,2025-12-10T02:54:24.580565+00:00
620,1765335264.5980928,2025-12-10T02:54:24.598092+00:00
621,1765335264.6151214,2025-12-10T02:54:24.615121+00:00
622,1765335264.6321635,2025-12-10T02:54:24.632163+00:00
623,1765335264.6492121,2025-12-10T02:54:24.649212+00:00
624,1765335264.66625,2025-12-10T02:54:24.666249+00:00
625,1765335264.6832774,2025-12-10T02:54:24.683277+00:00
626,1765335264.700286,2025-12-10T02:54:24.700285+00:00
627,1765335264.7173264,2025-12-10T02:54:24.717326+00:00
628,1765335264.734258,2025-12-10T02:54:24.734257+00:00
629,1765335264.751217,2025-12-10T02:54:24.751217+00:00
630,1765335264.7680678,2025-12-10T02:54:24.768067+00:00
631,1765335264.7851617,2025-12-10T02:54:24.785161+00:00
632,1765335264.8022344,2025-12-10T02:54:24.802234+00:00
633,1765335264.819093,2025-12-10T02:54:24.819093+00:00
634,1765335264.836191,2025-12-10T02:54:24.836191+00:00
635,1765335264.853348,2025-12-10T02:54:24.853348+00:00
636,1765335264.870109,2025-12-10T02:54:24.870109+00:00
637,1765335264.887197,2025-12-10T02:54:24.887197+00:00
638,1765335264.9042883,2025-12-10T02:54:24.904288+00:00
639,1765335264.9211218,2025-12-10T02:54:24.921121+00:00
640,1765335264.9381993,2025-12-10T02:54:24.938199+00:00
641,1765335264.9554367,2025-12-10T02:54:24.955436+00:00
642,1765335264.9722972,2025-12-10T02:54:24.972297+00:00
643,1765335264.9892483,2025-12-10T02:54:24.989248+00:00
644,1765335265.0062912,2025-12-10T02:54:25.006291+00:00
645,1765335265.023158,2025-12-10T02:54:25.023157+00:00
646,1765335265.0402696,2025-12-10T02:54:25.040269+00:00
647,1765335265.0575058,2025-12-10T02:54:25.057505+00:00
648,1765335265.074529,2025-12-10T02:54:25.074529+00:00
649,1765335265.0913713,2025-12-10T02:54:25.091371+00:00
650,1765335265.1083636,2025-12-10T02:54:25.108363+00:00
651,1765335265.125364,2025-12-10T02:54:25.125364+00:00
652,1765335265.1421206,2025-12-10T02:54:25.142120+00:00
653,1765335265.1590195,2025-12-10T02:54:25.159019+00:00
654,1765335265.1759949,2025-12-10T02:54:25.175995+00:00
655,1765335265.1930437,2025-12-10T02:54:25.193043+00:00
656,1765335265.210107,2025-12-10T02:54:25.210107+00:00
657,1765335265.2271461,2025-12-10T02:54:25.227146+00:00
658,1765335265.244289,2025-12-10T02:54:25.244289+00:00
659,1765335265.2610254,2025-12-10T02:54:25.261025+00:00
660,1765335265.2780316,2025-12-10T02:54:25.278031+00:00
661,1765335265.2951744,2025-12-10T02:54:25.295174+00:00
662,1765335265.3123512,2025-12-10T02:54:25.312351+00:00
663,1765335265.3295176,2025-12-10T02:54:25.329517+00:00
664,1765335265.3465416,2025-12-10T02:54:25.346541+00:00
665,1765335265.3636084,2025-12-10T02:54:25.363608+00:00
666,1765335265.3808947,2025-12-10T02:54:25.380894+00:00
667,1765335265.3979392,2025-12-10T02:54:25.397939+00:00
668,1765335265.4148054,2025-12-10T02:54:25.414805+00:00
669,1765335265.4319322,2025-12-10T02:54:25.431932+00:00
670,1765335265.449007,2025-12-10T02:54:25.449007+00:00
671,1765335265.4662018,2025-12-10T02:54:25.466201+00:00
672,1765335265.4831555,2025-12-10T02:54:25.483155+00:00
673,1765335265.5002177,2025-12-10T02:54:25.500217+00:00
674,1765335265.5172768,2025-12-10T02:54:25.517276+00:00
675,1765335265.5344794,2025-12-10T02:54:25.534479+00:00
676,1765335265.551549,2025-12-10T02:54:25.551548+00:00
677,1765335265.569563,2025-12-10T02:54:25.569562+00:00
678,1765335265.5866103,2025-12-10T02:54:25.586610+00:00
679,1765335265.6035635,2025-12-10T02:54:25.603563+00:00
680,1765335265.6203978,2025-12-10T02:54:25.620397+00:00
681,1765335265.6375847,2025-12-10T02:54:25.637584+00:00
682,1765335265.6546028,2025-12-10T02:54:25.654602+00:00
683,1765335265.67162,2025-12-10T02:54:25.671619+00:00
684,1765335265.6883626,2025-12-10T02:54:25.688362+00:00
685,1765335265.7051728,2025-12-10T02:54:25.705172+00:00
686,1765335265.7219534,2025-12-10T02:54:25.721953+00:00
687,1765335265.7387974,2025-12-10T02:54:25.738797+00:00
688,1765335265.7558386,2025-12-10T02:54:25.755838+00:00
689,1765335265.7729027,2025-12-10T02:54:25.772902+00:00
690,1765335265.7901726,2025-12-10T02:54:25.790172+00:00
691,1765335265.8073044,2025-12-10T02:54:25.807304+00:00
692,1765335265.8243322,2025-12-10T02:54:25.824332+00:00
693,1765335265.841418,2025-12-10T02:54:25.841418+00:00
694,1765335265.8586733,2025-12-10T02:54:25.858673+00:00
695,1765335265.8756948,2025-12-10T02:54:25.875694+00:00
696,1765335265.892858,2025-12-10T02:54:25.892858+00:00
697,1765335265.910071,2025-12-10T02:54:25.910070+00:00
698,1765335265.927392,2025-12-10T02:54:25.927391+00:00
699,1765335265.9441414,2025-12-10T02:54:25.944141+00:00
700,1765335265.9611018,2025-12-10T02:54:25.961101+00:00
701,1765335265.9780629,2025-12-10T02:54:25.978062+00:00
702,1765335265.995094,2025-12-10T02:54:25.995094+00:00
703,1765335266.011862,2025-12-10T02:54:26.011862+00:00
704,1765335266.0290887,2025-12-10T02:54:26.029088+00:00
705,1765335266.046084,2025-12-10T02:54:26.046083+00:00
706,1765335266.063064,2025-12-10T02:54:26.063064+00:00
707,1765335266.0801494,2025-12-10T02:54:26.080149+00:00
708,1765335266.0971212,2025-12-10T02:54:26.097121+00:00
709,1765335266.1141002,2025-12-10T02:54:26.114100+00:00
710,1765335266.1308842,2025-12-10T02:54:26.130884+00:00
711,1765335266.1478758,2025-12-10T02:54:26.147875+00:00
712,1765335266.1651237,2025-12-10T02:54:26.165123+00:00
713,1765335266.18216,2025-12-10T02:54:26.182160+00:00
714,1765335266.1990335,2025-12-10T02:54:26.199033+00:00
715,1765335266.2158191,2025-12-10T02:54:26.215819+00:00
716,1765335266.2327821,2025-12-10T02:54:26.232782+00:00
717,1765335266.2498689,2025-12-10T02:54:26.249868+00:00
718,1765335266.266915,2025-12-10T02:54:26.266915+00:00
719,1765335266.2839506,2025-12-10T02:54:26.283950+00:00
720,1765335266.3007252,2025-12-10T02:54:26.300725+00:00
721,1765335266.3178163,2025-12-10T02:54:26.317816+00:00
722,1765335266.3348505,2025-12-10T02:54:26.334850+00:00
723,1765335266.3517168,2025-12-10T02:54:26.351716+00:00
724,1765335266.3689165,2025-12-10T02:54:26.368916+00:00
725,1765335266.3860743,2025-12-10T02:54:26.386074+00:00
726,1765335266.4028842,2025-12-10T02:54:26.402884+00:00
727,1765335266.4196706,2025-12-10T02:54:26.419670+00:00
728,1765335266.436703,2025-12-10T02:54:26.436702+00:00
729,1765335266.4534633,2025-12-10T02:54:26.453463+00:00
730,1765335266.470606,2025-12-10T02:54:26.470606+00:00
731,1765335266.4878345,2025-12-10T02:54:26.487834+00:00
732,1765335266.5046136,2025-12-10T02:54:26.504613+00:00
733,1765335266.5216486,2025-12-10T02:54:26.521648+00:00
734,1765335266.5385804,2025-12-10T02:54:26.538580+00:00
735,1765335266.5556479,2025-12-10T02:54:26.555647+00:00
736,1765335266.5725873,2025-12-10T02:54:26.572587+00:00
737,1765335266.5895085,2025-12-10T02:54:26.589508+00:00
738,1765335266.6065536,2025-12-10T02:54:26.606553+00:00
739,1765335266.623622,2025-12-10T02:54:26.623621+00:00
740,1765335266.6407588,2025-12-10T02:54:26.640758+00:00
741,1765335266.657789,2025-12-10T02:54:26.657788+00:00
742,1765335266.6748087,2025-12-10T02:54:26.674808+00:00
743,1765335266.691929,2025-12-10T02:54:26.691929+00:00
744,1765335266.7090082,2025-12-10T02:54:26.709008+00:00
745,1765335266.7260346,2025-12-10T02:54:26.726034+00:00
746,1765335266.743048,2025-12-10T02:54:26.743048+00:00
747,1765335266.760079,2025-12-10T02:54:26.760078+00:00
748,1765335266.777074,2025-12-10T02:54:26.777074+00:00
749,1765335266.7940142,2025-12-10T02:54:26.794014+00:00
750,1765335266.8110447,2025-12-10T02:54:26.811044+00:00
751,1765335266.8280864,2025-12-10T02:54:26.828086+00:00
752,1765335266.8450868,2025-12-10T02:54:26.845086+00:00
753,1765335266.8621204,2025-12-10T02:54:26.862120+00:00
754,1765335266.8791513,2025-12-10T02:54:26.879151+00:00
755,1765335266.8961017,2025-12-10T02:54:26.896101+00:00
756,1765335266.9131484,2025-12-10T02:54:26.913148+00:00
757,1765335266.9299502,2025-12-10T02:54:26.929950+00:00
758,1765335266.9471061,2025-12-10T02:54:26.947106+00:00
759,1765335266.96409,2025-12-10T02:54:26.964090+00:00
760,1765335266.980839,2025-12-10T02:54:26.980838+00:00
761,1765335266.9977236,2025-12-10T02:54:26.997723+00:00
762,1765335267.0147603,2025-12-10T02:54:27.014760+00:00
763,1765335267.0319154,2025-12-10T02:54:27.031915+00:00
764,1765335267.049091,2025-12-10T02:54:27.049091+00:00
765,1765335267.066116,2025-12-10T02:54:27.066116+00:00
766,1765335267.083147,2025-12-10T02:54:27.083147+00:00
767,1765335267.1003678,2025-12-10T02:54:27.100367+00:00
768,1765335267.117402,2025-12-10T02:54:27.117402+00:00
769,1765335267.1344273,2025-12-10T02:54:27.134427+00:00
770,1765335267.1514742,2025-12-10T02:54:27.151474+00:00
771,1765335267.1683073,2025-12-10T02:54:27.168307+00:00
772,1765335267.1853583,2025-12-10T02:54:27.185358+00:00
773,1765335267.2023702,2025-12-10T02:54:27.202370+00:00
774,1765335267.2191162,2025-12-10T02:54:27.219116+00:00
775,1765335267.2360985,2025-12-10T02:54:27.236098+00:00
776,1765335267.2528503,2025-12-10T02:54:27.252850+00:00
777,1765335267.2697537,2025-12-10T02:54:27.269753+00:00
778,1765335267.2867992,2025-12-10T02:54:27.286799+00:00
779,1765335267.3038564,2025-12-10T02:54:27.303856+00:00
780,1765335267.3206027,2025-12-10T02:54:27.320602+00:00
781,1765335267.3378756,2025-12-10T02:54:27.337875+00:00
782,1765335267.355085,2025-12-10T02:54:27.355084+00:00
783,1765335267.3718405,2025-12-10T02:54:27.371840+00:00
784,1765335267.388896,2025-12-10T02:54:27.388896+00:00
785,1765335267.4059274,2025-12-10T02:54:27.405927+00:00
786,1765335267.4231129,2025-12-10T02:54:27.423112+00:00
787,1765335267.4400487,2025-12-10T02:54:27.440048+00:00
788,1765335267.4572482,2025-12-10T02:54:27.457248+00:00
789,1765335267.474347,2025-12-10T02:54:27.474346+00:00
790,1765335267.4913235,2025-12-10T02:54:27.491323+00:00
791,1765335267.5083685,2025-12-10T02:54:27.508368+00:00
792,1765335267.525614,2025-12-10T02:54:27.525614+00:00
793,1765335267.5426462,2025-12-10T02:54:27.542646+00:00
794,1765335267.5596862,2025-12-10T02:54:27.559686+00:00
795,1765335267.5767121,2025-12-10T02:54:27.576712+00:00
796,1765335267.59346,2025-12-10T02:54:27.593460+00:00
797,1765335267.6106715,2025-12-10T02:54:27.610671+00:00
798,1765335267.6279037,2025-12-10T02:54:27.627903+00:00
799,1765335267.6449223,2025-12-10T02:54:27.644922+00:00
800,1765335267.661982,2025-12-10T02:54:27.661982+00:00
801,1765335267.6788762,2025-12-10T02:54:27.678876+00:00
802,1765335267.6959074,2025-12-10T02:54:27.695907+00:00
803,1765335267.712935,2025-12-10T02:54:27.712935+00:00
804,1765335267.7299669,2025-12-10T02:54:27.729966+00:00
805,1765335267.7471128,2025-12-10T02:54:27.747112+00:00
806,1765335267.7641053,2025-12-10T02:54:27.764105+00:00
807,1765335267.7811568,2025-12-10T02:54:27.781156+00:00
808,1765335267.7982156,2025-12-10T02:54:27.798215+00:00
809,1765335267.8151364,2025-12-10T02:54:27.815136+00:00
810,1765335267.8321776,2025-12-10T02:54:27.832177+00:00
811,1765335267.8492491,2025-12-10T02:54:27.849249+00:00
812,1765335267.8660886,2025-12-10T02:54:27.866088+00:00
813,1765335267.8831146,2025-12-10T02:54:27.883114+00:00
814,1765335267.900249,2025-12-10T02:54:27.900249+00:00
815,1765335267.9172838,2025-12-10T02:54:27.917283+00:00
816,1765335267.9343002,2025-12-10T02:54:27.934300+00:00
817,1765335267.9513307,2025-12-10T02:54:27.951330+00:00
818,1765335267.9682288,2025-12-10T02:54:27.968228+00:00
819,1765335267.9850714,2025-12-10T02:54:27.985071+00:00
820,1765335268.0019965,2025-12-10T02:54:28.001996+00:00
821,1765335268.0189884,2025-12-10T02:54:28.018988+00:00
822,1765335268.0358756,2025-12-10T02:54:28.035875+00:00
823,1765335268.0529013,2025-12-10T02:54:28.052901+00:00
824,1765335268.0701377,2025-12-10T02:54:28.070137+00:00
825,1765335268.0873308,2025-12-10T02:54:28.087330+00:00
826,1765335268.1040943,2025-12-10T02:54:28.104094+00:00
827,1765335268.1208837,2025-12-10T02:54:28.120883+00:00
828,1765335268.1376286,2025-12-10T02:54:28.137628+00:00
829,1765335268.154708,2025-12-10T02:54:28.154708+00:00
830,1765335268.171595,2025-12-10T02:54:28.171594+00:00
831,1765335268.1889544,2025-12-10T02:54:28.188954+00:00
832,1765335268.2061336,2025-12-10T02:54:28.206133+00:00
833,1765335268.2231555,2025-12-10T02:54:28.223155+00:00
834,1765335268.2401888,2025-12-10T02:54:28.240188+00:00
835,1765335268.2574382,2025-12-10T02:54:28.257438+00:00
836,1765335268.2746046,2025-12-10T02:54:28.274604+00:00
837,1765335268.2916455,2025-12-10T02:54:28.291645+00:00
838,1765335268.3086905,2025-12-10T02:54:28.308690+00:00
839,1765335268.3257174,2025-12-10T02:54:28.325717+00:00
840,1765335268.3427649,2025-12-10T02:54:28.342764+00:00
841,1765335268.3600035,2025-12-10T02:54:28.360003+00:00
842,1765335268.3771107,2025-12-10T02:54:28.377110+00:00
843,1765335268.3943627,2025-12-10T02:54:28.394362+00:00
844,1765335268.4114776,2025-12-10T02:54:28.411477+00:00
845,1765335268.428718,2025-12-10T02:54:28.428718+00:00
846,1765335268.4457855,2025-12-10T02:54:28.445785+00:00
847,1765335268.4630837,2025-12-10T02:54:28.463083+00:00
848,1765335268.480117,2025-12-10T02:54:28.480117+00:00
849,1765335268.497336,2025-12-10T02:54:28.497335+00:00
850,1765335268.5143685,2025-12-10T02:54:28.514368+00:00
851,1765335268.5315084,2025-12-10T02:54:28.531508+00:00
852,1765335268.5490038,2025-12-10T02:54:28.549003+00:00
853,1765335268.5661275,2025-12-10T02:54:28.566127+00:00
854,1765335268.583158,2025-12-10T02:54:28.583157+00:00
855,1765335268.600074,2025-12-10T02:54:28.600074+00:00
856,1765335268.6171713,2025-12-10T02:54:28.617171+00:00
857,1765335268.6342056,2025-12-10T02:54:28.634205+00:00
858,1765335268.6512346,2025-12-10T02:54:28.651234+00:00
859,1765335268.6684277,2025-12-10T02:54:28.668427+00:00
860,1765335268.6856427,2025-12-10T02:54:28.685642+00:00
861,1765335268.7029462,2025-12-10T02:54:28.702946+00:00
862,1765335268.7199948,2025-12-10T02:54:28.719994+00:00
863,1765335268.7373226,2025-12-10T02:54:28.737322+00:00
864,1765335268.7543428,2025-12-10T02:54:28.754343+00:00
865,1765335268.7715023,2025-12-10T02:54:28.771502+00:00
866,1765335268.788544,2025-12-10T02:54:28.788544+00:00
867,1765335268.8055713,2025-12-10T02:54:28.805571+00:00
868,1765335268.8228183,2025-12-10T02:54:28.822818+00:00
869,1765335268.8397639,2025-12-10T02:54:28.839764+00:00
870,1765335268.8568459,2025-12-10T02:54:28.856845+00:00
871,1765335268.8737576,2025-12-10T02:54:28.873757+00:00
872,1765335268.8907983,2025-12-10T02:54:28.890798+00:00
873,1765335268.9078286,2025-12-10T02:54:28.907828+00:00
874,1765335268.9249482,2025-12-10T02:54:28.924948+00:00
875,1765335268.9417129,2025-12-10T02:54:28.941712+00:00
876,1765335268.9584827,2025-12-10T02:54:28.958482+00:00
877,1765335268.9757085,2025-12-10T02:54:28.975708+00:00
878,1765335268.9927037,2025-12-10T02:54:28.992703+00:00
879,1765335269.009451,2025-12-10T02:54:29.009451+00:00
880,1765335269.0261934,2025-12-10T02:54:29.026193+00:00
881,1765335269.043118,2025-12-10T02:54:29.043118+00:00
882,1765335269.0599365,2025-12-10T02:54:29.059936+00:00
883,1765335269.0769548,2025-12-10T02:54:29.076954+00:00
884,1765335269.0939596,2025-12-10T02:54:29.093959+00:00
885,1765335269.111043,2025-12-10T02:54:29.111043+00:00
886,1765335269.127875,2025-12-10T02:54:29.127875+00:00
887,1765335269.1449058,2025-12-10T02:54:29.144905+00:00
888,1765335269.1619499,2025-12-10T02:54:29.161949+00:00
889,1765335269.1789894,2025-12-10T02:54:29.178989+00:00
890,1765335269.1960115,2025-12-10T02:54:29.196011+00:00
891,1765335269.2131484,2025-12-10T02:54:29.213148+00:00
892,1765335269.230045,2025-12-10T02:54:29.230045+00:00
893,1765335269.2470877,2025-12-10T02:54:29.247087+00:00
894,1765335269.264176,2025-12-10T02:54:29.264175+00:00
895,1765335269.2809203,2025-12-10T02:54:29.280920+00:00
896,1765335269.2981493,2025-12-10T02:54:29.298149+00:00
897,1765335269.3148875,2025-12-10T02:54:29.314887+00:00
898,1765335269.3319414,2025-12-10T02:54:29.331941+00:00
899,1765335269.348959,2025-12-10T02:54:29.348959+00:00
900,1765335269.3659754,2025-12-10T02:54:29.365975+00:00
901,1765335269.3831806,2025-12-10T02:54:29.383180+00:00
902,1765335269.4003055,2025-12-10T02:54:29.400305+00:00
903,1765335269.417258,2025-12-10T02:54:29.417258+00:00
904,1765335269.4344738,2025-12-10T02:54:29.434473+00:00
905,1765335269.4517117,2025-12-10T02:54:29.451711+00:00
906,1765335269.468764,2025-12-10T02:54:29.468764+00:00
907,1765335269.485701,2025-12-10T02:54:29.485701+00:00
908,1765335269.5027447,2025-12-10T02:54:29.502744+00:00
909,1765335269.5197523,2025-12-10T02:54:29.519752+00:00
910,1765335269.5368528,2025-12-10T02:54:29.536852+00:00
911,1765335269.5539076,2025-12-10T02:54:29.553907+00:00
912,1765335269.570955,2025-12-10T02:54:29.570955+00:00
913,1765335269.5879889,2025-12-10T02:54:29.587988+00:00
914,1765335269.6050358,2025-12-10T02:54:29.605035+00:00
915,1765335269.62209,2025-12-10T02:54:29.622089+00:00
916,1765335269.6391304,2025-12-10T02:54:29.639130+00:00
917,1765335269.656178,2025-12-10T02:54:29.656178+00:00
918,1765335269.6730008,2025-12-10T02:54:29.673000+00:00
919,1765335269.6900375,2025-12-10T02:54:29.690037+00:00
920,1765335269.707034,2025-12-10T02:54:29.707034+00:00
921,1765335269.7240803,2025-12-10T02:54:29.724080+00:00
922,1765335269.740906,2025-12-10T02:54:29.740906+00:00
923,1765335269.7581823,2025-12-10T02:54:29.758182+00:00
924,1765335269.7752075,2025-12-10T02:54:29.775207+00:00
925,1765335269.7922716,2025-12-10T02:54:29.792271+00:00
926,1765335269.8091793,2025-12-10T02:54:29.809179+00:00
927,1765335269.8261554,2025-12-10T02:54:29.826155+00:00
928,1765335269.8429503,2025-12-10T02:54:29.842950+00:00
929,1765335269.859973,2025-12-10T02:54:29.859972+00:00
930,1765335269.8769064,2025-12-10T02:54:29.876906+00:00
931,1765335269.8939404,2025-12-10T02:54:29.893940+00:00
932,1765335269.9109807,2025-12-10T02:54:29.910980+00:00
933,1765335269.9281151,2025-12-10T02:54:29.928115+00:00
934,1765335269.9451356,2025-12-10T02:54:29.945135+00:00
935,1765335269.962161,2025-12-10T02:54:29.962161+00:00
936,1765335269.9791908,2025-12-10T02:54:29.979190+00:00
937,1765335269.996208,2025-12-10T02:54:29.996207+00:00
938,1765335270.013241,2025-12-10T02:54:30.013241+00:00
939,1765335270.0302794,2025-12-10T02:54:30.030279+00:00
940,1765335270.0476265,2025-12-10T02:54:30.047626+00:00
941,1765335270.064643,2025-12-10T02:54:30.064642+00:00
942,1765335270.081408,2025-12-10T02:54:30.081408+00:00
943,1765335270.0991135,2025-12-10T02:54:30.099113+00:00
944,1765335270.1161451,2025-12-10T02:54:30.116145+00:00
945,1765335270.1329544,2025-12-10T02:54:30.132954+00:00
946,1765335270.1500478,2025-12-10T02:54:30.150047+00:00
947,1765335270.16717,2025-12-10T02:54:30.167170+00:00
948,1765335270.1839418,2025-12-10T02:54:30.183942+00:00
949,1765335270.2007494,2025-12-10T02:54:30.200749+00:00
950,1765335270.217922,2025-12-10T02:54:30.217922+00:00
951,1765335270.235001,2025-12-10T02:54:30.235001+00:00
952,1765335270.2520435,2025-12-10T02:54:30.252043+00:00
953,1765335270.2690704,2025-12-10T02:54:30.269070+00:00
954,1765335270.2858498,2025-12-10T02:54:30.285849+00:00
955,1765335270.3029003,2025-12-10T02:54:30.302900+00:00
956,1765335270.3201516,2025-12-10T02:54:30.320151+00:00
957,1765335270.3373163,2025-12-10T02:54:30.337316+00:00
958,1765335270.354126,2025-12-10T02:54:30.354126+00:00
959,1765335270.3709917,2025-12-10T02:54:30.370991+00:00
960,1765335270.3881989,2025-12-10T02:54:30.388198+00:00
961,1765335270.4051156,2025-12-10T02:54:30.405115+00:00
962,1765335270.4220881,2025-12-10T02:54:30.422088+00:00
963,1765335270.439208,2025-12-10T02:54:30.439208+00:00
964,1765335270.4562345,2025-12-10T02:54:30.456234+00:00
965,1765335270.4733953,2025-12-10T02:54:30.473395+00:00
966,1765335270.4904325,2025-12-10T02:54:30.490432+00:00
967,1765335270.507479,2025-12-10T02:54:30.507479+00:00
968,1765335270.524344,2025-12-10T02:54:30.524344+00:00
969,1765335270.541285,2025-12-10T02:54:30.541285+00:00
970,1765335270.5584116,2025-12-10T02:54:30.558411+00:00
971,1765335270.5751948,2025-12-10T02:54:30.575194+00:00
972,1765335270.5919883,2025-12-10T02:54:30.591988+00:00
973,1765335270.6090817,2025-12-10T02:54:30.609081+00:00
974,1765335270.6261866,2025-12-10T02:54:30.626186+00:00
975,1765335270.643198,2025-12-10T02:54:30.643197+00:00
976,1765335270.660189,2025-12-10T02:54:30.660189+00:00
977,1765335270.6772203,2025-12-10T02:54:30.677220+00:00
978,1765335270.6944056,2025-12-10T02:54:30.694405+00:00
979,1765335270.7114625,2025-12-10T02:54:30.711462+00:00
980,1765335270.7285192,2025-12-10T02:54:30.728519+00:00
981,1765335270.7456045,2025-12-10T02:54:30.745604+00:00
982,1765335270.762386,2025-12-10T02:54:30.762386+00:00
983,1765335270.7793465,2025-12-10T02:54:30.779346+00:00
984,1765335270.7964327,2025-12-10T02:54:30.796432+00:00
985,1765335270.81331,2025-12-10T02:54:30.813309+00:00
986,1765335270.8305607,2025-12-10T02:54:30.830560+00:00
987,1765335270.8476093,2025-12-10T02:54:30.847609+00:00
988,1765335270.8649244,2025-12-10T02:54:30.864924+00:00
989,1765335270.8819635,2025-12-10T02:54:30.881963+00:00
990,1765335270.8990364,2025-12-10T02:54:30.899036+00:00
991,1765335270.9162204,2025-12-10T02:54:30.916220+00:00
992,1765335270.9331553,2025-12-10T02:54:30.933155+00:00
993,1765335270.950241,2025-12-10T02:54:30.950240+00:00
994,1765335270.9670112,2025-12-10T02:54:30.967011+00:00
995,1765335270.9837801,2025-12-10T02:54:30.983780+00:00
996,1765335271.0010276,2025-12-10T02:54:31.001027+00:00
997,1765335271.018152,2025-12-10T02:54:31.018152+00:00
998,1765335271.0352192,2025-12-10T02:54:31.035219+00:00
999,1765335271.0521936,2025-12-10T02:54:31.052193+00:00
1000,1765335271.069285,2025-12-10T02:54:31.069284+00:00
1001,1765335271.0861979,2025-12-10T02:54:31.086197+00:00
1002,1765335271.1031902,2025-12-10T02:54:31.103190+00:00
1003,1765335271.12022,2025-12-10T02:54:31.120219+00:00
1004,1765335271.137356,2025-12-10T02:54:31.137356+00:00
1005,1765335271.1544516,2025-12-10T02:54:31.154451+00:00
1006,1765335271.1715064,2025-12-10T02:54:31.171506+00:00
1007,1765335271.188545,2025-12-10T02:54:31.188545+00:00
1008,1765335271.2057197,2025-12-10T02:54:31.205719+00:00
1009,1765335271.2227538,2025-12-10T02:54:31.222753+00:00
1010,1765335271.2397826,2025-12-10T02:54:31.239782+00:00
1011,1765335271.256803,2025-12-10T02:54:31.256803+00:00
1012,1765335271.2738478,2025-12-10T02:54:31.273847+00:00
1013,1765335271.290881,2025-12-10T02:54:31.290881+00:00
1014,1765335271.308226,2025-12-10T02:54:31.308226+00:00
1015,1765335271.3253455,2025-12-10T02:54:31.325345+00:00
1016,1765335271.3423588,2025-12-10T02:54:31.342358+00:00
1017,1765335271.3596702,2025-12-10T02:54:31.359670+00:00
1018,1765335271.3764162,2025-12-10T02:54:31.376416+00:00
1019,1765335271.3931868,2025-12-10T02:54:31.393186+00:00
1020,1765335271.4099326,2025-12-10T02:54:31.409932+00:00
1021,1765335271.4269667,2025-12-10T02:54:31.426966+00:00
1022,1765335271.4440207,2025-12-10T02:54:31.444020+00:00
1023,1765335271.4630792,2025-12-10T02:54:31.463079+00:00
1024,1765335271.480622,2025-12-10T02:54:31.480622+00:00
1025,1765335271.4977326,2025-12-10T02:54:31.497732+00:00
1026,1765335271.5149004,2025-12-10T02:54:31.514900+00:00
1027,1765335271.5320108,2025-12-10T02:54:31.532010+00:00
1028,1765335271.5488791,2025-12-10T02:54:31.548879+00:00
1029,1765335271.5658965,2025-12-10T02:54:31.565896+00:00
1030,1765335271.583056,2025-12-10T02:54:31.583055+00:00
1031,1765335271.6001816,2025-12-10T02:54:31.600181+00:00
1032,1765335271.6173515,2025-12-10T02:54:31.617351+00:00
1033,1765335271.6343703,2025-12-10T02:54:31.634370+00:00
1034,1765335271.651539,2025-12-10T02:54:31.651539+00:00
1035,1765335271.668572,2025-12-10T02:54:31.668571+00:00
1036,1765335271.685599,2025-12-10T02:54:31.685599+00:00
1037,1765335271.7026563,2025-12-10T02:54:31.702656+00:00
1038,1765335271.7197144,2025-12-10T02:54:31.719714+00:00
1039,1765335271.7367392,2025-12-10T02:54:31.736739+00:00
1040,1765335271.7535462,2025-12-10T02:54:31.753546+00:00
1041,1765335271.7707818,2025-12-10T02:54:31.770781+00:00
1042,1765335271.787691,2025-12-10T02:54:31.787691+00:00
1043,1765335271.8044338,2025-12-10T02:54:31.804433+00:00
1044,1765335271.8214605,2025-12-10T02:54:31.821460+00:00
1045,1765335271.8382082,2025-12-10T02:54:31.838208+00:00
1046,1765335271.8550613,2025-12-10T02:54:31.855061+00:00
1047,1765335271.872181,2025-12-10T02:54:31.872181+00:00
1048,1765335271.889497,2025-12-10T02:54:31.889497+00:00
1049,1765335271.9062483,2025-12-10T02:54:31.906248+00:00
1050,1765335271.9233358,2025-12-10T02:54:31.923335+00:00
1051,1765335271.9403603,2025-12-10T02:54:31.940360+00:00
1052,1765335271.9573886,2025-12-10T02:54:31.957388+00:00
1053,1765335271.97441,2025-12-10T02:54:31.974409+00:00
1054,1765335271.9915059,2025-12-10T02:54:31.991505+00:00
1055,1765335272.0085552,2025-12-10T02:54:32.008555+00:00
1056,1765335272.025464,2025-12-10T02:54:32.025464+00:00
1057,1765335272.042685,2025-12-10T02:54:32.042685+00:00
1058,1765335272.0595195,2025-12-10T02:54:32.059519+00:00
1059,1765335272.0765493,2025-12-10T02:54:32.076549+00:00
1060,1765335272.0935903,2025-12-10T02:54:32.093590+00:00
1061,1765335272.1105635,2025-12-10T02:54:32.110563+00:00
1062,1765335272.128194,2025-12-10T02:54:32.128194+00:00
1063,1765335272.145216,2025-12-10T02:54:32.145215+00:00
1064,1765335272.1620643,2025-12-10T02:54:32.162064+00:00
1065,1765335272.1790977,2025-12-10T02:54:32.179097+00:00
1066,1765335272.1962738,2025-12-10T02:54:32.196273+00:00
1067,1765335272.2132435,2025-12-10T02:54:32.213243+00:00
1068,1765335272.2301922,2025-12-10T02:54:32.230192+00:00
1069,1765335272.247226,2025-12-10T02:54:32.247226+00:00
1070,1765335272.264203,2025-12-10T02:54:32.264202+00:00
1071,1765335272.2812734,2025-12-10T02:54:32.281273+00:00
1072,1765335272.298186,2025-12-10T02:54:32.298186+00:00
1073,1765335272.3152149,2025-12-10T02:54:32.315214+00:00
1074,1765335272.3320692,2025-12-10T02:54:32.332069+00:00
1075,1765335272.3489747,2025-12-10T02:54:32.348974+00:00
1076,1765335272.366212,2025-12-10T02:54:32.366211+00:00
1077,1765335272.3835483,2025-12-10T02:54:32.383548+00:00
1078,1765335272.4007459,2025-12-10T02:54:32.400746+00:00
1079,1765335272.4178352,2025-12-10T02:54:32.417835+00:00
1080,1765335272.434631,2025-12-10T02:54:32.434631+00:00
1081,1765335272.4515042,2025-12-10T02:54:32.451504+00:00
1082,1765335272.4685419,2025-12-10T02:54:32.468542+00:00
1083,1765335272.485567,2025-12-10T02:54:32.485567+00:00
1084,1765335272.5026093,2025-12-10T02:54:32.502609+00:00
1085,1765335272.5196655,2025-12-10T02:54:32.519665+00:00
1086,1765335272.5366852,2025-12-10T02:54:32.536685+00:00
1087,1765335272.5535054,2025-12-10T02:54:32.553505+00:00
1088,1765335272.5708632,2025-12-10T02:54:32.570863+00:00
1089,1765335272.5879254,2025-12-10T02:54:32.587925+00:00
1090,1765335272.6046839,2025-12-10T02:54:32.604683+00:00
1091,1765335272.6218166,2025-12-10T02:54:32.621816+00:00
1092,1765335272.6388276,2025-12-10T02:54:32.638827+00:00
1093,1765335272.65574,2025-12-10T02:54:32.655739+00:00
1094,1765335272.6727912,2025-12-10T02:54:32.672791+00:00
1095,1765335272.69002,2025-12-10T02:54:32.690020+00:00
1096,1765335272.7070587,2025-12-10T02:54:32.707058+00:00
1097,1765335272.7239935,2025-12-10T02:54:32.723993+00:00
1098,1765335272.7410336,2025-12-10T02:54:32.741033+00:00
1099,1765335272.7580667,2025-12-10T02:54:32.758066+00:00
1100,1765335272.7750912,2025-12-10T02:54:32.775091+00:00
1101,1765335272.7922542,2025-12-10T02:54:32.792254+00:00
1102,1765335272.8091958,2025-12-10T02:54:32.809195+00:00
1103,1765335272.8262146,2025-12-10T02:54:32.826214+00:00
1104,1765335272.8431625,2025-12-10T02:54:32.843162+00:00
1105,1765335272.860214,2025-12-10T02:54:32.860214+00:00
1106,1765335272.8774037,2025-12-10T02:54:32.877403+00:00
1107,1765335272.8944654,2025-12-10T02:54:32.894465+00:00
1108,1765335272.91153,2025-12-10T02:54:32.911530+00:00
1109,1765335272.928746,2025-12-10T02:54:32.928746+00:00
1110,1765335272.9457822,2025-12-10T02:54:32.945782+00:00
1111,1765335272.962975,2025-12-10T02:54:32.962974+00:00
1112,1765335272.980029,2025-12-10T02:54:32.980029+00:00
1113,1765335272.9970531,2025-12-10T02:54:32.997053+00:00
1114,1765335273.01409,2025-12-10T02:54:33.014090+00:00
1115,1765335273.0311203,2025-12-10T02:54:33.031120+00:00
1116,1765335273.0481467,2025-12-10T02:54:33.048146+00:00
1117,1765335273.065176,2025-12-10T02:54:33.065176+00:00
1118,1765335273.0823226,2025-12-10T02:54:33.082322+00:00
1119,1765335273.0995083,2025-12-10T02:54:33.099508+00:00
1120,1765335273.1165981,2025-12-10T02:54:33.116597+00:00
1121,1765335273.133353,2025-12-10T02:54:33.133352+00:00
1122,1765335273.1501043,2025-12-10T02:54:33.150104+00:00
1123,1765335273.1672678,2025-12-10T02:54:33.167267+00:00
1124,1765335273.1842215,2025-12-10T02:54:33.184221+00:00
1125,1765335273.2014632,2025-12-10T02:54:33.201463+00:00
1126,1765335273.2184665,2025-12-10T02:54:33.218466+00:00
1127,1765335273.235492,2025-12-10T02:54:33.235492+00:00
1128,1765335273.2527041,2025-12-10T02:54:33.252704+00:00
1129,1765335273.269831,2025-12-10T02:54:33.269830+00:00
1130,1765335273.2868536,2025-12-10T02:54:33.286853+00:00
1131,1765335273.3036551,2025-12-10T02:54:33.303655+00:00
1132,1765335273.320752,2025-12-10T02:54:33.320751+00:00
1133,1765335273.337788,2025-12-10T02:54:33.337788+00:00
1134,1765335273.3548148,2025-12-10T02:54:33.354814+00:00
1135,1765335273.371857,2025-12-10T02:54:33.371856+00:00
1136,1765335273.3890738,2025-12-10T02:54:33.389073+00:00
1137,1765335273.4060066,2025-12-10T02:54:33.406006+00:00
1138,1765335273.422752,2025-12-10T02:54:33.422752+00:00
1139,1765335273.4394984,2025-12-10T02:54:33.439498+00:00
1140,1765335273.4562624,2025-12-10T02:54:33.456262+00:00
1141,1765335273.4733188,2025-12-10T02:54:33.473319+00:00
1142,1765335273.49022,2025-12-10T02:54:33.490220+00:00
1143,1765335273.507261,2025-12-10T02:54:33.507260+00:00
1144,1765335273.5242712,2025-12-10T02:54:33.524271+00:00
1145,1765335273.5414062,2025-12-10T02:54:33.541406+00:00
1146,1765335273.5582838,2025-12-10T02:54:33.558283+00:00
1147,1765335273.5753846,2025-12-10T02:54:33.575384+00:00
1148,1765335273.5922842,2025-12-10T02:54:33.592284+00:00
1149,1765335273.6092873,2025-12-10T02:54:33.609287+00:00
1150,1765335273.6263103,2025-12-10T02:54:33.626310+00:00
1151,1765335273.6433327,2025-12-10T02:54:33.643332+00:00
1152,1765335273.6604998,2025-12-10T02:54:33.660499+00:00
1153,1765335273.677751,2025-12-10T02:54:33.677751+00:00
1154,1765335273.6947713,2025-12-10T02:54:33.694771+00:00
1155,1765335273.7115636,2025-12-10T02:54:33.711563+00:00
1156,1765335273.7295442,2025-12-10T02:54:33.729544+00:00
1157,1765335273.746574,2025-12-10T02:54:33.746573+00:00
1158,1765335273.7634833,2025-12-10T02:54:33.763483+00:00
1159,1765335273.780711,2025-12-10T02:54:33.780711+00:00
1160,1765335273.7977676,2025-12-10T02:54:33.797767+00:00
1161,1765335273.8146713,2025-12-10T02:54:33.814671+00:00
1162,1765335273.8317184,2025-12-10T02:54:33.831718+00:00
1163,1765335273.8488178,2025-12-10T02:54:33.848817+00:00
1164,1765335273.8658352,2025-12-10T02:54:33.865835+00:00
1165,1765335273.8828726,2025-12-10T02:54:33.882872+00:00
1166,1765335273.9000075,2025-12-10T02:54:33.900007+00:00
1167,1765335273.9167414,2025-12-10T02:54:33.916741+00:00
1168,1765335273.9338682,2025-12-10T02:54:33.933868+00:00
1169,1765335273.9512389,2025-12-10T02:54:33.951238+00:00
1170,1765335273.9684021,2025-12-10T02:54:33.968402+00:00
1171,1765335273.9852672,2025-12-10T02:54:33.985267+00:00
1172,1765335274.0023966,2025-12-10T02:54:34.002396+00:00
1173,1765335274.0193212,2025-12-10T02:54:34.019321+00:00
1174,1765335274.0360672,2025-12-10T02:54:34.036067+00:00
1175,1765335274.0529158,2025-12-10T02:54:34.052915+00:00
1176,1765335274.0700123,2025-12-10T02:54:34.070012+00:00
1177,1765335274.0868897,2025-12-10T02:54:34.086889+00:00
1178,1765335274.103771,2025-12-10T02:54:34.103770+00:00
1179,1765335274.1209111,2025-12-10T02:54:34.120911+00:00
1180,1765335274.1379366,2025-12-10T02:54:34.137936+00:00
1181,1765335274.1549685,2025-12-10T02:54:34.154968+00:00
1182,1765335274.171886,2025-12-10T02:54:34.171886+00:00
1183,1765335274.1890156,2025-12-10T02:54:34.189015+00:00
1184,1765335274.206047,2025-12-10T02:54:34.206047+00:00
1185,1765335274.2230902,2025-12-10T02:54:34.223090+00:00
1186,1765335274.2402654,2025-12-10T02:54:34.240265+00:00
1187,1765335274.2573807,2025-12-10T02:54:34.257380+00:00
1188,1765335274.2745109,2025-12-10T02:54:34.274510+00:00
1189,1765335274.2913384,2025-12-10T02:54:34.291338+00:00
1190,1765335274.3083074,2025-12-10T02:54:34.308307+00:00
1191,1765335274.3255248,2025-12-10T02:54:34.325524+00:00
1192,1765335274.3422742,2025-12-10T02:54:34.342274+00:00
1193,1765335274.3590174,2025-12-10T02:54:34.359017+00:00
1194,1765335274.3760362,2025-12-10T02:54:34.376036+00:00
1195,1765335274.39327,2025-12-10T02:54:34.393269+00:00
1196,1765335274.4100196,2025-12-10T02:54:34.410019+00:00
1197,1765335274.4270408,2025-12-10T02:54:34.427040+00:00
1198,1765335274.4440353,2025-12-10T02:54:34.444035+00:00
1199,1765335274.4610803,2025-12-10T02:54:34.461080+00:00
1200,1765335274.4781117,2025-12-10T02:54:34.478111+00:00
1201,1765335274.4949389,2025-12-10T02:54:34.494938+00:00
1202,1765335274.5121255,2025-12-10T02:54:34.512125+00:00
1203,1765335274.5291739,2025-12-10T02:54:34.529173+00:00
1204,1765335274.5461934,2025-12-10T02:54:34.546193+00:00
1205,1765335274.5632758,2025-12-10T02:54:34.563275+00:00
1206,1765335274.5803542,2025-12-10T02:54:34.580354+00:00
1207,1765335274.5976915,2025-12-10T02:54:34.597691+00:00
1208,1765335274.614721,2025-12-10T02:54:34.614721+00:00
1209,1765335274.6317697,2025-12-10T02:54:34.631769+00:00
1210,1765335274.6487842,2025-12-10T02:54:34.648784+00:00
1211,1765335274.665765,2025-12-10T02:54:34.665765+00:00
1212,1765335274.683004,2025-12-10T02:54:34.683003+00:00
1213,1765335274.6998196,2025-12-10T02:54:34.699819+00:00
1214,1765335274.7165816,2025-12-10T02:54:34.716581+00:00
1215,1765335274.733447,2025-12-10T02:54:34.733447+00:00
1216,1765335274.7501886,2025-12-10T02:54:34.750188+00:00
1217,1765335274.7673333,2025-12-10T02:54:34.767333+00:00
1218,1765335274.7842796,2025-12-10T02:54:34.784279+00:00
1219,1765335274.801091,2025-12-10T02:54:34.801091+00:00
1220,1765335274.8181808,2025-12-10T02:54:34.818180+00:00
1221,1765335274.8351812,2025-12-10T02:54:34.835181+00:00
1222,1765335274.8523166,2025-12-10T02:54:34.852316+00:00
1223,1765335274.869159,2025-12-10T02:54:34.869159+00:00
1224,1765335274.8863237,2025-12-10T02:54:34.886323+00:00
1225,1765335274.9033298,2025-12-10T02:54:34.903329+00:00
1226,1765335274.9204109,2025-12-10T02:54:34.920410+00:00
1227,1765335274.9375606,2025-12-10T02:54:34.937560+00:00
1228,1765335274.954592,2025-12-10T02:54:34.954591+00:00
1229,1765335274.9713888,2025-12-10T02:54:34.971389+00:00
1230,1765335274.98844,2025-12-10T02:54:34.988440+00:00
1231,1765335275.0054605,2025-12-10T02:54:35.005460+00:00
1232,1765335275.0222442,2025-12-10T02:54:35.022244+00:00
1233,1765335275.0390759,2025-12-10T02:54:35.039075+00:00
1234,1765335275.0560484,2025-12-10T02:54:35.056048+00:00
1235,1765335275.0730934,2025-12-10T02:54:35.073093+00:00
1236,1765335275.090308,2025-12-10T02:54:35.090307+00:00
1237,1765335275.1070964,2025-12-10T02:54:35.107096+00:00
1238,1765335275.1240609,2025-12-10T02:54:35.124061+00:00
1239,1765335275.141084,2025-12-10T02:54:35.141084+00:00
1240,1765335275.1578267,2025-12-10T02:54:35.157826+00:00
1241,1765335275.174845,2025-12-10T02:54:35.174844+00:00
1242,1765335275.191883,2025-12-10T02:54:35.191883+00:00
1243,1765335275.209125,2025-12-10T02:54:35.209125+00:00
1244,1765335275.2263181,2025-12-10T02:54:35.226318+00:00
1245,1765335275.2435198,2025-12-10T02:54:35.243519+00:00
1246,1765335275.260609,2025-12-10T02:54:35.260608+00:00
1247,1765335275.2776983,2025-12-10T02:54:35.277698+00:00
1248,1765335275.2945647,2025-12-10T02:54:35.294564+00:00
1249,1765335275.311509,2025-12-10T02:54:35.311508+00:00
1250,1765335275.3285685,2025-12-10T02:54:35.328568+00:00
1251,1765335275.3454428,2025-12-10T02:54:35.345442+00:00
1252,1765335275.3624773,2025-12-10T02:54:35.362477+00:00
1253,1765335275.3793597,2025-12-10T02:54:35.379359+00:00
1254,1765335275.3963852,2025-12-10T02:54:35.396385+00:00
1255,1765335275.4134412,2025-12-10T02:54:35.413441+00:00
1256,1765335275.4306736,2025-12-10T02:54:35.430673+00:00
1257,1765335275.4477952,2025-12-10T02:54:35.447795+00:00
1258,1765335275.4645438,2025-12-10T02:54:35.464543+00:00
1259,1765335275.481343,2025-12-10T02:54:35.481343+00:00
1260,1765335275.4983642,2025-12-10T02:54:35.498364+00:00
1261,1765335275.515227,2025-12-10T02:54:35.515227+00:00
1262,1765335275.5322955,2025-12-10T02:54:35.532295+00:00
1263,1765335275.5493503,2025-12-10T02:54:35.549350+00:00
1264,1765335275.5666034,2025-12-10T02:54:35.566603+00:00
1265,1765335275.5837858,2025-12-10T02:54:35.583785+00:00
1266,1765335275.6006541,2025-12-10T02:54:35.600654+00:00
1267,1765335275.6177638,2025-12-10T02:54:35.617763+00:00
1268,1765335275.6348114,2025-12-10T02:54:35.634811+00:00
1269,1765335275.651755,2025-12-10T02:54:35.651755+00:00
1270,1765335275.669807,2025-12-10T02:54:35.669806+00:00
1271,1765335275.686847,2025-12-10T02:54:35.686847+00:00
1272,1765335275.7040942,2025-12-10T02:54:35.704094+00:00
1273,1765335275.720873,2025-12-10T02:54:35.720873+00:00
1274,1765335275.7379167,2025-12-10T02:54:35.737916+00:00
1275,1765335275.7549455,2025-12-10T02:54:35.754945+00:00
1276,1765335275.772111,2025-12-10T02:54:35.772110+00:00
1277,1765335275.7891517,2025-12-10T02:54:35.789151+00:00
1278,1765335275.806306,2025-12-10T02:54:35.806305+00:00
1279,1765335275.823309,2025-12-10T02:54:35.823309+00:00
1280,1765335275.8403838,2025-12-10T02:54:35.840383+00:00
1281,1765335275.857322,2025-12-10T02:54:35.857322+00:00
1282,1765335275.874347,2025-12-10T02:54:35.874347+00:00
1283,1765335275.8913434,2025-12-10T02:54:35.891343+00:00
1284,1765335275.9083683,2025-12-10T02:54:35.908368+00:00
1285,1765335275.9264097,2025-12-10T02:54:35.926409+00:00
1286,1765335275.943943,2025-12-10T02:54:35.943942+00:00
1287,1765335275.9609938,2025-12-10T02:54:35.960993+00:00
1288,1765335275.9785259,2025-12-10T02:54:35.978525+00:00
1289,1765335275.9955463,2025-12-10T02:54:35.995546+00:00
1290,1765335276.012582,2025-12-10T02:54:36.012582+00:00
1291,1765335276.0293489,2025-12-10T02:54:36.029348+00:00
1292,1765335276.046286,2025-12-10T02:54:36.046286+00:00
1293,1765335276.0630372,2025-12-10T02:54:36.063037+00:00
1294,1765335276.0799026,2025-12-10T02:54:36.079902+00:00
1295,1765335276.0969243,2025-12-10T02:54:36.096924+00:00
1296,1765335276.1136708,2025-12-10T02:54:36.113670+00:00
1297,1765335276.1305633,2025-12-10T02:54:36.130563+00:00
1298,1765335276.1477745,2025-12-10T02:54:36.147774+00:00
1299,1765335276.1648016,2025-12-10T02:54:36.164801+00:00
1300,1765335276.1818466,2025-12-10T02:54:36.181846+00:00
1301,1765335276.1988745,2025-12-10T02:54:36.198874+00:00
1302,1765335276.215904,2025-12-10T02:54:36.215904+00:00
1303,1765335276.2329342,2025-12-10T02:54:36.232934+00:00
1304,1765335276.249973,2025-12-10T02:54:36.249973+00:00
1305,1765335276.2669911,2025-12-10T02:54:36.266991+00:00
1306,1765335276.2838058,2025-12-10T02:54:36.283805+00:00
1307,1765335276.3013363,2025-12-10T02:54:36.301336+00:00
1308,1765335276.318495,2025-12-10T02:54:36.318495+00:00
1309,1765335276.3355129,2025-12-10T02:54:36.335512+00:00
1310,1765335276.3525288,2025-12-10T02:54:36.352528+00:00
1311,1765335276.369341,2025-12-10T02:54:36.369341+00:00
1312,1765335276.38633,2025-12-10T02:54:36.386329+00:00
1313,1765335276.4033527,2025-12-10T02:54:36.403352+00:00
1314,1765335276.4201083,2025-12-10T02:54:36.420108+00:00
1315,1765335276.4369333,2025-12-10T02:54:36.436933+00:00
1316,1765335276.4541807,2025-12-10T02:54:36.454180+00:00
1317,1765335276.47137,2025-12-10T02:54:36.471370+00:00
1318,1765335276.4881043,2025-12-10T02:54:36.488104+00:00
1319,1765335276.505127,2025-12-10T02:54:36.505127+00:00
1320,1765335276.5222666,2025-12-10T02:54:36.522266+00:00
1321,1765335276.5392227,2025-12-10T02:54:36.539222+00:00
1322,1765335276.5563285,2025-12-10T02:54:36.556328+00:00
1323,1765335276.5733142,2025-12-10T02:54:36.573314+00:00
1324,1765335276.590269,2025-12-10T02:54:36.590269+00:00
1325,1765335276.6073198,2025-12-10T02:54:36.607319+00:00
1326,1765335276.6243463,2025-12-10T02:54:36.624346+00:00
1327,1765335276.6415331,2025-12-10T02:54:36.641533+00:00
1328,1765335276.6585395,2025-12-10T02:54:36.658539+00:00
1329,1765335276.675678,2025-12-10T02:54:36.675677+00:00
1330,1765335276.6928303,2025-12-10T02:54:36.692830+00:00
1331,1765335276.7098823,2025-12-10T02:54:36.709882+00:00
1332,1765335276.7270212,2025-12-10T02:54:36.727021+00:00
1333,1765335276.744102,2025-12-10T02:54:36.744101+00:00
1334,1765335276.760891,2025-12-10T02:54:36.760890+00:00
1335,1765335276.7778602,2025-12-10T02:54:36.777860+00:00
1336,1765335276.7948346,2025-12-10T02:54:36.794834+00:00
1337,1765335276.8118787,2025-12-10T02:54:36.811878+00:00
1338,1765335276.8287115,2025-12-10T02:54:36.828711+00:00
1339,1765335276.8455942,2025-12-10T02:54:36.845594+00:00
1340,1765335276.862692,2025-12-10T02:54:36.862692+00:00
1341,1765335276.8794625,2025-12-10T02:54:36.879462+00:00
1342,1765335276.8962212,2025-12-10T02:54:36.896221+00:00
1343,1765335276.9133663,2025-12-10T02:54:36.913366+00:00
1344,1765335276.930478,2025-12-10T02:54:36.930478+00:00
1345,1765335276.947504,2025-12-10T02:54:36.947504+00:00
1346,1765335276.9645371,2025-12-10T02:54:36.964537+00:00
1347,1765335276.981318,2025-12-10T02:54:36.981317+00:00
1348,1765335276.9982429,2025-12-10T02:54:36.998242+00:00
1349,1765335277.0154037,2025-12-10T02:54:37.015403+00:00
1350,1765335277.0324335,2025-12-10T02:54:37.032433+00:00
1351,1765335277.049271,2025-12-10T02:54:37.049271+00:00
1352,1765335277.0661995,2025-12-10T02:54:37.066199+00:00
1353,1765335277.083237,2025-12-10T02:54:37.083236+00:00
1354,1765335277.0999746,2025-12-10T02:54:37.099974+00:00
1355,1765335277.1167712,2025-12-10T02:54:37.116771+00:00
1356,1765335277.133845,2025-12-10T02:54:37.133844+00:00
1357,1765335277.150729,2025-12-10T02:54:37.150729+00:00
1358,1765335277.167899,2025-12-10T02:54:37.167898+00:00
1359,1765335277.1847777,2025-12-10T02:54:37.184777+00:00
1360,1765335277.202108,2025-12-10T02:54:37.202107+00:00
1361,1765335277.2193432,2025-12-10T02:54:37.219343+00:00
1362,1765335277.2363803,2025-12-10T02:54:37.236380+00:00
1363,1765335277.2535195,2025-12-10T02:54:37.253519+00:00
1364,1765335277.270269,2025-12-10T02:54:37.270269+00:00
1365,1765335277.2874765,2025-12-10T02:54:37.287476+00:00
1366,1765335277.3042243,2025-12-10T02:54:37.304224+00:00
1367,1765335277.3214054,2025-12-10T02:54:37.321405+00:00
1368,1765335277.3382757,2025-12-10T02:54:37.338275+00:00
1369,1765335277.3551333,2025-12-10T02:54:37.355133+00:00
1370,1765335277.3722198,2025-12-10T02:54:37.372220+00:00
1371,1765335277.3892474,2025-12-10T02:54:37.389247+00:00
1372,1765335277.406266,2025-12-10T02:54:37.406265+00:00
1373,1765335277.423339,2025-12-10T02:54:37.423339+00:00
1374,1765335277.440293,2025-12-10T02:54:37.440293+00:00
1375,1765335277.4573722,2025-12-10T02:54:37.457372+00:00
1376,1765335277.474585,2025-12-10T02:54:37.474585+00:00
1377,1765335277.4914927,2025-12-10T02:54:37.491492+00:00
1378,1765335277.5085347,2025-12-10T02:54:37.508534+00:00
1379,1765335277.5253544,2025-12-10T02:54:37.525354+00:00
1380,1765335277.54247,2025-12-10T02:54:37.542469+00:00
1381,1765335277.559413,2025-12-10T02:54:37.559413+00:00
1382,1765335277.576368,2025-12-10T02:54:37.576368+00:00
1383,1765335277.5933514,2025-12-10T02:54:37.593351+00:00
1384,1765335277.610239,2025-12-10T02:54:37.610239+00:00
1385,1765335277.6273296,2025-12-10T02:54:37.627329+00:00
1386,1765335277.644391,2025-12-10T02:54:37.644391+00:00
1387,1765335277.6615589,2025-12-10T02:54:37.661558+00:00
1388,1765335277.678615,2025-12-10T02:54:37.678615+00:00
1389,1765335277.6958578,2025-12-10T02:54:37.695857+00:00
1390,1765335277.712716,2025-12-10T02:54:37.712716+00:00
1391,1765335277.729784,2025-12-10T02:54:37.729784+00:00
1392,1765335277.7468047,2025-12-10T02:54:37.746804+00:00
1393,1765335277.7637897,2025-12-10T02:54:37.763789+00:00
1394,1765335277.7808383,2025-12-10T02:54:37.780838+00:00
1395,1765335277.7978823,2025-12-10T02:54:37.797882+00:00
1396,1765335277.8149073,2025-12-10T02:54:37.814907+00:00
1397,1765335277.8321357,2025-12-10T02:54:37.832135+00:00
1398,1765335277.8491893,2025-12-10T02:54:37.849189+00:00
1399,1765335277.8662095,2025-12-10T02:54:37.866209+00:00
1400,1765335277.8832366,2025-12-10T02:54:37.883236+00:00
1401,1765335277.9002728,2025-12-10T02:54:37.900273+00:00
1402,1765335277.917416,2025-12-10T02:54:37.917416+00:00
1403,1765335277.9343653,2025-12-10T02:54:37.934365+00:00
1404,1765335277.9511397,2025-12-10T02:54:37.951139+00:00
1405,1765335277.9678977,2025-12-10T02:54:37.967897+00:00
1406,1765335277.9849138,2025-12-10T02:54:37.984914+00:00
1407,1765335278.0018404,2025-12-10T02:54:38.001840+00:00
1408,1765335278.0188963,2025-12-10T02:54:38.018896+00:00
1409,1765335278.0358863,2025-12-10T02:54:38.035886+00:00
1410,1765335278.0527437,2025-12-10T02:54:38.052743+00:00
1411,1765335278.0697165,2025-12-10T02:54:38.069716+00:00
1412,1765335278.0867555,2025-12-10T02:54:38.086755+00:00
1413,1765335278.1037877,2025-12-10T02:54:38.103787+00:00
1414,1765335278.1208303,2025-12-10T02:54:38.120830+00:00
1415,1765335278.1378777,2025-12-10T02:54:38.137877+00:00
1416,1765335278.1548972,2025-12-10T02:54:38.154897+00:00
1417,1765335278.1722078,2025-12-10T02:54:38.172207+00:00
1418,1765335278.1892514,2025-12-10T02:54:38.189251+00:00
1419,1765335278.2063231,2025-12-10T02:54:38.206323+00:00
1420,1765335278.223422,2025-12-10T02:54:38.223422+00:00
1421,1765335278.2406125,2025-12-10T02:54:38.240612+00:00
1422,1765335278.2576075,2025-12-10T02:54:38.257607+00:00
1423,1765335278.2746642,2025-12-10T02:54:38.274664+00:00
1424,1765335278.291705,2025-12-10T02:54:38.291704+00:00
1425,1765335278.3087656,2025-12-10T02:54:38.308765+00:00
1426,1765335278.3257594,2025-12-10T02:54:38.325759+00:00
1427,1765335278.342876,2025-12-10T02:54:38.342875+00:00
1428,1765335278.3598447,2025-12-10T02:54:38.359844+00:00
1429,1765335278.3770578,2025-12-10T02:54:38.377057+00:00
1430,1765335278.3940928,2025-12-10T02:54:38.394092+00:00
1431,1765335278.4111195,2025-12-10T02:54:38.411119+00:00
1432,1765335278.4281542,2025-12-10T02:54:38.428154+00:00
1433,1765335278.4451358,2025-12-10T02:54:38.445135+00:00
1434,1765335278.462372,2025-12-10T02:54:38.462372+00:00
1435,1765335278.479121,2025-12-10T02:54:38.479121+00:00
1436,1765335278.496062,2025-12-10T02:54:38.496062+00:00
1437,1765335278.5128284,2025-12-10T02:54:38.512828+00:00
1438,1765335278.5296826,2025-12-10T02:54:38.529682+00:00
1439,1765335278.546806,2025-12-10T02:54:38.546806+00:00
1440,1765335278.5638313,2025-12-10T02:54:38.563831+00:00
1441,1765335278.580755,2025-12-10T02:54:38.580754+00:00
1442,1765335278.5978153,2025-12-10T02:54:38.597815+00:00
1443,1765335278.6148436,2025-12-10T02:54:38.614843+00:00
1444,1765335278.6319149,2025-12-10T02:54:38.631914+00:00
1445,1765335278.648959,2025-12-10T02:54:38.648958+00:00
1446,1765335278.6659837,2025-12-10T02:54:38.665983+00:00
1447,1765335278.6829615,2025-12-10T02:54:38.682961+00:00
1448,1765335278.7000837,2025-12-10T02:54:38.700083+00:00
1449,1765335278.7171123,2025-12-10T02:54:38.717112+00:00
1450,1765335278.734396,2025-12-10T02:54:38.734395+00:00
1451,1765335278.751393,2025-12-10T02:54:38.751393+00:00
1452,1765335278.7684023,2025-12-10T02:54:38.768402+00:00
1453,1765335278.7853477,2025-12-10T02:54:38.785347+00:00
1454,1765335278.802513,2025-12-10T02:54:38.802513+00:00
1455,1765335278.8195567,2025-12-10T02:54:38.819556+00:00
1456,1765335278.8362932,2025-12-10T02:54:38.836293+00:00
1457,1765335278.853332,2025-12-10T02:54:38.853332+00:00
1458,1765335278.8705304,2025-12-10T02:54:38.870530+00:00
1459,1765335278.8873758,2025-12-10T02:54:38.887375+00:00
1460,1765335278.9043865,2025-12-10T02:54:38.904386+00:00
1461,1765335278.9213252,2025-12-10T02:54:38.921325+00:00
1462,1765335278.9382317,2025-12-10T02:54:38.938231+00:00
1463,1765335278.9554114,2025-12-10T02:54:38.955411+00:00
1464,1765335278.9725556,2025-12-10T02:54:38.972555+00:00
1465,1765335278.9895217,2025-12-10T02:54:38.989521+00:00
1466,1765335279.0067623,2025-12-10T02:54:39.006762+00:00
1467,1765335279.023804,2025-12-10T02:54:39.023803+00:00
1468,1765335279.0406978,2025-12-10T02:54:39.040697+00:00
1469,1765335279.057758,2025-12-10T02:54:39.057758+00:00
1470,1765335279.074785,2025-12-10T02:54:39.074785+00:00
1471,1765335279.0919545,2025-12-10T02:54:39.091954+00:00
1472,1765335279.108769,2025-12-10T02:54:39.108769+00:00
1473,1765335279.1258163,2025-12-10T02:54:39.125816+00:00
1474,1765335279.1428616,2025-12-10T02:54:39.142861+00:00
1475,1765335279.1601076,2025-12-10T02:54:39.160107+00:00
1476,1765335279.176915,2025-12-10T02:54:39.176915+00:00
1477,1765335279.1936498,2025-12-10T02:54:39.193649+00:00
1478,1765335279.210904,2025-12-10T02:54:39.210903+00:00
1479,1765335279.2277377,2025-12-10T02:54:39.227737+00:00
1480,1765335279.2448988,2025-12-10T02:54:39.244898+00:00
1481,1765335279.261898,2025-12-10T02:54:39.261898+00:00
1482,1765335279.2786381,2025-12-10T02:54:39.278638+00:00
1483,1765335279.2956653,2025-12-10T02:54:39.295665+00:00
1484,1765335279.312421,2025-12-10T02:54:39.312421+00:00
1485,1765335279.3293176,2025-12-10T02:54:39.329317+00:00
1486,1765335279.3460655,2025-12-10T02:54:39.346065+00:00
1487,1765335279.3628929,2025-12-10T02:54:39.362892+00:00
1488,1765335279.3799632,2025-12-10T02:54:39.379963+00:00
1489,1765335279.39699,2025-12-10T02:54:39.396990+00:00
1490,1765335279.414049,2025-12-10T02:54:39.414048+00:00
1491,1765335279.4310343,2025-12-10T02:54:39.431034+00:00
1492,1765335279.4481244,2025-12-10T02:54:39.448124+00:00
1493,1765335279.46515,2025-12-10T02:54:39.465150+00:00
1494,1765335279.482212,2025-12-10T02:54:39.482212+00:00
1495,1765335279.4992523,2025-12-10T02:54:39.499252+00:00
1496,1765335279.5166616,2025-12-10T02:54:39.516661+00:00
1497,1765335279.5339062,2025-12-10T02:54:39.533906+00:00
1498,1765335279.5510206,2025-12-10T02:54:39.551020+00:00
1499,1765335279.5677667,2025-12-10T02:54:39.567766+00:00
1500,1765335279.5848827,2025-12-10T02:54:39.584882+00:00
1501,1765335279.601921,2025-12-10T02:54:39.601921+00:00
1502,1765335279.619589,2025-12-10T02:54:39.619589+00:00
1503,1765335279.6369326,2025-12-10T02:54:39.636932+00:00
1504,1765335279.6539218,2025-12-10T02:54:39.653921+00:00
1505,1765335279.6711426,2025-12-10T02:54:39.671142+00:00
1506,1765335279.6881683,2025-12-10T02:54:39.688168+00:00
1507,1765335279.7049413,2025-12-10T02:54:39.704941+00:00
1508,1765335279.7216818,2025-12-10T02:54:39.721682+00:00
1509,1765335279.7387235,2025-12-10T02:54:39.738723+00:00
1510,1765335279.7556589,2025-12-10T02:54:39.755658+00:00
1511,1765335279.7727282,2025-12-10T02:54:39.772728+00:00
1512,1765335279.7897863,2025-12-10T02:54:39.789786+00:00
1513,1765335279.806903,2025-12-10T02:54:39.806902+00:00
1514,1765335279.8240464,2025-12-10T02:54:39.824046+00:00
1515,1765335279.8410854,2025-12-10T02:54:39.841085+00:00
1516,1765335279.8581502,2025-12-10T02:54:39.858150+00:00
1517,1765335279.8751686,2025-12-10T02:54:39.875168+00:00
1518,1765335279.892213,2025-12-10T02:54:39.892212+00:00
1519,1765335279.9092407,2025-12-10T02:54:39.909240+00:00
1520,1765335279.9263582,2025-12-10T02:54:39.926358+00:00
1521,1765335279.943314,2025-12-10T02:54:39.943314+00:00
1522,1765335279.9603398,2025-12-10T02:54:39.960339+00:00
1523,1765335279.9774382,2025-12-10T02:54:39.977438+00:00
1524,1765335279.9947119,2025-12-10T02:54:39.994711+00:00
1525,1765335280.0114567,2025-12-10T02:54:40.011456+00:00
1526,1765335280.028428,2025-12-10T02:54:40.028428+00:00
1527,1765335280.0455492,2025-12-10T02:54:40.045549+00:00
1528,1765335280.0625238,2025-12-10T02:54:40.062523+00:00
1529,1765335280.0796454,2025-12-10T02:54:40.079645+00:00
1530,1765335280.0966632,2025-12-10T02:54:40.096663+00:00
1531,1765335280.1136708,2025-12-10T02:54:40.113670+00:00
1532,1765335280.1307213,2025-12-10T02:54:40.130721+00:00
1533,1765335280.147946,2025-12-10T02:54:40.147945+00:00
1534,1765335280.164946,2025-12-10T02:54:40.164946+00:00
1535,1765335280.1818433,2025-12-10T02:54:40.181843+00:00
1536,1765335280.1988804,2025-12-10T02:54:40.198880+00:00
1537,1765335280.2159328,2025-12-10T02:54:40.215932+00:00
1538,1765335280.232863,2025-12-10T02:54:40.232862+00:00
1539,1765335280.2498171,2025-12-10T02:54:40.249817+00:00
1540,1765335280.2668643,2025-12-10T02:54:40.266864+00:00
1541,1765335280.2836735,2025-12-10T02:54:40.283673+00:00
1542,1765335280.300711,2025-12-10T02:54:40.300710+00:00
1543,1765335280.3177624,2025-12-10T02:54:40.317762+00:00
1544,1765335280.3349116,2025-12-10T02:54:40.334911+00:00
1545,1765335280.3521318,2025-12-10T02:54:40.352131+00:00
1546,1765335280.3692458,2025-12-10T02:54:40.369245+00:00
1547,1765335280.3862717,2025-12-10T02:54:40.386271+00:00
1548,1765335280.4034276,2025-12-10T02:54:40.403427+00:00
1549,1765335280.4201713,2025-12-10T02:54:40.420171+00:00
1550,1765335280.4369626,2025-12-10T02:54:40.436962+00:00
1551,1765335280.4540024,2025-12-10T02:54:40.454002+00:00
1552,1765335280.4709578,2025-12-10T02:54:40.470957+00:00
1553,1765335280.4880185,2025-12-10T02:54:40.488018+00:00
1554,1765335280.5052137,2025-12-10T02:54:40.505213+00:00
1555,1765335280.522296,2025-12-10T02:54:40.522296+00:00
1556,1765335280.539412,2025-12-10T02:54:40.539411+00:00
1557,1765335280.556257,2025-12-10T02:54:40.556256+00:00
1558,1765335280.5733132,2025-12-10T02:54:40.573313+00:00
1559,1765335280.590608,2025-12-10T02:54:40.590608+00:00
1560,1765335280.608018,2025-12-10T02:54:40.608017+00:00
1561,1765335280.624813,2025-12-10T02:54:40.624813+00:00
1562,1765335280.6419067,2025-12-10T02:54:40.641906+00:00
1563,1765335280.658944,2025-12-10T02:54:40.658943+00:00
1564,1765335280.6759655,2025-12-10T02:54:40.675965+00:00
1565,1765335280.6930892,2025-12-10T02:54:40.693089+00:00
1566,1765335280.7101345,2025-12-10T02:54:40.710134+00:00
1567,1765335280.7272105,2025-12-10T02:54:40.727210+00:00
1568,1765335280.744249,2025-12-10T02:54:40.744249+00:00
1569,1765335280.761327,2025-12-10T02:54:40.761327+00:00
1570,1765335280.7784104,2025-12-10T02:54:40.778410+00:00
1571,1765335280.795321,2025-12-10T02:54:40.795321+00:00
1572,1765335280.8120768,2025-12-10T02:54:40.812076+00:00
1573,1765335280.8292532,2025-12-10T02:54:40.829253+00:00
1574,1765335280.8464332,2025-12-10T02:54:40.846433+00:00
1575,1765335280.863527,2025-12-10T02:54:40.863527+00:00
1576,1765335280.8809311,2025-12-10T02:54:40.880931+00:00
1577,1765335280.8980145,2025-12-10T02:54:40.898014+00:00
1578,1765335280.914751,2025-12-10T02:54:40.914751+00:00
1579,1765335280.931633,2025-12-10T02:54:40.931632+00:00
1580,1765335280.9486008,2025-12-10T02:54:40.948600+00:00
1581,1765335280.9654503,2025-12-10T02:54:40.965450+00:00
1582,1765335280.9824004,2025-12-10T02:54:40.982400+00:00
1583,1765335280.9995272,2025-12-10T02:54:40.999527+00:00
1584,1765335281.0165572,2025-12-10T02:54:41.016557+00:00
1585,1765335281.0335588,2025-12-10T02:54:41.033558+00:00
1586,1765335281.050854,2025-12-10T02:54:41.050853+00:00
1587,1765335281.0680492,2025-12-10T02:54:41.068049+00:00
1588,1765335281.0850716,2025-12-10T02:54:41.085071+00:00
1589,1765335281.1021159,2025-12-10T02:54:41.102115+00:00
1590,1765335281.119183,2025-12-10T02:54:41.119183+00:00
1591,1765335281.1362739,2025-12-10T02:54:41.136273+00:00
1592,1765335281.153326,2025-12-10T02:54:41.153326+00:00
1593,1765335281.1704273,2025-12-10T02:54:41.170427+00:00
1594,1765335281.1874716,2025-12-10T02:54:41.187471+00:00
1595,1765335281.2044125,2025-12-10T02:54:41.204412+00:00
1596,1765335281.2219398,2025-12-10T02:54:41.221939+00:00
1597,1765335281.2388554,2025-12-10T02:54:41.238855+00:00
1598,1765335281.2559104,2025-12-10T02:54:41.255910+00:00
1599,1765335281.2731533,2025-12-10T02:54:41.273153+00:00
1600,1765335281.2900155,2025-12-10T02:54:41.290015+00:00
1601,1765335281.3068826,2025-12-10T02:54:41.306882+00:00
1602,1765335281.3241322,2025-12-10T02:54:41.324132+00:00
1603,1765335281.340949,2025-12-10T02:54:41.340948+00:00
1604,1765335281.3579857,2025-12-10T02:54:41.357985+00:00
1605,1765335281.3749998,2025-12-10T02:54:41.374999+00:00
1606,1765335281.3920054,2025-12-10T02:54:41.392005+00:00
1607,1765335281.409026,2025-12-10T02:54:41.409025+00:00
1608,1765335281.4261608,2025-12-10T02:54:41.426160+00:00
1609,1765335281.443402,2025-12-10T02:54:41.443402+00:00
1610,1765335281.46064,2025-12-10T02:54:41.460639+00:00
1611,1765335281.477674,2025-12-10T02:54:41.477674+00:00
1612,1765335281.494486,2025-12-10T02:54:41.494486+00:00
1613,1765335281.511597,2025-12-10T02:54:41.511596+00:00
1614,1765335281.5287657,2025-12-10T02:54:41.528765+00:00
1615,1765335281.5457926,2025-12-10T02:54:41.545792+00:00
1616,1765335281.5628426,2025-12-10T02:54:41.562842+00:00
1617,1765335281.5798812,2025-12-10T02:54:41.579881+00:00
1618,1765335281.5968988,2025-12-10T02:54:41.596898+00:00
1619,1765335281.6136475,2025-12-10T02:54:41.613647+00:00
1620,1765335281.6307073,2025-12-10T02:54:41.630707+00:00
1621,1765335281.6478858,2025-12-10T02:54:41.647885+00:00
1622,1765335281.6648297,2025-12-10T02:54:41.664829+00:00
1623,1765335281.6819901,2025-12-10T02:54:41.681990+00:00
1624,1765335281.69921,2025-12-10T02:54:41.699210+00:00
1625,1765335281.7160487,2025-12-10T02:54:41.716048+00:00
1626,1765335281.7329466,2025-12-10T02:54:41.732946+00:00
1627,1765335281.750208,2025-12-10T02:54:41.750208+00:00
1628,1765335281.7669923,2025-12-10T02:54:41.766992+00:00
1629,1765335281.783808,2025-12-10T02:54:41.783807+00:00
1630,1765335281.800817,2025-12-10T02:54:41.800816+00:00
1631,1765335281.817988,2025-12-10T02:54:41.817987+00:00
1632,1765335281.8349814,2025-12-10T02:54:41.834981+00:00
1633,1765335281.8517418,2025-12-10T02:54:41.851741+00:00
1634,1765335281.8690507,2025-12-10T02:54:41.869050+00:00
1635,1765335281.8860698,2025-12-10T02:54:41.886069+00:00
1636,1765335281.9031336,2025-12-10T02:54:41.903133+00:00
1637,1765335281.92017,2025-12-10T02:54:41.920170+00:00
1638,1765335281.9373739,2025-12-10T02:54:41.937374+00:00
1639,1765335281.954429,2025-12-10T02:54:41.954428+00:00
1640,1765335281.9715345,2025-12-10T02:54:41.971534+00:00
1641,1765335281.9888,2025-12-10T02:54:41.988800+00:00
1642,1765335282.0056503,2025-12-10T02:54:42.005650+00:00
1643,1765335282.0228088,2025-12-10T02:54:42.022808+00:00
1644,1765335282.040006,2025-12-10T02:54:42.040005+00:00
1645,1765335282.0570457,2025-12-10T02:54:42.057045+00:00
1646,1765335282.0740845,2025-12-10T02:54:42.074084+00:00
1647,1765335282.0909967,2025-12-10T02:54:42.090996+00:00
1648,1765335282.1081684,2025-12-10T02:54:42.108168+00:00
1649,1765335282.125245,2025-12-10T02:54:42.125245+00:00
1650,1765335282.1422617,2025-12-10T02:54:42.142261+00:00
1651,1765335282.159486,2025-12-10T02:54:42.159486+00:00
1652,1765335282.176438,2025-12-10T02:54:42.176438+00:00
1653,1765335282.1934772,2025-12-10T02:54:42.193477+00:00
1654,1765335282.2105672,2025-12-10T02:54:42.210567+00:00
1655,1765335282.2274647,2025-12-10T02:54:42.227464+00:00
1656,1765335282.2446237,2025-12-10T02:54:42.244623+00:00
1657,1765335282.2617598,2025-12-10T02:54:42.261759+00:00
1658,1765335282.2791755,2025-12-10T02:54:42.279175+00:00
1659,1765335282.2962072,2025-12-10T02:54:42.296207+00:00
1660,1765335282.3132994,2025-12-10T02:54:42.313299+00:00
1661,1765335282.3301237,2025-12-10T02:54:42.330123+00:00
1662,1765335282.3471475,2025-12-10T02:54:42.347147+00:00
1663,1765335282.3643374,2025-12-10T02:54:42.364337+00:00
1664,1765335282.3813818,2025-12-10T02:54:42.381381+00:00
1665,1765335282.39856,2025-12-10T02:54:42.398560+00:00
1666,1765335282.4155807,2025-12-10T02:54:42.415580+00:00
1667,1765335282.4324725,2025-12-10T02:54:42.432472+00:00
1668,1765335282.4495785,2025-12-10T02:54:42.449578+00:00
1669,1765335282.4668276,2025-12-10T02:54:42.466827+00:00
1670,1765335282.4837434,2025-12-10T02:54:42.483743+00:00
1671,1765335282.5005226,2025-12-10T02:54:42.500522+00:00
1672,1765335282.5172603,2025-12-10T02:54:42.517260+00:00
1673,1765335282.5343497,2025-12-10T02:54:42.534349+00:00
1674,1765335282.5511482,2025-12-10T02:54:42.551148+00:00
1675,1765335282.568181,2025-12-10T02:54:42.568181+00:00
1676,1765335282.5851986,2025-12-10T02:54:42.585198+00:00
1677,1765335282.6020176,2025-12-10T02:54:42.602017+00:00
1678,1765335282.6188366,2025-12-10T02:54:42.618836+00:00
1679,1765335282.6359124,2025-12-10T02:54:42.635912+00:00
1680,1765335282.6529608,2025-12-10T02:54:42.652960+00:00
1681,1765335282.6700125,2025-12-10T02:54:42.670012+00:00
1682,1765335282.686982,2025-12-10T02:54:42.686982+00:00
1683,1765335282.704043,2025-12-10T02:54:42.704042+00:00
1684,1765335282.720945,2025-12-10T02:54:42.720944+00:00
1685,1765335282.7380328,2025-12-10T02:54:42.738032+00:00
1686,1765335282.7550504,2025-12-10T02:54:42.755050+00:00
1687,1765335282.772163,2025-12-10T02:54:42.772162+00:00
1688,1765335282.78923,2025-12-10T02:54:42.789230+00:00
1689,1765335282.8062527,2025-12-10T02:54:42.806252+00:00
1690,1765335282.823322,2025-12-10T02:54:42.823322+00:00
1691,1765335282.840506,2025-12-10T02:54:42.840506+00:00
1692,1765335282.8575747,2025-12-10T02:54:42.857574+00:00
1693,1765335282.8744502,2025-12-10T02:54:42.874450+00:00
1694,1765335282.8912215,2025-12-10T02:54:42.891221+00:00
1695,1765335282.908463,2025-12-10T02:54:42.908463+00:00
1696,1765335282.9252942,2025-12-10T02:54:42.925294+00:00
1697,1765335282.9423313,2025-12-10T02:54:42.942331+00:00
1698,1765335282.9593508,2025-12-10T02:54:42.959350+00:00
1699,1765335282.9763753,2025-12-10T02:54:42.976375+00:00
1700,1765335282.9935074,2025-12-10T02:54:42.993507+00:00
1701,1765335283.0104663,2025-12-10T02:54:43.010466+00:00
1702,1765335283.0276036,2025-12-10T02:54:43.027603+00:00
1703,1765335283.0446234,2025-12-10T02:54:43.044623+00:00
1704,1765335283.0616543,2025-12-10T02:54:43.061654+00:00
1705,1765335283.078746,2025-12-10T02:54:43.078746+00:00
1706,1765335283.096054,2025-12-10T02:54:43.096053+00:00
1707,1765335283.1130788,2025-12-10T02:54:43.113078+00:00
1708,1765335283.1301272,2025-12-10T02:54:43.130127+00:00
1709,1765335283.147154,2025-12-10T02:54:43.147154+00:00
1710,1765335283.164323,2025-12-10T02:54:43.164323+00:00
1711,1765335283.1813805,2025-12-10T02:54:43.181380+00:00
1712,1765335283.1983411,2025-12-10T02:54:43.198341+00:00
1713,1765335283.215318,2025-12-10T02:54:43.215317+00:00
1714,1765335283.2324507,2025-12-10T02:54:43.232450+00:00
1715,1765335283.249533,2025-12-10T02:54:43.249533+00:00
1716,1765335283.2666876,2025-12-10T02:54:43.266687+00:00
1717,1765335283.283462,2025-12-10T02:54:43.283462+00:00
1718,1765335283.3005657,2025-12-10T02:54:43.300565+00:00
1719,1765335283.3178003,2025-12-10T02:54:43.317800+00:00
1720,1765335283.3350103,2025-12-10T02:54:43.335010+00:00
1721,1765335283.3520222,2025-12-10T02:54:43.352022+00:00
1722,1765335283.368764,2025-12-10T02:54:43.368764+00:00
1723,1765335283.3855019,2025-12-10T02:54:43.385502+00:00
1724,1765335283.4025545,2025-12-10T02:54:43.402554+00:00
1725,1765335283.4194665,2025-12-10T02:54:43.419466+00:00
1726,1765335283.4364882,2025-12-10T02:54:43.436488+00:00
1727,1765335283.4535196,2025-12-10T02:54:43.453519+00:00
1728,1765335283.4707448,2025-12-10T02:54:43.470744+00:00
1729,1765335283.487776,2025-12-10T02:54:43.487776+00:00
1730,1765335283.5053265,2025-12-10T02:54:43.505326+00:00
1731,1765335283.5229485,2025-12-10T02:54:43.522948+00:00
1732,1765335283.5399451,2025-12-10T02:54:43.539945+00:00
1733,1765335283.5570512,2025-12-10T02:54:43.557051+00:00
1734,1765335283.5740905,2025-12-10T02:54:43.574090+00:00
1735,1765335283.5911465,2025-12-10T02:54:43.591146+00:00
1736,1765335283.6081905,2025-12-10T02:54:43.608190+00:00
1737,1765335283.6252184,2025-12-10T02:54:43.625218+00:00
1738,1765335283.6422782,2025-12-10T02:54:43.642278+00:00
1739,1765335283.659418,2025-12-10T02:54:43.659418+00:00
1740,1765335283.6761763,2025-12-10T02:54:43.676176+00:00
1741,1765335283.693006,2025-12-10T02:54:43.693006+00:00
1742,1765335283.7100413,2025-12-10T02:54:43.710041+00:00
1743,1765335283.7270432,2025-12-10T02:54:43.727043+00:00
1744,1765335283.7440135,2025-12-10T02:54:43.744013+00:00
1745,1765335283.7610402,2025-12-10T02:54:43.761040+00:00
1746,1765335283.7780209,2025-12-10T02:54:43.778020+00:00
1747,1765335283.7950532,2025-12-10T02:54:43.795053+00:00
1748,1765335283.8120368,2025-12-10T02:54:43.812036+00:00
1749,1765335283.829076,2025-12-10T02:54:43.829075+00:00
1750,1765335283.846035,2025-12-10T02:54:43.846035+00:00
1751,1765335283.8628078,2025-12-10T02:54:43.862807+00:00
1752,1765335283.8799946,2025-12-10T02:54:43.879994+00:00
1753,1765335283.8970144,2025-12-10T02:54:43.897014+00:00
1754,1765335283.9138083,2025-12-10T02:54:43.913808+00:00
1755,1765335283.9309323,2025-12-10T02:54:43.930932+00:00
1756,1765335283.9480941,2025-12-10T02:54:43.948094+00:00
1757,1765335283.9651208,2025-12-10T02:54:43.965120+00:00
1758,1765335283.9821587,2025-12-10T02:54:43.982158+00:00
1759,1765335283.99931,2025-12-10T02:54:43.999310+00:00
1760,1765335284.0163367,2025-12-10T02:54:44.016336+00:00
1761,1765335284.0334253,2025-12-10T02:54:44.033425+00:00
1762,1765335284.0502427,2025-12-10T02:54:44.050242+00:00
1763,1765335284.067262,2025-12-10T02:54:44.067262+00:00
1764,1765335284.0844846,2025-12-10T02:54:44.084484+00:00
1765,1765335284.1015568,2025-12-10T02:54:44.101556+00:00
1766,1765335284.1186066,2025-12-10T02:54:44.118606+00:00
1767,1765335284.1354754,2025-12-10T02:54:44.135475+00:00
1768,1765335284.1522121,2025-12-10T02:54:44.152212+00:00
1769,1765335284.1692133,2025-12-10T02:54:44.169213+00:00
1770,1765335284.1859632,2025-12-10T02:54:44.185963+00:00
1771,1765335284.2030606,2025-12-10T02:54:44.203060+00:00
1772,1765335284.220392,2025-12-10T02:54:44.220392+00:00
1773,1765335284.237537,2025-12-10T02:54:44.237537+00:00
1774,1765335284.254751,2025-12-10T02:54:44.254751+00:00
1775,1765335284.2715003,2025-12-10T02:54:44.271500+00:00
1776,1765335284.2885327,2025-12-10T02:54:44.288532+00:00
1777,1765335284.3055527,2025-12-10T02:54:44.305552+00:00
1778,1765335284.3224201,2025-12-10T02:54:44.322420+00:00
1779,1765335284.3394787,2025-12-10T02:54:44.339478+00:00
1780,1765335284.3565161,2025-12-10T02:54:44.356516+00:00
1781,1765335284.3735485,2025-12-10T02:54:44.373548+00:00
1782,1765335284.3905914,2025-12-10T02:54:44.390591+00:00
1783,1765335284.4078505,2025-12-10T02:54:44.407850+00:00
1784,1765335284.4249036,2025-12-10T02:54:44.424903+00:00
1785,1765335284.4420528,2025-12-10T02:54:44.442052+00:00
1786,1765335284.459097,2025-12-10T02:54:44.459096+00:00
1787,1765335284.4763458,2025-12-10T02:54:44.476345+00:00
1788,1765335284.493382,2025-12-10T02:54:44.493382+00:00
1789,1765335284.5104215,2025-12-10T02:54:44.510421+00:00
1790,1765335284.5276282,2025-12-10T02:54:44.527628+00:00
1791,1765335284.54458,2025-12-10T02:54:44.544580+00:00
1792,1765335284.5614789,2025-12-10T02:54:44.561479+00:00
1793,1765335284.5785685,2025-12-10T02:54:44.578568+00:00
1794,1765335284.5955904,2025-12-10T02:54:44.595590+00:00
1795,1765335284.6125789,2025-12-10T02:54:44.612578+00:00
1796,1765335284.6293359,2025-12-10T02:54:44.629335+00:00
1797,1765335284.6465082,2025-12-10T02:54:44.646508+00:00
1798,1765335284.6635695,2025-12-10T02:54:44.663569+00:00
1799,1765335284.6805453,2025-12-10T02:54:44.680545+00:00
1800,1765335284.6977587,2025-12-10T02:54:44.697758+00:00
1801,1765335284.7147846,2025-12-10T02:54:44.714784+00:00
1802,1765335284.7315736,2025-12-10T02:54:44.731573+00:00
1803,1765335284.748794,2025-12-10T02:54:44.748794+00:00
1804,1765335284.765898,2025-12-10T02:54:44.765898+00:00
1805,1765335284.7830012,2025-12-10T02:54:44.783001+00:00
1806,1765335284.7997906,2025-12-10T02:54:44.799790+00:00
1807,1765335284.8168097,2025-12-10T02:54:44.816809+00:00
1808,1765335284.8336363,2025-12-10T02:54:44.833636+00:00
1809,1765335284.8508573,2025-12-10T02:54:44.850857+00:00
1810,1765335284.8681152,2025-12-10T02:54:44.868115+00:00
1811,1765335284.8851764,2025-12-10T02:54:44.885176+00:00
1812,1765335284.9020073,2025-12-10T02:54:44.902007+00:00
1813,1765335284.9193826,2025-12-10T02:54:44.919382+00:00
1814,1765335284.9364192,2025-12-10T02:54:44.936419+00:00
1815,1765335284.9535046,2025-12-10T02:54:44.953504+00:00
1816,1765335284.9705656,2025-12-10T02:54:44.970565+00:00
1817,1765335284.987553,2025-12-10T02:54:44.987552+00:00
1818,1765335285.0045333,2025-12-10T02:54:45.004533+00:00
1819,1765335285.0218105,2025-12-10T02:54:45.021810+00:00
1820,1765335285.0394118,2025-12-10T02:54:45.039411+00:00
1821,1765335285.0564744,2025-12-10T02:54:45.056474+00:00
1822,1765335285.0732274,2025-12-10T02:54:45.073227+00:00
1823,1765335285.0902846,2025-12-10T02:54:45.090284+00:00
1824,1765335285.1075604,2025-12-10T02:54:45.107560+00:00
1825,1765335285.1251097,2025-12-10T02:54:45.125109+00:00
1826,1765335285.1438699,2025-12-10T02:54:45.143869+00:00
1827,1765335285.1609204,2025-12-10T02:54:45.160920+00:00
1828,1765335285.1779492,2025-12-10T02:54:45.177949+00:00
1829,1765335285.194976,2025-12-10T02:54:45.194975+00:00
1830,1765335285.2120152,2025-12-10T02:54:45.212015+00:00
1831,1765335285.229158,2025-12-10T02:54:45.229158+00:00
1832,1765335285.2461874,2025-12-10T02:54:45.246187+00:00
1833,1765335285.263226,2025-12-10T02:54:45.263226+00:00
1834,1765335285.28026,2025-12-10T02:54:45.280260+00:00
1835,1765335285.2972803,2025-12-10T02:54:45.297280+00:00
1836,1765335285.314307,2025-12-10T02:54:45.314307+00:00
1837,1765335285.3312662,2025-12-10T02:54:45.331266+00:00
1838,1765335285.348304,2025-12-10T02:54:45.348304+00:00
1839,1765335285.3656745,2025-12-10T02:54:45.365674+00:00
1840,1765335285.3827243,2025-12-10T02:54:45.382724+00:00
1841,1765335285.3995533,2025-12-10T02:54:45.399553+00:00
1842,1765335285.4165602,2025-12-10T02:54:45.416560+00:00
1843,1765335285.433659,2025-12-10T02:54:45.433659+00:00
1844,1765335285.4506366,2025-12-10T02:54:45.450636+00:00
1845,1765335285.4677372,2025-12-10T02:54:45.467737+00:00
1846,1765335285.484513,2025-12-10T02:54:45.484512+00:00
1847,1765335285.5013072,2025-12-10T02:54:45.501307+00:00
1848,1765335285.518582,2025-12-10T02:54:45.518582+00:00
1849,1765335285.535692,2025-12-10T02:54:45.535692+00:00
1850,1765335285.552729,2025-12-10T02:54:45.552728+00:00
1851,1765335285.569648,2025-12-10T02:54:45.569648+00:00
1852,1765335285.5866704,2025-12-10T02:54:45.586670+00:00
1853,1765335285.603807,2025-12-10T02:54:45.603806+00:00
1854,1765335285.6209333,2025-12-10T02:54:45.620933+00:00
1855,1765335285.6380897,2025-12-10T02:54:45.638089+00:00
1856,1765335285.655111,2025-12-10T02:54:45.655111+00:00
1857,1765335285.672163,2025-12-10T02:54:45.672163+00:00
1858,1765335285.6892412,2025-12-10T02:54:45.689241+00:00
1859,1765335285.7062683,2025-12-10T02:54:45.706268+00:00
1860,1765335285.7230773,2025-12-10T02:54:45.723077+00:00
1861,1765335285.7400248,2025-12-10T02:54:45.740024+00:00
1862,1765335285.75707,2025-12-10T02:54:45.757070+00:00
1863,1765335285.7740676,2025-12-10T02:54:45.774067+00:00
1864,1765335285.7911098,2025-12-10T02:54:45.791110+00:00
1865,1765335285.808085,2025-12-10T02:54:45.808084+00:00
1866,1765335285.8251135,2025-12-10T02:54:45.825113+00:00
1867,1765335285.8420596,2025-12-10T02:54:45.842059+00:00
1868,1765335285.8590827,2025-12-10T02:54:45.859082+00:00
1869,1765335285.876103,2025-12-10T02:54:45.876102+00:00
1870,1765335285.8932974,2025-12-10T02:54:45.893297+00:00
1871,1765335285.9103863,2025-12-10T02:54:45.910386+00:00
1872,1765335285.9276035,2025-12-10T02:54:45.927603+00:00
1873,1765335285.9446528,2025-12-10T02:54:45.944652+00:00
1874,1765335285.9618835,2025-12-10T02:54:45.961883+00:00
1875,1765335285.978673,2025-12-10T02:54:45.978673+00:00
1876,1765335285.9957087,2025-12-10T02:54:45.995708+00:00
1877,1765335286.0127504,2025-12-10T02:54:46.012750+00:00
1878,1765335286.0298567,2025-12-10T02:54:46.029856+00:00
1879,1765335286.0470765,2025-12-10T02:54:46.047076+00:00
1880,1765335286.0641367,2025-12-10T02:54:46.064136+00:00
1881,1765335286.0811868,2025-12-10T02:54:46.081186+00:00
1882,1765335286.0982237,2025-12-10T02:54:46.098223+00:00
1883,1765335286.1157582,2025-12-10T02:54:46.115758+00:00
1884,1765335286.1327884,2025-12-10T02:54:46.132788+00:00
1885,1765335286.149831,2025-12-10T02:54:46.149831+00:00
1886,1765335286.166688,2025-12-10T02:54:46.166688+00:00
1887,1765335286.1838365,2025-12-10T02:54:46.183836+00:00
1888,1765335286.2006423,2025-12-10T02:54:46.200642+00:00
1889,1765335286.217561,2025-12-10T02:54:46.217561+00:00
1890,1765335286.234749,2025-12-10T02:54:46.234749+00:00
1891,1765335286.2517812,2025-12-10T02:54:46.251781+00:00
1892,1765335286.268545,2025-12-10T02:54:46.268544+00:00
1893,1765335286.2856534,2025-12-10T02:54:46.285653+00:00
1894,1765335286.302397,2025-12-10T02:54:46.302396+00:00
1895,1765335286.3195312,2025-12-10T02:54:46.319531+00:00
1896,1765335286.336562,2025-12-10T02:54:46.336562+00:00
1897,1765335286.353761,2025-12-10T02:54:46.353761+00:00
1898,1765335286.370807,2025-12-10T02:54:46.370807+00:00
1899,1765335286.387673,2025-12-10T02:54:46.387672+00:00
1900,1765335286.4049702,2025-12-10T02:54:46.404970+00:00
1901,1765335286.421767,2025-12-10T02:54:46.421766+00:00
1902,1765335286.4388275,2025-12-10T02:54:46.438827+00:00
1903,1765335286.4559088,2025-12-10T02:54:46.455908+00:00
1904,1765335286.4729524,2025-12-10T02:54:46.472952+00:00
1905,1765335286.4897654,2025-12-10T02:54:46.489765+00:00
1906,1765335286.5068045,2025-12-10T02:54:46.506804+00:00
1907,1765335286.523582,2025-12-10T02:54:46.523582+00:00
1908,1765335286.540852,2025-12-10T02:54:46.540852+00:00
1909,1765335286.5579286,2025-12-10T02:54:46.557928+00:00
1910,1765335286.574944,2025-12-10T02:54:46.574944+00:00
1911,1765335286.5920777,2025-12-10T02:54:46.592077+00:00
1912,1765335286.6091192,2025-12-10T02:54:46.609119+00:00
1913,1765335286.6261559,2025-12-10T02:54:46.626155+00:00
1914,1765335286.6430192,2025-12-10T02:54:46.643019+00:00
1915,1765335286.6599414,2025-12-10T02:54:46.659941+00:00
1916,1765335286.6769695,2025-12-10T02:54:46.676969+00:00
1917,1765335286.6940007,2025-12-10T02:54:46.694000+00:00
1918,1765335286.7111723,2025-12-10T02:54:46.711172+00:00
1919,1765335286.7282417,2025-12-10T02:54:46.728241+00:00
1920,1765335286.7452645,2025-12-10T02:54:46.745264+00:00
1921,1765335286.7622151,2025-12-10T02:54:46.762215+00:00
1922,1765335286.7797644,2025-12-10T02:54:46.779764+00:00
1923,1765335286.796544,2025-12-10T02:54:46.796544+00:00
1924,1765335286.813573,2025-12-10T02:54:46.813572+00:00
1925,1765335286.8303967,2025-12-10T02:54:46.830396+00:00
1926,1765335286.8474467,2025-12-10T02:54:46.847446+00:00
1927,1765335286.8643954,2025-12-10T02:54:46.864395+00:00
1928,1765335286.8814504,2025-12-10T02:54:46.881450+00:00
1929,1765335286.8985586,2025-12-10T02:54:46.898558+00:00
1930,1765335286.9156399,2025-12-10T02:54:46.915639+00:00
1931,1765335286.9327154,2025-12-10T02:54:46.932715+00:00
1932,1765335286.9497519,2025-12-10T02:54:46.949751+00:00
1933,1765335286.9665918,2025-12-10T02:54:46.966591+00:00
1934,1765335286.9835927,2025-12-10T02:54:46.983592+00:00
1935,1765335287.000607,2025-12-10T02:54:47.000606+00:00
1936,1765335287.017643,2025-12-10T02:54:47.017643+00:00
1937,1765335287.0347424,2025-12-10T02:54:47.034742+00:00
1938,1765335287.0514927,2025-12-10T02:54:47.051492+00:00
1939,1765335287.0683892,2025-12-10T02:54:47.068389+00:00
1940,1765335287.085452,2025-12-10T02:54:47.085452+00:00
1941,1765335287.102193,2025-12-10T02:54:47.102193+00:00
1942,1765335287.1193461,2025-12-10T02:54:47.119346+00:00
1943,1765335287.1361165,2025-12-10T02:54:47.136116+00:00
1944,1765335287.15318,2025-12-10T02:54:47.153179+00:00
1945,1765335287.170056,2025-12-10T02:54:47.170056+00:00
1946,1765335287.187075,2025-12-10T02:54:47.187074+00:00
1947,1765335287.2042072,2025-12-10T02:54:47.204207+00:00
1948,1765335287.2212424,2025-12-10T02:54:47.221242+00:00
1949,1765335287.2381206,2025-12-10T02:54:47.238120+00:00
1950,1765335287.2551422,2025-12-10T02:54:47.255142+00:00
1951,1765335287.2722013,2025-12-10T02:54:47.272201+00:00
1952,1765335287.2899182,2025-12-10T02:54:47.289918+00:00
1953,1765335287.3071017,2025-12-10T02:54:47.307101+00:00
1954,1765335287.324137,2025-12-10T02:54:47.324137+00:00
1955,1765335287.3411748,2025-12-10T02:54:47.341174+00:00
1956,1765335287.3582923,2025-12-10T02:54:47.358292+00:00
1957,1765335287.375313,2025-12-10T02:54:47.375313+00:00
1958,1765335287.392339,2025-12-10T02:54:47.392339+00:00
1959,1765335287.4100552,2025-12-10T02:54:47.410055+00:00
1960,1765335287.427183,2025-12-10T02:54:47.427182+00:00
1961,1765335287.4444091,2025-12-10T02:54:47.444409+00:00
1962,1765335287.4614608,2025-12-10T02:54:47.461460+00:00
1963,1765335287.4784617,2025-12-10T02:54:47.478461+00:00
1964,1765335287.4953964,2025-12-10T02:54:47.495396+00:00
1965,1765335287.512352,2025-12-10T02:54:47.512352+00:00
1966,1765335287.529542,2025-12-10T02:54:47.529542+00:00
1967,1765335287.5465827,2025-12-10T02:54:47.546582+00:00
1968,1765335287.5634394,2025-12-10T02:54:47.563439+00:00
1969,1765335287.5802567,2025-12-10T02:54:47.580256+00:00
1970,1765335287.597096,2025-12-10T02:54:47.597095+00:00
1971,1765335287.6142607,2025-12-10T02:54:47.614260+00:00
1972,1765335287.6313226,2025-12-10T02:54:47.631322+00:00
1973,1765335287.6484525,2025-12-10T02:54:47.648452+00:00
1974,1765335287.6655982,2025-12-10T02:54:47.665598+00:00
1975,1765335287.6827304,2025-12-10T02:54:47.682730+00:00
1976,1765335287.6999238,2025-12-10T02:54:47.699923+00:00
1977,1765335287.716977,2025-12-10T02:54:47.716977+00:00
1978,1765335287.734105,2025-12-10T02:54:47.734105+00:00
1979,1765335287.751147,2025-12-10T02:54:47.751146+00:00
1980,1765335287.76818,2025-12-10T02:54:47.768179+00:00
1981,1765335287.7853863,2025-12-10T02:54:47.785386+00:00
1982,1765335287.8025024,2025-12-10T02:54:47.802502+00:00
1983,1765335287.8193822,2025-12-10T02:54:47.819382+00:00
1984,1765335287.8364284,2025-12-10T02:54:47.836428+00:00
1985,1765335287.8534431,2025-12-10T02:54:47.853443+00:00
1986,1765335287.8706021,2025-12-10T02:54:47.870602+00:00
1987,1765335287.8873768,2025-12-10T02:54:47.887377+00:00
1988,1765335287.904179,2025-12-10T02:54:47.904179+00:00
1989,1765335287.9209218,2025-12-10T02:54:47.920921+00:00
1990,1765335287.9381285,2025-12-10T02:54:47.938128+00:00
1991,1765335287.9549112,2025-12-10T02:54:47.954911+00:00
1992,1765335287.9721184,2025-12-10T02:54:47.972118+00:00
1993,1765335287.9892933,2025-12-10T02:54:47.989293+00:00
1994,1765335288.006389,2025-12-10T02:54:48.006389+00:00
1995,1765335288.0234149,2025-12-10T02:54:48.023414+00:00
1996,1765335288.0404701,2025-12-10T02:54:48.040470+00:00
1997,1765335288.0574996,2025-12-10T02:54:48.057499+00:00
1998,1765335288.0744112,2025-12-10T02:54:48.074411+00:00
1999,1765335288.0914786,2025-12-10T02:54:48.091478+00:00
2000,1765335288.1086528,2025-12-10T02:54:48.108652+00:00
2001,1765335288.1256769,2025-12-10T02:54:48.125676+00:00
2002,1765335288.1424432,2025-12-10T02:54:48.142443+00:00
2003,1765335288.1595013,2025-12-10T02:54:48.159501+00:00
2004,1765335288.1766613,2025-12-10T02:54:48.176661+00:00
2005,1765335288.193539,2025-12-10T02:54:48.193538+00:00
2006,1765335288.2102962,2025-12-10T02:54:48.210296+00:00
2007,1765335288.227185,2025-12-10T02:54:48.227185+00:00
2008,1765335288.2441401,2025-12-10T02:54:48.244140+00:00
2009,1765335288.2611783,2025-12-10T02:54:48.261178+00:00
2010,1765335288.2784188,2025-12-10T02:54:48.278418+00:00
2011,1765335288.2955027,2025-12-10T02:54:48.295502+00:00
2012,1765335288.3126454,2025-12-10T02:54:48.312645+00:00
2013,1765335288.329621,2025-12-10T02:54:48.329620+00:00
2014,1765335288.3466089,2025-12-10T02:54:48.346609+00:00
2015,1765335288.3637202,2025-12-10T02:54:48.363720+00:00
2016,1765335288.3805923,2025-12-10T02:54:48.380592+00:00
2017,1765335288.3976626,2025-12-10T02:54:48.397662+00:00
2018,1765335288.4144115,2025-12-10T02:54:48.414411+00:00
2019,1765335288.4314637,2025-12-10T02:54:48.431463+00:00
2020,1765335288.448424,2025-12-10T02:54:48.448424+00:00
2021,1765335288.465447,2025-12-10T02:54:48.465446+00:00
2022,1765335288.482494,2025-12-10T02:54:48.482494+00:00
2023,1765335288.4995387,2025-12-10T02:54:48.499538+00:00
2024,1765335288.5167158,2025-12-10T02:54:48.516715+00:00
2025,1765335288.5336342,2025-12-10T02:54:48.533634+00:00
2026,1765335288.55049,2025-12-10T02:54:48.550489+00:00
2027,1765335288.5675461,2025-12-10T02:54:48.567546+00:00
2028,1765335288.5845838,2025-12-10T02:54:48.584583+00:00
2029,1765335288.6015186,2025-12-10T02:54:48.601518+00:00
2030,1765335288.618438,2025-12-10T02:54:48.618437+00:00
2031,1765335288.635183,2025-12-10T02:54:48.635183+00:00
2032,1765335288.6522772,2025-12-10T02:54:48.652277+00:00
2033,1765335288.6692066,2025-12-10T02:54:48.669206+00:00
2034,1765335288.686119,2025-12-10T02:54:48.686119+00:00
2035,1765335288.7034194,2025-12-10T02:54:48.703419+00:00
2036,1765335288.7205932,2025-12-10T02:54:48.720593+00:00
2037,1765335288.7377496,2025-12-10T02:54:48.737749+00:00
2038,1765335288.7546313,2025-12-10T02:54:48.754631+00:00
2039,1765335288.7716842,2025-12-10T02:54:48.771684+00:00
2040,1765335288.7887278,2025-12-10T02:54:48.788727+00:00
2041,1765335288.8056467,2025-12-10T02:54:48.805646+00:00
2042,1765335288.8228312,2025-12-10T02:54:48.822831+00:00
2043,1765335288.8395946,2025-12-10T02:54:48.839594+00:00
2044,1765335288.8566434,2025-12-10T02:54:48.856643+00:00
2045,1765335288.8735197,2025-12-10T02:54:48.873519+00:00
2046,1765335288.8908288,2025-12-10T02:54:48.890828+00:00
2047,1765335288.9079897,2025-12-10T02:54:48.907989+00:00
2048,1765335288.925012,2025-12-10T02:54:48.925012+00:00
2049,1765335288.9420567,2025-12-10T02:54:48.942056+00:00
2050,1765335288.9593039,2025-12-10T02:54:48.959303+00:00
2051,1765335288.9763212,2025-12-10T02:54:48.976321+00:00
2052,1765335288.993312,2025-12-10T02:54:48.993311+00:00
2053,1765335289.0103664,2025-12-10T02:54:49.010366+00:00
2054,1765335289.0274286,2025-12-10T02:54:49.027428+00:00
2055,1765335289.0445719,2025-12-10T02:54:49.044571+00:00
2056,1765335289.061545,2025-12-10T02:54:49.061544+00:00
2057,1765335289.0784035,2025-12-10T02:54:49.078403+00:00
2058,1765335289.0953026,2025-12-10T02:54:49.095302+00:00
2059,1765335289.1125526,2025-12-10T02:54:49.112552+00:00
2060,1765335289.1293828,2025-12-10T02:54:49.129382+00:00
2061,1765335289.1461697,2025-12-10T02:54:49.146169+00:00
2062,1765335289.1631713,2025-12-10T02:54:49.163171+00:00
2063,1765335289.1801944,2025-12-10T02:54:49.180194+00:00
2064,1765335289.196941,2025-12-10T02:54:49.196940+00:00
2065,1765335289.2137072,2025-12-10T02:54:49.213707+00:00
2066,1765335289.2306688,2025-12-10T02:54:49.230668+00:00
2067,1765335289.2474074,2025-12-10T02:54:49.247407+00:00
2068,1765335289.2641459,2025-12-10T02:54:49.264146+00:00
2069,1765335289.2811005,2025-12-10T02:54:49.281100+00:00
2070,1765335289.2981598,2025-12-10T02:54:49.298159+00:00
2071,1765335289.3152354,2025-12-10T02:54:49.315235+00:00
2072,1765335289.3324194,2025-12-10T02:54:49.332419+00:00
2073,1765335289.34951,2025-12-10T02:54:49.349509+00:00
2074,1765335289.3665347,2025-12-10T02:54:49.366534+00:00
2075,1765335289.3835032,2025-12-10T02:54:49.383503+00:00
2076,1765335289.400646,2025-12-10T02:54:49.400645+00:00
2077,1765335289.417703,2025-12-10T02:54:49.417703+00:00
2078,1765335289.4346538,2025-12-10T02:54:49.434653+00:00
2079,1765335289.4517505,2025-12-10T02:54:49.451750+00:00
2080,1765335289.468918,2025-12-10T02:54:49.468918+00:00
2081,1765335289.4861505,2025-12-10T02:54:49.486150+00:00
2082,1765335289.5031323,2025-12-10T02:54:49.503132+00:00
2083,1765335289.5201807,2025-12-10T02:54:49.520180+00:00
2084,1765335289.5372329,2025-12-10T02:54:49.537233+00:00
2085,1765335289.5542686,2025-12-10T02:54:49.554268+00:00
2086,1765335289.5711563,2025-12-10T02:54:49.571156+00:00
2087,1765335289.5884101,2025-12-10T02:54:49.588410+00:00
2088,1765335289.6051874,2025-12-10T02:54:49.605187+00:00
2089,1765335289.6219552,2025-12-10T02:54:49.621955+00:00
2090,1765335289.6393976,2025-12-10T02:54:49.639397+00:00
2091,1765335289.6564438,2025-12-10T02:54:49.656443+00:00
2092,1765335289.6735375,2025-12-10T02:54:49.673537+00:00
2093,1765335289.69062,2025-12-10T02:54:49.690619+00:00
2094,1765335289.7077637,2025-12-10T02:54:49.707763+00:00
2095,1765335289.724873,2025-12-10T02:54:49.724873+00:00
2096,1765335289.7417216,2025-12-10T02:54:49.741721+00:00
2097,1765335289.7586052,2025-12-10T02:54:49.758605+00:00
2098,1765335289.7756639,2025-12-10T02:54:49.775663+00:00
2099,1765335289.792899,2025-12-10T02:54:49.792898+00:00
2100,1765335289.8097198,2025-12-10T02:54:49.809719+00:00
2101,1765335289.8267508,2025-12-10T02:54:49.826750+00:00
2102,1765335289.8437994,2025-12-10T02:54:49.843799+00:00
2103,1765335289.8607306,2025-12-10T02:54:49.860730+00:00
2104,1765335289.877699,2025-12-10T02:54:49.877698+00:00
2105,1765335289.894939,2025-12-10T02:54:49.894938+00:00
2106,1765335289.9119744,2025-12-10T02:54:49.911974+00:00
2107,1765335289.929065,2025-12-10T02:54:49.929064+00:00
2108,1765335289.946306,2025-12-10T02:54:49.946306+00:00
2109,1765335289.9631722,2025-12-10T02:54:49.963172+00:00
2110,1765335289.9802008,2025-12-10T02:54:49.980200+00:00
2111,1765335289.9974506,2025-12-10T02:54:49.997450+00:00
2112,1765335290.01474,2025-12-10T02:54:50.014739+00:00
2113,1765335290.0316458,2025-12-10T02:54:50.031645+00:00
2114,1765335290.0497065,2025-12-10T02:54:50.049706+00:00
2115,1765335290.0677693,2025-12-10T02:54:50.067769+00:00
2116,1765335290.0848312,2025-12-10T02:54:50.084831+00:00
2117,1765335290.1020472,2025-12-10T02:54:50.102047+00:00
2118,1765335290.1192596,2025-12-10T02:54:50.119259+00:00
2119,1765335290.136401,2025-12-10T02:54:50.136401+00:00
2120,1765335290.1532428,2025-12-10T02:54:50.153242+00:00
2121,1765335290.170314,2025-12-10T02:54:50.170313+00:00
2122,1765335290.1873395,2025-12-10T02:54:50.187339+00:00
2123,1765335290.2043781,2025-12-10T02:54:50.204378+00:00
2124,1765335290.2214148,2025-12-10T02:54:50.221414+00:00
2125,1765335290.2384763,2025-12-10T02:54:50.238476+00:00
2126,1765335290.2554996,2025-12-10T02:54:50.255499+00:00
2127,1765335290.2725046,2025-12-10T02:54:50.272504+00:00
2128,1765335290.2895918,2025-12-10T02:54:50.289591+00:00
2129,1765335290.3065815,2025-12-10T02:54:50.306581+00:00
2130,1765335290.3236046,2025-12-10T02:54:50.323604+00:00
2131,1765335290.340672,2025-12-10T02:54:50.340672+00:00
2132,1765335290.3577037,2025-12-10T02:54:50.357703+00:00
2133,1765335290.3747282,2025-12-10T02:54:50.374728+00:00
2134,1765335290.3917632,2025-12-10T02:54:50.391763+00:00
2135,1765335290.408681,2025-12-10T02:54:50.408680+00:00
2136,1765335290.4258776,2025-12-10T02:54:50.425877+00:00
2137,1765335290.4426322,2025-12-10T02:54:50.442632+00:00
2138,1765335290.459775,2025-12-10T02:54:50.459775+00:00
2139,1765335290.4767594,2025-12-10T02:54:50.476759+00:00
2140,1765335290.4935365,2025-12-10T02:54:50.493536+00:00
2141,1765335290.510581,2025-12-10T02:54:50.510580+00:00
2142,1765335290.527833,2025-12-10T02:54:50.527833+00:00
2143,1765335290.5447073,2025-12-10T02:54:50.544707+00:00
2144,1765335290.5616658,2025-12-10T02:54:50.561665+00:00
2145,1765335290.5785968,2025-12-10T02:54:50.578596+00:00
2146,1765335290.595616,2025-12-10T02:54:50.595616+00:00
2147,1765335290.6127958,2025-12-10T02:54:50.612795+00:00
2148,1765335290.6298354,2025-12-10T02:54:50.629835+00:00
2149,1765335290.6468515,2025-12-10T02:54:50.646851+00:00
2150,1765335290.6640277,2025-12-10T02:54:50.664027+00:00
2151,1765335290.6808004,2025-12-10T02:54:50.680800+00:00
2152,1765335290.6981063,2025-12-10T02:54:50.698106+00:00
2153,1765335290.7150488,2025-12-10T02:54:50.715048+00:00
2154,1765335290.7322316,2025-12-10T02:54:50.732231+00:00
2155,1765335290.7490268,2025-12-10T02:54:50.749026+00:00
2156,1765335290.7662375,2025-12-10T02:54:50.766237+00:00
2157,1765335290.783104,2025-12-10T02:54:50.783104+00:00
2158,1765335290.8001978,2025-12-10T02:54:50.800197+00:00
2159,1765335290.8172064,2025-12-10T02:54:50.817206+00:00
2160,1765335290.8342717,2025-12-10T02:54:50.834271+00:00
2161,1765335290.8513253,2025-12-10T02:54:50.851325+00:00
2162,1765335290.8685818,2025-12-10T02:54:50.868582+00:00
2163,1765335290.8857527,2025-12-10T02:54:50.885752+00:00
2164,1765335290.9028165,2025-12-10T02:54:50.902816+00:00
2165,1765335290.9196954,2025-12-10T02:54:50.919695+00:00
2166,1765335290.9367976,2025-12-10T02:54:50.936797+00:00
2167,1765335290.953728,2025-12-10T02:54:50.953728+00:00
2168,1765335290.9707978,2025-12-10T02:54:50.970797+00:00
2169,1765335290.987929,2025-12-10T02:54:50.987929+00:00
2170,1765335291.0049498,2025-12-10T02:54:51.004949+00:00
2171,1765335291.0217445,2025-12-10T02:54:51.021744+00:00
2172,1765335291.038789,2025-12-10T02:54:51.038789+00:00
2173,1765335291.0559716,2025-12-10T02:54:51.055971+00:00
2174,1765335291.0730326,2025-12-10T02:54:51.073032+00:00
2175,1765335291.0901952,2025-12-10T02:54:51.090195+00:00
2176,1765335291.107163,2025-12-10T02:54:51.107162+00:00
2177,1765335291.123954,2025-12-10T02:54:51.123954+00:00
2178,1765335291.1411748,2025-12-10T02:54:51.141174+00:00
2179,1765335291.15797,2025-12-10T02:54:51.157969+00:00
2180,1765335291.175105,2025-12-10T02:54:51.175104+00:00
2181,1765335291.191861,2025-12-10T02:54:51.191860+00:00
2182,1765335291.2098353,2025-12-10T02:54:51.209835+00:00
2183,1765335291.2266908,2025-12-10T02:54:51.226690+00:00
2184,1765335291.2436914,2025-12-10T02:54:51.243691+00:00
2185,1765335291.2605114,2025-12-10T02:54:51.260511+00:00
2186,1765335291.2774682,2025-12-10T02:54:51.277468+00:00
2187,1765335291.2947211,2025-12-10T02:54:51.294721+00:00
2188,1765335291.3117318,2025-12-10T02:54:51.311731+00:00
2189,1765335291.3287685,2025-12-10T02:54:51.328768+00:00
2190,1765335291.3458157,2025-12-10T02:54:51.345815+00:00
2191,1765335291.3626776,2025-12-10T02:54:51.362677+00:00
2192,1765335291.3794847,2025-12-10T02:54:51.379484+00:00
2193,1765335291.3965049,2025-12-10T02:54:51.396504+00:00
2194,1765335291.4136224,2025-12-10T02:54:51.413622+00:00
2195,1765335291.4306076,2025-12-10T02:54:51.430607+00:00
2196,1765335291.447964,2025-12-10T02:54:51.447963+00:00
2197,1765335291.4649868,2025-12-10T02:54:51.464986+00:00
2198,1765335291.481797,2025-12-10T02:54:51.481796+00:00
2199,1765335291.4989555,2025-12-10T02:54:51.498955+00:00
2200,1765335291.515988,2025-12-10T02:54:51.515988+00:00
2201,1765335291.532761,2025-12-10T02:54:51.532761+00:00
2202,1765335291.549594,2025-12-10T02:54:51.549593+00:00
2203,1765335291.5667157,2025-12-10T02:54:51.566715+00:00
2204,1765335291.583701,2025-12-10T02:54:51.583700+00:00
2205,1765335291.600866,2025-12-10T02:54:51.600866+00:00
2206,1765335291.617888,2025-12-10T02:54:51.617888+00:00
2207,1765335291.634906,2025-12-10T02:54:51.634906+00:00
2208,1765335291.6517107,2025-12-10T02:54:51.651710+00:00
2209,1765335291.6685355,2025-12-10T02:54:51.668535+00:00
2210,1765335291.6855662,2025-12-10T02:54:51.685566+00:00
2211,1765335291.7027397,2025-12-10T02:54:51.702739+00:00
2212,1765335291.7197747,2025-12-10T02:54:51.719774+00:00
2213,1765335291.7368178,2025-12-10T02:54:51.736817+00:00
2214,1765335291.7540147,2025-12-10T02:54:51.754014+00:00
2215,1765335291.7710469,2025-12-10T02:54:51.771046+00:00
2216,1765335291.788128,2025-12-10T02:54:51.788128+00:00
2217,1765335291.8051472,2025-12-10T02:54:51.805147+00:00
2218,1765335291.822394,2025-12-10T02:54:51.822393+00:00
2219,1765335291.8394358,2025-12-10T02:54:51.839435+00:00
2220,1765335291.8564603,2025-12-10T02:54:51.856460+00:00
2221,1765335291.8735082,2025-12-10T02:54:51.873508+00:00
2222,1765335291.8905425,2025-12-10T02:54:51.890542+00:00
2223,1765335291.9075782,2025-12-10T02:54:51.907578+00:00
2224,1765335291.9247186,2025-12-10T02:54:51.924718+00:00
2225,1765335291.9414783,2025-12-10T02:54:51.941478+00:00
2226,1765335291.9585145,2025-12-10T02:54:51.958514+00:00
2227,1765335291.9756327,2025-12-10T02:54:51.975632+00:00
2228,1765335291.9926898,2025-12-10T02:54:51.992689+00:00
2229,1765335292.0095098,2025-12-10T02:54:52.009509+00:00
2230,1765335292.0267296,2025-12-10T02:54:52.026729+00:00
2231,1765335292.04373,2025-12-10T02:54:52.043729+00:00
2232,1765335292.0606768,2025-12-10T02:54:52.060676+00:00
2233,1765335292.077424,2025-12-10T02:54:52.077424+00:00
2234,1765335292.094206,2025-12-10T02:54:52.094206+00:00
2235,1765335292.1112328,2025-12-10T02:54:52.111232+00:00
2236,1765335292.1284149,2025-12-10T02:54:52.128415+00:00
2237,1765335292.1454546,2025-12-10T02:54:52.145454+00:00
2238,1765335292.1625085,2025-12-10T02:54:52.162508+00:00
2239,1765335292.1796005,2025-12-10T02:54:52.179600+00:00
2240,1765335292.1966183,2025-12-10T02:54:52.196618+00:00
2241,1765335292.2137146,2025-12-10T02:54:52.213714+00:00
2242,1765335292.2308583,2025-12-10T02:54:52.230858+00:00
2243,1765335292.2477071,2025-12-10T02:54:52.247707+00:00
2244,1765335292.2648017,2025-12-10T02:54:52.264801+00:00
2245,1765335292.281957,2025-12-10T02:54:52.281956+00:00
2246,1765335292.2989833,2025-12-10T02:54:52.298983+00:00
2247,1765335292.315736,2025-12-10T02:54:52.315736+00:00
2248,1765335292.3325026,2025-12-10T02:54:52.332502+00:00
2249,1765335292.3496413,2025-12-10T02:54:52.349641+00:00
2250,1765335292.3664913,2025-12-10T02:54:52.366491+00:00
2251,1765335292.383381,2025-12-10T02:54:52.383380+00:00
2252,1765335292.4004147,2025-12-10T02:54:52.400414+00:00
2253,1765335292.4173098,2025-12-10T02:54:52.417309+00:00
2254,1765335292.4342563,2025-12-10T02:54:52.434256+00:00
2255,1765335292.4512694,2025-12-10T02:54:52.451269+00:00
2256,1765335292.4683013,2025-12-10T02:54:52.468301+00:00
2257,1765335292.4852169,2025-12-10T02:54:52.485216+00:00
2258,1765335292.5022292,2025-12-10T02:54:52.502229+00:00
2259,1765335292.5192537,2025-12-10T02:54:52.519253+00:00
2260,1765335292.5362842,2025-12-10T02:54:52.536284+00:00
2261,1765335292.553368,2025-12-10T02:54:52.553368+00:00
2262,1765335292.57041,2025-12-10T02:54:52.570410+00:00
2263,1765335292.5874639,2025-12-10T02:54:52.587464+00:00
2264,1765335292.6045682,2025-12-10T02:54:52.604568+00:00
2265,1765335292.6215603,2025-12-10T02:54:52.621560+00:00
2266,1765335292.6385915,2025-12-10T02:54:52.638591+00:00
2267,1765335292.6556127,2025-12-10T02:54:52.655612+00:00
2268,1765335292.6728828,2025-12-10T02:54:52.672882+00:00
2269,1765335292.6897976,2025-12-10T02:54:52.689797+00:00
2270,1765335292.707164,2025-12-10T02:54:52.707164+00:00
2271,1765335292.7242165,2025-12-10T02:54:52.724216+00:00
2272,1765335292.74132,2025-12-10T02:54:52.741319+00:00
2273,1765335292.7582629,2025-12-10T02:54:52.758262+00:00
2274,1765335292.7751994,2025-12-10T02:54:52.775199+00:00
2275,1765335292.792263,2025-12-10T02:54:52.792263+00:00
2276,1765335292.8102174,2025-12-10T02:54:52.810217+00:00
2277,1765335292.8272264,2025-12-10T02:54:52.827226+00:00
2278,1765335292.844256,2025-12-10T02:54:52.844256+00:00
2279,1765335292.8612003,2025-12-10T02:54:52.861200+00:00
2280,1765335292.8783746,2025-12-10T02:54:52.878374+00:00
2281,1765335292.8952434,2025-12-10T02:54:52.895243+00:00
2282,1765335292.912333,2025-12-10T02:54:52.912333+00:00
2283,1765335292.9291213,2025-12-10T02:54:52.929121+00:00
2284,1765335292.9459476,2025-12-10T02:54:52.945947+00:00
2285,1765335292.9630008,2025-12-10T02:54:52.963000+00:00
2286,1765335292.9800549,2025-12-10T02:54:52.980054+00:00
2287,1765335292.9970975,2025-12-10T02:54:52.997097+00:00
2288,1765335293.0141306,2025-12-10T02:54:53.014130+00:00
2289,1765335293.031169,2025-12-10T02:54:53.031169+00:00
2290,1765335293.0482876,2025-12-10T02:54:53.048287+00:00
2291,1765335293.065377,2025-12-10T02:54:53.065377+00:00
2292,1765335293.0824227,2025-12-10T02:54:53.082422+00:00
2293,1765335293.0995154,2025-12-10T02:54:53.099515+00:00
2294,1765335293.1165361,2025-12-10T02:54:53.116536+00:00
2295,1765335293.1335819,2025-12-10T02:54:53.133581+00:00
2296,1765335293.1507635,2025-12-10T02:54:53.150763+00:00
2297,1765335293.1677434,2025-12-10T02:54:53.167743+00:00
2298,1765335293.1848266,2025-12-10T02:54:53.184826+00:00
2299,1765335293.2016475,2025-12-10T02:54:53.201647+00:00
2300,1765335293.218688,2025-12-10T02:54:53.218688+00:00
2301,1765335293.2357185,2025-12-10T02:54:53.235718+00:00
2302,1765335293.2530127,2025-12-10T02:54:53.253012+00:00
2303,1765335293.2700956,2025-12-10T02:54:53.270095+00:00
2304,1765335293.2872746,2025-12-10T02:54:53.287274+00:00
2305,1765335293.304476,2025-12-10T02:54:53.304476+00:00
2306,1765335293.3215063,2025-12-10T02:54:53.321506+00:00
2307,1765335293.33855,2025-12-10T02:54:53.338550+00:00
2308,1765335293.3555946,2025-12-10T02:54:53.355594+00:00
2309,1765335293.3726451,2025-12-10T02:54:53.372645+00:00
2310,1765335293.3896923,2025-12-10T02:54:53.389692+00:00
2311,1765335293.4067426,2025-12-10T02:54:53.406742+00:00
2312,1765335293.4239964,2025-12-10T02:54:53.423996+00:00
2313,1765335293.441045,2025-12-10T02:54:53.441045+00:00
2314,1765335293.4585903,2025-12-10T02:54:53.458590+00:00
2315,1765335293.4755547,2025-12-10T02:54:53.475554+00:00
2316,1765335293.492621,2025-12-10T02:54:53.492621+00:00
2317,1765335293.5097206,2025-12-10T02:54:53.509720+00:00
2318,1765335293.526859,2025-12-10T02:54:53.526858+00:00
2319,1765335293.5436578,2025-12-10T02:54:53.543657+00:00
2320,1765335293.5606854,2025-12-10T02:54:53.560685+00:00
2321,1765335293.5778751,2025-12-10T02:54:53.577875+00:00
2322,1765335293.5947611,2025-12-10T02:54:53.594761+00:00
2323,1765335293.6118186,2025-12-10T02:54:53.611818+00:00
2324,1765335293.6285608,2025-12-10T02:54:53.628561+00:00
2325,1765335293.645797,2025-12-10T02:54:53.645797+00:00
2326,1765335293.6629727,2025-12-10T02:54:53.662972+00:00
2327,1765335293.679758,2025-12-10T02:54:53.679758+00:00
2328,1765335293.6967397,2025-12-10T02:54:53.696739+00:00
2329,1765335293.7138724,2025-12-10T02:54:53.713872+00:00
2330,1765335293.7307591,2025-12-10T02:54:53.730759+00:00
2331,1765335293.748161,2025-12-10T02:54:53.748160+00:00
2332,1765335293.7653577,2025-12-10T02:54:53.765357+00:00
2333,1765335293.7824216,2025-12-10T02:54:53.782421+00:00
2334,1765335293.799531,2025-12-10T02:54:53.799531+00:00
2335,1765335293.8164904,2025-12-10T02:54:53.816490+00:00
2336,1765335293.8335369,2025-12-10T02:54:53.833536+00:00
2337,1765335293.8505914,2025-12-10T02:54:53.850591+00:00
2338,1765335293.8676379,2025-12-10T02:54:53.867637+00:00
2339,1765335293.8847697,2025-12-10T02:54:53.884769+00:00
2340,1765335293.9018037,2025-12-10T02:54:53.901803+00:00
2341,1765335293.918916,2025-12-10T02:54:53.918916+00:00
2342,1765335293.9361289,2025-12-10T02:54:53.936128+00:00
2343,1765335293.952895,2025-12-10T02:54:53.952894+00:00
2344,1765335293.9697652,2025-12-10T02:54:53.969765+00:00
2345,1765335293.9868603,2025-12-10T02:54:53.986860+00:00
2346,1765335294.0036101,2025-12-10T02:54:54.003610+00:00
2347,1765335294.0206556,2025-12-10T02:54:54.020655+00:00
2348,1765335294.0377727,2025-12-10T02:54:54.037772+00:00
2349,1765335294.0547256,2025-12-10T02:54:54.054725+00:00
2350,1765335294.071866,2025-12-10T02:54:54.071866+00:00
2351,1765335294.0887053,2025-12-10T02:54:54.088705+00:00
2352,1765335294.106055,2025-12-10T02:54:54.106055+00:00
2353,1765335294.1230593,2025-12-10T02:54:54.123059+00:00
2354,1765335294.139999,2025-12-10T02:54:54.139999+00:00
2355,1765335294.1572337,2025-12-10T02:54:54.157233+00:00
2356,1765335294.1741543,2025-12-10T02:54:54.174154+00:00
2357,1765335294.191199,2025-12-10T02:54:54.191199+00:00
2358,1765335294.2083435,2025-12-10T02:54:54.208343+00:00
2359,1765335294.2255611,2025-12-10T02:54:54.225561+00:00
2360,1765335294.2425728,2025-12-10T02:54:54.242572+00:00
2361,1765335294.2596068,2025-12-10T02:54:54.259606+00:00
2362,1765335294.2766368,2025-12-10T02:54:54.276637+00:00
2363,1765335294.2936726,2025-12-10T02:54:54.293672+00:00
2364,1765335294.3107672,2025-12-10T02:54:54.310767+00:00
2365,1765335294.3277922,2025-12-10T02:54:54.327792+00:00
2366,1765335294.344863,2025-12-10T02:54:54.344862+00:00
2367,1765335294.3618848,2025-12-10T02:54:54.361885+00:00
2368,1765335294.3789375,2025-12-10T02:54:54.378937+00:00
2369,1765335294.3957736,2025-12-10T02:54:54.395773+00:00
2370,1765335294.412519,2025-12-10T02:54:54.412518+00:00
2371,1765335294.42957,2025-12-10T02:54:54.429570+00:00
2372,1765335294.446763,2025-12-10T02:54:54.446763+00:00
2373,1765335294.4638689,2025-12-10T02:54:54.463869+00:00
2374,1765335294.4809318,2025-12-10T02:54:54.480931+00:00
2375,1765335294.4977956,2025-12-10T02:54:54.497795+00:00
2376,1765335294.5148106,2025-12-10T02:54:54.514810+00:00
2377,1765335294.5320616,2025-12-10T02:54:54.532061+00:00
2378,1765335294.5488014,2025-12-10T02:54:54.548801+00:00
2379,1765335294.5657756,2025-12-10T02:54:54.565775+00:00
2380,1765335294.5825634,2025-12-10T02:54:54.582563+00:00
2381,1765335294.599323,2025-12-10T02:54:54.599323+00:00
2382,1765335294.616302,2025-12-10T02:54:54.616302+00:00
2383,1765335294.6333604,2025-12-10T02:54:54.633360+00:00
2384,1765335294.6504421,2025-12-10T02:54:54.650442+00:00
2385,1765335294.6674657,2025-12-10T02:54:54.667465+00:00
2386,1765335294.6844826,2025-12-10T02:54:54.684482+00:00
2387,1765335294.7015479,2025-12-10T02:54:54.701547+00:00
2388,1765335294.7186918,2025-12-10T02:54:54.718691+00:00
2389,1765335294.7357917,2025-12-10T02:54:54.735791+00:00
2390,1765335294.7528338,2025-12-10T02:54:54.752833+00:00
2391,1765335294.7698953,2025-12-10T02:54:54.769895+00:00
2392,1765335294.78681,2025-12-10T02:54:54.786809+00:00
2393,1765335294.8038204,2025-12-10T02:54:54.803820+00:00
2394,1765335294.8207364,2025-12-10T02:54:54.820736+00:00
2395,1765335294.8375435,2025-12-10T02:54:54.837543+00:00
2396,1765335294.8543,2025-12-10T02:54:54.854299+00:00
2397,1765335294.87154,2025-12-10T02:54:54.871540+00:00
2398,1765335294.8883402,2025-12-10T02:54:54.888340+00:00
2399,1765335294.9053533,2025-12-10T02:54:54.905353+00:00
2400,1765335294.922418,2025-12-10T02:54:54.922418+00:00
2401,1765335294.9394329,2025-12-10T02:54:54.939433+00:00
2402,1765335294.956182,2025-12-10T02:54:54.956182+00:00
2403,1765335294.973124,2025-12-10T02:54:54.973124+00:00
2404,1765335294.9902747,2025-12-10T02:54:54.990274+00:00
2405,1765335295.007302,2025-12-10T02:54:55.007302+00:00
2406,1765335295.0241036,2025-12-10T02:54:55.024103+00:00
2407,1765335295.0412178,2025-12-10T02:54:55.041217+00:00
2408,1765335295.0582516,2025-12-10T02:54:55.058251+00:00
2409,1765335295.0752676,2025-12-10T02:54:55.075267+00:00
2410,1765335295.0923157,2025-12-10T02:54:55.092315+00:00
2411,1765335295.1093566,2025-12-10T02:54:55.109356+00:00
2412,1765335295.1263783,2025-12-10T02:54:55.126378+00:00
2413,1765335295.143434,2025-12-10T02:54:55.143434+00:00
2414,1765335295.1604974,2025-12-10T02:54:55.160497+00:00
2415,1765335295.1775122,2025-12-10T02:54:55.177512+00:00
2416,1765335295.1945188,2025-12-10T02:54:55.194518+00:00
2417,1765335295.21127,2025-12-10T02:54:55.211270+00:00
2418,1765335295.2282035,2025-12-10T02:54:55.228203+00:00
2419,1765335295.244945,2025-12-10T02:54:55.244945+00:00
2420,1765335295.2616787,2025-12-10T02:54:55.261678+00:00
2421,1765335295.278833,2025-12-10T02:54:55.278832+00:00
2422,1765335295.2958608,2025-12-10T02:54:55.295860+00:00
2423,1765335295.3128092,2025-12-10T02:54:55.312809+00:00
2424,1765335295.330524,2025-12-10T02:54:55.330523+00:00
2425,1765335295.347266,2025-12-10T02:54:55.347266+00:00
2426,1765335295.3643246,2025-12-10T02:54:55.364324+00:00
2427,1765335295.3811395,2025-12-10T02:54:55.381139+00:00
2428,1765335295.3985932,2025-12-10T02:54:55.398593+00:00
2429,1765335295.415619,2025-12-10T02:54:55.415618+00:00
2430,1765335295.432624,2025-12-10T02:54:55.432624+00:00
2431,1765335295.4496906,2025-12-10T02:54:55.449690+00:00
2432,1765335295.4668672,2025-12-10T02:54:55.466867+00:00
2433,1765335295.4839308,2025-12-10T02:54:55.483930+00:00
2434,1765335295.5010426,2025-12-10T02:54:55.501042+00:00
2435,1765335295.5180795,2025-12-10T02:54:55.518079+00:00
2436,1765335295.5348659,2025-12-10T02:54:55.534865+00:00
2437,1765335295.5519798,2025-12-10T02:54:55.551979+00:00
2438,1765335295.5691466,2025-12-10T02:54:55.569146+00:00
2439,1765335295.5860643,2025-12-10T02:54:55.586064+00:00
2440,1765335295.6032653,2025-12-10T02:54:55.603265+00:00
2441,1765335295.6202981,2025-12-10T02:54:55.620298+00:00
2442,1765335295.6372917,2025-12-10T02:54:55.637291+00:00
2443,1765335295.6542728,2025-12-10T02:54:55.654272+00:00
2444,1765335295.6710463,2025-12-10T02:54:55.671046+00:00
2445,1765335295.6879878,2025-12-10T02:54:55.687987+00:00
2446,1765335295.7050679,2025-12-10T02:54:55.705067+00:00
2447,1765335295.721821,2025-12-10T02:54:55.721821+00:00
2448,1765335295.7388427,2025-12-10T02:54:55.738842+00:00
2449,1765335295.7559128,2025-12-10T02:54:55.755912+00:00
2450,1765335295.7731304,2025-12-10T02:54:55.773130+00:00
2451,1765335295.7899985,2025-12-10T02:54:55.789998+00:00
2452,1765335295.8068182,2025-12-10T02:54:55.806818+00:00
2453,1765335295.8238711,2025-12-10T02:54:55.823871+00:00
2454,1765335295.8409717,2025-12-10T02:54:55.840971+00:00
2455,1765335295.8580084,2025-12-10T02:54:55.858008+00:00
2456,1765335295.8750277,2025-12-10T02:54:55.875027+00:00
2457,1765335295.892113,2025-12-10T02:54:55.892113+00:00
2458,1765335295.9089339,2025-12-10T02:54:55.908933+00:00
2459,1765335295.9259653,2025-12-10T02:54:55.925965+00:00
2460,1765335295.9430666,2025-12-10T02:54:55.943066+00:00
2461,1765335295.9600935,2025-12-10T02:54:55.960093+00:00
2462,1765335295.9771924,2025-12-10T02:54:55.977192+00:00
2463,1765335295.9939322,2025-12-10T02:54:55.993932+00:00
2464,1765335296.0111465,2025-12-10T02:54:56.011146+00:00
2465,1765335296.028324,2025-12-10T02:54:56.028323+00:00
2466,1765335296.0453572,2025-12-10T02:54:56.045357+00:00
2467,1765335296.0630221,2025-12-10T02:54:56.063022+00:00
2468,1765335296.080109,2025-12-10T02:54:56.080108+00:00
2469,1765335296.0971625,2025-12-10T02:54:56.097162+00:00
2470,1765335296.1141963,2025-12-10T02:54:56.114196+00:00
2471,1765335296.131242,2025-12-10T02:54:56.131242+00:00
2472,1765335296.1486735,2025-12-10T02:54:56.148673+00:00
2473,1765335296.1658044,2025-12-10T02:54:56.165804+00:00
2474,1765335296.1828024,2025-12-10T02:54:56.182802+00:00
2475,1765335296.1995924,2025-12-10T02:54:56.199592+00:00
2476,1765335296.216469,2025-12-10T02:54:56.216469+00:00
2477,1765335296.2335825,2025-12-10T02:54:56.233582+00:00
2478,1765335296.2506278,2025-12-10T02:54:56.250627+00:00
2479,1765335296.267717,2025-12-10T02:54:56.267716+00:00
2480,1765335296.284742,2025-12-10T02:54:56.284742+00:00
2481,1765335296.3018708,2025-12-10T02:54:56.301870+00:00
2482,1765335296.3189318,2025-12-10T02:54:56.318931+00:00
2483,1765335296.3360865,2025-12-10T02:54:56.336086+00:00
2484,1765335296.3531368,2025-12-10T02:54:56.353137+00:00
2485,1765335296.3701138,2025-12-10T02:54:56.370113+00:00
2486,1765335296.387196,2025-12-10T02:54:56.387196+00:00
2487,1765335296.4042935,2025-12-10T02:54:56.404293+00:00
2488,1765335296.4213393,2025-12-10T02:54:56.421339+00:00
2489,1765335296.4385734,2025-12-10T02:54:56.438573+00:00
2490,1765335296.4557815,2025-12-10T02:54:56.455781+00:00
2491,1765335296.4727166,2025-12-10T02:54:56.472716+00:00
2492,1765335296.489807,2025-12-10T02:54:56.489806+00:00
2493,1765335296.5068223,2025-12-10T02:54:56.506822+00:00
2494,1765335296.52387,2025-12-10T02:54:56.523869+00:00
2495,1765335296.540812,2025-12-10T02:54:56.540812+00:00
2496,1765335296.5578122,2025-12-10T02:54:56.557812+00:00
2497,1765335296.5749435,2025-12-10T02:54:56.574943+00:00
2498,1765335296.5916975,2025-12-10T02:54:56.591697+00:00
2499,1765335296.608943,2025-12-10T02:54:56.608943+00:00
2500,1765335296.625724,2025-12-10T02:54:56.625724+00:00
2501,1765335296.6427844,2025-12-10T02:54:56.642784+00:00
2502,1765335296.6597679,2025-12-10T02:54:56.659767+00:00
2503,1765335296.676789,2025-12-10T02:54:56.676789+00:00
2504,1765335296.6939754,2025-12-10T02:54:56.693975+00:00
2505,1765335296.7109008,2025-12-10T02:54:56.710900+00:00
2506,1765335296.727985,2025-12-10T02:54:56.727984+00:00
2507,1765335296.7450314,2025-12-10T02:54:56.745031+00:00
2508,1765335296.7620695,2025-12-10T02:54:56.762069+00:00
2509,1765335296.7796633,2025-12-10T02:54:56.779663+00:00
2510,1765335296.796846,2025-12-10T02:54:56.796845+00:00
2511,1765335296.813883,2025-12-10T02:54:56.813883+00:00
2512,1765335296.8308458,2025-12-10T02:54:56.830845+00:00
2513,1765335296.8478458,2025-12-10T02:54:56.847845+00:00
2514,1765335296.865026,2025-12-10T02:54:56.865026+00:00
2515,1765335296.8820822,2025-12-10T02:54:56.882082+00:00
2516,1765335296.8996928,2025-12-10T02:54:56.899692+00:00
2517,1765335296.916565,2025-12-10T02:54:56.916565+00:00
2518,1765335296.9333344,2025-12-10T02:54:56.933334+00:00
2519,1765335296.9504082,2025-12-10T02:54:56.950408+00:00
2520,1765335296.967608,2025-12-10T02:54:56.967608+00:00
2521,1765335296.9846413,2025-12-10T02:54:56.984641+00:00
2522,1765335297.0018528,2025-12-10T02:54:57.001852+00:00
2523,1765335297.0188916,2025-12-10T02:54:57.018891+00:00
2524,1765335297.03599,2025-12-10T02:54:57.035990+00:00
2525,1765335297.052763,2025-12-10T02:54:57.052763+00:00
2526,1765335297.0699859,2025-12-10T02:54:57.069985+00:00
2527,1765335297.0868518,2025-12-10T02:54:57.086851+00:00
2528,1765335297.1038694,2025-12-10T02:54:57.103869+00:00
2529,1765335297.1209102,2025-12-10T02:54:57.120910+00:00
2530,1765335297.1382074,2025-12-10T02:54:57.138207+00:00
2531,1765335297.1552362,2025-12-10T02:54:57.155236+00:00
2532,1765335297.1722782,2025-12-10T02:54:57.172278+00:00
2533,1765335297.189307,2025-12-10T02:54:57.189306+00:00
2534,1765335297.2063265,2025-12-10T02:54:57.206326+00:00
2535,1765335297.223434,2025-12-10T02:54:57.223433+00:00
2536,1765335297.2401757,2025-12-10T02:54:57.240175+00:00
2537,1765335297.25712,2025-12-10T02:54:57.257119+00:00
2538,1765335297.273867,2025-12-10T02:54:57.273866+00:00
2539,1765335297.2908542,2025-12-10T02:54:57.290854+00:00
2540,1765335297.3081257,2025-12-10T02:54:57.308125+00:00
2541,1765335297.3252032,2025-12-10T02:54:57.325203+00:00
2542,1765335297.342315,2025-12-10T02:54:57.342315+00:00
2543,1765335297.3595088,2025-12-10T02:54:57.359508+00:00
2544,1765335297.3768077,2025-12-10T02:54:57.376807+00:00
2545,1765335297.3935516,2025-12-10T02:54:57.393551+00:00
2546,1765335297.410562,2025-12-10T02:54:57.410562+00:00
2547,1765335297.4277742,2025-12-10T02:54:57.427774+00:00
2548,1765335297.4449658,2025-12-10T02:54:57.444966+00:00
2549,1765335297.4620047,2025-12-10T02:54:57.462004+00:00
2550,1765335297.4789712,2025-12-10T02:54:57.478971+00:00
2551,1765335297.496043,2025-12-10T02:54:57.496043+00:00
2552,1765335297.5130935,2025-12-10T02:54:57.513093+00:00
2553,1765335297.530284,2025-12-10T02:54:57.530284+00:00
2554,1765335297.5474322,2025-12-10T02:54:57.547432+00:00
2555,1765335297.5644941,2025-12-10T02:54:57.564494+00:00
2556,1765335297.5815666,2025-12-10T02:54:57.581566+00:00
2557,1765335297.598628,2025-12-10T02:54:57.598628+00:00
2558,1765335297.6156485,2025-12-10T02:54:57.615648+00:00
2559,1765335297.6323874,2025-12-10T02:54:57.632387+00:00
2560,1765335297.6494691,2025-12-10T02:54:57.649469+00:00
2561,1765335297.6663513,2025-12-10T02:54:57.666351+00:00
2562,1765335297.6834378,2025-12-10T02:54:57.683437+00:00
2563,1765335297.7003868,2025-12-10T02:54:57.700386+00:00
2564,1765335297.7174034,2025-12-10T02:54:57.717403+00:00
2565,1765335297.734396,2025-12-10T02:54:57.734395+00:00
2566,1765335297.751461,2025-12-10T02:54:57.751461+00:00
2567,1765335297.7686164,2025-12-10T02:54:57.768616+00:00
2568,1765335297.7853568,2025-12-10T02:54:57.785356+00:00
2569,1765335297.802389,2025-12-10T02:54:57.802389+00:00
2570,1765335297.819741,2025-12-10T02:54:57.819741+00:00
2571,1765335297.8366184,2025-12-10T02:54:57.836618+00:00
2572,1765335297.853685,2025-12-10T02:54:57.853685+00:00
2573,1765335297.8707657,2025-12-10T02:54:57.870765+00:00
2574,1765335297.8875859,2025-12-10T02:54:57.887585+00:00
2575,1765335297.904725,2025-12-10T02:54:57.904725+00:00
2576,1765335297.921833,2025-12-10T02:54:57.921833+00:00
2577,1765335297.9387872,2025-12-10T02:54:57.938787+00:00
2578,1765335297.9558794,2025-12-10T02:54:57.955879+00:00
2579,1765335297.972968,2025-12-10T02:54:57.972968+00:00
2580,1765335297.990024,2025-12-10T02:54:57.990024+00:00
2581,1765335298.006869,2025-12-10T02:54:58.006869+00:00
2582,1765335298.0238888,2025-12-10T02:54:58.023888+00:00
2583,1765335298.0408409,2025-12-10T02:54:58.040841+00:00
2584,1765335298.058024,2025-12-10T02:54:58.058024+00:00
2585,1765335298.0749762,2025-12-10T02:54:58.074976+00:00
2586,1765335298.092093,2025-12-10T02:54:58.092092+00:00
2587,1765335298.1091225,2025-12-10T02:54:58.109122+00:00
2588,1765335298.1261215,2025-12-10T02:54:58.126121+00:00
2589,1765335298.1432602,2025-12-10T02:54:58.143260+00:00
2590,1765335298.1601803,2025-12-10T02:54:58.160180+00:00
2591,1765335298.177464,2025-12-10T02:54:58.177464+00:00
2592,1765335298.1942172,2025-12-10T02:54:58.194217+00:00
2593,1765335298.2114496,2025-12-10T02:54:58.211449+00:00
2594,1765335298.2283998,2025-12-10T02:54:58.228399+00:00
2595,1765335298.2456598,2025-12-10T02:54:58.245659+00:00
2596,1765335298.262703,2025-12-10T02:54:58.262702+00:00
2597,1765335298.2797394,2025-12-10T02:54:58.279739+00:00
2598,1765335298.2968569,2025-12-10T02:54:58.296856+00:00
2599,1765335298.314062,2025-12-10T02:54:58.314062+00:00
2600,1765335298.3309863,2025-12-10T02:54:58.330986+00:00
2601,1765335298.3480227,2025-12-10T02:54:58.348022+00:00
2602,1765335298.365043,2025-12-10T02:54:58.365042+00:00
2603,1765335298.3820686,2025-12-10T02:54:58.382068+00:00
2604,1765335298.399161,2025-12-10T02:54:58.399161+00:00
2605,1765335298.4161885,2025-12-10T02:54:58.416188+00:00
2606,1765335298.4332395,2025-12-10T02:54:58.433239+00:00
2607,1765335298.4504094,2025-12-10T02:54:58.450409+00:00
2608,1765335298.4673543,2025-12-10T02:54:58.467354+00:00
2609,1765335298.4844503,2025-12-10T02:54:58.484450+00:00
2610,1765335298.501359,2025-12-10T02:54:58.501359+00:00
2611,1765335298.5183842,2025-12-10T02:54:58.518384+00:00
2612,1765335298.5354002,2025-12-10T02:54:58.535400+00:00
2613,1765335298.5526407,2025-12-10T02:54:58.552640+00:00
2614,1765335298.5696676,2025-12-10T02:54:58.569667+00:00
2615,1765335298.5866213,2025-12-10T02:54:58.586621+00:00
2616,1765335298.6037066,2025-12-10T02:54:58.603706+00:00
2617,1765335298.6204512,2025-12-10T02:54:58.620451+00:00
2618,1765335298.6373346,2025-12-10T02:54:58.637334+00:00
2619,1765335298.6541898,2025-12-10T02:54:58.654189+00:00
2620,1765335298.671346,2025-12-10T02:54:58.671345+00:00
2621,1765335298.688374,2025-12-10T02:54:58.688374+00:00
2622,1765335298.705581,2025-12-10T02:54:58.705581+00:00
2623,1765335298.7227116,2025-12-10T02:54:58.722711+00:00
2624,1765335298.7398047,2025-12-10T02:54:58.739804+00:00
2625,1765335298.7565742,2025-12-10T02:54:58.756574+00:00
2626,1765335298.7736185,2025-12-10T02:54:58.773618+00:00
2627,1765335298.7906542,2025-12-10T02:54:58.790654+00:00
2628,1765335298.8076797,2025-12-10T02:54:58.807679+00:00
2629,1765335298.824738,2025-12-10T02:54:58.824738+00:00
2630,1765335298.841724,2025-12-10T02:54:58.841723+00:00
2631,1765335298.8586383,2025-12-10T02:54:58.858638+00:00
2632,1765335298.8753712,2025-12-10T02:54:58.875371+00:00
2633,1765335298.8925064,2025-12-10T02:54:58.892506+00:00
2634,1765335298.9095178,2025-12-10T02:54:58.909517+00:00
2635,1765335298.9262793,2025-12-10T02:54:58.926279+00:00
2636,1765335298.9431393,2025-12-10T02:54:58.943139+00:00
2637,1765335298.9602673,2025-12-10T02:54:58.960267+00:00
2638,1765335298.9775374,2025-12-10T02:54:58.977537+00:00
2639,1765335298.9946432,2025-12-10T02:54:58.994643+00:00
2640,1765335299.011847,2025-12-10T02:54:59.011847+00:00
2641,1765335299.0286052,2025-12-10T02:54:59.028605+00:00
2642,1765335299.0453553,2025-12-10T02:54:59.045355+00:00
2643,1765335299.0624306,2025-12-10T02:54:59.062430+00:00
2644,1765335299.0794709,2025-12-10T02:54:59.079470+00:00
2645,1765335299.096497,2025-12-10T02:54:59.096497+00:00
2646,1765335299.1133153,2025-12-10T02:54:59.113315+00:00
2647,1765335299.1301901,2025-12-10T02:54:59.130190+00:00
2648,1765335299.1473076,2025-12-10T02:54:59.147307+00:00
2649,1765335299.1643498,2025-12-10T02:54:59.164349+00:00
2650,1765335299.1812055,2025-12-10T02:54:59.181205+00:00
2651,1765335299.198463,2025-12-10T02:54:59.198462+00:00
2652,1765335299.2154837,2025-12-10T02:54:59.215483+00:00
2653,1765335299.2325838,2025-12-10T02:54:59.232583+00:00
2654,1765335299.2497573,2025-12-10T02:54:59.249757+00:00
2655,1765335299.266855,2025-12-10T02:54:59.266855+00:00
2656,1765335299.2837458,2025-12-10T02:54:59.283745+00:00
2657,1765335299.3009837,2025-12-10T02:54:59.300983+00:00
2658,1765335299.3177187,2025-12-10T02:54:59.317718+00:00
2659,1765335299.33488,2025-12-10T02:54:59.334880+00:00
2660,1765335299.3518443,2025-12-10T02:54:59.351844+00:00
2661,1765335299.3688827,2025-12-10T02:54:59.368882+00:00
2662,1765335299.385878,2025-12-10T02:54:59.385878+00:00
2663,1765335299.4026248,2025-12-10T02:54:59.402624+00:00
2664,1765335299.4196548,2025-12-10T02:54:59.419655+00:00
2665,1765335299.436853,2025-12-10T02:54:59.436852+00:00
2666,1765335299.4538834,2025-12-10T02:54:59.453883+00:00
2667,1765335299.4708767,2025-12-10T02:54:59.470876+00:00
2668,1765335299.4879854,2025-12-10T02:54:59.487985+00:00
2669,1765335299.5050695,2025-12-10T02:54:59.505069+00:00
2670,1765335299.5219922,2025-12-10T02:54:59.521992+00:00
2671,1765335299.5390785,2025-12-10T02:54:59.539078+00:00
2672,1765335299.5558457,2025-12-10T02:54:59.555845+00:00
2673,1765335299.5729136,2025-12-10T02:54:59.572913+00:00
2674,1765335299.5899587,2025-12-10T02:54:59.589958+00:00
2675,1765335299.6068635,2025-12-10T02:54:59.606863+00:00
2676,1765335299.6238906,2025-12-10T02:54:59.623890+00:00
2677,1765335299.64134,2025-12-10T02:54:59.641340+00:00
2678,1765335299.6584077,2025-12-10T02:54:59.658407+00:00
2679,1765335299.6753693,2025-12-10T02:54:59.675369+00:00
2680,1765335299.6921778,2025-12-10T02:54:59.692177+00:00
2681,1765335299.7090595,2025-12-10T02:54:59.709059+00:00
2682,1765335299.7258592,2025-12-10T02:54:59.725859+00:00
2683,1765335299.742848,2025-12-10T02:54:59.742848+00:00
2684,1765335299.7599165,2025-12-10T02:54:59.759916+00:00
2685,1765335299.776662,2025-12-10T02:54:59.776661+00:00
2686,1765335299.7937927,2025-12-10T02:54:59.793792+00:00
2687,1765335299.8107722,2025-12-10T02:54:59.810772+00:00
2688,1765335299.8277955,2025-12-10T02:54:59.827795+00:00
2689,1765335299.844865,2025-12-10T02:54:59.844865+00:00
2690,1765335299.8618898,2025-12-10T02:54:59.861889+00:00
2691,1765335299.8789132,2025-12-10T02:54:59.878913+00:00
2692,1765335299.8957276,2025-12-10T02:54:59.895727+00:00
2693,1765335299.9127874,2025-12-10T02:54:59.912787+00:00
2694,1765335299.9298112,2025-12-10T02:54:59.929811+00:00
2695,1765335299.946849,2025-12-10T02:54:59.946848+00:00
2696,1765335299.9638698,2025-12-10T02:54:59.963869+00:00
2697,1765335299.9807487,2025-12-10T02:54:59.980748+00:00
2698,1765335299.9977734,2025-12-10T02:54:59.997773+00:00
2699,1765335300.0147934,2025-12-10T02:55:00.014793+00:00
2700,1765335300.0320425,2025-12-10T02:55:00.032042+00:00
2701,1765335300.0490997,2025-12-10T02:55:00.049099+00:00
2702,1765335300.066117,2025-12-10T02:55:00.066117+00:00
2703,1765335300.0831425,2025-12-10T02:55:00.083142+00:00
2704,1765335300.099888,2025-12-10T02:55:00.099888+00:00
2705,1765335300.1166975,2025-12-10T02:55:00.116697+00:00
2706,1765335300.1335757,2025-12-10T02:55:00.133575+00:00
2707,1765335300.1509066,2025-12-10T02:55:00.150906+00:00
2708,1765335300.167968,2025-12-10T02:55:00.167967+00:00
2709,1765335300.1848185,2025-12-10T02:55:00.184818+00:00
2710,1765335300.201907,2025-12-10T02:55:00.201907+00:00
2711,1765335300.2190933,2025-12-10T02:55:00.219093+00:00
2712,1765335300.2358398,2025-12-10T02:55:00.235839+00:00
2713,1765335300.2528846,2025-12-10T02:55:00.252884+00:00
2714,1765335300.2698724,2025-12-10T02:55:00.269872+00:00
2715,1765335300.286685,2025-12-10T02:55:00.286685+00:00
2716,1765335300.3034248,2025-12-10T02:55:00.303424+00:00
2717,1765335300.3202693,2025-12-10T02:55:00.320269+00:00
2718,1765335300.3373246,2025-12-10T02:55:00.337324+00:00
2719,1765335300.3542004,2025-12-10T02:55:00.354200+00:00
2720,1765335300.3712418,2025-12-10T02:55:00.371241+00:00
2721,1765335300.388102,2025-12-10T02:55:00.388102+00:00
2722,1765335300.4051232,2025-12-10T02:55:00.405123+00:00
2723,1765335300.4221492,2025-12-10T02:55:00.422149+00:00
2724,1765335300.4389033,2025-12-10T02:55:00.438903+00:00
2725,1765335300.4559348,2025-12-10T02:55:00.455934+00:00
2726,1765335300.4726744,2025-12-10T02:55:00.472674+00:00
2727,1765335300.4896996,2025-12-10T02:55:00.489699+00:00
2728,1765335300.50672,2025-12-10T02:55:00.506719+00:00
2729,1765335300.5234642,2025-12-10T02:55:00.523464+00:00
2730,1765335300.5405548,2025-12-10T02:55:00.540554+00:00
2731,1765335300.5574505,2025-12-10T02:55:00.557450+00:00
2732,1765335300.5744092,2025-12-10T02:55:00.574409+00:00
2733,1765335300.5911727,2025-12-10T02:55:00.591172+00:00
2734,1765335300.6079774,2025-12-10T02:55:00.607977+00:00
2735,1765335300.6247418,2025-12-10T02:55:00.624741+00:00
2736,1765335300.6418152,2025-12-10T02:55:00.641815+00:00
2737,1765335300.6589103,2025-12-10T02:55:00.658910+00:00
2738,1765335300.6759915,2025-12-10T02:55:00.675991+00:00
2739,1765335300.6932342,2025-12-10T02:55:00.693234+00:00
2740,1765335300.710275,2025-12-10T02:55:00.710274+00:00
2741,1765335300.7276268,2025-12-10T02:55:00.727626+00:00
2742,1765335300.7446897,2025-12-10T02:55:00.744689+00:00
2743,1765335300.76175,2025-12-10T02:55:00.761750+00:00
2744,1765335300.778514,2025-12-10T02:55:00.778514+00:00
2745,1765335300.795539,2025-12-10T02:55:00.795539+00:00
2746,1765335300.81239,2025-12-10T02:55:00.812390+00:00
2747,1765335300.8295074,2025-12-10T02:55:00.829507+00:00
2748,1765335300.8465362,2025-12-10T02:55:00.846536+00:00
2749,1765335300.8635643,2025-12-10T02:55:00.863564+00:00
2750,1765335300.880637,2025-12-10T02:55:00.880637+00:00
2751,1765335300.897654,2025-12-10T02:55:00.897654+00:00
2752,1765335300.9146912,2025-12-10T02:55:00.914691+00:00
2753,1765335300.9314811,2025-12-10T02:55:00.931481+00:00
2754,1765335300.9484386,2025-12-10T02:55:00.948438+00:00
2755,1765335300.9654164,2025-12-10T02:55:00.965416+00:00
2756,1765335300.982303,2025-12-10T02:55:00.982303+00:00
2757,1765335300.9993231,2025-12-10T02:55:00.999323+00:00
2758,1765335301.016335,2025-12-10T02:55:01.016335+00:00
2759,1765335301.0334492,2025-12-10T02:55:01.033449+00:00
2760,1765335301.0504704,2025-12-10T02:55:01.050470+00:00
2761,1765335301.0672066,2025-12-10T02:55:01.067206+00:00
2762,1765335301.0844214,2025-12-10T02:55:01.084421+00:00
2763,1765335301.1012022,2025-12-10T02:55:01.101202+00:00
2764,1765335301.1182554,2025-12-10T02:55:01.118255+00:00
2765,1765335301.1353905,2025-12-10T02:55:01.135390+00:00
2766,1765335301.1522605,2025-12-10T02:55:01.152260+00:00
2767,1765335301.1694639,2025-12-10T02:55:01.169463+00:00
2768,1765335301.1864905,2025-12-10T02:55:01.186490+00:00
2769,1765335301.203661,2025-12-10T02:55:01.203661+00:00
2770,1765335301.2204704,2025-12-10T02:55:01.220470+00:00
2771,1765335301.2376041,2025-12-10T02:55:01.237604+00:00
2772,1765335301.254642,2025-12-10T02:55:01.254642+00:00
2773,1765335301.2716837,2025-12-10T02:55:01.271683+00:00
2774,1765335301.2889266,2025-12-10T02:55:01.288926+00:00
2775,1765335301.3059466,2025-12-10T02:55:01.305946+00:00
2776,1765335301.323154,2025-12-10T02:55:01.323154+00:00
2777,1765335301.3401887,2025-12-10T02:55:01.340188+00:00
2778,1765335301.3574178,2025-12-10T02:55:01.357417+00:00
2779,1765335301.3745663,2025-12-10T02:55:01.374566+00:00
2780,1765335301.3915892,2025-12-10T02:55:01.391589+00:00
2781,1765335301.4084473,2025-12-10T02:55:01.408447+00:00
2782,1765335301.425478,2025-12-10T02:55:01.425477+00:00
2783,1765335301.442297,2025-12-10T02:55:01.442297+00:00
2784,1765335301.4593668,2025-12-10T02:55:01.459367+00:00
2785,1765335301.476347,2025-12-10T02:55:01.476347+00:00
2786,1765335301.4937716,2025-12-10T02:55:01.493771+00:00
2787,1765335301.5109603,2025-12-10T02:55:01.510960+00:00
2788,1765335301.5280921,2025-12-10T02:55:01.528092+00:00
2789,1765335301.5452964,2025-12-10T02:55:01.545296+00:00
2790,1765335301.5624042,2025-12-10T02:55:01.562404+00:00
2791,1765335301.5792382,2025-12-10T02:55:01.579238+00:00
2792,1765335301.5963748,2025-12-10T02:55:01.596374+00:00
2793,1765335301.6134865,2025-12-10T02:55:01.613486+00:00
2794,1765335301.6306808,2025-12-10T02:55:01.630680+00:00
2795,1765335301.6476462,2025-12-10T02:55:01.647646+00:00
2796,1765335301.6647704,2025-12-10T02:55:01.664770+00:00
2797,1765335301.6819453,2025-12-10T02:55:01.681945+00:00
2798,1765335301.6990297,2025-12-10T02:55:01.699029+00:00
2799,1765335301.7160537,2025-12-10T02:55:01.716053+00:00
2800,1765335301.7330928,2025-12-10T02:55:01.733092+00:00
2801,1765335301.750137,2025-12-10T02:55:01.750137+00:00
2802,1765335301.7670186,2025-12-10T02:55:01.767018+00:00
2803,1765335301.7837703,2025-12-10T02:55:01.783770+00:00
2804,1765335301.8008935,2025-12-10T02:55:01.800893+00:00
2805,1765335301.8179684,2025-12-10T02:55:01.817968+00:00
2806,1765335301.8347647,2025-12-10T02:55:01.834764+00:00
2807,1765335301.851498,2025-12-10T02:55:01.851498+00:00
2808,1765335301.8684978,2025-12-10T02:55:01.868497+00:00
2809,1765335301.8852363,2025-12-10T02:55:01.885236+00:00
2810,1765335301.9021578,2025-12-10T02:55:01.902157+00:00
2811,1765335301.9189696,2025-12-10T02:55:01.918969+00:00
2812,1765335301.9361098,2025-12-10T02:55:01.936109+00:00
2813,1765335301.953087,2025-12-10T02:55:01.953086+00:00
2814,1765335301.9700956,2025-12-10T02:55:01.970095+00:00
2815,1765335301.9869046,2025-12-10T02:55:01.986904+00:00
2816,1765335302.0040069,2025-12-10T02:55:02.004006+00:00
2817,1765335302.0210454,2025-12-10T02:55:02.021045+00:00
2818,1765335302.038232,2025-12-10T02:55:02.038232+00:00
2819,1765335302.0554383,2025-12-10T02:55:02.055438+00:00
2820,1765335302.0724998,2025-12-10T02:55:02.072499+00:00
2821,1765335302.089301,2025-12-10T02:55:02.089301+00:00
2822,1765335302.106336,2025-12-10T02:55:02.106335+00:00
2823,1765335302.1233914,2025-12-10T02:55:02.123391+00:00
2824,1765335302.1406271,2025-12-10T02:55:02.140627+00:00
2825,1765335302.157729,2025-12-10T02:55:02.157729+00:00
2826,1765335302.1747787,2025-12-10T02:55:02.174778+00:00
2827,1765335302.191816,2025-12-10T02:55:02.191816+00:00
2828,1765335302.2089186,2025-12-10T02:55:02.208918+00:00
2829,1765335302.2256515,2025-12-10T02:55:02.225651+00:00
2830,1765335302.242485,2025-12-10T02:55:02.242485+00:00
2831,1765335302.2595015,2025-12-10T02:55:02.259501+00:00
2832,1765335302.2765205,2025-12-10T02:55:02.276520+00:00
2833,1765335302.2935483,2025-12-10T02:55:02.293548+00:00
2834,1765335302.31057,2025-12-10T02:55:02.310570+00:00
2835,1765335302.3275893,2025-12-10T02:55:02.327589+00:00
2836,1765335302.3446298,2025-12-10T02:55:02.344629+00:00
2837,1765335302.3616662,2025-12-10T02:55:02.361666+00:00
2838,1765335302.3787498,2025-12-10T02:55:02.378749+00:00
2839,1765335302.3957715,2025-12-10T02:55:02.395771+00:00
2840,1765335302.4128351,2025-12-10T02:55:02.412835+00:00
2841,1765335302.4299068,2025-12-10T02:55:02.429907+00:00
2842,1765335302.4466546,2025-12-10T02:55:02.446654+00:00
2843,1765335302.463837,2025-12-10T02:55:02.463837+00:00
2844,1765335302.4809022,2025-12-10T02:55:02.480902+00:00
2845,1765335302.497958,2025-12-10T02:55:02.497958+00:00
2846,1765335302.5151525,2025-12-10T02:55:02.515152+00:00
2847,1765335302.532695,2025-12-10T02:55:02.532695+00:00
2848,1765335302.5497375,2025-12-10T02:55:02.549737+00:00
2849,1765335302.566766,2025-12-10T02:55:02.566766+00:00
2850,1765335302.5838225,2025-12-10T02:55:02.583822+00:00
2851,1765335302.6008086,2025-12-10T02:55:02.600808+00:00
2852,1765335302.618006,2025-12-10T02:55:02.618006+00:00
2853,1765335302.6347475,2025-12-10T02:55:02.634747+00:00
2854,1765335302.6518998,2025-12-10T02:55:02.651899+00:00
2855,1765335302.668652,2025-12-10T02:55:02.668652+00:00
2856,1765335302.685505,2025-12-10T02:55:02.685504+00:00
2857,1765335302.7025216,2025-12-10T02:55:02.702521+00:00
2858,1765335302.7197504,2025-12-10T02:55:02.719750+00:00
2859,1765335302.7367775,2025-12-10T02:55:02.736777+00:00
2860,1765335302.7539687,2025-12-10T02:55:02.753968+00:00
2861,1765335302.7710314,2025-12-10T02:55:02.771031+00:00
2862,1765335302.7880213,2025-12-10T02:55:02.788021+00:00
2863,1765335302.8048165,2025-12-10T02:55:02.804816+00:00
2864,1765335302.8217835,2025-12-10T02:55:02.821783+00:00
2865,1765335302.8389232,2025-12-10T02:55:02.838923+00:00
2866,1765335302.855997,2025-12-10T02:55:02.855997+00:00
2867,1765335302.873199,2025-12-10T02:55:02.873199+00:00
2868,1765335302.8901947,2025-12-10T02:55:02.890194+00:00
2869,1765335302.9072208,2025-12-10T02:55:02.907220+00:00
2870,1765335302.9242442,2025-12-10T02:55:02.924244+00:00
2871,1765335302.9413128,2025-12-10T02:55:02.941312+00:00
2872,1765335302.958139,2025-12-10T02:55:02.958139+00:00
2873,1765335302.9750888,2025-12-10T02:55:02.975088+00:00
2874,1765335302.9923038,2025-12-10T02:55:02.992303+00:00
2875,1765335303.0104306,2025-12-10T02:55:03.010430+00:00
2876,1765335303.0273094,2025-12-10T02:55:03.027309+00:00
2877,1765335303.0444677,2025-12-10T02:55:03.044467+00:00
2878,1765335303.0614913,2025-12-10T02:55:03.061491+00:00
2879,1765335303.0786765,2025-12-10T02:55:03.078676+00:00
2880,1765335303.09569,2025-12-10T02:55:03.095690+00:00
2881,1765335303.1127048,2025-12-10T02:55:03.112704+00:00
2882,1765335303.13039,2025-12-10T02:55:03.130390+00:00
2883,1765335303.1472185,2025-12-10T02:55:03.147218+00:00
2884,1765335303.1644478,2025-12-10T02:55:03.164447+00:00
2885,1765335303.1811929,2025-12-10T02:55:03.181192+00:00
2886,1765335303.1980374,2025-12-10T02:55:03.198037+00:00
2887,1765335303.2149377,2025-12-10T02:55:03.214937+00:00
2888,1765335303.2322252,2025-12-10T02:55:03.232225+00:00
2889,1765335303.2490168,2025-12-10T02:55:03.249016+00:00
2890,1765335303.266398,2025-12-10T02:55:03.266397+00:00
2891,1765335303.2836885,2025-12-10T02:55:03.283688+00:00
2892,1765335303.3004322,2025-12-10T02:55:03.300432+00:00
2893,1765335303.317473,2025-12-10T02:55:03.317473+00:00
2894,1765335303.3342407,2025-12-10T02:55:03.334240+00:00
2895,1765335303.3511453,2025-12-10T02:55:03.351145+00:00
2896,1765335303.368174,2025-12-10T02:55:03.368174+00:00
2897,1765335303.3852055,2025-12-10T02:55:03.385205+00:00
2898,1765335303.401998,2025-12-10T02:55:03.401998+00:00
2899,1765335303.4192004,2025-12-10T02:55:03.419200+00:00
2900,1765335303.4362206,2025-12-10T02:55:03.436220+00:00
2901,1765335303.453298,2025-12-10T02:55:03.453298+00:00
2902,1765335303.470508,2025-12-10T02:55:03.470508+00:00
2903,1765335303.4875243,2025-12-10T02:55:03.487524+00:00
2904,1765335303.5045545,2025-12-10T02:55:03.504554+00:00
2905,1765335303.521583,2025-12-10T02:55:03.521583+00:00
2906,1765335303.538895,2025-12-10T02:55:03.538894+00:00
2907,1765335303.5559256,2025-12-10T02:55:03.555925+00:00
2908,1765335303.5731573,2025-12-10T02:55:03.573157+00:00
2909,1765335303.5903695,2025-12-10T02:55:03.590369+00:00
2910,1765335303.6073866,2025-12-10T02:55:03.607386+00:00
2911,1765335303.6244273,2025-12-10T02:55:03.624427+00:00
2912,1765335303.6415594,2025-12-10T02:55:03.641559+00:00
2913,1765335303.6584587,2025-12-10T02:55:03.658458+00:00
2914,1765335303.6754816,2025-12-10T02:55:03.675481+00:00
2915,1765335303.6922448,2025-12-10T02:55:03.692244+00:00
2916,1765335303.709109,2025-12-10T02:55:03.709109+00:00
2917,1765335303.7261314,2025-12-10T02:55:03.726131+00:00
2918,1765335303.7432292,2025-12-10T02:55:03.743229+00:00
2919,1765335303.76028,2025-12-10T02:55:03.760279+00:00
2920,1765335303.7772572,2025-12-10T02:55:03.777257+00:00
2921,1765335303.7942793,2025-12-10T02:55:03.794279+00:00
2922,1765335303.811321,2025-12-10T02:55:03.811321+00:00
2923,1765335303.82851,2025-12-10T02:55:03.828509+00:00
2924,1765335303.8455281,2025-12-10T02:55:03.845528+00:00
2925,1765335303.8625202,2025-12-10T02:55:03.862520+00:00
2926,1765335303.8795683,2025-12-10T02:55:03.879568+00:00
2927,1765335303.896507,2025-12-10T02:55:03.896507+00:00
2928,1765335303.9135437,2025-12-10T02:55:03.913543+00:00
2929,1765335303.9303298,2025-12-10T02:55:03.930329+00:00
2930,1765335303.9475868,2025-12-10T02:55:03.947586+00:00
2931,1765335303.9645321,2025-12-10T02:55:03.964532+00:00
2932,1765335303.9812818,2025-12-10T02:55:03.981281+00:00
2933,1765335303.9982574,2025-12-10T02:55:03.998257+00:00
2934,1765335304.0154898,2025-12-10T02:55:04.015489+00:00
2935,1765335304.0325432,2025-12-10T02:55:04.032543+00:00
2936,1765335304.049594,2025-12-10T02:55:04.049593+00:00
2937,1765335304.0667286,2025-12-10T02:55:04.066728+00:00
2938,1765335304.0838828,2025-12-10T02:55:04.083882+00:00
2939,1765335304.1007354,2025-12-10T02:55:04.100735+00:00
2940,1765335304.1177554,2025-12-10T02:55:04.117755+00:00
2941,1765335304.1348507,2025-12-10T02:55:04.134850+00:00
2942,1765335304.1519125,2025-12-10T02:55:04.151912+00:00
2943,1765335304.1689963,2025-12-10T02:55:04.168996+00:00
2944,1765335304.1860127,2025-12-10T02:55:04.186012+00:00
2945,1765335304.2029831,2025-12-10T02:55:04.202983+00:00
2946,1765335304.2197535,2025-12-10T02:55:04.219753+00:00
2947,1765335304.2368805,2025-12-10T02:55:04.236880+00:00
2948,1765335304.253714,2025-12-10T02:55:04.253714+00:00
2949,1765335304.270863,2025-12-10T02:55:04.270863+00:00
2950,1765335304.2880356,2025-12-10T02:55:04.288035+00:00
2951,1765335304.3052046,2025-12-10T02:55:04.305204+00:00
2952,1765335304.3219545,2025-12-10T02:55:04.321954+00:00
2953,1765335304.338995,2025-12-10T02:55:04.338994+00:00
2954,1765335304.3562403,2025-12-10T02:55:04.356240+00:00
2955,1765335304.3734736,2025-12-10T02:55:04.373473+00:00
2956,1765335304.3905628,2025-12-10T02:55:04.390562+00:00
2957,1765335304.4073071,2025-12-10T02:55:04.407307+00:00
2958,1765335304.424535,2025-12-10T02:55:04.424535+00:00
2959,1765335304.441613,2025-12-10T02:55:04.441613+00:00
2960,1765335304.4585233,2025-12-10T02:55:04.458523+00:00
2961,1765335304.4755423,2025-12-10T02:55:04.475542+00:00
2962,1765335304.4926848,2025-12-10T02:55:04.492684+00:00
2963,1765335304.50986,2025-12-10T02:55:04.509860+00:00
2964,1765335304.5270615,2025-12-10T02:55:04.527061+00:00
2965,1765335304.5441563,2025-12-10T02:55:04.544156+00:00
2966,1765335304.5612109,2025-12-10T02:55:04.561211+00:00
2967,1765335304.5780957,2025-12-10T02:55:04.578095+00:00
2968,1765335304.595197,2025-12-10T02:55:04.595197+00:00
2969,1765335304.6122427,2025-12-10T02:55:04.612242+00:00
2970,1765335304.6293185,2025-12-10T02:55:04.629318+00:00
2971,1765335304.6464746,2025-12-10T02:55:04.646474+00:00
2972,1765335304.6632686,2025-12-10T02:55:04.663268+00:00
2973,1765335304.6802607,2025-12-10T02:55:04.680260+00:00
2974,1765335304.6972857,2025-12-10T02:55:04.697285+00:00
2975,1765335304.7142553,2025-12-10T02:55:04.714255+00:00
2976,1765335304.731309,2025-12-10T02:55:04.731309+00:00
2977,1765335304.7483332,2025-12-10T02:55:04.748333+00:00
2978,1765335304.7653866,2025-12-10T02:55:04.765386+00:00
2979,1765335304.7824833,2025-12-10T02:55:04.782483+00:00
2980,1765335304.7997787,2025-12-10T02:55:04.799778+00:00
2981,1765335304.8168643,2025-12-10T02:55:04.816864+00:00
2982,1765335304.8336046,2025-12-10T02:55:04.833604+00:00
2983,1765335304.8504024,2025-12-10T02:55:04.850402+00:00
2984,1765335304.8673477,2025-12-10T02:55:04.867347+00:00
2985,1765335304.8843827,2025-12-10T02:55:04.884382+00:00
2986,1765335304.9014838,2025-12-10T02:55:04.901483+00:00
2987,1765335304.9185445,2025-12-10T02:55:04.918544+00:00
2988,1765335304.9355662,2025-12-10T02:55:04.935566+00:00
2989,1765335304.952731,2025-12-10T02:55:04.952730+00:00
2990,1765335304.9697902,2025-12-10T02:55:04.969790+00:00
2991,1765335304.9868178,2025-12-10T02:55:04.986817+00:00
2992,1765335305.003985,2025-12-10T02:55:05.003984+00:00
2993,1765335305.0207276,2025-12-10T02:55:05.020727+00:00
2994,1765335305.0377512,2025-12-10T02:55:05.037751+00:00
2995,1765335305.0544908,2025-12-10T02:55:05.054490+00:00
2996,1765335305.0715318,2025-12-10T02:55:05.071531+00:00
2997,1765335305.0885136,2025-12-10T02:55:05.088513+00:00
2998,1765335305.105536,2025-12-10T02:55:05.105535+00:00
2999,1765335305.1225138,2025-12-10T02:55:05.122513+00:00
3000,1765335305.139534,2025-12-10T02:55:05.139534+00:00
3001,1765335305.1565256,2025-12-10T02:55:05.156525+00:00
3002,1765335305.1732872,2025-12-10T02:55:05.173287+00:00
3003,1765335305.1905642,2025-12-10T02:55:05.190564+00:00
3004,1765335305.207474,2025-12-10T02:55:05.207473+00:00
3005,1765335305.2245038,2025-12-10T02:55:05.224503+00:00
3006,1765335305.2417092,2025-12-10T02:55:05.241709+00:00
3007,1765335305.2587416,2025-12-10T02:55:05.258741+00:00
3008,1765335305.275506,2025-12-10T02:55:05.275505+00:00
3009,1765335305.2926166,2025-12-10T02:55:05.292616+00:00
3010,1765335305.3096027,2025-12-10T02:55:05.309602+00:00
3011,1765335305.3264036,2025-12-10T02:55:05.326403+00:00
3012,1765335305.3433695,2025-12-10T02:55:05.343369+00:00
3013,1765335305.3607855,2025-12-10T02:55:05.360785+00:00
3014,1765335305.3778086,2025-12-10T02:55:05.377808+00:00
3015,1765335305.3948421,2025-12-10T02:55:05.394842+00:00
3016,1765335305.4119122,2025-12-10T02:55:05.411912+00:00
3017,1765335305.4290016,2025-12-10T02:55:05.429001+00:00
3018,1765335305.4458623,2025-12-10T02:55:05.445862+00:00
3019,1765335305.4628966,2025-12-10T02:55:05.462896+00:00
3020,1765335305.479996,2025-12-10T02:55:05.479995+00:00
3021,1765335305.497057,2025-12-10T02:55:05.497057+00:00
3022,1765335305.5139966,2025-12-10T02:55:05.513996+00:00
3023,1765335305.5312421,2025-12-10T02:55:05.531242+00:00
3024,1765335305.5481064,2025-12-10T02:55:05.548106+00:00
3025,1765335305.5648868,2025-12-10T02:55:05.564886+00:00
3026,1765335305.5820212,2025-12-10T02:55:05.582021+00:00
3027,1765335305.599023,2025-12-10T02:55:05.599023+00:00
3028,1765335305.615764,2025-12-10T02:55:05.615764+00:00
3029,1765335305.6327937,2025-12-10T02:55:05.632793+00:00
3030,1765335305.649621,2025-12-10T02:55:05.649621+00:00
3031,1765335305.666424,2025-12-10T02:55:05.666424+00:00
3032,1765335305.6831663,2025-12-10T02:55:05.683166+00:00
3033,1765335305.7002635,2025-12-10T02:55:05.700263+00:00
3034,1765335305.7171288,2025-12-10T02:55:05.717128+00:00
3035,1765335305.734066,2025-12-10T02:55:05.734066+00:00
3036,1765335305.7509155,2025-12-10T02:55:05.750915+00:00
3037,1765335305.7679484,2025-12-10T02:55:05.767948+00:00
3038,1765335305.7848299,2025-12-10T02:55:05.784829+00:00
3039,1765335305.8016887,2025-12-10T02:55:05.801688+00:00
3040,1765335305.818816,2025-12-10T02:55:05.818815+00:00
3041,1765335305.8358366,2025-12-10T02:55:05.835836+00:00
3042,1765335305.8530798,2025-12-10T02:55:05.853079+00:00
3043,1765335305.870262,2025-12-10T02:55:05.870261+00:00
3044,1765335305.8872907,2025-12-10T02:55:05.887290+00:00
3045,1765335305.9041262,2025-12-10T02:55:05.904126+00:00
3046,1765335305.9210203,2025-12-10T02:55:05.921020+00:00
3047,1765335305.9378963,2025-12-10T02:55:05.937896+00:00
3048,1765335305.955027,2025-12-10T02:55:05.955027+00:00
3049,1765335305.972063,2025-12-10T02:55:05.972063+00:00
3050,1765335305.9889584,2025-12-10T02:55:05.988958+00:00
3051,1765335306.0058177,2025-12-10T02:55:06.005817+00:00
3052,1765335306.0229328,2025-12-10T02:55:06.022932+00:00
3053,1765335306.040132,2025-12-10T02:55:06.040132+00:00
3054,1765335306.0572422,2025-12-10T02:55:06.057242+00:00
3055,1765335306.0744088,2025-12-10T02:55:06.074408+00:00
3056,1765335306.0913482,2025-12-10T02:55:06.091348+00:00
3057,1765335306.108384,2025-12-10T02:55:06.108384+00:00
3058,1765335306.1254127,2025-12-10T02:55:06.125412+00:00
3059,1765335306.142525,2025-12-10T02:55:06.142525+00:00
3060,1765335306.15968,2025-12-10T02:55:06.159680+00:00
3061,1765335306.1767051,2025-12-10T02:55:06.176705+00:00
3062,1765335306.193744,2025-12-10T02:55:06.193743+00:00
3063,1765335306.2107759,2025-12-10T02:55:06.210775+00:00
3064,1765335306.2277937,2025-12-10T02:55:06.227793+00:00
3065,1765335306.2449338,2025-12-10T02:55:06.244933+00:00
3066,1765335306.261908,2025-12-10T02:55:06.261907+00:00
3067,1765335306.2789333,2025-12-10T02:55:06.278933+00:00
3068,1765335306.2960522,2025-12-10T02:55:06.296052+00:00
3069,1765335306.3131292,2025-12-10T02:55:06.313129+00:00
3070,1765335306.3300989,2025-12-10T02:55:06.330099+00:00
3071,1765335306.347054,2025-12-10T02:55:06.347054+00:00
3072,1765335306.3641796,2025-12-10T02:55:06.364179+00:00
3073,1765335306.3810985,2025-12-10T02:55:06.381098+00:00
3074,1765335306.398233,2025-12-10T02:55:06.398232+00:00
3075,1765335306.4152474,2025-12-10T02:55:06.415247+00:00
3076,1765335306.4324584,2025-12-10T02:55:06.432458+00:00
3077,1765335306.449373,2025-12-10T02:55:06.449373+00:00
3078,1765335306.4665802,2025-12-10T02:55:06.466580+00:00
3079,1765335306.483505,2025-12-10T02:55:06.483504+00:00
3080,1765335306.500547,2025-12-10T02:55:06.500546+00:00
