frame_index,timestamp_unix,timestamp_iso
0,1765396119.844235,2025-12-10T19:48:39.844239+00:00
1,1765396119.863353,2025-12-10T19:48:39.863361+00:00
2,1765396119.880434,2025-12-10T19:48:39.880443+00:00
3,1765396119.9003992,2025-12-10T19:48:39.900408+00:00
4,1765396119.917346,2025-12-10T19:48:39.917353+00:00
5,1765396119.937598,2025-12-10T19:48:39.937611+00:00
6,1765396119.95694,2025-12-10T19:48:39.956948+00:00
7,1765396119.97788,2025-12-10T19:48:39.977888+00:00
8,1765396119.998791,2025-12-10T19:48:39.998796+00:00
9,1765396120.018178,2025-12-10T19:48:40.018185+00:00
10,1765396120.038561,2025-12-10T19:48:40.038567+00:00
11,1765396120.058327,2025-12-10T19:48:40.058331+00:00
12,1765396120.07511,2025-12-10T19:48:40.075116+00:00
13,1765396120.095998,2025-12-10T19:48:40.096002+00:00
14,1765396120.113014,2025-12-10T19:48:40.113019+00:00
15,1765396120.133867,2025-12-10T19:48:40.133874+00:00
16,1765396120.15477,2025-12-10T19:48:40.154774+00:00
17,1765396120.1756501,2025-12-10T19:48:40.175653+00:00
18,1765396120.192693,2025-12-10T19:48:40.192697+00:00
19,1765396120.209431,2025-12-10T19:48:40.209434+00:00
20,1765396120.2302961,2025-12-10T19:48:40.230298+00:00
21,1765396120.251155,2025-12-10T19:48:40.251157+00:00
22,1765396120.2720141,2025-12-10T19:48:40.272016+00:00
23,1765396120.292873,2025-12-10T19:48:40.292874+00:00
24,1765396120.310574,2025-12-10T19:48:40.310578+00:00
25,1765396120.331448,2025-12-10T19:48:40.331451+00:00
26,1765396120.3523169,2025-12-10T19:48:40.352319+00:00
27,1765396120.3730009,2025-12-10T19:48:40.373006+00:00
28,1765396120.393875,2025-12-10T19:48:40.393877+00:00
29,1765396120.414739,2025-12-10T19:48:40.414740+00:00
30,1765396120.435599,2025-12-10T19:48:40.435602+00:00
31,1765396120.4564621,2025-12-10T19:48:40.456463+00:00
32,1765396120.476512,2025-12-10T19:48:40.476516+00:00
33,1765396120.49597,2025-12-10T19:48:40.495973+00:00
34,1765396120.516839,2025-12-10T19:48:40.516842+00:00
35,1765396120.537704,2025-12-10T19:48:40.537707+00:00
36,1765396120.55476,2025-12-10T19:48:40.554768+00:00
37,1765396120.575723,2025-12-10T19:48:40.575727+00:00
38,1765396120.592779,2025-12-10T19:48:40.592782+00:00
39,1765396120.6136692,2025-12-10T19:48:40.613672+00:00
40,1765396120.6342678,2025-12-10T19:48:40.634275+00:00
41,1765396120.6551812,2025-12-10T19:48:40.655183+00:00
42,1765396120.6721668,2025-12-10T19:48:40.672168+00:00
43,1765396120.692501,2025-12-10T19:48:40.692501+00:00
44,1765396120.713367,2025-12-10T19:48:40.713368+00:00
45,1765396120.7342248,2025-12-10T19:48:40.734226+00:00
46,1765396120.7550778,2025-12-10T19:48:40.755079+00:00
47,1765396120.775936,2025-12-10T19:48:40.775936+00:00
48,1765396120.7968068,2025-12-10T19:48:40.796813+00:00
49,1765396120.8175411,2025-12-10T19:48:40.817547+00:00
50,1765396120.838465,2025-12-10T19:48:40.838470+00:00
51,1765396120.859257,2025-12-10T19:48:40.859262+00:00
52,1765396120.880175,2025-12-10T19:48:40.880178+00:00
53,1765396120.900804,2025-12-10T19:48:40.900827+00:00
54,1765396120.921746,2025-12-10T19:48:40.921751+00:00
55,1765396120.942343,2025-12-10T19:48:40.942353+00:00
56,1765396120.9597208,2025-12-10T19:48:40.959724+00:00
57,1765396120.980594,2025-12-10T19:48:40.980598+00:00
58,1765396121.0009,2025-12-10T19:48:41.000908+00:00
59,1765396121.020951,2025-12-10T19:48:41.020954+00:00
60,1765396121.041837,2025-12-10T19:48:41.041844+00:00
61,1765396121.0596008,2025-12-10T19:48:41.059606+00:00
62,1765396121.080488,2025-12-10T19:48:41.080497+00:00
63,1765396121.101106,2025-12-10T19:48:41.101113+00:00
64,1765396121.120573,2025-12-10T19:48:41.120578+00:00
65,1765396121.14145,2025-12-10T19:48:41.141455+00:00
66,1765396121.1618292,2025-12-10T19:48:41.161833+00:00
67,1765396121.182701,2025-12-10T19:48:41.182703+00:00
68,1765396121.200618,2025-12-10T19:48:41.200622+00:00
69,1765396121.217911,2025-12-10T19:48:41.217919+00:00
70,1765396121.238834,2025-12-10T19:48:41.238838+00:00
71,1765396121.261302,2025-12-10T19:48:41.261321+00:00
72,1765396121.2837162,2025-12-10T19:48:41.283724+00:00
73,1765396121.3007512,2025-12-10T19:48:41.300755+00:00
74,1765396121.3177989,2025-12-10T19:48:41.317803+00:00
75,1765396121.334958,2025-12-10T19:48:41.334979+00:00
76,1765396121.353529,2025-12-10T19:48:41.353536+00:00
77,1765396121.374454,2025-12-10T19:48:41.374458+00:00
78,1765396121.39216,2025-12-10T19:48:41.392164+00:00
79,1765396121.412653,2025-12-10T19:48:41.412727+00:00
80,1765396121.433611,2025-12-10T19:48:41.433617+00:00
81,1765396121.4545128,2025-12-10T19:48:41.454518+00:00
82,1765396121.473461,2025-12-10T19:48:41.473464+00:00
83,1765396121.4947011,2025-12-10T19:48:41.494721+00:00
84,1765396121.515667,2025-12-10T19:48:41.515674+00:00
85,1765396121.5370991,2025-12-10T19:48:41.537105+00:00
86,1765396121.555383,2025-12-10T19:48:41.555388+00:00
87,1765396121.575469,2025-12-10T19:48:41.575473+00:00
88,1765396121.593653,2025-12-10T19:48:41.593660+00:00
89,1765396121.613117,2025-12-10T19:48:41.613130+00:00
90,1765396121.63403,2025-12-10T19:48:41.634036+00:00
91,1765396121.654464,2025-12-10T19:48:41.654469+00:00
92,1765396121.673738,2025-12-10T19:48:41.673753+00:00
93,1765396121.692397,2025-12-10T19:48:41.692402+00:00
94,1765396121.710145,2025-12-10T19:48:41.710150+00:00
95,1765396121.729538,2025-12-10T19:48:41.729543+00:00
96,1765396121.747087,2025-12-10T19:48:41.747091+00:00
97,1765396121.76413,2025-12-10T19:48:41.764134+00:00
98,1765396121.781395,2025-12-10T19:48:41.781399+00:00
99,1765396121.802331,2025-12-10T19:48:41.802336+00:00
100,1765396121.823267,2025-12-10T19:48:41.823270+00:00
101,1765396121.844516,2025-12-10T19:48:41.844521+00:00
102,1765396121.861642,2025-12-10T19:48:41.861647+00:00
103,1765396121.8792498,2025-12-10T19:48:41.879255+00:00
104,1765396121.8993049,2025-12-10T19:48:41.899311+00:00
105,1765396121.9196951,2025-12-10T19:48:41.919701+00:00
106,1765396121.9385989,2025-12-10T19:48:41.938605+00:00
107,1765396121.955572,2025-12-10T19:48:41.955577+00:00
108,1765396121.9727008,2025-12-10T19:48:41.972706+00:00
109,1765396121.992438,2025-12-10T19:48:41.992439+00:00
110,1765396122.0132952,2025-12-10T19:48:42.013298+00:00
111,1765396122.031612,2025-12-10T19:48:42.031613+00:00
112,1765396122.0508878,2025-12-10T19:48:42.050892+00:00
113,1765396122.0687869,2025-12-10T19:48:42.068793+00:00
114,1765396122.0858061,2025-12-10T19:48:42.085807+00:00
115,1765396122.105532,2025-12-10T19:48:42.105534+00:00
116,1765396122.122421,2025-12-10T19:48:42.122422+00:00
117,1765396122.141734,2025-12-10T19:48:42.141740+00:00
118,1765396122.159408,2025-12-10T19:48:42.159412+00:00
119,1765396122.176209,2025-12-10T19:48:42.176213+00:00
120,1765396122.1950998,2025-12-10T19:48:42.195124+00:00
121,1765396122.2160032,2025-12-10T19:48:42.216003+00:00
122,1765396122.2338119,2025-12-10T19:48:42.233813+00:00
123,1765396122.253439,2025-12-10T19:48:42.253445+00:00
124,1765396122.2736719,2025-12-10T19:48:42.273676+00:00
125,1765396122.292043,2025-12-10T19:48:42.292045+00:00
126,1765396122.3092108,2025-12-10T19:48:42.309216+00:00
127,1765396122.32926,2025-12-10T19:48:42.329272+00:00
128,1765396122.349684,2025-12-10T19:48:42.349700+00:00
129,1765396122.367001,2025-12-10T19:48:42.367011+00:00
130,1765396122.3838668,2025-12-10T19:48:42.383872+00:00
131,1765396122.4047658,2025-12-10T19:48:42.404767+00:00
132,1765396122.4254348,2025-12-10T19:48:42.425437+00:00
133,1765396122.446315,2025-12-10T19:48:42.446317+00:00
134,1765396122.463509,2025-12-10T19:48:42.463511+00:00
135,1765396122.484372,2025-12-10T19:48:42.484375+00:00
136,1765396122.501291,2025-12-10T19:48:42.501291+00:00
137,1765396122.522144,2025-12-10T19:48:42.522146+00:00
138,1765396122.543023,2025-12-10T19:48:42.543027+00:00
139,1765396122.560504,2025-12-10T19:48:42.560506+00:00
140,1765396122.577352,2025-12-10T19:48:42.577357+00:00
141,1765396122.598277,2025-12-10T19:48:42.598280+00:00
142,1765396122.619151,2025-12-10T19:48:42.619152+00:00
143,1765396122.637148,2025-12-10T19:48:42.637150+00:00
144,1765396122.658006,2025-12-10T19:48:42.658007+00:00
145,1765396122.67552,2025-12-10T19:48:42.675521+00:00
146,1765396122.696374,2025-12-10T19:48:42.696376+00:00
147,1765396122.717233,2025-12-10T19:48:42.717237+00:00
148,1765396122.7371678,2025-12-10T19:48:42.737171+00:00
149,1765396122.755432,2025-12-10T19:48:42.755433+00:00
150,1765396122.7760792,2025-12-10T19:48:42.776084+00:00
151,1765396122.7969542,2025-12-10T19:48:42.796960+00:00
152,1765396122.8177469,2025-12-10T19:48:42.817748+00:00
153,1765396122.8366249,2025-12-10T19:48:42.836626+00:00
154,1765396122.857503,2025-12-10T19:48:42.857506+00:00
155,1765396122.8784,2025-12-10T19:48:42.878406+00:00
156,1765396122.89931,2025-12-10T19:48:42.899312+00:00
157,1765396122.917718,2025-12-10T19:48:42.917719+00:00
158,1765396122.938581,2025-12-10T19:48:42.938587+00:00
159,1765396122.957999,2025-12-10T19:48:42.958000+00:00
160,1765396122.9779358,2025-12-10T19:48:42.977937+00:00
161,1765396122.995766,2025-12-10T19:48:42.995767+00:00
162,1765396123.0152981,2025-12-10T19:48:43.015317+00:00
163,1765396123.037123,2025-12-10T19:48:43.037127+00:00
164,1765396123.0543349,2025-12-10T19:48:43.054340+00:00
165,1765396123.074441,2025-12-10T19:48:43.074445+00:00
166,1765396123.095314,2025-12-10T19:48:43.095318+00:00
167,1765396123.113606,2025-12-10T19:48:43.113607+00:00
168,1765396123.13266,2025-12-10T19:48:43.132660+00:00
169,1765396123.15227,2025-12-10T19:48:43.152272+00:00
170,1765396123.173145,2025-12-10T19:48:43.173145+00:00
171,1765396123.1908941,2025-12-10T19:48:43.190896+00:00
172,1765396123.2118,2025-12-10T19:48:43.211802+00:00
173,1765396123.232696,2025-12-10T19:48:43.232699+00:00
174,1765396123.2535849,2025-12-10T19:48:43.253590+00:00
175,1765396123.274258,2025-12-10T19:48:43.274265+00:00
176,1765396123.2912152,2025-12-10T19:48:43.291221+00:00
177,1765396123.3094232,2025-12-10T19:48:43.309425+00:00
178,1765396123.3302982,2025-12-10T19:48:43.330303+00:00
179,1765396123.351198,2025-12-10T19:48:43.351200+00:00
180,1765396123.37137,2025-12-10T19:48:43.371375+00:00
181,1765396123.392364,2025-12-10T19:48:43.392365+00:00
182,1765396123.410049,2025-12-10T19:48:43.410050+00:00
183,1765396123.430544,2025-12-10T19:48:43.430548+00:00
184,1765396123.4514198,2025-12-10T19:48:43.451423+00:00
185,1765396123.4722939,2025-12-10T19:48:43.472297+00:00
186,1765396123.493173,2025-12-10T19:48:43.493176+00:00
187,1765396123.511393,2025-12-10T19:48:43.511395+00:00
188,1765396123.532255,2025-12-10T19:48:43.532257+00:00
189,1765396123.549054,2025-12-10T19:48:43.549057+00:00
190,1765396123.568959,2025-12-10T19:48:43.568960+00:00
191,1765396123.589813,2025-12-10T19:48:43.589816+00:00
192,1765396123.609663,2025-12-10T19:48:43.609666+00:00
193,1765396123.630549,2025-12-10T19:48:43.630550+00:00
194,1765396123.649656,2025-12-10T19:48:43.649659+00:00
195,1765396123.667551,2025-12-10T19:48:43.667552+00:00
196,1765396123.686093,2025-12-10T19:48:43.686095+00:00
197,1765396123.7069418,2025-12-10T19:48:43.706943+00:00
198,1765396123.723681,2025-12-10T19:48:43.723683+00:00
199,1765396123.744541,2025-12-10T19:48:43.744545+00:00
200,1765396123.765424,2025-12-10T19:48:43.765428+00:00
201,1765396123.782793,2025-12-10T19:48:43.782801+00:00
202,1765396123.80372,2025-12-10T19:48:43.803725+00:00
203,1765396123.824266,2025-12-10T19:48:43.824269+00:00
204,1765396123.845147,2025-12-10T19:48:43.845149+00:00
205,1765396123.865794,2025-12-10T19:48:43.865799+00:00
206,1765396123.8830101,2025-12-10T19:48:43.883012+00:00
207,1765396123.9038742,2025-12-10T19:48:43.903879+00:00
208,1765396123.924543,2025-12-10T19:48:43.924544+00:00
209,1765396123.945405,2025-12-10T19:48:43.945407+00:00
210,1765396123.962247,2025-12-10T19:48:43.962250+00:00
211,1765396123.9822872,2025-12-10T19:48:43.982288+00:00
212,1765396124.005884,2025-12-10T19:48:44.005886+00:00
213,1765396124.0293791,2025-12-10T19:48:44.029386+00:00
214,1765396124.0463119,2025-12-10T19:48:44.046315+00:00
215,1765396124.067528,2025-12-10T19:48:44.067532+00:00
216,1765396124.0867698,2025-12-10T19:48:44.086774+00:00
217,1765396124.106215,2025-12-10T19:48:44.106222+00:00
218,1765396124.124749,2025-12-10T19:48:44.124753+00:00
219,1765396124.145636,2025-12-10T19:48:44.145637+00:00
220,1765396124.162994,2025-12-10T19:48:44.162997+00:00
221,1765396124.182009,2025-12-10T19:48:44.182010+00:00
222,1765396124.2012732,2025-12-10T19:48:44.201274+00:00
223,1765396124.2188318,2025-12-10T19:48:44.218834+00:00
224,1765396124.238546,2025-12-10T19:48:44.238553+00:00
225,1765396124.258934,2025-12-10T19:48:44.258936+00:00
226,1765396124.279804,2025-12-10T19:48:44.279810+00:00
227,1765396124.300139,2025-12-10T19:48:44.300143+00:00
228,1765396124.321013,2025-12-10T19:48:44.321016+00:00
229,1765396124.3418722,2025-12-10T19:48:44.341874+00:00
230,1765396124.3627362,2025-12-10T19:48:44.362737+00:00
231,1765396124.383083,2025-12-10T19:48:44.383083+00:00
232,1765396124.4007921,2025-12-10T19:48:44.400793+00:00
233,1765396124.42165,2025-12-10T19:48:44.421652+00:00
234,1765396124.4425201,2025-12-10T19:48:44.442523+00:00
235,1765396124.4634082,2025-12-10T19:48:44.463411+00:00
236,1765396124.484281,2025-12-10T19:48:44.484282+00:00
237,1765396124.502768,2025-12-10T19:48:44.502770+00:00
238,1765396124.519837,2025-12-10T19:48:44.519838+00:00
239,1765396124.540679,2025-12-10T19:48:44.540680+00:00
240,1765396124.5589812,2025-12-10T19:48:44.558983+00:00
241,1765396124.582336,2025-12-10T19:48:44.582338+00:00
242,1765396124.6013591,2025-12-10T19:48:44.601361+00:00
243,1765396124.621355,2025-12-10T19:48:44.621358+00:00
244,1765396124.6409202,2025-12-10T19:48:44.640925+00:00
245,1765396124.6590452,2025-12-10T19:48:44.659048+00:00
246,1765396124.679939,2025-12-10T19:48:44.679945+00:00
247,1765396124.700314,2025-12-10T19:48:44.700317+00:00
248,1765396124.717088,2025-12-10T19:48:44.717090+00:00
249,1765396124.735907,2025-12-10T19:48:44.735908+00:00
250,1765396124.753001,2025-12-10T19:48:44.753002+00:00
251,1765396124.7738519,2025-12-10T19:48:44.773854+00:00
252,1765396124.792168,2025-12-10T19:48:44.792171+00:00
253,1765396124.813028,2025-12-10T19:48:44.813030+00:00
254,1765396124.8337111,2025-12-10T19:48:44.833713+00:00
255,1765396124.8545868,2025-12-10T19:48:44.854590+00:00
256,1765396124.875459,2025-12-10T19:48:44.875460+00:00
257,1765396124.896309,2025-12-10T19:48:44.896310+00:00
258,1765396124.913664,2025-12-10T19:48:44.913667+00:00
259,1765396124.934408,2025-12-10T19:48:44.934411+00:00
260,1765396124.9552782,2025-12-10T19:48:44.955280+00:00
261,1765396124.975203,2025-12-10T19:48:44.975207+00:00
262,1765396124.993066,2025-12-10T19:48:44.993068+00:00
263,1765396125.0139258,2025-12-10T19:48:45.013927+00:00
264,1765396125.034789,2025-12-10T19:48:45.034794+00:00
265,1765396125.055686,2025-12-10T19:48:45.055689+00:00
266,1765396125.076548,2025-12-10T19:48:45.076549+00:00
267,1765396125.093809,2025-12-10T19:48:45.093811+00:00
268,1765396125.114678,2025-12-10T19:48:45.114681+00:00
269,1765396125.1355488,2025-12-10T19:48:45.135554+00:00
270,1765396125.1564429,2025-12-10T19:48:45.156446+00:00
271,1765396125.175043,2025-12-10T19:48:45.175044+00:00
272,1765396125.194425,2025-12-10T19:48:45.194428+00:00
273,1765396125.215295,2025-12-10T19:48:45.215297+00:00
274,1765396125.231991,2025-12-10T19:48:45.231992+00:00
275,1765396125.2497401,2025-12-10T19:48:45.249742+00:00
276,1765396125.270609,2025-12-10T19:48:45.270613+00:00
277,1765396125.291541,2025-12-10T19:48:45.291545+00:00
278,1765396125.308492,2025-12-10T19:48:45.308500+00:00
279,1765396125.329407,2025-12-10T19:48:45.329408+00:00
280,1765396125.350274,2025-12-10T19:48:45.350279+00:00
281,1765396125.371178,2025-12-10T19:48:45.371183+00:00
282,1765396125.392062,2025-12-10T19:48:45.392066+00:00
283,1765396125.409738,2025-12-10T19:48:45.409740+00:00
284,1765396125.4304252,2025-12-10T19:48:45.430429+00:00
285,1765396125.451222,2025-12-10T19:48:45.451228+00:00
286,1765396125.472131,2025-12-10T19:48:45.472133+00:00
287,1765396125.49299,2025-12-10T19:48:45.492992+00:00
288,1765396125.5127838,2025-12-10T19:48:45.512786+00:00
289,1765396125.5312629,2025-12-10T19:48:45.531266+00:00
290,1765396125.552151,2025-12-10T19:48:45.552156+00:00
291,1765396125.570136,2025-12-10T19:48:45.570138+00:00
292,1765396125.5910091,2025-12-10T19:48:45.591013+00:00
293,1765396125.608444,2025-12-10T19:48:45.608447+00:00
294,1765396125.629471,2025-12-10T19:48:45.629476+00:00
295,1765396125.649698,2025-12-10T19:48:45.649702+00:00
296,1765396125.671391,2025-12-10T19:48:45.671396+00:00
297,1765396125.6927412,2025-12-10T19:48:45.692745+00:00
298,1765396125.7123258,2025-12-10T19:48:45.712332+00:00
299,1765396125.733242,2025-12-10T19:48:45.733245+00:00
300,1765396125.754113,2025-12-10T19:48:45.754116+00:00
301,1765396125.773951,2025-12-10T19:48:45.773954+00:00
302,1765396125.791033,2025-12-10T19:48:45.791037+00:00
303,1765396125.8101912,2025-12-10T19:48:45.810196+00:00
304,1765396125.831101,2025-12-10T19:48:45.831102+00:00
305,1765396125.8507478,2025-12-10T19:48:45.850749+00:00
306,1765396125.871597,2025-12-10T19:48:45.871597+00:00
307,1765396125.892446,2025-12-10T19:48:45.892447+00:00
308,1765396125.913304,2025-12-10T19:48:45.913306+00:00
309,1765396125.933665,2025-12-10T19:48:45.933667+00:00
310,1765396125.951104,2025-12-10T19:48:45.951105+00:00
311,1765396125.971959,2025-12-10T19:48:45.971960+00:00
312,1765396125.9928179,2025-12-10T19:48:45.992819+00:00
313,1765396126.0136802,2025-12-10T19:48:46.013684+00:00
314,1765396126.034575,2025-12-10T19:48:46.034577+00:00
315,1765396126.0554729,2025-12-10T19:48:46.055478+00:00
316,1765396126.074624,2025-12-10T19:48:46.074629+00:00
317,1765396126.09376,2025-12-10T19:48:46.093764+00:00
318,1765396126.114634,2025-12-10T19:48:46.114635+00:00
319,1765396126.134464,2025-12-10T19:48:46.134468+00:00
320,1765396126.154641,2025-12-10T19:48:46.154642+00:00
321,1765396126.17518,2025-12-10T19:48:46.175186+00:00
322,1765396126.1961129,2025-12-10T19:48:46.196118+00:00
323,1765396126.213875,2025-12-10T19:48:46.213877+00:00
324,1765396126.23475,2025-12-10T19:48:46.234752+00:00
325,1765396126.25562,2025-12-10T19:48:46.255623+00:00
326,1765396126.276501,2025-12-10T19:48:46.276503+00:00
327,1765396126.2973728,2025-12-10T19:48:46.297383+00:00
328,1765396126.318281,2025-12-10T19:48:46.318285+00:00
329,1765396126.339191,2025-12-10T19:48:46.339196+00:00
330,1765396126.3594298,2025-12-10T19:48:46.359439+00:00
331,1765396126.3802571,2025-12-10T19:48:46.380262+00:00
332,1765396126.401077,2025-12-10T19:48:46.401079+00:00
333,1765396126.421945,2025-12-10T19:48:46.421948+00:00
334,1765396126.441643,2025-12-10T19:48:46.441645+00:00
335,1765396126.4625332,2025-12-10T19:48:46.462534+00:00
336,1765396126.483404,2025-12-10T19:48:46.483407+00:00
337,1765396126.50409,2025-12-10T19:48:46.504095+00:00
338,1765396126.5225348,2025-12-10T19:48:46.522536+00:00
339,1765396126.54339,2025-12-10T19:48:46.543394+00:00
340,1765396126.5603461,2025-12-10T19:48:46.560347+00:00
341,1765396126.577534,2025-12-10T19:48:46.577536+00:00
342,1765396126.5984,2025-12-10T19:48:46.598401+00:00
343,1765396126.6163452,2025-12-10T19:48:46.616366+00:00
344,1765396126.635226,2025-12-10T19:48:46.635228+00:00
345,1765396126.653756,2025-12-10T19:48:46.653758+00:00
346,1765396126.674633,2025-12-10T19:48:46.674634+00:00
347,1765396126.6954901,2025-12-10T19:48:46.695492+00:00
348,1765396126.713929,2025-12-10T19:48:46.713930+00:00
349,1765396126.7347908,2025-12-10T19:48:46.734792+00:00
350,1765396126.75567,2025-12-10T19:48:46.755675+00:00
351,1765396126.776562,2025-12-10T19:48:46.776563+00:00
352,1765396126.7974222,2025-12-10T19:48:46.797427+00:00
353,1765396126.816426,2025-12-10T19:48:46.816433+00:00
354,1765396126.836826,2025-12-10T19:48:46.836829+00:00
355,1765396126.857711,2025-12-10T19:48:46.857716+00:00
356,1765396126.87566,2025-12-10T19:48:46.875661+00:00
357,1765396126.896514,2025-12-10T19:48:46.896516+00:00
358,1765396126.9162319,2025-12-10T19:48:46.916235+00:00
359,1765396126.934433,2025-12-10T19:48:46.934434+00:00
360,1765396126.955295,2025-12-10T19:48:46.955298+00:00
361,1765396126.972916,2025-12-10T19:48:46.972917+00:00
362,1765396126.992926,2025-12-10T19:48:46.992926+00:00
363,1765396127.01371,2025-12-10T19:48:47.013713+00:00
364,1765396127.033343,2025-12-10T19:48:47.033344+00:00
365,1765396127.051111,2025-12-10T19:48:47.051114+00:00
366,1765396127.072002,2025-12-10T19:48:47.072007+00:00
367,1765396127.089895,2025-12-10T19:48:47.089898+00:00
368,1765396127.110771,2025-12-10T19:48:47.110773+00:00
369,1765396127.131646,2025-12-10T19:48:47.131648+00:00
370,1765396127.151681,2025-12-10T19:48:47.151682+00:00
371,1765396127.168598,2025-12-10T19:48:47.168600+00:00
372,1765396127.189467,2025-12-10T19:48:47.189468+00:00
373,1765396127.207805,2025-12-10T19:48:47.207806+00:00
374,1765396127.2266932,2025-12-10T19:48:47.226695+00:00
375,1765396127.2458801,2025-12-10T19:48:47.245882+00:00
376,1765396127.263181,2025-12-10T19:48:47.263184+00:00
377,1765396127.280622,2025-12-10T19:48:47.280623+00:00
378,1765396127.300673,2025-12-10T19:48:47.300675+00:00
379,1765396127.3209221,2025-12-10T19:48:47.320924+00:00
380,1765396127.3389819,2025-12-10T19:48:47.338983+00:00
381,1765396127.361726,2025-12-10T19:48:47.361729+00:00
382,1765396127.4043012,2025-12-10T19:48:47.404304+00:00
383,1765396127.428839,2025-12-10T19:48:47.428844+00:00
384,1765396127.449804,2025-12-10T19:48:47.449812+00:00
385,1765396127.46689,2025-12-10T19:48:47.466892+00:00
386,1765396127.4877608,2025-12-10T19:48:47.487764+00:00
387,1765396127.50801,2025-12-10T19:48:47.508012+00:00
388,1765396127.528862,2025-12-10T19:48:47.528863+00:00
389,1765396127.549618,2025-12-10T19:48:47.549619+00:00
390,1765396127.5685601,2025-12-10T19:48:47.568561+00:00
391,1765396127.589421,2025-12-10T19:48:47.589421+00:00
392,1765396127.6079092,2025-12-10T19:48:47.607910+00:00
393,1765396127.627372,2025-12-10T19:48:47.627374+00:00
394,1765396127.645728,2025-12-10T19:48:47.645730+00:00
395,1765396127.663017,2025-12-10T19:48:47.663022+00:00
396,1765396127.681636,2025-12-10T19:48:47.681638+00:00
397,1765396127.702497,2025-12-10T19:48:47.702498+00:00
398,1765396127.72335,2025-12-10T19:48:47.723355+00:00
399,1765396127.740722,2025-12-10T19:48:47.740723+00:00
400,1765396127.760758,2025-12-10T19:48:47.760759+00:00
401,1765396127.78161,2025-12-10T19:48:47.781611+00:00
402,1765396127.801554,2025-12-10T19:48:47.801557+00:00
403,1765396127.8224409,2025-12-10T19:48:47.822446+00:00
404,1765396127.841353,2025-12-10T19:48:47.841355+00:00
405,1765396127.861352,2025-12-10T19:48:47.861355+00:00
406,1765396127.882215,2025-12-10T19:48:47.882217+00:00
407,1765396127.901093,2025-12-10T19:48:47.901097+00:00
408,1765396127.9190772,2025-12-10T19:48:47.919082+00:00
409,1765396127.936115,2025-12-10T19:48:47.936118+00:00
410,1765396127.956403,2025-12-10T19:48:47.956405+00:00
411,1765396127.974019,2025-12-10T19:48:47.974022+00:00
412,1765396127.994889,2025-12-10T19:48:47.994891+00:00
413,1765396128.0171862,2025-12-10T19:48:48.017189+00:00
414,1765396128.036169,2025-12-10T19:48:48.036174+00:00
415,1765396128.05706,2025-12-10T19:48:48.057061+00:00
416,1765396128.0743291,2025-12-10T19:48:48.074332+00:00
417,1765396128.0952241,2025-12-10T19:48:48.095226+00:00
418,1765396128.115813,2025-12-10T19:48:48.115815+00:00
419,1765396128.1328561,2025-12-10T19:48:48.132858+00:00
420,1765396128.153731,2025-12-10T19:48:48.153736+00:00
421,1765396128.174046,2025-12-10T19:48:48.174049+00:00
422,1765396128.194922,2025-12-10T19:48:48.194924+00:00
423,1765396128.215629,2025-12-10T19:48:48.215631+00:00
424,1765396128.2341912,2025-12-10T19:48:48.234193+00:00
425,1765396128.2550569,2025-12-10T19:48:48.255059+00:00
426,1765396128.273857,2025-12-10T19:48:48.273858+00:00
427,1765396128.292691,2025-12-10T19:48:48.292692+00:00
428,1765396128.313601,2025-12-10T19:48:48.313605+00:00
429,1765396128.331253,2025-12-10T19:48:48.331256+00:00
430,1765396128.351111,2025-12-10T19:48:48.351115+00:00
431,1765396128.368767,2025-12-10T19:48:48.368769+00:00
432,1765396128.389635,2025-12-10T19:48:48.389639+00:00
433,1765396128.4070542,2025-12-10T19:48:48.407056+00:00
434,1765396128.426116,2025-12-10T19:48:48.426119+00:00
435,1765396128.446909,2025-12-10T19:48:48.446912+00:00
436,1765396128.4677792,2025-12-10T19:48:48.467780+00:00
437,1765396128.488645,2025-12-10T19:48:48.488650+00:00
438,1765396128.509557,2025-12-10T19:48:48.509560+00:00
439,1765396128.5304372,2025-12-10T19:48:48.530440+00:00
440,1765396128.551331,2025-12-10T19:48:48.551335+00:00
441,1765396128.568204,2025-12-10T19:48:48.568205+00:00
442,1765396128.586835,2025-12-10T19:48:48.586839+00:00
443,1765396128.606242,2025-12-10T19:48:48.606246+00:00
444,1765396128.627164,2025-12-10T19:48:48.627165+00:00
445,1765396128.648035,2025-12-10T19:48:48.648039+00:00
446,1765396128.668931,2025-12-10T19:48:48.668936+00:00
447,1765396128.6860049,2025-12-10T19:48:48.686007+00:00
448,1765396128.7068748,2025-12-10T19:48:48.706880+00:00
449,1765396128.727792,2025-12-10T19:48:48.727795+00:00
450,1765396128.748671,2025-12-10T19:48:48.748673+00:00
451,1765396128.766102,2025-12-10T19:48:48.766106+00:00
452,1765396128.786989,2025-12-10T19:48:48.786990+00:00
453,1765396128.804409,2025-12-10T19:48:48.804410+00:00
454,1765396128.82526,2025-12-10T19:48:48.825263+00:00
455,1765396128.846134,2025-12-10T19:48:48.846139+00:00
456,1765396128.8647501,2025-12-10T19:48:48.864751+00:00
457,1765396128.884435,2025-12-10T19:48:48.884435+00:00
458,1765396128.905292,2025-12-10T19:48:48.905293+00:00
459,1765396128.926101,2025-12-10T19:48:48.926102+00:00
460,1765396128.946964,2025-12-10T19:48:48.946967+00:00
461,1765396128.9639459,2025-12-10T19:48:48.963947+00:00
462,1765396128.9848042,2025-12-10T19:48:48.984806+00:00
463,1765396129.001627,2025-12-10T19:48:49.001629+00:00
464,1765396129.022491,2025-12-10T19:48:49.022491+00:00
465,1765396129.043355,2025-12-10T19:48:49.043360+00:00
466,1765396129.064021,2025-12-10T19:48:49.064023+00:00
467,1765396129.080811,2025-12-10T19:48:49.080813+00:00
468,1765396129.099818,2025-12-10T19:48:49.099821+00:00
469,1765396129.1207218,2025-12-10T19:48:49.120728+00:00
470,1765396129.140569,2025-12-10T19:48:49.140573+00:00
471,1765396129.1614442,2025-12-10T19:48:49.161445+00:00
472,1765396129.1822898,2025-12-10T19:48:49.182291+00:00
473,1765396129.2031481,2025-12-10T19:48:49.203151+00:00
474,1765396129.2237482,2025-12-10T19:48:49.223751+00:00
475,1765396129.241157,2025-12-10T19:48:49.241160+00:00
476,1765396129.259376,2025-12-10T19:48:49.259378+00:00
477,1765396129.277695,2025-12-10T19:48:49.277696+00:00
478,1765396129.297487,2025-12-10T19:48:49.297489+00:00
479,1765396129.318364,2025-12-10T19:48:49.318367+00:00
480,1765396129.336704,2025-12-10T19:48:49.336713+00:00
481,1765396129.357611,2025-12-10T19:48:49.357616+00:00
482,1765396129.377246,2025-12-10T19:48:49.377248+00:00
483,1765396129.3981051,2025-12-10T19:48:49.398108+00:00
484,1765396129.415942,2025-12-10T19:48:49.415951+00:00
485,1765396129.4368541,2025-12-10T19:48:49.436859+00:00
486,1765396129.4574988,2025-12-10T19:48:49.457500+00:00
487,1765396129.478404,2025-12-10T19:48:49.478408+00:00
488,1765396129.4992871,2025-12-10T19:48:49.499290+00:00
489,1765396129.5201569,2025-12-10T19:48:49.520158+00:00
490,1765396129.53988,2025-12-10T19:48:49.539881+00:00
491,1765396129.5607429,2025-12-10T19:48:49.560744+00:00
492,1765396129.5816169,2025-12-10T19:48:49.581619+00:00
493,1765396129.59855,2025-12-10T19:48:49.598550+00:00
494,1765396129.615415,2025-12-10T19:48:49.615420+00:00
495,1765396129.636097,2025-12-10T19:48:49.636100+00:00
496,1765396129.656966,2025-12-10T19:48:49.656967+00:00
497,1765396129.677842,2025-12-10T19:48:49.677846+00:00
498,1765396129.6969001,2025-12-10T19:48:49.696903+00:00
499,1765396129.717794,2025-12-10T19:48:49.717800+00:00
500,1765396129.736373,2025-12-10T19:48:49.736376+00:00
501,1765396129.756974,2025-12-10T19:48:49.756974+00:00
502,1765396129.777837,2025-12-10T19:48:49.777842+00:00
503,1765396129.798739,2025-12-10T19:48:49.798741+00:00
504,1765396129.8195999,2025-12-10T19:48:49.819603+00:00
505,1765396129.840477,2025-12-10T19:48:49.840478+00:00
506,1765396129.859458,2025-12-10T19:48:49.859461+00:00
507,1765396129.8803442,2025-12-10T19:48:49.880345+00:00
508,1765396129.901199,2025-12-10T19:48:49.901200+00:00
509,1765396129.92206,2025-12-10T19:48:49.922062+00:00
510,1765396129.940846,2025-12-10T19:48:49.940847+00:00
511,1765396129.9594681,2025-12-10T19:48:49.959472+00:00
512,1765396129.977227,2025-12-10T19:48:49.977228+00:00
513,1765396129.998089,2025-12-10T19:48:49.998092+00:00
514,1765396130.018974,2025-12-10T19:48:50.018978+00:00
515,1765396130.036659,2025-12-10T19:48:50.036660+00:00
516,1765396130.0570471,2025-12-10T19:48:50.057052+00:00
517,1765396130.077975,2025-12-10T19:48:50.077979+00:00
518,1765396130.098856,2025-12-10T19:48:50.098858+00:00
519,1765396130.117802,2025-12-10T19:48:50.117804+00:00
520,1765396130.137959,2025-12-10T19:48:50.137960+00:00
521,1765396130.158815,2025-12-10T19:48:50.158817+00:00
522,1765396130.179688,2025-12-10T19:48:50.179690+00:00
523,1765396130.2005482,2025-12-10T19:48:50.200549+00:00
524,1765396130.217576,2025-12-10T19:48:50.217579+00:00
525,1765396130.238454,2025-12-10T19:48:50.238455+00:00
526,1765396130.255362,2025-12-10T19:48:50.255366+00:00
527,1765396130.276261,2025-12-10T19:48:50.276264+00:00
528,1765396130.29337,2025-12-10T19:48:50.293373+00:00
529,1765396130.313199,2025-12-10T19:48:50.313202+00:00
530,1765396130.333502,2025-12-10T19:48:50.333504+00:00
531,1765396130.353825,2025-12-10T19:48:50.353829+00:00
532,1765396130.3747149,2025-12-10T19:48:50.374716+00:00
533,1765396130.392802,2025-12-10T19:48:50.392806+00:00
534,1765396130.413708,2025-12-10T19:48:50.413711+00:00
535,1765396130.434446,2025-12-10T19:48:50.434447+00:00
536,1765396130.45311,2025-12-10T19:48:50.453112+00:00
537,1765396130.473984,2025-12-10T19:48:50.473985+00:00
538,1765396130.494838,2025-12-10T19:48:50.494839+00:00
539,1765396130.5143821,2025-12-10T19:48:50.514389+00:00
540,1765396130.535285,2025-12-10T19:48:50.535288+00:00
541,1765396130.556158,2025-12-10T19:48:50.556159+00:00
542,1765396130.573963,2025-12-10T19:48:50.573963+00:00
543,1765396130.594814,2025-12-10T19:48:50.594818+00:00
544,1765396130.612512,2025-12-10T19:48:50.612517+00:00
545,1765396130.6299,2025-12-10T19:48:50.629900+00:00
546,1765396130.6507509,2025-12-10T19:48:50.650752+00:00
547,1765396130.6716192,2025-12-10T19:48:50.671621+00:00
548,1765396130.69251,2025-12-10T19:48:50.692511+00:00
549,1765396130.7123032,2025-12-10T19:48:50.712304+00:00
550,1765396130.733163,2025-12-10T19:48:50.733164+00:00
551,1765396130.754022,2025-12-10T19:48:50.754024+00:00
552,1765396130.774882,2025-12-10T19:48:50.774884+00:00
553,1765396130.795753,2025-12-10T19:48:50.795754+00:00
554,1765396130.8166132,2025-12-10T19:48:50.816615+00:00
555,1765396130.8351119,2025-12-10T19:48:50.835116+00:00
556,1765396130.8529642,2025-12-10T19:48:50.852969+00:00
557,1765396130.872135,2025-12-10T19:48:50.872138+00:00
558,1765396130.89205,2025-12-10T19:48:50.892052+00:00
559,1765396130.9124632,2025-12-10T19:48:50.912467+00:00
560,1765396130.93336,2025-12-10T19:48:50.933362+00:00
561,1765396130.9511309,2025-12-10T19:48:50.951131+00:00
562,1765396130.969868,2025-12-10T19:48:50.969869+00:00
563,1765396130.99072,2025-12-10T19:48:50.990728+00:00
564,1765396131.011625,2025-12-10T19:48:51.011627+00:00
565,1765396131.03249,2025-12-10T19:48:51.032491+00:00
566,1765396131.051,2025-12-10T19:48:51.051001+00:00
567,1765396131.0685692,2025-12-10T19:48:51.068570+00:00
568,1765396131.088844,2025-12-10T19:48:51.088846+00:00
569,1765396131.107549,2025-12-10T19:48:51.107549+00:00
570,1765396131.124994,2025-12-10T19:48:51.124995+00:00
571,1765396131.145854,2025-12-10T19:48:51.145855+00:00
572,1765396131.1667001,2025-12-10T19:48:51.166701+00:00
573,1765396131.187555,2025-12-10T19:48:51.187557+00:00
574,1765396131.2084138,2025-12-10T19:48:51.208415+00:00
575,1765396131.229285,2025-12-10T19:48:51.229290+00:00
576,1765396131.24986,2025-12-10T19:48:51.249861+00:00
577,1765396131.2678468,2025-12-10T19:48:51.267849+00:00
578,1765396131.286413,2025-12-10T19:48:51.286418+00:00
579,1765396131.304089,2025-12-10T19:48:51.304092+00:00
580,1765396131.3246741,2025-12-10T19:48:51.324678+00:00
581,1765396131.34271,2025-12-10T19:48:51.342713+00:00
582,1765396131.3601248,2025-12-10T19:48:51.360130+00:00
583,1765396131.381015,2025-12-10T19:48:51.381016+00:00
584,1765396131.39987,2025-12-10T19:48:51.399871+00:00
585,1765396131.419811,2025-12-10T19:48:51.419813+00:00
586,1765396131.441104,2025-12-10T19:48:51.441105+00:00
587,1765396131.458804,2025-12-10T19:48:51.458806+00:00
588,1765396131.4761221,2025-12-10T19:48:51.476123+00:00
589,1765396131.49697,2025-12-10T19:48:51.496970+00:00
590,1765396131.517828,2025-12-10T19:48:51.517830+00:00
591,1765396131.538692,2025-12-10T19:48:51.538692+00:00
592,1765396131.5579321,2025-12-10T19:48:51.557934+00:00
593,1765396131.578808,2025-12-10T19:48:51.578810+00:00
594,1765396131.59952,2025-12-10T19:48:51.599521+00:00
595,1765396131.620366,2025-12-10T19:48:51.620366+00:00
596,1765396131.641112,2025-12-10T19:48:51.641112+00:00
597,1765396131.661972,2025-12-10T19:48:51.661976+00:00
598,1765396131.682719,2025-12-10T19:48:51.682722+00:00
599,1765396131.700366,2025-12-10T19:48:51.700371+00:00
600,1765396131.721261,2025-12-10T19:48:51.721263+00:00
601,1765396131.7409291,2025-12-10T19:48:51.740931+00:00
602,1765396131.7617989,2025-12-10T19:48:51.761805+00:00
603,1765396131.782706,2025-12-10T19:48:51.782708+00:00
604,1765396131.802908,2025-12-10T19:48:51.802909+00:00
605,1765396131.8203762,2025-12-10T19:48:51.820378+00:00
606,1765396131.840838,2025-12-10T19:48:51.840841+00:00
607,1765396131.8589609,2025-12-10T19:48:51.858962+00:00
608,1765396131.87981,2025-12-10T19:48:51.879811+00:00
609,1765396131.900657,2025-12-10T19:48:51.900658+00:00
610,1765396131.9215071,2025-12-10T19:48:51.921508+00:00
611,1765396131.941205,2025-12-10T19:48:51.941206+00:00
612,1765396131.959303,2025-12-10T19:48:51.959306+00:00
613,1765396131.977781,2025-12-10T19:48:51.977781+00:00
614,1765396131.998005,2025-12-10T19:48:51.998005+00:00
615,1765396132.0161102,2025-12-10T19:48:52.016111+00:00
616,1765396132.0369668,2025-12-10T19:48:52.036967+00:00
617,1765396132.0576682,2025-12-10T19:48:52.057668+00:00
618,1765396132.074764,2025-12-10T19:48:52.074764+00:00
619,1765396132.095621,2025-12-10T19:48:52.095622+00:00
620,1765396132.116487,2025-12-10T19:48:52.116490+00:00
621,1765396132.134758,2025-12-10T19:48:52.134760+00:00
622,1765396132.155626,2025-12-10T19:48:52.155626+00:00
623,1765396132.1742148,2025-12-10T19:48:52.174216+00:00
624,1765396132.195072,2025-12-10T19:48:52.195073+00:00
625,1765396132.215316,2025-12-10T19:48:52.215320+00:00
626,1765396132.2362182,2025-12-10T19:48:52.236221+00:00
627,1765396132.257092,2025-12-10T19:48:52.257095+00:00
628,1765396132.277958,2025-12-10T19:48:52.277968+00:00
629,1765396132.2988732,2025-12-10T19:48:52.298879+00:00
630,1765396132.319786,2025-12-10T19:48:52.319791+00:00
631,1765396132.3398678,2025-12-10T19:48:52.339870+00:00
632,1765396132.3594618,2025-12-10T19:48:52.359464+00:00
633,1765396132.380318,2025-12-10T19:48:52.380320+00:00
634,1765396132.3992052,2025-12-10T19:48:52.399206+00:00
635,1765396132.4178948,2025-12-10T19:48:52.417896+00:00
636,1765396132.438755,2025-12-10T19:48:52.438757+00:00
637,1765396132.45772,2025-12-10T19:48:52.457720+00:00
638,1765396132.475444,2025-12-10T19:48:52.475446+00:00
639,1765396132.49632,2025-12-10T19:48:52.496320+00:00
640,1765396132.515507,2025-12-10T19:48:52.515511+00:00
641,1765396132.532589,2025-12-10T19:48:52.532590+00:00
642,1765396132.553455,2025-12-10T19:48:52.553461+00:00
643,1765396132.573007,2025-12-10T19:48:52.573007+00:00
644,1765396132.5897,2025-12-10T19:48:52.589704+00:00
645,1765396132.609376,2025-12-10T19:48:52.609376+00:00
646,1765396132.626666,2025-12-10T19:48:52.626671+00:00
647,1765396132.647559,2025-12-10T19:48:52.647561+00:00
648,1765396132.667546,2025-12-10T19:48:52.667547+00:00
649,1765396132.684802,2025-12-10T19:48:52.684805+00:00
650,1765396132.7037098,2025-12-10T19:48:52.703712+00:00
651,1765396132.724617,2025-12-10T19:48:52.724618+00:00
652,1765396132.741722,2025-12-10T19:48:52.741727+00:00
653,1765396132.761218,2025-12-10T19:48:52.761223+00:00
654,1765396132.7821069,2025-12-10T19:48:52.782109+00:00
655,1765396132.801085,2025-12-10T19:48:52.801089+00:00
656,1765396132.821192,2025-12-10T19:48:52.821195+00:00
657,1765396132.84207,2025-12-10T19:48:52.842072+00:00
658,1765396132.859475,2025-12-10T19:48:52.859476+00:00
659,1765396132.878419,2025-12-10T19:48:52.878422+00:00
660,1765396132.8992991,2025-12-10T19:48:52.899300+00:00
661,1765396132.917817,2025-12-10T19:48:52.917819+00:00
662,1765396132.938686,2025-12-10T19:48:52.938687+00:00
663,1765396132.9595442,2025-12-10T19:48:52.959545+00:00
664,1765396132.976392,2025-12-10T19:48:52.976392+00:00
665,1765396132.997239,2025-12-10T19:48:52.997240+00:00
666,1765396133.014472,2025-12-10T19:48:53.014474+00:00
667,1765396133.032632,2025-12-10T19:48:53.032639+00:00
668,1765396133.0535119,2025-12-10T19:48:53.053514+00:00
669,1765396133.0741482,2025-12-10T19:48:53.074149+00:00
670,1765396133.094887,2025-12-10T19:48:53.094891+00:00
671,1765396133.115787,2025-12-10T19:48:53.115788+00:00
672,1765396133.136307,2025-12-10T19:48:53.136308+00:00
673,1765396133.15584,2025-12-10T19:48:53.155845+00:00
674,1765396133.173995,2025-12-10T19:48:53.173997+00:00
675,1765396133.194865,2025-12-10T19:48:53.194866+00:00
676,1765396133.2155972,2025-12-10T19:48:53.215602+00:00
677,1765396133.236477,2025-12-10T19:48:53.236481+00:00
678,1765396133.257333,2025-12-10T19:48:53.257334+00:00
679,1765396133.2781959,2025-12-10T19:48:53.278197+00:00
680,1765396133.298802,2025-12-10T19:48:53.298805+00:00
681,1765396133.318182,2025-12-10T19:48:53.318183+00:00
682,1765396133.339037,2025-12-10T19:48:53.339040+00:00
683,1765396133.3579462,2025-12-10T19:48:53.357964+00:00
684,1765396133.37886,2025-12-10T19:48:53.378865+00:00
685,1765396133.399497,2025-12-10T19:48:53.399499+00:00
686,1765396133.4165802,2025-12-10T19:48:53.416584+00:00
687,1765396133.43972,2025-12-10T19:48:53.439726+00:00
688,1765396133.4606001,2025-12-10T19:48:53.460603+00:00
689,1765396133.481481,2025-12-10T19:48:53.481483+00:00
690,1765396133.499454,2025-12-10T19:48:53.499457+00:00
691,1765396133.520336,2025-12-10T19:48:53.520338+00:00
692,1765396133.5403452,2025-12-10T19:48:53.540356+00:00
693,1765396133.5582871,2025-12-10T19:48:53.558289+00:00
694,1765396133.575134,2025-12-10T19:48:53.575135+00:00
695,1765396133.595998,2025-12-10T19:48:53.596000+00:00
696,1765396133.6143,2025-12-10T19:48:53.614304+00:00
697,1765396133.632394,2025-12-10T19:48:53.632397+00:00
698,1765396133.653331,2025-12-10T19:48:53.653335+00:00
699,1765396133.673975,2025-12-10T19:48:53.673976+00:00
700,1765396133.691252,2025-12-10T19:48:53.691258+00:00
701,1765396133.7097821,2025-12-10T19:48:53.709788+00:00
702,1765396133.730686,2025-12-10T19:48:53.730688+00:00
703,1765396133.7515678,2025-12-10T19:48:53.751572+00:00
704,1765396133.7686882,2025-12-10T19:48:53.768690+00:00
705,1765396133.78958,2025-12-10T19:48:53.789582+00:00
706,1765396133.8075159,2025-12-10T19:48:53.807517+00:00
707,1765396133.827731,2025-12-10T19:48:53.827736+00:00
708,1765396133.8486211,2025-12-10T19:48:53.848624+00:00
709,1765396133.867894,2025-12-10T19:48:53.867899+00:00
710,1765396133.888808,2025-12-10T19:48:53.888813+00:00
711,1765396133.906967,2025-12-10T19:48:53.906968+00:00
712,1765396133.9274619,2025-12-10T19:48:53.927466+00:00
713,1765396133.948371,2025-12-10T19:48:53.948373+00:00
714,1765396133.9656708,2025-12-10T19:48:53.965674+00:00
715,1765396133.98657,2025-12-10T19:48:53.986571+00:00
716,1765396134.007432,2025-12-10T19:48:54.007433+00:00
717,1765396134.024746,2025-12-10T19:48:54.024747+00:00
718,1765396134.045595,2025-12-10T19:48:54.045595+00:00
719,1765396134.062693,2025-12-10T19:48:54.062695+00:00
720,1765396134.083404,2025-12-10T19:48:54.083407+00:00
721,1765396134.104285,2025-12-10T19:48:54.104289+00:00
722,1765396134.1245298,2025-12-10T19:48:54.124533+00:00
723,1765396134.1454048,2025-12-10T19:48:54.145407+00:00
724,1765396134.1645608,2025-12-10T19:48:54.164565+00:00
725,1765396134.185471,2025-12-10T19:48:54.185474+00:00
726,1765396134.206342,2025-12-10T19:48:54.206342+00:00
727,1765396134.2239518,2025-12-10T19:48:54.223954+00:00
728,1765396134.244818,2025-12-10T19:48:54.244821+00:00
729,1765396134.2656882,2025-12-10T19:48:54.265689+00:00
730,1765396134.2862551,2025-12-10T19:48:54.286257+00:00
731,1765396134.303002,2025-12-10T19:48:54.303005+00:00
732,1765396134.323731,2025-12-10T19:48:54.323732+00:00
733,1765396134.3436868,2025-12-10T19:48:54.343687+00:00
734,1765396134.364553,2025-12-10T19:48:54.364560+00:00
735,1765396134.3854651,2025-12-10T19:48:54.385467+00:00
736,1765396134.406343,2025-12-10T19:48:54.406344+00:00
737,1765396134.4261498,2025-12-10T19:48:54.426152+00:00
738,1765396134.44577,2025-12-10T19:48:54.445772+00:00
739,1765396134.4663649,2025-12-10T19:48:54.466367+00:00
740,1765396134.4872792,2025-12-10T19:48:54.487281+00:00
741,1765396134.506359,2025-12-10T19:48:54.506361+00:00
742,1765396134.523787,2025-12-10T19:48:54.523789+00:00
743,1765396134.544671,2025-12-10T19:48:54.544673+00:00
744,1765396134.5655491,2025-12-10T19:48:54.565554+00:00
745,1765396134.58248,2025-12-10T19:48:54.582483+00:00
746,1765396134.599493,2025-12-10T19:48:54.599494+00:00
747,1765396134.6203399,2025-12-10T19:48:54.620341+00:00
748,1765396134.640735,2025-12-10T19:48:54.640736+00:00
749,1765396134.66159,2025-12-10T19:48:54.661592+00:00
750,1765396134.682312,2025-12-10T19:48:54.682314+00:00
751,1765396134.70319,2025-12-10T19:48:54.703195+00:00
752,1765396134.7206998,2025-12-10T19:48:54.720703+00:00
753,1765396134.7397351,2025-12-10T19:48:54.739735+00:00
754,1765396134.760659,2025-12-10T19:48:54.760661+00:00
755,1765396134.777956,2025-12-10T19:48:54.777958+00:00
756,1765396134.798837,2025-12-10T19:48:54.798838+00:00
757,1765396134.8165429,2025-12-10T19:48:54.816547+00:00
758,1765396134.837429,2025-12-10T19:48:54.837433+00:00
759,1765396134.854846,2025-12-10T19:48:54.854848+00:00
760,1765396134.874573,2025-12-10T19:48:54.874576+00:00
761,1765396134.89521,2025-12-10T19:48:54.895215+00:00
762,1765396134.916092,2025-12-10T19:48:54.916095+00:00
763,1765396134.9345028,2025-12-10T19:48:54.934506+00:00
764,1765396134.95204,2025-12-10T19:48:54.952041+00:00
765,1765396134.9728901,2025-12-10T19:48:54.972891+00:00
766,1765396134.9920819,2025-12-10T19:48:54.992084+00:00
767,1765396135.0092428,2025-12-10T19:48:55.009245+00:00
768,1765396135.026625,2025-12-10T19:48:55.026628+00:00
769,1765396135.044124,2025-12-10T19:48:55.044126+00:00
770,1765396135.064992,2025-12-10T19:48:55.064994+00:00
771,1765396135.083317,2025-12-10T19:48:55.083319+00:00
772,1765396135.104197,2025-12-10T19:48:55.104201+00:00
773,1765396135.125084,2025-12-10T19:48:55.125085+00:00
774,1765396135.14593,2025-12-10T19:48:55.145931+00:00
775,1765396135.166522,2025-12-10T19:48:55.166524+00:00
776,1765396135.1874099,2025-12-10T19:48:55.187414+00:00
777,1765396135.2081091,2025-12-10T19:48:55.208111+00:00
778,1765396135.228541,2025-12-10T19:48:55.228543+00:00
779,1765396135.249413,2025-12-10T19:48:55.249417+00:00
780,1765396135.266238,2025-12-10T19:48:55.266241+00:00
781,1765396135.282979,2025-12-10T19:48:55.282980+00:00
782,1765396135.30383,2025-12-10T19:48:55.303831+00:00
783,1765396135.3246899,2025-12-10T19:48:55.324692+00:00
784,1765396135.345557,2025-12-10T19:48:55.345559+00:00
785,1765396135.366192,2025-12-10T19:48:55.366195+00:00
786,1765396135.384492,2025-12-10T19:48:55.384495+00:00
787,1765396135.405371,2025-12-10T19:48:55.405372+00:00
788,1765396135.425018,2025-12-10T19:48:55.425037+00:00
789,1765396135.4428349,2025-12-10T19:48:55.442837+00:00
790,1765396135.46371,2025-12-10T19:48:55.463713+00:00
791,1765396135.4809642,2025-12-10T19:48:55.480966+00:00
792,1765396135.501172,2025-12-10T19:48:55.501174+00:00
793,1765396135.518659,2025-12-10T19:48:55.518661+00:00
794,1765396135.539524,2025-12-10T19:48:55.539524+00:00
795,1765396135.55813,2025-12-10T19:48:55.558132+00:00
796,1765396135.579011,2025-12-10T19:48:55.579013+00:00
797,1765396135.5998862,2025-12-10T19:48:55.599891+00:00
798,1765396135.6194718,2025-12-10T19:48:55.619584+00:00
799,1765396135.637252,2025-12-10T19:48:55.637258+00:00
800,1765396135.6578329,2025-12-10T19:48:55.657843+00:00
801,1765396135.676267,2025-12-10T19:48:55.676272+00:00
802,1765396135.69717,2025-12-10T19:48:55.697177+00:00
803,1765396135.718079,2025-12-10T19:48:55.718081+00:00
804,1765396135.735578,2025-12-10T19:48:55.735579+00:00
805,1765396135.75441,2025-12-10T19:48:55.754411+00:00
806,1765396135.774994,2025-12-10T19:48:55.775011+00:00
807,1765396135.7920809,2025-12-10T19:48:55.792084+00:00
808,1765396135.812781,2025-12-10T19:48:55.812785+00:00
809,1765396135.8304372,2025-12-10T19:48:55.830438+00:00
810,1765396135.851289,2025-12-10T19:48:55.851290+00:00
811,1765396135.868609,2025-12-10T19:48:55.868616+00:00
812,1765396135.889515,2025-12-10T19:48:55.889518+00:00
813,1765396135.9103801,2025-12-10T19:48:55.910385+00:00
814,1765396135.9312901,2025-12-10T19:48:55.931293+00:00
815,1765396135.952171,2025-12-10T19:48:55.952172+00:00
816,1765396135.9708202,2025-12-10T19:48:55.970824+00:00
817,1765396135.991715,2025-12-10T19:48:55.991716+00:00
818,1765396136.0120032,2025-12-10T19:48:56.012008+00:00
819,1765396136.0297668,2025-12-10T19:48:56.029770+00:00
820,1765396136.050648,2025-12-10T19:48:56.050649+00:00
821,1765396136.068662,2025-12-10T19:48:56.068665+00:00
822,1765396136.089549,2025-12-10T19:48:56.089553+00:00
823,1765396136.1073148,2025-12-10T19:48:56.107321+00:00
824,1765396136.124496,2025-12-10T19:48:56.124497+00:00
825,1765396136.14273,2025-12-10T19:48:56.142732+00:00
826,1765396136.163584,2025-12-10T19:48:56.163585+00:00
827,1765396136.184436,2025-12-10T19:48:56.184439+00:00
828,1765396136.2053099,2025-12-10T19:48:56.205311+00:00
829,1765396136.226159,2025-12-10T19:48:56.226161+00:00
830,1765396136.247099,2025-12-10T19:48:56.247103+00:00
831,1765396136.265447,2025-12-10T19:48:56.265449+00:00
832,1765396136.2826638,2025-12-10T19:48:56.282669+00:00
833,1765396136.303583,2025-12-10T19:48:56.303587+00:00
834,1765396136.323966,2025-12-10T19:48:56.323967+00:00
835,1765396136.342062,2025-12-10T19:48:56.342064+00:00
836,1765396136.362941,2025-12-10T19:48:56.362946+00:00
837,1765396136.383997,2025-12-10T19:48:56.384001+00:00
838,1765396136.404892,2025-12-10T19:48:56.404894+00:00
839,1765396136.4257522,2025-12-10T19:48:56.425753+00:00
840,1765396136.442842,2025-12-10T19:48:56.442846+00:00
841,1765396136.463767,2025-12-10T19:48:56.463769+00:00
842,1765396136.484653,2025-12-10T19:48:56.484658+00:00
843,1765396136.503353,2025-12-10T19:48:56.503355+00:00
844,1765396136.524232,2025-12-10T19:48:56.524235+00:00
845,1765396136.5451221,2025-12-10T19:48:56.545124+00:00
846,1765396136.566022,2025-12-10T19:48:56.566027+00:00
847,1765396136.5829802,2025-12-10T19:48:56.582981+00:00
848,1765396136.603843,2025-12-10T19:48:56.603847+00:00
849,1765396136.622758,2025-12-10T19:48:56.622761+00:00
850,1765396136.6413481,2025-12-10T19:48:56.641354+00:00
851,1765396136.6613,2025-12-10T19:48:56.661301+00:00
852,1765396136.6821618,2025-12-10T19:48:56.682163+00:00
853,1765396136.6996531,2025-12-10T19:48:56.699654+00:00
854,1765396136.7205172,2025-12-10T19:48:56.720518+00:00
855,1765396136.741377,2025-12-10T19:48:56.741378+00:00
856,1765396136.76224,2025-12-10T19:48:56.762244+00:00
857,1765396136.7827919,2025-12-10T19:48:56.782793+00:00
858,1765396136.803654,2025-12-10T19:48:56.803654+00:00
859,1765396136.820917,2025-12-10T19:48:56.820917+00:00
860,1765396136.841762,2025-12-10T19:48:56.841763+00:00
861,1765396136.860872,2025-12-10T19:48:56.860873+00:00
862,1765396136.879099,2025-12-10T19:48:56.879105+00:00
863,1765396136.900002,2025-12-10T19:48:56.900006+00:00
864,1765396136.917021,2025-12-10T19:48:56.917023+00:00
865,1765396136.934525,2025-12-10T19:48:56.934527+00:00
866,1765396136.955425,2025-12-10T19:48:56.955428+00:00
867,1765396136.976183,2025-12-10T19:48:56.976186+00:00
868,1765396136.9947982,2025-12-10T19:48:56.994801+00:00
869,1765396137.0156631,2025-12-10T19:48:57.015663+00:00
870,1765396137.034517,2025-12-10T19:48:57.034525+00:00
871,1765396137.055433,2025-12-10T19:48:57.055435+00:00
872,1765396137.074608,2025-12-10T19:48:57.074609+00:00
873,1765396137.095464,2025-12-10T19:48:57.095467+00:00
874,1765396137.1142669,2025-12-10T19:48:57.114270+00:00
875,1765396137.135138,2025-12-10T19:48:57.135139+00:00
876,1765396137.1538272,2025-12-10T19:48:57.153829+00:00
877,1765396137.174387,2025-12-10T19:48:57.174389+00:00
878,1765396137.1915278,2025-12-10T19:48:57.191529+00:00
879,1765396137.2123709,2025-12-10T19:48:57.212371+00:00
880,1765396137.232624,2025-12-10T19:48:57.232625+00:00
881,1765396137.253503,2025-12-10T19:48:57.253504+00:00
882,1765396137.273827,2025-12-10T19:48:57.273829+00:00
883,1765396137.2935328,2025-12-10T19:48:57.293537+00:00
884,1765396137.314442,2025-12-10T19:48:57.314444+00:00
885,1765396137.335319,2025-12-10T19:48:57.335320+00:00
886,1765396137.356168,2025-12-10T19:48:57.356169+00:00
887,1765396137.377022,2025-12-10T19:48:57.377028+00:00
888,1765396137.397902,2025-12-10T19:48:57.397904+00:00
889,1765396137.417854,2025-12-10T19:48:57.417857+00:00
890,1765396137.4387379,2025-12-10T19:48:57.438740+00:00
891,1765396137.4596019,2025-12-10T19:48:57.459603+00:00
892,1765396137.4782348,2025-12-10T19:48:57.478249+00:00
893,1765396137.4988449,2025-12-10T19:48:57.498848+00:00
894,1765396137.5161998,2025-12-10T19:48:57.516205+00:00
895,1765396137.534425,2025-12-10T19:48:57.534428+00:00
896,1765396137.555315,2025-12-10T19:48:57.555316+00:00
897,1765396137.5744278,2025-12-10T19:48:57.574429+00:00
898,1765396137.595273,2025-12-10T19:48:57.595274+00:00
899,1765396137.6160588,2025-12-10T19:48:57.616059+00:00
900,1765396137.635596,2025-12-10T19:48:57.635598+00:00
901,1765396137.655901,2025-12-10T19:48:57.655902+00:00
902,1765396137.6766348,2025-12-10T19:48:57.676639+00:00
903,1765396137.693934,2025-12-10T19:48:57.693936+00:00
904,1765396137.714816,2025-12-10T19:48:57.714821+00:00
905,1765396137.731796,2025-12-10T19:48:57.731797+00:00
906,1765396137.7512908,2025-12-10T19:48:57.751295+00:00
907,1765396137.771853,2025-12-10T19:48:57.771855+00:00
908,1765396137.7927191,2025-12-10T19:48:57.792721+00:00
909,1765396137.81359,2025-12-10T19:48:57.813591+00:00
910,1765396137.8344572,2025-12-10T19:48:57.834460+00:00
911,1765396137.85536,2025-12-10T19:48:57.855364+00:00
912,1765396137.8765619,2025-12-10T19:48:57.876566+00:00
913,1765396137.897415,2025-12-10T19:48:57.897420+00:00
914,1765396137.918302,2025-12-10T19:48:57.918305+00:00
915,1765396137.937525,2025-12-10T19:48:57.937528+00:00
916,1765396137.9578931,2025-12-10T19:48:57.957894+00:00
917,1765396137.976191,2025-12-10T19:48:57.976193+00:00
918,1765396137.997055,2025-12-10T19:48:57.997055+00:00
919,1765396138.01514,2025-12-10T19:48:58.015143+00:00
920,1765396138.032784,2025-12-10T19:48:58.032786+00:00
921,1765396138.053653,2025-12-10T19:48:58.053665+00:00
922,1765396138.074508,2025-12-10T19:48:58.074510+00:00
923,1765396138.095371,2025-12-10T19:48:58.095373+00:00
924,1765396138.1162372,2025-12-10T19:48:58.116237+00:00
925,1765396138.1371,2025-12-10T19:48:58.137105+00:00
926,1765396138.157598,2025-12-10T19:48:58.157600+00:00
927,1765396138.177876,2025-12-10T19:48:58.177878+00:00
928,1765396138.198763,2025-12-10T19:48:58.198769+00:00
929,1765396138.216428,2025-12-10T19:48:58.216429+00:00
930,1765396138.2346282,2025-12-10T19:48:58.234632+00:00
931,1765396138.255497,2025-12-10T19:48:58.255499+00:00
932,1765396138.276362,2025-12-10T19:48:58.276363+00:00
933,1765396138.297218,2025-12-10T19:48:58.297220+00:00
934,1765396138.315687,2025-12-10T19:48:58.315689+00:00
935,1765396138.336571,2025-12-10T19:48:58.336576+00:00
936,1765396138.3574772,2025-12-10T19:48:58.357479+00:00
937,1765396138.3769221,2025-12-10T19:48:58.376924+00:00
938,1765396138.397808,2025-12-10T19:48:58.397812+00:00
939,1765396138.417851,2025-12-10T19:48:58.417853+00:00
940,1765396138.438713,2025-12-10T19:48:58.438716+00:00
941,1765396138.459519,2025-12-10T19:48:58.459520+00:00
942,1765396138.4790258,2025-12-10T19:48:58.479027+00:00
943,1765396138.499886,2025-12-10T19:48:58.499887+00:00
944,1765396138.520771,2025-12-10T19:48:58.520775+00:00
945,1765396138.540878,2025-12-10T19:48:58.540880+00:00
946,1765396138.5613399,2025-12-10T19:48:58.561343+00:00
947,1765396138.578388,2025-12-10T19:48:58.578393+00:00
948,1765396138.597827,2025-12-10T19:48:58.597829+00:00
949,1765396138.6186829,2025-12-10T19:48:58.618685+00:00
950,1765396138.639553,2025-12-10T19:48:58.639558+00:00
951,1765396138.659754,2025-12-10T19:48:58.659759+00:00
952,1765396138.68064,2025-12-10T19:48:58.680642+00:00
953,1765396138.6991842,2025-12-10T19:48:58.699186+00:00
954,1765396138.7159848,2025-12-10T19:48:58.715985+00:00
955,1765396138.736843,2025-12-10T19:48:58.736844+00:00
956,1765396138.757418,2025-12-10T19:48:58.757419+00:00
957,1765396138.778265,2025-12-10T19:48:58.778266+00:00
958,1765396138.7989042,2025-12-10T19:48:58.798907+00:00
959,1765396138.819795,2025-12-10T19:48:58.819797+00:00
960,1765396138.8406668,2025-12-10T19:48:58.840671+00:00
961,1765396138.860172,2025-12-10T19:48:58.860175+00:00
962,1765396138.88105,2025-12-10T19:48:58.881051+00:00
963,1765396138.901202,2025-12-10T19:48:58.901204+00:00
964,1765396138.922066,2025-12-10T19:48:58.922067+00:00
965,1765396138.94293,2025-12-10T19:48:58.942932+00:00
966,1765396138.963784,2025-12-10T19:48:58.963785+00:00
967,1765396138.984661,2025-12-10T19:48:58.984665+00:00
968,1765396139.0040278,2025-12-10T19:48:59.004030+00:00
969,1765396139.021079,2025-12-10T19:48:59.021081+00:00
970,1765396139.0410838,2025-12-10T19:48:59.041085+00:00
971,1765396139.0619469,2025-12-10T19:48:59.061951+00:00
972,1765396139.081546,2025-12-10T19:48:59.081548+00:00
973,1765396139.102412,2025-12-10T19:48:59.102415+00:00
974,1765396139.120204,2025-12-10T19:48:59.120211+00:00
975,1765396139.137918,2025-12-10T19:48:59.137923+00:00
976,1765396139.158824,2025-12-10T19:48:59.158828+00:00
977,1765396139.179371,2025-12-10T19:48:59.179373+00:00
978,1765396139.1991858,2025-12-10T19:48:59.199186+00:00
979,1765396139.220048,2025-12-10T19:48:59.220051+00:00
980,1765396139.240107,2025-12-10T19:48:59.240111+00:00
981,1765396139.260992,2025-12-10T19:48:59.260994+00:00
982,1765396139.279,2025-12-10T19:48:59.279002+00:00
983,1765396139.299873,2025-12-10T19:48:59.299875+00:00
984,1765396139.320735,2025-12-10T19:48:59.320737+00:00
985,1765396139.3416169,2025-12-10T19:48:59.341620+00:00
986,1765396139.3594081,2025-12-10T19:48:59.359411+00:00
987,1765396139.377335,2025-12-10T19:48:59.377336+00:00
988,1765396139.398206,2025-12-10T19:48:59.398208+00:00
989,1765396139.419067,2025-12-10T19:48:59.419069+00:00
990,1765396139.439924,2025-12-10T19:48:59.439925+00:00
991,1765396139.45954,2025-12-10T19:48:59.459543+00:00
992,1765396139.4766731,2025-12-10T19:48:59.476677+00:00
993,1765396139.497534,2025-12-10T19:48:59.497538+00:00
994,1765396139.516147,2025-12-10T19:48:59.516152+00:00
995,1765396139.534527,2025-12-10T19:48:59.534528+00:00
996,1765396139.555496,2025-12-10T19:48:59.555496+00:00
997,1765396139.572638,2025-12-10T19:48:59.572640+00:00
998,1765396139.5916228,2025-12-10T19:48:59.591628+00:00
999,1765396139.60967,2025-12-10T19:48:59.609674+00:00
1000,1765396139.6285,2025-12-10T19:48:59.628504+00:00
1001,1765396139.6472268,2025-12-10T19:48:59.647786+00:00
1002,1765396139.667586,2025-12-10T19:48:59.667590+00:00
1003,1765396139.6884658,2025-12-10T19:48:59.688470+00:00
1004,1765396139.707793,2025-12-10T19:48:59.707799+00:00
1005,1765396139.7286751,2025-12-10T19:48:59.728680+00:00
1006,1765396139.749583,2025-12-10T19:48:59.749586+00:00
1007,1765396139.768391,2025-12-10T19:48:59.768393+00:00
1008,1765396139.7892532,2025-12-10T19:48:59.789255+00:00
1009,1765396139.810116,2025-12-10T19:48:59.810116+00:00
1010,1765396139.830005,2025-12-10T19:48:59.830010+00:00
1011,1765396139.8509161,2025-12-10T19:48:59.850919+00:00
1012,1765396139.8718011,2025-12-10T19:48:59.871803+00:00
1013,1765396139.888942,2025-12-10T19:48:59.888951+00:00
1014,1765396139.909835,2025-12-10T19:48:59.909839+00:00
1015,1765396139.930754,2025-12-10T19:48:59.930762+00:00
1016,1765396139.9516559,2025-12-10T19:48:59.951658+00:00
1017,1765396139.9725251,2025-12-10T19:48:59.972528+00:00
1018,1765396139.9911911,2025-12-10T19:48:59.991193+00:00
1019,1765396140.012054,2025-12-10T19:49:00.012057+00:00
1020,1765396140.032945,2025-12-10T19:49:00.032950+00:00
1021,1765396140.0538392,2025-12-10T19:49:00.053840+00:00
1022,1765396140.0740101,2025-12-10T19:49:00.074011+00:00
1023,1765396140.0922759,2025-12-10T19:49:00.092279+00:00
1024,1765396140.113258,2025-12-10T19:49:00.113260+00:00
1025,1765396140.131733,2025-12-10T19:49:00.131738+00:00
1026,1765396140.148551,2025-12-10T19:49:00.148552+00:00
1027,1765396140.166046,2025-12-10T19:49:00.166049+00:00
1028,1765396140.183813,2025-12-10T19:49:00.183818+00:00
1029,1765396140.204333,2025-12-10T19:49:00.204335+00:00
1030,1765396140.2251992,2025-12-10T19:49:00.225200+00:00
1031,1765396140.242045,2025-12-10T19:49:00.242046+00:00
1032,1765396140.262895,2025-12-10T19:49:00.262897+00:00
1033,1765396140.283766,2025-12-10T19:49:00.283769+00:00
1034,1765396140.30396,2025-12-10T19:49:00.303963+00:00
1035,1765396140.3248498,2025-12-10T19:49:00.324854+00:00
1036,1765396140.343904,2025-12-10T19:49:00.343910+00:00
1037,1765396140.364703,2025-12-10T19:49:00.364708+00:00
1038,1765396140.381991,2025-12-10T19:49:00.381995+00:00
1039,1765396140.399036,2025-12-10T19:49:00.399040+00:00
1040,1765396140.419919,2025-12-10T19:49:00.419924+00:00
1041,1765396140.437782,2025-12-10T19:49:00.437784+00:00
1042,1765396140.4586391,2025-12-10T19:49:00.458640+00:00
1043,1765396140.479506,2025-12-10T19:49:00.479508+00:00
1044,1765396140.499305,2025-12-10T19:49:00.499308+00:00
1045,1765396140.520194,2025-12-10T19:49:00.520198+00:00
1046,1765396140.537295,2025-12-10T19:49:00.537296+00:00
1047,1765396140.5581598,2025-12-10T19:49:00.558164+00:00
1048,1765396140.579054,2025-12-10T19:49:00.579058+00:00
1049,1765396140.59996,2025-12-10T19:49:00.599961+00:00
1050,1765396140.616798,2025-12-10T19:49:00.616803+00:00
1051,1765396140.634864,2025-12-10T19:49:00.634867+00:00
1052,1765396140.6540642,2025-12-10T19:49:00.654066+00:00
1053,1765396140.672885,2025-12-10T19:49:00.672887+00:00
1054,1765396140.69376,2025-12-10T19:49:00.693765+00:00
1055,1765396140.714668,2025-12-10T19:49:00.714671+00:00
1056,1765396140.733629,2025-12-10T19:49:00.733631+00:00
1057,1765396140.754501,2025-12-10T19:49:00.754506+00:00
1058,1765396140.775412,2025-12-10T19:49:00.775414+00:00
1059,1765396140.7926579,2025-12-10T19:49:00.792658+00:00
1060,1765396140.813517,2025-12-10T19:49:00.813521+00:00
1061,1765396140.83334,2025-12-10T19:49:00.833344+00:00
1062,1765396140.850317,2025-12-10T19:49:00.850320+00:00
1063,1765396140.871199,2025-12-10T19:49:00.871201+00:00
1064,1765396140.892063,2025-12-10T19:49:00.892063+00:00
1065,1765396140.9129431,2025-12-10T19:49:00.912950+00:00
1066,1765396140.9338639,2025-12-10T19:49:00.933868+00:00
1067,1765396140.950637,2025-12-10T19:49:00.950640+00:00
1068,1765396140.97078,2025-12-10T19:49:00.970782+00:00
1069,1765396140.991657,2025-12-10T19:49:00.991663+00:00
1070,1765396141.009541,2025-12-10T19:49:01.009542+00:00
1071,1765396141.0269709,2025-12-10T19:49:01.026976+00:00
1072,1765396141.047887,2025-12-10T19:49:01.047892+00:00
1073,1765396141.067203,2025-12-10T19:49:01.067204+00:00
1074,1765396141.088067,2025-12-10T19:49:01.088070+00:00
1075,1765396141.105852,2025-12-10T19:49:01.105854+00:00
1076,1765396141.125396,2025-12-10T19:49:01.125398+00:00
1077,1765396141.14626,2025-12-10T19:49:01.146262+00:00
1078,1765396141.166987,2025-12-10T19:49:01.166990+00:00
1079,1765396141.1878772,2025-12-10T19:49:01.187879+00:00
1080,1765396141.2087412,2025-12-10T19:49:01.208742+00:00
1081,1765396141.229589,2025-12-10T19:49:01.229589+00:00
1082,1765396141.2513778,2025-12-10T19:49:01.251418+00:00
1083,1765396141.2682922,2025-12-10T19:49:01.268295+00:00
1084,1765396141.2891781,2025-12-10T19:49:01.289182+00:00
1085,1765396141.3071349,2025-12-10T19:49:01.307137+00:00
1086,1765396141.3280032,2025-12-10T19:49:01.328005+00:00
1087,1765396141.348292,2025-12-10T19:49:01.348295+00:00
1088,1765396141.366687,2025-12-10T19:49:01.366694+00:00
1089,1765396141.386684,2025-12-10T19:49:01.386685+00:00
1090,1765396141.4070022,2025-12-10T19:49:01.407003+00:00
1091,1765396141.424688,2025-12-10T19:49:01.424693+00:00
1092,1765396141.4428768,2025-12-10T19:49:01.442880+00:00
1093,1765396141.463746,2025-12-10T19:49:01.463749+00:00
1094,1765396141.4840178,2025-12-10T19:49:01.484019+00:00
1095,1765396141.5007849,2025-12-10T19:49:01.500787+00:00
1096,1765396141.521651,2025-12-10T19:49:01.521653+00:00
1097,1765396141.5405629,2025-12-10T19:49:01.540567+00:00
1098,1765396141.561455,2025-12-10T19:49:01.561458+00:00
1099,1765396141.5823302,2025-12-10T19:49:01.582332+00:00
1100,1765396141.6032069,2025-12-10T19:49:01.603212+00:00
1101,1765396141.622762,2025-12-10T19:49:01.622763+00:00
1102,1765396141.64362,2025-12-10T19:49:01.643623+00:00
1103,1765396141.663351,2025-12-10T19:49:01.663353+00:00
1104,1765396141.6837802,2025-12-10T19:49:01.683780+00:00
1105,1765396141.70135,2025-12-10T19:49:01.701350+00:00
1106,1765396141.722195,2025-12-10T19:49:01.722197+00:00
1107,1765396141.7414138,2025-12-10T19:49:01.741436+00:00
1108,1765396141.762293,2025-12-10T19:49:01.762295+00:00
1109,1765396141.783154,2025-12-10T19:49:01.783155+00:00
1110,1765396141.8040042,2025-12-10T19:49:01.804004+00:00
1111,1765396141.823763,2025-12-10T19:49:01.823764+00:00
1112,1765396141.841256,2025-12-10T19:49:01.841256+00:00
1113,1765396141.862108,2025-12-10T19:49:01.862111+00:00
1114,1765396141.880378,2025-12-10T19:49:01.880379+00:00
1115,1765396141.898127,2025-12-10T19:49:01.898166+00:00
1116,1765396141.919026,2025-12-10T19:49:01.919033+00:00
1117,1765396141.939926,2025-12-10T19:49:01.939930+00:00
1118,1765396141.957848,2025-12-10T19:49:01.957850+00:00
1119,1765396141.976918,2025-12-10T19:49:01.976921+00:00
1120,1765396141.997801,2025-12-10T19:49:01.997805+00:00
1121,1765396142.018682,2025-12-10T19:49:02.018683+00:00
1122,1765396142.0355241,2025-12-10T19:49:02.035526+00:00
1123,1765396142.056382,2025-12-10T19:49:02.056384+00:00
1124,1765396142.077263,2025-12-10T19:49:02.077265+00:00
1125,1765396142.098135,2025-12-10T19:49:02.098135+00:00
1126,1765396142.118998,2025-12-10T19:49:02.119003+00:00
1127,1765396142.1361501,2025-12-10T19:49:02.136153+00:00
1128,1765396142.157026,2025-12-10T19:49:02.157026+00:00
1129,1765396142.173913,2025-12-10T19:49:02.173918+00:00
1130,1765396142.194804,2025-12-10T19:49:02.194804+00:00
1131,1765396142.215658,2025-12-10T19:49:02.215661+00:00
1132,1765396142.234855,2025-12-10T19:49:02.234859+00:00
1133,1765396142.255741,2025-12-10T19:49:02.255743+00:00
1134,1765396142.2748349,2025-12-10T19:49:02.274837+00:00
1135,1765396142.2956889,2025-12-10T19:49:02.295690+00:00
1136,1765396142.316534,2025-12-10T19:49:02.316534+00:00
1137,1765396142.3348439,2025-12-10T19:49:02.334846+00:00
1138,1765396142.352032,2025-12-10T19:49:02.352038+00:00
1139,1765396142.3691971,2025-12-10T19:49:02.369199+00:00
1140,1765396142.39007,2025-12-10T19:49:02.390072+00:00
1141,1765396142.409821,2025-12-10T19:49:02.409822+00:00
1142,1765396142.42903,2025-12-10T19:49:02.429033+00:00
1143,1765396142.4499059,2025-12-10T19:49:02.449910+00:00
1144,1765396142.470803,2025-12-10T19:49:02.470805+00:00
1145,1765396142.491675,2025-12-10T19:49:02.491676+00:00
1146,1765396142.5095701,2025-12-10T19:49:02.509573+00:00
1147,1765396142.530443,2025-12-10T19:49:02.530444+00:00
1148,1765396142.5512881,2025-12-10T19:49:02.551289+00:00
1149,1765396142.572132,2025-12-10T19:49:02.572132+00:00
1150,1765396142.5916538,2025-12-10T19:49:02.591654+00:00
1151,1765396142.611705,2025-12-10T19:49:02.611710+00:00
1152,1765396142.630543,2025-12-10T19:49:02.630549+00:00
1153,1765396142.651335,2025-12-10T19:49:02.651336+00:00
1154,1765396142.668124,2025-12-10T19:49:02.668126+00:00
1155,1765396142.688993,2025-12-10T19:49:02.688994+00:00
1156,1765396142.7098508,2025-12-10T19:49:02.709855+00:00
1157,1765396142.726908,2025-12-10T19:49:02.726909+00:00
1158,1765396142.74777,2025-12-10T19:49:02.747772+00:00
1159,1765396142.766034,2025-12-10T19:49:02.766035+00:00
1160,1765396142.784172,2025-12-10T19:49:02.784173+00:00
1161,1765396142.805027,2025-12-10T19:49:02.805028+00:00
1162,1765396142.824146,2025-12-10T19:49:02.824148+00:00
1163,1765396142.841366,2025-12-10T19:49:02.841367+00:00
1164,1765396142.862231,2025-12-10T19:49:02.862233+00:00
1165,1765396142.882539,2025-12-10T19:49:02.882546+00:00
1166,1765396142.9003048,2025-12-10T19:49:02.900306+00:00
1167,1765396142.9180548,2025-12-10T19:49:02.918058+00:00
1168,1765396142.9391491,2025-12-10T19:49:02.939152+00:00
1169,1765396142.960041,2025-12-10T19:49:02.960043+00:00
1170,1765396142.9809248,2025-12-10T19:49:02.980930+00:00
1171,1765396143.00026,2025-12-10T19:49:03.000262+00:00
1172,1765396143.017534,2025-12-10T19:49:03.017537+00:00
1173,1765396143.038398,2025-12-10T19:49:03.038399+00:00
1174,1765396143.057962,2025-12-10T19:49:03.057964+00:00
1175,1765396143.075346,2025-12-10T19:49:03.075347+00:00
1176,1765396143.096212,2025-12-10T19:49:03.096216+00:00
1177,1765396143.117109,2025-12-10T19:49:03.117110+00:00
1178,1765396143.137244,2025-12-10T19:49:03.137245+00:00
1179,1765396143.157847,2025-12-10T19:49:03.157851+00:00
1180,1765396143.1787121,2025-12-10T19:49:03.178713+00:00
1181,1765396143.199508,2025-12-10T19:49:03.199511+00:00
1182,1765396143.220396,2025-12-10T19:49:03.220402+00:00
1183,1765396143.241096,2025-12-10T19:49:03.241106+00:00
1184,1765396143.262026,2025-12-10T19:49:03.262031+00:00
1185,1765396143.282579,2025-12-10T19:49:03.282621+00:00
1186,1765396143.303505,2025-12-10T19:49:03.303509+00:00
1187,1765396143.3242,2025-12-10T19:49:03.324206+00:00
1188,1765396143.345362,2025-12-10T19:49:03.345371+00:00
1189,1765396143.365878,2025-12-10T19:49:03.365885+00:00
1190,1765396143.3867772,2025-12-10T19:49:03.386783+00:00
1191,1765396143.4074728,2025-12-10T19:49:03.407478+00:00
1192,1765396143.426433,2025-12-10T19:49:03.426437+00:00
1193,1765396143.446187,2025-12-10T19:49:03.446199+00:00
1194,1765396143.467145,2025-12-10T19:49:03.467146+00:00
1195,1765396143.4877398,2025-12-10T19:49:03.487744+00:00
1196,1765396143.508111,2025-12-10T19:49:03.508114+00:00
1197,1765396143.52654,2025-12-10T19:49:03.526542+00:00
1198,1765396143.547395,2025-12-10T19:49:03.547397+00:00
1199,1765396143.567173,2025-12-10T19:49:03.567176+00:00
1200,1765396143.588039,2025-12-10T19:49:03.588041+00:00
1201,1765396143.6048598,2025-12-10T19:49:03.604866+00:00
1202,1765396143.62576,2025-12-10T19:49:03.625764+00:00
1203,1765396143.646626,2025-12-10T19:49:03.646629+00:00
1204,1765396143.666145,2025-12-10T19:49:03.666156+00:00
1205,1765396143.6861498,2025-12-10T19:49:03.686157+00:00
1206,1765396143.707053,2025-12-10T19:49:03.707057+00:00
1207,1765396143.724434,2025-12-10T19:49:03.724444+00:00
1208,1765396143.745388,2025-12-10T19:49:03.745391+00:00
1209,1765396143.76628,2025-12-10T19:49:03.766352+00:00
1210,1765396143.7872791,2025-12-10T19:49:03.787287+00:00
1211,1765396143.807606,2025-12-10T19:49:03.807616+00:00
1212,1765396143.827879,2025-12-10T19:49:03.827881+00:00
1213,1765396143.848754,2025-12-10T19:49:03.848760+00:00
1214,1765396143.867977,2025-12-10T19:49:03.867979+00:00
1215,1765396143.88885,2025-12-10T19:49:03.888855+00:00
1216,1765396143.9097679,2025-12-10T19:49:03.909774+00:00
1217,1765396143.930673,2025-12-10T19:49:03.930677+00:00
1218,1765396143.9512231,2025-12-10T19:49:03.951224+00:00
1219,1765396143.970824,2025-12-10T19:49:03.970828+00:00
1220,1765396143.990356,2025-12-10T19:49:03.990360+00:00
1221,1765396144.009566,2025-12-10T19:49:04.009567+00:00
1222,1765396144.028047,2025-12-10T19:49:04.028048+00:00
1223,1765396144.048897,2025-12-10T19:49:04.048898+00:00
1224,1765396144.066134,2025-12-10T19:49:04.066136+00:00
1225,1765396144.082916,2025-12-10T19:49:04.082919+00:00
1226,1765396144.1037812,2025-12-10T19:49:04.103785+00:00
1227,1765396144.120557,2025-12-10T19:49:04.120561+00:00
1228,1765396144.140527,2025-12-10T19:49:04.140531+00:00
1229,1765396144.159648,2025-12-10T19:49:04.159653+00:00
1230,1765396144.1773162,2025-12-10T19:49:04.177319+00:00
1231,1765396144.1970181,2025-12-10T19:49:04.197022+00:00
1232,1765396144.2154188,2025-12-10T19:49:04.215424+00:00
1233,1765396144.2334561,2025-12-10T19:49:04.233462+00:00
1234,1765396144.2543738,2025-12-10T19:49:04.254381+00:00
1235,1765396144.2728992,2025-12-10T19:49:04.272918+00:00
1236,1765396144.293354,2025-12-10T19:49:04.293358+00:00
1237,1765396144.312833,2025-12-10T19:49:04.312845+00:00
1238,1765396144.3303418,2025-12-10T19:49:04.330345+00:00
1239,1765396144.350421,2025-12-10T19:49:04.350426+00:00
1240,1765396144.3713331,2025-12-10T19:49:04.371338+00:00
1241,1765396144.391062,2025-12-10T19:49:04.391067+00:00
1242,1765396144.411948,2025-12-10T19:49:04.411952+00:00
1243,1765396144.4304051,2025-12-10T19:49:04.430445+00:00
1244,1765396144.4513159,2025-12-10T19:49:04.451319+00:00
1245,1765396144.472113,2025-12-10T19:49:04.472114+00:00
1246,1765396144.492974,2025-12-10T19:49:04.492977+00:00
1247,1765396144.513844,2025-12-10T19:49:04.513847+00:00
1248,1765396144.532428,2025-12-10T19:49:04.532430+00:00
1249,1765396144.553289,2025-12-10T19:49:04.553291+00:00
1250,1765396144.571682,2025-12-10T19:49:04.571689+00:00
1251,1765396144.592583,2025-12-10T19:49:04.592589+00:00
1252,1765396144.6128309,2025-12-10T19:49:04.612843+00:00
1253,1765396144.6305761,2025-12-10T19:49:04.630579+00:00
1254,1765396144.651478,2025-12-10T19:49:04.651494+00:00
1255,1765396144.671715,2025-12-10T19:49:04.671723+00:00
1256,1765396144.692641,2025-12-10T19:49:04.692647+00:00
1257,1765396144.709484,2025-12-10T19:49:04.709488+00:00
1258,1765396144.729886,2025-12-10T19:49:04.729890+00:00
1259,1765396144.749069,2025-12-10T19:49:04.749074+00:00
1260,1765396144.7699971,2025-12-10T19:49:04.770003+00:00
1261,1765396144.79092,2025-12-10T19:49:04.790927+00:00
1262,1765396144.811844,2025-12-10T19:49:04.811852+00:00
1263,1765396144.8327549,2025-12-10T19:49:04.832758+00:00
1264,1765396144.853648,2025-12-10T19:49:04.853650+00:00
1265,1765396144.871281,2025-12-10T19:49:04.871283+00:00
1266,1765396144.888045,2025-12-10T19:49:04.888051+00:00
1267,1765396144.906594,2025-12-10T19:49:04.906605+00:00
1268,1765396144.926081,2025-12-10T19:49:04.926085+00:00
1269,1765396144.943634,2025-12-10T19:49:04.943638+00:00
1270,1765396144.963753,2025-12-10T19:49:04.963758+00:00
1271,1765396144.98466,2025-12-10T19:49:04.984667+00:00
1272,1765396145.005426,2025-12-10T19:49:05.005430+00:00
1273,1765396145.026301,2025-12-10T19:49:05.026306+00:00
1274,1765396145.046384,2025-12-10T19:49:05.046396+00:00
1275,1765396145.0637429,2025-12-10T19:49:05.063754+00:00
1276,1765396145.08463,2025-12-10T19:49:05.084634+00:00
1277,1765396145.105566,2025-12-10T19:49:05.105570+00:00
1278,1765396145.1231549,2025-12-10T19:49:05.123159+00:00
1279,1765396145.1422951,2025-12-10T19:49:05.142300+00:00
1280,1765396145.162718,2025-12-10T19:49:05.162723+00:00
1281,1765396145.1836202,2025-12-10T19:49:05.183624+00:00
1282,1765396145.200459,2025-12-10T19:49:05.200462+00:00
1283,1765396145.219689,2025-12-10T19:49:05.219694+00:00
1284,1765396145.236625,2025-12-10T19:49:05.236630+00:00
1285,1765396145.281234,2025-12-10T19:49:05.281239+00:00
1286,1765396145.301146,2025-12-10T19:49:05.301152+00:00
1287,1765396145.32205,2025-12-10T19:49:05.322053+00:00
1288,1765396145.3431108,2025-12-10T19:49:05.343114+00:00
1289,1765396145.362874,2025-12-10T19:49:05.362880+00:00
1290,1765396145.383782,2025-12-10T19:49:05.383790+00:00
1291,1765396145.4024892,2025-12-10T19:49:05.402492+00:00
1292,1765396145.4196732,2025-12-10T19:49:05.419675+00:00
1293,1765396145.440541,2025-12-10T19:49:05.440546+00:00
1294,1765396145.461466,2025-12-10T19:49:05.461474+00:00
1295,1765396145.482389,2025-12-10T19:49:05.482394+00:00
1296,1765396145.501447,2025-12-10T19:49:05.501450+00:00
1297,1765396145.520105,2025-12-10T19:49:05.520111+00:00
1298,1765396145.54101,2025-12-10T19:49:05.541015+00:00
1299,1765396145.561404,2025-12-10T19:49:05.561406+00:00
1300,1765396145.580508,2025-12-10T19:49:05.580514+00:00
1301,1765396145.6000159,2025-12-10T19:49:05.600021+00:00
1302,1765396145.6194391,2025-12-10T19:49:05.619443+00:00
1303,1765396145.6403189,2025-12-10T19:49:05.640324+00:00
1304,1765396145.661199,2025-12-10T19:49:05.661200+00:00
1305,1765396145.68206,2025-12-10T19:49:05.682062+00:00
1306,1765396145.701633,2025-12-10T19:49:05.701637+00:00
1307,1765396145.720163,2025-12-10T19:49:05.720171+00:00
1308,1765396145.739706,2025-12-10T19:49:05.739707+00:00
1309,1765396145.760648,2025-12-10T19:49:05.760652+00:00
1310,1765396145.781534,2025-12-10T19:49:05.781536+00:00
1311,1765396145.8009138,2025-12-10T19:49:05.800916+00:00
1312,1765396145.8191009,2025-12-10T19:49:05.819104+00:00
1313,1765396145.839981,2025-12-10T19:49:05.839982+00:00
1314,1765396145.86063,2025-12-10T19:49:05.860635+00:00
1315,1765396145.878399,2025-12-10T19:49:05.878401+00:00
1316,1765396145.89662,2025-12-10T19:49:05.896621+00:00
1317,1765396145.916331,2025-12-10T19:49:05.916331+00:00
1318,1765396145.9363241,2025-12-10T19:49:05.936328+00:00
1319,1765396145.953331,2025-12-10T19:49:05.953334+00:00
1320,1765396145.974206,2025-12-10T19:49:05.974209+00:00
1321,1765396145.9948428,2025-12-10T19:49:05.994847+00:00
1322,1765396146.015724,2025-12-10T19:49:06.015730+00:00
1323,1765396146.0328782,2025-12-10T19:49:06.032881+00:00
1324,1765396146.052185,2025-12-10T19:49:06.052186+00:00
1325,1765396146.073048,2025-12-10T19:49:06.073051+00:00
1326,1765396146.092588,2025-12-10T19:49:06.092592+00:00
1327,1765396146.113475,2025-12-10T19:49:06.113476+00:00
1328,1765396146.134347,2025-12-10T19:49:06.134350+00:00
1329,1765396146.1518002,2025-12-10T19:49:06.151802+00:00
1330,1765396146.1692789,2025-12-10T19:49:06.169281+00:00
1331,1765396146.1900978,2025-12-10T19:49:06.190106+00:00
1332,1765396146.211006,2025-12-10T19:49:06.211009+00:00
1333,1765396146.2325351,2025-12-10T19:49:06.232539+00:00
1334,1765396146.253425,2025-12-10T19:49:06.253427+00:00
1335,1765396146.274294,2025-12-10T19:49:06.274296+00:00
1336,1765396146.2951732,2025-12-10T19:49:06.295178+00:00
1337,1765396146.313483,2025-12-10T19:49:06.313490+00:00
1338,1765396146.333606,2025-12-10T19:49:06.333608+00:00
1339,1765396146.353673,2025-12-10T19:49:06.353676+00:00
1340,1765396146.371891,2025-12-10T19:49:06.371892+00:00
1341,1765396146.388814,2025-12-10T19:49:06.388816+00:00
1342,1765396146.408833,2025-12-10T19:49:06.408838+00:00
1343,1765396146.4262578,2025-12-10T19:49:06.426260+00:00
1344,1765396146.447125,2025-12-10T19:49:06.447128+00:00
1345,1765396146.468021,2025-12-10T19:49:06.468024+00:00
1346,1765396146.485538,2025-12-10T19:49:06.485543+00:00
1347,1765396146.506421,2025-12-10T19:49:06.506422+00:00
1348,1765396146.527305,2025-12-10T19:49:06.527310+00:00
1349,1765396146.5465548,2025-12-10T19:49:06.546557+00:00
1350,1765396146.564306,2025-12-10T19:49:06.564312+00:00
1351,1765396146.58161,2025-12-10T19:49:06.581612+00:00
1352,1765396146.602478,2025-12-10T19:49:06.602481+00:00
1353,1765396146.6217659,2025-12-10T19:49:06.621767+00:00
1354,1765396146.642627,2025-12-10T19:49:06.642627+00:00
1355,1765396146.663481,2025-12-10T19:49:06.663485+00:00
1356,1765396146.6845398,2025-12-10T19:49:06.684541+00:00
1357,1765396146.705405,2025-12-10T19:49:06.705410+00:00
1358,1765396146.726302,2025-12-10T19:49:06.726306+00:00
1359,1765396146.74719,2025-12-10T19:49:06.747192+00:00
1360,1765396146.767916,2025-12-10T19:49:06.767920+00:00
1361,1765396146.7883468,2025-12-10T19:49:06.788350+00:00
1362,1765396146.80817,2025-12-10T19:49:06.808173+00:00
1363,1765396146.8276181,2025-12-10T19:49:06.827618+00:00
1364,1765396146.84848,2025-12-10T19:49:06.848484+00:00
1365,1765396146.866185,2025-12-10T19:49:06.866186+00:00
1366,1765396146.8870468,2025-12-10T19:49:06.887051+00:00
1367,1765396146.907957,2025-12-10T19:49:06.907964+00:00
1368,1765396146.9263911,2025-12-10T19:49:06.926392+00:00
1369,1765396146.944385,2025-12-10T19:49:06.944387+00:00
1370,1765396146.965248,2025-12-10T19:49:06.965250+00:00
1371,1765396146.983944,2025-12-10T19:49:06.983946+00:00
1372,1765396147.004802,2025-12-10T19:49:07.004802+00:00
1373,1765396147.025656,2025-12-10T19:49:07.025659+00:00
1374,1765396147.0447922,2025-12-10T19:49:07.044794+00:00
1375,1765396147.065656,2025-12-10T19:49:07.065658+00:00
1376,1765396147.0838232,2025-12-10T19:49:07.083824+00:00
1377,1765396147.104683,2025-12-10T19:49:07.104685+00:00
1378,1765396147.125546,2025-12-10T19:49:07.125547+00:00
1379,1765396147.1464,2025-12-10T19:49:07.146403+00:00
1380,1765396147.167268,2025-12-10T19:49:07.167269+00:00
1381,1765396147.186916,2025-12-10T19:49:07.186917+00:00
1382,1765396147.207785,2025-12-10T19:49:07.207788+00:00
1383,1765396147.228683,2025-12-10T19:49:07.228687+00:00
1384,1765396147.2495842,2025-12-10T19:49:07.249589+00:00
1385,1765396147.2671192,2025-12-10T19:49:07.267123+00:00
1386,1765396147.283956,2025-12-10T19:49:07.283961+00:00
1387,1765396147.303573,2025-12-10T19:49:07.303577+00:00
1388,1765396147.3244648,2025-12-10T19:49:07.324469+00:00
1389,1765396147.345363,2025-12-10T19:49:07.345366+00:00
1390,1765396147.366237,2025-12-10T19:49:07.366241+00:00
1391,1765396147.3871481,2025-12-10T19:49:07.387151+00:00
1392,1765396147.406555,2025-12-10T19:49:07.406558+00:00
1393,1765396147.426921,2025-12-10T19:49:07.426924+00:00
1394,1765396147.445933,2025-12-10T19:49:07.445937+00:00
1395,1765396147.466829,2025-12-10T19:49:07.466831+00:00
1396,1765396147.487715,2025-12-10T19:49:07.487725+00:00
1397,1765396147.50863,2025-12-10T19:49:07.508634+00:00
1398,1765396147.526837,2025-12-10T19:49:07.526841+00:00
1399,1765396147.54771,2025-12-10T19:49:07.547712+00:00
1400,1765396147.5674748,2025-12-10T19:49:07.567483+00:00
1401,1765396147.5883892,2025-12-10T19:49:07.588396+00:00
1402,1765396147.6092958,2025-12-10T19:49:07.609299+00:00
1403,1765396147.627121,2025-12-10T19:49:07.627127+00:00
1404,1765396147.645558,2025-12-10T19:49:07.645563+00:00
1405,1765396147.662677,2025-12-10T19:49:07.662683+00:00
1406,1765396147.6807911,2025-12-10T19:49:07.680797+00:00
1407,1765396147.701378,2025-12-10T19:49:07.701385+00:00
1408,1765396147.722282,2025-12-10T19:49:07.722286+00:00
1409,1765396147.7424362,2025-12-10T19:49:07.742439+00:00
1410,1765396147.762462,2025-12-10T19:49:07.762467+00:00
1411,1765396147.783369,2025-12-10T19:49:07.783387+00:00
1412,1765396147.800829,2025-12-10T19:49:07.800831+00:00
1413,1765396147.81794,2025-12-10T19:49:07.817943+00:00
1414,1765396147.839075,2025-12-10T19:49:07.839169+00:00
1415,1765396147.8561668,2025-12-10T19:49:07.856189+00:00
1416,1765396147.8732018,2025-12-10T19:49:07.873207+00:00
1417,1765396147.894096,2025-12-10T19:49:07.894098+00:00
1418,1765396147.9113102,2025-12-10T19:49:07.911316+00:00
1419,1765396147.9322119,2025-12-10T19:49:07.932214+00:00
1420,1765396147.952986,2025-12-10T19:49:07.952998+00:00
1421,1765396147.9704802,2025-12-10T19:49:07.970486+00:00
1422,1765396147.989106,2025-12-10T19:49:07.989108+00:00
1423,1765396148.005852,2025-12-10T19:49:08.005854+00:00
1424,1765396148.024586,2025-12-10T19:49:08.024589+00:00
1425,1765396148.0454662,2025-12-10T19:49:08.045471+00:00
1426,1765396148.0635898,2025-12-10T19:49:08.063603+00:00
1427,1765396148.082165,2025-12-10T19:49:08.082169+00:00
1428,1765396148.1013818,2025-12-10T19:49:08.101387+00:00
1429,1765396148.121999,2025-12-10T19:49:08.122009+00:00
1430,1765396148.143393,2025-12-10T19:49:08.143397+00:00
1431,1765396148.164264,2025-12-10T19:49:08.164267+00:00
1432,1765396148.185144,2025-12-10T19:49:08.185151+00:00
1433,1765396148.203712,2025-12-10T19:49:08.203718+00:00
1434,1765396148.220916,2025-12-10T19:49:08.220917+00:00
1435,1765396148.239769,2025-12-10T19:49:08.239773+00:00
1436,1765396148.258014,2025-12-10T19:49:08.258019+00:00
1437,1765396148.278485,2025-12-10T19:49:08.278487+00:00
1438,1765396148.299354,2025-12-10T19:49:08.299359+00:00
1439,1765396148.3200362,2025-12-10T19:49:08.320043+00:00
1440,1765396148.338648,2025-12-10T19:49:08.338651+00:00
1441,1765396148.3595352,2025-12-10T19:49:08.359537+00:00
1442,1765396148.377704,2025-12-10T19:49:08.377712+00:00
1443,1765396148.3953831,2025-12-10T19:49:08.395390+00:00
1444,1765396148.4162612,2025-12-10T19:49:08.416265+00:00
1445,1765396148.437143,2025-12-10T19:49:08.437149+00:00
1446,1765396148.45644,2025-12-10T19:49:08.456444+00:00
1447,1765396148.47732,2025-12-10T19:49:08.477326+00:00
1448,1765396148.496973,2025-12-10T19:49:08.496983+00:00
1449,1765396148.5179038,2025-12-10T19:49:08.517908+00:00
1450,1765396148.5355341,2025-12-10T19:49:08.535540+00:00
1451,1765396148.5564318,2025-12-10T19:49:08.556436+00:00
1452,1765396148.577336,2025-12-10T19:49:08.577342+00:00
1453,1765396148.596185,2025-12-10T19:49:08.596189+00:00
1454,1765396148.617053,2025-12-10T19:49:08.617055+00:00
1455,1765396148.634769,2025-12-10T19:49:08.634775+00:00
1456,1765396148.6566029,2025-12-10T19:49:08.656609+00:00
1457,1765396148.677511,2025-12-10T19:49:08.677514+00:00
1458,1765396148.696535,2025-12-10T19:49:08.696542+00:00
1459,1765396148.7174551,2025-12-10T19:49:08.717461+00:00
1460,1765396148.7372532,2025-12-10T19:49:08.737259+00:00
1461,1765396148.756604,2025-12-10T19:49:08.756607+00:00
1462,1765396148.777481,2025-12-10T19:49:08.777484+00:00
1463,1765396148.796981,2025-12-10T19:49:08.796987+00:00
1464,1765396148.8178759,2025-12-10T19:49:08.817879+00:00
1465,1765396148.8348532,2025-12-10T19:49:08.834856+00:00
1466,1765396148.8557272,2025-12-10T19:49:08.855730+00:00
1467,1765396148.872475,2025-12-10T19:49:08.872478+00:00
1468,1765396148.8933399,2025-12-10T19:49:08.893341+00:00
1469,1765396148.914193,2025-12-10T19:49:08.914195+00:00
1470,1765396148.930926,2025-12-10T19:49:08.930927+00:00
1471,1765396148.9517922,2025-12-10T19:49:08.951796+00:00
1472,1765396148.9712179,2025-12-10T19:49:08.971224+00:00
1473,1765396148.988385,2025-12-10T19:49:08.988393+00:00
1474,1765396149.006764,2025-12-10T19:49:09.006767+00:00
1475,1765396149.027648,2025-12-10T19:49:09.027649+00:00
1476,1765396149.0477371,2025-12-10T19:49:09.047739+00:00
1477,1765396149.068613,2025-12-10T19:49:09.068614+00:00
1478,1765396149.088781,2025-12-10T19:49:09.088781+00:00
1479,1765396149.109635,2025-12-10T19:49:09.109639+00:00
1480,1765396149.129745,2025-12-10T19:49:09.129750+00:00
1481,1765396149.150652,2025-12-10T19:49:09.150657+00:00
1482,1765396149.171552,2025-12-10T19:49:09.171555+00:00
1483,1765396149.188836,2025-12-10T19:49:09.188846+00:00
1484,1765396149.2089338,2025-12-10T19:49:09.208937+00:00
1485,1765396149.2269802,2025-12-10T19:49:09.226988+00:00
1486,1765396149.2467551,2025-12-10T19:49:09.246761+00:00
1487,1765396149.2676768,2025-12-10T19:49:09.267679+00:00
1488,1765396149.2883341,2025-12-10T19:49:09.288338+00:00
1489,1765396149.3092601,2025-12-10T19:49:09.309265+00:00
1490,1765396149.330106,2025-12-10T19:49:09.330110+00:00
1491,1765396149.349893,2025-12-10T19:49:09.349896+00:00
1492,1765396149.366876,2025-12-10T19:49:09.366879+00:00
1493,1765396149.3877451,2025-12-10T19:49:09.387749+00:00
1494,1765396149.4083571,2025-12-10T19:49:09.408362+00:00
1495,1765396149.427856,2025-12-10T19:49:09.427858+00:00
1496,1765396149.4484859,2025-12-10T19:49:09.448491+00:00
1497,1765396149.469389,2025-12-10T19:49:09.469395+00:00
1498,1765396149.490308,2025-12-10T19:49:09.490315+00:00
1499,1765396149.51096,2025-12-10T19:49:09.510965+00:00
1500,1765396149.529341,2025-12-10T19:49:09.529345+00:00
1501,1765396149.5501702,2025-12-10T19:49:09.550176+00:00
1502,1765396149.571075,2025-12-10T19:49:09.571076+00:00
1503,1765396149.588012,2025-12-10T19:49:09.588015+00:00
1504,1765396149.60721,2025-12-10T19:49:09.607213+00:00
1505,1765396149.6273658,2025-12-10T19:49:09.627368+00:00
1506,1765396149.6482391,2025-12-10T19:49:09.648242+00:00
1507,1765396149.66526,2025-12-10T19:49:09.665262+00:00
1508,1765396149.682118,2025-12-10T19:49:09.682119+00:00
1509,1765396149.70298,2025-12-10T19:49:09.702983+00:00
1510,1765396149.722177,2025-12-10T19:49:09.722177+00:00
1511,1765396149.74303,2025-12-10T19:49:09.743031+00:00
1512,1765396149.762175,2025-12-10T19:49:09.762178+00:00
1513,1765396149.7830489,2025-12-10T19:49:09.783050+00:00
1514,1765396149.803925,2025-12-10T19:49:09.803935+00:00
1515,1765396149.82205,2025-12-10T19:49:09.822052+00:00
1516,1765396149.8400698,2025-12-10T19:49:09.840075+00:00
1517,1765396149.8609788,2025-12-10T19:49:09.860985+00:00
1518,1765396149.880455,2025-12-10T19:49:09.880459+00:00
1519,1765396149.901341,2025-12-10T19:49:09.901347+00:00
1520,1765396149.921213,2025-12-10T19:49:09.921217+00:00
1521,1765396149.9400861,2025-12-10T19:49:09.940090+00:00
1522,1765396149.958702,2025-12-10T19:49:09.958709+00:00
1523,1765396149.978708,2025-12-10T19:49:09.978717+00:00
1524,1765396149.999628,2025-12-10T19:49:09.999635+00:00
1525,1765396150.019609,2025-12-10T19:49:10.019612+00:00
1526,1765396150.040478,2025-12-10T19:49:10.040483+00:00
1527,1765396150.060288,2025-12-10T19:49:10.060298+00:00
1528,1765396150.0812008,2025-12-10T19:49:10.081204+00:00
1529,1765396150.102079,2025-12-10T19:49:10.102084+00:00
1530,1765396150.122941,2025-12-10T19:49:10.122947+00:00
1531,1765396150.143831,2025-12-10T19:49:10.143834+00:00
1532,1765396150.163019,2025-12-10T19:49:10.163025+00:00
1533,1765396150.1806772,2025-12-10T19:49:10.180680+00:00
1534,1765396150.2013729,2025-12-10T19:49:10.201377+00:00
1535,1765396150.2222562,2025-12-10T19:49:10.222270+00:00
1536,1765396150.243139,2025-12-10T19:49:10.243142+00:00
1537,1765396150.2605498,2025-12-10T19:49:10.260552+00:00
1538,1765396150.2803252,2025-12-10T19:49:10.280327+00:00
1539,1765396150.297038,2025-12-10T19:49:10.297044+00:00
1540,1765396150.3179579,2025-12-10T19:49:10.317963+00:00
1541,1765396150.336447,2025-12-10T19:49:10.336449+00:00
1542,1765396150.353921,2025-12-10T19:49:10.353925+00:00
1543,1765396150.371103,2025-12-10T19:49:10.371105+00:00
1544,1765396150.391474,2025-12-10T19:49:10.391476+00:00
1545,1765396150.41235,2025-12-10T19:49:10.412354+00:00
1546,1765396150.430377,2025-12-10T19:49:10.430381+00:00
1547,1765396150.451251,2025-12-10T19:49:10.451256+00:00
1548,1765396150.468035,2025-12-10T19:49:10.468039+00:00
1549,1765396150.487301,2025-12-10T19:49:10.487305+00:00
1550,1765396150.507916,2025-12-10T19:49:10.507919+00:00
1551,1765396150.526609,2025-12-10T19:49:10.526617+00:00
1552,1765396150.547529,2025-12-10T19:49:10.547532+00:00
1553,1765396150.5684,2025-12-10T19:49:10.568405+00:00
1554,1765396150.588619,2025-12-10T19:49:10.588632+00:00
1555,1765396150.606535,2025-12-10T19:49:10.606539+00:00
1556,1765396150.6274428,2025-12-10T19:49:10.627448+00:00
1557,1765396150.648341,2025-12-10T19:49:10.648346+00:00
1558,1765396150.6692202,2025-12-10T19:49:10.669224+00:00
1559,1765396150.688213,2025-12-10T19:49:10.688214+00:00
1560,1765396150.709064,2025-12-10T19:49:10.709065+00:00
1561,1765396150.7265432,2025-12-10T19:49:10.726544+00:00
1562,1765396150.7453399,2025-12-10T19:49:10.745341+00:00
1563,1765396150.762489,2025-12-10T19:49:10.762500+00:00
1564,1765396150.7834182,2025-12-10T19:49:10.783422+00:00
1565,1765396150.80431,2025-12-10T19:49:10.804312+00:00
1566,1765396150.8219461,2025-12-10T19:49:10.821951+00:00
1567,1765396150.842824,2025-12-10T19:49:10.842829+00:00
1568,1765396150.8623848,2025-12-10T19:49:10.862391+00:00
1569,1765396150.881301,2025-12-10T19:49:10.881305+00:00
1570,1765396150.902176,2025-12-10T19:49:10.902179+00:00
1571,1765396150.9230459,2025-12-10T19:49:10.923051+00:00
1572,1765396150.9411619,2025-12-10T19:49:10.941167+00:00
1573,1765396150.9590368,2025-12-10T19:49:10.959043+00:00
1574,1765396150.977163,2025-12-10T19:49:10.977167+00:00
1575,1765396150.995944,2025-12-10T19:49:10.995959+00:00
1576,1765396151.014108,2025-12-10T19:49:11.014112+00:00
1577,1765396151.032633,2025-12-10T19:49:11.032638+00:00
1578,1765396151.0524008,2025-12-10T19:49:11.052404+00:00
1579,1765396151.0710652,2025-12-10T19:49:11.071071+00:00
1580,1765396151.088908,2025-12-10T19:49:11.088911+00:00
1581,1765396151.109056,2025-12-10T19:49:11.109061+00:00
1582,1765396151.127358,2025-12-10T19:49:11.127362+00:00
1583,1765396151.146611,2025-12-10T19:49:11.146620+00:00
1584,1765396151.1675289,2025-12-10T19:49:11.167532+00:00
1585,1765396151.1884,2025-12-10T19:49:11.188403+00:00
1586,1765396151.209277,2025-12-10T19:49:11.209282+00:00
1587,1765396151.2281878,2025-12-10T19:49:11.228196+00:00
1588,1765396151.246027,2025-12-10T19:49:11.246034+00:00
1589,1765396151.2669492,2025-12-10T19:49:11.266955+00:00
1590,1765396151.287848,2025-12-10T19:49:11.287851+00:00
1591,1765396151.308716,2025-12-10T19:49:11.308719+00:00
1592,1765396151.3256261,2025-12-10T19:49:11.325631+00:00
1593,1765396151.342656,2025-12-10T19:49:11.342662+00:00
1594,1765396151.3635478,2025-12-10T19:49:11.363551+00:00
1595,1765396151.384414,2025-12-10T19:49:11.384416+00:00
1596,1765396151.40528,2025-12-10T19:49:11.405285+00:00
1597,1765396151.4236531,2025-12-10T19:49:11.423657+00:00
1598,1765396151.442772,2025-12-10T19:49:11.442779+00:00
1599,1765396151.460691,2025-12-10T19:49:11.460696+00:00
1600,1765396151.4801202,2025-12-10T19:49:11.480125+00:00
1601,1765396151.501023,2025-12-10T19:49:11.501027+00:00
1602,1765396151.517968,2025-12-10T19:49:11.517972+00:00
1603,1765396151.53885,2025-12-10T19:49:11.538859+00:00
1604,1765396151.5580502,2025-12-10T19:49:11.558052+00:00
1605,1765396151.576108,2025-12-10T19:49:11.576115+00:00
1606,1765396151.597013,2025-12-10T19:49:11.597014+00:00
1607,1765396151.617593,2025-12-10T19:49:11.617595+00:00
1608,1765396151.634631,2025-12-10T19:49:11.634632+00:00
1609,1765396151.655493,2025-12-10T19:49:11.655496+00:00
1610,1765396151.676021,2025-12-10T19:49:11.676022+00:00
1611,1765396151.696872,2025-12-10T19:49:11.696874+00:00
1612,1765396151.717201,2025-12-10T19:49:11.717204+00:00
1613,1765396151.73807,2025-12-10T19:49:11.738074+00:00
1614,1765396151.7589388,2025-12-10T19:49:11.758944+00:00
1615,1765396151.7798212,2025-12-10T19:49:11.779822+00:00
1616,1765396151.801717,2025-12-10T19:49:11.801719+00:00
1617,1765396151.8210912,2025-12-10T19:49:11.821099+00:00
1618,1765396151.841822,2025-12-10T19:49:11.841826+00:00
1619,1765396151.859637,2025-12-10T19:49:11.859639+00:00
1620,1765396151.87979,2025-12-10T19:49:11.879792+00:00
1621,1765396151.897782,2025-12-10T19:49:11.897785+00:00
1622,1765396151.9163258,2025-12-10T19:49:11.916328+00:00
1623,1765396151.934636,2025-12-10T19:49:11.934638+00:00
1624,1765396151.955497,2025-12-10T19:49:11.955498+00:00
1625,1765396151.976319,2025-12-10T19:49:11.976326+00:00
1626,1765396151.994056,2025-12-10T19:49:11.994059+00:00
1627,1765396152.012474,2025-12-10T19:49:12.012476+00:00
1628,1765396152.033876,2025-12-10T19:49:12.033879+00:00
1629,1765396152.050844,2025-12-10T19:49:12.050847+00:00
1630,1765396152.067968,2025-12-10T19:49:12.067974+00:00
1631,1765396152.088869,2025-12-10T19:49:12.088872+00:00
1632,1765396152.109495,2025-12-10T19:49:12.109499+00:00
1633,1765396152.130003,2025-12-10T19:49:12.130009+00:00
1634,1765396152.14892,2025-12-10T19:49:12.148923+00:00
1635,1765396152.167973,2025-12-10T19:49:12.167980+00:00
1636,1765396152.1888452,2025-12-10T19:49:12.188847+00:00
1637,1765396152.209321,2025-12-10T19:49:12.209326+00:00
1638,1765396152.2295969,2025-12-10T19:49:12.229613+00:00
1639,1765396152.250498,2025-12-10T19:49:12.250501+00:00
1640,1765396152.27137,2025-12-10T19:49:12.271373+00:00
1641,1765396152.291751,2025-12-10T19:49:12.291754+00:00
1642,1765396152.312629,2025-12-10T19:49:12.312630+00:00
1643,1765396152.333481,2025-12-10T19:49:12.333483+00:00
1644,1765396152.3511748,2025-12-10T19:49:12.351180+00:00
1645,1765396152.372083,2025-12-10T19:49:12.372084+00:00
1646,1765396152.392941,2025-12-10T19:49:12.392943+00:00
1647,1765396152.413812,2025-12-10T19:49:12.413813+00:00
1648,1765396152.4346838,2025-12-10T19:49:12.434688+00:00
1649,1765396152.451926,2025-12-10T19:49:12.451927+00:00
1650,1765396152.469595,2025-12-10T19:49:12.469600+00:00
1651,1765396152.4905019,2025-12-10T19:49:12.490506+00:00
1652,1765396152.509644,2025-12-10T19:49:12.509648+00:00
1653,1765396152.526978,2025-12-10T19:49:12.526980+00:00
1654,1765396152.547851,2025-12-10T19:49:12.547852+00:00
1655,1765396152.5689542,2025-12-10T19:49:12.568959+00:00
1656,1765396152.5878909,2025-12-10T19:49:12.587895+00:00
1657,1765396152.608796,2025-12-10T19:49:12.608801+00:00
1658,1765396152.62767,2025-12-10T19:49:12.627673+00:00
1659,1765396152.648542,2025-12-10T19:49:12.648544+00:00
1660,1765396152.6694138,2025-12-10T19:49:12.669419+00:00
1661,1765396152.690318,2025-12-10T19:49:12.690321+00:00
1662,1765396152.709632,2025-12-10T19:49:12.709633+00:00
1663,1765396152.7302258,2025-12-10T19:49:12.730227+00:00
1664,1765396152.749713,2025-12-10T19:49:12.749716+00:00
1665,1765396152.768121,2025-12-10T19:49:12.768124+00:00
1666,1765396152.7881038,2025-12-10T19:49:12.788105+00:00
1667,1765396152.80785,2025-12-10T19:49:12.807855+00:00
1668,1765396152.828662,2025-12-10T19:49:12.828667+00:00
1669,1765396152.84958,2025-12-10T19:49:12.849587+00:00
1670,1765396152.866387,2025-12-10T19:49:12.866390+00:00
1671,1765396152.886752,2025-12-10T19:49:12.886754+00:00
1672,1765396152.907635,2025-12-10T19:49:12.907637+00:00
1673,1765396152.925945,2025-12-10T19:49:12.925947+00:00
1674,1765396152.946818,2025-12-10T19:49:12.946819+00:00
1675,1765396152.967721,2025-12-10T19:49:12.967721+00:00
1676,1765396152.988352,2025-12-10T19:49:12.988356+00:00
1677,1765396153.008405,2025-12-10T19:49:13.008410+00:00
1678,1765396153.02779,2025-12-10T19:49:13.027794+00:00
1679,1765396153.050148,2025-12-10T19:49:13.050154+00:00
1680,1765396153.0696042,2025-12-10T19:49:13.069610+00:00
1681,1765396153.088784,2025-12-10T19:49:13.088788+00:00
1682,1765396153.1096692,2025-12-10T19:49:13.109672+00:00
1683,1765396153.130086,2025-12-10T19:49:13.130089+00:00
1684,1765396153.150837,2025-12-10T19:49:13.150843+00:00
1685,1765396153.167982,2025-12-10T19:49:13.167983+00:00
1686,1765396153.188729,2025-12-10T19:49:13.188732+00:00
1687,1765396153.207893,2025-12-10T19:49:13.207896+00:00
1688,1765396153.2288,2025-12-10T19:49:13.228803+00:00
1689,1765396153.249683,2025-12-10T19:49:13.249686+00:00
1690,1765396153.270564,2025-12-10T19:49:13.270566+00:00
1691,1765396153.291423,2025-12-10T19:49:13.291426+00:00
1692,1765396153.312268,2025-12-10T19:49:13.312272+00:00
1693,1765396153.332866,2025-12-10T19:49:13.332868+00:00
1694,1765396153.352459,2025-12-10T19:49:13.352462+00:00
1695,1765396153.370361,2025-12-10T19:49:13.370365+00:00
1696,1765396153.3912451,2025-12-10T19:49:13.391248+00:00
1697,1765396153.4081988,2025-12-10T19:49:13.408200+00:00
1698,1765396153.431594,2025-12-10T19:49:13.431598+00:00
1699,1765396153.451395,2025-12-10T19:49:13.451400+00:00
1700,1765396153.471228,2025-12-10T19:49:13.471237+00:00
1701,1765396153.4921558,2025-12-10T19:49:13.492161+00:00
1702,1765396153.513068,2025-12-10T19:49:13.513077+00:00
1703,1765396153.533034,2025-12-10T19:49:13.533040+00:00
1704,1765396153.549864,2025-12-10T19:49:13.549874+00:00
1705,1765396153.5690858,2025-12-10T19:49:13.569090+00:00
1706,1765396153.5872278,2025-12-10T19:49:13.587232+00:00
1707,1765396153.6081321,2025-12-10T19:49:13.608134+00:00
1708,1765396153.6251872,2025-12-10T19:49:13.625191+00:00
1709,1765396153.6461,2025-12-10T19:49:13.646104+00:00
1710,1765396153.665691,2025-12-10T19:49:13.665692+00:00
1711,1765396153.6833248,2025-12-10T19:49:13.683329+00:00
1712,1765396153.704231,2025-12-10T19:49:13.704234+00:00
1713,1765396153.72509,2025-12-10T19:49:13.725092+00:00
1714,1765396153.742955,2025-12-10T19:49:13.742967+00:00
1715,1765396153.762296,2025-12-10T19:49:13.762300+00:00
1716,1765396153.780104,2025-12-10T19:49:13.780105+00:00
1717,1765396153.800956,2025-12-10T19:49:13.800958+00:00
1718,1765396153.8217778,2025-12-10T19:49:13.821779+00:00
1719,1765396153.842317,2025-12-10T19:49:13.842319+00:00
1720,1765396153.86319,2025-12-10T19:49:13.863195+00:00
1721,1765396153.881078,2025-12-10T19:49:13.881079+00:00
1722,1765396153.8996532,2025-12-10T19:49:13.899657+00:00
1723,1765396153.9190102,2025-12-10T19:49:13.919015+00:00
1724,1765396153.938505,2025-12-10T19:49:13.938508+00:00
1725,1765396153.957705,2025-12-10T19:49:13.957706+00:00
1726,1765396153.97856,2025-12-10T19:49:13.978562+00:00
1727,1765396154.002288,2025-12-10T19:49:14.002292+00:00
1728,1765396154.0199199,2025-12-10T19:49:14.019927+00:00
1729,1765396154.040839,2025-12-10T19:49:14.040845+00:00
1730,1765396154.0596669,2025-12-10T19:49:14.059670+00:00
1731,1765396154.076635,2025-12-10T19:49:14.076639+00:00
1732,1765396154.0975301,2025-12-10T19:49:14.097533+00:00
1733,1765396154.1171122,2025-12-10T19:49:14.117118+00:00
1734,1765396154.138001,2025-12-10T19:49:14.138006+00:00
1735,1765396154.158432,2025-12-10T19:49:14.158434+00:00
1736,1765396154.1763651,2025-12-10T19:49:14.176366+00:00
1737,1765396154.195668,2025-12-10T19:49:14.195671+00:00
1738,1765396154.216275,2025-12-10T19:49:14.216278+00:00
1739,1765396154.2371662,2025-12-10T19:49:14.237168+00:00
1740,1765396154.258048,2025-12-10T19:49:14.258076+00:00
1741,1765396154.2749262,2025-12-10T19:49:14.274935+00:00
1742,1765396154.295847,2025-12-10T19:49:14.295853+00:00
1743,1765396154.313468,2025-12-10T19:49:14.313473+00:00
1744,1765396154.333365,2025-12-10T19:49:14.333371+00:00
1745,1765396154.352492,2025-12-10T19:49:14.352495+00:00
1746,1765396154.370038,2025-12-10T19:49:14.370044+00:00
1747,1765396154.39095,2025-12-10T19:49:14.390953+00:00
1748,1765396154.410503,2025-12-10T19:49:14.410505+00:00
1749,1765396154.4303942,2025-12-10T19:49:14.430398+00:00
1750,1765396154.450293,2025-12-10T19:49:14.450296+00:00
1751,1765396154.471175,2025-12-10T19:49:14.471177+00:00
1752,1765396154.490497,2025-12-10T19:49:14.490502+00:00
1753,1765396154.5099761,2025-12-10T19:49:14.509978+00:00
1754,1765396154.530619,2025-12-10T19:49:14.530622+00:00
1755,1765396154.5509398,2025-12-10T19:49:14.550943+00:00
1756,1765396154.570015,2025-12-10T19:49:14.570018+00:00
1757,1765396154.590894,2025-12-10T19:49:14.590899+00:00
1758,1765396154.609733,2025-12-10T19:49:14.609739+00:00
1759,1765396154.630631,2025-12-10T19:49:14.630633+00:00
1760,1765396154.648607,2025-12-10T19:49:14.648611+00:00
1761,1765396154.669499,2025-12-10T19:49:14.669502+00:00
1762,1765396154.6903749,2025-12-10T19:49:14.690418+00:00
1763,1765396154.7107441,2025-12-10T19:49:14.710763+00:00
1764,1765396154.729763,2025-12-10T19:49:14.729766+00:00
1765,1765396154.748378,2025-12-10T19:49:14.748383+00:00
1766,1765396154.765811,2025-12-10T19:49:14.765815+00:00
1767,1765396154.786349,2025-12-10T19:49:14.786354+00:00
1768,1765396154.8064609,2025-12-10T19:49:14.806468+00:00
1769,1765396154.824215,2025-12-10T19:49:14.824221+00:00
1770,1765396154.843088,2025-12-10T19:49:14.843097+00:00
1771,1765396154.862188,2025-12-10T19:49:14.862191+00:00
1772,1765396154.883069,2025-12-10T19:49:14.883072+00:00
1773,1765396154.903983,2025-12-10T19:49:14.903984+00:00
1774,1765396154.923776,2025-12-10T19:49:14.923781+00:00
1775,1765396154.942406,2025-12-10T19:49:14.942409+00:00
1776,1765396154.961955,2025-12-10T19:49:14.961957+00:00
1777,1765396154.979738,2025-12-10T19:49:14.979740+00:00
1778,1765396154.99726,2025-12-10T19:49:14.997267+00:00
1779,1765396155.0181491,2025-12-10T19:49:15.018157+00:00
1780,1765396155.039069,2025-12-10T19:49:15.039074+00:00
1781,1765396155.059978,2025-12-10T19:49:15.059984+00:00
1782,1765396155.0795891,2025-12-10T19:49:15.079601+00:00
1783,1765396155.09675,2025-12-10T19:49:15.096751+00:00
1784,1765396155.117835,2025-12-10T19:49:15.117839+00:00
1785,1765396155.137774,2025-12-10T19:49:15.137777+00:00
1786,1765396155.15566,2025-12-10T19:49:15.155665+00:00
1787,1765396155.176558,2025-12-10T19:49:15.176561+00:00
1788,1765396155.1966531,2025-12-10T19:49:15.196658+00:00
1789,1765396155.2175539,2025-12-10T19:49:15.217559+00:00
1790,1765396155.238456,2025-12-10T19:49:15.238460+00:00
1791,1765396155.258765,2025-12-10T19:49:15.258773+00:00
1792,1765396155.276108,2025-12-10T19:49:15.276111+00:00
1793,1765396155.296124,2025-12-10T19:49:15.296128+00:00
1794,1765396155.315009,2025-12-10T19:49:15.315010+00:00
1795,1765396155.334322,2025-12-10T19:49:15.334328+00:00
1796,1765396155.353656,2025-12-10T19:49:15.353661+00:00
1797,1765396155.374544,2025-12-10T19:49:15.374545+00:00
1798,1765396155.395405,2025-12-10T19:49:15.395407+00:00
1799,1765396155.415652,2025-12-10T19:49:15.415656+00:00
1800,1765396155.43428,2025-12-10T19:49:15.434284+00:00
1801,1765396155.453074,2025-12-10T19:49:15.453077+00:00
1802,1765396155.4739578,2025-12-10T19:49:15.473959+00:00
1803,1765396155.492535,2025-12-10T19:49:15.492538+00:00
1804,1765396155.5096178,2025-12-10T19:49:15.509622+00:00
1805,1765396155.527741,2025-12-10T19:49:15.527744+00:00
1806,1765396155.547005,2025-12-10T19:49:15.547012+00:00
1807,1765396155.568547,2025-12-10T19:49:15.568554+00:00
1808,1765396155.5865228,2025-12-10T19:49:15.586526+00:00
1809,1765396155.6066089,2025-12-10T19:49:15.606612+00:00
1810,1765396155.6264052,2025-12-10T19:49:15.626410+00:00
1811,1765396155.643868,2025-12-10T19:49:15.643880+00:00
1812,1765396155.66205,2025-12-10T19:49:15.662055+00:00
1813,1765396155.682719,2025-12-10T19:49:15.682724+00:00
1814,1765396155.7014122,2025-12-10T19:49:15.701417+00:00
1815,1765396155.7223501,2025-12-10T19:49:15.722359+00:00
1816,1765396155.740075,2025-12-10T19:49:15.740077+00:00
1817,1765396155.76096,2025-12-10T19:49:15.760964+00:00
1818,1765396155.778271,2025-12-10T19:49:15.778275+00:00
1819,1765396155.799146,2025-12-10T19:49:15.799147+00:00
1820,1765396155.817142,2025-12-10T19:49:15.817145+00:00
1821,1765396155.83803,2025-12-10T19:49:15.838035+00:00
1822,1765396155.858925,2025-12-10T19:49:15.858927+00:00
1823,1765396155.879801,2025-12-10T19:49:15.879804+00:00
1824,1765396155.9004369,2025-12-10T19:49:15.900444+00:00
1825,1765396155.918041,2025-12-10T19:49:15.918046+00:00
1826,1765396155.9378,2025-12-10T19:49:15.937805+00:00
1827,1765396155.9586968,2025-12-10T19:49:15.958701+00:00
1828,1765396155.979572,2025-12-10T19:49:15.979577+00:00
1829,1765396155.996352,2025-12-10T19:49:15.996355+00:00
1830,1765396156.01464,2025-12-10T19:49:16.014646+00:00
1831,1765396156.033791,2025-12-10T19:49:16.033796+00:00
1832,1765396156.051183,2025-12-10T19:49:16.051188+00:00
1833,1765396156.0680552,2025-12-10T19:49:16.068059+00:00
1834,1765396156.088274,2025-12-10T19:49:16.088280+00:00
1835,1765396156.108122,2025-12-10T19:49:16.108129+00:00
1836,1765396156.1263301,2025-12-10T19:49:16.126337+00:00
1837,1765396156.1470962,2025-12-10T19:49:16.147098+00:00
1838,1765396156.167823,2025-12-10T19:49:16.167828+00:00
1839,1765396156.1846972,2025-12-10T19:49:16.184700+00:00
1840,1765396156.205578,2025-12-10T19:49:16.205581+00:00
1841,1765396156.2264462,2025-12-10T19:49:16.226450+00:00
1842,1765396156.247315,2025-12-10T19:49:16.247318+00:00
1843,1765396156.267421,2025-12-10T19:49:16.267426+00:00
1844,1765396156.288312,2025-12-10T19:49:16.288315+00:00
1845,1765396156.309713,2025-12-10T19:49:16.309718+00:00
1846,1765396156.330473,2025-12-10T19:49:16.330478+00:00
1847,1765396156.351382,2025-12-10T19:49:16.351391+00:00
1848,1765396156.372295,2025-12-10T19:49:16.372300+00:00
1849,1765396156.3930812,2025-12-10T19:49:16.393086+00:00
1850,1765396156.4139662,2025-12-10T19:49:16.413967+00:00
1851,1765396156.434557,2025-12-10T19:49:16.434559+00:00
1852,1765396156.453387,2025-12-10T19:49:16.453389+00:00
1853,1765396156.474262,2025-12-10T19:49:16.474263+00:00
1854,1765396156.492531,2025-12-10T19:49:16.492533+00:00
1855,1765396156.50978,2025-12-10T19:49:16.509782+00:00
1856,1765396156.529485,2025-12-10T19:49:16.529488+00:00
1857,1765396156.550369,2025-12-10T19:49:16.550374+00:00
1858,1765396156.567401,2025-12-10T19:49:16.567404+00:00
1859,1765396156.588288,2025-12-10T19:49:16.588290+00:00
1860,1765396156.609152,2025-12-10T19:49:16.609154+00:00
1861,1765396156.630042,2025-12-10T19:49:16.630046+00:00
1862,1765396156.650928,2025-12-10T19:49:16.650929+00:00
1863,1765396156.668007,2025-12-10T19:49:16.668008+00:00
1864,1765396156.6888692,2025-12-10T19:49:16.688871+00:00
1865,1765396156.7096908,2025-12-10T19:49:16.709691+00:00
1866,1765396156.730552,2025-12-10T19:49:16.730556+00:00
1867,1765396156.750988,2025-12-10T19:49:16.750988+00:00
1868,1765396156.771851,2025-12-10T19:49:16.771855+00:00
1869,1765396156.791175,2025-12-10T19:49:16.791176+00:00
1870,1765396156.809282,2025-12-10T19:49:16.809287+00:00
1871,1765396156.827938,2025-12-10T19:49:16.827942+00:00
1872,1765396156.848811,2025-12-10T19:49:16.848815+00:00
1873,1765396156.869707,2025-12-10T19:49:16.869712+00:00
1874,1765396156.889248,2025-12-10T19:49:16.889252+00:00
1875,1765396156.909653,2025-12-10T19:49:16.909657+00:00
1876,1765396156.9305758,2025-12-10T19:49:16.930581+00:00
1877,1765396156.951417,2025-12-10T19:49:16.951426+00:00
1878,1765396156.972321,2025-12-10T19:49:16.972323+00:00
1879,1765396156.992958,2025-12-10T19:49:16.992962+00:00
1880,1765396157.012652,2025-12-10T19:49:17.012657+00:00
1881,1765396157.033552,2025-12-10T19:49:17.033559+00:00
1882,1765396157.052122,2025-12-10T19:49:17.052127+00:00
1883,1765396157.073039,2025-12-10T19:49:17.073048+00:00
1884,1765396157.093958,2025-12-10T19:49:17.093961+00:00
1885,1765396157.114836,2025-12-10T19:49:17.114840+00:00
1886,1765396157.131574,2025-12-10T19:49:17.131578+00:00
1887,1765396157.152458,2025-12-10T19:49:17.152462+00:00
1888,1765396157.171267,2025-12-10T19:49:17.171273+00:00
1889,1765396157.191824,2025-12-10T19:49:17.191825+00:00
1890,1765396157.208714,2025-12-10T19:49:17.208715+00:00
1891,1765396157.226306,2025-12-10T19:49:17.226307+00:00
1892,1765396157.2456908,2025-12-10T19:49:17.245692+00:00
1893,1765396157.2665641,2025-12-10T19:49:17.266567+00:00
1894,1765396157.2870982,2025-12-10T19:49:17.287100+00:00
1895,1765396157.307976,2025-12-10T19:49:17.307978+00:00
1896,1765396157.326329,2025-12-10T19:49:17.326329+00:00
1897,1765396157.347191,2025-12-10T19:49:17.347197+00:00
1898,1765396157.368049,2025-12-10T19:49:17.368060+00:00
1899,1765396157.388971,2025-12-10T19:49:17.388974+00:00
1900,1765396157.4092789,2025-12-10T19:49:17.409280+00:00
1901,1765396157.426326,2025-12-10T19:49:17.426328+00:00
1902,1765396157.446597,2025-12-10T19:49:17.446599+00:00
1903,1765396157.467463,2025-12-10T19:49:17.467467+00:00
1904,1765396157.486739,2025-12-10T19:49:17.486746+00:00
1905,1765396157.507339,2025-12-10T19:49:17.507348+00:00
1906,1765396157.526029,2025-12-10T19:49:17.526033+00:00
1907,1765396157.5469398,2025-12-10T19:49:17.546944+00:00
1908,1765396157.567845,2025-12-10T19:49:17.567848+00:00
1909,1765396157.588713,2025-12-10T19:49:17.588716+00:00
1910,1765396157.609584,2025-12-10T19:49:17.609588+00:00
1911,1765396157.628854,2025-12-10T19:49:17.628860+00:00
1912,1765396157.6497579,2025-12-10T19:49:17.649761+00:00
1913,1765396157.667975,2025-12-10T19:49:17.667977+00:00
1914,1765396157.688352,2025-12-10T19:49:17.688357+00:00
1915,1765396157.7073338,2025-12-10T19:49:17.707339+00:00
1916,1765396157.726816,2025-12-10T19:49:17.726819+00:00
1917,1765396157.747707,2025-12-10T19:49:17.747708+00:00
1918,1765396157.766521,2025-12-10T19:49:17.766525+00:00
1919,1765396157.785643,2025-12-10T19:49:17.785646+00:00
1920,1765396157.806208,2025-12-10T19:49:17.806212+00:00
1921,1765396157.826368,2025-12-10T19:49:17.826375+00:00
1922,1765396157.84411,2025-12-10T19:49:17.844116+00:00
1923,1765396157.8637419,2025-12-10T19:49:17.863751+00:00
1924,1765396157.883747,2025-12-10T19:49:17.883749+00:00
1925,1765396157.904022,2025-12-10T19:49:17.904024+00:00
1926,1765396157.9227269,2025-12-10T19:49:17.922728+00:00
1927,1765396157.943597,2025-12-10T19:49:17.943599+00:00
1928,1765396157.9640262,2025-12-10T19:49:17.964032+00:00
1929,1765396157.981645,2025-12-10T19:49:17.981646+00:00
1930,1765396158.002526,2025-12-10T19:49:18.002528+00:00
1931,1765396158.020122,2025-12-10T19:49:18.020123+00:00
1932,1765396158.039552,2025-12-10T19:49:18.039555+00:00
1933,1765396158.059443,2025-12-10T19:49:18.059448+00:00
1934,1765396158.0762901,2025-12-10T19:49:18.076294+00:00
1935,1765396158.097184,2025-12-10T19:49:18.097186+00:00
1936,1765396158.1139789,2025-12-10T19:49:18.113982+00:00
1937,1765396158.1313071,2025-12-10T19:49:18.131309+00:00
1938,1765396158.1517088,2025-12-10T19:49:18.151710+00:00
1939,1765396158.1716201,2025-12-10T19:49:18.171620+00:00
1940,1765396158.188867,2025-12-10T19:49:18.188869+00:00
1941,1765396158.205643,2025-12-10T19:49:18.205644+00:00
1942,1765396158.2265038,2025-12-10T19:49:18.226506+00:00
1943,1765396158.247318,2025-12-10T19:49:18.247320+00:00
1944,1765396158.264426,2025-12-10T19:49:18.264427+00:00
1945,1765396158.2852721,2025-12-10T19:49:18.285272+00:00
1946,1765396158.3039591,2025-12-10T19:49:18.303962+00:00
1947,1765396158.321291,2025-12-10T19:49:18.321293+00:00
1948,1765396158.340035,2025-12-10T19:49:18.340040+00:00
1949,1765396158.360924,2025-12-10T19:49:18.360926+00:00
1950,1765396158.381803,2025-12-10T19:49:18.381810+00:00
1951,1765396158.401834,2025-12-10T19:49:18.401836+00:00
1952,1765396158.422698,2025-12-10T19:49:18.422700+00:00
1953,1765396158.443289,2025-12-10T19:49:18.443290+00:00
1954,1765396158.46164,2025-12-10T19:49:18.461641+00:00
1955,1765396158.482498,2025-12-10T19:49:18.482499+00:00
1956,1765396158.502667,2025-12-10T19:49:18.502673+00:00
1957,1765396158.519704,2025-12-10T19:49:18.519706+00:00
1958,1765396158.54059,2025-12-10T19:49:18.540594+00:00
1959,1765396158.55972,2025-12-10T19:49:18.559724+00:00
1960,1765396158.577973,2025-12-10T19:49:18.577975+00:00
1961,1765396158.5982,2025-12-10T19:49:18.598203+00:00
1962,1765396158.6171148,2025-12-10T19:49:18.617117+00:00
1963,1765396158.637986,2025-12-10T19:49:18.637991+00:00
1964,1765396158.657268,2025-12-10T19:49:18.657271+00:00
1965,1765396158.674434,2025-12-10T19:49:18.674434+00:00
1966,1765396158.694806,2025-12-10T19:49:18.694807+00:00
1967,1765396158.715658,2025-12-10T19:49:18.715658+00:00
1968,1765396158.732665,2025-12-10T19:49:18.732668+00:00
1969,1765396158.7527318,2025-12-10T19:49:18.752734+00:00
1970,1765396158.771394,2025-12-10T19:49:18.771396+00:00
1971,1765396158.792248,2025-12-10T19:49:18.792249+00:00
1972,1765396158.8130932,2025-12-10T19:49:18.813094+00:00
1973,1765396158.8339882,2025-12-10T19:49:18.833992+00:00
1974,1765396158.852334,2025-12-10T19:49:18.852339+00:00
1975,1765396158.8732202,2025-12-10T19:49:18.873221+00:00
1976,1765396158.893049,2025-12-10T19:49:18.893053+00:00
1977,1765396158.914507,2025-12-10T19:49:18.914510+00:00
1978,1765396158.938638,2025-12-10T19:49:18.938644+00:00
1979,1765396158.966414,2025-12-10T19:49:18.966419+00:00
1980,1765396158.990368,2025-12-10T19:49:18.990376+00:00
1981,1765396159.007146,2025-12-10T19:49:19.007151+00:00
1982,1765396159.0498219,2025-12-10T19:49:19.049854+00:00
1983,1765396159.077963,2025-12-10T19:49:19.078012+00:00
1984,1765396159.0965009,2025-12-10T19:49:19.096507+00:00
1985,1765396159.11634,2025-12-10T19:49:19.116345+00:00
1986,1765396159.136307,2025-12-10T19:49:19.136313+00:00
1987,1765396159.1581,2025-12-10T19:49:19.158104+00:00
1988,1765396159.178785,2025-12-10T19:49:19.178945+00:00
1989,1765396159.276195,2025-12-10T19:49:19.276201+00:00
1990,1765396159.4440398,2025-12-10T19:49:19.444046+00:00
1991,1765396159.470242,2025-12-10T19:49:19.470247+00:00
1992,1765396159.491092,2025-12-10T19:49:19.491098+00:00
1993,1765396159.5087821,2025-12-10T19:49:19.508787+00:00
1994,1765396159.529855,2025-12-10T19:49:19.529860+00:00
1995,1765396159.5474849,2025-12-10T19:49:19.547490+00:00
1996,1765396159.565856,2025-12-10T19:49:19.565862+00:00
1997,1765396159.58597,2025-12-10T19:49:19.585974+00:00
1998,1765396159.608947,2025-12-10T19:49:19.608960+00:00
1999,1765396159.626393,2025-12-10T19:49:19.626398+00:00
2000,1765396159.648753,2025-12-10T19:49:19.648820+00:00
2001,1765396159.666642,2025-12-10T19:49:19.666647+00:00
2002,1765396159.6838322,2025-12-10T19:49:19.683838+00:00
2003,1765396159.7030919,2025-12-10T19:49:19.703101+00:00
2004,1765396159.720412,2025-12-10T19:49:19.720417+00:00
2005,1765396159.7409909,2025-12-10T19:49:19.740996+00:00
2006,1765396159.761833,2025-12-10T19:49:19.761840+00:00
2007,1765396159.780523,2025-12-10T19:49:19.780527+00:00
2008,1765396159.7997382,2025-12-10T19:49:19.799743+00:00
2009,1765396159.817893,2025-12-10T19:49:19.817898+00:00
2010,1765396159.83621,2025-12-10T19:49:19.836215+00:00
2011,1765396159.8576472,2025-12-10T19:49:19.857653+00:00
2012,1765396159.8791108,2025-12-10T19:49:19.879119+00:00
2013,1765396159.897152,2025-12-10T19:49:19.897157+00:00
2014,1765396159.9165308,2025-12-10T19:49:19.916539+00:00
2015,1765396159.937435,2025-12-10T19:49:19.937437+00:00
2016,1765396159.956012,2025-12-10T19:49:19.956014+00:00
2017,1765396159.975967,2025-12-10T19:49:19.975971+00:00
2018,1765396159.9962938,2025-12-10T19:49:19.996296+00:00
2019,1765396160.0172002,2025-12-10T19:49:20.017205+00:00
2020,1765396160.038532,2025-12-10T19:49:20.038537+00:00
2021,1765396160.059414,2025-12-10T19:49:20.059416+00:00
2022,1765396160.076756,2025-12-10T19:49:20.076775+00:00
2023,1765396160.097237,2025-12-10T19:49:20.097255+00:00
2024,1765396160.116126,2025-12-10T19:49:20.116131+00:00
2025,1765396160.137025,2025-12-10T19:49:20.137028+00:00
2026,1765396160.1555488,2025-12-10T19:49:20.155578+00:00
2027,1765396160.1736379,2025-12-10T19:49:20.173646+00:00
2028,1765396160.19456,2025-12-10T19:49:20.194565+00:00
2029,1765396160.212617,2025-12-10T19:49:20.212620+00:00
2030,1765396160.233484,2025-12-10T19:49:20.233486+00:00
2031,1765396160.25425,2025-12-10T19:49:20.254253+00:00
2032,1765396160.277581,2025-12-10T19:49:20.277584+00:00
2033,1765396160.297303,2025-12-10T19:49:20.297306+00:00
2034,1765396160.314806,2025-12-10T19:49:20.314814+00:00
2035,1765396160.333538,2025-12-10T19:49:20.333545+00:00
2036,1765396160.350719,2025-12-10T19:49:20.350726+00:00
2037,1765396160.371594,2025-12-10T19:49:20.371600+00:00
2038,1765396160.392492,2025-12-10T19:49:20.392495+00:00
2039,1765396160.413397,2025-12-10T19:49:20.413405+00:00
2040,1765396160.430573,2025-12-10T19:49:20.430579+00:00
2041,1765396160.448225,2025-12-10T19:49:20.448229+00:00
2042,1765396160.4691,2025-12-10T19:49:20.469104+00:00
2043,1765396160.489974,2025-12-10T19:49:20.489979+00:00
2044,1765396160.51007,2025-12-10T19:49:20.510078+00:00
2045,1765396160.530968,2025-12-10T19:49:20.530969+00:00
2046,1765396160.551598,2025-12-10T19:49:20.551601+00:00
2047,1765396160.569098,2025-12-10T19:49:20.569102+00:00
2048,1765396160.589546,2025-12-10T19:49:20.589548+00:00
2049,1765396160.610421,2025-12-10T19:49:20.610422+00:00
2050,1765396160.6313322,2025-12-10T19:49:20.631337+00:00
2051,1765396160.651045,2025-12-10T19:49:20.651046+00:00
2052,1765396160.670017,2025-12-10T19:49:20.670019+00:00
2053,1765396160.6908832,2025-12-10T19:49:20.690886+00:00
2054,1765396160.7078989,2025-12-10T19:49:20.707905+00:00
2055,1765396160.728205,2025-12-10T19:49:20.728208+00:00
2056,1765396160.7457302,2025-12-10T19:49:20.745732+00:00
2057,1765396160.7668228,2025-12-10T19:49:20.766830+00:00
2058,1765396160.7869031,2025-12-10T19:49:20.786909+00:00
2059,1765396160.80782,2025-12-10T19:49:20.807822+00:00
2060,1765396160.828107,2025-12-10T19:49:20.828112+00:00
2061,1765396160.845197,2025-12-10T19:49:20.845200+00:00
2062,1765396160.866085,2025-12-10T19:49:20.866088+00:00
2063,1765396160.8839738,2025-12-10T19:49:20.883976+00:00
2064,1765396160.903415,2025-12-10T19:49:20.903418+00:00
2065,1765396160.9243178,2025-12-10T19:49:20.924319+00:00
2066,1765396160.9424179,2025-12-10T19:49:20.942418+00:00
2067,1765396160.963273,2025-12-10T19:49:20.963276+00:00
2068,1765396160.984145,2025-12-10T19:49:20.984145+00:00
2069,1765396161.0015,2025-12-10T19:49:21.001503+00:00
2070,1765396161.022385,2025-12-10T19:49:21.022386+00:00
2071,1765396161.0432472,2025-12-10T19:49:21.043250+00:00
2072,1765396161.06302,2025-12-10T19:49:21.063033+00:00
2073,1765396161.083961,2025-12-10T19:49:21.083963+00:00
2074,1765396161.103909,2025-12-10T19:49:21.103913+00:00
2075,1765396161.121184,2025-12-10T19:49:21.121186+00:00
2076,1765396161.142068,2025-12-10T19:49:21.142074+00:00
2077,1765396161.163092,2025-12-10T19:49:21.163095+00:00
2078,1765396161.183962,2025-12-10T19:49:21.183965+00:00
2079,1765396161.204844,2025-12-10T19:49:21.204845+00:00
2080,1765396161.2256582,2025-12-10T19:49:21.225659+00:00
2081,1765396161.246207,2025-12-10T19:49:21.246209+00:00
2082,1765396161.267075,2025-12-10T19:49:21.267079+00:00
2083,1765396161.2871501,2025-12-10T19:49:21.287151+00:00
2084,1765396161.307852,2025-12-10T19:49:21.307854+00:00
2085,1765396161.326463,2025-12-10T19:49:21.326467+00:00
2086,1765396161.347372,2025-12-10T19:49:21.347376+00:00
2087,1765396161.368245,2025-12-10T19:49:21.368246+00:00
2088,1765396161.387601,2025-12-10T19:49:21.387604+00:00
2089,1765396161.408486,2025-12-10T19:49:21.408488+00:00
2090,1765396161.429353,2025-12-10T19:49:21.429353+00:00
2091,1765396161.450217,2025-12-10T19:49:21.450223+00:00
2092,1765396161.4711192,2025-12-10T19:49:21.471123+00:00
2093,1765396161.4911869,2025-12-10T19:49:21.491190+00:00
2094,1765396161.5120661,2025-12-10T19:49:21.512069+00:00
2095,1765396161.532601,2025-12-10T19:49:21.532604+00:00
2096,1765396161.553489,2025-12-10T19:49:21.553495+00:00
2097,1765396161.574404,2025-12-10T19:49:21.574410+00:00
2098,1765396161.594704,2025-12-10T19:49:21.594706+00:00
2099,1765396161.615586,2025-12-10T19:49:21.615587+00:00
2100,1765396161.634739,2025-12-10T19:49:21.634741+00:00
2101,1765396161.6556008,2025-12-10T19:49:21.655604+00:00
2102,1765396161.676482,2025-12-10T19:49:21.676485+00:00
2103,1765396161.697577,2025-12-10T19:49:21.697578+00:00
2104,1765396161.7184372,2025-12-10T19:49:21.718439+00:00
2105,1765396161.739328,2025-12-10T19:49:21.739332+00:00
2106,1765396161.75975,2025-12-10T19:49:21.759752+00:00
2107,1765396161.7806132,2025-12-10T19:49:21.780616+00:00
2108,1765396161.800329,2025-12-10T19:49:21.800329+00:00
2109,1765396161.819015,2025-12-10T19:49:21.819016+00:00
2110,1765396161.839872,2025-12-10T19:49:21.839873+00:00
2111,1765396161.8607428,2025-12-10T19:49:21.860744+00:00
2112,1765396161.8816,2025-12-10T19:49:21.881600+00:00
2113,1765396161.9024498,2025-12-10T19:49:21.902451+00:00
2114,1765396161.9233122,2025-12-10T19:49:21.923313+00:00
2115,1765396161.944169,2025-12-10T19:49:21.944170+00:00
2116,1765396161.9617548,2025-12-10T19:49:21.961758+00:00
2117,1765396161.982652,2025-12-10T19:49:21.982655+00:00
2118,1765396162.001187,2025-12-10T19:49:22.001189+00:00
2119,1765396162.02207,2025-12-10T19:49:22.022073+00:00
2120,1765396162.039051,2025-12-10T19:49:22.039055+00:00
2121,1765396162.059776,2025-12-10T19:49:22.059791+00:00
2122,1765396162.08069,2025-12-10T19:49:22.080695+00:00
2123,1765396162.101591,2025-12-10T19:49:22.101594+00:00
2124,1765396162.1198668,2025-12-10T19:49:22.119870+00:00
2125,1765396162.140494,2025-12-10T19:49:22.140502+00:00
2126,1765396162.161404,2025-12-10T19:49:22.161406+00:00
2127,1765396162.182322,2025-12-10T19:49:22.182325+00:00
2128,1765396162.203221,2025-12-10T19:49:22.203225+00:00
2129,1765396162.2241,2025-12-10T19:49:22.224101+00:00
2130,1765396162.242097,2025-12-10T19:49:22.242099+00:00
2131,1765396162.262975,2025-12-10T19:49:22.262977+00:00
2132,1765396162.2838411,2025-12-10T19:49:22.283841+00:00
2133,1765396162.302816,2025-12-10T19:49:22.302819+00:00
2134,1765396162.323693,2025-12-10T19:49:22.323701+00:00
2135,1765396162.3446,2025-12-10T19:49:22.344604+00:00
2136,1765396162.365505,2025-12-10T19:49:22.365509+00:00
2137,1765396162.384623,2025-12-10T19:49:22.384627+00:00
2138,1765396162.4055018,2025-12-10T19:49:22.405508+00:00
2139,1765396162.426296,2025-12-10T19:49:22.426299+00:00
2140,1765396162.444963,2025-12-10T19:49:22.444964+00:00
2141,1765396162.463074,2025-12-10T19:49:22.463075+00:00
2142,1765396162.483923,2025-12-10T19:49:22.483923+00:00
2143,1765396162.504792,2025-12-10T19:49:22.504796+00:00
2144,1765396162.525694,2025-12-10T19:49:22.525697+00:00
2145,1765396162.546561,2025-12-10T19:49:22.546561+00:00
2146,1765396162.5632918,2025-12-10T19:49:22.563300+00:00
2147,1765396162.5842009,2025-12-10T19:49:22.584204+00:00
2148,1765396162.605055,2025-12-10T19:49:22.605056+00:00
2149,1765396162.625911,2025-12-10T19:49:22.625913+00:00
2150,1765396162.64678,2025-12-10T19:49:22.646781+00:00
2151,1765396162.667638,2025-12-10T19:49:22.667640+00:00
2152,1765396162.686921,2025-12-10T19:49:22.686924+00:00
2153,1765396162.707794,2025-12-10T19:49:22.707795+00:00
2154,1765396162.727586,2025-12-10T19:49:22.727588+00:00
2155,1765396162.748446,2025-12-10T19:49:22.748447+00:00
2156,1765396162.7693162,2025-12-10T19:49:22.769321+00:00
2157,1765396162.788005,2025-12-10T19:49:22.788009+00:00
2158,1765396162.8074958,2025-12-10T19:49:22.807502+00:00
2159,1765396162.827116,2025-12-10T19:49:22.827122+00:00
2160,1765396162.8480299,2025-12-10T19:49:22.848033+00:00
2161,1765396162.868897,2025-12-10T19:49:22.868900+00:00
2162,1765396162.889768,2025-12-10T19:49:22.889771+00:00
2163,1765396162.9106371,2025-12-10T19:49:22.910639+00:00
2164,1765396162.931493,2025-12-10T19:49:22.931493+00:00
2165,1765396162.9523442,2025-12-10T19:49:22.952348+00:00
2166,1765396162.970062,2025-12-10T19:49:22.970064+00:00
2167,1765396162.98961,2025-12-10T19:49:22.989612+00:00
2168,1765396163.0104802,2025-12-10T19:49:23.010484+00:00
2169,1765396163.0272021,2025-12-10T19:49:23.027207+00:00
2170,1765396163.0480242,2025-12-10T19:49:23.048028+00:00
2171,1765396163.069209,2025-12-10T19:49:23.069213+00:00
2172,1765396163.086486,2025-12-10T19:49:23.086490+00:00
2173,1765396163.10736,2025-12-10T19:49:23.107365+00:00
2174,1765396163.128046,2025-12-10T19:49:23.128053+00:00
2175,1765396163.148459,2025-12-10T19:49:23.148460+00:00
2176,1765396163.169365,2025-12-10T19:49:23.169385+00:00
2177,1765396163.188013,2025-12-10T19:49:23.188016+00:00
2178,1765396163.2075012,2025-12-10T19:49:23.207505+00:00
2179,1765396163.228402,2025-12-10T19:49:23.228403+00:00
2180,1765396163.2458339,2025-12-10T19:49:23.245835+00:00
2181,1765396163.262589,2025-12-10T19:49:23.262590+00:00
2182,1765396163.283448,2025-12-10T19:49:23.283449+00:00
2183,1765396163.304412,2025-12-10T19:49:23.304416+00:00
2184,1765396163.3216681,2025-12-10T19:49:23.321669+00:00
2185,1765396163.3400362,2025-12-10T19:49:23.340040+00:00
2186,1765396163.360917,2025-12-10T19:49:23.360921+00:00
2187,1765396163.381813,2025-12-10T19:49:23.381818+00:00
2188,1765396163.402718,2025-12-10T19:49:23.402721+00:00
2189,1765396163.423386,2025-12-10T19:49:23.423387+00:00
2190,1765396163.440146,2025-12-10T19:49:23.440149+00:00
2191,1765396163.4606562,2025-12-10T19:49:23.460686+00:00
2192,1765396163.4815779,2025-12-10T19:49:23.481580+00:00
2193,1765396163.498673,2025-12-10T19:49:23.498677+00:00
2194,1765396163.519583,2025-12-10T19:49:23.519585+00:00
2195,1765396163.539907,2025-12-10T19:49:23.539912+00:00
2196,1765396163.560349,2025-12-10T19:49:23.560352+00:00
2197,1765396163.579585,2025-12-10T19:49:23.579589+00:00
2198,1765396163.6004832,2025-12-10T19:49:23.600485+00:00
2199,1765396163.618548,2025-12-10T19:49:23.618553+00:00
2200,1765396163.6365829,2025-12-10T19:49:23.636584+00:00
2201,1765396163.657449,2025-12-10T19:49:23.657453+00:00
2202,1765396163.6766841,2025-12-10T19:49:23.676686+00:00
2203,1765396163.697556,2025-12-10T19:49:23.697558+00:00
2204,1765396163.7184231,2025-12-10T19:49:23.718427+00:00
2205,1765396163.738039,2025-12-10T19:49:23.738045+00:00
2206,1765396163.757063,2025-12-10T19:49:23.757067+00:00
2207,1765396163.777932,2025-12-10T19:49:23.777934+00:00
2208,1765396163.796478,2025-12-10T19:49:23.796480+00:00
2209,1765396163.8132281,2025-12-10T19:49:23.813232+00:00
2210,1765396163.8338702,2025-12-10T19:49:23.833881+00:00
2211,1765396163.854812,2025-12-10T19:49:23.854817+00:00
2212,1765396163.875635,2025-12-10T19:49:23.875638+00:00
2213,1765396163.896105,2025-12-10T19:49:23.896108+00:00
2214,1765396163.916978,2025-12-10T19:49:23.916979+00:00
2215,1765396163.937842,2025-12-10T19:49:23.937848+00:00
2216,1765396163.9578292,2025-12-10T19:49:23.957835+00:00
2217,1765396163.978724,2025-12-10T19:49:23.978725+00:00
2218,1765396163.9986072,2025-12-10T19:49:23.998608+00:00
2219,1765396164.0194619,2025-12-10T19:49:24.019463+00:00
2220,1765396164.040333,2025-12-10T19:49:24.040340+00:00
2221,1765396164.060823,2025-12-10T19:49:24.060833+00:00
2222,1765396164.079676,2025-12-10T19:49:24.079680+00:00
2223,1765396164.1005619,2025-12-10T19:49:24.100568+00:00
2224,1765396164.121474,2025-12-10T19:49:24.121478+00:00
2225,1765396164.142355,2025-12-10T19:49:24.142359+00:00
2226,1765396164.161812,2025-12-10T19:49:24.161820+00:00
2227,1765396164.1806872,2025-12-10T19:49:24.180690+00:00
2228,1765396164.2015722,2025-12-10T19:49:24.201577+00:00
2229,1765396164.2224598,2025-12-10T19:49:24.222464+00:00
2230,1765396164.243346,2025-12-10T19:49:24.243349+00:00
2231,1765396164.263009,2025-12-10T19:49:24.263011+00:00
2232,1765396164.281726,2025-12-10T19:49:24.281727+00:00
2233,1765396164.302594,2025-12-10T19:49:24.302598+00:00
2234,1765396164.321356,2025-12-10T19:49:24.321362+00:00
2235,1765396164.3399801,2025-12-10T19:49:24.339983+00:00
2236,1765396164.359015,2025-12-10T19:49:24.359020+00:00
2237,1765396164.379903,2025-12-10T19:49:24.379909+00:00
2238,1765396164.400796,2025-12-10T19:49:24.400798+00:00
2239,1765396164.420783,2025-12-10T19:49:24.420784+00:00
2240,1765396164.441639,2025-12-10T19:49:24.441640+00:00
2241,1765396164.4614341,2025-12-10T19:49:24.461436+00:00
2242,1765396164.479667,2025-12-10T19:49:24.479667+00:00
2243,1765396164.498901,2025-12-10T19:49:24.498901+00:00
2244,1765396164.519744,2025-12-10T19:49:24.519744+00:00
2245,1765396164.540616,2025-12-10T19:49:24.540621+00:00
2246,1765396164.560638,2025-12-10T19:49:24.560645+00:00
2247,1765396164.581561,2025-12-10T19:49:24.581567+00:00
2248,1765396164.598717,2025-12-10T19:49:24.598719+00:00
2249,1765396164.6195781,2025-12-10T19:49:24.619581+00:00
2250,1765396164.638263,2025-12-10T19:49:24.638264+00:00
2251,1765396164.659115,2025-12-10T19:49:24.659116+00:00
2252,1765396164.677137,2025-12-10T19:49:24.677138+00:00
2253,1765396164.698019,2025-12-10T19:49:24.698020+00:00
2254,1765396164.717388,2025-12-10T19:49:24.717388+00:00
2255,1765396164.736794,2025-12-10T19:49:24.736799+00:00
2256,1765396164.753563,2025-12-10T19:49:24.753568+00:00
2257,1765396164.7744482,2025-12-10T19:49:24.774449+00:00
2258,1765396164.792636,2025-12-10T19:49:24.792639+00:00
2259,1765396164.81262,2025-12-10T19:49:24.812621+00:00
2260,1765396164.833481,2025-12-10T19:49:24.833485+00:00
2261,1765396164.8514502,2025-12-10T19:49:24.851453+00:00
2262,1765396164.8687968,2025-12-10T19:49:24.868803+00:00
2263,1765396164.885998,2025-12-10T19:49:24.885999+00:00
2264,1765396164.9030762,2025-12-10T19:49:24.903078+00:00
2265,1765396164.923956,2025-12-10T19:49:24.923956+00:00
2266,1765396164.944822,2025-12-10T19:49:24.944828+00:00
2267,1765396164.9628181,2025-12-10T19:49:24.962824+00:00
2268,1765396164.9837272,2025-12-10T19:49:24.983732+00:00
2269,1765396165.001003,2025-12-10T19:49:25.001004+00:00
2270,1765396165.018878,2025-12-10T19:49:25.018884+00:00
2271,1765396165.0397708,2025-12-10T19:49:25.039772+00:00
2272,1765396165.060648,2025-12-10T19:49:25.060649+00:00
2273,1765396165.081496,2025-12-10T19:49:25.081497+00:00
2274,1765396165.09829,2025-12-10T19:49:25.098291+00:00
2275,1765396165.118918,2025-12-10T19:49:25.118938+00:00
2276,1765396165.135966,2025-12-10T19:49:25.135968+00:00
2277,1765396165.153606,2025-12-10T19:49:25.153614+00:00
2278,1765396165.1745028,2025-12-10T19:49:25.174505+00:00
2279,1765396165.1953669,2025-12-10T19:49:25.195369+00:00
2280,1765396165.216245,2025-12-10T19:49:25.216246+00:00
2281,1765396165.2371058,2025-12-10T19:49:25.237107+00:00
2282,1765396165.2579598,2025-12-10T19:49:25.257963+00:00
2283,1765396165.2756228,2025-12-10T19:49:25.275624+00:00
2284,1765396165.2934332,2025-12-10T19:49:25.293435+00:00
2285,1765396165.3135202,2025-12-10T19:49:25.313521+00:00
2286,1765396165.334383,2025-12-10T19:49:25.334388+00:00
2287,1765396165.355325,2025-12-10T19:49:25.355329+00:00
2288,1765396165.376207,2025-12-10T19:49:25.376210+00:00
2289,1765396165.3970938,2025-12-10T19:49:25.397098+00:00
2290,1765396165.415945,2025-12-10T19:49:25.415949+00:00
2291,1765396165.4368262,2025-12-10T19:49:25.436827+00:00
2292,1765396165.457684,2025-12-10T19:49:25.457687+00:00
2293,1765396165.475241,2025-12-10T19:49:25.475242+00:00
2294,1765396165.493962,2025-12-10T19:49:25.493963+00:00
2295,1765396165.510665,2025-12-10T19:49:25.510666+00:00
2296,1765396165.52988,2025-12-10T19:49:25.529884+00:00
2297,1765396165.550774,2025-12-10T19:49:25.550776+00:00
2298,1765396165.568175,2025-12-10T19:49:25.568178+00:00
2299,1765396165.589042,2025-12-10T19:49:25.589043+00:00
2300,1765396165.605928,2025-12-10T19:49:25.605930+00:00
2301,1765396165.624149,2025-12-10T19:49:25.624150+00:00
2302,1765396165.6450071,2025-12-10T19:49:25.645008+00:00
2303,1765396165.6658812,2025-12-10T19:49:25.665882+00:00
2304,1765396165.685768,2025-12-10T19:49:25.685771+00:00
2305,1765396165.704086,2025-12-10T19:49:25.704270+00:00
2306,1765396165.7249331,2025-12-10T19:49:25.724937+00:00
2307,1765396165.745815,2025-12-10T19:49:25.745821+00:00
2308,1765396165.764369,2025-12-10T19:49:25.764380+00:00
2309,1765396165.7851489,2025-12-10T19:49:25.785154+00:00
2310,1765396165.8060422,2025-12-10T19:49:25.806044+00:00
2311,1765396165.8269079,2025-12-10T19:49:25.826909+00:00
2312,1765396165.847778,2025-12-10T19:49:25.847781+00:00
2313,1765396165.868873,2025-12-10T19:49:25.868878+00:00
2314,1765396165.889766,2025-12-10T19:49:25.889771+00:00
2315,1765396165.9106839,2025-12-10T19:49:25.910689+00:00
2316,1765396165.92866,2025-12-10T19:49:25.928664+00:00
2317,1765396165.949551,2025-12-10T19:49:25.949552+00:00
2318,1765396165.966799,2025-12-10T19:49:25.966802+00:00
2319,1765396165.985182,2025-12-10T19:49:25.985187+00:00
2320,1765396166.003221,2025-12-10T19:49:26.003225+00:00
2321,1765396166.024137,2025-12-10T19:49:26.024143+00:00
2322,1765396166.044537,2025-12-10T19:49:26.044542+00:00
2323,1765396166.065418,2025-12-10T19:49:26.065420+00:00
2324,1765396166.086303,2025-12-10T19:49:26.086309+00:00
2325,1765396166.1041641,2025-12-10T19:49:26.104170+00:00
2326,1765396166.125062,2025-12-10T19:49:26.125065+00:00
2327,1765396166.1422029,2025-12-10T19:49:26.142206+00:00
2328,1765396166.158943,2025-12-10T19:49:26.158949+00:00
2329,1765396166.1798558,2025-12-10T19:49:26.179859+00:00
2330,1765396166.200765,2025-12-10T19:49:26.200771+00:00
2331,1765396166.2216809,2025-12-10T19:49:26.221684+00:00
2332,1765396166.242541,2025-12-10T19:49:26.242543+00:00
2333,1765396166.263399,2025-12-10T19:49:26.263399+00:00
2334,1765396166.2813811,2025-12-10T19:49:26.281382+00:00
2335,1765396166.299998,2025-12-10T19:49:26.300002+00:00
2336,1765396166.330986,2025-12-10T19:49:26.330991+00:00
2337,1765396166.393693,2025-12-10T19:49:26.393697+00:00
2338,1765396166.411689,2025-12-10T19:49:26.411694+00:00
2339,1765396166.431444,2025-12-10T19:49:26.431448+00:00
2340,1765396166.4509451,2025-12-10T19:49:26.450952+00:00
2341,1765396166.471854,2025-12-10T19:49:26.471858+00:00
2342,1765396166.4924119,2025-12-10T19:49:26.492416+00:00
2343,1765396166.509182,2025-12-10T19:49:26.509189+00:00
2344,1765396166.530145,2025-12-10T19:49:26.530150+00:00
2345,1765396166.5487418,2025-12-10T19:49:26.548747+00:00
2346,1765396166.567764,2025-12-10T19:49:26.567767+00:00
2347,1765396166.5886421,2025-12-10T19:49:26.588652+00:00
2348,1765396166.609556,2025-12-10T19:49:26.609559+00:00
2349,1765396166.630455,2025-12-10T19:49:26.630460+00:00
2350,1765396166.650541,2025-12-10T19:49:26.650546+00:00
2351,1765396166.667893,2025-12-10T19:49:26.667899+00:00
2352,1765396166.688811,2025-12-10T19:49:26.688815+00:00
2353,1765396166.706465,2025-12-10T19:49:26.706466+00:00
2354,1765396166.72695,2025-12-10T19:49:26.726950+00:00
2355,1765396166.743832,2025-12-10T19:49:26.743833+00:00
2356,1765396166.764678,2025-12-10T19:49:26.764678+00:00
2357,1765396166.785532,2025-12-10T19:49:26.785533+00:00
2358,1765396166.806391,2025-12-10T19:49:26.806391+00:00
2359,1765396166.827244,2025-12-10T19:49:26.827248+00:00
2360,1765396166.844243,2025-12-10T19:49:26.844245+00:00
2361,1765396166.864785,2025-12-10T19:49:26.864786+00:00
2362,1765396166.885643,2025-12-10T19:49:26.885645+00:00
2363,1765396166.9065118,2025-12-10T19:49:26.906514+00:00
2364,1765396166.92508,2025-12-10T19:49:26.925084+00:00
2365,1765396166.9422,2025-12-10T19:49:26.942202+00:00
2366,1765396166.963079,2025-12-10T19:49:26.963085+00:00
2367,1765396166.9838789,2025-12-10T19:49:26.983881+00:00
2368,1765396167.004746,2025-12-10T19:49:27.004746+00:00
2369,1765396167.0218801,2025-12-10T19:49:27.021890+00:00
2370,1765396167.042822,2025-12-10T19:49:27.042826+00:00
2371,1765396167.0637171,2025-12-10T19:49:27.063721+00:00
2372,1765396167.084634,2025-12-10T19:49:27.084638+00:00
2373,1765396167.105524,2025-12-10T19:49:27.105528+00:00
2374,1765396167.125901,2025-12-10T19:49:27.125905+00:00
2375,1765396167.146789,2025-12-10T19:49:27.146791+00:00
2376,1765396167.1640031,2025-12-10T19:49:27.164003+00:00
2377,1765396167.1840699,2025-12-10T19:49:27.184072+00:00
2378,1765396167.2022772,2025-12-10T19:49:27.202281+00:00
2379,1765396167.219344,2025-12-10T19:49:27.219350+00:00
2380,1765396167.239049,2025-12-10T19:49:27.239054+00:00
2381,1765396167.259867,2025-12-10T19:49:27.259876+00:00
2382,1765396167.280787,2025-12-10T19:49:27.280791+00:00
2383,1765396167.299087,2025-12-10T19:49:27.299091+00:00
2384,1765396167.3200278,2025-12-10T19:49:27.320032+00:00
2385,1765396167.340912,2025-12-10T19:49:27.340913+00:00
2386,1765396167.358198,2025-12-10T19:49:27.358203+00:00
2387,1765396167.376052,2025-12-10T19:49:27.376054+00:00
2388,1765396167.400176,2025-12-10T19:49:27.400178+00:00
2389,1765396167.417551,2025-12-10T19:49:27.417552+00:00
2390,1765396167.437176,2025-12-10T19:49:27.437182+00:00
2391,1765396167.4571588,2025-12-10T19:49:27.457161+00:00
2392,1765396167.47803,2025-12-10T19:49:27.478031+00:00
2393,1765396167.496566,2025-12-10T19:49:27.496571+00:00
2394,1765396167.517447,2025-12-10T19:49:27.517451+00:00
2395,1765396167.538335,2025-12-10T19:49:27.538341+00:00
2396,1765396167.558885,2025-12-10T19:49:27.558887+00:00
2397,1765396167.57976,2025-12-10T19:49:27.579762+00:00
2398,1765396167.600628,2025-12-10T19:49:27.600631+00:00
2399,1765396167.618496,2025-12-10T19:49:27.618498+00:00
2400,1765396167.639086,2025-12-10T19:49:27.639087+00:00
2401,1765396167.659955,2025-12-10T19:49:27.659960+00:00
2402,1765396167.677473,2025-12-10T19:49:27.677476+00:00
2403,1765396167.694205,2025-12-10T19:49:27.694205+00:00
2404,1765396167.715064,2025-12-10T19:49:27.715067+00:00
2405,1765396167.735956,2025-12-10T19:49:27.735963+00:00
2406,1765396167.75565,2025-12-10T19:49:27.755655+00:00
2407,1765396167.772375,2025-12-10T19:49:27.772378+00:00
2408,1765396167.793248,2025-12-10T19:49:27.793249+00:00
2409,1765396167.8126872,2025-12-10T19:49:27.812688+00:00
2410,1765396167.833548,2025-12-10T19:49:27.833552+00:00
2411,1765396167.851726,2025-12-10T19:49:27.851728+00:00
2412,1765396167.872614,2025-12-10T19:49:27.872619+00:00
2413,1765396167.8918269,2025-12-10T19:49:27.891829+00:00
2414,1765396167.912688,2025-12-10T19:49:27.912688+00:00
2415,1765396167.930773,2025-12-10T19:49:27.930774+00:00
2416,1765396167.951637,2025-12-10T19:49:27.951637+00:00
2417,1765396167.9724941,2025-12-10T19:49:27.972495+00:00
2418,1765396167.993363,2025-12-10T19:49:27.993368+00:00
2419,1765396168.0108109,2025-12-10T19:49:28.010814+00:00
2420,1765396168.031702,2025-12-10T19:49:28.031704+00:00
2421,1765396168.052732,2025-12-10T19:49:28.052733+00:00
2422,1765396168.073584,2025-12-10T19:49:28.073585+00:00
2423,1765396168.091236,2025-12-10T19:49:28.091237+00:00
2424,1765396168.112097,2025-12-10T19:49:28.112102+00:00
2425,1765396168.1317902,2025-12-10T19:49:28.131795+00:00
2426,1765396168.148764,2025-12-10T19:49:28.148768+00:00
2427,1765396168.16723,2025-12-10T19:49:28.167234+00:00
2428,1765396168.1849952,2025-12-10T19:49:28.184998+00:00
2429,1765396168.205882,2025-12-10T19:49:28.205884+00:00
2430,1765396168.226749,2025-12-10T19:49:28.226752+00:00
2431,1765396168.246612,2025-12-10T19:49:28.246617+00:00
2432,1765396168.2675042,2025-12-10T19:49:28.267507+00:00
2433,1765396168.288387,2025-12-10T19:49:28.288388+00:00
2434,1765396168.309292,2025-12-10T19:49:28.309297+00:00
2435,1765396168.3289878,2025-12-10T19:49:28.328994+00:00
2436,1765396168.34988,2025-12-10T19:49:28.349881+00:00
2437,1765396168.36682,2025-12-10T19:49:28.366822+00:00
2438,1765396168.385338,2025-12-10T19:49:28.385344+00:00
2439,1765396168.405443,2025-12-10T19:49:28.405445+00:00
2440,1765396168.425996,2025-12-10T19:49:28.426003+00:00
2441,1765396168.4468842,2025-12-10T19:49:28.446888+00:00
2442,1765396168.4643562,2025-12-10T19:49:28.464358+00:00
2443,1765396168.4852118,2025-12-10T19:49:28.485213+00:00
2444,1765396168.506072,2025-12-10T19:49:28.506075+00:00
2445,1765396168.5234199,2025-12-10T19:49:28.523422+00:00
2446,1765396168.5420082,2025-12-10T19:49:28.542014+00:00
2447,1765396168.5629199,2025-12-10T19:49:28.562922+00:00
2448,1765396168.583812,2025-12-10T19:49:28.583813+00:00
2449,1765396168.602794,2025-12-10T19:49:28.602797+00:00
2450,1765396168.6236548,2025-12-10T19:49:28.623657+00:00
2451,1765396168.644505,2025-12-10T19:49:28.644506+00:00
2452,1765396168.663156,2025-12-10T19:49:28.663158+00:00
2453,1765396168.6830971,2025-12-10T19:49:28.683098+00:00
2454,1765396168.703958,2025-12-10T19:49:28.703962+00:00
2455,1765396168.7213671,2025-12-10T19:49:28.721369+00:00
2456,1765396168.739469,2025-12-10T19:49:28.739471+00:00
2457,1765396168.758071,2025-12-10T19:49:28.758071+00:00
2458,1765396168.777664,2025-12-10T19:49:28.777666+00:00
2459,1765396168.795829,2025-12-10T19:49:28.795829+00:00
2460,1765396168.812734,2025-12-10T19:49:28.812734+00:00
2461,1765396168.833576,2025-12-10T19:49:28.833577+00:00
2462,1765396168.853099,2025-12-10T19:49:28.853102+00:00
2463,1765396168.87104,2025-12-10T19:49:28.871045+00:00
2464,1765396168.8913548,2025-12-10T19:49:28.891357+00:00
2465,1765396168.9118578,2025-12-10T19:49:28.911859+00:00
2466,1765396168.930092,2025-12-10T19:49:28.930095+00:00
2467,1765396168.950999,2025-12-10T19:49:28.951004+00:00
2468,1765396168.971894,2025-12-10T19:49:28.971897+00:00
2469,1765396168.9897358,2025-12-10T19:49:28.989740+00:00
2470,1765396169.010624,2025-12-10T19:49:29.010626+00:00
2471,1765396169.03149,2025-12-10T19:49:29.031491+00:00
2472,1765396169.0504901,2025-12-10T19:49:29.050491+00:00
2473,1765396169.0713558,2025-12-10T19:49:29.071357+00:00
2474,1765396169.092213,2025-12-10T19:49:29.092214+00:00
2475,1765396169.11306,2025-12-10T19:49:29.113062+00:00
2476,1765396169.131824,2025-12-10T19:49:29.131833+00:00
2477,1765396169.1527228,2025-12-10T19:49:29.152726+00:00
2478,1765396169.172411,2025-12-10T19:49:29.172418+00:00
2479,1765396169.193311,2025-12-10T19:49:29.193316+00:00
2480,1765396169.2141929,2025-12-10T19:49:29.214195+00:00
2481,1765396169.2331579,2025-12-10T19:49:29.233163+00:00
2482,1765396169.254069,2025-12-10T19:49:29.254073+00:00
2483,1765396169.274944,2025-12-10T19:49:29.274945+00:00
2484,1765396169.2958012,2025-12-10T19:49:29.295805+00:00
2485,1765396169.313971,2025-12-10T19:49:29.313972+00:00
2486,1765396169.3339782,2025-12-10T19:49:29.333985+00:00
2487,1765396169.354626,2025-12-10T19:49:29.354628+00:00
2488,1765396169.373224,2025-12-10T19:49:29.373229+00:00
2489,1765396169.39053,2025-12-10T19:49:29.390533+00:00
2490,1765396169.411515,2025-12-10T19:49:29.411517+00:00
2491,1765396169.4290502,2025-12-10T19:49:29.429052+00:00
2492,1765396169.44992,2025-12-10T19:49:29.449921+00:00
2493,1765396169.470774,2025-12-10T19:49:29.470776+00:00
2494,1765396169.490431,2025-12-10T19:49:29.490434+00:00
2495,1765396169.5113091,2025-12-10T19:49:29.511312+00:00
2496,1765396169.531349,2025-12-10T19:49:29.531351+00:00
2497,1765396169.551187,2025-12-10T19:49:29.551189+00:00
2498,1765396169.5693812,2025-12-10T19:49:29.569382+00:00
2499,1765396169.589639,2025-12-10T19:49:29.589641+00:00
2500,1765396169.6092968,2025-12-10T19:49:29.609299+00:00
2501,1765396169.630166,2025-12-10T19:49:29.630168+00:00
2502,1765396169.6510441,2025-12-10T19:49:29.651046+00:00
2503,1765396169.668107,2025-12-10T19:49:29.668111+00:00
2504,1765396169.6850612,2025-12-10T19:49:29.685066+00:00
2505,1765396169.703422,2025-12-10T19:49:29.703437+00:00
2506,1765396169.7243361,2025-12-10T19:49:29.724339+00:00
2507,1765396169.7465222,2025-12-10T19:49:29.746526+00:00
2508,1765396169.767919,2025-12-10T19:49:29.767924+00:00
2509,1765396169.788055,2025-12-10T19:49:29.788059+00:00
2510,1765396169.807723,2025-12-10T19:49:29.807728+00:00
2511,1765396169.8282502,2025-12-10T19:49:29.828256+00:00
2512,1765396169.8492742,2025-12-10T19:49:29.849279+00:00
2513,1765396169.8691041,2025-12-10T19:49:29.869109+00:00
2514,1765396169.889612,2025-12-10T19:49:29.889617+00:00
2515,1765396169.9105558,2025-12-10T19:49:29.910560+00:00
2516,1765396169.928864,2025-12-10T19:49:29.928868+00:00
2517,1765396169.949733,2025-12-10T19:49:29.949736+00:00
2518,1765396169.96788,2025-12-10T19:49:29.967885+00:00
2519,1765396169.9887848,2025-12-10T19:49:29.988789+00:00
2520,1765396170.009484,2025-12-10T19:49:30.009486+00:00
2521,1765396170.0303612,2025-12-10T19:49:30.030363+00:00
2522,1765396170.047343,2025-12-10T19:49:30.047344+00:00
2523,1765396170.068214,2025-12-10T19:49:30.068216+00:00
2524,1765396170.089076,2025-12-10T19:49:30.089076+00:00
2525,1765396170.109928,2025-12-10T19:49:30.109929+00:00
2526,1765396170.1310568,2025-12-10T19:49:30.131059+00:00
2527,1765396170.151932,2025-12-10T19:49:30.151936+00:00
2528,1765396170.172866,2025-12-10T19:49:30.172868+00:00
2529,1765396170.1937459,2025-12-10T19:49:30.193750+00:00
2530,1765396170.213574,2025-12-10T19:49:30.213578+00:00
2531,1765396170.231015,2025-12-10T19:49:30.231020+00:00
2532,1765396170.251511,2025-12-10T19:49:30.251515+00:00
2533,1765396170.2723992,2025-12-10T19:49:30.272401+00:00
2534,1765396170.2926311,2025-12-10T19:49:30.292636+00:00
2535,1765396170.310793,2025-12-10T19:49:30.310795+00:00
2536,1765396170.3290381,2025-12-10T19:49:30.329042+00:00
2537,1765396170.347806,2025-12-10T19:49:30.347811+00:00
2538,1765396170.366938,2025-12-10T19:49:30.366942+00:00
2539,1765396170.386357,2025-12-10T19:49:30.386362+00:00
2540,1765396170.4047291,2025-12-10T19:49:30.404732+00:00
2541,1765396170.424395,2025-12-10T19:49:30.424398+00:00
2542,1765396170.443039,2025-12-10T19:49:30.443044+00:00
2543,1765396170.4624078,2025-12-10T19:49:30.462412+00:00
2544,1765396170.4816818,2025-12-10T19:49:30.481687+00:00
2545,1765396170.4999092,2025-12-10T19:49:30.499914+00:00
2546,1765396170.5208452,2025-12-10T19:49:30.520850+00:00
2547,1765396170.5412211,2025-12-10T19:49:30.541232+00:00
2548,1765396170.558553,2025-12-10T19:49:30.558557+00:00
2549,1765396170.575459,2025-12-10T19:49:30.575462+00:00
2550,1765396170.5963361,2025-12-10T19:49:30.596341+00:00
2551,1765396170.613784,2025-12-10T19:49:30.613789+00:00
2552,1765396170.633621,2025-12-10T19:49:30.633625+00:00
2553,1765396170.654497,2025-12-10T19:49:30.654500+00:00
2554,1765396170.673845,2025-12-10T19:49:30.673847+00:00
2555,1765396170.6905751,2025-12-10T19:49:30.690579+00:00
2556,1765396170.711453,2025-12-10T19:49:30.711458+00:00
2557,1765396170.7319639,2025-12-10T19:49:30.731968+00:00
2558,1765396170.749959,2025-12-10T19:49:30.749964+00:00
2559,1765396170.7708402,2025-12-10T19:49:30.770846+00:00
2560,1765396170.7914722,2025-12-10T19:49:30.791475+00:00
2561,1765396170.808702,2025-12-10T19:49:30.808705+00:00
2562,1765396170.829309,2025-12-10T19:49:30.829313+00:00
2563,1765396170.847605,2025-12-10T19:49:30.847607+00:00
2564,1765396170.866847,2025-12-10T19:49:30.866854+00:00
2565,1765396170.883789,2025-12-10T19:49:30.883792+00:00
2566,1765396170.904663,2025-12-10T19:49:30.904668+00:00
2567,1765396170.925738,2025-12-10T19:49:30.925743+00:00
2568,1765396170.9430668,2025-12-10T19:49:30.943071+00:00
2569,1765396170.964231,2025-12-10T19:49:30.964235+00:00
2570,1765396170.983556,2025-12-10T19:49:30.983560+00:00
2571,1765396171.004432,2025-12-10T19:49:31.004435+00:00
2572,1765396171.025318,2025-12-10T19:49:31.025342+00:00
2573,1765396171.047044,2025-12-10T19:49:31.047047+00:00
2574,1765396171.06777,2025-12-10T19:49:31.067776+00:00
2575,1765396171.088587,2025-12-10T19:49:31.088610+00:00
2576,1765396171.106688,2025-12-10T19:49:31.106692+00:00
2577,1765396171.126623,2025-12-10T19:49:31.126628+00:00
2578,1765396171.144459,2025-12-10T19:49:31.144465+00:00
2579,1765396171.1645272,2025-12-10T19:49:31.164532+00:00
2580,1765396171.186391,2025-12-10T19:49:31.186396+00:00
2581,1765396171.207017,2025-12-10T19:49:31.207022+00:00
2582,1765396171.226368,2025-12-10T19:49:31.226373+00:00
2583,1765396171.2448142,2025-12-10T19:49:31.244819+00:00
2584,1765396171.265725,2025-12-10T19:49:31.265730+00:00
2585,1765396171.2839649,2025-12-10T19:49:31.284023+00:00
2586,1765396171.304509,2025-12-10T19:49:31.304514+00:00
2587,1765396171.3507662,2025-12-10T19:49:31.350770+00:00
2588,1765396171.371479,2025-12-10T19:49:31.371484+00:00
2589,1765396171.389268,2025-12-10T19:49:31.389274+00:00
2590,1765396171.410007,2025-12-10T19:49:31.410011+00:00
2591,1765396171.434207,2025-12-10T19:49:31.434212+00:00
2592,1765396171.484697,2025-12-10T19:49:31.484703+00:00
2593,1765396171.501567,2025-12-10T19:49:31.501573+00:00
2594,1765396171.5208802,2025-12-10T19:49:31.520886+00:00
2595,1765396171.540989,2025-12-10T19:49:31.540993+00:00
2596,1765396171.559438,2025-12-10T19:49:31.559445+00:00
2597,1765396171.576648,2025-12-10T19:49:31.576653+00:00
2598,1765396171.5964532,2025-12-10T19:49:31.596459+00:00
2599,1765396171.617555,2025-12-10T19:49:31.617560+00:00
2600,1765396171.638148,2025-12-10T19:49:31.638154+00:00
2601,1765396171.659032,2025-12-10T19:49:31.659055+00:00
2602,1765396171.6797938,2025-12-10T19:49:31.679800+00:00
2603,1765396171.70066,2025-12-10T19:49:31.700671+00:00
2604,1765396171.718122,2025-12-10T19:49:31.718127+00:00
2605,1765396171.739004,2025-12-10T19:49:31.739009+00:00
2606,1765396171.759901,2025-12-10T19:49:31.759906+00:00
2607,1765396171.779867,2025-12-10T19:49:31.779872+00:00
2608,1765396171.800791,2025-12-10T19:49:31.800802+00:00
2609,1765396171.821732,2025-12-10T19:49:31.821736+00:00
2610,1765396171.842633,2025-12-10T19:49:31.842638+00:00
2611,1765396171.863552,2025-12-10T19:49:31.863556+00:00
2612,1765396171.880307,2025-12-10T19:49:31.880311+00:00
2613,1765396171.898776,2025-12-10T19:49:31.898779+00:00
2614,1765396171.9212239,2025-12-10T19:49:31.921225+00:00
2615,1765396171.943006,2025-12-10T19:49:31.943011+00:00
2616,1765396171.9614441,2025-12-10T19:49:31.962249+00:00
2617,1765396171.97967,2025-12-10T19:49:31.979685+00:00
2618,1765396172.0126011,2025-12-10T19:49:32.012606+00:00
2619,1765396172.032098,2025-12-10T19:49:32.032104+00:00
2620,1765396172.053319,2025-12-10T19:49:32.053324+00:00
2621,1765396172.072682,2025-12-10T19:49:32.072688+00:00
2622,1765396172.0995111,2025-12-10T19:49:32.099515+00:00
2623,1765396172.198466,2025-12-10T19:49:32.198471+00:00
2624,1765396172.240523,2025-12-10T19:49:32.240529+00:00
2625,1765396172.257323,2025-12-10T19:49:32.257327+00:00
2626,1765396172.277704,2025-12-10T19:49:32.277708+00:00
2627,1765396172.30158,2025-12-10T19:49:32.301589+00:00
2628,1765396172.39611,2025-12-10T19:49:32.397350+00:00
2629,1765396172.417684,2025-12-10T19:49:32.417689+00:00
2630,1765396172.4392269,2025-12-10T19:49:32.439232+00:00
2631,1765396172.458234,2025-12-10T19:49:32.458240+00:00
2632,1765396172.47838,2025-12-10T19:49:32.478423+00:00
2633,1765396172.499257,2025-12-10T19:49:32.499261+00:00
2634,1765396172.520152,2025-12-10T19:49:32.520158+00:00
2635,1765396172.537926,2025-12-10T19:49:32.537934+00:00
2636,1765396172.557271,2025-12-10T19:49:32.557274+00:00
2637,1765396172.578135,2025-12-10T19:49:32.578137+00:00
2638,1765396172.5990021,2025-12-10T19:49:32.599006+00:00
2639,1765396172.619906,2025-12-10T19:49:32.619910+00:00
2640,1765396172.638504,2025-12-10T19:49:32.638509+00:00
2641,1765396172.6592839,2025-12-10T19:49:32.659290+00:00
2642,1765396172.679978,2025-12-10T19:49:32.679985+00:00
2643,1765396172.697333,2025-12-10T19:49:32.697338+00:00
2644,1765396172.717172,2025-12-10T19:49:32.717179+00:00
2645,1765396172.7380931,2025-12-10T19:49:32.738097+00:00
2646,1765396172.755696,2025-12-10T19:49:32.755704+00:00
2647,1765396172.773011,2025-12-10T19:49:32.773014+00:00
2648,1765396172.7917929,2025-12-10T19:49:32.791794+00:00
2649,1765396172.812649,2025-12-10T19:49:32.812650+00:00
2650,1765396172.830407,2025-12-10T19:49:32.830408+00:00
2651,1765396172.8504,2025-12-10T19:49:32.850402+00:00
2652,1765396172.871316,2025-12-10T19:49:32.871319+00:00
2653,1765396172.8922071,2025-12-10T19:49:32.892213+00:00
2654,1765396172.913116,2025-12-10T19:49:32.913121+00:00
2655,1765396172.9310799,2025-12-10T19:49:32.931082+00:00
2656,1765396172.949997,2025-12-10T19:49:32.950002+00:00
2657,1765396172.967305,2025-12-10T19:49:32.967305+00:00
2658,1765396172.986559,2025-12-10T19:49:32.986563+00:00
2659,1765396173.004964,2025-12-10T19:49:33.004969+00:00
2660,1765396173.0226932,2025-12-10T19:49:33.022702+00:00
2661,1765396173.039698,2025-12-10T19:49:33.039722+00:00
2662,1765396173.060097,2025-12-10T19:49:33.060101+00:00
2663,1765396173.081537,2025-12-10T19:49:33.081545+00:00
2664,1765396173.1024709,2025-12-10T19:49:33.102477+00:00
2665,1765396173.1233768,2025-12-10T19:49:33.123381+00:00
2666,1765396173.141537,2025-12-10T19:49:33.141548+00:00
2667,1765396173.162453,2025-12-10T19:49:33.162456+00:00
2668,1765396173.183351,2025-12-10T19:49:33.183356+00:00
2669,1765396173.203269,2025-12-10T19:49:33.203272+00:00
2670,1765396173.222346,2025-12-10T19:49:33.222349+00:00
2671,1765396173.240591,2025-12-10T19:49:33.240596+00:00
2672,1765396173.2615302,2025-12-10T19:49:33.261531+00:00
2673,1765396173.280731,2025-12-10T19:49:33.280741+00:00
2674,1765396173.3016262,2025-12-10T19:49:33.301628+00:00
2675,1765396173.320381,2025-12-10T19:49:33.320385+00:00
2676,1765396173.338124,2025-12-10T19:49:33.338130+00:00
2677,1765396173.358908,2025-12-10T19:49:33.358913+00:00
2678,1765396173.376991,2025-12-10T19:49:33.376996+00:00
2679,1765396173.39802,2025-12-10T19:49:33.398027+00:00
2680,1765396173.41744,2025-12-10T19:49:33.417451+00:00
2681,1765396173.435511,2025-12-10T19:49:33.435515+00:00
2682,1765396173.458893,2025-12-10T19:49:33.458896+00:00
2683,1765396173.478564,2025-12-10T19:49:33.478572+00:00
2684,1765396173.496057,2025-12-10T19:49:33.496063+00:00
2685,1765396173.513119,2025-12-10T19:49:33.513124+00:00
2686,1765396173.534003,2025-12-10T19:49:33.534007+00:00
2687,1765396173.55475,2025-12-10T19:49:33.554754+00:00
2688,1765396173.5728362,2025-12-10T19:49:33.572837+00:00
2689,1765396173.5928051,2025-12-10T19:49:33.592808+00:00
2690,1765396173.613693,2025-12-10T19:49:33.613697+00:00
2691,1765396173.635913,2025-12-10T19:49:33.635916+00:00
2692,1765396173.6555562,2025-12-10T19:49:33.655558+00:00
2693,1765396173.676426,2025-12-10T19:49:33.676428+00:00
2694,1765396173.697294,2025-12-10T19:49:33.697295+00:00
2695,1765396173.720154,2025-12-10T19:49:33.720156+00:00
2696,1765396173.740234,2025-12-10T19:49:33.740239+00:00
2697,1765396173.757005,2025-12-10T19:49:33.757010+00:00
2698,1765396173.777896,2025-12-10T19:49:33.777903+00:00
2699,1765396173.798802,2025-12-10T19:49:33.798804+00:00
2700,1765396173.819659,2025-12-10T19:49:33.819660+00:00
2701,1765396173.83902,2025-12-10T19:49:33.839023+00:00
2702,1765396173.859881,2025-12-10T19:49:33.859882+00:00
2703,1765396173.8807218,2025-12-10T19:49:33.880724+00:00
2704,1765396173.897429,2025-12-10T19:49:33.897433+00:00
2705,1765396173.918296,2025-12-10T19:49:33.918299+00:00
2706,1765396173.939164,2025-12-10T19:49:33.939165+00:00
2707,1765396173.960015,2025-12-10T19:49:33.960015+00:00
2708,1765396173.9808571,2025-12-10T19:49:33.980859+00:00
2709,1765396174.001704,2025-12-10T19:49:34.001706+00:00
2710,1765396174.0224,2025-12-10T19:49:34.022404+00:00
2711,1765396174.040789,2025-12-10T19:49:34.040791+00:00
2712,1765396174.0594308,2025-12-10T19:49:34.059433+00:00
2713,1765396174.080317,2025-12-10T19:49:34.080318+00:00
2714,1765396174.1011682,2025-12-10T19:49:34.101170+00:00
2715,1765396174.119692,2025-12-10T19:49:34.119697+00:00
2716,1765396174.1375859,2025-12-10T19:49:34.137590+00:00
2717,1765396174.158462,2025-12-10T19:49:34.158465+00:00
2718,1765396174.178716,2025-12-10T19:49:34.178720+00:00
2719,1765396174.197354,2025-12-10T19:49:34.197356+00:00
2720,1765396174.2182138,2025-12-10T19:49:34.218215+00:00
2721,1765396174.239032,2025-12-10T19:49:34.239035+00:00
2722,1765396174.259901,2025-12-10T19:49:34.259903+00:00
2723,1765396174.280688,2025-12-10T19:49:34.280689+00:00
2724,1765396174.301568,2025-12-10T19:49:34.301573+00:00
2725,1765396174.3200278,2025-12-10T19:49:34.320031+00:00
2726,1765396174.339026,2025-12-10T19:49:34.339027+00:00
2727,1765396174.359893,2025-12-10T19:49:34.359895+00:00
2728,1765396174.380765,2025-12-10T19:49:34.380765+00:00
2729,1765396174.401619,2025-12-10T19:49:34.401622+00:00
2730,1765396174.4225101,2025-12-10T19:49:34.422511+00:00
2731,1765396174.439927,2025-12-10T19:49:34.439931+00:00
2732,1765396174.4608378,2025-12-10T19:49:34.460842+00:00
2733,1765396174.481714,2025-12-10T19:49:34.481715+00:00
2734,1765396174.5025191,2025-12-10T19:49:34.502524+00:00
2735,1765396174.523436,2025-12-10T19:49:34.523440+00:00
2736,1765396174.5421069,2025-12-10T19:49:34.542114+00:00
2737,1765396174.564511,2025-12-10T19:49:34.564515+00:00
2738,1765396174.586837,2025-12-10T19:49:34.586841+00:00
2739,1765396174.603703,2025-12-10T19:49:34.603707+00:00
2740,1765396174.621703,2025-12-10T19:49:34.621705+00:00
2741,1765396174.6425579,2025-12-10T19:49:34.642561+00:00
2742,1765396174.66344,2025-12-10T19:49:34.663441+00:00
2743,1765396174.680716,2025-12-10T19:49:34.680745+00:00
2744,1765396174.701619,2025-12-10T19:49:34.701622+00:00
2745,1765396174.722353,2025-12-10T19:49:34.722356+00:00
2746,1765396174.743238,2025-12-10T19:49:34.743242+00:00
2747,1765396174.763105,2025-12-10T19:49:34.763110+00:00
2748,1765396174.780697,2025-12-10T19:49:34.780701+00:00
2749,1765396174.801585,2025-12-10T19:49:34.801586+00:00
2750,1765396174.822356,2025-12-10T19:49:34.822356+00:00
2751,1765396174.8437881,2025-12-10T19:49:34.843791+00:00
2752,1765396174.864671,2025-12-10T19:49:34.864676+00:00
2753,1765396174.885586,2025-12-10T19:49:34.885592+00:00
2754,1765396174.9057941,2025-12-10T19:49:34.905800+00:00
2755,1765396174.9267352,2025-12-10T19:49:34.926737+00:00
2756,1765396174.947586,2025-12-10T19:49:34.947587+00:00
2757,1765396174.968454,2025-12-10T19:49:34.968458+00:00
2758,1765396174.989341,2025-12-10T19:49:34.989345+00:00
2759,1765396175.006482,2025-12-10T19:49:35.006490+00:00
2760,1765396175.027394,2025-12-10T19:49:35.027397+00:00
2761,1765396175.046444,2025-12-10T19:49:35.046448+00:00
2762,1765396175.063475,2025-12-10T19:49:35.063476+00:00
2763,1765396175.081492,2025-12-10T19:49:35.081493+00:00
2764,1765396175.098486,2025-12-10T19:49:35.098487+00:00
2765,1765396175.119353,2025-12-10T19:49:35.119356+00:00
2766,1765396175.139034,2025-12-10T19:49:35.139035+00:00
2767,1765396175.1598961,2025-12-10T19:49:35.159898+00:00
2768,1765396175.180383,2025-12-10T19:49:35.180383+00:00
2769,1765396175.1989691,2025-12-10T19:49:35.198970+00:00
2770,1765396175.216152,2025-12-10T19:49:35.216189+00:00
2771,1765396175.233877,2025-12-10T19:49:35.233885+00:00
2772,1765396175.261704,2025-12-10T19:49:35.261708+00:00
2773,1765396175.278872,2025-12-10T19:49:35.278877+00:00
2774,1765396175.29977,2025-12-10T19:49:35.299774+00:00
2775,1765396175.316983,2025-12-10T19:49:35.316989+00:00
2776,1765396175.3341079,2025-12-10T19:49:35.334110+00:00
2777,1765396175.3547242,2025-12-10T19:49:35.354729+00:00
2778,1765396175.372375,2025-12-10T19:49:35.372377+00:00
2779,1765396175.389589,2025-12-10T19:49:35.389592+00:00
2780,1765396175.41024,2025-12-10T19:49:35.410242+00:00
2781,1765396175.4307132,2025-12-10T19:49:35.430717+00:00
2782,1765396175.450314,2025-12-10T19:49:35.450318+00:00
2783,1765396175.471197,2025-12-10T19:49:35.471199+00:00
2784,1765396175.489059,2025-12-10T19:49:35.489060+00:00
2785,1765396175.509644,2025-12-10T19:49:35.509652+00:00
2786,1765396175.530551,2025-12-10T19:49:35.530555+00:00
2787,1765396175.54739,2025-12-10T19:49:35.547391+00:00
2788,1765396175.568249,2025-12-10T19:49:35.568250+00:00
2789,1765396175.589039,2025-12-10T19:49:35.589040+00:00
2790,1765396175.609186,2025-12-10T19:49:35.609189+00:00
2791,1765396175.630073,2025-12-10T19:49:35.630076+00:00
2792,1765396175.6470442,2025-12-10T19:49:35.647045+00:00
2793,1765396175.667731,2025-12-10T19:49:35.667736+00:00
2794,1765396175.687186,2025-12-10T19:49:35.687190+00:00
2795,1765396175.707238,2025-12-10T19:49:35.707242+00:00
2796,1765396175.728106,2025-12-10T19:49:35.728108+00:00
2797,1765396175.748969,2025-12-10T19:49:35.748973+00:00
2798,1765396175.7698848,2025-12-10T19:49:35.769895+00:00
2799,1765396175.78905,2025-12-10T19:49:35.789072+00:00
2800,1765396175.809972,2025-12-10T19:49:35.809973+00:00
2801,1765396175.8307168,2025-12-10T19:49:35.830721+00:00
2802,1765396175.850432,2025-12-10T19:49:35.850434+00:00
2803,1765396175.868402,2025-12-10T19:49:35.868406+00:00
2804,1765396175.889036,2025-12-10T19:49:35.889038+00:00
2805,1765396175.9087958,2025-12-10T19:49:35.908800+00:00
2806,1765396175.930133,2025-12-10T19:49:35.930136+00:00
2807,1765396175.951008,2025-12-10T19:49:35.951009+00:00
2808,1765396175.968498,2025-12-10T19:49:35.968503+00:00
2809,1765396175.989388,2025-12-10T19:49:35.989393+00:00
2810,1765396176.010283,2025-12-10T19:49:36.010288+00:00
2811,1765396176.031286,2025-12-10T19:49:36.031297+00:00
2812,1765396176.048599,2025-12-10T19:49:36.048602+00:00
2813,1765396176.0667388,2025-12-10T19:49:36.066742+00:00
2814,1765396176.08762,2025-12-10T19:49:36.087620+00:00
2815,1765396176.1053262,2025-12-10T19:49:36.105332+00:00
2816,1765396176.1262379,2025-12-10T19:49:36.126242+00:00
2817,1765396176.147126,2025-12-10T19:49:36.147127+00:00
2818,1765396176.164961,2025-12-10T19:49:36.164963+00:00
2819,1765396176.185832,2025-12-10T19:49:36.185832+00:00
2820,1765396176.2057338,2025-12-10T19:49:36.205737+00:00
2821,1765396176.2262132,2025-12-10T19:49:36.226214+00:00
2822,1765396176.247093,2025-12-10T19:49:36.247096+00:00
2823,1765396176.2640471,2025-12-10T19:49:36.264050+00:00
2824,1765396176.2849422,2025-12-10T19:49:36.284945+00:00
2825,1765396176.3058372,2025-12-10T19:49:36.305842+00:00
2826,1765396176.324085,2025-12-10T19:49:36.324087+00:00
2827,1765396176.3422341,2025-12-10T19:49:36.342236+00:00
2828,1765396176.363095,2025-12-10T19:49:36.363096+00:00
2829,1765396176.3839538,2025-12-10T19:49:36.383955+00:00
2830,1765396176.404833,2025-12-10T19:49:36.404838+00:00
2831,1765396176.4257321,2025-12-10T19:49:36.425733+00:00
2832,1765396176.4465852,2025-12-10T19:49:36.446585+00:00
2833,1765396176.466642,2025-12-10T19:49:36.466647+00:00
2834,1765396176.485405,2025-12-10T19:49:36.485406+00:00
2835,1765396176.505755,2025-12-10T19:49:36.505775+00:00
2836,1765396176.52257,2025-12-10T19:49:36.522575+00:00
2837,1765396176.5427089,2025-12-10T19:49:36.542713+00:00
2838,1765396176.562251,2025-12-10T19:49:36.562253+00:00
2839,1765396176.583117,2025-12-10T19:49:36.583117+00:00
2840,1765396176.6039739,2025-12-10T19:49:36.603978+00:00
2841,1765396176.621662,2025-12-10T19:49:36.621665+00:00
2842,1765396176.6390452,2025-12-10T19:49:36.639048+00:00
2843,1765396176.65991,2025-12-10T19:49:36.659911+00:00
2844,1765396176.6807628,2025-12-10T19:49:36.680765+00:00
2845,1765396176.701625,2025-12-10T19:49:36.701630+00:00
2846,1765396176.72255,2025-12-10T19:49:36.722552+00:00
2847,1765396176.74292,2025-12-10T19:49:36.742923+00:00
2848,1765396176.760006,2025-12-10T19:49:36.760010+00:00
2849,1765396176.780886,2025-12-10T19:49:36.780887+00:00
2850,1765396176.799568,2025-12-10T19:49:36.799573+00:00
2851,1765396176.8167198,2025-12-10T19:49:36.816721+00:00
2852,1765396176.8341,2025-12-10T19:49:36.834104+00:00
2853,1765396176.854809,2025-12-10T19:49:36.854812+00:00
2854,1765396176.871658,2025-12-10T19:49:36.871662+00:00
2855,1765396176.889361,2025-12-10T19:49:36.889363+00:00
2856,1765396176.910225,2025-12-10T19:49:36.910227+00:00
2857,1765396176.931096,2025-12-10T19:49:36.931096+00:00
2858,1765396176.9480698,2025-12-10T19:49:36.948074+00:00
2859,1765396176.9690251,2025-12-10T19:49:36.969029+00:00
2860,1765396176.989047,2025-12-10T19:49:36.989047+00:00
2861,1765396177.00991,2025-12-10T19:49:37.009916+00:00
2862,1765396177.029829,2025-12-10T19:49:37.029833+00:00
2863,1765396177.05072,2025-12-10T19:49:37.050721+00:00
2864,1765396177.071579,2025-12-10T19:49:37.071580+00:00
2865,1765396177.090888,2025-12-10T19:49:37.090891+00:00
2866,1765396177.108392,2025-12-10T19:49:37.108397+00:00
2867,1765396177.126799,2025-12-10T19:49:37.126802+00:00
2868,1765396177.147416,2025-12-10T19:49:37.147419+00:00
2869,1765396177.16831,2025-12-10T19:49:37.168315+00:00
2870,1765396177.187979,2025-12-10T19:49:37.187981+00:00
2871,1765396177.205732,2025-12-10T19:49:37.205733+00:00
2872,1765396177.226592,2025-12-10T19:49:37.226593+00:00
2873,1765396177.247453,2025-12-10T19:49:37.247454+00:00
2874,1765396177.2666528,2025-12-10T19:49:37.266660+00:00
2875,1765396177.287584,2025-12-10T19:49:37.287590+00:00
2876,1765396177.308481,2025-12-10T19:49:37.308482+00:00
2877,1765396177.3266401,2025-12-10T19:49:37.326643+00:00
2878,1765396177.347541,2025-12-10T19:49:37.347542+00:00
2879,1765396177.368393,2025-12-10T19:49:37.368394+00:00
2880,1765396177.3890612,2025-12-10T19:49:37.389085+00:00
2881,1765396177.4099782,2025-12-10T19:49:37.409980+00:00
2882,1765396177.4308429,2025-12-10T19:49:37.430845+00:00
2883,1765396177.4516108,2025-12-10T19:49:37.451614+00:00
2884,1765396177.47229,2025-12-10T19:49:37.472292+00:00
2885,1765396177.489482,2025-12-10T19:49:37.489483+00:00
2886,1765396177.5103612,2025-12-10T19:49:37.510366+00:00
2887,1765396177.529877,2025-12-10T19:49:37.529882+00:00
2888,1765396177.550359,2025-12-10T19:49:37.550363+00:00
2889,1765396177.567992,2025-12-10T19:49:37.567997+00:00
2890,1765396177.58736,2025-12-10T19:49:37.587361+00:00
2891,1765396177.6082299,2025-12-10T19:49:37.608233+00:00
2892,1765396177.6272,2025-12-10T19:49:37.627202+00:00
2893,1765396177.646556,2025-12-10T19:49:37.646570+00:00
2894,1765396177.663667,2025-12-10T19:49:37.663671+00:00
2895,1765396177.680771,2025-12-10T19:49:37.680771+00:00
2896,1765396177.69935,2025-12-10T19:49:37.699351+00:00
2897,1765396177.720217,2025-12-10T19:49:37.720219+00:00
2898,1765396177.745056,2025-12-10T19:49:37.745062+00:00
2899,1765396177.763072,2025-12-10T19:49:37.763077+00:00
2900,1765396177.781879,2025-12-10T19:49:37.781882+00:00
2901,1765396177.7995672,2025-12-10T19:49:37.799572+00:00
2902,1765396177.8203058,2025-12-10T19:49:37.820309+00:00
2903,1765396177.8391318,2025-12-10T19:49:37.839134+00:00
2904,1765396177.8599339,2025-12-10T19:49:37.859936+00:00
2905,1765396177.880736,2025-12-10T19:49:37.880754+00:00
2906,1765396177.898251,2025-12-10T19:49:37.898252+00:00
2907,1765396177.915487,2025-12-10T19:49:37.915488+00:00
2908,1765396177.933718,2025-12-10T19:49:37.933720+00:00
2909,1765396177.954583,2025-12-10T19:49:37.954583+00:00
2910,1765396177.9724002,2025-12-10T19:49:37.972402+00:00
2911,1765396177.993269,2025-12-10T19:49:37.993276+00:00
2912,1765396178.0141451,2025-12-10T19:49:38.014147+00:00
2913,1765396178.035006,2025-12-10T19:49:38.035008+00:00
2914,1765396178.053879,2025-12-10T19:49:38.053880+00:00
2915,1765396178.072417,2025-12-10T19:49:38.072418+00:00
2916,1765396178.093278,2025-12-10T19:49:38.093278+00:00
2917,1765396178.1141288,2025-12-10T19:49:38.114131+00:00
2918,1765396178.133614,2025-12-10T19:49:38.133616+00:00
2919,1765396178.15439,2025-12-10T19:49:38.154391+00:00
2920,1765396178.174165,2025-12-10T19:49:38.174169+00:00
2921,1765396178.191592,2025-12-10T19:49:38.191595+00:00
2922,1765396178.208552,2025-12-10T19:49:38.208554+00:00
2923,1765396178.226645,2025-12-10T19:49:38.226646+00:00
2924,1765396178.247391,2025-12-10T19:49:38.247395+00:00
2925,1765396178.267489,2025-12-10T19:49:38.267493+00:00
2926,1765396178.288377,2025-12-10T19:49:38.288380+00:00
2927,1765396178.30589,2025-12-10T19:49:38.305892+00:00
2928,1765396178.326745,2025-12-10T19:49:38.326747+00:00
2929,1765396178.347446,2025-12-10T19:49:38.347450+00:00
2930,1765396178.368344,2025-12-10T19:49:38.368350+00:00
2931,1765396178.387672,2025-12-10T19:49:38.387678+00:00
2932,1765396178.40857,2025-12-10T19:49:38.408571+00:00
2933,1765396178.4257312,2025-12-10T19:49:38.425738+00:00
2934,1765396178.446646,2025-12-10T19:49:38.446648+00:00
2935,1765396178.4637709,2025-12-10T19:49:38.463779+00:00
2936,1765396178.484305,2025-12-10T19:49:38.484308+00:00
2937,1765396178.505174,2025-12-10T19:49:38.505178+00:00
2938,1765396178.52564,2025-12-10T19:49:38.525648+00:00
2939,1765396178.54655,2025-12-10T19:49:38.546553+00:00
2940,1765396178.567429,2025-12-10T19:49:38.567434+00:00
2941,1765396178.5880399,2025-12-10T19:49:38.588043+00:00
2942,1765396178.605581,2025-12-10T19:49:38.605587+00:00
2943,1765396178.626225,2025-12-10T19:49:38.626230+00:00
2944,1765396178.647125,2025-12-10T19:49:38.647127+00:00
2945,1765396178.667043,2025-12-10T19:49:38.667047+00:00
2946,1765396178.6868842,2025-12-10T19:49:38.686889+00:00
2947,1765396178.7076852,2025-12-10T19:49:38.707690+00:00
2948,1765396178.72859,2025-12-10T19:49:38.728592+00:00
2949,1765396178.748739,2025-12-10T19:49:38.748742+00:00
2950,1765396178.7696152,2025-12-10T19:49:38.769620+00:00
2951,1765396178.789063,2025-12-10T19:49:38.789065+00:00
2952,1765396178.8097658,2025-12-10T19:49:38.809773+00:00
2953,1765396178.830692,2025-12-10T19:49:38.830697+00:00
2954,1765396178.851601,2025-12-10T19:49:38.851604+00:00
2955,1765396178.870925,2025-12-10T19:49:38.870929+00:00
2956,1765396178.9113002,2025-12-10T19:49:38.911305+00:00
2957,1765396178.9322,2025-12-10T19:49:38.932205+00:00
2958,1765396178.950868,2025-12-10T19:49:38.950873+00:00
2959,1765396178.9680982,2025-12-10T19:49:38.968102+00:00
2960,1765396178.988993,2025-12-10T19:49:38.988996+00:00
2961,1765396179.005746,2025-12-10T19:49:39.005751+00:00
2962,1765396179.0266528,2025-12-10T19:49:39.026655+00:00
2963,1765396179.047529,2025-12-10T19:49:39.047531+00:00
2964,1765396179.06478,2025-12-10T19:49:39.064781+00:00
2965,1765396179.085647,2025-12-10T19:49:39.085653+00:00
2966,1765396179.104955,2025-12-10T19:49:39.104958+00:00
2967,1765396179.1230762,2025-12-10T19:49:39.123080+00:00
2968,1765396179.143948,2025-12-10T19:49:39.143951+00:00
2969,1765396179.164809,2025-12-10T19:49:39.164811+00:00
2970,1765396179.1824498,2025-12-10T19:49:39.182453+00:00
2971,1765396179.203338,2025-12-10T19:49:39.203339+00:00
2972,1765396179.224205,2025-12-10T19:49:39.224207+00:00
2973,1765396179.245077,2025-12-10T19:49:39.245078+00:00
2974,1765396179.265936,2025-12-10T19:49:39.265942+00:00
2975,1765396179.28684,2025-12-10T19:49:39.286843+00:00
2976,1765396179.305739,2025-12-10T19:49:39.305741+00:00
2977,1765396179.3224561,2025-12-10T19:49:39.322458+00:00
2978,1765396179.343328,2025-12-10T19:49:39.343328+00:00
2979,1765396179.362903,2025-12-10T19:49:39.362907+00:00
2980,1765396179.380799,2025-12-10T19:49:39.380802+00:00
2981,1765396179.398675,2025-12-10T19:49:39.398678+00:00
2982,1765396179.419551,2025-12-10T19:49:39.419552+00:00
2983,1765396179.439088,2025-12-10T19:49:39.439090+00:00
2984,1765396179.459958,2025-12-10T19:49:39.459959+00:00
2985,1765396179.480821,2025-12-10T19:49:39.480825+00:00
2986,1765396179.5017102,2025-12-10T19:49:39.501713+00:00
2987,1765396179.522583,2025-12-10T19:49:39.522588+00:00
2988,1765396179.539438,2025-12-10T19:49:39.539442+00:00
2989,1765396179.560323,2025-12-10T19:49:39.560327+00:00
2990,1765396179.581195,2025-12-10T19:49:39.581200+00:00
2991,1765396179.598746,2025-12-10T19:49:39.598749+00:00
2992,1765396179.619621,2025-12-10T19:49:39.619626+00:00
2993,1765396179.63988,2025-12-10T19:49:39.639883+00:00
2994,1765396179.659595,2025-12-10T19:49:39.659599+00:00
2995,1765396179.6804218,2025-12-10T19:49:39.680427+00:00
2996,1765396179.700779,2025-12-10T19:49:39.700781+00:00
2997,1765396179.720205,2025-12-10T19:49:39.720209+00:00
2998,1765396179.741076,2025-12-10T19:49:39.741080+00:00
2999,1765396179.759237,2025-12-10T19:49:39.759242+00:00
3000,1765396179.78014,2025-12-10T19:49:39.780145+00:00
3001,1765396179.801034,2025-12-10T19:49:39.801037+00:00
3002,1765396179.821905,2025-12-10T19:49:39.821909+00:00
3003,1765396179.8427908,2025-12-10T19:49:39.842796+00:00
3004,1765396179.863283,2025-12-10T19:49:39.863292+00:00
3005,1765396179.880762,2025-12-10T19:49:39.880765+00:00
3006,1765396179.901639,2025-12-10T19:49:39.901643+00:00
3007,1765396179.922432,2025-12-10T19:49:39.922441+00:00
3008,1765396179.9393752,2025-12-10T19:49:39.939377+00:00
3009,1765396179.9602401,2025-12-10T19:49:39.960242+00:00
3010,1765396179.980768,2025-12-10T19:49:39.980769+00:00
3011,1765396180.000515,2025-12-10T19:49:40.000516+00:00
3012,1765396180.019806,2025-12-10T19:49:40.019810+00:00
3013,1765396180.039079,2025-12-10T19:49:40.039079+00:00
3014,1765396180.0599291,2025-12-10T19:49:40.059931+00:00
3015,1765396180.080748,2025-12-10T19:49:40.080751+00:00
3016,1765396180.10161,2025-12-10T19:49:40.101612+00:00
3017,1765396180.1224792,2025-12-10T19:49:40.122485+00:00
3018,1765396180.143611,2025-12-10T19:49:40.143613+00:00
3019,1765396180.1644769,2025-12-10T19:49:40.164479+00:00
3020,1765396180.185348,2025-12-10T19:49:40.185353+00:00
3021,1765396180.206057,2025-12-10T19:49:40.206060+00:00
3022,1765396180.226926,2025-12-10T19:49:40.226929+00:00
3023,1765396180.2443368,2025-12-10T19:49:40.244342+00:00
3024,1765396180.262068,2025-12-10T19:49:40.262070+00:00
3025,1765396180.280447,2025-12-10T19:49:40.280453+00:00
3026,1765396180.2974458,2025-12-10T19:49:40.297449+00:00
3027,1765396180.318351,2025-12-10T19:49:40.318357+00:00
3028,1765396180.339247,2025-12-10T19:49:40.339250+00:00
3029,1765396180.360116,2025-12-10T19:49:40.360117+00:00
3030,1765396180.376865,2025-12-10T19:49:40.376867+00:00
3031,1765396180.3979452,2025-12-10T19:49:40.397946+00:00
3032,1765396180.4188092,2025-12-10T19:49:40.418810+00:00
3033,1765396180.4390779,2025-12-10T19:49:40.439078+00:00
3034,1765396180.455824,2025-12-10T19:49:40.455824+00:00
3035,1765396180.47667,2025-12-10T19:49:40.476670+00:00
3036,1765396180.497422,2025-12-10T19:49:40.497424+00:00
3037,1765396180.517765,2025-12-10T19:49:40.517767+00:00
3038,1765396180.538632,2025-12-10T19:49:40.538633+00:00
3039,1765396180.5595179,2025-12-10T19:49:40.559520+00:00
3040,1765396180.576381,2025-12-10T19:49:40.576383+00:00
3041,1765396180.5972538,2025-12-10T19:49:40.597254+00:00
3042,1765396180.614166,2025-12-10T19:49:40.614168+00:00
3043,1765396180.632305,2025-12-10T19:49:40.632309+00:00
3044,1765396180.653217,2025-12-10T19:49:40.653220+00:00
3045,1765396180.6740842,2025-12-10T19:49:40.674085+00:00
3046,1765396180.694937,2025-12-10T19:49:40.694942+00:00
3047,1765396180.712115,2025-12-10T19:49:40.712116+00:00
3048,1765396180.7329721,2025-12-10T19:49:40.732976+00:00
3049,1765396180.7515059,2025-12-10T19:49:40.751508+00:00
3050,1765396180.772043,2025-12-10T19:49:40.772046+00:00
3051,1765396180.7926521,2025-12-10T19:49:40.792657+00:00
3052,1765396180.81313,2025-12-10T19:49:40.813133+00:00
3053,1765396180.8308191,2025-12-10T19:49:40.830821+00:00
3054,1765396180.851677,2025-12-10T19:49:40.851679+00:00
3055,1765396180.872443,2025-12-10T19:49:40.872445+00:00
3056,1765396180.893323,2025-12-10T19:49:40.893325+00:00
3057,1765396180.91201,2025-12-10T19:49:40.912013+00:00
3058,1765396180.930801,2025-12-10T19:49:40.930806+00:00
3059,1765396180.951691,2025-12-10T19:49:40.951695+00:00
3060,1765396180.972415,2025-12-10T19:49:40.972416+00:00
3061,1765396180.9932811,2025-12-10T19:49:40.993286+00:00
3062,1765396181.013076,2025-12-10T19:49:41.013078+00:00
3063,1765396181.031787,2025-12-10T19:49:41.031792+00:00
3064,1765396181.0523672,2025-12-10T19:49:41.052370+00:00
3065,1765396181.072417,2025-12-10T19:49:41.072419+00:00
3066,1765396181.092868,2025-12-10T19:49:41.092873+00:00
3067,1765396181.1137862,2025-12-10T19:49:41.113787+00:00
3068,1765396181.130762,2025-12-10T19:49:41.130765+00:00
3069,1765396181.151639,2025-12-10T19:49:41.151642+00:00
3070,1765396181.17243,2025-12-10T19:49:41.172432+00:00
3071,1765396181.192054,2025-12-10T19:49:41.192057+00:00
3072,1765396181.2100658,2025-12-10T19:49:41.210067+00:00
3073,1765396181.230913,2025-12-10T19:49:41.230913+00:00
3074,1765396181.247917,2025-12-10T19:49:41.247919+00:00
3075,1765396181.268806,2025-12-10T19:49:41.268812+00:00
3076,1765396181.287497,2025-12-10T19:49:41.287500+00:00
3077,1765396181.305795,2025-12-10T19:49:41.305816+00:00
3078,1765396181.326747,2025-12-10T19:49:41.326750+00:00
3079,1765396181.347429,2025-12-10T19:49:41.347452+00:00
3080,1765396181.364706,2025-12-10T19:49:41.364707+00:00
3081,1765396181.385561,2025-12-10T19:49:41.385561+00:00
3082,1765396181.4057689,2025-12-10T19:49:41.405771+00:00
3083,1765396181.423778,2025-12-10T19:49:41.423781+00:00
3084,1765396181.4446561,2025-12-10T19:49:41.444660+00:00
3085,1765396181.465557,2025-12-10T19:49:41.465558+00:00
3086,1765396181.485473,2025-12-10T19:49:41.485473+00:00
3087,1765396181.506328,2025-12-10T19:49:41.506332+00:00
3088,1765396181.52543,2025-12-10T19:49:41.525433+00:00
3089,1765396181.5463119,2025-12-10T19:49:41.546313+00:00
3090,1765396181.564424,2025-12-10T19:49:41.564425+00:00
3091,1765396181.585279,2025-12-10T19:49:41.585281+00:00
3092,1765396181.606148,2025-12-10T19:49:41.606151+00:00
3093,1765396181.624382,2025-12-10T19:49:41.624384+00:00
3094,1765396181.645257,2025-12-10T19:49:41.645258+00:00
3095,1765396181.6661189,2025-12-10T19:49:41.666120+00:00
3096,1765396181.686969,2025-12-10T19:49:41.686970+00:00
3097,1765396181.7078269,2025-12-10T19:49:41.707830+00:00
3098,1765396181.728703,2025-12-10T19:49:41.728705+00:00
3099,1765396181.749572,2025-12-10T19:49:41.749574+00:00
3100,1765396181.7692611,2025-12-10T19:49:41.769262+00:00
3101,1765396181.789516,2025-12-10T19:49:41.789517+00:00
3102,1765396181.810373,2025-12-10T19:49:41.810376+00:00
3103,1765396181.830754,2025-12-10T19:49:41.830756+00:00
3104,1765396181.849918,2025-12-10T19:49:41.849920+00:00
3105,1765396181.870782,2025-12-10T19:49:41.870783+00:00
3106,1765396181.89043,2025-12-10T19:49:41.890431+00:00
3107,1765396181.911293,2025-12-10T19:49:41.911295+00:00
3108,1765396181.932153,2025-12-10T19:49:41.932153+00:00
3109,1765396181.953012,2025-12-10T19:49:41.953015+00:00
3110,1765396181.9700649,2025-12-10T19:49:41.970066+00:00
3111,1765396181.989868,2025-12-10T19:49:41.989870+00:00
3112,1765396182.0104241,2025-12-10T19:49:42.010424+00:00
3113,1765396182.027329,2025-12-10T19:49:42.027329+00:00
3114,1765396182.048181,2025-12-10T19:49:42.048182+00:00
3115,1765396182.069037,2025-12-10T19:49:42.069038+00:00
3116,1765396182.085906,2025-12-10T19:49:42.085907+00:00
3117,1765396182.106753,2025-12-10T19:49:42.106753+00:00
3118,1765396182.1263092,2025-12-10T19:49:42.126309+00:00
3119,1765396182.1439402,2025-12-10T19:49:42.143944+00:00
3120,1765396182.1648571,2025-12-10T19:49:42.164861+00:00
3121,1765396182.185736,2025-12-10T19:49:42.185740+00:00
3122,1765396182.205766,2025-12-10T19:49:42.205767+00:00
3123,1765396182.226707,2025-12-10T19:49:42.226722+00:00
3124,1765396182.247642,2025-12-10T19:49:42.247645+00:00
3125,1765396182.268498,2025-12-10T19:49:42.268499+00:00
3126,1765396182.285183,2025-12-10T19:49:42.285184+00:00
3127,1765396182.3057961,2025-12-10T19:49:42.305799+00:00
3128,1765396182.324411,2025-12-10T19:49:42.324413+00:00
3129,1765396182.345288,2025-12-10T19:49:42.345289+00:00
3130,1765396182.366157,2025-12-10T19:49:42.366158+00:00
3131,1765396182.3870158,2025-12-10T19:49:42.387018+00:00
3132,1765396182.405756,2025-12-10T19:49:42.405756+00:00
3133,1765396182.426621,2025-12-10T19:49:42.426624+00:00
3134,1765396182.447498,2025-12-10T19:49:42.447499+00:00
3135,1765396182.46737,2025-12-10T19:49:42.467374+00:00
3136,1765396182.486092,2025-12-10T19:49:42.486094+00:00
3137,1765396182.5057762,2025-12-10T19:49:42.505777+00:00
3138,1765396182.526647,2025-12-10T19:49:42.526651+00:00
3139,1765396182.545127,2025-12-10T19:49:42.545130+00:00
3140,1765396182.565879,2025-12-10T19:49:42.565882+00:00
3141,1765396182.585784,2025-12-10T19:49:42.585787+00:00
3142,1765396182.6066592,2025-12-10T19:49:42.606661+00:00
3143,1765396182.624869,2025-12-10T19:49:42.624871+00:00
3144,1765396182.6457229,2025-12-10T19:49:42.645724+00:00
3145,1765396182.664107,2025-12-10T19:49:42.664111+00:00
3146,1765396182.681705,2025-12-10T19:49:42.681705+00:00
3147,1765396182.702559,2025-12-10T19:49:42.702563+00:00
3148,1765396182.719738,2025-12-10T19:49:42.719741+00:00
3149,1765396182.7394261,2025-12-10T19:49:42.739427+00:00
3150,1765396182.760288,2025-12-10T19:49:42.760290+00:00
3151,1765396182.781159,2025-12-10T19:49:42.781159+00:00
3152,1765396182.802031,2025-12-10T19:49:42.802038+00:00
3153,1765396182.821522,2025-12-10T19:49:42.821525+00:00
3154,1765396182.840446,2025-12-10T19:49:42.840447+00:00
3155,1765396182.8601952,2025-12-10T19:49:42.860196+00:00
3156,1765396182.878928,2025-12-10T19:49:42.878928+00:00
3157,1765396182.899791,2025-12-10T19:49:42.899795+00:00
3158,1765396182.920692,2025-12-10T19:49:42.920695+00:00
3159,1765396182.941556,2025-12-10T19:49:42.941557+00:00
3160,1765396182.96056,2025-12-10T19:49:42.960562+00:00
3161,1765396182.981426,2025-12-10T19:49:42.981428+00:00
3162,1765396182.999088,2025-12-10T19:49:42.999088+00:00
3163,1765396183.018136,2025-12-10T19:49:43.018136+00:00
3164,1765396183.03673,2025-12-10T19:49:43.036735+00:00
3165,1765396183.056897,2025-12-10T19:49:43.056903+00:00
3166,1765396183.075239,2025-12-10T19:49:43.075244+00:00
3167,1765396183.094111,2025-12-10T19:49:43.094114+00:00
3168,1765396183.114996,2025-12-10T19:49:43.114998+00:00
3169,1765396183.1348228,2025-12-10T19:49:43.134828+00:00
3170,1765396183.153131,2025-12-10T19:49:43.153136+00:00
3171,1765396183.174041,2025-12-10T19:49:43.174045+00:00
3172,1765396183.1949298,2025-12-10T19:49:43.194931+00:00
3173,1765396183.214601,2025-12-10T19:49:43.214603+00:00
3174,1765396183.235471,2025-12-10T19:49:43.235476+00:00
3175,1765396183.253206,2025-12-10T19:49:43.253209+00:00
3176,1765396183.273665,2025-12-10T19:49:43.273666+00:00
3177,1765396183.2913651,2025-12-10T19:49:43.291368+00:00
3178,1765396183.312265,2025-12-10T19:49:43.312270+00:00
3179,1765396183.330789,2025-12-10T19:49:43.330794+00:00
3180,1765396183.348143,2025-12-10T19:49:43.348144+00:00
3181,1765396183.368999,2025-12-10T19:49:43.369001+00:00
3182,1765396183.389129,2025-12-10T19:49:43.389132+00:00
3183,1765396183.4106948,2025-12-10T19:49:43.410697+00:00
3184,1765396183.430775,2025-12-10T19:49:43.430776+00:00
3185,1765396183.452682,2025-12-10T19:49:43.452686+00:00
3186,1765396183.473621,2025-12-10T19:49:43.473625+00:00
3187,1765396183.4945018,2025-12-10T19:49:43.494505+00:00
3188,1765396183.514125,2025-12-10T19:49:43.514128+00:00
3189,1765396183.53325,2025-12-10T19:49:43.533252+00:00
3190,1765396183.554121,2025-12-10T19:49:43.554122+00:00
3191,1765396183.572713,2025-12-10T19:49:43.572714+00:00
3192,1765396183.5935738,2025-12-10T19:49:43.593575+00:00
3193,1765396183.614104,2025-12-10T19:49:43.614104+00:00
3194,1765396183.634957,2025-12-10T19:49:43.634960+00:00
3195,1765396183.653195,2025-12-10T19:49:43.653198+00:00
3196,1765396183.6719518,2025-12-10T19:49:43.671952+00:00
3197,1765396183.692797,2025-12-10T19:49:43.692798+00:00
3198,1765396183.712346,2025-12-10T19:49:43.712346+00:00
3199,1765396183.730137,2025-12-10T19:49:43.730142+00:00
3200,1765396183.7510688,2025-12-10T19:49:43.751073+00:00
3201,1765396183.7687428,2025-12-10T19:49:43.768747+00:00
3202,1765396183.788328,2025-12-10T19:49:43.788331+00:00
3203,1765396183.8067598,2025-12-10T19:49:43.806763+00:00
3204,1765396183.827638,2025-12-10T19:49:43.827643+00:00
3205,1765396183.845441,2025-12-10T19:49:43.845445+00:00
3206,1765396183.863555,2025-12-10T19:49:43.863558+00:00
3207,1765396183.880778,2025-12-10T19:49:43.880780+00:00
3208,1765396183.898104,2025-12-10T19:49:43.898109+00:00
3209,1765396183.918875,2025-12-10T19:49:43.918878+00:00
3210,1765396183.9397461,2025-12-10T19:49:43.939747+00:00
3211,1765396183.960602,2025-12-10T19:49:43.960606+00:00
3212,1765396183.977875,2025-12-10T19:49:43.977881+00:00
3213,1765396183.99816,2025-12-10T19:49:43.998165+00:00
3214,1765396184.01914,2025-12-10T19:49:44.019690+00:00
3215,1765396184.037427,2025-12-10T19:49:44.037435+00:00
3216,1765396184.0562031,2025-12-10T19:49:44.056207+00:00
3217,1765396184.0770051,2025-12-10T19:49:44.077010+00:00
3218,1765396184.095217,2025-12-10T19:49:44.095221+00:00
3219,1765396184.114122,2025-12-10T19:49:44.114134+00:00
3220,1765396184.134551,2025-12-10T19:49:44.134559+00:00
3221,1765396184.1554592,2025-12-10T19:49:44.155461+00:00
3222,1765396184.176329,2025-12-10T19:49:44.176333+00:00
3223,1765396184.1957061,2025-12-10T19:49:44.195713+00:00
3224,1765396184.216609,2025-12-10T19:49:44.216611+00:00
3225,1765396184.2374668,2025-12-10T19:49:44.237468+00:00
3226,1765396184.2569332,2025-12-10T19:49:44.256935+00:00
3227,1765396184.2778082,2025-12-10T19:49:44.277809+00:00
3228,1765396184.2986581,2025-12-10T19:49:44.298659+00:00
3229,1765396184.317853,2025-12-10T19:49:44.317859+00:00
3230,1765396184.338805,2025-12-10T19:49:44.338811+00:00
3231,1765396184.355861,2025-12-10T19:49:44.355864+00:00
3232,1765396184.3749619,2025-12-10T19:49:44.374964+00:00
3233,1765396184.395819,2025-12-10T19:49:44.395823+00:00
3234,1765396184.414123,2025-12-10T19:49:44.414125+00:00
3235,1765396184.4350321,2025-12-10T19:49:44.435036+00:00
3236,1765396184.4559271,2025-12-10T19:49:44.455928+00:00
3237,1765396184.476775,2025-12-10T19:49:44.476776+00:00
3238,1765396184.497453,2025-12-10T19:49:44.497453+00:00
3239,1765396184.5178912,2025-12-10T19:49:44.517895+00:00
3240,1765396184.53502,2025-12-10T19:49:44.535024+00:00
3241,1765396184.552939,2025-12-10T19:49:44.552940+00:00
3242,1765396184.573787,2025-12-10T19:49:44.573788+00:00
3243,1765396184.5946429,2025-12-10T19:49:44.594645+00:00
3244,1765396184.612385,2025-12-10T19:49:44.612385+00:00
3245,1765396184.630785,2025-12-10T19:49:44.630785+00:00
3246,1765396184.6504378,2025-12-10T19:49:44.650439+00:00
3247,1765396184.668549,2025-12-10T19:49:44.668551+00:00
3248,1765396184.6894138,2025-12-10T19:49:44.689427+00:00
3249,1765396184.710287,2025-12-10T19:49:44.710293+00:00
3250,1765396184.731199,2025-12-10T19:49:44.731200+00:00
3251,1765396184.748189,2025-12-10T19:49:44.748192+00:00
3252,1765396184.767147,2025-12-10T19:49:44.767149+00:00
3253,1765396184.787959,2025-12-10T19:49:44.787960+00:00
3254,1765396184.808817,2025-12-10T19:49:44.808820+00:00
3255,1765396184.82805,2025-12-10T19:49:44.828056+00:00
3256,1765396184.847473,2025-12-10T19:49:44.847478+00:00
3257,1765396184.8683572,2025-12-10T19:49:44.868358+00:00
3258,1765396184.889206,2025-12-10T19:49:44.889207+00:00
3259,1765396184.90818,2025-12-10T19:49:44.908181+00:00
3260,1765396184.924916,2025-12-10T19:49:44.924919+00:00
3261,1765396184.942306,2025-12-10T19:49:44.942307+00:00
3262,1765396184.9632099,2025-12-10T19:49:44.963214+00:00
3263,1765396184.9815402,2025-12-10T19:49:44.981545+00:00
3264,1765396185.003314,2025-12-10T19:49:45.003319+00:00
3265,1765396185.023923,2025-12-10T19:49:45.023926+00:00
3266,1765396185.044798,2025-12-10T19:49:45.044803+00:00
3267,1765396185.063086,2025-12-10T19:49:45.063089+00:00
3268,1765396185.08396,2025-12-10T19:49:45.083963+00:00
3269,1765396185.104835,2025-12-10T19:49:45.104838+00:00
3270,1765396185.122777,2025-12-10T19:49:45.122779+00:00
3271,1765396185.1436548,2025-12-10T19:49:45.143660+00:00
3272,1765396185.16473,2025-12-10T19:49:45.164733+00:00
3273,1765396185.185599,2025-12-10T19:49:45.185602+00:00
3274,1765396185.206478,2025-12-10T19:49:45.206482+00:00
3275,1765396185.2273622,2025-12-10T19:49:45.227364+00:00
3276,1765396185.247456,2025-12-10T19:49:45.247456+00:00
3277,1765396185.268318,2025-12-10T19:49:45.268324+00:00
3278,1765396185.286946,2025-12-10T19:49:45.286949+00:00
3279,1765396185.305871,2025-12-10T19:49:45.305877+00:00
3280,1765396185.325391,2025-12-10T19:49:45.325395+00:00
3281,1765396185.346262,2025-12-10T19:49:45.346263+00:00
3282,1765396185.364139,2025-12-10T19:49:45.364141+00:00
3283,1765396185.3814971,2025-12-10T19:49:45.381500+00:00
3284,1765396185.4023721,2025-12-10T19:49:45.402376+00:00
3285,1765396185.42094,2025-12-10T19:49:45.420946+00:00
3286,1765396185.438132,2025-12-10T19:49:45.438138+00:00
3287,1765396185.455817,2025-12-10T19:49:45.455819+00:00
3288,1765396185.476191,2025-12-10T19:49:45.476194+00:00
3289,1765396185.496966,2025-12-10T19:49:45.496967+00:00
3290,1765396185.514139,2025-12-10T19:49:45.514141+00:00
3291,1765396185.535017,2025-12-10T19:49:45.535019+00:00
3292,1765396185.551884,2025-12-10T19:49:45.551884+00:00
3293,1765396185.57273,2025-12-10T19:49:45.572731+00:00
3294,1765396185.5935922,2025-12-10T19:49:45.593596+00:00
3295,1765396185.6153758,2025-12-10T19:49:45.615382+00:00
3296,1765396185.635942,2025-12-10T19:49:45.635946+00:00
3297,1765396185.656491,2025-12-10T19:49:45.656492+00:00
3298,1765396185.673388,2025-12-10T19:49:45.673390+00:00
3299,1765396185.694164,2025-12-10T19:49:45.694168+00:00
3300,1765396185.711832,2025-12-10T19:49:45.711835+00:00
3301,1765396185.732703,2025-12-10T19:49:45.732706+00:00
3302,1765396185.750976,2025-12-10T19:49:45.750980+00:00
3303,1765396185.7718568,2025-12-10T19:49:45.771860+00:00
3304,1765396185.792728,2025-12-10T19:49:45.792731+00:00
3305,1765396185.8131251,2025-12-10T19:49:45.813127+00:00
3306,1765396185.832557,2025-12-10T19:49:45.832567+00:00
3307,1765396185.8534899,2025-12-10T19:49:45.853493+00:00
3308,1765396185.872124,2025-12-10T19:49:45.872127+00:00
3309,1765396185.893013,2025-12-10T19:49:45.893014+00:00
3310,1765396185.91387,2025-12-10T19:49:45.913872+00:00
3311,1765396185.9308312,2025-12-10T19:49:45.930837+00:00
3312,1765396185.9495108,2025-12-10T19:49:45.949515+00:00
3313,1765396185.9703932,2025-12-10T19:49:45.970397+00:00
3314,1765396185.988331,2025-12-10T19:49:45.988332+00:00
3315,1765396186.009195,2025-12-10T19:49:46.009200+00:00
3316,1765396186.030097,2025-12-10T19:49:46.030099+00:00
3317,1765396186.0509481,2025-12-10T19:49:46.050949+00:00
3318,1765396186.070661,2025-12-10T19:49:46.070662+00:00
3319,1765396186.090991,2025-12-10T19:49:46.090992+00:00
3320,1765396186.111851,2025-12-10T19:49:46.111855+00:00
3321,1765396186.132739,2025-12-10T19:49:46.132744+00:00
3322,1765396186.1536489,2025-12-10T19:49:46.153654+00:00
3323,1765396186.172342,2025-12-10T19:49:46.172343+00:00
3324,1765396186.192128,2025-12-10T19:49:46.192130+00:00
3325,1765396186.213017,2025-12-10T19:49:46.213022+00:00
3326,1765396186.233929,2025-12-10T19:49:46.233930+00:00
3327,1765396186.2537239,2025-12-10T19:49:46.253725+00:00
3328,1765396186.271775,2025-12-10T19:49:46.271780+00:00
3329,1765396186.292684,2025-12-10T19:49:46.292686+00:00
3330,1765396186.3102772,2025-12-10T19:49:46.310282+00:00
3331,1765396186.331095,2025-12-10T19:49:46.331097+00:00
3332,1765396186.351965,2025-12-10T19:49:46.351968+00:00
3333,1765396186.3726149,2025-12-10T19:49:46.372618+00:00
3334,1765396186.393495,2025-12-10T19:49:46.393500+00:00
3335,1765396186.414397,2025-12-10T19:49:46.414400+00:00
3336,1765396186.4352798,2025-12-10T19:49:46.435285+00:00
3337,1765396186.4529312,2025-12-10T19:49:46.452932+00:00
3338,1765396186.4720309,2025-12-10T19:49:46.472032+00:00
3339,1765396186.492895,2025-12-10T19:49:46.492897+00:00
3340,1765396186.511991,2025-12-10T19:49:46.511993+00:00
3341,1765396186.5308921,2025-12-10T19:49:46.530892+00:00
3342,1765396186.551747,2025-12-10T19:49:46.551748+00:00
3343,1765396186.5687308,2025-12-10T19:49:46.568734+00:00
3344,1765396186.589607,2025-12-10T19:49:46.589609+00:00
3345,1765396186.610482,2025-12-10T19:49:46.610487+00:00
3346,1765396186.6290472,2025-12-10T19:49:46.629050+00:00
3347,1765396186.6475148,2025-12-10T19:49:46.647520+00:00
3348,1765396186.6652741,2025-12-10T19:49:46.665277+00:00
3349,1765396186.6855512,2025-12-10T19:49:46.685555+00:00
3350,1765396186.7034712,2025-12-10T19:49:46.703473+00:00
3351,1765396186.7241652,2025-12-10T19:49:46.724167+00:00
3352,1765396186.745028,2025-12-10T19:49:46.745029+00:00
3353,1765396186.765899,2025-12-10T19:49:46.765900+00:00
3354,1765396186.786765,2025-12-10T19:49:46.786766+00:00
3355,1765396186.804929,2025-12-10T19:49:46.804933+00:00
3356,1765396186.824886,2025-12-10T19:49:46.824890+00:00
3357,1765396186.845765,2025-12-10T19:49:46.845767+00:00
3358,1765396186.8641531,2025-12-10T19:49:46.864163+00:00
3359,1765396186.884974,2025-12-10T19:49:46.884978+00:00
3360,1765396186.905826,2025-12-10T19:49:46.905828+00:00
3361,1765396186.926678,2025-12-10T19:49:46.926679+00:00
3362,1765396186.9475389,2025-12-10T19:49:46.947541+00:00
3363,1765396186.9644248,2025-12-10T19:49:46.964426+00:00
3364,1765396186.985274,2025-12-10T19:49:46.985277+00:00
3365,1765396187.00614,2025-12-10T19:49:47.006142+00:00
3366,1765396187.027002,2025-12-10T19:49:47.027003+00:00
3367,1765396187.044342,2025-12-10T19:49:47.044346+00:00
3368,1765396187.061471,2025-12-10T19:49:47.061473+00:00
3369,1765396187.082345,2025-12-10T19:49:47.082349+00:00
3370,1765396187.102884,2025-12-10T19:49:47.102885+00:00
3371,1765396187.121866,2025-12-10T19:49:47.121866+00:00
3372,1765396187.139433,2025-12-10T19:49:47.139435+00:00
3373,1765396187.160308,2025-12-10T19:49:47.160309+00:00
3374,1765396187.1809971,2025-12-10T19:49:47.180999+00:00
3375,1765396187.2018619,2025-12-10T19:49:47.201863+00:00
3376,1765396187.222723,2025-12-10T19:49:47.222724+00:00
3377,1765396187.243586,2025-12-10T19:49:47.243590+00:00
3378,1765396187.261328,2025-12-10T19:49:47.261331+00:00
3379,1765396187.282212,2025-12-10T19:49:47.282214+00:00
3380,1765396187.299615,2025-12-10T19:49:47.299615+00:00
3381,1765396187.3204658,2025-12-10T19:49:47.320468+00:00
3382,1765396187.341336,2025-12-10T19:49:47.341341+00:00
3383,1765396187.359968,2025-12-10T19:49:47.359973+00:00
3384,1765396187.37674,2025-12-10T19:49:47.376742+00:00
3385,1765396187.397604,2025-12-10T19:49:47.397607+00:00
3386,1765396187.418489,2025-12-10T19:49:47.418491+00:00
3387,1765396187.437515,2025-12-10T19:49:47.437516+00:00
3388,1765396187.454282,2025-12-10T19:49:47.454283+00:00
3389,1765396187.4751291,2025-12-10T19:49:47.475129+00:00
3390,1765396187.496045,2025-12-10T19:49:47.496050+00:00
3391,1765396187.51424,2025-12-10T19:49:47.514242+00:00
3392,1765396187.5332968,2025-12-10T19:49:47.533298+00:00
3393,1765396187.550121,2025-12-10T19:49:47.550124+00:00
3394,1765396187.570998,2025-12-10T19:49:47.570999+00:00
3395,1765396187.5882392,2025-12-10T19:49:47.588241+00:00
3396,1765396187.6091032,2025-12-10T19:49:47.609103+00:00
3397,1765396187.626375,2025-12-10T19:49:47.626376+00:00
3398,1765396187.647223,2025-12-10T19:49:47.647224+00:00
3399,1765396187.668082,2025-12-10T19:49:47.668099+00:00
3400,1765396187.686804,2025-12-10T19:49:47.686807+00:00
3401,1765396187.706923,2025-12-10T19:49:47.706925+00:00
3402,1765396187.727811,2025-12-10T19:49:47.727815+00:00
3403,1765396187.74711,2025-12-10T19:49:47.747113+00:00
3404,1765396187.76724,2025-12-10T19:49:47.767244+00:00
3405,1765396187.787574,2025-12-10T19:49:47.787575+00:00
3406,1765396187.808029,2025-12-10T19:49:47.808032+00:00
3407,1765396187.828916,2025-12-10T19:49:47.828920+00:00
3408,1765396187.847276,2025-12-10T19:49:47.847284+00:00
3409,1765396187.86414,2025-12-10T19:49:47.864141+00:00
3410,1765396187.8841732,2025-12-10T19:49:47.884176+00:00
3411,1765396187.905057,2025-12-10T19:49:47.905059+00:00
3412,1765396187.922744,2025-12-10T19:49:47.922745+00:00
3413,1765396187.9436002,2025-12-10T19:49:47.943601+00:00
3414,1765396187.964139,2025-12-10T19:49:47.964140+00:00
3415,1765396187.9849951,2025-12-10T19:49:47.984998+00:00
3416,1765396188.004349,2025-12-10T19:49:48.004349+00:00
3417,1765396188.021269,2025-12-10T19:49:48.021271+00:00
3418,1765396188.042134,2025-12-10T19:49:48.042134+00:00
3419,1765396188.062986,2025-12-10T19:49:48.062989+00:00
3420,1765396188.0799649,2025-12-10T19:49:48.079969+00:00
3421,1765396188.100863,2025-12-10T19:49:48.100868+00:00
3422,1765396188.121776,2025-12-10T19:49:48.121779+00:00
3423,1765396188.139161,2025-12-10T19:49:48.139166+00:00
3424,1765396188.157276,2025-12-10T19:49:48.157283+00:00
3425,1765396188.175498,2025-12-10T19:49:48.175503+00:00
3426,1765396188.195303,2025-12-10T19:49:48.195307+00:00
3427,1765396188.2141562,2025-12-10T19:49:48.214157+00:00
3428,1765396188.235007,2025-12-10T19:49:48.235009+00:00
3429,1765396188.255831,2025-12-10T19:49:48.255834+00:00
3430,1765396188.2734668,2025-12-10T19:49:48.273469+00:00
3431,1765396188.2940679,2025-12-10T19:49:48.294069+00:00
3432,1765396188.314155,2025-12-10T19:49:48.314157+00:00
3433,1765396188.332269,2025-12-10T19:49:48.332271+00:00
3434,1765396188.353136,2025-12-10T19:49:48.353138+00:00
3435,1765396188.372496,2025-12-10T19:49:48.372500+00:00
3436,1765396188.393399,2025-12-10T19:49:48.393406+00:00
3437,1765396188.414289,2025-12-10T19:49:48.414291+00:00
3438,1765396188.43517,2025-12-10T19:49:48.435174+00:00
3439,1765396188.456067,2025-12-10T19:49:48.456068+00:00
3440,1765396188.476935,2025-12-10T19:49:48.476937+00:00
3441,1765396188.4974778,2025-12-10T19:49:48.497484+00:00
3442,1765396188.518341,2025-12-10T19:49:48.518346+00:00
3443,1765396188.5369442,2025-12-10T19:49:48.536946+00:00
3444,1765396188.557811,2025-12-10T19:49:48.557814+00:00
3445,1765396188.576847,2025-12-10T19:49:48.576849+00:00
3446,1765396188.597734,2025-12-10T19:49:48.597738+00:00
3447,1765396188.615325,2025-12-10T19:49:48.615328+00:00
3448,1765396188.63621,2025-12-10T19:49:48.636217+00:00
3449,1765396188.6558368,2025-12-10T19:49:48.655841+00:00
3450,1765396188.676734,2025-12-10T19:49:48.676738+00:00
3451,1765396188.6974778,2025-12-10T19:49:48.697483+00:00
3452,1765396188.718358,2025-12-10T19:49:48.718361+00:00
3453,1765396188.7392352,2025-12-10T19:49:48.739239+00:00
3454,1765396188.7601202,2025-12-10T19:49:48.760125+00:00
3455,1765396188.777066,2025-12-10T19:49:48.777073+00:00
3456,1765396188.797503,2025-12-10T19:49:48.797513+00:00
3457,1765396188.818432,2025-12-10T19:49:48.818436+00:00
3458,1765396188.839317,2025-12-10T19:49:48.839319+00:00
3459,1765396188.860183,2025-12-10T19:49:48.860185+00:00
3460,1765396188.880817,2025-12-10T19:49:48.880819+00:00
3461,1765396188.9004931,2025-12-10T19:49:48.900496+00:00
3462,1765396188.921385,2025-12-10T19:49:48.921388+00:00
3463,1765396188.942255,2025-12-10T19:49:48.942256+00:00
3464,1765396188.963135,2025-12-10T19:49:48.963140+00:00
3465,1765396188.9840362,2025-12-10T19:49:48.984037+00:00
3466,1765396189.004884,2025-12-10T19:49:49.004885+00:00
3467,1765396189.0225039,2025-12-10T19:49:49.022523+00:00
3468,1765396189.039412,2025-12-10T19:49:49.039414+00:00
3469,1765396189.060269,2025-12-10T19:49:49.060270+00:00
3470,1765396189.081126,2025-12-10T19:49:49.081127+00:00
3471,1765396189.1020448,2025-12-10T19:49:49.102049+00:00
3472,1765396189.122646,2025-12-10T19:49:49.122648+00:00
3473,1765396189.1435058,2025-12-10T19:49:49.143509+00:00
3474,1765396189.162611,2025-12-10T19:49:49.162612+00:00
3475,1765396189.1808279,2025-12-10T19:49:49.180828+00:00
3476,1765396189.1977658,2025-12-10T19:49:49.197768+00:00
3477,1765396189.2186298,2025-12-10T19:49:49.218632+00:00
3478,1765396189.239161,2025-12-10T19:49:49.239161+00:00
3479,1765396189.258341,2025-12-10T19:49:49.258343+00:00
3480,1765396189.2792242,2025-12-10T19:49:49.279224+00:00
3481,1765396189.300072,2025-12-10T19:49:49.300072+00:00
3482,1765396189.320927,2025-12-10T19:49:49.320930+00:00
3483,1765396189.3387551,2025-12-10T19:49:49.338756+00:00
3484,1765396189.360078,2025-12-10T19:49:49.360084+00:00
