frame_index,timestamp_unix,timestamp_iso
0,1765927580.023604,2025-12-16T23:26:20.023608+00:00
1,1765927580.0444832,2025-12-16T23:26:20.044487+00:00
2,1765927580.065362,2025-12-16T23:26:20.065366+00:00
3,1765927580.0849931,2025-12-16T23:26:20.084998+00:00
4,1765927580.102915,2025-12-16T23:26:20.102919+00:00
5,1765927580.122854,2025-12-16T23:26:20.122877+00:00
6,1765927580.143766,2025-12-16T23:26:20.143771+00:00
7,1765927580.1628869,2025-12-16T23:26:20.162891+00:00
8,1765927580.183779,2025-12-16T23:26:20.183782+00:00
9,1765927580.204553,2025-12-16T23:26:20.204557+00:00
10,1765927580.225481,2025-12-16T23:26:20.225484+00:00
11,1765927580.246249,2025-12-16T23:26:20.246253+00:00
12,1765927580.267136,2025-12-16T23:26:20.267141+00:00
13,1765927580.2876968,2025-12-16T23:26:20.287701+00:00
14,1765927580.308545,2025-12-16T23:26:20.308550+00:00
15,1765927580.329237,2025-12-16T23:26:20.329239+00:00
16,1765927580.346213,2025-12-16T23:26:20.346214+00:00
17,1765927580.36707,2025-12-16T23:26:20.367071+00:00
18,1765927580.387518,2025-12-16T23:26:20.387519+00:00
19,1765927580.408402,2025-12-16T23:26:20.408407+00:00
20,1765927580.42912,2025-12-16T23:26:20.429125+00:00
21,1765927580.4501078,2025-12-16T23:26:20.450113+00:00
22,1765927580.4714491,2025-12-16T23:26:20.471457+00:00
23,1765927580.492367,2025-12-16T23:26:20.492373+00:00
24,1765927580.51372,2025-12-16T23:26:20.513727+00:00
25,1765927580.534039,2025-12-16T23:26:20.534045+00:00
26,1765927580.5522869,2025-12-16T23:26:20.552319+00:00
27,1765927580.5707462,2025-12-16T23:26:20.570751+00:00
28,1765927580.589938,2025-12-16T23:26:20.589941+00:00
29,1765927580.610861,2025-12-16T23:26:20.610865+00:00
30,1765927580.628851,2025-12-16T23:26:20.628855+00:00
31,1765927580.649759,2025-12-16T23:26:20.649761+00:00
32,1765927580.6706638,2025-12-16T23:26:20.670666+00:00
33,1765927580.6876988,2025-12-16T23:26:20.687703+00:00
34,1765927580.70616,2025-12-16T23:26:20.706166+00:00
35,1765927580.7250261,2025-12-16T23:26:20.725031+00:00
36,1765927580.745749,2025-12-16T23:26:20.745756+00:00
37,1765927580.7666628,2025-12-16T23:26:20.766669+00:00
38,1765927580.783904,2025-12-16T23:26:20.783910+00:00
39,1765927580.801134,2025-12-16T23:26:20.801137+00:00
40,1765927580.819204,2025-12-16T23:26:20.819209+00:00
41,1765927580.838858,2025-12-16T23:26:20.838860+00:00
42,1765927580.858735,2025-12-16T23:26:20.858741+00:00
43,1765927580.8755279,2025-12-16T23:26:20.875532+00:00
44,1765927580.8959281,2025-12-16T23:26:20.895929+00:00
45,1765927580.9126248,2025-12-16T23:26:20.912626+00:00
46,1765927580.9334888,2025-12-16T23:26:20.933492+00:00
47,1765927580.9541929,2025-12-16T23:26:20.954194+00:00
48,1765927580.97506,2025-12-16T23:26:20.975061+00:00
49,1765927580.992369,2025-12-16T23:26:20.992371+00:00
50,1765927581.013251,2025-12-16T23:26:21.013257+00:00
51,1765927581.032539,2025-12-16T23:26:21.032544+00:00
52,1765927581.055404,2025-12-16T23:26:21.055430+00:00
53,1765927581.074338,2025-12-16T23:26:21.074358+00:00
54,1765927581.0931358,2025-12-16T23:26:21.093141+00:00
55,1765927581.112559,2025-12-16T23:26:21.112573+00:00
56,1765927581.129932,2025-12-16T23:26:21.129938+00:00
57,1765927581.1506429,2025-12-16T23:26:21.150649+00:00
58,1765927581.170399,2025-12-16T23:26:21.170407+00:00
59,1765927581.187598,2025-12-16T23:26:21.187633+00:00
60,1765927581.206791,2025-12-16T23:26:21.206806+00:00
61,1765927581.22418,2025-12-16T23:26:21.224187+00:00
62,1765927581.2417269,2025-12-16T23:26:21.241735+00:00
63,1765927581.2615712,2025-12-16T23:26:21.261577+00:00
64,1765927581.282466,2025-12-16T23:26:21.282470+00:00
65,1765927581.302898,2025-12-16T23:26:21.302925+00:00
66,1765927581.320462,2025-12-16T23:26:21.320467+00:00
67,1765927581.33745,2025-12-16T23:26:21.337493+00:00
68,1765927581.3545,2025-12-16T23:26:21.354504+00:00
69,1765927581.375398,2025-12-16T23:26:21.375403+00:00
70,1765927581.392357,2025-12-16T23:26:21.392362+00:00
71,1765927581.410413,2025-12-16T23:26:21.410417+00:00
72,1765927581.431286,2025-12-16T23:26:21.431290+00:00
73,1765927581.45737,2025-12-16T23:26:21.457375+00:00
74,1765927581.480073,2025-12-16T23:26:21.480078+00:00
75,1765927581.5009558,2025-12-16T23:26:21.500961+00:00
76,1765927581.52184,2025-12-16T23:26:21.521845+00:00
77,1765927581.5421388,2025-12-16T23:26:21.542143+00:00
78,1765927581.56302,2025-12-16T23:26:21.563023+00:00
79,1765927581.583893,2025-12-16T23:26:21.583896+00:00
80,1765927581.6036701,2025-12-16T23:26:21.603673+00:00
81,1765927581.624535,2025-12-16T23:26:21.624537+00:00
82,1765927581.6451578,2025-12-16T23:26:21.645161+00:00
83,1765927581.666039,2025-12-16T23:26:21.666043+00:00
84,1765927581.683723,2025-12-16T23:26:21.683727+00:00
85,1765927581.704609,2025-12-16T23:26:21.704614+00:00
86,1765927581.724722,2025-12-16T23:26:21.724757+00:00
87,1765927581.742153,2025-12-16T23:26:21.742193+00:00
88,1765927581.762893,2025-12-16T23:26:21.762897+00:00
89,1765927581.783811,2025-12-16T23:26:21.783814+00:00
90,1765927581.8046799,2025-12-16T23:26:21.804683+00:00
91,1765927581.825554,2025-12-16T23:26:21.825558+00:00
92,1765927581.8461661,2025-12-16T23:26:21.846170+00:00
93,1765927581.863504,2025-12-16T23:26:21.863509+00:00
94,1765927581.880861,2025-12-16T23:26:21.880863+00:00
95,1765927581.901013,2025-12-16T23:26:21.901015+00:00
96,1765927581.9212,2025-12-16T23:26:21.921204+00:00
97,1765927581.94163,2025-12-16T23:26:21.941639+00:00
98,1765927581.9604402,2025-12-16T23:26:21.960442+00:00
99,1765927581.978644,2025-12-16T23:26:21.978649+00:00
100,1765927581.9995708,2025-12-16T23:26:21.999589+00:00
101,1765927582.018181,2025-12-16T23:26:22.018186+00:00
102,1765927582.039086,2025-12-16T23:26:22.039089+00:00
103,1765927582.0599601,2025-12-16T23:26:22.059965+00:00
104,1765927582.0808609,2025-12-16T23:26:22.080864+00:00
105,1765927582.101505,2025-12-16T23:26:22.101511+00:00
106,1765927582.120058,2025-12-16T23:26:22.120065+00:00
107,1765927582.137761,2025-12-16T23:26:22.137764+00:00
108,1765927582.1546812,2025-12-16T23:26:22.154682+00:00
109,1765927582.175532,2025-12-16T23:26:22.175533+00:00
110,1765927582.1932511,2025-12-16T23:26:22.193255+00:00
111,1765927582.214157,2025-12-16T23:26:22.214161+00:00
112,1765927582.2350478,2025-12-16T23:26:22.235048+00:00
113,1765927582.2558951,2025-12-16T23:26:22.255896+00:00
114,1765927582.274465,2025-12-16T23:26:22.274467+00:00
115,1765927582.295346,2025-12-16T23:26:22.295348+00:00
116,1765927582.312188,2025-12-16T23:26:22.312189+00:00
117,1765927582.333052,2025-12-16T23:26:22.333055+00:00
118,1765927582.350029,2025-12-16T23:26:22.350031+00:00
119,1765927582.37039,2025-12-16T23:26:22.370393+00:00
120,1765927582.3876941,2025-12-16T23:26:22.387696+00:00
121,1765927582.4085262,2025-12-16T23:26:22.408529+00:00
122,1765927582.429334,2025-12-16T23:26:22.429338+00:00
123,1765927582.4493399,2025-12-16T23:26:22.449343+00:00
124,1765927582.470211,2025-12-16T23:26:22.470216+00:00
125,1765927582.491076,2025-12-16T23:26:22.491080+00:00
126,1765927582.50944,2025-12-16T23:26:22.509445+00:00
127,1765927582.529525,2025-12-16T23:26:22.529527+00:00
128,1765927582.5503948,2025-12-16T23:26:22.550397+00:00
129,1765927582.57106,2025-12-16T23:26:22.571064+00:00
130,1765927582.591941,2025-12-16T23:26:22.591944+00:00
131,1765927582.612567,2025-12-16T23:26:22.612570+00:00
132,1765927582.6331809,2025-12-16T23:26:22.633186+00:00
133,1765927582.651403,2025-12-16T23:26:22.651408+00:00
134,1765927582.6695051,2025-12-16T23:26:22.669509+00:00
135,1765927582.6904068,2025-12-16T23:26:22.690409+00:00
136,1765927582.711267,2025-12-16T23:26:22.711269+00:00
137,1765927582.732137,2025-12-16T23:26:22.732149+00:00
138,1765927582.749944,2025-12-16T23:26:22.749948+00:00
139,1765927582.767034,2025-12-16T23:26:22.767037+00:00
140,1765927582.787254,2025-12-16T23:26:22.787259+00:00
141,1765927582.805728,2025-12-16T23:26:22.805732+00:00
142,1765927582.8266082,2025-12-16T23:26:22.826608+00:00
143,1765927582.845706,2025-12-16T23:26:22.845707+00:00
144,1765927582.866569,2025-12-16T23:26:22.866574+00:00
145,1765927582.887501,2025-12-16T23:26:22.887505+00:00
146,1765927582.906095,2025-12-16T23:26:22.906096+00:00
147,1765927582.926952,2025-12-16T23:26:22.926954+00:00
148,1765927582.947635,2025-12-16T23:26:22.947636+00:00
149,1765927582.968503,2025-12-16T23:26:22.968508+00:00
150,1765927582.9878411,2025-12-16T23:26:22.987844+00:00
151,1765927583.005266,2025-12-16T23:26:23.005270+00:00
152,1765927583.0261729,2025-12-16T23:26:23.026174+00:00
153,1765927583.043027,2025-12-16T23:26:23.043028+00:00
154,1765927583.0623732,2025-12-16T23:26:23.062374+00:00
155,1765927583.080657,2025-12-16T23:26:23.080658+00:00
156,1765927583.1015081,2025-12-16T23:26:23.101509+00:00
157,1765927583.11991,2025-12-16T23:26:23.119915+00:00
158,1765927583.140954,2025-12-16T23:26:23.140957+00:00
159,1765927583.159231,2025-12-16T23:26:23.159236+00:00
160,1765927583.179258,2025-12-16T23:26:23.179260+00:00
161,1765927583.2001228,2025-12-16T23:26:23.200125+00:00
162,1765927583.221,2025-12-16T23:26:23.221003+00:00
163,1765927583.240679,2025-12-16T23:26:23.240688+00:00
164,1765927583.26159,2025-12-16T23:26:23.261593+00:00
165,1765927583.279007,2025-12-16T23:26:23.279011+00:00
166,1765927583.295776,2025-12-16T23:26:23.295780+00:00
167,1765927583.316651,2025-12-16T23:26:23.316663+00:00
168,1765927583.337488,2025-12-16T23:26:23.337497+00:00
169,1765927583.357762,2025-12-16T23:26:23.357766+00:00
170,1765927583.3762078,2025-12-16T23:26:23.376212+00:00
171,1765927583.3970912,2025-12-16T23:26:23.397095+00:00
172,1765927583.417989,2025-12-16T23:26:23.417992+00:00
173,1765927583.438905,2025-12-16T23:26:23.438911+00:00
174,1765927583.4581041,2025-12-16T23:26:23.458110+00:00
175,1765927583.475202,2025-12-16T23:26:23.475207+00:00
176,1765927583.493514,2025-12-16T23:26:23.493517+00:00
177,1765927583.512836,2025-12-16T23:26:23.512839+00:00
178,1765927583.531393,2025-12-16T23:26:23.531400+00:00
179,1765927583.552293,2025-12-16T23:26:23.552297+00:00
180,1765927583.5725272,2025-12-16T23:26:23.572531+00:00
181,1765927583.592046,2025-12-16T23:26:23.592054+00:00
182,1765927583.6101062,2025-12-16T23:26:23.610109+00:00
183,1765927583.6289,2025-12-16T23:26:23.628903+00:00
184,1765927583.649575,2025-12-16T23:26:23.649578+00:00
185,1765927583.667404,2025-12-16T23:26:23.667427+00:00
186,1765927583.687252,2025-12-16T23:26:23.687255+00:00
187,1765927583.708122,2025-12-16T23:26:23.708126+00:00
188,1765927583.725023,2025-12-16T23:26:23.725026+00:00
189,1765927583.745457,2025-12-16T23:26:23.745458+00:00
190,1765927583.763666,2025-12-16T23:26:23.763668+00:00
191,1765927583.784642,2025-12-16T23:26:23.784643+00:00
192,1765927583.803644,2025-12-16T23:26:23.803646+00:00
193,1765927583.820472,2025-12-16T23:26:23.820474+00:00
194,1765927583.841353,2025-12-16T23:26:23.841354+00:00
195,1765927583.859319,2025-12-16T23:26:23.859324+00:00
196,1765927583.880215,2025-12-16T23:26:23.880219+00:00
197,1765927583.899272,2025-12-16T23:26:23.899275+00:00
198,1765927583.916681,2025-12-16T23:26:23.916684+00:00
199,1765927583.9375958,2025-12-16T23:26:23.937602+00:00
200,1765927583.955799,2025-12-16T23:26:23.955802+00:00
201,1765927583.9766881,2025-12-16T23:26:23.976689+00:00
202,1765927583.9961758,2025-12-16T23:26:23.996187+00:00
203,1765927584.017087,2025-12-16T23:26:24.017093+00:00
204,1765927584.037977,2025-12-16T23:26:24.037978+00:00
205,1765927584.05884,2025-12-16T23:26:24.058842+00:00
206,1765927584.0756009,2025-12-16T23:26:24.075602+00:00
207,1765927584.0960681,2025-12-16T23:26:24.096069+00:00
208,1765927584.11434,2025-12-16T23:26:24.114346+00:00
209,1765927584.1352441,2025-12-16T23:26:24.135245+00:00
210,1765927584.156105,2025-12-16T23:26:24.156106+00:00
211,1765927584.17697,2025-12-16T23:26:24.176971+00:00
212,1765927584.196192,2025-12-16T23:26:24.196195+00:00
213,1765927584.216474,2025-12-16T23:26:24.216476+00:00
214,1765927584.237337,2025-12-16T23:26:24.237339+00:00
215,1765927584.258208,2025-12-16T23:26:24.258209+00:00
216,1765927584.275646,2025-12-16T23:26:24.275648+00:00
217,1765927584.296512,2025-12-16T23:26:24.296514+00:00
218,1765927584.3171399,2025-12-16T23:26:24.317145+00:00
219,1765927584.3347101,2025-12-16T23:26:24.334716+00:00
220,1765927584.354399,2025-12-16T23:26:24.354400+00:00
221,1765927584.3726552,2025-12-16T23:26:24.372662+00:00
222,1765927584.393579,2025-12-16T23:26:24.393584+00:00
223,1765927584.414486,2025-12-16T23:26:24.414488+00:00
224,1765927584.435354,2025-12-16T23:26:24.435358+00:00
225,1765927584.454018,2025-12-16T23:26:24.454023+00:00
226,1765927584.475008,2025-12-16T23:26:24.475016+00:00
227,1765927584.495929,2025-12-16T23:26:24.495932+00:00
228,1765927584.516526,2025-12-16T23:26:24.516529+00:00
229,1765927584.536552,2025-12-16T23:26:24.536562+00:00
230,1765927584.554433,2025-12-16T23:26:24.554447+00:00
231,1765927584.575365,2025-12-16T23:26:24.575369+00:00
232,1765927584.596098,2025-12-16T23:26:24.596101+00:00
233,1765927584.616965,2025-12-16T23:26:24.616969+00:00
234,1765927584.637729,2025-12-16T23:26:24.637730+00:00
235,1765927584.658611,2025-12-16T23:26:24.658612+00:00
236,1765927584.675752,2025-12-16T23:26:24.675754+00:00
237,1765927584.6966348,2025-12-16T23:26:24.696638+00:00
238,1765927584.714895,2025-12-16T23:26:24.714897+00:00
239,1765927584.734302,2025-12-16T23:26:24.734308+00:00
240,1765927584.754679,2025-12-16T23:26:24.754683+00:00
241,1765927584.7755919,2025-12-16T23:26:24.775595+00:00
242,1765927584.796468,2025-12-16T23:26:24.796470+00:00
243,1765927584.815347,2025-12-16T23:26:24.815352+00:00
244,1765927584.836243,2025-12-16T23:26:24.836246+00:00
245,1765927584.853985,2025-12-16T23:26:24.853986+00:00
246,1765927584.871426,2025-12-16T23:26:24.871430+00:00
247,1765927584.8911748,2025-12-16T23:26:24.891177+00:00
248,1765927584.912055,2025-12-16T23:26:24.912059+00:00
249,1765927584.9288151,2025-12-16T23:26:24.928819+00:00
250,1765927584.94866,2025-12-16T23:26:24.948664+00:00
251,1765927584.9694028,2025-12-16T23:26:24.969404+00:00
252,1765927584.989547,2025-12-16T23:26:24.989550+00:00
253,1765927585.010411,2025-12-16T23:26:25.010412+00:00
254,1765927585.0301151,2025-12-16T23:26:25.030139+00:00
255,1765927585.048186,2025-12-16T23:26:25.048192+00:00
256,1765927585.066426,2025-12-16T23:26:25.066433+00:00
257,1765927585.086724,2025-12-16T23:26:25.086730+00:00
258,1765927585.1037571,2025-12-16T23:26:25.103760+00:00
259,1765927585.1246269,2025-12-16T23:26:25.124629+00:00
260,1765927585.144883,2025-12-16T23:26:25.144886+00:00
261,1765927585.165764,2025-12-16T23:26:25.165767+00:00
262,1765927585.185654,2025-12-16T23:26:25.185656+00:00
263,1765927585.203188,2025-12-16T23:26:25.203192+00:00
264,1765927585.220575,2025-12-16T23:26:25.220576+00:00
265,1765927585.241431,2025-12-16T23:26:25.241431+00:00
266,1765927585.261342,2025-12-16T23:26:25.261344+00:00
267,1765927585.282186,2025-12-16T23:26:25.282188+00:00
268,1765927585.302978,2025-12-16T23:26:25.302979+00:00
269,1765927585.3238342,2025-12-16T23:26:25.323836+00:00
270,1765927585.3449259,2025-12-16T23:26:25.344927+00:00
271,1765927585.364317,2025-12-16T23:26:25.364319+00:00
272,1765927585.3851871,2025-12-16T23:26:25.385195+00:00
273,1765927585.402716,2025-12-16T23:26:25.402718+00:00
274,1765927585.421136,2025-12-16T23:26:25.421139+00:00
275,1765927585.440193,2025-12-16T23:26:25.440195+00:00
276,1765927585.457518,2025-12-16T23:26:25.457523+00:00
277,1765927585.476083,2025-12-16T23:26:25.476090+00:00
278,1765927585.49349,2025-12-16T23:26:25.493493+00:00
279,1765927585.513961,2025-12-16T23:26:25.513966+00:00
280,1765927585.534415,2025-12-16T23:26:25.534416+00:00
281,1765927585.5545442,2025-12-16T23:26:25.554545+00:00
282,1765927585.571876,2025-12-16T23:26:25.571881+00:00
283,1765927585.592285,2025-12-16T23:26:25.592290+00:00
284,1765927585.609428,2025-12-16T23:26:25.609433+00:00
285,1765927585.629303,2025-12-16T23:26:25.629308+00:00
286,1765927585.650187,2025-12-16T23:26:25.650192+00:00
287,1765927585.669603,2025-12-16T23:26:25.669607+00:00
288,1765927585.6885388,2025-12-16T23:26:25.688547+00:00
289,1765927585.709468,2025-12-16T23:26:25.709473+00:00
290,1765927585.7279859,2025-12-16T23:26:25.727992+00:00
291,1765927585.7463439,2025-12-16T23:26:25.746346+00:00
292,1765927585.7633579,2025-12-16T23:26:25.763363+00:00
293,1765927585.78423,2025-12-16T23:26:25.784230+00:00
294,1765927585.801858,2025-12-16T23:26:25.801859+00:00
295,1765927585.8227258,2025-12-16T23:26:25.822727+00:00
296,1765927585.843599,2025-12-16T23:26:25.843603+00:00
297,1765927585.8610592,2025-12-16T23:26:25.861061+00:00
298,1765927585.881922,2025-12-16T23:26:25.881926+00:00
299,1765927585.898679,2025-12-16T23:26:25.898683+00:00
300,1765927585.917235,2025-12-16T23:26:25.917239+00:00
301,1765927585.9347289,2025-12-16T23:26:25.934731+00:00
302,1765927585.953671,2025-12-16T23:26:25.953675+00:00
303,1765927585.9729888,2025-12-16T23:26:25.972992+00:00
304,1765927585.993862,2025-12-16T23:26:25.993863+00:00
305,1765927586.012438,2025-12-16T23:26:26.012443+00:00
306,1765927586.033368,2025-12-16T23:26:26.033377+00:00
307,1765927586.050653,2025-12-16T23:26:26.050657+00:00
308,1765927586.068236,2025-12-16T23:26:26.068239+00:00
309,1765927586.086619,2025-12-16T23:26:26.086623+00:00
310,1765927586.103986,2025-12-16T23:26:26.103987+00:00
311,1765927586.124853,2025-12-16T23:26:26.124855+00:00
312,1765927586.1429288,2025-12-16T23:26:26.142930+00:00
313,1765927586.161338,2025-12-16T23:26:26.161341+00:00
314,1765927586.180233,2025-12-16T23:26:26.180238+00:00
315,1765927586.1977248,2025-12-16T23:26:26.197731+00:00
316,1765927586.21774,2025-12-16T23:26:26.217749+00:00
317,1765927586.236882,2025-12-16T23:26:26.236889+00:00
318,1765927586.2577999,2025-12-16T23:26:26.257804+00:00
319,1765927586.277559,2025-12-16T23:26:26.277568+00:00
320,1765927586.298465,2025-12-16T23:26:26.298466+00:00
321,1765927586.319336,2025-12-16T23:26:26.319340+00:00
322,1765927586.33669,2025-12-16T23:26:26.336694+00:00
323,1765927586.353628,2025-12-16T23:26:26.353631+00:00
324,1765927586.373635,2025-12-16T23:26:26.373640+00:00
325,1765927586.3945532,2025-12-16T23:26:26.394564+00:00
326,1765927586.415484,2025-12-16T23:26:26.415486+00:00
327,1765927586.436362,2025-12-16T23:26:26.436365+00:00
328,1765927586.4532428,2025-12-16T23:26:26.453246+00:00
329,1765927586.474161,2025-12-16T23:26:26.474201+00:00
330,1765927586.494899,2025-12-16T23:26:26.494904+00:00
331,1765927586.514826,2025-12-16T23:26:26.514832+00:00
332,1765927586.535711,2025-12-16T23:26:26.535715+00:00
333,1765927586.5525918,2025-12-16T23:26:26.552605+00:00
334,1765927586.57352,2025-12-16T23:26:26.573528+00:00
335,1765927586.5944471,2025-12-16T23:26:26.594450+00:00
336,1765927586.614806,2025-12-16T23:26:26.614810+00:00
337,1765927586.631729,2025-12-16T23:26:26.631730+00:00
338,1765927586.651107,2025-12-16T23:26:26.651110+00:00
339,1765927586.670041,2025-12-16T23:26:26.670065+00:00
340,1765927586.69009,2025-12-16T23:26:26.690094+00:00
341,1765927586.711008,2025-12-16T23:26:26.711030+00:00
342,1765927586.731915,2025-12-16T23:26:26.731920+00:00
343,1765927586.750581,2025-12-16T23:26:26.750584+00:00
344,1765927586.7714949,2025-12-16T23:26:26.771499+00:00
345,1765927586.7923782,2025-12-16T23:26:26.792379+00:00
346,1765927586.810752,2025-12-16T23:26:26.810756+00:00
347,1765927586.8313868,2025-12-16T23:26:26.831390+00:00
348,1765927586.85116,2025-12-16T23:26:26.851162+00:00
349,1765927586.871298,2025-12-16T23:26:26.871302+00:00
350,1765927586.892191,2025-12-16T23:26:26.892201+00:00
351,1765927586.912786,2025-12-16T23:26:26.912790+00:00
352,1765927586.930515,2025-12-16T23:26:26.930518+00:00
353,1765927586.947246,2025-12-16T23:26:26.947247+00:00
354,1765927586.965908,2025-12-16T23:26:26.965919+00:00
355,1765927586.9857259,2025-12-16T23:26:26.985730+00:00
356,1765927587.005879,2025-12-16T23:26:27.005893+00:00
357,1765927587.0253599,2025-12-16T23:26:27.025364+00:00
358,1765927587.042955,2025-12-16T23:26:27.042960+00:00
359,1765927587.060429,2025-12-16T23:26:27.060430+00:00
360,1765927587.077159,2025-12-16T23:26:27.077163+00:00
361,1765927587.096145,2025-12-16T23:26:27.096147+00:00
362,1765927587.117001,2025-12-16T23:26:27.117001+00:00
363,1765927587.137187,2025-12-16T23:26:27.137190+00:00
364,1765927587.1573582,2025-12-16T23:26:27.157364+00:00
365,1765927587.1782541,2025-12-16T23:26:27.178256+00:00
366,1765927587.1962812,2025-12-16T23:26:27.196283+00:00
367,1765927587.2171352,2025-12-16T23:26:27.217136+00:00
368,1765927587.2343192,2025-12-16T23:26:27.234320+00:00
369,1765927587.254102,2025-12-16T23:26:27.254104+00:00
370,1765927587.274963,2025-12-16T23:26:27.274964+00:00
371,1765927587.293198,2025-12-16T23:26:27.293200+00:00
372,1765927587.314069,2025-12-16T23:26:27.314070+00:00
373,1765927587.3346748,2025-12-16T23:26:27.334676+00:00
374,1765927587.355532,2025-12-16T23:26:27.355532+00:00
375,1765927587.3735402,2025-12-16T23:26:27.373559+00:00
376,1765927587.392948,2025-12-16T23:26:27.392953+00:00
377,1765927587.413895,2025-12-16T23:26:27.413902+00:00
378,1765927587.434814,2025-12-16T23:26:27.434817+00:00
379,1765927587.454611,2025-12-16T23:26:27.454617+00:00
380,1765927587.4750998,2025-12-16T23:26:27.475110+00:00
381,1765927587.495997,2025-12-16T23:26:27.496005+00:00
382,1765927587.516643,2025-12-16T23:26:27.516646+00:00
383,1765927587.5343978,2025-12-16T23:26:27.534405+00:00
384,1765927587.552535,2025-12-16T23:26:27.552539+00:00
385,1765927587.570175,2025-12-16T23:26:27.570201+00:00
386,1765927587.587122,2025-12-16T23:26:27.587127+00:00
387,1765927587.6041658,2025-12-16T23:26:27.604170+00:00
388,1765927587.624495,2025-12-16T23:26:27.624497+00:00
389,1765927587.6449752,2025-12-16T23:26:27.644980+00:00
390,1765927587.665951,2025-12-16T23:26:27.665956+00:00
391,1765927587.6858728,2025-12-16T23:26:27.685874+00:00
392,1765927587.703132,2025-12-16T23:26:27.703133+00:00
393,1765927587.724006,2025-12-16T23:26:27.724008+00:00
394,1765927587.741777,2025-12-16T23:26:27.741787+00:00
395,1765927587.762005,2025-12-16T23:26:27.762008+00:00
396,1765927587.7802591,2025-12-16T23:26:27.780264+00:00
397,1765927587.801137,2025-12-16T23:26:27.801139+00:00
398,1765927587.821957,2025-12-16T23:26:27.821961+00:00
399,1765927587.842902,2025-12-16T23:26:27.842905+00:00
400,1765927587.8637838,2025-12-16T23:26:27.863789+00:00
401,1765927587.884661,2025-12-16T23:26:27.884667+00:00
402,1765927587.9044359,2025-12-16T23:26:27.904438+00:00
403,1765927587.921139,2025-12-16T23:26:27.921142+00:00
404,1765927587.940754,2025-12-16T23:26:27.940758+00:00
405,1765927587.961142,2025-12-16T23:26:27.961147+00:00
406,1765927587.98206,2025-12-16T23:26:27.982065+00:00
407,1765927588.002975,2025-12-16T23:26:28.002980+00:00
408,1765927588.023013,2025-12-16T23:26:28.023017+00:00
409,1765927588.039823,2025-12-16T23:26:28.039828+00:00
410,1765927588.05937,2025-12-16T23:26:28.059373+00:00
411,1765927588.078222,2025-12-16T23:26:28.078224+00:00
412,1765927588.099075,2025-12-16T23:26:28.099076+00:00
413,1765927588.1160371,2025-12-16T23:26:28.116038+00:00
414,1765927588.136369,2025-12-16T23:26:28.136370+00:00
415,1765927588.156694,2025-12-16T23:26:28.156699+00:00
416,1765927588.177616,2025-12-16T23:26:28.177619+00:00
417,1765927588.198493,2025-12-16T23:26:28.198495+00:00
418,1765927588.216129,2025-12-16T23:26:28.216133+00:00
419,1765927588.23543,2025-12-16T23:26:28.235431+00:00
420,1765927588.2538261,2025-12-16T23:26:28.253849+00:00
421,1765927588.274709,2025-12-16T23:26:28.274712+00:00
422,1765927588.292696,2025-12-16T23:26:28.292701+00:00
423,1765927588.310993,2025-12-16T23:26:28.310996+00:00
424,1765927588.327789,2025-12-16T23:26:28.327793+00:00
425,1765927588.3486452,2025-12-16T23:26:28.348648+00:00
426,1765927588.3693519,2025-12-16T23:26:28.369353+00:00
427,1765927588.389278,2025-12-16T23:26:28.389283+00:00
428,1765927588.4101892,2025-12-16T23:26:28.410196+00:00
429,1765927588.431108,2025-12-16T23:26:28.431112+00:00
430,1765927588.452092,2025-12-16T23:26:28.452095+00:00
431,1765927588.470527,2025-12-16T23:26:28.470532+00:00
432,1765927588.4915211,2025-12-16T23:26:28.491530+00:00
433,1765927588.509747,2025-12-16T23:26:28.509750+00:00
434,1765927588.529451,2025-12-16T23:26:28.529456+00:00
435,1765927588.550339,2025-12-16T23:26:28.550344+00:00
436,1765927588.5712361,2025-12-16T23:26:28.571239+00:00
437,1765927588.592129,2025-12-16T23:26:28.592133+00:00
438,1765927588.613025,2025-12-16T23:26:28.613030+00:00
439,1765927588.629965,2025-12-16T23:26:28.629971+00:00
440,1765927588.6485162,2025-12-16T23:26:28.648521+00:00
441,1765927588.668381,2025-12-16T23:26:28.668383+00:00
442,1765927588.6864839,2025-12-16T23:26:28.686485+00:00
443,1765927588.707346,2025-12-16T23:26:28.707349+00:00
444,1765927588.728232,2025-12-16T23:26:28.728233+00:00
445,1765927588.749095,2025-12-16T23:26:28.749099+00:00
446,1765927588.769996,2025-12-16T23:26:28.769997+00:00
447,1765927588.7875211,2025-12-16T23:26:28.787525+00:00
448,1765927588.808425,2025-12-16T23:26:28.808430+00:00
449,1765927588.826389,2025-12-16T23:26:28.826391+00:00
450,1765927588.846076,2025-12-16T23:26:28.846078+00:00
451,1765927588.866836,2025-12-16T23:26:28.866841+00:00
452,1765927588.887713,2025-12-16T23:26:28.887717+00:00
453,1765927588.9063911,2025-12-16T23:26:28.906393+00:00
454,1765927588.924564,2025-12-16T23:26:28.924566+00:00
455,1765927588.945428,2025-12-16T23:26:28.945431+00:00
456,1765927588.9663029,2025-12-16T23:26:28.966309+00:00
457,1765927588.983737,2025-12-16T23:26:28.983741+00:00
458,1765927589.0021162,2025-12-16T23:26:29.002121+00:00
459,1765927589.020201,2025-12-16T23:26:29.020205+00:00
460,1765927589.041112,2025-12-16T23:26:29.041117+00:00
461,1765927589.0620081,2025-12-16T23:26:29.062011+00:00
462,1765927589.08044,2025-12-16T23:26:29.080443+00:00
463,1765927589.097573,2025-12-16T23:26:29.097574+00:00
464,1765927589.118428,2025-12-16T23:26:29.118429+00:00
465,1765927589.1356978,2025-12-16T23:26:29.135702+00:00
466,1765927589.156167,2025-12-16T23:26:29.156169+00:00
467,1765927589.175766,2025-12-16T23:26:29.175767+00:00
468,1765927589.19379,2025-12-16T23:26:29.193792+00:00
469,1765927589.214648,2025-12-16T23:26:29.214650+00:00
470,1765927589.2355149,2025-12-16T23:26:29.235519+00:00
471,1765927589.25645,2025-12-16T23:26:29.256454+00:00
472,1765927589.276902,2025-12-16T23:26:29.276903+00:00
473,1765927589.294091,2025-12-16T23:26:29.294091+00:00
474,1765927589.314949,2025-12-16T23:26:29.314951+00:00
475,1765927589.333248,2025-12-16T23:26:29.333254+00:00
476,1765927589.353508,2025-12-16T23:26:29.353512+00:00
477,1765927589.374016,2025-12-16T23:26:29.374021+00:00
478,1765927589.393805,2025-12-16T23:26:29.393809+00:00
479,1765927589.412746,2025-12-16T23:26:29.412749+00:00
480,1765927589.433301,2025-12-16T23:26:29.433304+00:00
481,1765927589.4556649,2025-12-16T23:26:29.455666+00:00
482,1765927589.476535,2025-12-16T23:26:29.476539+00:00
483,1765927589.494858,2025-12-16T23:26:29.494865+00:00
484,1765927589.5157602,2025-12-16T23:26:29.515764+00:00
485,1765927589.535972,2025-12-16T23:26:29.535976+00:00
486,1765927589.552962,2025-12-16T23:26:29.552967+00:00
487,1765927589.570229,2025-12-16T23:26:29.570233+00:00
488,1765927589.591149,2025-12-16T23:26:29.591156+00:00
489,1765927589.611135,2025-12-16T23:26:29.611137+00:00
490,1765927589.632014,2025-12-16T23:26:29.632016+00:00
491,1765927589.651229,2025-12-16T23:26:29.651230+00:00
492,1765927589.6681862,2025-12-16T23:26:29.668186+00:00
493,1765927589.687535,2025-12-16T23:26:29.687536+00:00
494,1765927589.705659,2025-12-16T23:26:29.705661+00:00
495,1765927589.7265332,2025-12-16T23:26:29.726535+00:00
496,1765927589.7441258,2025-12-16T23:26:29.744137+00:00
497,1765927589.765045,2025-12-16T23:26:29.765047+00:00
498,1765927589.784937,2025-12-16T23:26:29.784938+00:00
499,1765927589.802494,2025-12-16T23:26:29.802495+00:00
500,1765927589.8218088,2025-12-16T23:26:29.821810+00:00
501,1765927589.842668,2025-12-16T23:26:29.842671+00:00
502,1765927589.863552,2025-12-16T23:26:29.863557+00:00
503,1765927589.8844101,2025-12-16T23:26:29.884412+00:00
504,1765927589.905268,2025-12-16T23:26:29.905272+00:00
505,1765927589.922754,2025-12-16T23:26:29.922756+00:00
506,1765927589.939637,2025-12-16T23:26:29.939638+00:00
507,1765927589.958414,2025-12-16T23:26:29.958419+00:00
508,1765927589.979415,2025-12-16T23:26:29.979419+00:00
509,1765927589.999388,2025-12-16T23:26:29.999392+00:00
510,1765927590.016295,2025-12-16T23:26:30.016296+00:00
511,1765927590.035661,2025-12-16T23:26:30.035662+00:00
512,1765927590.056443,2025-12-16T23:26:30.056448+00:00
513,1765927590.0753548,2025-12-16T23:26:30.075356+00:00
514,1765927590.0938501,2025-12-16T23:26:30.093851+00:00
515,1765927590.114738,2025-12-16T23:26:30.114739+00:00
516,1765927590.135606,2025-12-16T23:26:30.135609+00:00
517,1765927590.152637,2025-12-16T23:26:30.152638+00:00
518,1765927590.170038,2025-12-16T23:26:30.170041+00:00
519,1765927590.190874,2025-12-16T23:26:30.190876+00:00
520,1765927590.2110028,2025-12-16T23:26:30.211005+00:00
521,1765927590.2318661,2025-12-16T23:26:30.231870+00:00
522,1765927590.248665,2025-12-16T23:26:30.248667+00:00
523,1765927590.268158,2025-12-16T23:26:30.268171+00:00
524,1765927590.286227,2025-12-16T23:26:30.286234+00:00
525,1765927590.307133,2025-12-16T23:26:30.307134+00:00
526,1765927590.327987,2025-12-16T23:26:30.327989+00:00
527,1765927590.348383,2025-12-16T23:26:30.348385+00:00
528,1765927590.3692641,2025-12-16T23:26:30.369267+00:00
529,1765927590.389745,2025-12-16T23:26:30.389751+00:00
530,1765927590.410123,2025-12-16T23:26:30.410130+00:00
531,1765927590.4296288,2025-12-16T23:26:30.429634+00:00
532,1765927590.447775,2025-12-16T23:26:30.447822+00:00
533,1765927590.471468,2025-12-16T23:26:30.471472+00:00
534,1765927590.5040379,2025-12-16T23:26:30.504045+00:00
535,1765927590.531928,2025-12-16T23:26:30.531933+00:00
536,1765927590.55794,2025-12-16T23:26:30.557946+00:00
537,1765927590.5793731,2025-12-16T23:26:30.579378+00:00
538,1765927590.6010408,2025-12-16T23:26:30.601047+00:00
539,1765927590.6326,2025-12-16T23:26:30.632605+00:00
540,1765927590.6545548,2025-12-16T23:26:30.654560+00:00
541,1765927590.675136,2025-12-16T23:26:30.675142+00:00
542,1765927590.695647,2025-12-16T23:26:30.695651+00:00
543,1765927590.716547,2025-12-16T23:26:30.716553+00:00
544,1765927590.733568,2025-12-16T23:26:30.733573+00:00
545,1765927590.7525911,2025-12-16T23:26:30.752593+00:00
546,1765927590.770627,2025-12-16T23:26:30.770631+00:00
547,1765927590.79152,2025-12-16T23:26:30.791533+00:00
548,1765927590.810632,2025-12-16T23:26:30.810638+00:00
549,1765927590.828245,2025-12-16T23:26:30.828258+00:00
550,1765927590.849333,2025-12-16T23:26:30.849340+00:00
551,1765927590.867122,2025-12-16T23:26:30.867126+00:00
552,1765927590.887997,2025-12-16T23:26:30.888002+00:00
553,1765927590.908844,2025-12-16T23:26:30.908856+00:00
554,1765927590.929777,2025-12-16T23:26:30.929780+00:00
555,1765927590.947702,2025-12-16T23:26:30.947704+00:00
556,1765927590.967915,2025-12-16T23:26:30.967917+00:00
557,1765927590.985787,2025-12-16T23:26:30.985789+00:00
558,1765927591.005116,2025-12-16T23:26:31.005120+00:00
559,1765927591.025989,2025-12-16T23:26:31.025991+00:00
560,1765927591.046327,2025-12-16T23:26:31.046331+00:00
561,1765927591.063468,2025-12-16T23:26:31.063470+00:00
562,1765927591.084335,2025-12-16T23:26:31.084338+00:00
563,1765927591.10393,2025-12-16T23:26:31.103933+00:00
564,1765927591.1248078,2025-12-16T23:26:31.124809+00:00
565,1765927591.145668,2025-12-16T23:26:31.145669+00:00
566,1765927591.164633,2025-12-16T23:26:31.164638+00:00
567,1765927591.1855118,2025-12-16T23:26:31.185513+00:00
568,1765927591.206385,2025-12-16T23:26:31.206389+00:00
569,1765927591.225164,2025-12-16T23:26:31.225170+00:00
570,1765927591.243692,2025-12-16T23:26:31.243696+00:00
571,1765927591.263623,2025-12-16T23:26:31.263627+00:00
572,1765927591.282418,2025-12-16T23:26:31.282424+00:00
573,1765927591.303346,2025-12-16T23:26:31.303348+00:00
574,1765927591.3216598,2025-12-16T23:26:31.321665+00:00
575,1765927591.342547,2025-12-16T23:26:31.342551+00:00
576,1765927591.363425,2025-12-16T23:26:31.363427+00:00
577,1765927591.382911,2025-12-16T23:26:31.382916+00:00
578,1765927591.404027,2025-12-16T23:26:31.404033+00:00
579,1765927591.423522,2025-12-16T23:26:31.423530+00:00
580,1765927591.442367,2025-12-16T23:26:31.442375+00:00
581,1765927591.466391,2025-12-16T23:26:31.466394+00:00
582,1765927591.484491,2025-12-16T23:26:31.484495+00:00
583,1765927591.5053902,2025-12-16T23:26:31.505396+00:00
584,1765927591.523276,2025-12-16T23:26:31.523278+00:00
585,1765927591.544148,2025-12-16T23:26:31.544153+00:00
586,1765927591.56279,2025-12-16T23:26:31.562794+00:00
587,1765927591.580779,2025-12-16T23:26:31.580782+00:00
588,1765927591.60166,2025-12-16T23:26:31.601674+00:00
589,1765927591.622217,2025-12-16T23:26:31.622227+00:00
590,1765927591.641676,2025-12-16T23:26:31.641681+00:00
591,1765927591.6638231,2025-12-16T23:26:31.663832+00:00
592,1765927591.687086,2025-12-16T23:26:31.687090+00:00
593,1765927591.705112,2025-12-16T23:26:31.705116+00:00
594,1765927591.72453,2025-12-16T23:26:31.724535+00:00
595,1765927591.744912,2025-12-16T23:26:31.744918+00:00
596,1765927591.765833,2025-12-16T23:26:31.765839+00:00
597,1765927591.7835982,2025-12-16T23:26:31.783618+00:00
598,1765927591.806688,2025-12-16T23:26:31.806693+00:00
599,1765927591.827585,2025-12-16T23:26:31.827588+00:00
600,1765927591.8476338,2025-12-16T23:26:31.847638+00:00
601,1765927591.868514,2025-12-16T23:26:31.868517+00:00
602,1765927591.889386,2025-12-16T23:26:31.889389+00:00
603,1765927591.9103339,2025-12-16T23:26:31.910348+00:00
604,1765927591.92753,2025-12-16T23:26:31.927535+00:00
605,1765927591.9550889,2025-12-16T23:26:31.955094+00:00
606,1765927591.976565,2025-12-16T23:26:31.976569+00:00
607,1765927591.99599,2025-12-16T23:26:31.996022+00:00
608,1765927592.014051,2025-12-16T23:26:32.014061+00:00
609,1765927592.03461,2025-12-16T23:26:32.034613+00:00
610,1765927592.0595012,2025-12-16T23:26:32.059624+00:00
611,1765927592.081375,2025-12-16T23:26:32.081380+00:00
612,1765927592.0991218,2025-12-16T23:26:32.099125+00:00
613,1765927592.11999,2025-12-16T23:26:32.119992+00:00
614,1765927592.1408541,2025-12-16T23:26:32.140857+00:00
615,1765927592.158734,2025-12-16T23:26:32.158749+00:00
616,1765927592.178117,2025-12-16T23:26:32.178119+00:00
617,1765927592.195563,2025-12-16T23:26:32.195593+00:00
618,1765927592.2156749,2025-12-16T23:26:32.215679+00:00
619,1765927592.235065,2025-12-16T23:26:32.235077+00:00
620,1765927592.252817,2025-12-16T23:26:32.252819+00:00
621,1765927592.273782,2025-12-16T23:26:32.273788+00:00
622,1765927592.2911391,2025-12-16T23:26:32.291142+00:00
623,1765927592.3120341,2025-12-16T23:26:32.312038+00:00
624,1765927592.330166,2025-12-16T23:26:32.330167+00:00
625,1765927592.347189,2025-12-16T23:26:32.347194+00:00
626,1765927592.3647208,2025-12-16T23:26:32.364723+00:00
627,1765927592.3856099,2025-12-16T23:26:32.385614+00:00
628,1765927592.406512,2025-12-16T23:26:32.406517+00:00
629,1765927592.424588,2025-12-16T23:26:32.424592+00:00
630,1765927592.444007,2025-12-16T23:26:32.444012+00:00
631,1765927592.461893,2025-12-16T23:26:32.462050+00:00
632,1765927592.483039,2025-12-16T23:26:32.483044+00:00
633,1765927592.500593,2025-12-16T23:26:32.500598+00:00
634,1765927592.521038,2025-12-16T23:26:32.521043+00:00
635,1765927592.539346,2025-12-16T23:26:32.539348+00:00
636,1765927592.557317,2025-12-16T23:26:32.557320+00:00
637,1765927592.578225,2025-12-16T23:26:32.578231+00:00
638,1765927592.5973482,2025-12-16T23:26:32.597367+00:00
639,1765927592.6184802,2025-12-16T23:26:32.618483+00:00
640,1765927592.639362,2025-12-16T23:26:32.639364+00:00
641,1765927592.6602612,2025-12-16T23:26:32.660266+00:00
642,1765927592.6811678,2025-12-16T23:26:32.681173+00:00
643,1765927592.702142,2025-12-16T23:26:32.702143+00:00
644,1765927592.719302,2025-12-16T23:26:32.719303+00:00
645,1765927592.740156,2025-12-16T23:26:32.740158+00:00
646,1765927592.761019,2025-12-16T23:26:32.761024+00:00
647,1765927592.780285,2025-12-16T23:26:32.780288+00:00
648,1765927592.7997801,2025-12-16T23:26:32.799785+00:00
649,1765927592.820375,2025-12-16T23:26:32.820408+00:00
650,1765927592.8400152,2025-12-16T23:26:32.840019+00:00
651,1765927592.8605099,2025-12-16T23:26:32.860519+00:00
652,1765927592.877834,2025-12-16T23:26:32.877837+00:00
653,1765927592.8987288,2025-12-16T23:26:32.898731+00:00
654,1765927592.9155562,2025-12-16T23:26:32.915560+00:00
655,1765927592.936383,2025-12-16T23:26:32.936388+00:00
656,1765927592.956348,2025-12-16T23:26:32.956352+00:00
657,1765927592.977221,2025-12-16T23:26:32.977225+00:00
658,1765927592.9981282,2025-12-16T23:26:32.998136+00:00
659,1765927593.01905,2025-12-16T23:26:33.019055+00:00
660,1765927593.0378041,2025-12-16T23:26:33.037807+00:00
661,1765927593.0586932,2025-12-16T23:26:33.058698+00:00
662,1765927593.079354,2025-12-16T23:26:33.079356+00:00
663,1765927593.100228,2025-12-16T23:26:33.100230+00:00
664,1765927593.1200142,2025-12-16T23:26:33.120015+00:00
665,1765927593.140875,2025-12-16T23:26:33.140877+00:00
666,1765927593.161292,2025-12-16T23:26:33.161294+00:00
667,1765927593.1821609,2025-12-16T23:26:33.182163+00:00
668,1765927593.20303,2025-12-16T23:26:33.203031+00:00
669,1765927593.22031,2025-12-16T23:26:33.220322+00:00
670,1765927593.237061,2025-12-16T23:26:33.237064+00:00
671,1765927593.2579782,2025-12-16T23:26:33.257988+00:00
672,1765927593.2779148,2025-12-16T23:26:33.277916+00:00
673,1765927593.2987862,2025-12-16T23:26:33.298787+00:00
674,1765927593.319354,2025-12-16T23:26:33.319357+00:00
675,1765927593.336944,2025-12-16T23:26:33.336944+00:00
676,1765927593.36318,2025-12-16T23:26:33.363183+00:00
677,1765927593.38253,2025-12-16T23:26:33.382533+00:00
678,1765927593.401645,2025-12-16T23:26:33.401647+00:00
679,1765927593.423632,2025-12-16T23:26:33.423635+00:00
680,1765927593.440741,2025-12-16T23:26:33.440744+00:00
681,1765927593.475788,2025-12-16T23:26:33.475794+00:00
682,1765927593.516583,2025-12-16T23:26:33.516590+00:00
683,1765927593.562392,2025-12-16T23:26:33.562397+00:00
684,1765927593.595671,2025-12-16T23:26:33.595678+00:00
685,1765927593.613819,2025-12-16T23:26:33.613826+00:00
686,1765927593.6447911,2025-12-16T23:26:33.644802+00:00
687,1765927593.686476,2025-12-16T23:26:33.686482+00:00
688,1765927593.704742,2025-12-16T23:26:33.704751+00:00
689,1765927593.723451,2025-12-16T23:26:33.723456+00:00
690,1765927593.741919,2025-12-16T23:26:33.741925+00:00
691,1765927593.75892,2025-12-16T23:26:33.758925+00:00
692,1765927593.7782662,2025-12-16T23:26:33.778279+00:00
693,1765927593.799094,2025-12-16T23:26:33.799100+00:00
694,1765927593.816544,2025-12-16T23:26:33.816613+00:00
695,1765927593.837544,2025-12-16T23:26:33.837550+00:00
696,1765927593.857175,2025-12-16T23:26:33.857180+00:00
697,1765927593.8740501,2025-12-16T23:26:33.874053+00:00
698,1765927593.8936908,2025-12-16T23:26:33.893696+00:00
699,1765927593.910509,2025-12-16T23:26:33.910514+00:00
700,1765927593.9299898,2025-12-16T23:26:33.929996+00:00
701,1765927593.951471,2025-12-16T23:26:33.951476+00:00
702,1765927593.9721868,2025-12-16T23:26:33.972192+00:00
703,1765927593.9916239,2025-12-16T23:26:33.991630+00:00
704,1765927594.008686,2025-12-16T23:26:34.008690+00:00
705,1765927594.0293472,2025-12-16T23:26:34.029352+00:00
706,1765927594.04893,2025-12-16T23:26:34.048935+00:00
707,1765927594.069849,2025-12-16T23:26:34.069854+00:00
708,1765927594.090065,2025-12-16T23:26:34.090078+00:00
709,1765927594.1109812,2025-12-16T23:26:34.110986+00:00
710,1765927594.130099,2025-12-16T23:26:34.130104+00:00
711,1765927594.150975,2025-12-16T23:26:34.150978+00:00
712,1765927594.168718,2025-12-16T23:26:34.168723+00:00
713,1765927594.185768,2025-12-16T23:26:34.185770+00:00
714,1765927594.205475,2025-12-16T23:26:34.205478+00:00
715,1765927594.226191,2025-12-16T23:26:34.226192+00:00
716,1765927594.2437341,2025-12-16T23:26:34.243734+00:00
717,1765927594.263573,2025-12-16T23:26:34.263574+00:00
718,1765927594.28444,2025-12-16T23:26:34.284445+00:00
719,1765927594.305347,2025-12-16T23:26:34.305348+00:00
720,1765927594.322403,2025-12-16T23:26:34.322410+00:00
721,1765927594.343303,2025-12-16T23:26:34.343304+00:00
722,1765927594.360349,2025-12-16T23:26:34.360350+00:00
723,1765927594.380778,2025-12-16T23:26:34.380780+00:00
724,1765927594.399093,2025-12-16T23:26:34.399097+00:00
725,1765927594.417404,2025-12-16T23:26:34.417408+00:00
726,1765927594.436728,2025-12-16T23:26:34.436731+00:00
727,1765927594.457768,2025-12-16T23:26:34.457773+00:00
728,1765927594.4792142,2025-12-16T23:26:34.479223+00:00
729,1765927594.498091,2025-12-16T23:26:34.498097+00:00
730,1765927594.519074,2025-12-16T23:26:34.519082+00:00
731,1765927594.54001,2025-12-16T23:26:34.540014+00:00
732,1765927594.560509,2025-12-16T23:26:34.560511+00:00
733,1765927594.583595,2025-12-16T23:26:34.583600+00:00
734,1765927594.6218328,2025-12-16T23:26:34.621879+00:00
735,1765927594.6440508,2025-12-16T23:26:34.644056+00:00
736,1765927594.6755269,2025-12-16T23:26:34.675603+00:00
737,1765927594.699191,2025-12-16T23:26:34.699196+00:00
738,1765927594.718875,2025-12-16T23:26:34.718879+00:00
739,1765927594.739746,2025-12-16T23:26:34.739748+00:00
740,1765927594.759469,2025-12-16T23:26:34.759473+00:00
741,1765927594.776651,2025-12-16T23:26:34.776651+00:00
742,1765927594.794181,2025-12-16T23:26:34.794195+00:00
743,1765927594.81091,2025-12-16T23:26:34.810914+00:00
744,1765927594.8290281,2025-12-16T23:26:34.829029+00:00
745,1765927594.8519502,2025-12-16T23:26:34.851955+00:00
746,1765927594.871966,2025-12-16T23:26:34.871970+00:00
747,1765927594.892848,2025-12-16T23:26:34.892852+00:00
748,1765927594.913741,2025-12-16T23:26:34.913744+00:00
749,1765927594.9346402,2025-12-16T23:26:34.934650+00:00
750,1765927594.954335,2025-12-16T23:26:34.954341+00:00
751,1765927594.971082,2025-12-16T23:26:34.971090+00:00
752,1765927594.9919791,2025-12-16T23:26:34.991983+00:00
753,1765927595.01015,2025-12-16T23:26:35.010155+00:00
754,1765927595.0307,2025-12-16T23:26:35.030704+00:00
755,1765927595.050105,2025-12-16T23:26:35.050108+00:00
756,1765927595.069982,2025-12-16T23:26:35.069988+00:00
757,1765927595.090243,2025-12-16T23:26:35.090248+00:00
758,1765927595.107529,2025-12-16T23:26:35.107535+00:00
759,1765927595.1276228,2025-12-16T23:26:35.127625+00:00
760,1765927595.1484969,2025-12-16T23:26:35.148499+00:00
761,1765927595.169172,2025-12-16T23:26:35.169173+00:00
762,1765927595.1866949,2025-12-16T23:26:35.186696+00:00
763,1765927595.204461,2025-12-16T23:26:35.204465+00:00
764,1765927595.225339,2025-12-16T23:26:35.225339+00:00
765,1765927595.245347,2025-12-16T23:26:35.245350+00:00
766,1765927595.263857,2025-12-16T23:26:35.263860+00:00
767,1765927595.2847471,2025-12-16T23:26:35.284750+00:00
768,1765927595.3056462,2025-12-16T23:26:35.305648+00:00
769,1765927595.326512,2025-12-16T23:26:35.326514+00:00
770,1765927595.345862,2025-12-16T23:26:35.345864+00:00
771,1765927595.3630788,2025-12-16T23:26:35.363081+00:00
772,1765927595.383935,2025-12-16T23:26:35.383935+00:00
773,1765927595.401089,2025-12-16T23:26:35.401090+00:00
774,1765927595.41859,2025-12-16T23:26:35.418593+00:00
775,1765927595.439471,2025-12-16T23:26:35.439475+00:00
776,1765927595.457319,2025-12-16T23:26:35.457326+00:00
777,1765927595.4755929,2025-12-16T23:26:35.475614+00:00
778,1765927595.49547,2025-12-16T23:26:35.495475+00:00
779,1765927595.5144541,2025-12-16T23:26:35.514463+00:00
780,1765927595.53538,2025-12-16T23:26:35.535385+00:00
781,1765927595.5551639,2025-12-16T23:26:35.555170+00:00
782,1765927595.576032,2025-12-16T23:26:35.576033+00:00
783,1765927595.5937831,2025-12-16T23:26:35.593784+00:00
784,1765927595.614657,2025-12-16T23:26:35.614663+00:00
785,1765927595.635575,2025-12-16T23:26:35.635576+00:00
786,1765927595.6564312,2025-12-16T23:26:35.656433+00:00
787,1765927595.673959,2025-12-16T23:26:35.673960+00:00
788,1765927595.6948218,2025-12-16T23:26:35.694823+00:00
789,1765927595.7156851,2025-12-16T23:26:35.715685+00:00
790,1765927595.7363641,2025-12-16T23:26:35.736365+00:00
791,1765927595.753317,2025-12-16T23:26:35.753318+00:00
792,1765927595.7738721,2025-12-16T23:26:35.773875+00:00
793,1765927595.790884,2025-12-16T23:26:35.790885+00:00
794,1765927595.812048,2025-12-16T23:26:35.812053+00:00
795,1765927595.832043,2025-12-16T23:26:35.832049+00:00
796,1765927595.8530939,2025-12-16T23:26:35.853098+00:00
797,1765927595.8725371,2025-12-16T23:26:35.872552+00:00
798,1765927595.8913941,2025-12-16T23:26:35.891400+00:00
799,1765927595.91241,2025-12-16T23:26:35.912416+00:00
800,1765927595.932597,2025-12-16T23:26:35.932604+00:00
801,1765927595.9535182,2025-12-16T23:26:35.953530+00:00
802,1765927595.974422,2025-12-16T23:26:35.974428+00:00
803,1765927595.992427,2025-12-16T23:26:35.992431+00:00
804,1765927596.010506,2025-12-16T23:26:36.010509+00:00
805,1765927596.027955,2025-12-16T23:26:36.027958+00:00
806,1765927596.048848,2025-12-16T23:26:36.048853+00:00
807,1765927596.06756,2025-12-16T23:26:36.067565+00:00
808,1765927596.086118,2025-12-16T23:26:36.086120+00:00
809,1765927596.1043541,2025-12-16T23:26:36.104355+00:00
810,1765927596.1227121,2025-12-16T23:26:36.122725+00:00
811,1765927596.141183,2025-12-16T23:26:36.141185+00:00
812,1765927596.157998,2025-12-16T23:26:36.158017+00:00
813,1765927596.177568,2025-12-16T23:26:36.177569+00:00
814,1765927596.1984372,2025-12-16T23:26:36.198441+00:00
815,1765927596.217181,2025-12-16T23:26:36.217185+00:00
816,1765927596.23665,2025-12-16T23:26:36.236663+00:00
817,1765927596.257549,2025-12-16T23:26:36.257557+00:00
818,1765927596.278465,2025-12-16T23:26:36.278471+00:00
819,1765927596.296764,2025-12-16T23:26:36.296769+00:00
820,1765927596.317866,2025-12-16T23:26:36.317872+00:00
821,1765927596.33903,2025-12-16T23:26:36.339035+00:00
822,1765927596.3599281,2025-12-16T23:26:36.359936+00:00
823,1765927596.380599,2025-12-16T23:26:36.380604+00:00
824,1765927596.398029,2025-12-16T23:26:36.398042+00:00
825,1765927596.4189131,2025-12-16T23:26:36.418917+00:00
826,1765927596.439691,2025-12-16T23:26:36.439695+00:00
827,1765927596.4605608,2025-12-16T23:26:36.460565+00:00
828,1765927596.47931,2025-12-16T23:26:36.479316+00:00
829,1765927596.5002089,2025-12-16T23:26:36.500215+00:00
830,1765927596.521112,2025-12-16T23:26:36.521114+00:00
831,1765927596.5419872,2025-12-16T23:26:36.541992+00:00
832,1765927596.560514,2025-12-16T23:26:36.560516+00:00
833,1765927596.579747,2025-12-16T23:26:36.579751+00:00
834,1765927596.600636,2025-12-16T23:26:36.600643+00:00
835,1765927596.617395,2025-12-16T23:26:36.617399+00:00
836,1765927596.636024,2025-12-16T23:26:36.636027+00:00
837,1765927596.653758,2025-12-16T23:26:36.653761+00:00
838,1765927596.671391,2025-12-16T23:26:36.671395+00:00
839,1765927596.690071,2025-12-16T23:26:36.690074+00:00
840,1765927596.710935,2025-12-16T23:26:36.710936+00:00
841,1765927596.731797,2025-12-16T23:26:36.731799+00:00
842,1765927596.74999,2025-12-16T23:26:36.749992+00:00
843,1765927596.77087,2025-12-16T23:26:36.770871+00:00
844,1765927596.791755,2025-12-16T23:26:36.791756+00:00
845,1765927596.810004,2025-12-16T23:26:36.810007+00:00
846,1765927596.830535,2025-12-16T23:26:36.830540+00:00
847,1765927596.850882,2025-12-16T23:26:36.850885+00:00
848,1765927596.871028,2025-12-16T23:26:36.871031+00:00
849,1765927596.889071,2025-12-16T23:26:36.889075+00:00
850,1765927596.909838,2025-12-16T23:26:36.909850+00:00
851,1765927596.930787,2025-12-16T23:26:36.930791+00:00
852,1765927596.9514391,2025-12-16T23:26:36.951543+00:00
853,1765927596.970253,2025-12-16T23:26:36.970254+00:00
854,1765927596.9887302,2025-12-16T23:26:36.988733+00:00
855,1765927597.0080588,2025-12-16T23:26:37.008063+00:00
856,1765927597.0280142,2025-12-16T23:26:37.028017+00:00
857,1765927597.046048,2025-12-16T23:26:37.046049+00:00
858,1765927597.063651,2025-12-16T23:26:37.063653+00:00
859,1765927597.0811079,2025-12-16T23:26:37.081109+00:00
860,1765927597.101971,2025-12-16T23:26:37.101976+00:00
861,1765927597.122886,2025-12-16T23:26:37.122891+00:00
862,1765927597.143594,2025-12-16T23:26:37.143600+00:00
863,1765927597.161013,2025-12-16T23:26:37.161014+00:00
864,1765927597.181868,2025-12-16T23:26:37.181871+00:00
865,1765927597.20023,2025-12-16T23:26:37.200232+00:00
866,1765927597.2198741,2025-12-16T23:26:37.219875+00:00
867,1765927597.2407281,2025-12-16T23:26:37.240731+00:00
868,1765927597.260824,2025-12-16T23:26:37.260825+00:00
869,1765927597.2816992,2025-12-16T23:26:37.281704+00:00
870,1765927597.301507,2025-12-16T23:26:37.301512+00:00
871,1765927597.3224142,2025-12-16T23:26:37.322417+00:00
872,1765927597.3433049,2025-12-16T23:26:37.343308+00:00
873,1765927597.3625631,2025-12-16T23:26:37.362564+00:00
874,1765927597.3834171,2025-12-16T23:26:37.383419+00:00
875,1765927597.402197,2025-12-16T23:26:37.402200+00:00
876,1765927597.423098,2025-12-16T23:26:37.423100+00:00
877,1765927597.442692,2025-12-16T23:26:37.442694+00:00
878,1765927597.4829981,2025-12-16T23:26:37.483002+00:00
879,1765927597.504155,2025-12-16T23:26:37.504205+00:00
880,1765927597.5284019,2025-12-16T23:26:37.528407+00:00
881,1765927597.5459561,2025-12-16T23:26:37.545960+00:00
882,1765927597.566286,2025-12-16T23:26:37.566292+00:00
883,1765927597.586272,2025-12-16T23:26:37.586274+00:00
884,1765927597.6043031,2025-12-16T23:26:37.604307+00:00
885,1765927597.625215,2025-12-16T23:26:37.625219+00:00
886,1765927597.646123,2025-12-16T23:26:37.646127+00:00
887,1765927597.667059,2025-12-16T23:26:37.667063+00:00
888,1765927597.685365,2025-12-16T23:26:37.685368+00:00
889,1765927597.7037802,2025-12-16T23:26:37.703781+00:00
890,1765927597.724649,2025-12-16T23:26:37.724654+00:00
891,1765927597.741697,2025-12-16T23:26:37.741700+00:00
892,1765927597.7623959,2025-12-16T23:26:37.762399+00:00
893,1765927597.782699,2025-12-16T23:26:37.782703+00:00
894,1765927597.8035882,2025-12-16T23:26:37.803588+00:00
895,1765927597.824459,2025-12-16T23:26:37.824463+00:00
896,1765927597.844249,2025-12-16T23:26:37.844252+00:00
897,1765927597.865113,2025-12-16T23:26:37.865114+00:00
898,1765927597.88491,2025-12-16T23:26:37.884928+00:00
899,1765927597.901747,2025-12-16T23:26:37.901757+00:00
900,1765927597.920498,2025-12-16T23:26:37.920502+00:00
901,1765927597.9375591,2025-12-16T23:26:37.937564+00:00
902,1765927597.9584808,2025-12-16T23:26:37.958491+00:00
903,1765927597.979298,2025-12-16T23:26:37.979305+00:00
904,1765927597.9972868,2025-12-16T23:26:37.997290+00:00
905,1765927598.0181708,2025-12-16T23:26:38.018172+00:00
906,1765927598.0366669,2025-12-16T23:26:38.036668+00:00
907,1765927598.055543,2025-12-16T23:26:38.055545+00:00
908,1765927598.076093,2025-12-16T23:26:38.076094+00:00
909,1765927598.0959659,2025-12-16T23:26:38.095971+00:00
910,1765927598.116079,2025-12-16T23:26:38.116083+00:00
911,1765927598.133143,2025-12-16T23:26:38.133145+00:00
912,1765927598.1501231,2025-12-16T23:26:38.150126+00:00
913,1765927598.1694322,2025-12-16T23:26:38.169434+00:00
914,1765927598.190303,2025-12-16T23:26:38.190304+00:00
915,1765927598.211006,2025-12-16T23:26:38.211068+00:00
916,1765927598.2296078,2025-12-16T23:26:38.229610+00:00
917,1765927598.248773,2025-12-16T23:26:38.248774+00:00
918,1765927598.269203,2025-12-16T23:26:38.269205+00:00
919,1765927598.290092,2025-12-16T23:26:38.290093+00:00
920,1765927598.310953,2025-12-16T23:26:38.310957+00:00
921,1765927598.331852,2025-12-16T23:26:38.331854+00:00
922,1765927598.352488,2025-12-16T23:26:38.352496+00:00
923,1765927598.369469,2025-12-16T23:26:38.369474+00:00
924,1765927598.390362,2025-12-16T23:26:38.390367+00:00
925,1765927598.410673,2025-12-16T23:26:38.410675+00:00
926,1765927598.431542,2025-12-16T23:26:38.431548+00:00
927,1765927598.4515042,2025-12-16T23:26:38.451506+00:00
928,1765927598.469367,2025-12-16T23:26:38.469372+00:00
929,1765927598.4902542,2025-12-16T23:26:38.490258+00:00
930,1765927598.506999,2025-12-16T23:26:38.507004+00:00
931,1765927598.5274692,2025-12-16T23:26:38.527475+00:00
932,1765927598.5483599,2025-12-16T23:26:38.548362+00:00
933,1765927598.5692449,2025-12-16T23:26:38.569250+00:00
934,1765927598.5896618,2025-12-16T23:26:38.589665+00:00
935,1765927598.6105611,2025-12-16T23:26:38.610566+00:00
936,1765927598.6313112,2025-12-16T23:26:38.631313+00:00
937,1765927598.648937,2025-12-16T23:26:38.648939+00:00
938,1765927598.668811,2025-12-16T23:26:38.668815+00:00
939,1765927598.6867871,2025-12-16T23:26:38.686789+00:00
940,1765927598.707658,2025-12-16T23:26:38.707659+00:00
941,1765927598.728513,2025-12-16T23:26:38.728514+00:00
942,1765927598.748608,2025-12-16T23:26:38.748610+00:00
943,1765927598.768699,2025-12-16T23:26:38.768700+00:00
944,1765927598.785928,2025-12-16T23:26:38.785931+00:00
945,1765927598.8027258,2025-12-16T23:26:38.802727+00:00
946,1765927598.81966,2025-12-16T23:26:38.819662+00:00
947,1765927598.839733,2025-12-16T23:26:38.839735+00:00
948,1765927598.860588,2025-12-16T23:26:38.860590+00:00
949,1765927598.880552,2025-12-16T23:26:38.880556+00:00
950,1765927598.899104,2025-12-16T23:26:38.899107+00:00
951,1765927598.919984,2025-12-16T23:26:38.919990+00:00
952,1765927598.940887,2025-12-16T23:26:38.940890+00:00
953,1765927598.9619148,2025-12-16T23:26:38.961919+00:00
954,1765927598.981822,2025-12-16T23:26:38.981827+00:00
955,1765927599.002228,2025-12-16T23:26:39.002232+00:00
956,1765927599.0226629,2025-12-16T23:26:39.022669+00:00
957,1765927599.041439,2025-12-16T23:26:39.041440+00:00
958,1765927599.062015,2025-12-16T23:26:39.062017+00:00
959,1765927599.082067,2025-12-16T23:26:39.082068+00:00
960,1765927599.100366,2025-12-16T23:26:39.100369+00:00
961,1765927599.119207,2025-12-16T23:26:39.119209+00:00
962,1765927599.138634,2025-12-16T23:26:39.138639+00:00
963,1765927599.1572192,2025-12-16T23:26:39.157221+00:00
964,1765927599.178089,2025-12-16T23:26:39.178089+00:00
965,1765927599.1952052,2025-12-16T23:26:39.195207+00:00
966,1765927599.216068,2025-12-16T23:26:39.216069+00:00
967,1765927599.235383,2025-12-16T23:26:39.235384+00:00
968,1765927599.2555451,2025-12-16T23:26:39.255546+00:00
969,1765927599.2727602,2025-12-16T23:26:39.272763+00:00
970,1765927599.2902458,2025-12-16T23:26:39.290247+00:00
971,1765927599.311121,2025-12-16T23:26:39.311122+00:00
972,1765927599.332005,2025-12-16T23:26:39.332010+00:00
973,1765927599.3510349,2025-12-16T23:26:39.351037+00:00
974,1765927599.3683689,2025-12-16T23:26:39.368369+00:00
975,1765927599.385654,2025-12-16T23:26:39.385654+00:00
976,1765927599.406506,2025-12-16T23:26:39.406510+00:00
977,1765927599.427121,2025-12-16T23:26:39.427123+00:00
978,1765927599.447707,2025-12-16T23:26:39.447710+00:00
979,1765927599.466495,2025-12-16T23:26:39.466503+00:00
980,1765927599.486144,2025-12-16T23:26:39.486148+00:00
981,1765927599.506617,2025-12-16T23:26:39.506625+00:00
982,1765927599.5240881,2025-12-16T23:26:39.524093+00:00
983,1765927599.5410528,2025-12-16T23:26:39.541054+00:00
984,1765927599.561038,2025-12-16T23:26:39.561039+00:00
985,1765927599.580224,2025-12-16T23:26:39.580227+00:00
986,1765927599.6011,2025-12-16T23:26:39.601105+00:00
987,1765927599.6193311,2025-12-16T23:26:39.619336+00:00
988,1765927599.636663,2025-12-16T23:26:39.636666+00:00
989,1765927599.657606,2025-12-16T23:26:39.657611+00:00
990,1765927599.678035,2025-12-16T23:26:39.678039+00:00
991,1765927599.695046,2025-12-16T23:26:39.695047+00:00
992,1765927599.715905,2025-12-16T23:26:39.715906+00:00
993,1765927599.736762,2025-12-16T23:26:39.736766+00:00
994,1765927599.75632,2025-12-16T23:26:39.756323+00:00
995,1765927599.773825,2025-12-16T23:26:39.773829+00:00
996,1765927599.790953,2025-12-16T23:26:39.790954+00:00
997,1765927599.8101718,2025-12-16T23:26:39.810176+00:00
998,1765927599.82941,2025-12-16T23:26:39.829412+00:00
999,1765927599.846357,2025-12-16T23:26:39.846359+00:00
1000,1765927599.8650932,2025-12-16T23:26:39.865094+00:00
1001,1765927599.8859038,2025-12-16T23:26:39.885911+00:00
1002,1765927599.9027321,2025-12-16T23:26:39.902734+00:00
1003,1765927599.9219909,2025-12-16T23:26:39.921995+00:00
1004,1765927599.939052,2025-12-16T23:26:39.939053+00:00
1005,1765927599.9579918,2025-12-16T23:26:39.957994+00:00
1006,1765927599.9788742,2025-12-16T23:26:39.978881+00:00
1007,1765927599.999792,2025-12-16T23:26:39.999793+00:00
1008,1765927600.0196512,2025-12-16T23:26:40.019653+00:00
1009,1765927600.0389671,2025-12-16T23:26:40.038976+00:00
1010,1765927600.058413,2025-12-16T23:26:40.058417+00:00
1011,1765927600.078348,2025-12-16T23:26:40.078410+00:00
1012,1765927600.0992901,2025-12-16T23:26:40.099291+00:00
1013,1765927600.116409,2025-12-16T23:26:40.116429+00:00
1014,1765927600.137326,2025-12-16T23:26:40.137328+00:00
1015,1765927600.158221,2025-12-16T23:26:40.158226+00:00
1016,1765927600.17648,2025-12-16T23:26:40.176484+00:00
1017,1765927600.194417,2025-12-16T23:26:40.194421+00:00
1018,1765927600.215285,2025-12-16T23:26:40.215287+00:00
1019,1765927600.235248,2025-12-16T23:26:40.235249+00:00
1020,1765927600.252873,2025-12-16T23:26:40.252875+00:00
1021,1765927600.2737439,2025-12-16T23:26:40.273746+00:00
1022,1765927600.294483,2025-12-16T23:26:40.294489+00:00
1023,1765927600.3123221,2025-12-16T23:26:40.312326+00:00
1024,1765927600.3292348,2025-12-16T23:26:40.329249+00:00
1025,1765927600.34848,2025-12-16T23:26:40.348486+00:00
1026,1765927600.369409,2025-12-16T23:26:40.369415+00:00
1027,1765927600.3902779,2025-12-16T23:26:40.390281+00:00
1028,1765927600.4109051,2025-12-16T23:26:40.410908+00:00
1029,1765927600.42815,2025-12-16T23:26:40.428154+00:00
1030,1765927600.4515672,2025-12-16T23:26:40.451573+00:00
1031,1765927600.4724832,2025-12-16T23:26:40.472489+00:00
1032,1765927600.490825,2025-12-16T23:26:40.490830+00:00
1033,1765927600.51114,2025-12-16T23:26:40.511145+00:00
1034,1765927600.5320299,2025-12-16T23:26:40.532034+00:00
1035,1765927600.5529652,2025-12-16T23:26:40.552966+00:00
1036,1765927600.570982,2025-12-16T23:26:40.570987+00:00
1037,1765927600.587733,2025-12-16T23:26:40.587734+00:00
1038,1765927600.608588,2025-12-16T23:26:40.608588+00:00
1039,1765927600.6274729,2025-12-16T23:26:40.627477+00:00
1040,1765927600.647119,2025-12-16T23:26:40.647121+00:00
1041,1765927600.6680021,2025-12-16T23:26:40.668004+00:00
1042,1765927600.685111,2025-12-16T23:26:40.685115+00:00
1043,1765927600.7024179,2025-12-16T23:26:40.702420+00:00
1044,1765927600.721737,2025-12-16T23:26:40.721740+00:00
1045,1765927600.7426162,2025-12-16T23:26:40.742617+00:00
1046,1765927600.7600598,2025-12-16T23:26:40.760060+00:00
1047,1765927600.780603,2025-12-16T23:26:40.780603+00:00
1048,1765927600.7975192,2025-12-16T23:26:40.797521+00:00
1049,1765927600.818397,2025-12-16T23:26:40.818398+00:00
1050,1765927600.835316,2025-12-16T23:26:40.835317+00:00
1051,1765927600.85284,2025-12-16T23:26:40.852841+00:00
1052,1765927600.873028,2025-12-16T23:26:40.873031+00:00
1053,1765927600.893909,2025-12-16T23:26:40.893913+00:00
1054,1765927600.914798,2025-12-16T23:26:40.914803+00:00
1055,1765927600.935691,2025-12-16T23:26:40.935692+00:00
1056,1765927600.953343,2025-12-16T23:26:40.953344+00:00
1057,1765927600.974206,2025-12-16T23:26:40.974212+00:00
1058,1765927600.993603,2025-12-16T23:26:40.993611+00:00
1059,1765927601.013045,2025-12-16T23:26:41.013047+00:00
1060,1765927601.03391,2025-12-16T23:26:41.033912+00:00
1061,1765927601.052097,2025-12-16T23:26:41.052105+00:00
1062,1765927601.0729332,2025-12-16T23:26:41.072947+00:00
1063,1765927601.0930839,2025-12-16T23:26:41.093085+00:00
1064,1765927601.1131678,2025-12-16T23:26:41.113174+00:00
1065,1765927601.1340742,2025-12-16T23:26:41.134079+00:00
1066,1765927601.152952,2025-12-16T23:26:41.152957+00:00
1067,1765927601.173863,2025-12-16T23:26:41.173867+00:00
1068,1765927601.192387,2025-12-16T23:26:41.192390+00:00
1069,1765927601.209712,2025-12-16T23:26:41.209717+00:00
1070,1765927601.229398,2025-12-16T23:26:41.229403+00:00
1071,1765927601.247013,2025-12-16T23:26:41.247017+00:00
1072,1765927601.26803,2025-12-16T23:26:41.268034+00:00
1073,1765927601.285279,2025-12-16T23:26:41.285285+00:00
1074,1765927601.3061981,2025-12-16T23:26:41.306205+00:00
1075,1765927601.3248398,2025-12-16T23:26:41.324877+00:00
1076,1765927601.3457432,2025-12-16T23:26:41.345744+00:00
1077,1765927601.363002,2025-12-16T23:26:41.363005+00:00
1078,1765927601.383879,2025-12-16T23:26:41.383880+00:00
1079,1765927601.400911,2025-12-16T23:26:41.400912+00:00
1080,1765927601.418047,2025-12-16T23:26:41.418048+00:00
1081,1765927601.4389179,2025-12-16T23:26:41.438919+00:00
1082,1765927601.4597929,2025-12-16T23:26:41.459796+00:00
1083,1765927601.480014,2025-12-16T23:26:41.480020+00:00
1084,1765927601.500881,2025-12-16T23:26:41.500883+00:00
1085,1765927601.521738,2025-12-16T23:26:41.521740+00:00
1086,1765927601.540322,2025-12-16T23:26:41.540326+00:00
1087,1765927601.560158,2025-12-16T23:26:41.560159+00:00
1088,1765927601.579252,2025-12-16T23:26:41.579252+00:00
1089,1765927601.599991,2025-12-16T23:26:41.599992+00:00
1090,1765927601.620546,2025-12-16T23:26:41.620550+00:00
1091,1765927601.640379,2025-12-16T23:26:41.640380+00:00
1092,1765927601.660795,2025-12-16T23:26:41.660795+00:00
1093,1765927601.6775491,2025-12-16T23:26:41.677551+00:00
1094,1765927601.698405,2025-12-16T23:26:41.698406+00:00
1095,1765927601.715344,2025-12-16T23:26:41.715347+00:00
1096,1765927601.736202,2025-12-16T23:26:41.736204+00:00
1097,1765927601.757068,2025-12-16T23:26:41.757070+00:00
1098,1765927601.7771919,2025-12-16T23:26:41.777195+00:00
1099,1765927601.794461,2025-12-16T23:26:41.794462+00:00
1100,1765927601.8136141,2025-12-16T23:26:41.813617+00:00
1101,1765927601.832802,2025-12-16T23:26:41.832803+00:00
1102,1765927601.853677,2025-12-16T23:26:41.853682+00:00
1103,1765927601.8745751,2025-12-16T23:26:41.874577+00:00
1104,1765927601.8936179,2025-12-16T23:26:41.893619+00:00
1105,1765927601.9144871,2025-12-16T23:26:41.914490+00:00
1106,1765927601.9353652,2025-12-16T23:26:41.935366+00:00
1107,1765927601.956218,2025-12-16T23:26:41.956218+00:00
1108,1765927601.977067,2025-12-16T23:26:41.977070+00:00
1109,1765927601.997646,2025-12-16T23:26:41.997652+00:00
1110,1765927602.015432,2025-12-16T23:26:42.015437+00:00
1111,1765927602.035699,2025-12-16T23:26:42.035701+00:00
1112,1765927602.0565948,2025-12-16T23:26:42.056598+00:00
1113,1765927602.0772932,2025-12-16T23:26:42.077296+00:00
1114,1765927602.094811,2025-12-16T23:26:42.094812+00:00
1115,1765927602.112414,2025-12-16T23:26:42.112416+00:00
1116,1765927602.133295,2025-12-16T23:26:42.133301+00:00
1117,1765927602.150914,2025-12-16T23:26:42.150925+00:00
1118,1765927602.170269,2025-12-16T23:26:42.170271+00:00
1119,1765927602.189069,2025-12-16T23:26:42.189071+00:00
1120,1765927602.209959,2025-12-16T23:26:42.209965+00:00
1121,1765927602.2308621,2025-12-16T23:26:42.230866+00:00
1122,1765927602.2507021,2025-12-16T23:26:42.250707+00:00
1123,1765927602.27158,2025-12-16T23:26:42.271582+00:00
1124,1765927602.289334,2025-12-16T23:26:42.289335+00:00
1125,1765927602.310186,2025-12-16T23:26:42.310197+00:00
1126,1765927602.328012,2025-12-16T23:26:42.328013+00:00
1127,1765927602.3488698,2025-12-16T23:26:42.348872+00:00
1128,1765927602.3697479,2025-12-16T23:26:42.369752+00:00
1129,1765927602.387337,2025-12-16T23:26:42.387340+00:00
1130,1765927602.4082172,2025-12-16T23:26:42.408218+00:00
1131,1765927602.427375,2025-12-16T23:26:42.427377+00:00
1132,1765927602.448033,2025-12-16T23:26:42.448034+00:00
1133,1765927602.46627,2025-12-16T23:26:42.466274+00:00
1134,1765927602.48369,2025-12-16T23:26:42.483693+00:00
1135,1765927602.504554,2025-12-16T23:26:42.504556+00:00
1136,1765927602.5254242,2025-12-16T23:26:42.525429+00:00
1137,1765927602.546315,2025-12-16T23:26:42.546317+00:00
1138,1765927602.5634549,2025-12-16T23:26:42.563456+00:00
1139,1765927602.583374,2025-12-16T23:26:42.583375+00:00
1140,1765927602.604248,2025-12-16T23:26:42.604250+00:00
1141,1765927602.625121,2025-12-16T23:26:42.625124+00:00
1142,1765927602.643043,2025-12-16T23:26:42.643044+00:00
1143,1765927602.660875,2025-12-16T23:26:42.660878+00:00
1144,1765927602.681756,2025-12-16T23:26:42.681757+00:00
1145,1765927602.7016351,2025-12-16T23:26:42.701641+00:00
1146,1765927602.719237,2025-12-16T23:26:42.719251+00:00
1147,1765927602.740136,2025-12-16T23:26:42.740137+00:00
1148,1765927602.760746,2025-12-16T23:26:42.760748+00:00
1149,1765927602.777817,2025-12-16T23:26:42.777819+00:00
1150,1765927602.798681,2025-12-16T23:26:42.798682+00:00
1151,1765927602.81887,2025-12-16T23:26:42.818896+00:00
1152,1765927602.839791,2025-12-16T23:26:42.839792+00:00
1153,1765927602.857166,2025-12-16T23:26:42.857177+00:00
1154,1765927602.8776379,2025-12-16T23:26:42.877640+00:00
1155,1765927602.8984919,2025-12-16T23:26:42.898493+00:00
1156,1765927602.9193542,2025-12-16T23:26:42.919358+00:00
1157,1765927602.940245,2025-12-16T23:26:42.940250+00:00
1158,1765927602.957768,2025-12-16T23:26:42.957772+00:00
1159,1765927602.9780622,2025-12-16T23:26:42.978065+00:00
1160,1765927602.998942,2025-12-16T23:26:42.998944+00:00
1161,1765927603.0198169,2025-12-16T23:26:43.019818+00:00
1162,1765927603.040709,2025-12-16T23:26:43.040713+00:00
1163,1765927603.061449,2025-12-16T23:26:43.061451+00:00
1164,1765927603.0823948,2025-12-16T23:26:43.082396+00:00
1165,1765927603.1032178,2025-12-16T23:26:43.103222+00:00
1166,1765927603.123829,2025-12-16T23:26:43.123834+00:00
1167,1765927603.144715,2025-12-16T23:26:43.144718+00:00
1168,1765927603.161483,2025-12-16T23:26:43.161483+00:00
1169,1765927603.18012,2025-12-16T23:26:43.180121+00:00
1170,1765927603.200982,2025-12-16T23:26:43.200986+00:00
1171,1765927603.221913,2025-12-16T23:26:43.221919+00:00
1172,1765927603.240793,2025-12-16T23:26:43.240796+00:00
1173,1765927603.2616608,2025-12-16T23:26:43.261664+00:00
1174,1765927603.280457,2025-12-16T23:26:43.280463+00:00
1175,1765927603.3006122,2025-12-16T23:26:43.300616+00:00
1176,1765927603.3199449,2025-12-16T23:26:43.319947+00:00
1177,1765927603.3373702,2025-12-16T23:26:43.337372+00:00
1178,1765927603.357184,2025-12-16T23:26:43.357188+00:00
1179,1765927603.37809,2025-12-16T23:26:43.378095+00:00
1180,1765927603.399006,2025-12-16T23:26:43.399011+00:00
1181,1765927603.4168231,2025-12-16T23:26:43.416826+00:00
1182,1765927603.436264,2025-12-16T23:26:43.436266+00:00
1183,1765927603.457161,2025-12-16T23:26:43.457165+00:00
1184,1765927603.4765792,2025-12-16T23:26:43.476582+00:00
1185,1765927603.496511,2025-12-16T23:26:43.496517+00:00
1186,1765927603.5149179,2025-12-16T23:26:43.514922+00:00
1187,1765927603.533374,2025-12-16T23:26:43.533381+00:00
1188,1765927603.5530891,2025-12-16T23:26:43.553090+00:00
1189,1765927603.573956,2025-12-16T23:26:43.573958+00:00
1190,1765927603.59468,2025-12-16T23:26:43.594684+00:00
1191,1765927603.615604,2025-12-16T23:26:43.615608+00:00
1192,1765927603.636506,2025-12-16T23:26:43.636508+00:00
1193,1765927603.656915,2025-12-16T23:26:43.656924+00:00
1194,1765927603.67423,2025-12-16T23:26:43.674235+00:00
1195,1765927603.693655,2025-12-16T23:26:43.693659+00:00
1196,1765927603.71464,2025-12-16T23:26:43.714646+00:00
1197,1765927603.731584,2025-12-16T23:26:43.731614+00:00
1198,1765927603.752504,2025-12-16T23:26:43.752509+00:00
1199,1765927603.7734349,2025-12-16T23:26:43.773437+00:00
1200,1765927603.794306,2025-12-16T23:26:43.794309+00:00
1201,1765927603.811567,2025-12-16T23:26:43.811572+00:00
1202,1765927603.831197,2025-12-16T23:26:43.831198+00:00
1203,1765927603.8482869,2025-12-16T23:26:43.848288+00:00
1204,1765927603.869084,2025-12-16T23:26:43.869087+00:00
1205,1765927603.8864372,2025-12-16T23:26:43.886438+00:00
1206,1765927603.907309,2025-12-16T23:26:43.907312+00:00
1207,1765927603.9269812,2025-12-16T23:26:43.926985+00:00
1208,1765927603.944424,2025-12-16T23:26:43.944426+00:00
1209,1765927603.96529,2025-12-16T23:26:43.965292+00:00
1210,1765927603.985431,2025-12-16T23:26:43.985437+00:00
1211,1765927604.002708,2025-12-16T23:26:44.002715+00:00
1212,1765927604.0216901,2025-12-16T23:26:44.021694+00:00
1213,1765927604.042591,2025-12-16T23:26:44.042594+00:00
1214,1765927604.06243,2025-12-16T23:26:44.062432+00:00
1215,1765927604.081944,2025-12-16T23:26:44.081948+00:00
1216,1765927604.1025019,2025-12-16T23:26:44.102513+00:00
1217,1765927604.1234019,2025-12-16T23:26:44.123404+00:00
1218,1765927604.144256,2025-12-16T23:26:44.144258+00:00
1219,1765927604.162552,2025-12-16T23:26:44.162555+00:00
1220,1765927604.18343,2025-12-16T23:26:44.183433+00:00
1221,1765927604.202212,2025-12-16T23:26:44.202215+00:00
1222,1765927604.22285,2025-12-16T23:26:44.222852+00:00
1223,1765927604.242118,2025-12-16T23:26:44.242118+00:00
1224,1765927604.260433,2025-12-16T23:26:44.260435+00:00
1225,1765927604.281303,2025-12-16T23:26:44.281303+00:00
1226,1765927604.302156,2025-12-16T23:26:44.302159+00:00
1227,1765927604.323019,2025-12-16T23:26:44.323023+00:00
1228,1765927604.3438988,2025-12-16T23:26:44.343901+00:00
1229,1765927604.360977,2025-12-16T23:26:44.360979+00:00
1230,1765927604.377915,2025-12-16T23:26:44.377916+00:00
1231,1765927604.398784,2025-12-16T23:26:44.398789+00:00
1232,1765927604.4190779,2025-12-16T23:26:44.419079+00:00
1233,1765927604.439949,2025-12-16T23:26:44.439950+00:00
1234,1765927604.45699,2025-12-16T23:26:44.456994+00:00
1235,1765927604.474638,2025-12-16T23:26:44.474644+00:00
1236,1765927604.4931672,2025-12-16T23:26:44.493170+00:00
1237,1765927604.511358,2025-12-16T23:26:44.511366+00:00
1238,1765927604.529283,2025-12-16T23:26:44.529294+00:00
1239,1765927604.5502028,2025-12-16T23:26:44.550208+00:00
1240,1765927604.570861,2025-12-16T23:26:44.570863+00:00
1241,1765927604.587914,2025-12-16T23:26:44.587916+00:00
1242,1765927604.608777,2025-12-16T23:26:44.608782+00:00
1243,1765927604.6296709,2025-12-16T23:26:44.629675+00:00
1244,1765927604.6468081,2025-12-16T23:26:44.646812+00:00
1245,1765927604.6677382,2025-12-16T23:26:44.667740+00:00
1246,1765927604.6859,2025-12-16T23:26:44.685904+00:00
1247,1765927604.702691,2025-12-16T23:26:44.702693+00:00
1248,1765927604.7222981,2025-12-16T23:26:44.722300+00:00
1249,1765927604.743158,2025-12-16T23:26:44.743161+00:00
1250,1765927604.761122,2025-12-16T23:26:44.761124+00:00
1251,1765927604.781992,2025-12-16T23:26:44.781993+00:00
1252,1765927604.802416,2025-12-16T23:26:44.802416+00:00
1253,1765927604.819173,2025-12-16T23:26:44.819173+00:00
1254,1765927604.840035,2025-12-16T23:26:44.840039+00:00
1255,1765927604.8611531,2025-12-16T23:26:44.861156+00:00
1256,1765927604.882019,2025-12-16T23:26:44.882021+00:00
1257,1765927604.902889,2025-12-16T23:26:44.902890+00:00
1258,1765927604.9237492,2025-12-16T23:26:44.923752+00:00
1259,1765927604.94167,2025-12-16T23:26:44.941671+00:00
1260,1765927604.959581,2025-12-16T23:26:44.959590+00:00
1261,1765927604.9790819,2025-12-16T23:26:44.979083+00:00
1262,1765927604.997707,2025-12-16T23:26:44.997711+00:00
1263,1765927605.015795,2025-12-16T23:26:45.015799+00:00
1264,1765927605.033309,2025-12-16T23:26:45.033314+00:00
1265,1765927605.053919,2025-12-16T23:26:45.053924+00:00
1266,1765927605.070889,2025-12-16T23:26:45.070894+00:00
1267,1765927605.0918121,2025-12-16T23:26:45.091815+00:00
1268,1765927605.112679,2025-12-16T23:26:45.112682+00:00
1269,1765927605.13345,2025-12-16T23:26:45.133455+00:00
1270,1765927605.152502,2025-12-16T23:26:45.152505+00:00
1271,1765927605.172927,2025-12-16T23:26:45.172930+00:00
1272,1765927605.192677,2025-12-16T23:26:45.192681+00:00
1273,1765927605.213475,2025-12-16T23:26:45.213481+00:00
1274,1765927605.234399,2025-12-16T23:26:45.234416+00:00
1275,1765927605.252055,2025-12-16T23:26:45.252057+00:00
1276,1765927605.272916,2025-12-16T23:26:45.272917+00:00
1277,1765927605.293636,2025-12-16T23:26:45.293638+00:00
1278,1765927605.310414,2025-12-16T23:26:45.310415+00:00
1279,1765927605.327777,2025-12-16T23:26:45.327777+00:00
1280,1765927605.34865,2025-12-16T23:26:45.348655+00:00
1281,1765927605.369548,2025-12-16T23:26:45.369549+00:00
1282,1765927605.390416,2025-12-16T23:26:45.390419+00:00
1283,1765927605.411296,2025-12-16T23:26:45.411296+00:00
1284,1765927605.432159,2025-12-16T23:26:45.432164+00:00
1285,1765927605.450173,2025-12-16T23:26:45.450175+00:00
1286,1765927605.469145,2025-12-16T23:26:45.469151+00:00
1287,1765927605.48914,2025-12-16T23:26:45.489143+00:00
1288,1765927605.509619,2025-12-16T23:26:45.509626+00:00
1289,1765927605.528727,2025-12-16T23:26:45.528730+00:00
1290,1765927605.54831,2025-12-16T23:26:45.548313+00:00
1291,1765927605.567897,2025-12-16T23:26:45.567900+00:00
1292,1765927605.586232,2025-12-16T23:26:45.586233+00:00
1293,1765927605.607083,2025-12-16T23:26:45.607097+00:00
1294,1765927605.6272151,2025-12-16T23:26:45.627216+00:00
1295,1765927605.644454,2025-12-16T23:26:45.644455+00:00
1296,1765927605.6626291,2025-12-16T23:26:45.662631+00:00
1297,1765927605.683146,2025-12-16T23:26:45.683150+00:00
1298,1765927605.7015302,2025-12-16T23:26:45.701533+00:00
1299,1765927605.721859,2025-12-16T23:26:45.721862+00:00
1300,1765927605.742751,2025-12-16T23:26:45.742753+00:00
1301,1765927605.7636201,2025-12-16T23:26:45.763621+00:00
1302,1765927605.7828312,2025-12-16T23:26:45.782833+00:00
1303,1765927605.8024802,2025-12-16T23:26:45.802481+00:00
1304,1765927605.820897,2025-12-16T23:26:45.820897+00:00
1305,1765927605.841749,2025-12-16T23:26:45.841751+00:00
1306,1765927605.860687,2025-12-16T23:26:45.860688+00:00
1307,1765927605.88155,2025-12-16T23:26:45.881552+00:00
1308,1765927605.902433,2025-12-16T23:26:45.902437+00:00
1309,1765927605.920209,2025-12-16T23:26:45.920212+00:00
1310,1765927605.9383612,2025-12-16T23:26:45.938367+00:00
1311,1765927605.9557362,2025-12-16T23:26:45.955738+00:00
1312,1765927605.97535,2025-12-16T23:26:45.975351+00:00
1313,1765927605.996206,2025-12-16T23:26:45.996209+00:00
1314,1765927606.012995,2025-12-16T23:26:46.012999+00:00
1315,1765927606.030678,2025-12-16T23:26:46.030684+00:00
1316,1765927606.0503192,2025-12-16T23:26:46.050320+00:00
1317,1765927606.068079,2025-12-16T23:26:46.068084+00:00
1318,1765927606.088971,2025-12-16T23:26:46.088973+00:00
1319,1765927606.109845,2025-12-16T23:26:46.109848+00:00
1320,1765927606.130731,2025-12-16T23:26:46.130733+00:00
1321,1765927606.1494431,2025-12-16T23:26:46.149446+00:00
1322,1765927606.168433,2025-12-16T23:26:46.168437+00:00
1323,1765927606.189321,2025-12-16T23:26:46.189323+00:00
1324,1765927606.2098272,2025-12-16T23:26:46.209828+00:00
1325,1765927606.230685,2025-12-16T23:26:46.230687+00:00
1326,1765927606.248456,2025-12-16T23:26:46.248460+00:00
1327,1765927606.269038,2025-12-16T23:26:46.269055+00:00
1328,1765927606.289593,2025-12-16T23:26:46.289595+00:00
1329,1765927606.3079731,2025-12-16T23:26:46.307976+00:00
1330,1765927606.3288698,2025-12-16T23:26:46.328877+00:00
1331,1765927606.349775,2025-12-16T23:26:46.349777+00:00
1332,1765927606.367789,2025-12-16T23:26:46.367793+00:00
1333,1765927606.38867,2025-12-16T23:26:46.388674+00:00
1334,1765927606.4073641,2025-12-16T23:26:46.407366+00:00
1335,1765927606.427537,2025-12-16T23:26:46.427541+00:00
1336,1765927606.4476821,2025-12-16T23:26:46.447685+00:00
1337,1765927606.468566,2025-12-16T23:26:46.468573+00:00
1338,1765927606.486194,2025-12-16T23:26:46.486196+00:00
1339,1765927606.505053,2025-12-16T23:26:46.505056+00:00
1340,1765927606.5259469,2025-12-16T23:26:46.525961+00:00
1341,1765927606.5448692,2025-12-16T23:26:46.544870+00:00
1342,1765927606.5632598,2025-12-16T23:26:46.563262+00:00
1343,1765927606.584138,2025-12-16T23:26:46.584139+00:00
1344,1765927606.605015,2025-12-16T23:26:46.605020+00:00
1345,1765927606.623557,2025-12-16T23:26:46.623558+00:00
1346,1765927606.6444259,2025-12-16T23:26:46.644427+00:00
1347,1765927606.665283,2025-12-16T23:26:46.665288+00:00
1348,1765927606.684194,2025-12-16T23:26:46.684198+00:00
1349,1765927606.705088,2025-12-16T23:26:46.705092+00:00
1350,1765927606.723434,2025-12-16T23:26:46.723435+00:00
1351,1765927606.743377,2025-12-16T23:26:46.743382+00:00
1352,1765927606.7642891,2025-12-16T23:26:46.764291+00:00
1353,1765927606.7851672,2025-12-16T23:26:46.785168+00:00
1354,1765927606.8037949,2025-12-16T23:26:46.803798+00:00
1355,1765927606.824667,2025-12-16T23:26:46.824668+00:00
1356,1765927606.843783,2025-12-16T23:26:46.843784+00:00
1357,1765927606.8621051,2025-12-16T23:26:46.862107+00:00
1358,1765927606.882169,2025-12-16T23:26:46.882174+00:00
1359,1765927606.902164,2025-12-16T23:26:46.902169+00:00
1360,1765927606.921953,2025-12-16T23:26:46.921955+00:00
1361,1765927606.9428391,2025-12-16T23:26:46.942844+00:00
1362,1765927606.9636,2025-12-16T23:26:46.963603+00:00
1363,1765927606.984461,2025-12-16T23:26:46.984462+00:00
1364,1765927607.002099,2025-12-16T23:26:47.002102+00:00
1365,1765927607.023005,2025-12-16T23:26:47.023008+00:00
1366,1765927607.0421271,2025-12-16T23:26:47.042133+00:00
1367,1765927607.059078,2025-12-16T23:26:47.059080+00:00
1368,1765927607.07915,2025-12-16T23:26:47.079163+00:00
1369,1765927607.100022,2025-12-16T23:26:47.100024+00:00
1370,1765927607.11906,2025-12-16T23:26:47.119062+00:00
1371,1765927607.135807,2025-12-16T23:26:47.135810+00:00
1372,1765927607.156169,2025-12-16T23:26:47.156174+00:00
1373,1765927607.1775439,2025-12-16T23:26:47.177548+00:00
1374,1765927607.1981702,2025-12-16T23:26:47.198171+00:00
1375,1765927607.219023,2025-12-16T23:26:47.219025+00:00
1376,1765927607.239893,2025-12-16T23:26:47.239896+00:00
1377,1765927607.2607691,2025-12-16T23:26:47.260769+00:00
1378,1765927607.281625,2025-12-16T23:26:47.281626+00:00
1379,1765927607.299325,2025-12-16T23:26:47.299328+00:00
1380,1765927607.3202822,2025-12-16T23:26:47.320284+00:00
1381,1765927607.341141,2025-12-16T23:26:47.341142+00:00
1382,1765927607.361995,2025-12-16T23:26:47.361996+00:00
1383,1765927607.379241,2025-12-16T23:26:47.379243+00:00
1384,1765927607.395966,2025-12-16T23:26:47.395970+00:00
1385,1765927607.4168808,2025-12-16T23:26:47.416884+00:00
1386,1765927607.435872,2025-12-16T23:26:47.435875+00:00
1387,1765927607.453436,2025-12-16T23:26:47.453440+00:00
1388,1765927607.474318,2025-12-16T23:26:47.474319+00:00
1389,1765927607.4940789,2025-12-16T23:26:47.494081+00:00
1390,1765927607.514963,2025-12-16T23:26:47.514970+00:00
1391,1765927607.535885,2025-12-16T23:26:47.535892+00:00
1392,1765927607.5528371,2025-12-16T23:26:47.552841+00:00
1393,1765927607.570106,2025-12-16T23:26:47.570110+00:00
1394,1765927607.590857,2025-12-16T23:26:47.590860+00:00
1395,1765927607.611742,2025-12-16T23:26:47.611743+00:00
1396,1765927607.630173,2025-12-16T23:26:47.630184+00:00
1397,1765927607.647703,2025-12-16T23:26:47.647704+00:00
1398,1765927607.666951,2025-12-16T23:26:47.666955+00:00
1399,1765927607.6861088,2025-12-16T23:26:47.686110+00:00
1400,1765927607.706987,2025-12-16T23:26:47.706992+00:00
1401,1765927607.724422,2025-12-16T23:26:47.724425+00:00
1402,1765927607.745295,2025-12-16T23:26:47.745296+00:00
1403,1765927607.766158,2025-12-16T23:26:47.766163+00:00
1404,1765927607.7836,2025-12-16T23:26:47.783601+00:00
1405,1765927607.802565,2025-12-16T23:26:47.802569+00:00
1406,1765927607.822224,2025-12-16T23:26:47.822226+00:00
1407,1765927607.841544,2025-12-16T23:26:47.841555+00:00
1408,1765927607.8599539,2025-12-16T23:26:47.859955+00:00
1409,1765927607.8774242,2025-12-16T23:26:47.877429+00:00
1410,1765927607.898319,2025-12-16T23:26:47.898320+00:00
1411,1765927607.9161332,2025-12-16T23:26:47.916139+00:00
1412,1765927607.9340942,2025-12-16T23:26:47.934096+00:00
1413,1765927607.952411,2025-12-16T23:26:47.952414+00:00
1414,1765927607.9713259,2025-12-16T23:26:47.971328+00:00
1415,1765927607.992192,2025-12-16T23:26:47.992193+00:00
1416,1765927608.010474,2025-12-16T23:26:48.010475+00:00
1417,1765927608.027699,2025-12-16T23:26:48.027704+00:00
1418,1765927608.048379,2025-12-16T23:26:48.048383+00:00
1419,1765927608.067672,2025-12-16T23:26:48.067677+00:00
1420,1765927608.087478,2025-12-16T23:26:48.087479+00:00
1421,1765927608.104948,2025-12-16T23:26:48.104953+00:00
1422,1765927608.1257238,2025-12-16T23:26:48.125727+00:00
1423,1765927608.144084,2025-12-16T23:26:48.144089+00:00
1424,1765927608.161852,2025-12-16T23:26:48.161855+00:00
1425,1765927608.1791859,2025-12-16T23:26:48.179189+00:00
1426,1765927608.196906,2025-12-16T23:26:48.196911+00:00
1427,1765927608.217823,2025-12-16T23:26:48.217824+00:00
1428,1765927608.2355452,2025-12-16T23:26:48.235548+00:00
1429,1765927608.2544918,2025-12-16T23:26:48.254493+00:00
1430,1765927608.274375,2025-12-16T23:26:48.274377+00:00
1431,1765927608.292159,2025-12-16T23:26:48.292160+00:00
1432,1765927608.313026,2025-12-16T23:26:48.313028+00:00
1433,1765927608.332635,2025-12-16T23:26:48.332639+00:00
1434,1765927608.3497229,2025-12-16T23:26:48.349727+00:00
1435,1765927608.370608,2025-12-16T23:26:48.370610+00:00
1436,1765927608.3908858,2025-12-16T23:26:48.390895+00:00
1437,1765927608.411757,2025-12-16T23:26:48.411759+00:00
1438,1765927608.432642,2025-12-16T23:26:48.432643+00:00
1439,1765927608.451971,2025-12-16T23:26:48.451976+00:00
1440,1765927608.469176,2025-12-16T23:26:48.469180+00:00
1441,1765927608.487157,2025-12-16T23:26:48.487158+00:00
1442,1765927608.505461,2025-12-16T23:26:48.505487+00:00
1443,1765927608.5256672,2025-12-16T23:26:48.525676+00:00
1444,1765927608.546567,2025-12-16T23:26:48.546569+00:00
1445,1765927608.5674272,2025-12-16T23:26:48.567428+00:00
1446,1765927608.586454,2025-12-16T23:26:48.586458+00:00
1447,1765927608.607326,2025-12-16T23:26:48.607328+00:00
1448,1765927608.628,2025-12-16T23:26:48.628006+00:00
1449,1765927608.6486988,2025-12-16T23:26:48.648701+00:00
1450,1765927608.669591,2025-12-16T23:26:48.669596+00:00
1451,1765927608.687648,2025-12-16T23:26:48.687651+00:00
1452,1765927608.707414,2025-12-16T23:26:48.707417+00:00
1453,1765927608.728279,2025-12-16T23:26:48.728283+00:00
1454,1765927608.745066,2025-12-16T23:26:48.745069+00:00
1455,1765927608.76594,2025-12-16T23:26:48.765942+00:00
1456,1765927608.7876039,2025-12-16T23:26:48.787606+00:00
1457,1765927608.80847,2025-12-16T23:26:48.808475+00:00
1458,1765927608.8262231,2025-12-16T23:26:48.826226+00:00
1459,1765927608.847116,2025-12-16T23:26:48.847123+00:00
1460,1765927608.8663769,2025-12-16T23:26:48.866381+00:00
1461,1765927608.887261,2025-12-16T23:26:48.887264+00:00
1462,1765927608.9043672,2025-12-16T23:26:48.904371+00:00
1463,1765927608.9234161,2025-12-16T23:26:48.923419+00:00
1464,1765927608.944022,2025-12-16T23:26:48.944027+00:00
1465,1765927608.96491,2025-12-16T23:26:48.964916+00:00
1466,1765927608.982156,2025-12-16T23:26:48.982160+00:00
1467,1765927609.002315,2025-12-16T23:26:49.002319+00:00
1468,1765927609.023262,2025-12-16T23:26:49.023268+00:00
1469,1765927609.040947,2025-12-16T23:26:49.040953+00:00
1470,1765927609.061066,2025-12-16T23:26:49.061070+00:00
1471,1765927609.0819468,2025-12-16T23:26:49.081949+00:00
1472,1765927609.102813,2025-12-16T23:26:49.102816+00:00
1473,1765927609.120825,2025-12-16T23:26:49.120828+00:00
1474,1765927609.140924,2025-12-16T23:26:49.140929+00:00
1475,1765927609.161846,2025-12-16T23:26:49.161851+00:00
1476,1765927609.1791282,2025-12-16T23:26:49.179135+00:00
1477,1765927609.19663,2025-12-16T23:26:49.196633+00:00
1478,1765927609.21753,2025-12-16T23:26:49.217535+00:00
1479,1765927609.2384279,2025-12-16T23:26:49.238429+00:00
1480,1765927609.259295,2025-12-16T23:26:49.259300+00:00
1481,1765927609.280271,2025-12-16T23:26:49.280276+00:00
1482,1765927609.3011909,2025-12-16T23:26:49.301196+00:00
1483,1765927609.318848,2025-12-16T23:26:49.318850+00:00
1484,1765927609.3397381,2025-12-16T23:26:49.339741+00:00
1485,1765927609.356858,2025-12-16T23:26:49.356862+00:00
1486,1765927609.3760982,2025-12-16T23:26:49.376100+00:00
1487,1765927609.3972118,2025-12-16T23:26:49.397217+00:00
1488,1765927609.417388,2025-12-16T23:26:49.417390+00:00
1489,1765927609.434637,2025-12-16T23:26:49.434639+00:00
1490,1765927609.451885,2025-12-16T23:26:49.451887+00:00
1491,1765927609.470041,2025-12-16T23:26:49.470046+00:00
1492,1765927609.4909382,2025-12-16T23:26:49.490943+00:00
1493,1765927609.508408,2025-12-16T23:26:49.508412+00:00
1494,1765927609.528648,2025-12-16T23:26:49.528652+00:00
1495,1765927609.549519,2025-12-16T23:26:49.549523+00:00
1496,1765927609.56989,2025-12-16T23:26:49.569896+00:00
1497,1765927609.586943,2025-12-16T23:26:49.586946+00:00
1498,1765927609.6073961,2025-12-16T23:26:49.607402+00:00
1499,1765927609.628139,2025-12-16T23:26:49.628146+00:00
1500,1765927609.645765,2025-12-16T23:26:49.645766+00:00
1501,1765927609.666615,2025-12-16T23:26:49.666616+00:00
1502,1765927609.687453,2025-12-16T23:26:49.687456+00:00
1503,1765927609.70432,2025-12-16T23:26:49.704322+00:00
1504,1765927609.7251892,2025-12-16T23:26:49.725191+00:00
1505,1765927609.744551,2025-12-16T23:26:49.744557+00:00
1506,1765927609.7654269,2025-12-16T23:26:49.765431+00:00
1507,1765927609.7860842,2025-12-16T23:26:49.786087+00:00
1508,1765927609.804599,2025-12-16T23:26:49.804601+00:00
1509,1765927609.82546,2025-12-16T23:26:49.825461+00:00
1510,1765927609.8449512,2025-12-16T23:26:49.844952+00:00
1511,1765927609.863611,2025-12-16T23:26:49.863612+00:00
1512,1765927609.884481,2025-12-16T23:26:49.884485+00:00
1513,1765927609.9050229,2025-12-16T23:26:49.905026+00:00
1514,1765927609.925899,2025-12-16T23:26:49.925901+00:00
1515,1765927609.9437099,2025-12-16T23:26:49.943711+00:00
1516,1765927609.9607759,2025-12-16T23:26:49.960802+00:00
1517,1765927609.981688,2025-12-16T23:26:49.981693+00:00
1518,1765927610.002613,2025-12-16T23:26:50.002616+00:00
1519,1765927610.020041,2025-12-16T23:26:50.020043+00:00
1520,1765927610.0393732,2025-12-16T23:26:50.039377+00:00
1521,1765927610.056503,2025-12-16T23:26:50.056503+00:00
1522,1765927610.0773592,2025-12-16T23:26:50.077361+00:00
1523,1765927610.0982249,2025-12-16T23:26:50.098226+00:00
1524,1765927610.115083,2025-12-16T23:26:50.115083+00:00
1525,1765927610.135836,2025-12-16T23:26:50.135836+00:00
1526,1765927610.154124,2025-12-16T23:26:50.154125+00:00
1527,1765927610.174251,2025-12-16T23:26:50.174253+00:00
1528,1765927610.194098,2025-12-16T23:26:50.194121+00:00
1529,1765927610.211164,2025-12-16T23:26:50.211168+00:00
1530,1765927610.228449,2025-12-16T23:26:50.228449+00:00
1531,1765927610.248502,2025-12-16T23:26:50.248503+00:00
1532,1765927610.2681248,2025-12-16T23:26:50.268127+00:00
1533,1765927610.285435,2025-12-16T23:26:50.285437+00:00
1534,1765927610.3057458,2025-12-16T23:26:50.305750+00:00
1535,1765927610.326647,2025-12-16T23:26:50.326650+00:00
1536,1765927610.347061,2025-12-16T23:26:50.347063+00:00
1537,1765927610.3679419,2025-12-16T23:26:50.367943+00:00
1538,1765927610.387056,2025-12-16T23:26:50.387058+00:00
1539,1765927610.403786,2025-12-16T23:26:50.403789+00:00
1540,1765927610.4212081,2025-12-16T23:26:50.421209+00:00
1541,1765927610.440831,2025-12-16T23:26:50.440833+00:00
1542,1765927610.459557,2025-12-16T23:26:50.459558+00:00
1543,1765927610.480428,2025-12-16T23:26:50.480433+00:00
1544,1765927610.498142,2025-12-16T23:26:50.498145+00:00
1545,1765927610.51552,2025-12-16T23:26:50.515523+00:00
1546,1765927610.5363998,2025-12-16T23:26:50.536406+00:00
1547,1765927610.557297,2025-12-16T23:26:50.557300+00:00
1548,1765927610.578176,2025-12-16T23:26:50.578180+00:00
1549,1765927610.595989,2025-12-16T23:26:50.595992+00:00
1550,1765927610.616858,2025-12-16T23:26:50.616861+00:00
1551,1765927610.637439,2025-12-16T23:26:50.637473+00:00
1552,1765927610.658346,2025-12-16T23:26:50.658348+00:00
1553,1765927610.679094,2025-12-16T23:26:50.679097+00:00
1554,1765927610.6999621,2025-12-16T23:26:50.699964+00:00
1555,1765927610.716817,2025-12-16T23:26:50.716820+00:00
1556,1765927610.737709,2025-12-16T23:26:50.737711+00:00
1557,1765927610.75859,2025-12-16T23:26:50.758594+00:00
1558,1765927610.777548,2025-12-16T23:26:50.777549+00:00
1559,1765927610.798402,2025-12-16T23:26:50.798404+00:00
1560,1765927610.817777,2025-12-16T23:26:50.817783+00:00
1561,1765927610.8352902,2025-12-16T23:26:50.835292+00:00
1562,1765927610.852672,2025-12-16T23:26:50.852675+00:00
1563,1765927610.873394,2025-12-16T23:26:50.873395+00:00
1564,1765927610.8942459,2025-12-16T23:26:50.894258+00:00
1565,1765927610.9111092,2025-12-16T23:26:50.911110+00:00
1566,1765927610.931974,2025-12-16T23:26:50.931979+00:00
1567,1765927610.9523041,2025-12-16T23:26:50.952306+00:00
1568,1765927610.9691079,2025-12-16T23:26:50.969110+00:00
1569,1765927610.989986,2025-12-16T23:26:50.989987+00:00
1570,1765927611.010854,2025-12-16T23:26:51.010855+00:00
1571,1765927611.031722,2025-12-16T23:26:51.031726+00:00
1572,1765927611.051382,2025-12-16T23:26:51.051388+00:00
1573,1765927611.070836,2025-12-16T23:26:51.070838+00:00
1574,1765927611.091715,2025-12-16T23:26:51.091720+00:00
1575,1765927611.11262,2025-12-16T23:26:51.112624+00:00
1576,1765927611.1324658,2025-12-16T23:26:51.132472+00:00
1577,1765927611.1515331,2025-12-16T23:26:51.151533+00:00
1578,1765927611.171264,2025-12-16T23:26:51.171265+00:00
1579,1765927611.188928,2025-12-16T23:26:51.188932+00:00
1580,1765927611.208173,2025-12-16T23:26:51.208188+00:00
1581,1765927611.226411,2025-12-16T23:26:51.226413+00:00
1582,1765927611.2440379,2025-12-16T23:26:51.244040+00:00
1583,1765927611.261211,2025-12-16T23:26:51.261215+00:00
1584,1765927611.2821271,2025-12-16T23:26:51.282131+00:00
1585,1765927611.299884,2025-12-16T23:26:51.299887+00:00
1586,1765927611.320748,2025-12-16T23:26:51.320749+00:00
1587,1765927611.340578,2025-12-16T23:26:51.340583+00:00
1588,1765927611.357666,2025-12-16T23:26:51.357669+00:00
1589,1765927611.378109,2025-12-16T23:26:51.378130+00:00
1590,1765927611.398987,2025-12-16T23:26:51.398990+00:00
1591,1765927611.416532,2025-12-16T23:26:51.416542+00:00
1592,1765927611.437452,2025-12-16T23:26:51.437456+00:00
1593,1765927611.454765,2025-12-16T23:26:51.454769+00:00
1594,1765927611.474896,2025-12-16T23:26:51.474902+00:00
1595,1765927611.4936461,2025-12-16T23:26:51.493648+00:00
1596,1765927611.513023,2025-12-16T23:26:51.513029+00:00
1597,1765927611.5339038,2025-12-16T23:26:51.533907+00:00
1598,1765927611.5547788,2025-12-16T23:26:51.554782+00:00
1599,1765927611.575649,2025-12-16T23:26:51.575653+00:00
1600,1765927611.596598,2025-12-16T23:26:51.596601+00:00
1601,1765927611.617476,2025-12-16T23:26:51.617480+00:00
1602,1765927611.637414,2025-12-16T23:26:51.637415+00:00
1603,1765927611.655329,2025-12-16T23:26:51.655335+00:00
1604,1765927611.673186,2025-12-16T23:26:51.673189+00:00
1605,1765927611.693114,2025-12-16T23:26:51.693116+00:00
1606,1765927611.711326,2025-12-16T23:26:51.711331+00:00
1607,1765927611.732217,2025-12-16T23:26:51.732218+00:00
1608,1765927611.753061,2025-12-16T23:26:51.753061+00:00
1609,1765927611.772555,2025-12-16T23:26:51.772557+00:00
1610,1765927611.792918,2025-12-16T23:26:51.792921+00:00
1611,1765927611.813815,2025-12-16T23:26:51.813821+00:00
1612,1765927611.832721,2025-12-16T23:26:51.832730+00:00
1613,1765927611.8527098,2025-12-16T23:26:51.852715+00:00
1614,1765927611.873527,2025-12-16T23:26:51.873532+00:00
1615,1765927611.894428,2025-12-16T23:26:51.894429+00:00
1616,1765927611.9121192,2025-12-16T23:26:51.912124+00:00
1617,1765927611.93308,2025-12-16T23:26:51.933085+00:00
1618,1765927611.949915,2025-12-16T23:26:51.949920+00:00
1619,1765927611.966711,2025-12-16T23:26:51.966715+00:00
1620,1765927611.9866161,2025-12-16T23:26:51.986619+00:00
1621,1765927612.004916,2025-12-16T23:26:52.004918+00:00
1622,1765927612.02579,2025-12-16T23:26:52.025791+00:00
1623,1765927612.044659,2025-12-16T23:26:52.044662+00:00
1624,1765927612.062761,2025-12-16T23:26:52.062765+00:00
1625,1765927612.082067,2025-12-16T23:26:52.082071+00:00
1626,1765927612.100161,2025-12-16T23:26:52.100162+00:00
1627,1765927612.120738,2025-12-16T23:26:52.120739+00:00
1628,1765927612.141508,2025-12-16T23:26:52.141512+00:00
1629,1765927612.162411,2025-12-16T23:26:52.162416+00:00
1630,1765927612.17981,2025-12-16T23:26:52.179814+00:00
1631,1765927612.200692,2025-12-16T23:26:52.200694+00:00
1632,1765927612.221566,2025-12-16T23:26:52.221570+00:00
1633,1765927612.2424588,2025-12-16T23:26:52.242464+00:00
1634,1765927612.26278,2025-12-16T23:26:52.262784+00:00
1635,1765927612.282547,2025-12-16T23:26:52.282558+00:00
1636,1765927612.302337,2025-12-16T23:26:52.302342+00:00
1637,1765927612.322319,2025-12-16T23:26:52.322322+00:00
1638,1765927612.343193,2025-12-16T23:26:52.343194+00:00
1639,1765927612.3601768,2025-12-16T23:26:52.360177+00:00
1640,1765927612.381032,2025-12-16T23:26:52.381033+00:00
1641,1765927612.4017642,2025-12-16T23:26:52.401780+00:00
1642,1765927612.418895,2025-12-16T23:26:52.418902+00:00
1643,1765927612.439795,2025-12-16T23:26:52.439798+00:00
1644,1765927612.460448,2025-12-16T23:26:52.460452+00:00
1645,1765927612.478459,2025-12-16T23:26:52.478466+00:00
1646,1765927612.4993641,2025-12-16T23:26:52.499376+00:00
1647,1765927612.520263,2025-12-16T23:26:52.520265+00:00
1648,1765927612.537788,2025-12-16T23:26:52.537792+00:00
1649,1765927612.55868,2025-12-16T23:26:52.558692+00:00
1650,1765927612.577461,2025-12-16T23:26:52.577465+00:00
1651,1765927612.598361,2025-12-16T23:26:52.598364+00:00
1652,1765927612.616749,2025-12-16T23:26:52.616750+00:00
1653,1765927612.635658,2025-12-16T23:26:52.635660+00:00
1654,1765927612.6526852,2025-12-16T23:26:52.652687+00:00
1655,1765927612.6699572,2025-12-16T23:26:52.669958+00:00
1656,1765927612.687416,2025-12-16T23:26:52.687417+00:00
1657,1765927612.708286,2025-12-16T23:26:52.708292+00:00
1658,1765927612.729208,2025-12-16T23:26:52.729212+00:00
1659,1765927612.750071,2025-12-16T23:26:52.750072+00:00
1660,1765927612.7701309,2025-12-16T23:26:52.770133+00:00
1661,1765927612.786981,2025-12-16T23:26:52.786982+00:00
1662,1765927612.8061068,2025-12-16T23:26:52.806108+00:00
1663,1765927612.8269582,2025-12-16T23:26:52.826959+00:00
1664,1765927612.8446112,2025-12-16T23:26:52.844612+00:00
1665,1765927612.86164,2025-12-16T23:26:52.861641+00:00
1666,1765927612.8824918,2025-12-16T23:26:52.882496+00:00
1667,1765927612.903392,2025-12-16T23:26:52.903396+00:00
1668,1765927612.923455,2025-12-16T23:26:52.923457+00:00
1669,1765927612.944315,2025-12-16T23:26:52.944317+00:00
1670,1765927612.9651709,2025-12-16T23:26:52.965172+00:00
1671,1765927612.982337,2025-12-16T23:26:52.982339+00:00
1672,1765927613.002445,2025-12-16T23:26:53.002446+00:00
1673,1765927613.019256,2025-12-16T23:26:53.019257+00:00
1674,1765927613.0388741,2025-12-16T23:26:53.038879+00:00
1675,1765927613.0592902,2025-12-16T23:26:53.059296+00:00
1676,1765927613.078125,2025-12-16T23:26:53.078133+00:00
1677,1765927613.096663,2025-12-16T23:26:53.096667+00:00
1678,1765927613.117571,2025-12-16T23:26:53.117574+00:00
1679,1765927613.138072,2025-12-16T23:26:53.138072+00:00
1680,1765927613.15739,2025-12-16T23:26:53.157393+00:00
1681,1765927613.177692,2025-12-16T23:26:53.177693+00:00
1682,1765927613.1952488,2025-12-16T23:26:53.195254+00:00
1683,1765927613.214901,2025-12-16T23:26:53.214905+00:00
1684,1765927613.234591,2025-12-16T23:26:53.234594+00:00
1685,1765927613.252144,2025-12-16T23:26:53.252144+00:00
1686,1765927613.271439,2025-12-16T23:26:53.271440+00:00
1687,1765927613.288675,2025-12-16T23:26:53.288679+00:00
1688,1765927613.309582,2025-12-16T23:26:53.309589+00:00
1689,1765927613.3273401,2025-12-16T23:26:53.327341+00:00
1690,1765927613.348206,2025-12-16T23:26:53.348211+00:00
1691,1765927613.366026,2025-12-16T23:26:53.366027+00:00
1692,1765927613.385546,2025-12-16T23:26:53.385551+00:00
1693,1765927613.406442,2025-12-16T23:26:53.406444+00:00
1694,1765927613.427306,2025-12-16T23:26:53.427308+00:00
1695,1765927613.447542,2025-12-16T23:26:53.447544+00:00
1696,1765927613.465357,2025-12-16T23:26:53.465370+00:00
1697,1765927613.486114,2025-12-16T23:26:53.486120+00:00
1698,1765927613.507004,2025-12-16T23:26:53.507007+00:00
1699,1765927613.52787,2025-12-16T23:26:53.527871+00:00
1700,1765927613.5487301,2025-12-16T23:26:53.548734+00:00
1701,1765927613.566954,2025-12-16T23:26:53.566960+00:00
1702,1765927613.58784,2025-12-16T23:26:53.587842+00:00
1703,1765927613.608719,2025-12-16T23:26:53.608722+00:00
1704,1765927613.629614,2025-12-16T23:26:53.629618+00:00
1705,1765927613.6465878,2025-12-16T23:26:53.646592+00:00
1706,1765927613.6648,2025-12-16T23:26:53.664804+00:00
1707,1765927613.684264,2025-12-16T23:26:53.684267+00:00
1708,1765927613.704052,2025-12-16T23:26:53.704055+00:00
1709,1765927613.72494,2025-12-16T23:26:53.724943+00:00
1710,1765927613.745847,2025-12-16T23:26:53.745849+00:00
1711,1765927613.766707,2025-12-16T23:26:53.766708+00:00
1712,1765927613.787071,2025-12-16T23:26:53.787076+00:00
1713,1765927613.805194,2025-12-16T23:26:53.805196+00:00
1714,1765927613.8260689,2025-12-16T23:26:53.826075+00:00
1715,1765927613.842962,2025-12-16T23:26:53.842963+00:00
1716,1765927613.8638139,2025-12-16T23:26:53.863815+00:00
1717,1765927613.883307,2025-12-16T23:26:53.883310+00:00
1718,1765927613.900775,2025-12-16T23:26:53.900779+00:00
1719,1765927613.919691,2025-12-16T23:26:53.919694+00:00
1720,1765927613.9379,2025-12-16T23:26:53.937900+00:00
1721,1765927613.9548821,2025-12-16T23:26:53.954882+00:00
1722,1765927613.97574,2025-12-16T23:26:53.975744+00:00
1723,1765927613.99616,2025-12-16T23:26:53.996164+00:00
1724,1765927614.017023,2025-12-16T23:26:54.017024+00:00
1725,1765927614.036938,2025-12-16T23:26:54.036939+00:00
1726,1765927614.0578089,2025-12-16T23:26:54.057818+00:00
1727,1765927614.076691,2025-12-16T23:26:54.076697+00:00
1728,1765927614.095731,2025-12-16T23:26:54.095735+00:00
1729,1765927614.1156778,2025-12-16T23:26:54.115681+00:00
1730,1765927614.136535,2025-12-16T23:26:54.136538+00:00
1731,1765927614.154049,2025-12-16T23:26:54.154053+00:00
1732,1765927614.171312,2025-12-16T23:26:54.171314+00:00
1733,1765927614.188428,2025-12-16T23:26:54.188430+00:00
1734,1765927614.209302,2025-12-16T23:26:54.209303+00:00
1735,1765927614.230162,2025-12-16T23:26:54.230166+00:00
1736,1765927614.2510662,2025-12-16T23:26:54.251070+00:00
1737,1765927614.269674,2025-12-16T23:26:54.269676+00:00
1738,1765927614.290553,2025-12-16T23:26:54.290554+00:00
1739,1765927614.3113978,2025-12-16T23:26:54.311399+00:00
1740,1765927614.330834,2025-12-16T23:26:54.330838+00:00
1741,1765927614.351718,2025-12-16T23:26:54.351720+00:00
1742,1765927614.37259,2025-12-16T23:26:54.372593+00:00
1743,1765927614.392277,2025-12-16T23:26:54.392278+00:00
1744,1765927614.412678,2025-12-16T23:26:54.412681+00:00
1745,1765927614.433573,2025-12-16T23:26:54.433574+00:00
1746,1765927614.4522681,2025-12-16T23:26:54.452274+00:00
1747,1765927614.473164,2025-12-16T23:26:54.473168+00:00
1748,1765927614.4915571,2025-12-16T23:26:54.491560+00:00
1749,1765927614.509993,2025-12-16T23:26:54.509998+00:00
1750,1765927614.5275369,2025-12-16T23:26:54.527541+00:00
1751,1765927614.5484319,2025-12-16T23:26:54.548435+00:00
1752,1765927614.569097,2025-12-16T23:26:54.569104+00:00
1753,1765927614.5900002,2025-12-16T23:26:54.590003+00:00
1754,1765927614.6108701,2025-12-16T23:26:54.610873+00:00
1755,1765927614.631745,2025-12-16T23:26:54.631750+00:00
1756,1765927614.652643,2025-12-16T23:26:54.652645+00:00
1757,1765927614.6723242,2025-12-16T23:26:54.672327+00:00
1758,1765927614.692112,2025-12-16T23:26:54.692114+00:00
1759,1765927614.71238,2025-12-16T23:26:54.712382+00:00
1760,1765927614.733243,2025-12-16T23:26:54.733248+00:00
1761,1765927614.7515929,2025-12-16T23:26:54.751597+00:00
1762,1765927614.769728,2025-12-16T23:26:54.769735+00:00
1763,1765927614.7871401,2025-12-16T23:26:54.787143+00:00
1764,1765927614.8062122,2025-12-16T23:26:54.806216+00:00
1765,1765927614.827091,2025-12-16T23:26:54.827095+00:00
1766,1765927614.844586,2025-12-16T23:26:54.844588+00:00
1767,1765927614.861421,2025-12-16T23:26:54.861424+00:00
1768,1765927614.882317,2025-12-16T23:26:54.882320+00:00
1769,1765927614.9031591,2025-12-16T23:26:54.903161+00:00
1770,1765927614.920365,2025-12-16T23:26:54.920366+00:00
1771,1765927614.940567,2025-12-16T23:26:54.940568+00:00
1772,1765927614.961419,2025-12-16T23:26:54.961420+00:00
1773,1765927614.98228,2025-12-16T23:26:54.982282+00:00
1774,1765927615.000737,2025-12-16T23:26:55.000738+00:00
1775,1765927615.0192928,2025-12-16T23:26:55.019302+00:00
1776,1765927615.037347,2025-12-16T23:26:55.037351+00:00
1777,1765927615.0541031,2025-12-16T23:26:55.054107+00:00
1778,1765927615.0750332,2025-12-16T23:26:55.075037+00:00
1779,1765927615.093645,2025-12-16T23:26:55.093650+00:00
1780,1765927615.111279,2025-12-16T23:26:55.111284+00:00
1781,1765927615.129028,2025-12-16T23:26:55.129030+00:00
1782,1765927615.1499012,2025-12-16T23:26:55.149906+00:00
1783,1765927615.170799,2025-12-16T23:26:55.170800+00:00
1784,1765927615.189163,2025-12-16T23:26:55.189164+00:00
1785,1765927615.210017,2025-12-16T23:26:55.210020+00:00
1786,1765927615.227813,2025-12-16T23:26:55.227816+00:00
1787,1765927615.248678,2025-12-16T23:26:55.248679+00:00
1788,1765927615.26932,2025-12-16T23:26:55.269320+00:00
1789,1765927615.287719,2025-12-16T23:26:55.287720+00:00
1790,1765927615.308079,2025-12-16T23:26:55.308081+00:00
1791,1765927615.325793,2025-12-16T23:26:55.325794+00:00
1792,1765927615.3465421,2025-12-16T23:26:55.346543+00:00
1793,1765927615.3673978,2025-12-16T23:26:55.367398+00:00
1794,1765927615.385775,2025-12-16T23:26:55.385777+00:00
1795,1765927615.405559,2025-12-16T23:26:55.405561+00:00
1796,1765927615.426441,2025-12-16T23:26:55.426446+00:00
1797,1765927615.446949,2025-12-16T23:26:55.446954+00:00
1798,1765927615.4647648,2025-12-16T23:26:55.464770+00:00
1799,1765927615.4856,2025-12-16T23:26:55.485604+00:00
1800,1765927615.5027058,2025-12-16T23:26:55.502709+00:00
1801,1765927615.521755,2025-12-16T23:26:55.521760+00:00
1802,1765927615.5423648,2025-12-16T23:26:55.542369+00:00
1803,1765927615.6278038,2025-12-16T23:26:55.627808+00:00
1804,1765927615.645314,2025-12-16T23:26:55.645334+00:00
1805,1765927615.667397,2025-12-16T23:26:55.667402+00:00
1806,1765927615.688308,2025-12-16T23:26:55.688312+00:00
1807,1765927615.705618,2025-12-16T23:26:55.705625+00:00
1808,1765927615.7263842,2025-12-16T23:26:55.726386+00:00
1809,1765927615.7461069,2025-12-16T23:26:55.746111+00:00
1810,1765927615.76684,2025-12-16T23:26:55.766844+00:00
1811,1765927615.784338,2025-12-16T23:26:55.784341+00:00
1812,1765927615.805206,2025-12-16T23:26:55.805209+00:00
1813,1765927615.826098,2025-12-16T23:26:55.826102+00:00
1814,1765927615.846984,2025-12-16T23:26:55.846988+00:00
1815,1765927615.867852,2025-12-16T23:26:55.867853+00:00
1816,1765927615.8887181,2025-12-16T23:26:55.888723+00:00
1817,1765927615.90698,2025-12-16T23:26:55.906983+00:00
1818,1765927615.926552,2025-12-16T23:26:55.926556+00:00
1819,1765927615.944287,2025-12-16T23:26:55.944288+00:00
1820,1765927615.965153,2025-12-16T23:26:55.965155+00:00
1821,1765927615.9860458,2025-12-16T23:26:55.986069+00:00
1822,1765927616.006944,2025-12-16T23:26:56.006949+00:00
1823,1765927616.0257201,2025-12-16T23:26:56.025737+00:00
1824,1765927616.044178,2025-12-16T23:26:56.044187+00:00
1825,1765927616.06095,2025-12-16T23:26:56.060955+00:00
1826,1765927616.081873,2025-12-16T23:26:56.081878+00:00
1827,1765927616.0989,2025-12-16T23:26:56.098902+00:00
1828,1765927616.119762,2025-12-16T23:26:56.119763+00:00
1829,1765927616.140618,2025-12-16T23:26:56.140619+00:00
1830,1765927616.1574452,2025-12-16T23:26:56.157447+00:00
1831,1765927616.177942,2025-12-16T23:26:56.177945+00:00
1832,1765927616.1949272,2025-12-16T23:26:56.194929+00:00
1833,1765927616.211827,2025-12-16T23:26:56.211829+00:00
1834,1765927616.2286642,2025-12-16T23:26:56.228668+00:00
1835,1765927616.247478,2025-12-16T23:26:56.247483+00:00
1836,1765927616.268411,2025-12-16T23:26:56.268416+00:00
1837,1765927616.2871602,2025-12-16T23:26:56.287163+00:00
1838,1765927616.306977,2025-12-16T23:26:56.306981+00:00
1839,1765927616.327557,2025-12-16T23:26:56.327561+00:00
1840,1765927616.3479218,2025-12-16T23:26:56.347927+00:00
1841,1765927616.3687701,2025-12-16T23:26:56.368772+00:00
1842,1765927616.385841,2025-12-16T23:26:56.385845+00:00
1843,1765927616.406486,2025-12-16T23:26:56.406491+00:00
1844,1765927616.425983,2025-12-16T23:26:56.425988+00:00
1845,1765927616.444031,2025-12-16T23:26:56.444036+00:00
1846,1765927616.464942,2025-12-16T23:26:56.464947+00:00
1847,1765927616.485756,2025-12-16T23:26:56.485760+00:00
1848,1765927616.5045068,2025-12-16T23:26:56.504513+00:00
1849,1765927616.524043,2025-12-16T23:26:56.524049+00:00
1850,1765927616.544926,2025-12-16T23:26:56.544929+00:00
1851,1765927616.56455,2025-12-16T23:26:56.564554+00:00
1852,1765927616.585421,2025-12-16T23:26:56.585425+00:00
1853,1765927616.606291,2025-12-16T23:26:56.606293+00:00
1854,1765927616.627151,2025-12-16T23:26:56.627154+00:00
1855,1765927616.646048,2025-12-16T23:26:56.646048+00:00
1856,1765927616.666914,2025-12-16T23:26:56.666916+00:00
1857,1765927616.687785,2025-12-16T23:26:56.687785+00:00
1858,1765927616.708632,2025-12-16T23:26:56.708633+00:00
1859,1765927616.729492,2025-12-16T23:26:56.729494+00:00
1860,1765927616.75037,2025-12-16T23:26:56.750371+00:00
1861,1765927616.7689679,2025-12-16T23:26:56.768971+00:00
1862,1765927616.789851,2025-12-16T23:26:56.789854+00:00
1863,1765927616.810724,2025-12-16T23:26:56.810725+00:00
1864,1765927616.8315752,2025-12-16T23:26:56.831578+00:00
1865,1765927616.852266,2025-12-16T23:26:56.852267+00:00
1866,1765927616.873138,2025-12-16T23:26:56.873142+00:00
1867,1765927616.892813,2025-12-16T23:26:56.892816+00:00
1868,1765927616.91069,2025-12-16T23:26:56.910693+00:00
1869,1765927616.927755,2025-12-16T23:26:56.927759+00:00
1870,1765927616.944999,2025-12-16T23:26:56.945002+00:00
1871,1765927616.962776,2025-12-16T23:26:56.962778+00:00
1872,1765927616.9836411,2025-12-16T23:26:56.983641+00:00
1873,1765927617.004444,2025-12-16T23:26:57.004448+00:00
1874,1765927617.022176,2025-12-16T23:26:57.022183+00:00
1875,1765927617.04147,2025-12-16T23:26:57.041474+00:00
1876,1765927617.059716,2025-12-16T23:26:57.059722+00:00
1877,1765927617.079011,2025-12-16T23:26:57.079019+00:00
1878,1765927617.0999382,2025-12-16T23:26:57.099943+00:00
1879,1765927617.119589,2025-12-16T23:26:57.119592+00:00
1880,1765927617.137324,2025-12-16T23:26:57.137325+00:00
1881,1765927617.154024,2025-12-16T23:26:57.154025+00:00
1882,1765927617.171574,2025-12-16T23:26:57.171575+00:00
1883,1765927617.191776,2025-12-16T23:26:57.191777+00:00
1884,1765927617.211091,2025-12-16T23:26:57.211096+00:00
1885,1765927617.2319849,2025-12-16T23:26:57.231989+00:00
1886,1765927617.252772,2025-12-16T23:26:57.252773+00:00
1887,1765927617.27363,2025-12-16T23:26:57.273631+00:00
1888,1765927617.2914538,2025-12-16T23:26:57.291457+00:00
1889,1765927617.3123488,2025-12-16T23:26:57.312350+00:00
1890,1765927617.33322,2025-12-16T23:26:57.333221+00:00
1891,1765927617.35409,2025-12-16T23:26:57.354090+00:00
1892,1765927617.371849,2025-12-16T23:26:57.371851+00:00
1893,1765927617.392719,2025-12-16T23:26:57.392720+00:00
1894,1765927617.4102662,2025-12-16T23:26:57.410270+00:00
1895,1765927617.4289658,2025-12-16T23:26:57.428968+00:00
1896,1765927617.4471931,2025-12-16T23:26:57.447201+00:00
1897,1765927617.465606,2025-12-16T23:26:57.465662+00:00
1898,1765927617.483594,2025-12-16T23:26:57.484787+00:00
1899,1765927617.516428,2025-12-16T23:26:57.516435+00:00
1900,1765927617.536298,2025-12-16T23:26:57.536314+00:00
1901,1765927617.561475,2025-12-16T23:26:57.561482+00:00
1902,1765927617.592866,2025-12-16T23:26:57.593129+00:00
1903,1765927617.615647,2025-12-16T23:26:57.615666+00:00
1904,1765927617.636131,2025-12-16T23:26:57.636142+00:00
1905,1765927617.655947,2025-12-16T23:26:57.655953+00:00
1906,1765927617.691542,2025-12-16T23:26:57.691547+00:00
1907,1765927617.7134562,2025-12-16T23:26:57.713461+00:00
1908,1765927617.7317162,2025-12-16T23:26:57.731722+00:00
1909,1765927617.7523808,2025-12-16T23:26:57.752387+00:00
1910,1765927617.772491,2025-12-16T23:26:57.772495+00:00
1911,1765927617.793163,2025-12-16T23:26:57.793167+00:00
1912,1765927617.811732,2025-12-16T23:26:57.811737+00:00
1913,1765927617.8296099,2025-12-16T23:26:57.829615+00:00
1914,1765927617.849577,2025-12-16T23:26:57.849580+00:00
1915,1765927617.868308,2025-12-16T23:26:57.868312+00:00
1916,1765927617.886542,2025-12-16T23:26:57.886550+00:00
1917,1765927617.907491,2025-12-16T23:26:57.907498+00:00
1918,1765927617.9277499,2025-12-16T23:26:57.927758+00:00
1919,1765927617.94864,2025-12-16T23:26:57.948640+00:00
1920,1765927617.969503,2025-12-16T23:26:57.969518+00:00
1921,1765927617.990452,2025-12-16T23:26:57.990464+00:00
1922,1765927618.0113752,2025-12-16T23:26:58.011377+00:00
1923,1765927618.0317,2025-12-16T23:26:58.031702+00:00
1924,1765927618.050451,2025-12-16T23:26:58.050456+00:00
1925,1765927618.070797,2025-12-16T23:26:58.070811+00:00
1926,1765927618.088852,2025-12-16T23:26:58.088857+00:00
1927,1765927618.109764,2025-12-16T23:26:58.109769+00:00
1928,1765927618.128026,2025-12-16T23:26:58.128032+00:00
1929,1765927618.1490078,2025-12-16T23:26:58.149013+00:00
1930,1765927618.169918,2025-12-16T23:26:58.169922+00:00
1931,1765927618.188992,2025-12-16T23:26:58.188998+00:00
1932,1765927618.2096362,2025-12-16T23:26:58.209641+00:00
1933,1765927618.226857,2025-12-16T23:26:58.226864+00:00
1934,1765927618.2458508,2025-12-16T23:26:58.245856+00:00
1935,1765927618.2656739,2025-12-16T23:26:58.265679+00:00
1936,1765927618.2864509,2025-12-16T23:26:58.286459+00:00
1937,1765927618.303261,2025-12-16T23:26:58.303263+00:00
1938,1765927618.3201458,2025-12-16T23:26:58.320152+00:00
1939,1765927618.34025,2025-12-16T23:26:58.340251+00:00
1940,1765927618.36113,2025-12-16T23:26:58.361136+00:00
1941,1765927618.3783581,2025-12-16T23:26:58.378372+00:00
1942,1765927618.398925,2025-12-16T23:26:58.398933+00:00
1943,1765927618.416821,2025-12-16T23:26:58.416825+00:00
1944,1765927618.4344041,2025-12-16T23:26:58.434407+00:00
1945,1765927618.452003,2025-12-16T23:26:58.452027+00:00
1946,1765927618.471901,2025-12-16T23:26:58.471907+00:00
1947,1765927618.491435,2025-12-16T23:26:58.491439+00:00
1948,1765927618.512327,2025-12-16T23:26:58.512336+00:00
1949,1765927618.5332422,2025-12-16T23:26:58.533246+00:00
1950,1765927618.551449,2025-12-16T23:26:58.551450+00:00
1951,1765927618.572314,2025-12-16T23:26:58.572319+00:00
1952,1765927618.5915031,2025-12-16T23:26:58.591508+00:00
1953,1765927618.6100302,2025-12-16T23:26:58.610033+00:00
1954,1765927618.62898,2025-12-16T23:26:58.628985+00:00
1955,1765927618.647854,2025-12-16T23:26:58.647855+00:00
1956,1765927618.668052,2025-12-16T23:26:58.668055+00:00
1957,1765927618.6850822,2025-12-16T23:26:58.685170+00:00
1958,1765927618.706048,2025-12-16T23:26:58.706050+00:00
1959,1765927618.724848,2025-12-16T23:26:58.724853+00:00
1960,1765927618.744619,2025-12-16T23:26:58.744623+00:00
1961,1765927618.7654982,2025-12-16T23:26:58.765501+00:00
1962,1765927618.7863839,2025-12-16T23:26:58.786385+00:00
1963,1765927618.804072,2025-12-16T23:26:58.804074+00:00
1964,1765927618.8235142,2025-12-16T23:26:58.823517+00:00
1965,1765927618.844396,2025-12-16T23:26:58.844398+00:00
1966,1765927618.8611531,2025-12-16T23:26:58.861153+00:00
1967,1765927618.878149,2025-12-16T23:26:58.878150+00:00
1968,1765927618.899054,2025-12-16T23:26:58.899055+00:00
1969,1765927618.9186199,2025-12-16T23:26:58.918623+00:00
1970,1765927618.9394891,2025-12-16T23:26:58.939492+00:00
1971,1765927618.9586098,2025-12-16T23:26:58.958613+00:00
1972,1765927618.978583,2025-12-16T23:26:58.978584+00:00
1973,1765927618.999439,2025-12-16T23:26:58.999440+00:00
1974,1765927619.020267,2025-12-16T23:26:59.020276+00:00
1975,1765927619.041137,2025-12-16T23:26:59.041142+00:00
1976,1765927619.062031,2025-12-16T23:26:59.062034+00:00
1977,1765927619.080433,2025-12-16T23:26:59.080436+00:00
1978,1765927619.101336,2025-12-16T23:26:59.101342+00:00
1979,1765927619.1201909,2025-12-16T23:26:59.120193+00:00
1980,1765927619.141098,2025-12-16T23:26:59.141100+00:00
1981,1765927619.161962,2025-12-16T23:26:59.161964+00:00
1982,1765927619.1789598,2025-12-16T23:26:59.178962+00:00
1983,1765927619.1998122,2025-12-16T23:26:59.199813+00:00
1984,1765927619.220333,2025-12-16T23:26:59.220335+00:00
1985,1765927619.24119,2025-12-16T23:26:59.241193+00:00
1986,1765927619.262072,2025-12-16T23:26:59.262075+00:00
1987,1765927619.282948,2025-12-16T23:26:59.282949+00:00
1988,1765927619.3025181,2025-12-16T23:26:59.302521+00:00
1989,1765927619.321352,2025-12-16T23:26:59.321355+00:00
1990,1765927619.342231,2025-12-16T23:26:59.342232+00:00
1991,1765927619.362348,2025-12-16T23:26:59.362349+00:00
1992,1765927619.3832052,2025-12-16T23:26:59.383207+00:00
1993,1765927619.40306,2025-12-16T23:26:59.403065+00:00
1994,1765927619.423949,2025-12-16T23:26:59.423951+00:00
1995,1765927619.4448361,2025-12-16T23:26:59.444841+00:00
1996,1765927619.463439,2025-12-16T23:26:59.463444+00:00
1997,1765927619.484202,2025-12-16T23:26:59.484207+00:00
1998,1765927619.505118,2025-12-16T23:26:59.505123+00:00
1999,1765927619.52318,2025-12-16T23:26:59.523193+00:00
2000,1765927619.543246,2025-12-16T23:26:59.543248+00:00
2001,1765927619.5615911,2025-12-16T23:26:59.561596+00:00
2002,1765927619.581196,2025-12-16T23:26:59.581201+00:00
2003,1765927619.604191,2025-12-16T23:26:59.604195+00:00
2004,1765927619.640397,2025-12-16T23:26:59.640403+00:00
2005,1765927619.663043,2025-12-16T23:26:59.663048+00:00
2006,1765927619.682166,2025-12-16T23:26:59.682172+00:00
2007,1765927619.709316,2025-12-16T23:26:59.709320+00:00
2008,1765927619.727961,2025-12-16T23:26:59.727965+00:00
2009,1765927619.745635,2025-12-16T23:26:59.745638+00:00
2010,1765927619.766548,2025-12-16T23:26:59.766550+00:00
2011,1765927619.7874172,2025-12-16T23:26:59.787420+00:00
2012,1765927619.808297,2025-12-16T23:26:59.808300+00:00
2013,1765927619.828017,2025-12-16T23:26:59.828018+00:00
2014,1765927619.846378,2025-12-16T23:26:59.846382+00:00
2015,1765927619.8641798,2025-12-16T23:26:59.864182+00:00
2016,1765927619.885042,2025-12-16T23:26:59.885046+00:00
2017,1765927619.9051251,2025-12-16T23:26:59.905127+00:00
2018,1765927619.9246578,2025-12-16T23:26:59.924663+00:00
2019,1765927619.945405,2025-12-16T23:26:59.945409+00:00
2020,1765927619.965276,2025-12-16T23:26:59.965282+00:00
2021,1765927619.986185,2025-12-16T23:26:59.986186+00:00
2022,1765927620.002985,2025-12-16T23:27:00.002986+00:00
2023,1765927620.0238552,2025-12-16T23:27:00.023859+00:00
2024,1765927620.044777,2025-12-16T23:27:00.044783+00:00
2025,1765927620.0630982,2025-12-16T23:27:00.063118+00:00
2026,1765927620.081704,2025-12-16T23:27:00.081709+00:00
2027,1765927620.102606,2025-12-16T23:27:00.102611+00:00
2028,1765927620.120619,2025-12-16T23:27:00.120623+00:00
2029,1765927620.1415,2025-12-16T23:27:00.141503+00:00
2030,1765927620.1620102,2025-12-16T23:27:00.162011+00:00
2031,1765927620.1818829,2025-12-16T23:27:00.181884+00:00
2032,1765927620.202837,2025-12-16T23:27:00.202841+00:00
2033,1765927620.22125,2025-12-16T23:27:00.221253+00:00
2034,1765927620.2383301,2025-12-16T23:27:00.238334+00:00
2035,1765927620.256778,2025-12-16T23:27:00.256780+00:00
2036,1765927620.277659,2025-12-16T23:27:00.277665+00:00
2037,1765927620.2981691,2025-12-16T23:27:00.298171+00:00
2038,1765927620.319047,2025-12-16T23:27:00.319049+00:00
2039,1765927620.3367412,2025-12-16T23:27:00.336742+00:00
2040,1765927620.35505,2025-12-16T23:27:00.355053+00:00
2041,1765927620.375911,2025-12-16T23:27:00.375912+00:00
2042,1765927620.39501,2025-12-16T23:27:00.395013+00:00
2043,1765927620.415914,2025-12-16T23:27:00.415916+00:00
2044,1765927620.436251,2025-12-16T23:27:00.436257+00:00
2045,1765927620.4530282,2025-12-16T23:27:00.453032+00:00
2046,1765927620.4739468,2025-12-16T23:27:00.473951+00:00
2047,1765927620.493931,2025-12-16T23:27:00.493935+00:00
2048,1765927620.514833,2025-12-16T23:27:00.514839+00:00
2049,1765927620.53205,2025-12-16T23:27:00.532054+00:00
2050,1765927620.5521212,2025-12-16T23:27:00.552122+00:00
2051,1765927620.572172,2025-12-16T23:27:00.572173+00:00
2052,1765927620.5925708,2025-12-16T23:27:00.592574+00:00
2053,1765927620.611352,2025-12-16T23:27:00.611355+00:00
2054,1765927620.632215,2025-12-16T23:27:00.632218+00:00
2055,1765927620.653079,2025-12-16T23:27:00.653084+00:00
2056,1765927620.672291,2025-12-16T23:27:00.672293+00:00
2057,1765927620.6918662,2025-12-16T23:27:00.691868+00:00
2058,1765927620.710191,2025-12-16T23:27:00.710196+00:00
2059,1765927620.728329,2025-12-16T23:27:00.728341+00:00
2060,1765927620.745117,2025-12-16T23:27:00.745120+00:00
2061,1765927620.7653801,2025-12-16T23:27:00.765385+00:00
2062,1765927620.7862241,2025-12-16T23:27:00.786227+00:00
2063,1765927620.803075,2025-12-16T23:27:00.803077+00:00
2064,1765927620.823933,2025-12-16T23:27:00.823935+00:00
2065,1765927620.8446012,2025-12-16T23:27:00.844605+00:00
2066,1765927620.861692,2025-12-16T23:27:00.861693+00:00
2067,1765927620.881963,2025-12-16T23:27:00.881967+00:00
2068,1765927620.898744,2025-12-16T23:27:00.898747+00:00
2069,1765927620.9199731,2025-12-16T23:27:00.919974+00:00
2070,1765927620.940829,2025-12-16T23:27:00.940829+00:00
2071,1765927620.961382,2025-12-16T23:27:00.961383+00:00
2072,1765927620.982235,2025-12-16T23:27:00.982236+00:00
2073,1765927621.003003,2025-12-16T23:27:01.003005+00:00
2074,1765927621.0238771,2025-12-16T23:27:01.023877+00:00
2075,1765927621.0446022,2025-12-16T23:27:01.044604+00:00
2076,1765927621.061389,2025-12-16T23:27:01.061393+00:00
2077,1765927621.080985,2025-12-16T23:27:01.080986+00:00
2078,1765927621.101847,2025-12-16T23:27:01.101850+00:00
2079,1765927621.119931,2025-12-16T23:27:01.119935+00:00
2080,1765927621.138381,2025-12-16T23:27:01.138382+00:00
2081,1765927621.157674,2025-12-16T23:27:01.157677+00:00
2082,1765927621.178553,2025-12-16T23:27:01.178555+00:00
2083,1765927621.1967869,2025-12-16T23:27:01.196791+00:00
2084,1765927621.217076,2025-12-16T23:27:01.217078+00:00
2085,1765927621.235959,2025-12-16T23:27:01.235960+00:00
2086,1765927621.256824,2025-12-16T23:27:01.256828+00:00
2087,1765927621.277735,2025-12-16T23:27:01.277739+00:00
2088,1765927621.298625,2025-12-16T23:27:01.298626+00:00
2089,1765927621.3157911,2025-12-16T23:27:01.315793+00:00
2090,1765927621.336299,2025-12-16T23:27:01.336300+00:00
2091,1765927621.353162,2025-12-16T23:27:01.353166+00:00
2092,1765927621.374052,2025-12-16T23:27:01.374054+00:00
2093,1765927621.394562,2025-12-16T23:27:01.394568+00:00
2094,1765927621.415478,2025-12-16T23:27:01.415482+00:00
2095,1765927621.436255,2025-12-16T23:27:01.436262+00:00
2096,1765927621.4571679,2025-12-16T23:27:01.457172+00:00
2097,1765927621.478102,2025-12-16T23:27:01.478106+00:00
2098,1765927621.497504,2025-12-16T23:27:01.497510+00:00
2099,1765927621.517905,2025-12-16T23:27:01.517908+00:00
2100,1765927621.537914,2025-12-16T23:27:01.537919+00:00
2101,1765927621.558827,2025-12-16T23:27:01.558831+00:00
2102,1765927621.5776372,2025-12-16T23:27:01.577640+00:00
2103,1765927621.59663,2025-12-16T23:27:01.596635+00:00
2104,1765927621.6175182,2025-12-16T23:27:01.617523+00:00
2105,1765927621.638413,2025-12-16T23:27:01.638414+00:00
2106,1765927621.6553721,2025-12-16T23:27:01.655373+00:00
2107,1765927621.6762292,2025-12-16T23:27:01.676230+00:00
2108,1765927621.69565,2025-12-16T23:27:01.695656+00:00
2109,1765927621.713844,2025-12-16T23:27:01.713846+00:00
2110,1765927621.7318661,2025-12-16T23:27:01.731870+00:00
2111,1765927621.752574,2025-12-16T23:27:01.752589+00:00
2112,1765927621.773408,2025-12-16T23:27:01.773413+00:00
2113,1765927621.794306,2025-12-16T23:27:01.794307+00:00
2114,1765927621.811025,2025-12-16T23:27:01.811028+00:00
2115,1765927621.829826,2025-12-16T23:27:01.829831+00:00
2116,1765927621.848245,2025-12-16T23:27:01.848269+00:00
2117,1765927621.865657,2025-12-16T23:27:01.865663+00:00
2118,1765927621.8846211,2025-12-16T23:27:01.884628+00:00
2119,1765927621.901984,2025-12-16T23:27:01.901987+00:00
2120,1765927621.923848,2025-12-16T23:27:01.923862+00:00
2121,1765927621.943309,2025-12-16T23:27:01.943314+00:00
2122,1765927621.961066,2025-12-16T23:27:01.961071+00:00
2123,1765927621.981441,2025-12-16T23:27:01.981443+00:00
2124,1765927622.0023181,2025-12-16T23:27:02.002320+00:00
2125,1765927622.023185,2025-12-16T23:27:02.023190+00:00
2126,1765927622.0440729,2025-12-16T23:27:02.044077+00:00
2127,1765927622.065038,2025-12-16T23:27:02.065043+00:00
2128,1765927622.083004,2025-12-16T23:27:02.083010+00:00
2129,1765927622.102777,2025-12-16T23:27:02.102783+00:00
2130,1765927622.119939,2025-12-16T23:27:02.119959+00:00
2131,1765927622.1402318,2025-12-16T23:27:02.140237+00:00
2132,1765927622.16114,2025-12-16T23:27:02.161148+00:00
2133,1765927622.178987,2025-12-16T23:27:02.178993+00:00
2134,1765927622.196248,2025-12-16T23:27:02.196251+00:00
2135,1765927622.217115,2025-12-16T23:27:02.217117+00:00
2136,1765927622.237109,2025-12-16T23:27:02.237111+00:00
2137,1765927622.257995,2025-12-16T23:27:02.257998+00:00
2138,1765927622.274888,2025-12-16T23:27:02.274890+00:00
2139,1765927622.294701,2025-12-16T23:27:02.294705+00:00
2140,1765927622.312245,2025-12-16T23:27:02.312246+00:00
2141,1765927622.333128,2025-12-16T23:27:02.333133+00:00
2142,1765927622.354039,2025-12-16T23:27:02.354041+00:00
2143,1765927622.374896,2025-12-16T23:27:02.374897+00:00
2144,1765927622.3960829,2025-12-16T23:27:02.396087+00:00
2145,1765927622.416978,2025-12-16T23:27:02.416983+00:00
2146,1765927622.437869,2025-12-16T23:27:02.437872+00:00
2147,1765927622.458808,2025-12-16T23:27:02.458815+00:00
2148,1765927622.477576,2025-12-16T23:27:02.477585+00:00
2149,1765927622.494426,2025-12-16T23:27:02.494431+00:00
2150,1765927622.5153432,2025-12-16T23:27:02.515348+00:00
2151,1765927622.536208,2025-12-16T23:27:02.536210+00:00
2152,1765927622.556245,2025-12-16T23:27:02.556245+00:00
2153,1765927622.5771022,2025-12-16T23:27:02.577106+00:00
2154,1765927622.5940878,2025-12-16T23:27:02.594089+00:00
2155,1765927622.614462,2025-12-16T23:27:02.614468+00:00
2156,1765927622.633923,2025-12-16T23:27:02.633929+00:00
2157,1765927622.652878,2025-12-16T23:27:02.652883+00:00
2158,1765927622.670593,2025-12-16T23:27:02.670597+00:00
2159,1765927622.691147,2025-12-16T23:27:02.691150+00:00
2160,1765927622.711155,2025-12-16T23:27:02.711159+00:00
2161,1765927622.728986,2025-12-16T23:27:02.728990+00:00
2162,1765927622.7498581,2025-12-16T23:27:02.749859+00:00
2163,1765927622.770723,2025-12-16T23:27:02.770728+00:00
2164,1765927622.79163,2025-12-16T23:27:02.791634+00:00
2165,1765927622.810011,2025-12-16T23:27:02.810013+00:00
2166,1765927622.82764,2025-12-16T23:27:02.827641+00:00
2167,1765927622.8483121,2025-12-16T23:27:02.848313+00:00
2168,1765927622.8691578,2025-12-16T23:27:02.869159+00:00
2169,1765927622.885958,2025-12-16T23:27:02.885961+00:00
2170,1765927622.906823,2025-12-16T23:27:02.906824+00:00
2171,1765927622.9240441,2025-12-16T23:27:02.924048+00:00
2172,1765927622.944951,2025-12-16T23:27:02.944953+00:00
2173,1765927622.9651809,2025-12-16T23:27:02.965183+00:00
2174,1765927622.985981,2025-12-16T23:27:02.985981+00:00
2175,1765927623.004141,2025-12-16T23:27:03.004142+00:00
2176,1765927623.026029,2025-12-16T23:27:03.026031+00:00
2177,1765927623.044508,2025-12-16T23:27:03.044508+00:00
2178,1765927623.063908,2025-12-16T23:27:03.063911+00:00
2179,1765927623.0838962,2025-12-16T23:27:03.083896+00:00
2180,1765927623.102774,2025-12-16T23:27:03.102779+00:00
2181,1765927623.122824,2025-12-16T23:27:03.122830+00:00
2182,1765927623.1428852,2025-12-16T23:27:03.142890+00:00
2183,1765927623.163119,2025-12-16T23:27:03.163124+00:00
2184,1765927623.181257,2025-12-16T23:27:03.181259+00:00
2185,1765927623.2013881,2025-12-16T23:27:03.201392+00:00
2186,1765927623.222275,2025-12-16T23:27:03.222276+00:00
2187,1765927623.239476,2025-12-16T23:27:03.239477+00:00
2188,1765927623.260166,2025-12-16T23:27:03.260169+00:00
2189,1765927623.281033,2025-12-16T23:27:03.281036+00:00
2190,1765927623.2980769,2025-12-16T23:27:03.298081+00:00
2191,1765927623.318976,2025-12-16T23:27:03.318978+00:00
2192,1765927623.336777,2025-12-16T23:27:03.336778+00:00
2193,1765927623.357627,2025-12-16T23:27:03.357628+00:00
2194,1765927623.378486,2025-12-16T23:27:03.378488+00:00
2195,1765927623.399369,2025-12-16T23:27:03.399374+00:00
2196,1765927623.418396,2025-12-16T23:27:03.418401+00:00
2197,1765927623.436129,2025-12-16T23:27:03.436131+00:00
2198,1765927623.45287,2025-12-16T23:27:03.452871+00:00
2199,1765927623.4737852,2025-12-16T23:27:03.473792+00:00
2200,1765927623.494431,2025-12-16T23:27:03.494433+00:00
2201,1765927623.5153012,2025-12-16T23:27:03.515303+00:00
2202,1765927623.5338838,2025-12-16T23:27:03.533889+00:00
2203,1765927623.552583,2025-12-16T23:27:03.552586+00:00
2204,1765927623.569333,2025-12-16T23:27:03.569333+00:00
2205,1765927623.5894148,2025-12-16T23:27:03.589417+00:00
2206,1765927623.6102989,2025-12-16T23:27:03.610302+00:00
2207,1765927623.631163,2025-12-16T23:27:03.631166+00:00
2208,1765927623.652064,2025-12-16T23:27:03.652068+00:00
2209,1765927623.67196,2025-12-16T23:27:03.671963+00:00
2210,1765927623.691218,2025-12-16T23:27:03.691224+00:00
2211,1765927623.7117782,2025-12-16T23:27:03.711782+00:00
2212,1765927623.7308512,2025-12-16T23:27:03.730857+00:00
2213,1765927623.751756,2025-12-16T23:27:03.751756+00:00
2214,1765927623.770806,2025-12-16T23:27:03.770807+00:00
2215,1765927623.790215,2025-12-16T23:27:03.790216+00:00
2216,1765927623.807109,2025-12-16T23:27:03.807112+00:00
2217,1765927623.8270452,2025-12-16T23:27:03.827069+00:00
2218,1765927623.847685,2025-12-16T23:27:03.847688+00:00
2219,1765927623.86446,2025-12-16T23:27:03.864463+00:00
2220,1765927623.8813398,2025-12-16T23:27:03.881348+00:00
2221,1765927623.899847,2025-12-16T23:27:03.899851+00:00
2222,1765927623.920106,2025-12-16T23:27:03.920116+00:00
2223,1765927623.941024,2025-12-16T23:27:03.941026+00:00
2224,1765927623.960243,2025-12-16T23:27:03.960246+00:00
2225,1765927623.977957,2025-12-16T23:27:03.977959+00:00
2226,1765927623.998827,2025-12-16T23:27:03.998831+00:00
2227,1765927624.019087,2025-12-16T23:27:04.019090+00:00
2228,1765927624.039407,2025-12-16T23:27:04.039413+00:00
2229,1765927624.0604742,2025-12-16T23:27:04.060478+00:00
2230,1765927624.0778382,2025-12-16T23:27:04.077839+00:00
2231,1765927624.097916,2025-12-16T23:27:04.097924+00:00
2232,1765927624.118838,2025-12-16T23:27:04.118840+00:00
2233,1765927624.138679,2025-12-16T23:27:04.138684+00:00
2234,1765927624.1588988,2025-12-16T23:27:04.158902+00:00
2235,1765927624.179771,2025-12-16T23:27:04.179772+00:00
2236,1765927624.19837,2025-12-16T23:27:04.198374+00:00
2237,1765927624.2192361,2025-12-16T23:27:04.219238+00:00
2238,1765927624.236413,2025-12-16T23:27:04.236416+00:00
2239,1765927624.257309,2025-12-16T23:27:04.257313+00:00
2240,1765927624.277225,2025-12-16T23:27:04.277226+00:00
2241,1765927624.2981231,2025-12-16T23:27:04.298154+00:00
2242,1765927624.31906,2025-12-16T23:27:04.319064+00:00
2243,1765927624.339366,2025-12-16T23:27:04.339370+00:00
2244,1765927624.35855,2025-12-16T23:27:04.358550+00:00
2245,1765927624.379311,2025-12-16T23:27:04.379313+00:00
2246,1765927624.400181,2025-12-16T23:27:04.400181+00:00
2247,1765927624.416876,2025-12-16T23:27:04.416880+00:00
2248,1765927624.4348679,2025-12-16T23:27:04.434869+00:00
2249,1765927624.463549,2025-12-16T23:27:04.463555+00:00
2250,1765927624.48288,2025-12-16T23:27:04.482886+00:00
2251,1765927624.500798,2025-12-16T23:27:04.500803+00:00
2252,1765927624.5207849,2025-12-16T23:27:04.520792+00:00
2253,1765927624.539061,2025-12-16T23:27:04.539067+00:00
2254,1765927624.5591848,2025-12-16T23:27:04.559187+00:00
2255,1765927624.579198,2025-12-16T23:27:04.579200+00:00
2256,1765927624.60006,2025-12-16T23:27:04.600063+00:00
2257,1765927624.618094,2025-12-16T23:27:04.618106+00:00
2258,1765927624.6363678,2025-12-16T23:27:04.636381+00:00
2259,1765927624.657286,2025-12-16T23:27:04.657289+00:00
2260,1765927624.677863,2025-12-16T23:27:04.677864+00:00
2261,1765927624.6946418,2025-12-16T23:27:04.694642+00:00
2262,1765927624.7148108,2025-12-16T23:27:04.714814+00:00
2263,1765927624.735729,2025-12-16T23:27:04.735732+00:00
2264,1765927624.752586,2025-12-16T23:27:04.752592+00:00
2265,1765927624.773459,2025-12-16T23:27:04.773464+00:00
2266,1765927624.7904,2025-12-16T23:27:04.790401+00:00
2267,1765927624.8104188,2025-12-16T23:27:04.810420+00:00
2268,1765927624.8283908,2025-12-16T23:27:04.828392+00:00
2269,1765927624.849292,2025-12-16T23:27:04.849297+00:00
2270,1765927624.870193,2025-12-16T23:27:04.870198+00:00
2271,1765927624.891092,2025-12-16T23:27:04.891095+00:00
2272,1765927624.911853,2025-12-16T23:27:04.911856+00:00
2273,1765927624.928809,2025-12-16T23:27:04.928812+00:00
2274,1765927624.945675,2025-12-16T23:27:04.945675+00:00
2275,1765927624.96541,2025-12-16T23:27:04.965412+00:00
2276,1765927624.9862862,2025-12-16T23:27:04.986287+00:00
2277,1765927625.0071502,2025-12-16T23:27:05.007152+00:00
2278,1765927625.0280268,2025-12-16T23:27:05.028031+00:00
2279,1765927625.045472,2025-12-16T23:27:05.045476+00:00
2280,1765927625.066946,2025-12-16T23:27:05.066951+00:00
2281,1765927625.083803,2025-12-16T23:27:05.083807+00:00
2282,1765927625.103235,2025-12-16T23:27:05.103237+00:00
2283,1765927625.1241002,2025-12-16T23:27:05.124105+00:00
2284,1765927625.1450188,2025-12-16T23:27:05.145022+00:00
2285,1765927625.165699,2025-12-16T23:27:05.165702+00:00
2286,1765927625.186021,2025-12-16T23:27:05.186024+00:00
2287,1765927625.205098,2025-12-16T23:27:05.205101+00:00
2288,1765927625.225992,2025-12-16T23:27:05.225994+00:00
2289,1765927625.244307,2025-12-16T23:27:05.244309+00:00
2290,1765927625.265195,2025-12-16T23:27:05.265200+00:00
2291,1765927625.284812,2025-12-16T23:27:05.284814+00:00
2292,1765927625.301803,2025-12-16T23:27:05.301807+00:00
2293,1765927625.319314,2025-12-16T23:27:05.319315+00:00
2294,1765927625.33736,2025-12-16T23:27:05.337372+00:00
2295,1765927625.3582551,2025-12-16T23:27:05.358259+00:00
2296,1765927625.378104,2025-12-16T23:27:05.378106+00:00
2297,1765927625.3989718,2025-12-16T23:27:05.398975+00:00
2298,1765927625.4168699,2025-12-16T23:27:05.416872+00:00
2299,1765927625.436264,2025-12-16T23:27:05.436266+00:00
2300,1765927625.457124,2025-12-16T23:27:05.457127+00:00
2301,1765927625.4779909,2025-12-16T23:27:05.477995+00:00
2302,1765927625.49889,2025-12-16T23:27:05.498896+00:00
2303,1765927625.517426,2025-12-16T23:27:05.517443+00:00
2304,1765927625.534924,2025-12-16T23:27:05.534929+00:00
2305,1765927625.5558279,2025-12-16T23:27:05.555830+00:00
2306,1765927625.576206,2025-12-16T23:27:05.576206+00:00
2307,1765927625.5960598,2025-12-16T23:27:05.596062+00:00
2308,1765927625.612928,2025-12-16T23:27:05.612931+00:00
2309,1765927625.631474,2025-12-16T23:27:05.631481+00:00
2310,1765927625.64935,2025-12-16T23:27:05.649354+00:00
2311,1765927625.6675122,2025-12-16T23:27:05.667515+00:00
2312,1765927625.68838,2025-12-16T23:27:05.688382+00:00
2313,1765927625.707937,2025-12-16T23:27:05.707942+00:00
2314,1765927625.728961,2025-12-16T23:27:05.728963+00:00
2315,1765927625.749823,2025-12-16T23:27:05.749827+00:00
2316,1765927625.768033,2025-12-16T23:27:05.768035+00:00
2317,1765927625.785856,2025-12-16T23:27:05.785857+00:00
2318,1765927625.806716,2025-12-16T23:27:05.806717+00:00
2319,1765927625.8274891,2025-12-16T23:27:05.827517+00:00
2320,1765927625.8484852,2025-12-16T23:27:05.848485+00:00
2321,1765927625.868144,2025-12-16T23:27:05.868146+00:00
2322,1765927625.8857028,2025-12-16T23:27:05.885703+00:00
2323,1765927625.906553,2025-12-16T23:27:05.906557+00:00
2324,1765927625.92652,2025-12-16T23:27:05.926524+00:00
2325,1765927625.9440541,2025-12-16T23:27:05.944059+00:00
2326,1765927625.96126,2025-12-16T23:27:05.961263+00:00
2327,1765927625.9821281,2025-12-16T23:27:05.982130+00:00
2328,1765927626.000832,2025-12-16T23:27:06.000842+00:00
2329,1765927626.0189388,2025-12-16T23:27:06.018944+00:00
2330,1765927626.035904,2025-12-16T23:27:06.035908+00:00
2331,1765927626.056782,2025-12-16T23:27:06.056786+00:00
2332,1765927626.077117,2025-12-16T23:27:06.077120+00:00
2333,1765927626.094173,2025-12-16T23:27:06.094179+00:00
2334,1765927626.1150799,2025-12-16T23:27:06.115082+00:00
2335,1765927626.133554,2025-12-16T23:27:06.133563+00:00
2336,1765927626.153877,2025-12-16T23:27:06.153884+00:00
2337,1765927626.174786,2025-12-16T23:27:06.174788+00:00
2338,1765927626.193142,2025-12-16T23:27:06.193146+00:00
2339,1765927626.212267,2025-12-16T23:27:06.212269+00:00
2340,1765927626.23145,2025-12-16T23:27:06.231452+00:00
2341,1765927626.252311,2025-12-16T23:27:06.252315+00:00
2342,1765927626.2706282,2025-12-16T23:27:06.270631+00:00
2343,1765927626.2887769,2025-12-16T23:27:06.288778+00:00
2344,1765927626.307796,2025-12-16T23:27:06.307799+00:00
2345,1765927626.32759,2025-12-16T23:27:06.327593+00:00
2346,1765927626.3446121,2025-12-16T23:27:06.344615+00:00
2347,1765927626.36254,2025-12-16T23:27:06.362541+00:00
2348,1765927626.38155,2025-12-16T23:27:06.381551+00:00
2349,1765927626.402409,2025-12-16T23:27:06.402409+00:00
2350,1765927626.419539,2025-12-16T23:27:06.419540+00:00
2351,1765927626.439759,2025-12-16T23:27:06.439764+00:00
2352,1765927626.456939,2025-12-16T23:27:06.456942+00:00
2353,1765927626.477802,2025-12-16T23:27:06.477804+00:00
2354,1765927626.498477,2025-12-16T23:27:06.498480+00:00
2355,1765927626.519351,2025-12-16T23:27:06.519354+00:00
2356,1765927626.5399969,2025-12-16T23:27:06.539999+00:00
2357,1765927626.560868,2025-12-16T23:27:06.560873+00:00
2358,1765927626.5788522,2025-12-16T23:27:06.578856+00:00
2359,1765927626.5991502,2025-12-16T23:27:06.599154+00:00
2360,1765927626.6169548,2025-12-16T23:27:06.616959+00:00
2361,1765927626.637845,2025-12-16T23:27:06.637853+00:00
2362,1765927626.6586611,2025-12-16T23:27:06.658668+00:00
2363,1765927626.678922,2025-12-16T23:27:06.678923+00:00
2364,1765927626.698334,2025-12-16T23:27:06.698335+00:00
2365,1765927626.719189,2025-12-16T23:27:06.719191+00:00
2366,1765927626.73724,2025-12-16T23:27:06.737245+00:00
2367,1765927626.758163,2025-12-16T23:27:06.758168+00:00
2368,1765927626.777228,2025-12-16T23:27:06.777234+00:00
2369,1765927626.798152,2025-12-16T23:27:06.798157+00:00
2370,1765927626.8191109,2025-12-16T23:27:06.819114+00:00
2371,1765927626.839162,2025-12-16T23:27:06.839166+00:00
2372,1765927626.8600519,2025-12-16T23:27:06.860056+00:00
2373,1765927626.87744,2025-12-16T23:27:06.877441+00:00
2374,1765927626.896766,2025-12-16T23:27:06.896767+00:00
2375,1765927626.91763,2025-12-16T23:27:06.917634+00:00
2376,1765927626.93852,2025-12-16T23:27:06.938522+00:00
2377,1765927626.9558709,2025-12-16T23:27:06.955874+00:00
2378,1765927626.973553,2025-12-16T23:27:06.973554+00:00
2379,1765927626.994406,2025-12-16T23:27:06.994406+00:00
2380,1765927627.0138829,2025-12-16T23:27:07.013885+00:00
2381,1765927627.034763,2025-12-16T23:27:07.034764+00:00
2382,1765927627.053654,2025-12-16T23:27:07.053655+00:00
2383,1765927627.074518,2025-12-16T23:27:07.074522+00:00
2384,1765927627.091715,2025-12-16T23:27:07.091717+00:00
2385,1765927627.110707,2025-12-16T23:27:07.110708+00:00
2386,1765927627.128887,2025-12-16T23:27:07.128891+00:00
2387,1765927627.147796,2025-12-16T23:27:07.147804+00:00
2388,1765927627.168222,2025-12-16T23:27:07.168226+00:00
2389,1765927627.187184,2025-12-16T23:27:07.187186+00:00
2390,1765927627.2068322,2025-12-16T23:27:07.206838+00:00
2391,1765927627.227732,2025-12-16T23:27:07.227734+00:00
2392,1765927627.244844,2025-12-16T23:27:07.244848+00:00
2393,1765927627.265733,2025-12-16T23:27:07.265735+00:00
2394,1765927627.286452,2025-12-16T23:27:07.286463+00:00
2395,1765927627.307363,2025-12-16T23:27:07.307368+00:00
2396,1765927627.3275561,2025-12-16T23:27:07.327580+00:00
2397,1765927627.344461,2025-12-16T23:27:07.344462+00:00
2398,1765927627.3622882,2025-12-16T23:27:07.362291+00:00
2399,1765927627.3831732,2025-12-16T23:27:07.383177+00:00
2400,1765927627.401246,2025-12-16T23:27:07.401248+00:00
2401,1765927627.422122,2025-12-16T23:27:07.422126+00:00
2402,1765927627.442872,2025-12-16T23:27:07.442876+00:00
2403,1765927627.460578,2025-12-16T23:27:07.460581+00:00
2404,1765927627.480174,2025-12-16T23:27:07.480176+00:00
2405,1765927627.501051,2025-12-16T23:27:07.501056+00:00
2406,1765927627.521964,2025-12-16T23:27:07.521968+00:00
2407,1765927627.541014,2025-12-16T23:27:07.541019+00:00
2408,1765927627.558236,2025-12-16T23:27:07.558242+00:00
2409,1765927627.5791621,2025-12-16T23:27:07.579165+00:00
2410,1765927627.599953,2025-12-16T23:27:07.599953+00:00
2411,1765927627.620808,2025-12-16T23:27:07.620812+00:00
2412,1765927627.641706,2025-12-16T23:27:07.641710+00:00
2413,1765927627.6613061,2025-12-16T23:27:07.661309+00:00
2414,1765927627.678057,2025-12-16T23:27:07.678059+00:00
2415,1765927627.698993,2025-12-16T23:27:07.698996+00:00
2416,1765927627.7198799,2025-12-16T23:27:07.719883+00:00
2417,1765927627.7393322,2025-12-16T23:27:07.739335+00:00
2418,1765927627.7602189,2025-12-16T23:27:07.760220+00:00
2419,1765927627.777751,2025-12-16T23:27:07.777754+00:00
2420,1765927627.7986162,2025-12-16T23:27:07.798617+00:00
2421,1765927627.8194718,2025-12-16T23:27:07.819476+00:00
2422,1765927627.840363,2025-12-16T23:27:07.840366+00:00
2423,1765927627.8612218,2025-12-16T23:27:07.861223+00:00
2424,1765927627.879311,2025-12-16T23:27:07.879315+00:00
2425,1765927627.900198,2025-12-16T23:27:07.900199+00:00
2426,1765927627.920009,2025-12-16T23:27:07.920013+00:00
2427,1765927627.940306,2025-12-16T23:27:07.940309+00:00
2428,1765927627.960939,2025-12-16T23:27:07.960941+00:00
2429,1765927627.981529,2025-12-16T23:27:07.981533+00:00
2430,1765927628.002403,2025-12-16T23:27:08.002407+00:00
2431,1765927628.020958,2025-12-16T23:27:08.020959+00:00
2432,1765927628.038014,2025-12-16T23:27:08.038018+00:00
2433,1765927628.0588858,2025-12-16T23:27:08.058888+00:00
2434,1765927628.077209,2025-12-16T23:27:08.077212+00:00
2435,1765927628.09411,2025-12-16T23:27:08.094115+00:00
2436,1765927628.1149702,2025-12-16T23:27:08.114975+00:00
2437,1765927628.1326022,2025-12-16T23:27:08.132613+00:00
2438,1765927628.15203,2025-12-16T23:27:08.152040+00:00
2439,1765927628.1729522,2025-12-16T23:27:08.172954+00:00
2440,1765927628.193815,2025-12-16T23:27:08.193818+00:00
2441,1765927628.2130759,2025-12-16T23:27:08.213079+00:00
2442,1765927628.2339468,2025-12-16T23:27:08.233951+00:00
2443,1765927628.2548401,2025-12-16T23:27:08.254845+00:00
2444,1765927628.2757351,2025-12-16T23:27:08.275740+00:00
2445,1765927628.29663,2025-12-16T23:27:08.296634+00:00
2446,1765927628.317504,2025-12-16T23:27:08.317506+00:00
2447,1765927628.3383691,2025-12-16T23:27:08.338374+00:00
2448,1765927628.3578858,2025-12-16T23:27:08.357892+00:00
2449,1765927628.3780448,2025-12-16T23:27:08.378059+00:00
2450,1765927628.395745,2025-12-16T23:27:08.395746+00:00
2451,1765927628.41662,2025-12-16T23:27:08.416622+00:00
2452,1765927628.4363031,2025-12-16T23:27:08.436309+00:00
2453,1765927628.457249,2025-12-16T23:27:08.457264+00:00
2454,1765927628.474186,2025-12-16T23:27:08.474191+00:00
2455,1765927628.491761,2025-12-16T23:27:08.491766+00:00
2456,1765927628.512815,2025-12-16T23:27:08.512822+00:00
2457,1765927628.529828,2025-12-16T23:27:08.529835+00:00
2458,1765927628.548032,2025-12-16T23:27:08.548039+00:00
2459,1765927628.568958,2025-12-16T23:27:08.568964+00:00
2460,1765927628.589504,2025-12-16T23:27:08.589508+00:00
2461,1765927628.6084301,2025-12-16T23:27:08.608435+00:00
2462,1765927628.625331,2025-12-16T23:27:08.625372+00:00
2463,1765927628.6454458,2025-12-16T23:27:08.645453+00:00
2464,1765927628.666472,2025-12-16T23:27:08.666479+00:00
2465,1765927628.6862981,2025-12-16T23:27:08.686300+00:00
2466,1765927628.708158,2025-12-16T23:27:08.708173+00:00
2467,1765927628.7288508,2025-12-16T23:27:08.728856+00:00
2468,1765927628.747433,2025-12-16T23:27:08.747439+00:00
2469,1765927628.768406,2025-12-16T23:27:08.768412+00:00
2470,1765927628.786651,2025-12-16T23:27:08.786654+00:00
2471,1765927628.803473,2025-12-16T23:27:08.803485+00:00
2472,1765927628.8243892,2025-12-16T23:27:08.824396+00:00
2473,1765927628.842892,2025-12-16T23:27:08.842895+00:00
2474,1765927628.861086,2025-12-16T23:27:08.861088+00:00
2475,1765927628.881963,2025-12-16T23:27:08.881966+00:00
2476,1765927628.898852,2025-12-16T23:27:08.898855+00:00
2477,1765927628.91768,2025-12-16T23:27:08.917683+00:00
2478,1765927628.936012,2025-12-16T23:27:08.936016+00:00
2479,1765927628.956901,2025-12-16T23:27:08.956902+00:00
2480,1765927628.97372,2025-12-16T23:27:08.973736+00:00
2481,1765927628.9917161,2025-12-16T23:27:08.991721+00:00
2482,1765927629.009417,2025-12-16T23:27:09.009424+00:00
2483,1765927629.02963,2025-12-16T23:27:09.029634+00:00
2484,1765927629.0505202,2025-12-16T23:27:09.050522+00:00
2485,1765927629.0698712,2025-12-16T23:27:09.069874+00:00
2486,1765927629.089112,2025-12-16T23:27:09.089117+00:00
2487,1765927629.106812,2025-12-16T23:27:09.106814+00:00
2488,1765927629.1269991,2025-12-16T23:27:09.127005+00:00
2489,1765927629.147062,2025-12-16T23:27:09.147072+00:00
2490,1765927629.164238,2025-12-16T23:27:09.164243+00:00
2491,1765927629.1851158,2025-12-16T23:27:09.185118+00:00
2492,1765927629.205469,2025-12-16T23:27:09.205470+00:00
2493,1765927629.226321,2025-12-16T23:27:09.226322+00:00
2494,1765927629.246634,2025-12-16T23:27:09.246636+00:00
2495,1765927629.267488,2025-12-16T23:27:09.267489+00:00
2496,1765927629.2871401,2025-12-16T23:27:09.287142+00:00
2497,1765927629.308428,2025-12-16T23:27:09.308433+00:00
2498,1765927629.330139,2025-12-16T23:27:09.330144+00:00
2499,1765927629.3510258,2025-12-16T23:27:09.351029+00:00
2500,1765927629.371847,2025-12-16T23:27:09.371861+00:00
2501,1765927629.39275,2025-12-16T23:27:09.392755+00:00
2502,1765927629.410176,2025-12-16T23:27:09.410179+00:00
2503,1765927629.43105,2025-12-16T23:27:09.431055+00:00
2504,1765927629.4488041,2025-12-16T23:27:09.448811+00:00
2505,1765927629.4695659,2025-12-16T23:27:09.469570+00:00
2506,1765927629.487301,2025-12-16T23:27:09.487305+00:00
2507,1765927629.506898,2025-12-16T23:27:09.506905+00:00
2508,1765927629.525559,2025-12-16T23:27:09.525564+00:00
2509,1765927629.54247,2025-12-16T23:27:09.542475+00:00
2510,1765927629.563358,2025-12-16T23:27:09.563359+00:00
2511,1765927629.581902,2025-12-16T23:27:09.581904+00:00
2512,1765927629.598939,2025-12-16T23:27:09.598944+00:00
2513,1765927629.6198678,2025-12-16T23:27:09.619877+00:00
2514,1765927629.637247,2025-12-16T23:27:09.637251+00:00
2515,1765927629.658145,2025-12-16T23:27:09.658149+00:00
2516,1765927629.6788092,2025-12-16T23:27:09.678810+00:00
2517,1765927629.699669,2025-12-16T23:27:09.699672+00:00
2518,1765927629.7171369,2025-12-16T23:27:09.717139+00:00
2519,1765927629.7366998,2025-12-16T23:27:09.736702+00:00
2520,1765927629.753485,2025-12-16T23:27:09.753487+00:00
2521,1765927629.773768,2025-12-16T23:27:09.773769+00:00
2522,1765927629.794689,2025-12-16T23:27:09.794692+00:00
2523,1765927629.815559,2025-12-16T23:27:09.815561+00:00
2524,1765927629.836429,2025-12-16T23:27:09.836430+00:00
2525,1765927629.857069,2025-12-16T23:27:09.857070+00:00
2526,1765927629.882047,2025-12-16T23:27:09.882052+00:00
2527,1765927629.9029372,2025-12-16T23:27:09.902939+00:00
2528,1765927629.922536,2025-12-16T23:27:09.922539+00:00
2529,1765927629.942243,2025-12-16T23:27:09.942249+00:00
2530,1765927629.9605608,2025-12-16T23:27:09.960566+00:00
2531,1765927629.9780009,2025-12-16T23:27:09.978004+00:00
2532,1765927629.995069,2025-12-16T23:27:09.995070+00:00
2533,1765927630.0159209,2025-12-16T23:27:10.015922+00:00
2534,1765927630.036778,2025-12-16T23:27:10.036781+00:00
2535,1765927630.056318,2025-12-16T23:27:10.056321+00:00
2536,1765927630.075543,2025-12-16T23:27:10.075548+00:00
2537,1765927630.0946,2025-12-16T23:27:10.094601+00:00
2538,1765927630.115469,2025-12-16T23:27:10.115470+00:00
2539,1765927630.135082,2025-12-16T23:27:10.135082+00:00
2540,1765927630.152061,2025-12-16T23:27:10.152072+00:00
2541,1765927630.172941,2025-12-16T23:27:10.172944+00:00
2542,1765927630.193822,2025-12-16T23:27:10.193824+00:00
2543,1765927630.212132,2025-12-16T23:27:10.212133+00:00
2544,1765927630.232984,2025-12-16T23:27:10.232987+00:00
2545,1765927630.249953,2025-12-16T23:27:10.249955+00:00
2546,1765927630.269044,2025-12-16T23:27:10.269048+00:00
2547,1765927630.2882612,2025-12-16T23:27:10.288265+00:00
2548,1765927630.305687,2025-12-16T23:27:10.305688+00:00
2549,1765927630.3265338,2025-12-16T23:27:10.326535+00:00
2550,1765927630.347393,2025-12-16T23:27:10.347397+00:00
2551,1765927630.368287,2025-12-16T23:27:10.368292+00:00
2552,1765927630.389201,2025-12-16T23:27:10.389209+00:00
2553,1765927630.410099,2025-12-16T23:27:10.410101+00:00
2554,1765927630.428683,2025-12-16T23:27:10.428684+00:00
2555,1765927630.447792,2025-12-16T23:27:10.447794+00:00
2556,1765927630.468307,2025-12-16T23:27:10.468310+00:00
2557,1765927630.486342,2025-12-16T23:27:10.486346+00:00
2558,1765927630.507222,2025-12-16T23:27:10.507225+00:00
2559,1765927630.525496,2025-12-16T23:27:10.525501+00:00
2560,1765927630.544626,2025-12-16T23:27:10.544627+00:00
2561,1765927630.565525,2025-12-16T23:27:10.565530+00:00
2562,1765927630.584223,2025-12-16T23:27:10.584226+00:00
2563,1765927630.602241,2025-12-16T23:27:10.602241+00:00
2564,1765927630.621839,2025-12-16T23:27:10.621844+00:00
2565,1765927630.6402502,2025-12-16T23:27:10.640251+00:00
2566,1765927630.661105,2025-12-16T23:27:10.661108+00:00
2567,1765927630.681974,2025-12-16T23:27:10.681977+00:00
2568,1765927630.7028701,2025-12-16T23:27:10.702872+00:00
2569,1765927630.720553,2025-12-16T23:27:10.720556+00:00
2570,1765927630.739143,2025-12-16T23:27:10.739146+00:00
2571,1765927630.7564101,2025-12-16T23:27:10.756416+00:00
2572,1765927630.777316,2025-12-16T23:27:10.777317+00:00
2573,1765927630.794345,2025-12-16T23:27:10.794350+00:00
2574,1765927630.8121989,2025-12-16T23:27:10.812200+00:00
2575,1765927630.833057,2025-12-16T23:27:10.833058+00:00
2576,1765927630.852268,2025-12-16T23:27:10.852280+00:00
2577,1765927630.869177,2025-12-16T23:27:10.869177+00:00
2578,1765927630.8861299,2025-12-16T23:27:10.886130+00:00
2579,1765927630.90698,2025-12-16T23:27:10.906982+00:00
2580,1765927630.923778,2025-12-16T23:27:10.923784+00:00
2581,1765927630.944663,2025-12-16T23:27:10.944672+00:00
2582,1765927630.9655511,2025-12-16T23:27:10.965553+00:00
2583,1765927630.98642,2025-12-16T23:27:10.986421+00:00
2584,1765927631.007286,2025-12-16T23:27:11.007288+00:00
2585,1765927631.0276978,2025-12-16T23:27:11.027701+00:00
2586,1765927631.048568,2025-12-16T23:27:11.048569+00:00
2587,1765927631.0658638,2025-12-16T23:27:11.065866+00:00
2588,1765927631.085574,2025-12-16T23:27:11.085575+00:00
2589,1765927631.1025438,2025-12-16T23:27:11.102546+00:00
2590,1765927631.123383,2025-12-16T23:27:11.123387+00:00
2591,1765927631.143869,2025-12-16T23:27:11.143875+00:00
2592,1765927631.162126,2025-12-16T23:27:11.162131+00:00
2593,1765927631.183069,2025-12-16T23:27:11.183073+00:00
2594,1765927631.203616,2025-12-16T23:27:11.203618+00:00
2595,1765927631.2204502,2025-12-16T23:27:11.220451+00:00
2596,1765927631.241308,2025-12-16T23:27:11.241309+00:00
2597,1765927631.258341,2025-12-16T23:27:11.258345+00:00
2598,1765927631.279222,2025-12-16T23:27:11.279223+00:00
2599,1765927631.3000882,2025-12-16T23:27:11.300094+00:00
2600,1765927631.321003,2025-12-16T23:27:11.321007+00:00
2601,1765927631.3413498,2025-12-16T23:27:11.341355+00:00
2602,1765927631.362005,2025-12-16T23:27:11.362007+00:00
2603,1765927631.382894,2025-12-16T23:27:11.382899+00:00
2604,1765927631.403816,2025-12-16T23:27:11.403823+00:00
2605,1765927631.4221,2025-12-16T23:27:11.422101+00:00
2606,1765927631.4397812,2025-12-16T23:27:11.439784+00:00
2607,1765927631.460682,2025-12-16T23:27:11.460685+00:00
2608,1765927631.477626,2025-12-16T23:27:11.477629+00:00
2609,1765927631.495067,2025-12-16T23:27:11.495071+00:00
2610,1765927631.512877,2025-12-16T23:27:11.512878+00:00
2611,1765927631.532773,2025-12-16T23:27:11.532777+00:00
2612,1765927631.5508852,2025-12-16T23:27:11.550889+00:00
2613,1765927631.5697658,2025-12-16T23:27:11.569768+00:00
2614,1765927631.58822,2025-12-16T23:27:11.588224+00:00
2615,1765927631.609083,2025-12-16T23:27:11.609084+00:00
2616,1765927631.6299388,2025-12-16T23:27:11.629941+00:00
2617,1765927631.646778,2025-12-16T23:27:11.646780+00:00
2618,1765927631.666828,2025-12-16T23:27:11.666849+00:00
2619,1765927631.686244,2025-12-16T23:27:11.686245+00:00
2620,1765927631.707017,2025-12-16T23:27:11.707018+00:00
2621,1765927631.727874,2025-12-16T23:27:11.727875+00:00
2622,1765927631.7449012,2025-12-16T23:27:11.744903+00:00
2623,1765927631.761628,2025-12-16T23:27:11.761628+00:00
2624,1765927631.782478,2025-12-16T23:27:11.782479+00:00
2625,1765927631.802971,2025-12-16T23:27:11.802974+00:00
2626,1765927631.823848,2025-12-16T23:27:11.823852+00:00
2627,1765927631.8411908,2025-12-16T23:27:11.841194+00:00
2628,1765927631.861301,2025-12-16T23:27:11.861303+00:00
2629,1765927631.8821719,2025-12-16T23:27:11.882172+00:00
2630,1765927631.902858,2025-12-16T23:27:11.902862+00:00
2631,1765927631.9210722,2025-12-16T23:27:11.921076+00:00
2632,1765927631.940484,2025-12-16T23:27:11.940484+00:00
2633,1765927631.961111,2025-12-16T23:27:11.961112+00:00
2634,1765927631.980834,2025-12-16T23:27:11.980839+00:00
2635,1765927631.99897,2025-12-16T23:27:11.998973+00:00
2636,1765927632.017441,2025-12-16T23:27:12.017465+00:00
2637,1765927632.036164,2025-12-16T23:27:12.036166+00:00
2638,1765927632.0570722,2025-12-16T23:27:12.057075+00:00
2639,1765927632.0741591,2025-12-16T23:27:12.074162+00:00
2640,1765927632.0912519,2025-12-16T23:27:12.091255+00:00
2641,1765927632.1083038,2025-12-16T23:27:12.108316+00:00
2642,1765927632.129079,2025-12-16T23:27:12.129081+00:00
2643,1765927632.146951,2025-12-16T23:27:12.146952+00:00
2644,1765927632.165387,2025-12-16T23:27:12.165395+00:00
2645,1765927632.18324,2025-12-16T23:27:12.183244+00:00
2646,1765927632.204129,2025-12-16T23:27:12.204131+00:00
2647,1765927632.224743,2025-12-16T23:27:12.224749+00:00
2648,1765927632.2424698,2025-12-16T23:27:12.242474+00:00
2649,1765927632.2599208,2025-12-16T23:27:12.259922+00:00
2650,1765927632.278775,2025-12-16T23:27:12.278775+00:00
2651,1765927632.297185,2025-12-16T23:27:12.297189+00:00
2652,1765927632.3180642,2025-12-16T23:27:12.318064+00:00
2653,1765927632.33601,2025-12-16T23:27:12.336012+00:00
2654,1765927632.35693,2025-12-16T23:27:12.356932+00:00
2655,1765927632.377665,2025-12-16T23:27:12.377671+00:00
2656,1765927632.3965921,2025-12-16T23:27:12.396594+00:00
2657,1765927632.4136288,2025-12-16T23:27:12.413633+00:00
2658,1765927632.431964,2025-12-16T23:27:12.431968+00:00
2659,1765927632.4525461,2025-12-16T23:27:12.452549+00:00
2660,1765927632.473424,2025-12-16T23:27:12.473428+00:00
2661,1765927632.4936478,2025-12-16T23:27:12.493653+00:00
2662,1765927632.511306,2025-12-16T23:27:12.511310+00:00
2663,1765927632.5319161,2025-12-16T23:27:12.531917+00:00
2664,1765927632.551386,2025-12-16T23:27:12.551387+00:00
2665,1765927632.572244,2025-12-16T23:27:12.572247+00:00
2666,1765927632.590644,2025-12-16T23:27:12.590648+00:00
2667,1765927632.608971,2025-12-16T23:27:12.608971+00:00
2668,1765927632.6278028,2025-12-16T23:27:12.627805+00:00
2669,1765927632.6486862,2025-12-16T23:27:12.648689+00:00
2670,1765927632.669183,2025-12-16T23:27:12.669186+00:00
2671,1765927632.6870499,2025-12-16T23:27:12.687051+00:00
2672,1765927632.704643,2025-12-16T23:27:12.704644+00:00
2673,1765927632.7224162,2025-12-16T23:27:12.722418+00:00
2674,1765927632.7432919,2025-12-16T23:27:12.743294+00:00
2675,1765927632.7641542,2025-12-16T23:27:12.764157+00:00
2676,1765927632.782562,2025-12-16T23:27:12.782660+00:00
2677,1765927632.803123,2025-12-16T23:27:12.803128+00:00
2678,1765927632.82077,2025-12-16T23:27:12.820772+00:00
2679,1765927632.8385742,2025-12-16T23:27:12.838579+00:00
2680,1765927632.856551,2025-12-16T23:27:12.856554+00:00
2681,1765927632.877413,2025-12-16T23:27:12.877414+00:00
2682,1765927632.895013,2025-12-16T23:27:12.895014+00:00
2683,1765927632.915869,2025-12-16T23:27:12.915870+00:00
2684,1765927632.936745,2025-12-16T23:27:12.936746+00:00
2685,1765927632.956327,2025-12-16T23:27:12.956329+00:00
2686,1765927632.9771981,2025-12-16T23:27:12.977199+00:00
2687,1765927632.9971561,2025-12-16T23:27:12.997160+00:00
2688,1765927633.018053,2025-12-16T23:27:13.018058+00:00
2689,1765927633.035999,2025-12-16T23:27:13.036000+00:00
2690,1765927633.056866,2025-12-16T23:27:13.056871+00:00
2691,1765927633.075715,2025-12-16T23:27:13.075720+00:00
2692,1765927633.093685,2025-12-16T23:27:13.093687+00:00
2693,1765927633.114557,2025-12-16T23:27:13.114562+00:00
2694,1765927633.135456,2025-12-16T23:27:13.135458+00:00
2695,1765927633.15261,2025-12-16T23:27:13.152614+00:00
2696,1765927633.169534,2025-12-16T23:27:13.169541+00:00
2697,1765927633.186284,2025-12-16T23:27:13.186287+00:00
2698,1765927633.2039099,2025-12-16T23:27:13.203912+00:00
2699,1765927633.224803,2025-12-16T23:27:13.224806+00:00
2700,1765927633.244458,2025-12-16T23:27:13.244468+00:00
2701,1765927633.2614558,2025-12-16T23:27:13.261457+00:00
2702,1765927633.278843,2025-12-16T23:27:13.278846+00:00
2703,1765927633.2977831,2025-12-16T23:27:13.297784+00:00
2704,1765927633.318634,2025-12-16T23:27:13.318635+00:00
2705,1765927633.337204,2025-12-16T23:27:13.337207+00:00
2706,1765927633.3580952,2025-12-16T23:27:13.358097+00:00
2707,1765927633.377666,2025-12-16T23:27:13.377674+00:00
2708,1765927633.398323,2025-12-16T23:27:13.398348+00:00
2709,1765927633.4192169,2025-12-16T23:27:13.419220+00:00
2710,1765927633.4360058,2025-12-16T23:27:13.436010+00:00
2711,1765927633.453155,2025-12-16T23:27:13.453158+00:00
2712,1765927633.4740322,2025-12-16T23:27:13.474039+00:00
2713,1765927633.490806,2025-12-16T23:27:13.490813+00:00
2714,1765927633.510879,2025-12-16T23:27:13.510884+00:00
2715,1765927633.527987,2025-12-16T23:27:13.527988+00:00
2716,1765927633.548856,2025-12-16T23:27:13.548858+00:00
2717,1765927633.568359,2025-12-16T23:27:13.568362+00:00
2718,1765927633.585672,2025-12-16T23:27:13.585672+00:00
2719,1765927633.605454,2025-12-16T23:27:13.605455+00:00
2720,1765927633.6263192,2025-12-16T23:27:13.626322+00:00
2721,1765927633.6445508,2025-12-16T23:27:13.644554+00:00
2722,1765927633.6654952,2025-12-16T23:27:13.665503+00:00
2723,1765927633.6844218,2025-12-16T23:27:13.684431+00:00
2724,1765927633.703766,2025-12-16T23:27:13.703768+00:00
2725,1765927633.721637,2025-12-16T23:27:13.721641+00:00
2726,1765927633.742528,2025-12-16T23:27:13.742537+00:00
2727,1765927633.761415,2025-12-16T23:27:13.761420+00:00
2728,1765927633.782327,2025-12-16T23:27:13.782330+00:00
2729,1765927633.8032022,2025-12-16T23:27:13.803204+00:00
2730,1765927633.819948,2025-12-16T23:27:13.819950+00:00
2731,1765927633.840816,2025-12-16T23:27:13.840818+00:00
2732,1765927633.861686,2025-12-16T23:27:13.861687+00:00
2733,1765927633.881023,2025-12-16T23:27:13.881024+00:00
2734,1765927633.901877,2025-12-16T23:27:13.901881+00:00
2735,1765927633.9227421,2025-12-16T23:27:13.922747+00:00
2736,1765927633.940537,2025-12-16T23:27:13.940541+00:00
2737,1765927633.9601338,2025-12-16T23:27:13.960139+00:00
2738,1765927633.977162,2025-12-16T23:27:13.977167+00:00
2739,1765927633.9974651,2025-12-16T23:27:13.997468+00:00
2740,1765927634.014789,2025-12-16T23:27:14.014793+00:00
2741,1765927634.03457,2025-12-16T23:27:14.034575+00:00
2742,1765927634.053205,2025-12-16T23:27:14.053209+00:00
2743,1765927634.071511,2025-12-16T23:27:14.071515+00:00
2744,1765927634.0923939,2025-12-16T23:27:14.092395+00:00
2745,1765927634.1132438,2025-12-16T23:27:14.113245+00:00
2746,1765927634.1341078,2025-12-16T23:27:14.134111+00:00
2747,1765927634.153544,2025-12-16T23:27:14.153547+00:00
2748,1765927634.174418,2025-12-16T23:27:14.174420+00:00
2749,1765927634.194533,2025-12-16T23:27:14.194538+00:00
2750,1765927634.2153249,2025-12-16T23:27:14.215331+00:00
2751,1765927634.2353039,2025-12-16T23:27:14.235310+00:00
2752,1765927634.255438,2025-12-16T23:27:14.255439+00:00
2753,1765927634.273101,2025-12-16T23:27:14.273103+00:00
2754,1765927634.291839,2025-12-16T23:27:14.291841+00:00
2755,1765927634.311244,2025-12-16T23:27:14.311246+00:00
2756,1765927634.328738,2025-12-16T23:27:14.328739+00:00
2757,1765927634.346661,2025-12-16T23:27:14.346662+00:00
2758,1765927634.367519,2025-12-16T23:27:14.367522+00:00
2759,1765927634.386063,2025-12-16T23:27:14.386067+00:00
2760,1765927634.406922,2025-12-16T23:27:14.406922+00:00
2761,1765927634.427626,2025-12-16T23:27:14.427630+00:00
2762,1765927634.447447,2025-12-16T23:27:14.447449+00:00
2763,1765927634.465014,2025-12-16T23:27:14.465018+00:00
2764,1765927634.486084,2025-12-16T23:27:14.486086+00:00
2765,1765927634.504048,2025-12-16T23:27:14.504049+00:00
2766,1765927634.5218282,2025-12-16T23:27:14.521829+00:00
2767,1765927634.5387368,2025-12-16T23:27:14.538740+00:00
2768,1765927634.559626,2025-12-16T23:27:14.559628+00:00
2769,1765927634.5773351,2025-12-16T23:27:14.577337+00:00
2770,1765927634.597731,2025-12-16T23:27:14.597734+00:00
2771,1765927634.616823,2025-12-16T23:27:14.616837+00:00
2772,1765927634.637696,2025-12-16T23:27:14.637698+00:00
2773,1765927634.6570141,2025-12-16T23:27:14.657020+00:00
2774,1765927634.6763551,2025-12-16T23:27:14.676361+00:00
2775,1765927634.695404,2025-12-16T23:27:14.695409+00:00
2776,1765927634.71627,2025-12-16T23:27:14.716271+00:00
2777,1765927634.736473,2025-12-16T23:27:14.736474+00:00
2778,1765927634.754974,2025-12-16T23:27:14.754977+00:00
2779,1765927634.775863,2025-12-16T23:27:14.775864+00:00
2780,1765927634.796719,2025-12-16T23:27:14.796720+00:00
2781,1765927634.81451,2025-12-16T23:27:14.814511+00:00
2782,1765927634.83486,2025-12-16T23:27:14.834863+00:00
2783,1765927634.855737,2025-12-16T23:27:14.855739+00:00
2784,1765927634.876588,2025-12-16T23:27:14.876590+00:00
2785,1765927634.8946939,2025-12-16T23:27:14.894699+00:00
2786,1765927634.912985,2025-12-16T23:27:14.912987+00:00
2787,1765927634.9298801,2025-12-16T23:27:14.929880+00:00
2788,1765927634.950389,2025-12-16T23:27:14.950392+00:00
2789,1765927634.967808,2025-12-16T23:27:14.967809+00:00
2790,1765927634.987154,2025-12-16T23:27:14.987155+00:00
2791,1765927635.008029,2025-12-16T23:27:15.008031+00:00
2792,1765927635.0256598,2025-12-16T23:27:15.025664+00:00
2793,1765927635.0465338,2025-12-16T23:27:15.046538+00:00
2794,1765927635.0642781,2025-12-16T23:27:15.064295+00:00
2795,1765927635.085185,2025-12-16T23:27:15.085189+00:00
2796,1765927635.104244,2025-12-16T23:27:15.104248+00:00
2797,1765927635.1251268,2025-12-16T23:27:15.125130+00:00
2798,1765927635.142682,2025-12-16T23:27:15.142684+00:00
2799,1765927635.1608179,2025-12-16T23:27:15.160822+00:00
2800,1765927635.180407,2025-12-16T23:27:15.180418+00:00
2801,1765927635.1987,2025-12-16T23:27:15.198703+00:00
2802,1765927635.218496,2025-12-16T23:27:15.218500+00:00
2803,1765927635.239375,2025-12-16T23:27:15.239376+00:00
2804,1765927635.260222,2025-12-16T23:27:15.260223+00:00
2805,1765927635.281098,2025-12-16T23:27:15.281101+00:00
2806,1765927635.3019772,2025-12-16T23:27:15.301979+00:00
2807,1765927635.319712,2025-12-16T23:27:15.319722+00:00
2808,1765927635.337064,2025-12-16T23:27:15.337068+00:00
2809,1765927635.3548841,2025-12-16T23:27:15.354889+00:00
2810,1765927635.3757582,2025-12-16T23:27:15.375759+00:00
2811,1765927635.3966122,2025-12-16T23:27:15.396614+00:00
2812,1765927635.417485,2025-12-16T23:27:15.417490+00:00
2813,1765927635.437595,2025-12-16T23:27:15.437598+00:00
2814,1765927635.4584808,2025-12-16T23:27:15.458484+00:00
2815,1765927635.477587,2025-12-16T23:27:15.477591+00:00
2816,1765927635.496316,2025-12-16T23:27:15.496320+00:00
2817,1765927635.517188,2025-12-16T23:27:15.517190+00:00
2818,1765927635.535337,2025-12-16T23:27:15.535338+00:00
2819,1765927635.55626,2025-12-16T23:27:15.556263+00:00
2820,1765927635.5771232,2025-12-16T23:27:15.577126+00:00
2821,1765927635.5972438,2025-12-16T23:27:15.597247+00:00
2822,1765927635.616073,2025-12-16T23:27:15.616075+00:00
2823,1765927635.6361952,2025-12-16T23:27:15.636196+00:00
2824,1765927635.656172,2025-12-16T23:27:15.656174+00:00
2825,1765927635.6759849,2025-12-16T23:27:15.675990+00:00
2826,1765927635.696905,2025-12-16T23:27:15.696913+00:00
2827,1765927635.7178109,2025-12-16T23:27:15.717812+00:00
2828,1765927635.7365701,2025-12-16T23:27:15.736574+00:00
2829,1765927635.753791,2025-12-16T23:27:15.753792+00:00
2830,1765927635.774637,2025-12-16T23:27:15.774637+00:00
2831,1765927635.794983,2025-12-16T23:27:15.794983+00:00
2832,1765927635.812057,2025-12-16T23:27:15.812058+00:00
2833,1765927635.8329148,2025-12-16T23:27:15.832917+00:00
2834,1765927635.853193,2025-12-16T23:27:15.853195+00:00
2835,1765927635.874062,2025-12-16T23:27:15.874065+00:00
2836,1765927635.893384,2025-12-16T23:27:15.893388+00:00
2837,1765927635.9140968,2025-12-16T23:27:15.914101+00:00
2838,1765927635.934977,2025-12-16T23:27:15.934981+00:00
2839,1765927635.954875,2025-12-16T23:27:15.954880+00:00
2840,1765927635.973505,2025-12-16T23:27:15.973510+00:00
2841,1765927635.9920719,2025-12-16T23:27:15.992075+00:00
2842,1765927636.0112221,2025-12-16T23:27:16.011227+00:00
2843,1765927636.03097,2025-12-16T23:27:16.030974+00:00
2844,1765927636.050751,2025-12-16T23:27:16.050758+00:00
2845,1765927636.0712142,2025-12-16T23:27:16.071216+00:00
2846,1765927636.091539,2025-12-16T23:27:16.091544+00:00
2847,1765927636.111312,2025-12-16T23:27:16.111315+00:00
2848,1765927636.132192,2025-12-16T23:27:16.132195+00:00
2849,1765927636.152747,2025-12-16T23:27:16.152748+00:00
2850,1765927636.169467,2025-12-16T23:27:16.169470+00:00
2851,1765927636.186516,2025-12-16T23:27:16.186523+00:00
2852,1765927636.207426,2025-12-16T23:27:16.207430+00:00
2853,1765927636.227891,2025-12-16T23:27:16.227895+00:00
2854,1765927636.2519,2025-12-16T23:27:16.251905+00:00
2855,1765927636.2703831,2025-12-16T23:27:16.270387+00:00
2856,1765927636.290866,2025-12-16T23:27:16.290869+00:00
2857,1765927636.311166,2025-12-16T23:27:16.311171+00:00
2858,1765927636.327883,2025-12-16T23:27:16.327885+00:00
2859,1765927636.3487391,2025-12-16T23:27:16.348740+00:00
2860,1765927636.369459,2025-12-16T23:27:16.369463+00:00
2861,1765927636.390362,2025-12-16T23:27:16.390368+00:00
2862,1765927636.410808,2025-12-16T23:27:16.410809+00:00
2863,1765927636.430409,2025-12-16T23:27:16.430410+00:00
2864,1765927636.4474711,2025-12-16T23:27:16.447473+00:00
2865,1765927636.468328,2025-12-16T23:27:16.468332+00:00
2866,1765927636.489202,2025-12-16T23:27:16.489205+00:00
2867,1765927636.5103319,2025-12-16T23:27:16.510335+00:00
2868,1765927636.527613,2025-12-16T23:27:16.527641+00:00
2869,1765927636.546096,2025-12-16T23:27:16.546100+00:00
2870,1765927636.564885,2025-12-16T23:27:16.564887+00:00
2871,1765927636.582429,2025-12-16T23:27:16.582438+00:00
2872,1765927636.602477,2025-12-16T23:27:16.602478+00:00
2873,1765927636.6233978,2025-12-16T23:27:16.623401+00:00
2874,1765927636.640159,2025-12-16T23:27:16.640159+00:00
2875,1765927636.661002,2025-12-16T23:27:16.661002+00:00
2876,1765927636.6818519,2025-12-16T23:27:16.681857+00:00
2877,1765927636.7027252,2025-12-16T23:27:16.702731+00:00
2878,1765927636.719645,2025-12-16T23:27:16.719649+00:00
2879,1765927636.737092,2025-12-16T23:27:16.737094+00:00
2880,1765927636.757985,2025-12-16T23:27:16.757989+00:00
2881,1765927636.7788842,2025-12-16T23:27:16.778886+00:00
2882,1765927636.799655,2025-12-16T23:27:16.799656+00:00
2883,1765927636.818845,2025-12-16T23:27:16.818849+00:00
2884,1765927636.838818,2025-12-16T23:27:16.838825+00:00
2885,1765927636.857007,2025-12-16T23:27:16.857008+00:00
2886,1765927636.874752,2025-12-16T23:27:16.874755+00:00
2887,1765927636.895642,2025-12-16T23:27:16.895645+00:00
2888,1765927636.916245,2025-12-16T23:27:16.916246+00:00
2889,1765927636.93461,2025-12-16T23:27:16.934612+00:00
2890,1765927636.95151,2025-12-16T23:27:16.951510+00:00
2891,1765927636.969619,2025-12-16T23:27:16.969622+00:00
2892,1765927636.990499,2025-12-16T23:27:16.990499+00:00
2893,1765927637.011294,2025-12-16T23:27:17.011299+00:00
2894,1765927637.0320482,2025-12-16T23:27:17.032050+00:00
2895,1765927637.05293,2025-12-16T23:27:17.052931+00:00
2896,1765927637.069649,2025-12-16T23:27:17.069650+00:00
2897,1765927637.088935,2025-12-16T23:27:17.088936+00:00
2898,1765927637.109799,2025-12-16T23:27:17.109804+00:00
2899,1765927637.130732,2025-12-16T23:27:17.130734+00:00
2900,1765927637.1498399,2025-12-16T23:27:17.149844+00:00
2901,1765927637.1704261,2025-12-16T23:27:17.170432+00:00
2902,1765927637.190253,2025-12-16T23:27:17.190257+00:00
2903,1765927637.211135,2025-12-16T23:27:17.211140+00:00
2904,1765927637.228458,2025-12-16T23:27:17.228461+00:00
2905,1765927637.24716,2025-12-16T23:27:17.247163+00:00
2906,1765927637.264813,2025-12-16T23:27:17.264818+00:00
2907,1765927637.2834392,2025-12-16T23:27:17.283444+00:00
2908,1765927637.303673,2025-12-16T23:27:17.303683+00:00
2909,1765927637.322479,2025-12-16T23:27:17.322484+00:00
2910,1765927637.3400042,2025-12-16T23:27:17.340008+00:00
2911,1765927637.3609111,2025-12-16T23:27:17.360916+00:00
2912,1765927637.378783,2025-12-16T23:27:17.378788+00:00
2913,1765927637.3996658,2025-12-16T23:27:17.399669+00:00
2914,1765927637.4202502,2025-12-16T23:27:17.420251+00:00
2915,1765927637.441112,2025-12-16T23:27:17.441114+00:00
2916,1765927637.462757,2025-12-16T23:27:17.462761+00:00
2917,1765927637.483666,2025-12-16T23:27:17.483670+00:00
2918,1765927637.50471,2025-12-16T23:27:17.504716+00:00
2919,1765927637.525598,2025-12-16T23:27:17.525601+00:00
2920,1765927637.54652,2025-12-16T23:27:17.546523+00:00
2921,1765927637.5665941,2025-12-16T23:27:17.566616+00:00
2922,1765927637.586605,2025-12-16T23:27:17.586647+00:00
2923,1765927637.6036968,2025-12-16T23:27:17.603701+00:00
2924,1765927637.624567,2025-12-16T23:27:17.624571+00:00
2925,1765927637.645323,2025-12-16T23:27:17.645332+00:00
2926,1765927637.662616,2025-12-16T23:27:17.662620+00:00
2927,1765927637.68191,2025-12-16T23:27:17.681914+00:00
2928,1765927637.700426,2025-12-16T23:27:17.700429+00:00
2929,1765927637.719776,2025-12-16T23:27:17.719782+00:00
2930,1765927637.740683,2025-12-16T23:27:17.740685+00:00
2931,1765927637.76156,2025-12-16T23:27:17.761565+00:00
2932,1765927637.782465,2025-12-16T23:27:17.782469+00:00
2933,1765927637.803339,2025-12-16T23:27:17.803341+00:00
2934,1765927637.8204641,2025-12-16T23:27:17.820495+00:00
2935,1765927637.841446,2025-12-16T23:27:17.841456+00:00
2936,1765927637.861946,2025-12-16T23:27:17.861949+00:00
2937,1765927637.8787022,2025-12-16T23:27:17.878705+00:00
2938,1765927637.89832,2025-12-16T23:27:17.898322+00:00
2939,1765927637.9165142,2025-12-16T23:27:17.916520+00:00
2940,1765927637.9368231,2025-12-16T23:27:17.936826+00:00
2941,1765927637.9577012,2025-12-16T23:27:17.957704+00:00
2942,1765927637.978576,2025-12-16T23:27:17.978580+00:00
2943,1765927637.999645,2025-12-16T23:27:17.999666+00:00
2944,1765927638.020312,2025-12-16T23:27:18.020317+00:00
2945,1765927638.038496,2025-12-16T23:27:18.038502+00:00
2946,1765927638.057257,2025-12-16T23:27:18.057261+00:00
2947,1765927638.074123,2025-12-16T23:27:18.074125+00:00
2948,1765927638.094671,2025-12-16T23:27:18.094676+00:00
2949,1765927638.115829,2025-12-16T23:27:18.115833+00:00
2950,1765927638.134104,2025-12-16T23:27:18.134109+00:00
2951,1765927638.153394,2025-12-16T23:27:18.153400+00:00
2952,1765927638.17965,2025-12-16T23:27:18.179662+00:00
2953,1765927638.201687,2025-12-16T23:27:18.201694+00:00
2954,1765927638.222322,2025-12-16T23:27:18.222325+00:00
2955,1765927638.240906,2025-12-16T23:27:18.240930+00:00
2956,1765927638.261824,2025-12-16T23:27:18.261826+00:00
2957,1765927638.2826822,2025-12-16T23:27:18.282683+00:00
2958,1765927638.3030488,2025-12-16T23:27:18.303053+00:00
2959,1765927638.3239522,2025-12-16T23:27:18.323960+00:00
2960,1765927638.342379,2025-12-16T23:27:18.342380+00:00
2961,1765927638.360281,2025-12-16T23:27:18.360282+00:00
2962,1765927638.37854,2025-12-16T23:27:18.378546+00:00
2963,1765927638.39945,2025-12-16T23:27:18.399452+00:00
2964,1765927638.418296,2025-12-16T23:27:18.418299+00:00
2965,1765927638.439209,2025-12-16T23:27:18.439212+00:00
2966,1765927638.459019,2025-12-16T23:27:18.459025+00:00
2967,1765927638.4774148,2025-12-16T23:27:18.477420+00:00
2968,1765927638.4983418,2025-12-16T23:27:18.498350+00:00
2969,1765927638.5163121,2025-12-16T23:27:18.516314+00:00
2970,1765927638.53423,2025-12-16T23:27:18.534236+00:00
2971,1765927638.552695,2025-12-16T23:27:18.552697+00:00
2972,1765927638.572317,2025-12-16T23:27:18.572321+00:00
2973,1765927638.592463,2025-12-16T23:27:18.592469+00:00
2974,1765927638.61109,2025-12-16T23:27:18.611093+00:00
2975,1765927638.632237,2025-12-16T23:27:18.632244+00:00
2976,1765927638.65829,2025-12-16T23:27:18.658294+00:00
2977,1765927638.679659,2025-12-16T23:27:18.679666+00:00
2978,1765927638.7043,2025-12-16T23:27:18.704304+00:00
2979,1765927638.7242198,2025-12-16T23:27:18.724223+00:00
2980,1765927638.7427268,2025-12-16T23:27:18.742733+00:00
2981,1765927638.76059,2025-12-16T23:27:18.760596+00:00
2982,1765927638.7815108,2025-12-16T23:27:18.781515+00:00
2983,1765927638.8023958,2025-12-16T23:27:18.802399+00:00
2984,1765927638.820796,2025-12-16T23:27:18.820798+00:00
2985,1765927638.841718,2025-12-16T23:27:18.841722+00:00
2986,1765927638.861375,2025-12-16T23:27:18.861379+00:00
2987,1765927638.882284,2025-12-16T23:27:18.882288+00:00
2988,1765927638.9006348,2025-12-16T23:27:18.900639+00:00
2989,1765927638.91989,2025-12-16T23:27:18.919893+00:00
2990,1765927638.9380128,2025-12-16T23:27:18.938018+00:00
2991,1765927638.958903,2025-12-16T23:27:18.958907+00:00
2992,1765927638.9757152,2025-12-16T23:27:18.975718+00:00
2993,1765927639.000743,2025-12-16T23:27:19.000747+00:00
2994,1765927639.021475,2025-12-16T23:27:19.021480+00:00
2995,1765927639.038398,2025-12-16T23:27:19.038403+00:00
2996,1765927639.058526,2025-12-16T23:27:19.058536+00:00
2997,1765927639.0827048,2025-12-16T23:27:19.082733+00:00
2998,1765927639.1029172,2025-12-16T23:27:19.102924+00:00
2999,1765927639.1271522,2025-12-16T23:27:19.127157+00:00
3000,1765927639.146653,2025-12-16T23:27:19.154698+00:00
3001,1765927639.1795762,2025-12-16T23:27:19.179592+00:00
3002,1765927639.200493,2025-12-16T23:27:19.200498+00:00
3003,1765927639.2198699,2025-12-16T23:27:19.219875+00:00
3004,1765927639.240028,2025-12-16T23:27:19.240032+00:00
3005,1765927639.2609122,2025-12-16T23:27:19.260916+00:00
3006,1765927639.2817988,2025-12-16T23:27:19.281805+00:00
3007,1765927639.3004951,2025-12-16T23:27:19.300500+00:00
3008,1765927639.3189719,2025-12-16T23:27:19.318977+00:00
3009,1765927639.3360882,2025-12-16T23:27:19.336091+00:00
3010,1765927639.3528059,2025-12-16T23:27:19.352808+00:00
3011,1765927639.373677,2025-12-16T23:27:19.373678+00:00
3012,1765927639.3908129,2025-12-16T23:27:19.390819+00:00
3013,1765927639.411018,2025-12-16T23:27:19.411019+00:00
3014,1765927639.431921,2025-12-16T23:27:19.431926+00:00
3015,1765927639.453223,2025-12-16T23:27:19.453229+00:00
3016,1765927639.473687,2025-12-16T23:27:19.473690+00:00
3017,1765927639.490887,2025-12-16T23:27:19.490892+00:00
3018,1765927639.508288,2025-12-16T23:27:19.508348+00:00
3019,1765927639.5280929,2025-12-16T23:27:19.528100+00:00
3020,1765927639.545696,2025-12-16T23:27:19.545698+00:00
3021,1765927639.562701,2025-12-16T23:27:19.562702+00:00
3022,1765927639.5835578,2025-12-16T23:27:19.583559+00:00
3023,1765927639.602294,2025-12-16T23:27:19.602304+00:00
3024,1765927639.621427,2025-12-16T23:27:19.621430+00:00
3025,1765927639.6423218,2025-12-16T23:27:19.642346+00:00
3026,1765927639.660655,2025-12-16T23:27:19.660661+00:00
3027,1765927639.6815512,2025-12-16T23:27:19.681555+00:00
3028,1765927639.702324,2025-12-16T23:27:19.702331+00:00
3029,1765927639.723256,2025-12-16T23:27:19.723259+00:00
3030,1765927639.744143,2025-12-16T23:27:19.744145+00:00
3031,1765927639.763298,2025-12-16T23:27:19.763300+00:00
3032,1765927639.7823439,2025-12-16T23:27:19.782346+00:00
3033,1765927639.8021388,2025-12-16T23:27:19.802140+00:00
3034,1765927639.822315,2025-12-16T23:27:19.822319+00:00
3035,1765927639.84322,2025-12-16T23:27:19.843222+00:00
3036,1765927639.862011,2025-12-16T23:27:19.862015+00:00
3037,1765927639.882925,2025-12-16T23:27:19.882936+00:00
3038,1765927639.901387,2025-12-16T23:27:19.901388+00:00
3039,1765927639.922251,2025-12-16T23:27:19.922256+00:00
3040,1765927639.943381,2025-12-16T23:27:19.943389+00:00
3041,1765927639.964283,2025-12-16T23:27:19.964285+00:00
3042,1765927639.980993,2025-12-16T23:27:19.980994+00:00
3043,1765927640.0016131,2025-12-16T23:27:20.001616+00:00
3044,1765927640.022217,2025-12-16T23:27:20.022229+00:00
3045,1765927640.043126,2025-12-16T23:27:20.043129+00:00
3046,1765927640.0640051,2025-12-16T23:27:20.064007+00:00
3047,1765927640.0848708,2025-12-16T23:27:20.084873+00:00
3048,1765927640.105769,2025-12-16T23:27:20.105774+00:00
3049,1765927640.125669,2025-12-16T23:27:20.125674+00:00
3050,1765927640.146583,2025-12-16T23:27:20.146587+00:00
3051,1765927640.164625,2025-12-16T23:27:20.164630+00:00
3052,1765927640.1820018,2025-12-16T23:27:20.182004+00:00
3053,1765927640.2028642,2025-12-16T23:27:20.202880+00:00
3054,1765927640.223572,2025-12-16T23:27:20.223577+00:00
3055,1765927640.2444139,2025-12-16T23:27:20.244420+00:00
3056,1765927640.265321,2025-12-16T23:27:20.265324+00:00
3057,1765927640.282062,2025-12-16T23:27:20.282065+00:00
3058,1765927640.302256,2025-12-16T23:27:20.302257+00:00
3059,1765927640.323141,2025-12-16T23:27:20.323142+00:00
3060,1765927640.342979,2025-12-16T23:27:20.342986+00:00
3061,1765927640.361569,2025-12-16T23:27:20.361574+00:00
3062,1765927640.382455,2025-12-16T23:27:20.382459+00:00
3063,1765927640.403372,2025-12-16T23:27:20.403375+00:00
3064,1765927640.4242408,2025-12-16T23:27:20.424247+00:00
3065,1765927640.4419541,2025-12-16T23:27:20.441958+00:00
3066,1765927640.462825,2025-12-16T23:27:20.462827+00:00
3067,1765927640.4836512,2025-12-16T23:27:20.483688+00:00
3068,1765927640.504587,2025-12-16T23:27:20.504591+00:00
3069,1765927640.525454,2025-12-16T23:27:20.525460+00:00
3070,1765927640.5463629,2025-12-16T23:27:20.546365+00:00
3071,1765927640.564152,2025-12-16T23:27:20.564155+00:00
3072,1765927640.583667,2025-12-16T23:27:20.583668+00:00
3073,1765927640.6027038,2025-12-16T23:27:20.602705+00:00
3074,1765927640.623563,2025-12-16T23:27:20.623565+00:00
3075,1765927640.644327,2025-12-16T23:27:20.644329+00:00
3076,1765927640.665204,2025-12-16T23:27:20.665208+00:00
3077,1765927640.682679,2025-12-16T23:27:20.682682+00:00
3078,1765927640.7024908,2025-12-16T23:27:20.702507+00:00
3079,1765927640.723428,2025-12-16T23:27:20.723432+00:00
3080,1765927640.7443159,2025-12-16T23:27:20.744320+00:00
3081,1765927640.765216,2025-12-16T23:27:20.765218+00:00
3082,1765927640.78607,2025-12-16T23:27:20.786071+00:00
3083,1765927640.806607,2025-12-16T23:27:20.806610+00:00
3084,1765927640.8271601,2025-12-16T23:27:20.827161+00:00
3085,1765927640.8469179,2025-12-16T23:27:20.846919+00:00
3086,1765927640.867776,2025-12-16T23:27:20.867780+00:00
3087,1765927640.8880188,2025-12-16T23:27:20.888022+00:00
3088,1765927640.906343,2025-12-16T23:27:20.906347+00:00
3089,1765927640.92431,2025-12-16T23:27:20.924314+00:00
3090,1765927640.945191,2025-12-16T23:27:20.945192+00:00
3091,1765927640.9660459,2025-12-16T23:27:20.966048+00:00
3092,1765927640.986908,2025-12-16T23:27:20.986912+00:00
3093,1765927641.0078259,2025-12-16T23:27:21.007830+00:00
3094,1765927641.0270422,2025-12-16T23:27:21.027046+00:00
3095,1765927641.0441449,2025-12-16T23:27:21.044147+00:00
3096,1765927641.0629382,2025-12-16T23:27:21.062941+00:00
3097,1765927641.0800629,2025-12-16T23:27:21.080068+00:00
3098,1765927641.098333,2025-12-16T23:27:21.098335+00:00
3099,1765927641.11536,2025-12-16T23:27:21.115362+00:00
3100,1765927641.135608,2025-12-16T23:27:21.135610+00:00
3101,1765927641.1564631,2025-12-16T23:27:21.156464+00:00
3102,1765927641.177321,2025-12-16T23:27:21.177323+00:00
3103,1765927641.198178,2025-12-16T23:27:21.198182+00:00
3104,1765927641.218507,2025-12-16T23:27:21.218508+00:00
3105,1765927641.235394,2025-12-16T23:27:21.235395+00:00
3106,1765927641.2522,2025-12-16T23:27:21.252200+00:00
3107,1765927641.27308,2025-12-16T23:27:21.273085+00:00
3108,1765927641.2912169,2025-12-16T23:27:21.291219+00:00
3109,1765927641.3120818,2025-12-16T23:27:21.312083+00:00
3110,1765927641.332354,2025-12-16T23:27:21.332357+00:00
3111,1765927641.3532329,2025-12-16T23:27:21.353233+00:00
3112,1765927641.3739882,2025-12-16T23:27:21.373992+00:00
3113,1765927641.394909,2025-12-16T23:27:21.394913+00:00
3114,1765927641.4158342,2025-12-16T23:27:21.415837+00:00
3115,1765927641.4366999,2025-12-16T23:27:21.436701+00:00
3116,1765927641.459883,2025-12-16T23:27:21.459886+00:00
3117,1765927641.480783,2025-12-16T23:27:21.480788+00:00
3118,1765927641.501469,2025-12-16T23:27:21.501473+00:00
3119,1765927641.52234,2025-12-16T23:27:21.522344+00:00
3120,1765927641.539653,2025-12-16T23:27:21.539654+00:00
3121,1765927641.559615,2025-12-16T23:27:21.559617+00:00
3122,1765927641.580477,2025-12-16T23:27:21.580479+00:00
3123,1765927641.601194,2025-12-16T23:27:21.601198+00:00
3124,1765927641.62003,2025-12-16T23:27:21.620032+00:00
3125,1765927641.64006,2025-12-16T23:27:21.640063+00:00
3126,1765927641.6599429,2025-12-16T23:27:21.659945+00:00
3127,1765927641.680802,2025-12-16T23:27:21.680804+00:00
3128,1765927641.7016609,2025-12-16T23:27:21.701662+00:00
3129,1765927641.722518,2025-12-16T23:27:21.722519+00:00
3130,1765927641.743367,2025-12-16T23:27:21.743368+00:00
3131,1765927641.76385,2025-12-16T23:27:21.763851+00:00
3132,1765927641.7841039,2025-12-16T23:27:21.784106+00:00
3133,1765927641.8018749,2025-12-16T23:27:21.801876+00:00
3134,1765927641.822091,2025-12-16T23:27:21.822092+00:00
3135,1765927641.8429508,2025-12-16T23:27:21.842955+00:00
3136,1765927641.85977,2025-12-16T23:27:21.859772+00:00
3137,1765927641.8806431,2025-12-16T23:27:21.880648+00:00
3138,1765927641.9015338,2025-12-16T23:27:21.901537+00:00
3139,1765927641.919265,2025-12-16T23:27:21.919267+00:00
3140,1765927641.9401238,2025-12-16T23:27:21.940126+00:00
3141,1765927641.957261,2025-12-16T23:27:21.957262+00:00
3142,1765927641.978112,2025-12-16T23:27:21.978113+00:00
3143,1765927641.998967,2025-12-16T23:27:21.998968+00:00
3144,1765927642.019829,2025-12-16T23:27:22.019832+00:00
3145,1765927642.040728,2025-12-16T23:27:22.040729+00:00
3146,1765927642.058964,2025-12-16T23:27:22.058964+00:00
3147,1765927642.079824,2025-12-16T23:27:22.079828+00:00
3148,1765927642.101134,2025-12-16T23:27:22.101137+00:00
3149,1765927642.118915,2025-12-16T23:27:22.118918+00:00
3150,1765927642.135752,2025-12-16T23:27:22.135753+00:00
3151,1765927642.156605,2025-12-16T23:27:22.156605+00:00
3152,1765927642.1774578,2025-12-16T23:27:22.177462+00:00
3153,1765927642.1983519,2025-12-16T23:27:22.198355+00:00
3154,1765927642.21644,2025-12-16T23:27:22.216452+00:00
3155,1765927642.237311,2025-12-16T23:27:22.237313+00:00
3156,1765927642.2584682,2025-12-16T23:27:22.258470+00:00
3157,1765927642.276109,2025-12-16T23:27:22.276111+00:00
3158,1765927642.296961,2025-12-16T23:27:22.296962+00:00
3159,1765927642.3178198,2025-12-16T23:27:22.317823+00:00
3160,1765927642.33869,2025-12-16T23:27:22.338693+00:00
3161,1765927642.358537,2025-12-16T23:27:22.358538+00:00
3162,1765927642.379392,2025-12-16T23:27:22.379393+00:00
3163,1765927642.398738,2025-12-16T23:27:22.398759+00:00
3164,1765927642.4167418,2025-12-16T23:27:22.416756+00:00
3165,1765927642.4376042,2025-12-16T23:27:22.437605+00:00
3166,1765927642.455554,2025-12-16T23:27:22.455558+00:00
3167,1765927642.474762,2025-12-16T23:27:22.474766+00:00
3168,1765927642.495169,2025-12-16T23:27:22.495172+00:00
3169,1765927642.514148,2025-12-16T23:27:22.514151+00:00
3170,1765927642.5319529,2025-12-16T23:27:22.531954+00:00
3171,1765927642.548845,2025-12-16T23:27:22.548846+00:00
3172,1765927642.5697,2025-12-16T23:27:22.569701+00:00
3173,1765927642.590546,2025-12-16T23:27:22.590547+00:00
3174,1765927642.610528,2025-12-16T23:27:22.610532+00:00
3175,1765927642.629245,2025-12-16T23:27:22.629248+00:00
3176,1765927642.6481369,2025-12-16T23:27:22.648138+00:00
3177,1765927642.665979,2025-12-16T23:27:22.665980+00:00
3178,1765927642.685865,2025-12-16T23:27:22.685866+00:00
3179,1765927642.7043881,2025-12-16T23:27:22.704390+00:00
3180,1765927642.723684,2025-12-16T23:27:22.723687+00:00
3181,1765927642.744565,2025-12-16T23:27:22.744567+00:00
3182,1765927642.763756,2025-12-16T23:27:22.763760+00:00
3183,1765927642.783347,2025-12-16T23:27:22.783348+00:00
3184,1765927642.803649,2025-12-16T23:27:22.803653+00:00
3185,1765927642.824091,2025-12-16T23:27:22.824092+00:00
3186,1765927642.845029,2025-12-16T23:27:22.845030+00:00
3187,1765927642.865886,2025-12-16T23:27:22.865886+00:00
