frame_index,timestamp_unix,timestamp_iso
0,1765926971.674382,2025-12-16T23:16:11.674387+00:00
1,1765926971.6952782,2025-12-16T23:16:11.695283+00:00
2,1765926971.715225,2025-12-16T23:16:11.715232+00:00
3,1765926971.736118,2025-12-16T23:16:11.736125+00:00
4,1765926971.757004,2025-12-16T23:16:11.757031+00:00
5,1765926971.777919,2025-12-16T23:16:11.777924+00:00
6,1765926971.798801,2025-12-16T23:16:11.798804+00:00
7,1765926971.817916,2025-12-16T23:16:11.817917+00:00
8,1765926971.834629,2025-12-16T23:16:11.834632+00:00
9,1765926971.855499,2025-12-16T23:16:11.855507+00:00
10,1765926971.87641,2025-12-16T23:16:11.876416+00:00
11,1765926971.893209,2025-12-16T23:16:11.893214+00:00
12,1765926971.912834,2025-12-16T23:16:11.912843+00:00
13,1765926971.9337778,2025-12-16T23:16:11.933803+00:00
14,1765926971.951604,2025-12-16T23:16:11.951605+00:00
15,1765926971.968328,2025-12-16T23:16:11.968329+00:00
16,1765926971.988959,2025-12-16T23:16:11.988960+00:00
17,1765926972.009595,2025-12-16T23:16:12.009597+00:00
18,1765926972.0304818,2025-12-16T23:16:12.030484+00:00
19,1765926972.05137,2025-12-16T23:16:12.051372+00:00
20,1765926972.068651,2025-12-16T23:16:12.068652+00:00
21,1765926972.085408,2025-12-16T23:16:12.085409+00:00
22,1765926972.106272,2025-12-16T23:16:12.106272+00:00
23,1765926972.124663,2025-12-16T23:16:12.124664+00:00
24,1765926972.1414552,2025-12-16T23:16:12.141458+00:00
25,1765926972.160686,2025-12-16T23:16:12.160690+00:00
26,1765926972.177431,2025-12-16T23:16:12.177433+00:00
27,1765926972.195596,2025-12-16T23:16:12.195597+00:00
28,1765926972.216466,2025-12-16T23:16:12.216467+00:00
29,1765926972.237331,2025-12-16T23:16:12.237334+00:00
30,1765926972.2582788,2025-12-16T23:16:12.258284+00:00
31,1765926972.275507,2025-12-16T23:16:12.275509+00:00
32,1765926972.294475,2025-12-16T23:16:12.294481+00:00
33,1765926972.3153658,2025-12-16T23:16:12.315369+00:00
34,1765926972.334694,2025-12-16T23:16:12.334696+00:00
35,1765926972.3556092,2025-12-16T23:16:12.355615+00:00
36,1765926972.3758569,2025-12-16T23:16:12.375864+00:00
37,1765926972.396159,2025-12-16T23:16:12.396166+00:00
38,1765926972.413434,2025-12-16T23:16:12.413441+00:00
39,1765926972.430665,2025-12-16T23:16:12.430670+00:00
40,1765926972.4503329,2025-12-16T23:16:12.450337+00:00
41,1765926972.4712808,2025-12-16T23:16:12.471285+00:00
42,1765926972.4905002,2025-12-16T23:16:12.490502+00:00
43,1765926972.516115,2025-12-16T23:16:12.516126+00:00
44,1765926972.533409,2025-12-16T23:16:12.533417+00:00
45,1765926972.551402,2025-12-16T23:16:12.551409+00:00
46,1765926972.572334,2025-12-16T23:16:12.572343+00:00
47,1765926972.589786,2025-12-16T23:16:12.589845+00:00
48,1765926972.610803,2025-12-16T23:16:12.610807+00:00
49,1765926972.631714,2025-12-16T23:16:12.631722+00:00
50,1765926972.652354,2025-12-16T23:16:12.652357+00:00
51,1765926972.673426,2025-12-16T23:16:12.673433+00:00
52,1765926972.692068,2025-12-16T23:16:12.692072+00:00
53,1765926972.7107358,2025-12-16T23:16:12.710750+00:00
54,1765926972.729341,2025-12-16T23:16:12.729349+00:00
55,1765926972.758802,2025-12-16T23:16:12.758808+00:00
56,1765926972.777055,2025-12-16T23:16:12.777065+00:00
57,1765926972.796135,2025-12-16T23:16:12.796140+00:00
58,1765926972.814201,2025-12-16T23:16:12.814205+00:00
59,1765926972.833007,2025-12-16T23:16:12.833013+00:00
60,1765926972.8497841,2025-12-16T23:16:12.849811+00:00
61,1765926972.866548,2025-12-16T23:16:12.866555+00:00
62,1765926972.884736,2025-12-16T23:16:12.884743+00:00
63,1765926972.905705,2025-12-16T23:16:12.905712+00:00
64,1765926972.925817,2025-12-16T23:16:12.925859+00:00
65,1765926972.9435961,2025-12-16T23:16:12.943666+00:00
66,1765926972.964181,2025-12-16T23:16:12.964219+00:00
67,1765926972.9847429,2025-12-16T23:16:12.984760+00:00
68,1765926973.00151,2025-12-16T23:16:13.001515+00:00
69,1765926973.022403,2025-12-16T23:16:13.022415+00:00
70,1765926973.0433369,2025-12-16T23:16:13.043341+00:00
71,1765926973.0636191,2025-12-16T23:16:13.063624+00:00
72,1765926973.0836842,2025-12-16T23:16:13.083691+00:00
73,1765926973.104587,2025-12-16T23:16:13.104592+00:00
74,1765926973.125623,2025-12-16T23:16:13.125629+00:00
75,1765926973.146562,2025-12-16T23:16:13.146565+00:00
76,1765926973.167458,2025-12-16T23:16:13.167462+00:00
77,1765926973.188361,2025-12-16T23:16:13.188365+00:00
78,1765926973.207197,2025-12-16T23:16:13.207222+00:00
79,1765926973.226323,2025-12-16T23:16:13.226328+00:00
80,1765926973.246667,2025-12-16T23:16:13.246670+00:00
81,1765926973.267539,2025-12-16T23:16:13.267543+00:00
82,1765926973.284568,2025-12-16T23:16:13.284570+00:00
83,1765926973.305429,2025-12-16T23:16:13.305431+00:00
84,1765926973.325103,2025-12-16T23:16:13.325106+00:00
85,1765926973.345969,2025-12-16T23:16:13.345972+00:00
86,1765926973.36687,2025-12-16T23:16:13.366872+00:00
87,1765926973.385736,2025-12-16T23:16:13.385741+00:00
88,1765926973.4057212,2025-12-16T23:16:13.405724+00:00
89,1765926973.426302,2025-12-16T23:16:13.426306+00:00
90,1765926973.44718,2025-12-16T23:16:13.447186+00:00
91,1765926973.465931,2025-12-16T23:16:13.465937+00:00
92,1765926973.4828181,2025-12-16T23:16:13.482823+00:00
93,1765926973.499897,2025-12-16T23:16:13.499903+00:00
94,1765926973.5170891,2025-12-16T23:16:13.517094+00:00
95,1765926973.5351198,2025-12-16T23:16:13.535125+00:00
96,1765926973.5544362,2025-12-16T23:16:13.554442+00:00
97,1765926973.5753431,2025-12-16T23:16:13.575357+00:00
98,1765926973.596277,2025-12-16T23:16:13.596283+00:00
99,1765926973.617186,2025-12-16T23:16:13.617190+00:00
100,1765926973.638098,2025-12-16T23:16:13.638108+00:00
101,1765926973.6552289,2025-12-16T23:16:13.655234+00:00
102,1765926973.676137,2025-12-16T23:16:13.676141+00:00
103,1765926973.6970508,2025-12-16T23:16:13.697066+00:00
104,1765926973.717174,2025-12-16T23:16:13.717175+00:00
105,1765926973.734574,2025-12-16T23:16:13.734575+00:00
106,1765926973.7543218,2025-12-16T23:16:13.754324+00:00
107,1765926973.77521,2025-12-16T23:16:13.775212+00:00
108,1765926973.792979,2025-12-16T23:16:13.792983+00:00
109,1765926973.811882,2025-12-16T23:16:13.811889+00:00
110,1765926973.8306618,2025-12-16T23:16:13.830669+00:00
111,1765926973.8515232,2025-12-16T23:16:13.851524+00:00
112,1765926973.8682618,2025-12-16T23:16:13.868267+00:00
113,1765926973.885671,2025-12-16T23:16:13.885672+00:00
114,1765926973.906556,2025-12-16T23:16:13.906561+00:00
115,1765926973.927453,2025-12-16T23:16:13.927456+00:00
116,1765926973.94835,2025-12-16T23:16:13.948353+00:00
117,1765926973.969238,2025-12-16T23:16:13.969241+00:00
118,1765926973.986623,2025-12-16T23:16:13.986626+00:00
119,1765926974.007529,2025-12-16T23:16:14.007537+00:00
120,1765926974.02459,2025-12-16T23:16:14.024597+00:00
121,1765926974.042061,2025-12-16T23:16:14.042064+00:00
122,1765926974.0629609,2025-12-16T23:16:14.062967+00:00
123,1765926974.0836842,2025-12-16T23:16:14.083688+00:00
124,1765926974.1019661,2025-12-16T23:16:14.101970+00:00
125,1765926974.122845,2025-12-16T23:16:14.122849+00:00
126,1765926974.139749,2025-12-16T23:16:14.139752+00:00
127,1765926974.1576698,2025-12-16T23:16:14.157678+00:00
128,1765926974.176374,2025-12-16T23:16:14.176377+00:00
129,1765926974.1972558,2025-12-16T23:16:14.197258+00:00
130,1765926974.217144,2025-12-16T23:16:14.217145+00:00
131,1765926974.2380002,2025-12-16T23:16:14.238003+00:00
132,1765926974.258888,2025-12-16T23:16:14.258890+00:00
133,1765926974.279673,2025-12-16T23:16:14.279677+00:00
134,1765926974.300574,2025-12-16T23:16:14.300576+00:00
135,1765926974.32147,2025-12-16T23:16:14.321476+00:00
136,1765926974.339693,2025-12-16T23:16:14.339702+00:00
137,1765926974.360606,2025-12-16T23:16:14.360608+00:00
138,1765926974.381482,2025-12-16T23:16:14.381487+00:00
139,1765926974.4023821,2025-12-16T23:16:14.402384+00:00
140,1765926974.4217129,2025-12-16T23:16:14.421714+00:00
141,1765926974.439957,2025-12-16T23:16:14.439960+00:00
142,1765926974.4583292,2025-12-16T23:16:14.458331+00:00
143,1765926974.477107,2025-12-16T23:16:14.477112+00:00
144,1765926974.494385,2025-12-16T23:16:14.494390+00:00
145,1765926974.511799,2025-12-16T23:16:14.511803+00:00
146,1765926974.5304031,2025-12-16T23:16:14.530407+00:00
147,1765926974.551289,2025-12-16T23:16:14.551298+00:00
148,1765926974.570362,2025-12-16T23:16:14.570367+00:00
149,1765926974.587877,2025-12-16T23:16:14.587884+00:00
150,1765926974.608799,2025-12-16T23:16:14.608802+00:00
151,1765926974.627203,2025-12-16T23:16:14.627209+00:00
152,1765926974.6463208,2025-12-16T23:16:14.646326+00:00
153,1765926974.663764,2025-12-16T23:16:14.663767+00:00
154,1765926974.681389,2025-12-16T23:16:14.681392+00:00
155,1765926974.7022688,2025-12-16T23:16:14.702270+00:00
156,1765926974.719075,2025-12-16T23:16:14.719076+00:00
157,1765926974.7399318,2025-12-16T23:16:14.739935+00:00
158,1765926974.7608168,2025-12-16T23:16:14.760821+00:00
159,1765926974.781745,2025-12-16T23:16:14.781749+00:00
160,1765926974.7987258,2025-12-16T23:16:14.798728+00:00
161,1765926974.8195798,2025-12-16T23:16:14.819581+00:00
162,1765926974.837253,2025-12-16T23:16:14.837255+00:00
163,1765926974.857907,2025-12-16T23:16:14.857913+00:00
164,1765926974.8751948,2025-12-16T23:16:14.875198+00:00
165,1765926974.893939,2025-12-16T23:16:14.893941+00:00
166,1765926974.91217,2025-12-16T23:16:14.912172+00:00
167,1765926974.933034,2025-12-16T23:16:14.933039+00:00
168,1765926974.9539468,2025-12-16T23:16:14.953953+00:00
169,1765926974.9747488,2025-12-16T23:16:14.974753+00:00
170,1765926974.995677,2025-12-16T23:16:14.995683+00:00
171,1765926975.016574,2025-12-16T23:16:15.016604+00:00
172,1765926975.034948,2025-12-16T23:16:15.034952+00:00
173,1765926975.055825,2025-12-16T23:16:15.055826+00:00
174,1765926975.076262,2025-12-16T23:16:15.076263+00:00
175,1765926975.092959,2025-12-16T23:16:15.092959+00:00
176,1765926975.10966,2025-12-16T23:16:15.109661+00:00
177,1765926975.1305149,2025-12-16T23:16:15.130517+00:00
178,1765926975.151257,2025-12-16T23:16:15.151260+00:00
179,1765926975.172128,2025-12-16T23:16:15.172131+00:00
180,1765926975.1892102,2025-12-16T23:16:15.189211+00:00
181,1765926975.2078972,2025-12-16T23:16:15.207898+00:00
182,1765926975.2270699,2025-12-16T23:16:15.227076+00:00
183,1765926975.2458181,2025-12-16T23:16:15.245822+00:00
184,1765926975.2631161,2025-12-16T23:16:15.263120+00:00
185,1765926975.284009,2025-12-16T23:16:15.284014+00:00
186,1765926975.302627,2025-12-16T23:16:15.302631+00:00
187,1765926975.320458,2025-12-16T23:16:15.320461+00:00
188,1765926975.3403368,2025-12-16T23:16:15.340340+00:00
189,1765926975.361217,2025-12-16T23:16:15.361218+00:00
190,1765926975.382085,2025-12-16T23:16:15.382090+00:00
191,1765926975.402018,2025-12-16T23:16:15.402019+00:00
192,1765926975.419243,2025-12-16T23:16:15.419248+00:00
193,1765926975.4375281,2025-12-16T23:16:15.437533+00:00
194,1765926975.458432,2025-12-16T23:16:15.458437+00:00
195,1765926975.478695,2025-12-16T23:16:15.478698+00:00
196,1765926975.499579,2025-12-16T23:16:15.499584+00:00
197,1765926975.51918,2025-12-16T23:16:15.519183+00:00
198,1765926975.5400598,2025-12-16T23:16:15.540064+00:00
199,1765926975.560864,2025-12-16T23:16:15.560878+00:00
200,1765926975.580248,2025-12-16T23:16:15.580255+00:00
201,1765926975.601196,2025-12-16T23:16:15.601215+00:00
202,1765926975.619652,2025-12-16T23:16:15.619657+00:00
203,1765926975.6384268,2025-12-16T23:16:15.638427+00:00
204,1765926975.655543,2025-12-16T23:16:15.655544+00:00
205,1765926975.674297,2025-12-16T23:16:15.674297+00:00
206,1765926975.6937652,2025-12-16T23:16:15.693767+00:00
207,1765926975.71396,2025-12-16T23:16:15.713972+00:00
208,1765926975.734832,2025-12-16T23:16:15.734833+00:00
209,1765926975.75554,2025-12-16T23:16:15.755545+00:00
210,1765926975.776424,2025-12-16T23:16:15.776426+00:00
211,1765926975.797215,2025-12-16T23:16:15.797221+00:00
212,1765926975.815447,2025-12-16T23:16:15.815449+00:00
213,1765926975.836305,2025-12-16T23:16:15.836306+00:00
214,1765926975.8556108,2025-12-16T23:16:15.855622+00:00
215,1765926975.873718,2025-12-16T23:16:15.873720+00:00
216,1765926975.8942149,2025-12-16T23:16:15.894218+00:00
217,1765926975.9134872,2025-12-16T23:16:15.913489+00:00
218,1765926975.931844,2025-12-16T23:16:15.931847+00:00
219,1765926975.951348,2025-12-16T23:16:15.951351+00:00
220,1765926975.968173,2025-12-16T23:16:15.968174+00:00
221,1765926975.98523,2025-12-16T23:16:15.985233+00:00
222,1765926976.006114,2025-12-16T23:16:16.006117+00:00
223,1765926976.0269282,2025-12-16T23:16:16.026936+00:00
224,1765926976.0470982,2025-12-16T23:16:16.047101+00:00
225,1765926976.063874,2025-12-16T23:16:16.063875+00:00
226,1765926976.084243,2025-12-16T23:16:16.084245+00:00
227,1765926976.102836,2025-12-16T23:16:16.102839+00:00
228,1765926976.119874,2025-12-16T23:16:16.119877+00:00
229,1765926976.1388822,2025-12-16T23:16:16.138885+00:00
230,1765926976.158902,2025-12-16T23:16:16.158907+00:00
231,1765926976.17954,2025-12-16T23:16:16.179551+00:00
232,1765926976.198983,2025-12-16T23:16:16.198986+00:00
233,1765926976.217957,2025-12-16T23:16:16.217970+00:00
234,1765926976.238836,2025-12-16T23:16:16.238839+00:00
235,1765926976.259711,2025-12-16T23:16:16.259713+00:00
236,1765926976.277753,2025-12-16T23:16:16.277759+00:00
237,1765926976.297174,2025-12-16T23:16:16.297180+00:00
238,1765926976.3180811,2025-12-16T23:16:16.318088+00:00
239,1765926976.338997,2025-12-16T23:16:16.339004+00:00
240,1765926976.358927,2025-12-16T23:16:16.358930+00:00
241,1765926976.379838,2025-12-16T23:16:16.379843+00:00
242,1765926976.400765,2025-12-16T23:16:16.400768+00:00
243,1765926976.418258,2025-12-16T23:16:16.418264+00:00
244,1765926976.439188,2025-12-16T23:16:16.439192+00:00
245,1765926976.4600692,2025-12-16T23:16:16.460070+00:00
246,1765926976.480936,2025-12-16T23:16:16.480936+00:00
247,1765926976.500354,2025-12-16T23:16:16.500358+00:00
248,1765926976.521238,2025-12-16T23:16:16.521248+00:00
249,1765926976.53879,2025-12-16T23:16:16.538796+00:00
250,1765926976.559554,2025-12-16T23:16:16.559564+00:00
251,1765926976.5771651,2025-12-16T23:16:16.577167+00:00
252,1765926976.597715,2025-12-16T23:16:16.597719+00:00
253,1765926976.618232,2025-12-16T23:16:16.618237+00:00
254,1765926976.638772,2025-12-16T23:16:16.638795+00:00
255,1765926976.656814,2025-12-16T23:16:16.656815+00:00
256,1765926976.676872,2025-12-16T23:16:16.676875+00:00
257,1765926976.697778,2025-12-16T23:16:16.697782+00:00
258,1765926976.718677,2025-12-16T23:16:16.718678+00:00
259,1765926976.739533,2025-12-16T23:16:16.739535+00:00
260,1765926976.760402,2025-12-16T23:16:16.760403+00:00
261,1765926976.78127,2025-12-16T23:16:16.781275+00:00
262,1765926976.800225,2025-12-16T23:16:16.800228+00:00
263,1765926976.820626,2025-12-16T23:16:16.820627+00:00
264,1765926976.839318,2025-12-16T23:16:16.839323+00:00
265,1765926976.8602061,2025-12-16T23:16:16.860207+00:00
266,1765926976.881072,2025-12-16T23:16:16.881077+00:00
267,1765926976.901973,2025-12-16T23:16:16.901975+00:00
268,1765926976.922157,2025-12-16T23:16:16.922159+00:00
269,1765926976.940052,2025-12-16T23:16:16.940057+00:00
270,1765926976.96096,2025-12-16T23:16:16.960963+00:00
271,1765926976.98184,2025-12-16T23:16:16.981843+00:00
272,1765926976.999707,2025-12-16T23:16:16.999712+00:00
273,1765926977.0200589,2025-12-16T23:16:17.020066+00:00
274,1765926977.038826,2025-12-16T23:16:17.038829+00:00
275,1765926977.058676,2025-12-16T23:16:17.058678+00:00
276,1765926977.079564,2025-12-16T23:16:17.079568+00:00
277,1765926977.1004632,2025-12-16T23:16:17.100469+00:00
278,1765926977.119308,2025-12-16T23:16:17.119317+00:00
279,1765926977.1399412,2025-12-16T23:16:17.139945+00:00
280,1765926977.1608498,2025-12-16T23:16:17.160854+00:00
281,1765926977.181728,2025-12-16T23:16:17.181732+00:00
282,1765926977.1996899,2025-12-16T23:16:17.199693+00:00
283,1765926977.2188501,2025-12-16T23:16:17.218855+00:00
284,1765926977.239222,2025-12-16T23:16:17.239224+00:00
285,1765926977.2569659,2025-12-16T23:16:17.256968+00:00
286,1765926977.277848,2025-12-16T23:16:17.277849+00:00
287,1765926977.298676,2025-12-16T23:16:17.298680+00:00
288,1765926977.3169222,2025-12-16T23:16:17.316925+00:00
289,1765926977.3377888,2025-12-16T23:16:17.337791+00:00
290,1765926977.354526,2025-12-16T23:16:17.354530+00:00
291,1765926977.373863,2025-12-16T23:16:17.373890+00:00
292,1765926977.394766,2025-12-16T23:16:17.394767+00:00
293,1765926977.415661,2025-12-16T23:16:17.415664+00:00
294,1765926977.434901,2025-12-16T23:16:17.434905+00:00
295,1765926977.454197,2025-12-16T23:16:17.454201+00:00
296,1765926977.473084,2025-12-16T23:16:17.473089+00:00
297,1765926977.493995,2025-12-16T23:16:17.493999+00:00
298,1765926977.511549,2025-12-16T23:16:17.511558+00:00
299,1765926977.530414,2025-12-16T23:16:17.530417+00:00
300,1765926977.549603,2025-12-16T23:16:17.549609+00:00
301,1765926977.570197,2025-12-16T23:16:17.570202+00:00
302,1765926977.591081,2025-12-16T23:16:17.591085+00:00
303,1765926977.6119628,2025-12-16T23:16:17.611967+00:00
304,1765926977.631391,2025-12-16T23:16:17.631397+00:00
305,1765926977.652289,2025-12-16T23:16:17.652297+00:00
306,1765926977.672999,2025-12-16T23:16:17.673004+00:00
307,1765926977.690756,2025-12-16T23:16:17.690759+00:00
308,1765926977.711647,2025-12-16T23:16:17.711653+00:00
309,1765926977.731328,2025-12-16T23:16:17.731332+00:00
310,1765926977.751165,2025-12-16T23:16:17.751171+00:00
311,1765926977.78595,2025-12-16T23:16:17.789595+00:00
312,1765926977.8105059,2025-12-16T23:16:17.810523+00:00
313,1765926977.828029,2025-12-16T23:16:17.828033+00:00
314,1765926977.852611,2025-12-16T23:16:17.852626+00:00
315,1765926977.869838,2025-12-16T23:16:17.869843+00:00
316,1765926977.889112,2025-12-16T23:16:17.889117+00:00
317,1765926977.9080691,2025-12-16T23:16:17.908075+00:00
318,1765926977.925052,2025-12-16T23:16:17.925058+00:00
319,1765926977.944789,2025-12-16T23:16:17.944797+00:00
320,1765926977.965697,2025-12-16T23:16:17.965699+00:00
321,1765926977.986563,2025-12-16T23:16:17.986564+00:00
322,1765926978.007426,2025-12-16T23:16:18.007430+00:00
323,1765926978.02754,2025-12-16T23:16:18.027546+00:00
324,1765926978.0449018,2025-12-16T23:16:18.044910+00:00
325,1765926978.061814,2025-12-16T23:16:18.061818+00:00
326,1765926978.079658,2025-12-16T23:16:18.079662+00:00
327,1765926978.097085,2025-12-16T23:16:18.097086+00:00
328,1765926978.1171331,2025-12-16T23:16:18.117136+00:00
329,1765926978.1358562,2025-12-16T23:16:18.135860+00:00
330,1765926978.156181,2025-12-16T23:16:18.156200+00:00
331,1765926978.177058,2025-12-16T23:16:18.177062+00:00
332,1765926978.197938,2025-12-16T23:16:18.197940+00:00
333,1765926978.218821,2025-12-16T23:16:18.218855+00:00
334,1765926978.2362702,2025-12-16T23:16:18.236274+00:00
335,1765926978.257159,2025-12-16T23:16:18.257161+00:00
336,1765926978.277366,2025-12-16T23:16:18.277369+00:00
337,1765926978.298131,2025-12-16T23:16:18.298133+00:00
338,1765926978.318516,2025-12-16T23:16:18.318518+00:00
339,1765926978.3393211,2025-12-16T23:16:18.339322+00:00
340,1765926978.3602,2025-12-16T23:16:18.360202+00:00
341,1765926978.377612,2025-12-16T23:16:18.377627+00:00
342,1765926978.398485,2025-12-16T23:16:18.398489+00:00
343,1765926978.419393,2025-12-16T23:16:18.419395+00:00
344,1765926978.440254,2025-12-16T23:16:18.440257+00:00
345,1765926978.4572248,2025-12-16T23:16:18.457229+00:00
346,1765926978.475436,2025-12-16T23:16:18.475448+00:00
347,1765926978.4955368,2025-12-16T23:16:18.495541+00:00
348,1765926978.516444,2025-12-16T23:16:18.516451+00:00
349,1765926978.535351,2025-12-16T23:16:18.535361+00:00
350,1765926978.553629,2025-12-16T23:16:18.553632+00:00
351,1765926978.5744991,2025-12-16T23:16:18.574501+00:00
352,1765926978.595372,2025-12-16T23:16:18.595376+00:00
353,1765926978.616271,2025-12-16T23:16:18.616272+00:00
354,1765926978.636541,2025-12-16T23:16:18.636544+00:00
355,1765926978.65653,2025-12-16T23:16:18.656535+00:00
356,1765926978.673293,2025-12-16T23:16:18.673296+00:00
357,1765926978.694168,2025-12-16T23:16:18.694169+00:00
358,1765926978.711772,2025-12-16T23:16:18.711773+00:00
359,1765926978.732637,2025-12-16T23:16:18.732638+00:00
360,1765926978.753494,2025-12-16T23:16:18.753498+00:00
361,1765926978.774579,2025-12-16T23:16:18.774583+00:00
362,1765926978.7954612,2025-12-16T23:16:18.795464+00:00
363,1765926978.816342,2025-12-16T23:16:18.816343+00:00
364,1765926978.8371992,2025-12-16T23:16:18.837200+00:00
365,1765926978.857604,2025-12-16T23:16:18.857609+00:00
366,1765926978.874324,2025-12-16T23:16:18.874327+00:00
367,1765926978.895231,2025-12-16T23:16:18.895235+00:00
368,1765926978.916152,2025-12-16T23:16:18.916155+00:00
369,1765926978.9367418,2025-12-16T23:16:18.936745+00:00
370,1765926978.955751,2025-12-16T23:16:18.955753+00:00
371,1765926978.974606,2025-12-16T23:16:18.974609+00:00
372,1765926978.992222,2025-12-16T23:16:18.992227+00:00
373,1765926979.009175,2025-12-16T23:16:19.009179+00:00
374,1765926979.030067,2025-12-16T23:16:19.030073+00:00
375,1765926979.0468931,2025-12-16T23:16:19.046897+00:00
376,1765926979.0675788,2025-12-16T23:16:19.067581+00:00
377,1765926979.088491,2025-12-16T23:16:19.088493+00:00
378,1765926979.1065211,2025-12-16T23:16:19.106522+00:00
379,1765926979.124301,2025-12-16T23:16:19.124305+00:00
380,1765926979.1451929,2025-12-16T23:16:19.145199+00:00
381,1765926979.1661172,2025-12-16T23:16:19.166121+00:00
382,1765926979.185548,2025-12-16T23:16:19.185552+00:00
383,1765926979.203269,2025-12-16T23:16:19.203271+00:00
384,1765926979.223616,2025-12-16T23:16:19.223618+00:00
385,1765926979.2423308,2025-12-16T23:16:19.242335+00:00
386,1765926979.263244,2025-12-16T23:16:19.263245+00:00
387,1765926979.284101,2025-12-16T23:16:19.284104+00:00
388,1765926979.3042,2025-12-16T23:16:19.304203+00:00
389,1765926979.325084,2025-12-16T23:16:19.325087+00:00
390,1765926979.34598,2025-12-16T23:16:19.345985+00:00
391,1765926979.365288,2025-12-16T23:16:19.365290+00:00
392,1765926979.386145,2025-12-16T23:16:19.386146+00:00
393,1765926979.407012,2025-12-16T23:16:19.407017+00:00
394,1765926979.42686,2025-12-16T23:16:19.426862+00:00
395,1765926979.4443772,2025-12-16T23:16:19.444383+00:00
396,1765926979.465325,2025-12-16T23:16:19.465327+00:00
397,1765926979.483253,2025-12-16T23:16:19.483258+00:00
398,1765926979.504147,2025-12-16T23:16:19.504149+00:00
399,1765926979.525721,2025-12-16T23:16:19.525727+00:00
400,1765926979.5468779,2025-12-16T23:16:19.546888+00:00
401,1765926979.565583,2025-12-16T23:16:19.565587+00:00
402,1765926979.582737,2025-12-16T23:16:19.582741+00:00
403,1765926979.599769,2025-12-16T23:16:19.599774+00:00
404,1765926979.6206741,2025-12-16T23:16:19.620677+00:00
405,1765926979.641552,2025-12-16T23:16:19.641554+00:00
406,1765926979.660447,2025-12-16T23:16:19.660457+00:00
407,1765926979.6777542,2025-12-16T23:16:19.677758+00:00
408,1765926979.694975,2025-12-16T23:16:19.694979+00:00
409,1765926979.7158568,2025-12-16T23:16:19.715859+00:00
410,1765926979.734397,2025-12-16T23:16:19.734397+00:00
411,1765926979.754573,2025-12-16T23:16:19.754574+00:00
412,1765926979.775429,2025-12-16T23:16:19.775430+00:00
413,1765926979.7927198,2025-12-16T23:16:19.792724+00:00
414,1765926979.8136058,2025-12-16T23:16:19.813607+00:00
415,1765926979.832876,2025-12-16T23:16:19.832877+00:00
416,1765926979.84968,2025-12-16T23:16:19.849681+00:00
417,1765926979.870544,2025-12-16T23:16:19.870549+00:00
418,1765926979.890974,2025-12-16T23:16:19.890977+00:00
419,1765926979.911863,2025-12-16T23:16:19.911865+00:00
420,1765926979.930398,2025-12-16T23:16:19.930401+00:00
421,1765926979.9495628,2025-12-16T23:16:19.949566+00:00
422,1765926979.9665458,2025-12-16T23:16:19.966597+00:00
423,1765926979.984035,2025-12-16T23:16:19.984036+00:00
424,1765926980.003683,2025-12-16T23:16:20.003686+00:00
425,1765926980.0241542,2025-12-16T23:16:20.024157+00:00
426,1765926980.045025,2025-12-16T23:16:20.045029+00:00
427,1765926980.0628211,2025-12-16T23:16:20.062824+00:00
428,1765926980.0797079,2025-12-16T23:16:20.079712+00:00
429,1765926980.0991092,2025-12-16T23:16:20.099112+00:00
430,1765926980.115896,2025-12-16T23:16:20.115900+00:00
431,1765926980.134562,2025-12-16T23:16:20.134571+00:00
432,1765926980.155433,2025-12-16T23:16:20.155435+00:00
433,1765926980.1761248,2025-12-16T23:16:20.176128+00:00
434,1765926980.197011,2025-12-16T23:16:20.197014+00:00
435,1765926980.215256,2025-12-16T23:16:20.215258+00:00
436,1765926980.236135,2025-12-16T23:16:20.236136+00:00
437,1765926980.256999,2025-12-16T23:16:20.257000+00:00
438,1765926980.27717,2025-12-16T23:16:20.277171+00:00
439,1765926980.2975948,2025-12-16T23:16:20.297598+00:00
440,1765926980.3143091,2025-12-16T23:16:20.314309+00:00
441,1765926980.335167,2025-12-16T23:16:20.335169+00:00
442,1765926980.35351,2025-12-16T23:16:20.353514+00:00
443,1765926980.372962,2025-12-16T23:16:20.372962+00:00
444,1765926980.390176,2025-12-16T23:16:20.390178+00:00
445,1765926980.409921,2025-12-16T23:16:20.409922+00:00
446,1765926980.4266298,2025-12-16T23:16:20.426633+00:00
447,1765926980.447513,2025-12-16T23:16:20.447514+00:00
448,1765926980.465882,2025-12-16T23:16:20.465883+00:00
449,1765926980.4867342,2025-12-16T23:16:20.486735+00:00
450,1765926980.50368,2025-12-16T23:16:20.503682+00:00
451,1765926980.524318,2025-12-16T23:16:20.524324+00:00
452,1765926980.545235,2025-12-16T23:16:20.545240+00:00
453,1765926980.563763,2025-12-16T23:16:20.563765+00:00
454,1765926980.581394,2025-12-16T23:16:20.581399+00:00
455,1765926980.602283,2025-12-16T23:16:20.602284+00:00
456,1765926980.6213639,2025-12-16T23:16:20.621366+00:00
457,1765926980.640725,2025-12-16T23:16:20.640726+00:00
458,1765926980.66039,2025-12-16T23:16:20.660392+00:00
459,1765926980.681275,2025-12-16T23:16:20.681277+00:00
460,1765926980.699187,2025-12-16T23:16:20.699188+00:00
461,1765926980.720132,2025-12-16T23:16:20.720135+00:00
462,1765926980.741014,2025-12-16T23:16:20.741015+00:00
463,1765926980.7600331,2025-12-16T23:16:20.760036+00:00
464,1765926980.7784991,2025-12-16T23:16:20.778501+00:00
465,1765926980.7979672,2025-12-16T23:16:20.797971+00:00
466,1765926980.818878,2025-12-16T23:16:20.818883+00:00
467,1765926980.8397691,2025-12-16T23:16:20.839772+00:00
468,1765926980.860312,2025-12-16T23:16:20.860326+00:00
469,1765926980.8821619,2025-12-16T23:16:20.882167+00:00
470,1765926980.901056,2025-12-16T23:16:20.901059+00:00
471,1765926980.918612,2025-12-16T23:16:20.918617+00:00
472,1765926980.9395142,2025-12-16T23:16:20.939520+00:00
473,1765926980.957243,2025-12-16T23:16:20.957245+00:00
474,1765926980.9749079,2025-12-16T23:16:20.974912+00:00
475,1765926980.991884,2025-12-16T23:16:20.991896+00:00
476,1765926981.0113869,2025-12-16T23:16:21.011391+00:00
477,1765926981.0322728,2025-12-16T23:16:21.032275+00:00
478,1765926981.049205,2025-12-16T23:16:21.049239+00:00
479,1765926981.070115,2025-12-16T23:16:21.070119+00:00
480,1765926981.089694,2025-12-16T23:16:21.089699+00:00
481,1765926981.110168,2025-12-16T23:16:21.110175+00:00
482,1765926981.1292748,2025-12-16T23:16:21.129281+00:00
483,1765926981.1483772,2025-12-16T23:16:21.148381+00:00
484,1765926981.165548,2025-12-16T23:16:21.165552+00:00
485,1765926981.18358,2025-12-16T23:16:21.183583+00:00
486,1765926981.2044811,2025-12-16T23:16:21.204487+00:00
487,1765926981.221567,2025-12-16T23:16:21.221601+00:00
488,1765926981.242475,2025-12-16T23:16:21.242479+00:00
489,1765926981.263375,2025-12-16T23:16:21.263384+00:00
490,1765926981.282018,2025-12-16T23:16:21.282021+00:00
491,1765926981.302165,2025-12-16T23:16:21.302171+00:00
492,1765926981.323074,2025-12-16T23:16:21.323076+00:00
493,1765926981.340491,2025-12-16T23:16:21.340495+00:00
494,1765926981.357266,2025-12-16T23:16:21.357269+00:00
495,1765926981.3772721,2025-12-16T23:16:21.377277+00:00
496,1765926981.394283,2025-12-16T23:16:21.394284+00:00
497,1765926981.415143,2025-12-16T23:16:21.415144+00:00
498,1765926981.435389,2025-12-16T23:16:21.435391+00:00
499,1765926981.456275,2025-12-16T23:16:21.456277+00:00
500,1765926981.47715,2025-12-16T23:16:21.477152+00:00
501,1765926981.497895,2025-12-16T23:16:21.497899+00:00
502,1765926981.518672,2025-12-16T23:16:21.518680+00:00
503,1765926981.536112,2025-12-16T23:16:21.536116+00:00
504,1765926981.5554361,2025-12-16T23:16:21.555440+00:00
505,1765926981.576324,2025-12-16T23:16:21.576328+00:00
506,1765926981.5972211,2025-12-16T23:16:21.597227+00:00
507,1765926981.618119,2025-12-16T23:16:21.618124+00:00
508,1765926981.634891,2025-12-16T23:16:21.634895+00:00
509,1765926981.651753,2025-12-16T23:16:21.651760+00:00
510,1765926981.6726458,2025-12-16T23:16:21.672647+00:00
511,1765926981.690849,2025-12-16T23:16:21.690851+00:00
512,1765926981.7115872,2025-12-16T23:16:21.711588+00:00
513,1765926981.732447,2025-12-16T23:16:21.732449+00:00
514,1765926981.753325,2025-12-16T23:16:21.753327+00:00
515,1765926981.7705479,2025-12-16T23:16:21.770550+00:00
516,1765926981.7910101,2025-12-16T23:16:21.791011+00:00
517,1765926981.811883,2025-12-16T23:16:21.811884+00:00
518,1765926981.832744,2025-12-16T23:16:21.832747+00:00
519,1765926981.851796,2025-12-16T23:16:21.851798+00:00
520,1765926981.871367,2025-12-16T23:16:21.871372+00:00
521,1765926981.8887382,2025-12-16T23:16:21.888744+00:00
522,1765926981.909639,2025-12-16T23:16:21.909643+00:00
523,1765926981.930552,2025-12-16T23:16:21.930556+00:00
524,1765926981.9497652,2025-12-16T23:16:21.949768+00:00
525,1765926981.9706728,2025-12-16T23:16:21.970699+00:00
526,1765926981.988748,2025-12-16T23:16:21.988751+00:00
527,1765926982.005864,2025-12-16T23:16:22.005867+00:00
528,1765926982.024778,2025-12-16T23:16:22.024783+00:00
529,1765926982.041667,2025-12-16T23:16:22.041672+00:00
530,1765926982.062541,2025-12-16T23:16:22.062544+00:00
531,1765926982.08046,2025-12-16T23:16:22.080461+00:00
532,1765926982.098177,2025-12-16T23:16:22.098186+00:00
533,1765926982.119075,2025-12-16T23:16:22.119079+00:00
534,1765926982.1391292,2025-12-16T23:16:22.139136+00:00
535,1765926982.160034,2025-12-16T23:16:22.160037+00:00
536,1765926982.180931,2025-12-16T23:16:22.180936+00:00
537,1765926982.201822,2025-12-16T23:16:22.201826+00:00
538,1765926982.2227101,2025-12-16T23:16:22.222711+00:00
539,1765926982.2415428,2025-12-16T23:16:22.241545+00:00
540,1765926982.258511,2025-12-16T23:16:22.258511+00:00
541,1765926982.276198,2025-12-16T23:16:22.276200+00:00
542,1765926982.297067,2025-12-16T23:16:22.297072+00:00
543,1765926982.317966,2025-12-16T23:16:22.317969+00:00
544,1765926982.335642,2025-12-16T23:16:22.335646+00:00
545,1765926982.356517,2025-12-16T23:16:22.356519+00:00
546,1765926982.3770082,2025-12-16T23:16:22.377011+00:00
547,1765926982.397546,2025-12-16T23:16:22.397549+00:00
548,1765926982.41846,2025-12-16T23:16:22.418466+00:00
549,1765926982.4394019,2025-12-16T23:16:22.439407+00:00
550,1765926982.4575171,2025-12-16T23:16:22.457523+00:00
551,1765926982.478404,2025-12-16T23:16:22.478408+00:00
552,1765926982.4991019,2025-12-16T23:16:22.499105+00:00
553,1765926982.5241659,2025-12-16T23:16:22.524173+00:00
554,1765926982.544422,2025-12-16T23:16:22.544427+00:00
555,1765926982.565301,2025-12-16T23:16:22.565306+00:00
556,1765926982.5836759,2025-12-16T23:16:22.583683+00:00
557,1765926982.602008,2025-12-16T23:16:22.602014+00:00
558,1765926982.621527,2025-12-16T23:16:22.621532+00:00
559,1765926982.640277,2025-12-16T23:16:22.640278+00:00
560,1765926982.657879,2025-12-16T23:16:22.657879+00:00
561,1765926982.678726,2025-12-16T23:16:22.678727+00:00
562,1765926982.699112,2025-12-16T23:16:22.699115+00:00
563,1765926982.720026,2025-12-16T23:16:22.720031+00:00
564,1765926982.739477,2025-12-16T23:16:22.739483+00:00
565,1765926982.759535,2025-12-16T23:16:22.759536+00:00
566,1765926982.780419,2025-12-16T23:16:22.780425+00:00
567,1765926982.798513,2025-12-16T23:16:22.798517+00:00
568,1765926982.8188522,2025-12-16T23:16:22.818858+00:00
569,1765926982.836546,2025-12-16T23:16:22.836548+00:00
570,1765926982.853361,2025-12-16T23:16:22.853366+00:00
571,1765926982.870857,2025-12-16T23:16:22.870860+00:00
572,1765926982.8911512,2025-12-16T23:16:22.891153+00:00
573,1765926982.9120388,2025-12-16T23:16:22.912041+00:00
574,1765926982.932926,2025-12-16T23:16:22.932931+00:00
575,1765926982.9538162,2025-12-16T23:16:22.953820+00:00
576,1765926982.974696,2025-12-16T23:16:22.974699+00:00
577,1765926982.991607,2025-12-16T23:16:22.991610+00:00
578,1765926983.012497,2025-12-16T23:16:23.012501+00:00
579,1765926983.033372,2025-12-16T23:16:23.033372+00:00
580,1765926983.050118,2025-12-16T23:16:23.050122+00:00
581,1765926983.071015,2025-12-16T23:16:23.071020+00:00
582,1765926983.0919192,2025-12-16T23:16:23.091922+00:00
583,1765926983.109519,2025-12-16T23:16:23.109523+00:00
584,1765926983.1304069,2025-12-16T23:16:23.130410+00:00
585,1765926983.148291,2025-12-16T23:16:23.148294+00:00
586,1765926983.166134,2025-12-16T23:16:23.166135+00:00
587,1765926983.1853151,2025-12-16T23:16:23.185316+00:00
588,1765926983.2046878,2025-12-16T23:16:23.204692+00:00
589,1765926983.2228322,2025-12-16T23:16:23.222837+00:00
590,1765926983.243739,2025-12-16T23:16:23.243741+00:00
591,1765926983.264611,2025-12-16T23:16:23.264616+00:00
592,1765926983.285485,2025-12-16T23:16:23.285487+00:00
593,1765926983.302956,2025-12-16T23:16:23.302960+00:00
594,1765926983.323832,2025-12-16T23:16:23.323837+00:00
595,1765926983.3447092,2025-12-16T23:16:23.344712+00:00
596,1765926983.3654761,2025-12-16T23:16:23.365480+00:00
597,1765926983.3863769,2025-12-16T23:16:23.386380+00:00
598,1765926983.406291,2025-12-16T23:16:23.406293+00:00
599,1765926983.426941,2025-12-16T23:16:23.426945+00:00
600,1765926983.446906,2025-12-16T23:16:23.446907+00:00
601,1765926983.465663,2025-12-16T23:16:23.465665+00:00
602,1765926983.482933,2025-12-16T23:16:23.482970+00:00
603,1765926983.4997098,2025-12-16T23:16:23.499713+00:00
604,1765926983.520583,2025-12-16T23:16:23.520588+00:00
605,1765926983.538458,2025-12-16T23:16:23.538466+00:00
606,1765926983.559469,2025-12-16T23:16:23.559475+00:00
607,1765926983.5787132,2025-12-16T23:16:23.578719+00:00
608,1765926983.598773,2025-12-16T23:16:23.598786+00:00
609,1765926983.619725,2025-12-16T23:16:23.619733+00:00
610,1765926983.6405172,2025-12-16T23:16:23.640545+00:00
611,1765926983.661449,2025-12-16T23:16:23.661453+00:00
612,1765926983.682249,2025-12-16T23:16:23.682252+00:00
613,1765926983.699702,2025-12-16T23:16:23.699705+00:00
614,1765926983.72057,2025-12-16T23:16:23.720572+00:00
615,1765926983.740719,2025-12-16T23:16:23.740724+00:00
616,1765926983.760851,2025-12-16T23:16:23.760855+00:00
617,1765926983.781734,2025-12-16T23:16:23.781736+00:00
618,1765926983.802594,2025-12-16T23:16:23.802596+00:00
619,1765926983.823477,2025-12-16T23:16:23.823482+00:00
620,1765926983.842839,2025-12-16T23:16:23.842840+00:00
621,1765926983.8627222,2025-12-16T23:16:23.862723+00:00
622,1765926983.882702,2025-12-16T23:16:23.882707+00:00
623,1765926983.903628,2025-12-16T23:16:23.903631+00:00
624,1765926983.924497,2025-12-16T23:16:23.924498+00:00
625,1765926983.945358,2025-12-16T23:16:23.945362+00:00
626,1765926983.965573,2025-12-16T23:16:23.965576+00:00
627,1765926983.98291,2025-12-16T23:16:23.982911+00:00
628,1765926984.000206,2025-12-16T23:16:24.000216+00:00
629,1765926984.017174,2025-12-16T23:16:24.017179+00:00
630,1765926984.034684,2025-12-16T23:16:24.034687+00:00
631,1765926984.054771,2025-12-16T23:16:24.054777+00:00
632,1765926984.0717928,2025-12-16T23:16:24.071803+00:00
633,1765926984.092267,2025-12-16T23:16:24.092271+00:00
634,1765926984.113173,2025-12-16T23:16:24.113178+00:00
635,1765926984.132861,2025-12-16T23:16:24.132862+00:00
636,1765926984.153733,2025-12-16T23:16:24.153737+00:00
637,1765926984.173286,2025-12-16T23:16:24.173287+00:00
638,1765926984.1922739,2025-12-16T23:16:24.192275+00:00
639,1765926984.213124,2025-12-16T23:16:24.213125+00:00
640,1765926984.231759,2025-12-16T23:16:24.231761+00:00
641,1765926984.250762,2025-12-16T23:16:24.250763+00:00
642,1765926984.267445,2025-12-16T23:16:24.267446+00:00
643,1765926984.287623,2025-12-16T23:16:24.287624+00:00
644,1765926984.306729,2025-12-16T23:16:24.306735+00:00
645,1765926984.326002,2025-12-16T23:16:24.326006+00:00
646,1765926984.343694,2025-12-16T23:16:24.343695+00:00
647,1765926984.3645499,2025-12-16T23:16:24.364552+00:00
648,1765926984.3854258,2025-12-16T23:16:24.385430+00:00
649,1765926984.405856,2025-12-16T23:16:24.405859+00:00
650,1765926984.42679,2025-12-16T23:16:24.426791+00:00
651,1765926984.4448278,2025-12-16T23:16:24.444832+00:00
652,1765926984.465611,2025-12-16T23:16:24.465614+00:00
653,1765926984.4864929,2025-12-16T23:16:24.486497+00:00
654,1765926984.503648,2025-12-16T23:16:24.503652+00:00
655,1765926984.5224588,2025-12-16T23:16:24.522465+00:00
656,1765926984.542349,2025-12-16T23:16:24.542352+00:00
657,1765926984.563214,2025-12-16T23:16:24.563217+00:00
658,1765926984.582599,2025-12-16T23:16:24.582605+00:00
659,1765926984.6035311,2025-12-16T23:16:24.603536+00:00
660,1765926984.622139,2025-12-16T23:16:24.622140+00:00
661,1765926984.643008,2025-12-16T23:16:24.643013+00:00
662,1765926984.6630669,2025-12-16T23:16:24.663069+00:00
663,1765926984.682274,2025-12-16T23:16:24.682279+00:00
664,1765926984.700644,2025-12-16T23:16:24.700647+00:00
665,1765926984.7215302,2025-12-16T23:16:24.721532+00:00
666,1765926984.742398,2025-12-16T23:16:24.742400+00:00
667,1765926984.763277,2025-12-16T23:16:24.763279+00:00
668,1765926984.780044,2025-12-16T23:16:24.780045+00:00
669,1765926984.798524,2025-12-16T23:16:24.798524+00:00
670,1765926984.8201659,2025-12-16T23:16:24.820171+00:00
671,1765926984.837002,2025-12-16T23:16:24.837009+00:00
672,1765926984.8572218,2025-12-16T23:16:24.857236+00:00
673,1765926984.8743622,2025-12-16T23:16:24.874369+00:00
674,1765926984.895267,2025-12-16T23:16:24.895272+00:00
675,1765926984.9131148,2025-12-16T23:16:24.913118+00:00
676,1765926984.932662,2025-12-16T23:16:24.932666+00:00
677,1765926984.9535449,2025-12-16T23:16:24.953549+00:00
678,1765926984.974441,2025-12-16T23:16:24.974444+00:00
679,1765926984.9933069,2025-12-16T23:16:24.993313+00:00
680,1765926985.014187,2025-12-16T23:16:25.014190+00:00
681,1765926985.031102,2025-12-16T23:16:25.031104+00:00
682,1765926985.051968,2025-12-16T23:16:25.051970+00:00
683,1765926985.0728462,2025-12-16T23:16:25.072853+00:00
684,1765926985.0935721,2025-12-16T23:16:25.093575+00:00
685,1765926985.1137788,2025-12-16T23:16:25.113802+00:00
686,1765926985.134699,2025-12-16T23:16:25.134702+00:00
687,1765926985.155582,2025-12-16T23:16:25.155585+00:00
688,1765926985.174237,2025-12-16T23:16:25.174238+00:00
689,1765926985.193917,2025-12-16T23:16:25.193920+00:00
690,1765926985.214816,2025-12-16T23:16:25.214821+00:00
691,1765926985.235732,2025-12-16T23:16:25.235736+00:00
692,1765926985.254802,2025-12-16T23:16:25.254803+00:00
693,1765926985.273491,2025-12-16T23:16:25.273496+00:00
694,1765926985.293681,2025-12-16T23:16:25.293684+00:00
695,1765926985.3125288,2025-12-16T23:16:25.312531+00:00
696,1765926985.329416,2025-12-16T23:16:25.329417+00:00
697,1765926985.348629,2025-12-16T23:16:25.348630+00:00
698,1765926985.365389,2025-12-16T23:16:25.365391+00:00
699,1765926985.386251,2025-12-16T23:16:25.386256+00:00
700,1765926985.407171,2025-12-16T23:16:25.407176+00:00
701,1765926985.423969,2025-12-16T23:16:25.423972+00:00
702,1765926985.4422882,2025-12-16T23:16:25.442289+00:00
703,1765926985.459235,2025-12-16T23:16:25.459239+00:00
704,1765926985.480108,2025-12-16T23:16:25.480112+00:00
705,1765926985.500501,2025-12-16T23:16:25.500509+00:00
706,1765926985.5212722,2025-12-16T23:16:25.521278+00:00
707,1765926985.554637,2025-12-16T23:16:25.554642+00:00
708,1765926985.574222,2025-12-16T23:16:25.574229+00:00
709,1765926985.5951371,2025-12-16T23:16:25.595142+00:00
710,1765926985.612486,2025-12-16T23:16:25.612497+00:00
711,1765926985.63159,2025-12-16T23:16:25.631593+00:00
712,1765926985.650514,2025-12-16T23:16:25.650519+00:00
713,1765926985.670175,2025-12-16T23:16:25.670176+00:00
714,1765926985.690363,2025-12-16T23:16:25.690368+00:00
715,1765926985.7095912,2025-12-16T23:16:25.709597+00:00
716,1765926985.727681,2025-12-16T23:16:25.727683+00:00
717,1765926985.7455099,2025-12-16T23:16:25.745512+00:00
718,1765926985.765824,2025-12-16T23:16:25.765826+00:00
719,1765926985.786695,2025-12-16T23:16:25.786698+00:00
720,1765926985.805584,2025-12-16T23:16:25.805586+00:00
721,1765926985.823828,2025-12-16T23:16:25.823832+00:00
722,1765926985.843086,2025-12-16T23:16:25.843089+00:00
723,1765926985.862164,2025-12-16T23:16:25.862169+00:00
724,1765926985.880386,2025-12-16T23:16:25.880392+00:00
725,1765926985.8988118,2025-12-16T23:16:25.898816+00:00
726,1765926985.9196868,2025-12-16T23:16:25.919690+00:00
727,1765926985.9370492,2025-12-16T23:16:25.937052+00:00
728,1765926985.9545689,2025-12-16T23:16:25.954576+00:00
729,1765926985.972275,2025-12-16T23:16:25.972287+00:00
730,1765926985.993203,2025-12-16T23:16:25.993205+00:00
731,1765926986.015083,2025-12-16T23:16:26.015088+00:00
732,1765926986.0349078,2025-12-16T23:16:26.034911+00:00
733,1765926986.054709,2025-12-16T23:16:26.054714+00:00
734,1765926986.072279,2025-12-16T23:16:26.072285+00:00
735,1765926986.092376,2025-12-16T23:16:26.092384+00:00
736,1765926986.11192,2025-12-16T23:16:26.111926+00:00
737,1765926986.131982,2025-12-16T23:16:26.131986+00:00
738,1765926986.150605,2025-12-16T23:16:26.150607+00:00
739,1765926986.1710532,2025-12-16T23:16:26.171058+00:00
740,1765926986.1895602,2025-12-16T23:16:26.189562+00:00
741,1765926986.211034,2025-12-16T23:16:26.211038+00:00
742,1765926986.231918,2025-12-16T23:16:26.231923+00:00
743,1765926986.250685,2025-12-16T23:16:26.250692+00:00
744,1765926986.271594,2025-12-16T23:16:26.271598+00:00
745,1765926986.292484,2025-12-16T23:16:26.292487+00:00
746,1765926986.310727,2025-12-16T23:16:26.310729+00:00
747,1765926986.330604,2025-12-16T23:16:26.330609+00:00
748,1765926986.3515189,2025-12-16T23:16:26.351523+00:00
749,1765926986.3707142,2025-12-16T23:16:26.370714+00:00
750,1765926986.3915799,2025-12-16T23:16:26.391583+00:00
751,1765926986.4115698,2025-12-16T23:16:26.411574+00:00
752,1765926986.432458,2025-12-16T23:16:26.432459+00:00
753,1765926986.4533088,2025-12-16T23:16:26.453310+00:00
754,1765926986.470944,2025-12-16T23:16:26.470949+00:00
755,1765926986.488052,2025-12-16T23:16:26.488053+00:00
756,1765926986.507277,2025-12-16T23:16:26.507293+00:00
757,1765926986.526967,2025-12-16T23:16:26.526972+00:00
758,1765926986.547883,2025-12-16T23:16:26.547887+00:00
759,1765926986.566603,2025-12-16T23:16:26.566608+00:00
760,1765926986.583456,2025-12-16T23:16:26.583463+00:00
761,1765926986.6015732,2025-12-16T23:16:26.601577+00:00
762,1765926986.622113,2025-12-16T23:16:26.622116+00:00
763,1765926986.6395268,2025-12-16T23:16:26.639534+00:00
764,1765926986.656287,2025-12-16T23:16:26.656291+00:00
765,1765926986.67579,2025-12-16T23:16:26.675796+00:00
766,1765926986.696199,2025-12-16T23:16:26.696200+00:00
767,1765926986.716943,2025-12-16T23:16:26.716947+00:00
768,1765926986.73788,2025-12-16T23:16:26.737884+00:00
769,1765926986.758469,2025-12-16T23:16:26.758470+00:00
770,1765926986.7752478,2025-12-16T23:16:26.775250+00:00
771,1765926986.7956328,2025-12-16T23:16:26.795634+00:00
772,1765926986.813184,2025-12-16T23:16:26.813185+00:00
773,1765926986.832053,2025-12-16T23:16:26.832056+00:00
774,1765926986.8529322,2025-12-16T23:16:26.852933+00:00
775,1765926986.8737888,2025-12-16T23:16:26.873791+00:00
776,1765926986.8946729,2025-12-16T23:16:26.894679+00:00
777,1765926986.915552,2025-12-16T23:16:26.915555+00:00
778,1765926986.933957,2025-12-16T23:16:26.933960+00:00
779,1765926986.9544792,2025-12-16T23:16:26.954480+00:00
780,1765926986.9753191,2025-12-16T23:16:26.975322+00:00
781,1765926986.995164,2025-12-16T23:16:26.995165+00:00
782,1765926987.013803,2025-12-16T23:16:27.013806+00:00
783,1765926987.034682,2025-12-16T23:16:27.034687+00:00
784,1765926987.053592,2025-12-16T23:16:27.053594+00:00
785,1765926987.071212,2025-12-16T23:16:27.071214+00:00
786,1765926987.092072,2025-12-16T23:16:27.092075+00:00
787,1765926987.112937,2025-12-16T23:16:27.112938+00:00
788,1765926987.130593,2025-12-16T23:16:27.130595+00:00
789,1765926987.1514502,2025-12-16T23:16:27.151453+00:00
790,1765926987.168683,2025-12-16T23:16:27.168684+00:00
791,1765926987.1895418,2025-12-16T23:16:27.189545+00:00
792,1765926987.208457,2025-12-16T23:16:27.208464+00:00
793,1765926987.2293708,2025-12-16T23:16:27.229376+00:00
794,1765926987.246769,2025-12-16T23:16:27.246773+00:00
795,1765926987.2676601,2025-12-16T23:16:27.267670+00:00
796,1765926987.2865129,2025-12-16T23:16:27.286516+00:00
797,1765926987.306783,2025-12-16T23:16:27.306785+00:00
798,1765926987.326111,2025-12-16T23:16:27.326113+00:00
799,1765926987.346983,2025-12-16T23:16:27.346985+00:00
800,1765926987.367847,2025-12-16T23:16:27.367849+00:00
801,1765926987.386216,2025-12-16T23:16:27.386217+00:00
802,1765926987.406975,2025-12-16T23:16:27.406975+00:00
803,1765926987.4247968,2025-12-16T23:16:27.424800+00:00
804,1765926987.445696,2025-12-16T23:16:27.445700+00:00
805,1765926987.466588,2025-12-16T23:16:27.466589+00:00
806,1765926987.4858859,2025-12-16T23:16:27.485887+00:00
807,1765926987.5045278,2025-12-16T23:16:27.504532+00:00
808,1765926987.523072,2025-12-16T23:16:27.523077+00:00
809,1765926987.542611,2025-12-16T23:16:27.542615+00:00
810,1765926987.561991,2025-12-16T23:16:27.561994+00:00
811,1765926987.579656,2025-12-16T23:16:27.579781+00:00
812,1765926987.6017559,2025-12-16T23:16:27.601770+00:00
813,1765926987.62211,2025-12-16T23:16:27.622116+00:00
814,1765926987.639173,2025-12-16T23:16:27.639177+00:00
815,1765926987.660073,2025-12-16T23:16:27.660076+00:00
816,1765926987.680436,2025-12-16T23:16:27.680436+00:00
817,1765926987.697126,2025-12-16T23:16:27.697128+00:00
818,1765926987.717676,2025-12-16T23:16:27.717678+00:00
819,1765926987.738533,2025-12-16T23:16:27.738534+00:00
820,1765926987.759391,2025-12-16T23:16:27.759394+00:00
821,1765926987.780256,2025-12-16T23:16:27.780258+00:00
822,1765926987.801125,2025-12-16T23:16:27.801127+00:00
823,1765926987.8179252,2025-12-16T23:16:27.817930+00:00
824,1765926987.838839,2025-12-16T23:16:27.838844+00:00
825,1765926987.859735,2025-12-16T23:16:27.859737+00:00
826,1765926987.880607,2025-12-16T23:16:27.880630+00:00
827,1765926987.898988,2025-12-16T23:16:27.899008+00:00
828,1765926987.919916,2025-12-16T23:16:27.919919+00:00
829,1765926987.94001,2025-12-16T23:16:27.940013+00:00
830,1765926987.957417,2025-12-16T23:16:27.957420+00:00
831,1765926987.974231,2025-12-16T23:16:27.974235+00:00
832,1765926987.991609,2025-12-16T23:16:27.991612+00:00
833,1765926988.011414,2025-12-16T23:16:28.011414+00:00
834,1765926988.032313,2025-12-16T23:16:28.032317+00:00
835,1765926988.0531929,2025-12-16T23:16:28.053194+00:00
836,1765926988.074062,2025-12-16T23:16:28.074064+00:00
837,1765926988.094948,2025-12-16T23:16:28.094955+00:00
838,1765926988.115875,2025-12-16T23:16:28.115879+00:00
839,1765926988.133672,2025-12-16T23:16:28.133674+00:00
840,1765926988.152499,2025-12-16T23:16:28.152505+00:00
841,1765926988.17033,2025-12-16T23:16:28.170333+00:00
842,1765926988.191208,2025-12-16T23:16:28.191208+00:00
843,1765926988.2120671,2025-12-16T23:16:28.212069+00:00
844,1765926988.231422,2025-12-16T23:16:28.231426+00:00
845,1765926988.25177,2025-12-16T23:16:28.251773+00:00
846,1765926988.26994,2025-12-16T23:16:28.269964+00:00
847,1765926988.290837,2025-12-16T23:16:28.290838+00:00
848,1765926988.311714,2025-12-16T23:16:28.311720+00:00
849,1765926988.330463,2025-12-16T23:16:28.330464+00:00
850,1765926988.351319,2025-12-16T23:16:28.351321+00:00
851,1765926988.3689668,2025-12-16T23:16:28.368970+00:00
852,1765926988.389874,2025-12-16T23:16:28.389875+00:00
853,1765926988.410732,2025-12-16T23:16:28.410733+00:00
854,1765926988.432003,2025-12-16T23:16:28.432007+00:00
855,1765926988.4508412,2025-12-16T23:16:28.450847+00:00
856,1765926988.47087,2025-12-16T23:16:28.470873+00:00
857,1765926988.491771,2025-12-16T23:16:28.491777+00:00
858,1765926988.516743,2025-12-16T23:16:28.516750+00:00
859,1765926988.5349429,2025-12-16T23:16:28.534948+00:00
860,1765926988.554101,2025-12-16T23:16:28.554105+00:00
861,1765926988.5709708,2025-12-16T23:16:28.570994+00:00
862,1765926988.590474,2025-12-16T23:16:28.590479+00:00
863,1765926988.608659,2025-12-16T23:16:28.608664+00:00
864,1765926988.6295218,2025-12-16T23:16:28.629530+00:00
865,1765926988.650433,2025-12-16T23:16:28.650437+00:00
866,1765926988.668571,2025-12-16T23:16:28.668574+00:00
867,1765926988.6894588,2025-12-16T23:16:28.689460+00:00
868,1765926988.710312,2025-12-16T23:16:28.710314+00:00
869,1765926988.730264,2025-12-16T23:16:28.730265+00:00
870,1765926988.748656,2025-12-16T23:16:28.748657+00:00
871,1765926988.769519,2025-12-16T23:16:28.769520+00:00
872,1765926988.7896168,2025-12-16T23:16:28.789618+00:00
873,1765926988.810378,2025-12-16T23:16:28.810380+00:00
874,1765926988.831264,2025-12-16T23:16:28.831268+00:00
875,1765926988.852075,2025-12-16T23:16:28.852078+00:00
876,1765926988.872959,2025-12-16T23:16:28.872961+00:00
877,1765926988.889848,2025-12-16T23:16:28.889850+00:00
878,1765926988.907142,2025-12-16T23:16:28.907169+00:00
879,1765926988.926806,2025-12-16T23:16:28.926809+00:00
880,1765926988.9476821,2025-12-16T23:16:28.947684+00:00
881,1765926988.968534,2025-12-16T23:16:28.968536+00:00
882,1765926988.9893918,2025-12-16T23:16:28.989395+00:00
883,1765926989.009435,2025-12-16T23:16:29.009437+00:00
884,1765926989.0269692,2025-12-16T23:16:29.026981+00:00
885,1765926989.046784,2025-12-16T23:16:29.046788+00:00
886,1765926989.064973,2025-12-16T23:16:29.064975+00:00
887,1765926989.082439,2025-12-16T23:16:29.082441+00:00
888,1765926989.09922,2025-12-16T23:16:29.099227+00:00
889,1765926989.1169941,2025-12-16T23:16:29.117000+00:00
890,1765926989.135833,2025-12-16T23:16:29.135839+00:00
891,1765926989.154289,2025-12-16T23:16:29.154290+00:00
892,1765926989.172105,2025-12-16T23:16:29.172106+00:00
893,1765926989.192964,2025-12-16T23:16:29.192966+00:00
894,1765926989.2137768,2025-12-16T23:16:29.213780+00:00
895,1765926989.230814,2025-12-16T23:16:29.230815+00:00
896,1765926989.2484438,2025-12-16T23:16:29.248449+00:00
897,1765926989.267105,2025-12-16T23:16:29.267107+00:00
898,1765926989.287812,2025-12-16T23:16:29.287813+00:00
899,1765926989.307271,2025-12-16T23:16:29.307275+00:00
900,1765926989.32496,2025-12-16T23:16:29.324961+00:00
901,1765926989.3458529,2025-12-16T23:16:29.345860+00:00
902,1765926989.3650382,2025-12-16T23:16:29.365039+00:00
903,1765926989.3843489,2025-12-16T23:16:29.384361+00:00
904,1765926989.405236,2025-12-16T23:16:29.405240+00:00
905,1765926989.426165,2025-12-16T23:16:29.426168+00:00
906,1765926989.447048,2025-12-16T23:16:29.447050+00:00
907,1765926989.464211,2025-12-16T23:16:29.464213+00:00
908,1765926989.481059,2025-12-16T23:16:29.481062+00:00
909,1765926989.5018392,2025-12-16T23:16:29.501841+00:00
910,1765926989.5197241,2025-12-16T23:16:29.519737+00:00
911,1765926989.540652,2025-12-16T23:16:29.540659+00:00
912,1765926989.5602849,2025-12-16T23:16:29.560287+00:00
913,1765926989.5811589,2025-12-16T23:16:29.581161+00:00
914,1765926989.601132,2025-12-16T23:16:29.601139+00:00
915,1765926989.621621,2025-12-16T23:16:29.621624+00:00
916,1765926989.6399071,2025-12-16T23:16:29.639908+00:00
917,1765926989.660257,2025-12-16T23:16:29.660261+00:00
918,1765926989.6811662,2025-12-16T23:16:29.681169+00:00
919,1765926989.70204,2025-12-16T23:16:29.702040+00:00
920,1765926989.720408,2025-12-16T23:16:29.720409+00:00
921,1765926989.740705,2025-12-16T23:16:29.740709+00:00
922,1765926989.759901,2025-12-16T23:16:29.759902+00:00
923,1765926989.780373,2025-12-16T23:16:29.780377+00:00
924,1765926989.7972102,2025-12-16T23:16:29.797211+00:00
925,1765926989.81806,2025-12-16T23:16:29.818063+00:00
926,1765926989.838957,2025-12-16T23:16:29.838962+00:00
927,1765926989.855871,2025-12-16T23:16:29.855874+00:00
928,1765926989.873656,2025-12-16T23:16:29.873658+00:00
929,1765926989.893573,2025-12-16T23:16:29.893574+00:00
930,1765926989.911776,2025-12-16T23:16:29.911778+00:00
931,1765926989.931485,2025-12-16T23:16:29.931489+00:00
932,1765926989.950788,2025-12-16T23:16:29.950789+00:00
933,1765926989.9682162,2025-12-16T23:16:29.968219+00:00
934,1765926989.987351,2025-12-16T23:16:29.987353+00:00
935,1765926990.0072331,2025-12-16T23:16:30.007235+00:00
936,1765926990.0266,2025-12-16T23:16:30.026601+00:00
937,1765926990.047468,2025-12-16T23:16:30.047472+00:00
938,1765926990.0664792,2025-12-16T23:16:30.066480+00:00
939,1765926990.086238,2025-12-16T23:16:30.086243+00:00
940,1765926990.106308,2025-12-16T23:16:30.106312+00:00
941,1765926990.127182,2025-12-16T23:16:30.127186+00:00
942,1765926990.148073,2025-12-16T23:16:30.148078+00:00
943,1765926990.168982,2025-12-16T23:16:30.168987+00:00
944,1765926990.1888251,2025-12-16T23:16:30.188830+00:00
945,1765926990.2075121,2025-12-16T23:16:30.207514+00:00
946,1765926990.2248452,2025-12-16T23:16:30.224847+00:00
947,1765926990.242063,2025-12-16T23:16:30.242064+00:00
948,1765926990.261224,2025-12-16T23:16:30.261226+00:00
949,1765926990.2820868,2025-12-16T23:16:30.282092+00:00
950,1765926990.302985,2025-12-16T23:16:30.302991+00:00
951,1765926990.323898,2025-12-16T23:16:30.323901+00:00
952,1765926990.344393,2025-12-16T23:16:30.344397+00:00
953,1765926990.362477,2025-12-16T23:16:30.362479+00:00
954,1765926990.3833458,2025-12-16T23:16:30.383352+00:00
955,1765926990.404321,2025-12-16T23:16:30.404328+00:00
956,1765926990.423157,2025-12-16T23:16:30.423160+00:00
957,1765926990.443316,2025-12-16T23:16:30.443321+00:00
958,1765926990.46353,2025-12-16T23:16:30.463536+00:00
959,1765926990.4819589,2025-12-16T23:16:30.481963+00:00
960,1765926990.50285,2025-12-16T23:16:30.502854+00:00
961,1765926990.523753,2025-12-16T23:16:30.523758+00:00
962,1765926990.541675,2025-12-16T23:16:30.541682+00:00
963,1765926990.5625951,2025-12-16T23:16:30.562600+00:00
964,1765926990.5806599,2025-12-16T23:16:30.580664+00:00
965,1765926990.5990012,2025-12-16T23:16:30.599009+00:00
966,1765926990.619712,2025-12-16T23:16:30.619724+00:00
967,1765926990.6396742,2025-12-16T23:16:30.639681+00:00
968,1765926990.6605701,2025-12-16T23:16:30.660573+00:00
969,1765926990.6776671,2025-12-16T23:16:30.677691+00:00
970,1765926990.698266,2025-12-16T23:16:30.698269+00:00
971,1765926990.719157,2025-12-16T23:16:30.719160+00:00
972,1765926990.739634,2025-12-16T23:16:30.739639+00:00
973,1765926990.760503,2025-12-16T23:16:30.760506+00:00
974,1765926990.777858,2025-12-16T23:16:30.777865+00:00
975,1765926990.7984588,2025-12-16T23:16:30.798460+00:00
976,1765926990.819369,2025-12-16T23:16:30.819373+00:00
977,1765926990.8368242,2025-12-16T23:16:30.836825+00:00
978,1765926990.853914,2025-12-16T23:16:30.853915+00:00
979,1765926990.872868,2025-12-16T23:16:30.872870+00:00
980,1765926990.890269,2025-12-16T23:16:30.890294+00:00
981,1765926990.910275,2025-12-16T23:16:30.910279+00:00
982,1765926990.9311712,2025-12-16T23:16:30.931176+00:00
983,1765926990.9504268,2025-12-16T23:16:30.950429+00:00
984,1765926990.9713228,2025-12-16T23:16:30.971326+00:00
985,1765926990.990582,2025-12-16T23:16:30.990583+00:00
986,1765926991.008318,2025-12-16T23:16:31.008318+00:00
987,1765926991.029166,2025-12-16T23:16:31.029167+00:00
988,1765926991.050035,2025-12-16T23:16:31.050038+00:00
989,1765926991.070925,2025-12-16T23:16:31.070926+00:00
990,1765926991.0906,2025-12-16T23:16:31.090600+00:00
991,1765926991.107309,2025-12-16T23:16:31.107314+00:00
992,1765926991.1281888,2025-12-16T23:16:31.128191+00:00
993,1765926991.148615,2025-12-16T23:16:31.148620+00:00
994,1765926991.168277,2025-12-16T23:16:31.168279+00:00
995,1765926991.1887739,2025-12-16T23:16:31.188777+00:00
996,1765926991.206996,2025-12-16T23:16:31.207004+00:00
997,1765926991.2279098,2025-12-16T23:16:31.227913+00:00
998,1765926991.2448509,2025-12-16T23:16:31.244856+00:00
999,1765926991.261735,2025-12-16T23:16:31.261739+00:00
1000,1765926991.2816482,2025-12-16T23:16:31.281649+00:00
1001,1765926991.298826,2025-12-16T23:16:31.298838+00:00
1002,1765926991.319179,2025-12-16T23:16:31.319186+00:00
1003,1765926991.337536,2025-12-16T23:16:31.337540+00:00
1004,1765926991.358412,2025-12-16T23:16:31.358415+00:00
1005,1765926991.376385,2025-12-16T23:16:31.376388+00:00
1006,1765926991.393425,2025-12-16T23:16:31.393431+00:00
1007,1765926991.410165,2025-12-16T23:16:31.410168+00:00
1008,1765926991.430966,2025-12-16T23:16:31.430970+00:00
1009,1765926991.449461,2025-12-16T23:16:31.449467+00:00
1010,1765926991.467562,2025-12-16T23:16:31.467564+00:00
1011,1765926991.486798,2025-12-16T23:16:31.486799+00:00
1012,1765926991.506826,2025-12-16T23:16:31.506829+00:00
1013,1765926991.523772,2025-12-16T23:16:31.523777+00:00
1014,1765926991.544704,2025-12-16T23:16:31.544709+00:00
1015,1765926991.565592,2025-12-16T23:16:31.565597+00:00
1016,1765926991.58647,2025-12-16T23:16:31.586472+00:00
1017,1765926991.60515,2025-12-16T23:16:31.605153+00:00
1018,1765926991.623788,2025-12-16T23:16:31.623793+00:00
1019,1765926991.6435761,2025-12-16T23:16:31.643580+00:00
1020,1765926991.6644711,2025-12-16T23:16:31.664474+00:00
1021,1765926991.682396,2025-12-16T23:16:31.682398+00:00
1022,1765926991.703264,2025-12-16T23:16:31.703266+00:00
1023,1765926991.722131,2025-12-16T23:16:31.722133+00:00
1024,1765926991.739796,2025-12-16T23:16:31.739799+00:00
1025,1765926991.760679,2025-12-16T23:16:31.760682+00:00
1026,1765926991.780247,2025-12-16T23:16:31.780270+00:00
1027,1765926991.799144,2025-12-16T23:16:31.799145+00:00
1028,1765926991.818641,2025-12-16T23:16:31.818642+00:00
1029,1765926991.838578,2025-12-16T23:16:31.838579+00:00
1030,1765926991.857891,2025-12-16T23:16:31.857895+00:00
1031,1765926991.8751402,2025-12-16T23:16:31.875142+00:00
1032,1765926991.894201,2025-12-16T23:16:31.894202+00:00
1033,1765926991.915072,2025-12-16T23:16:31.915074+00:00
1034,1765926991.932093,2025-12-16T23:16:31.932095+00:00
1035,1765926991.95296,2025-12-16T23:16:31.952960+00:00
1036,1765926991.9736772,2025-12-16T23:16:31.973693+00:00
1037,1765926991.994584,2025-12-16T23:16:31.994585+00:00
1038,1765926992.015465,2025-12-16T23:16:32.015472+00:00
1039,1765926992.036384,2025-12-16T23:16:32.036389+00:00
1040,1765926992.057288,2025-12-16T23:16:32.057293+00:00
1041,1765926992.077564,2025-12-16T23:16:32.077572+00:00
1042,1765926992.095742,2025-12-16T23:16:32.095747+00:00
1043,1765926992.115152,2025-12-16T23:16:32.115155+00:00
1044,1765926992.132195,2025-12-16T23:16:32.132202+00:00
1045,1765926992.151468,2025-12-16T23:16:32.151472+00:00
1046,1765926992.170979,2025-12-16T23:16:32.170980+00:00
1047,1765926992.19184,2025-12-16T23:16:32.191843+00:00
1048,1765926992.2088802,2025-12-16T23:16:32.208881+00:00
1049,1765926992.229739,2025-12-16T23:16:32.229740+00:00
1050,1765926992.248669,2025-12-16T23:16:32.248673+00:00
1051,1765926992.2695649,2025-12-16T23:16:32.269569+00:00
1052,1765926992.290468,2025-12-16T23:16:32.290473+00:00
1053,1765926992.311362,2025-12-16T23:16:32.311364+00:00
1054,1765926992.332212,2025-12-16T23:16:32.332215+00:00
1055,1765926992.35292,2025-12-16T23:16:32.352925+00:00
1056,1765926992.3738282,2025-12-16T23:16:32.373831+00:00
1057,1765926992.3946939,2025-12-16T23:16:32.394698+00:00
1058,1765926992.4155781,2025-12-16T23:16:32.415579+00:00
1059,1765926992.4364522,2025-12-16T23:16:32.436455+00:00
1060,1765926992.4562979,2025-12-16T23:16:32.456304+00:00
1061,1765926992.474179,2025-12-16T23:16:32.474181+00:00
1062,1765926992.4950452,2025-12-16T23:16:32.495049+00:00
1063,1765926992.512148,2025-12-16T23:16:32.512151+00:00
1064,1765926992.530918,2025-12-16T23:16:32.530946+00:00
1065,1765926992.549906,2025-12-16T23:16:32.549907+00:00
1066,1765926992.570771,2025-12-16T23:16:32.570774+00:00
1067,1765926992.591059,2025-12-16T23:16:32.591062+00:00
1068,1765926992.611973,2025-12-16T23:16:32.611982+00:00
1069,1765926992.629727,2025-12-16T23:16:32.629738+00:00
1070,1765926992.65062,2025-12-16T23:16:32.650625+00:00
1071,1765926992.671186,2025-12-16T23:16:32.671190+00:00
1072,1765926992.692089,2025-12-16T23:16:32.692092+00:00
1073,1765926992.712965,2025-12-16T23:16:32.712965+00:00
1074,1765926992.7299762,2025-12-16T23:16:32.729978+00:00
1075,1765926992.750838,2025-12-16T23:16:32.750839+00:00
1076,1765926992.768827,2025-12-16T23:16:32.768832+00:00
1077,1765926992.789709,2025-12-16T23:16:32.789710+00:00
1078,1765926992.810417,2025-12-16T23:16:32.810420+00:00
1079,1765926992.831279,2025-12-16T23:16:32.831282+00:00
1080,1765926992.848408,2025-12-16T23:16:32.848409+00:00
1081,1765926992.869271,2025-12-16T23:16:32.869274+00:00
1082,1765926992.8900568,2025-12-16T23:16:32.890061+00:00
1083,1765926992.9096692,2025-12-16T23:16:32.909670+00:00
1084,1765926992.927521,2025-12-16T23:16:32.927525+00:00
1085,1765926992.948322,2025-12-16T23:16:32.948323+00:00
1086,1765926992.9652202,2025-12-16T23:16:32.965221+00:00
1087,1765926992.981965,2025-12-16T23:16:32.981965+00:00
1088,1765926992.999897,2025-12-16T23:16:32.999898+00:00
1089,1765926993.020758,2025-12-16T23:16:33.020762+00:00
1090,1765926993.04035,2025-12-16T23:16:33.040352+00:00
1091,1765926993.061215,2025-12-16T23:16:33.061216+00:00
1092,1765926993.082079,2025-12-16T23:16:33.082080+00:00
1093,1765926993.098826,2025-12-16T23:16:33.098827+00:00
1094,1765926993.1197052,2025-12-16T23:16:33.119712+00:00
1095,1765926993.140029,2025-12-16T23:16:33.140035+00:00
1096,1765926993.160919,2025-12-16T23:16:33.160924+00:00
1097,1765926993.181835,2025-12-16T23:16:33.181856+00:00
1098,1765926993.198657,2025-12-16T23:16:33.198659+00:00
1099,1765926993.219448,2025-12-16T23:16:33.219451+00:00
1100,1765926993.240248,2025-12-16T23:16:33.240249+00:00
1101,1765926993.261122,2025-12-16T23:16:33.261126+00:00
1102,1765926993.2810361,2025-12-16T23:16:33.281038+00:00
1103,1765926993.301396,2025-12-16T23:16:33.301397+00:00
1104,1765926993.3222558,2025-12-16T23:16:33.322258+00:00
1105,1765926993.338998,2025-12-16T23:16:33.339001+00:00
1106,1765926993.35987,2025-12-16T23:16:33.359872+00:00
1107,1765926993.376622,2025-12-16T23:16:33.376623+00:00
1108,1765926993.3933718,2025-12-16T23:16:33.393376+00:00
1109,1765926993.414287,2025-12-16T23:16:33.414290+00:00
1110,1765926993.4322429,2025-12-16T23:16:33.432245+00:00
1111,1765926993.4507892,2025-12-16T23:16:33.450793+00:00
1112,1765926993.471699,2025-12-16T23:16:33.471702+00:00
1113,1765926993.490886,2025-12-16T23:16:33.490888+00:00
1114,1765926993.5078568,2025-12-16T23:16:33.507862+00:00
1115,1765926993.525831,2025-12-16T23:16:33.525835+00:00
1116,1765926993.546703,2025-12-16T23:16:33.546705+00:00
1117,1765926993.566266,2025-12-16T23:16:33.566268+00:00
1118,1765926993.584036,2025-12-16T23:16:33.584041+00:00
1119,1765926993.602786,2025-12-16T23:16:33.602789+00:00
1120,1765926993.623669,2025-12-16T23:16:33.623672+00:00
1121,1765926993.642905,2025-12-16T23:16:33.642906+00:00
1122,1765926993.660543,2025-12-16T23:16:33.660545+00:00
1123,1765926993.68017,2025-12-16T23:16:33.680172+00:00
1124,1765926993.701044,2025-12-16T23:16:33.701047+00:00
1125,1765926993.7219222,2025-12-16T23:16:33.721925+00:00
1126,1765926993.7426188,2025-12-16T23:16:33.742622+00:00
1127,1765926993.7634969,2025-12-16T23:16:33.763498+00:00
1128,1765926993.781257,2025-12-16T23:16:33.781261+00:00
1129,1765926993.802152,2025-12-16T23:16:33.802154+00:00
1130,1765926993.823029,2025-12-16T23:16:33.823039+00:00
1131,1765926993.8433,2025-12-16T23:16:33.843306+00:00
1132,1765926993.863453,2025-12-16T23:16:33.863457+00:00
1133,1765926993.883002,2025-12-16T23:16:33.883004+00:00
1134,1765926993.903905,2025-12-16T23:16:33.903908+00:00
1135,1765926993.920822,2025-12-16T23:16:33.920824+00:00
1136,1765926993.9390101,2025-12-16T23:16:33.939013+00:00
1137,1765926993.959873,2025-12-16T23:16:33.959874+00:00
1138,1765926993.980735,2025-12-16T23:16:33.980737+00:00
1139,1765926994.001278,2025-12-16T23:16:34.001283+00:00
1140,1765926994.022167,2025-12-16T23:16:34.022170+00:00
1141,1765926994.0428958,2025-12-16T23:16:34.042899+00:00
1142,1765926994.0637891,2025-12-16T23:16:34.063792+00:00
1143,1765926994.080781,2025-12-16T23:16:34.080783+00:00
1144,1765926994.0983071,2025-12-16T23:16:34.098308+00:00
1145,1765926994.117297,2025-12-16T23:16:34.117298+00:00
1146,1765926994.1349518,2025-12-16T23:16:34.134957+00:00
1147,1765926994.1539671,2025-12-16T23:16:34.153970+00:00
1148,1765926994.1727638,2025-12-16T23:16:34.172766+00:00
1149,1765926994.193839,2025-12-16T23:16:34.193840+00:00
1150,1765926994.2131689,2025-12-16T23:16:34.213170+00:00
1151,1765926994.22988,2025-12-16T23:16:34.229881+00:00
1152,1765926994.2478259,2025-12-16T23:16:34.247828+00:00
1153,1765926994.2676742,2025-12-16T23:16:34.267676+00:00
1154,1765926994.288529,2025-12-16T23:16:34.288531+00:00
1155,1765926994.3052218,2025-12-16T23:16:34.305222+00:00
1156,1765926994.3245409,2025-12-16T23:16:34.324542+00:00
1157,1765926994.344131,2025-12-16T23:16:34.344134+00:00
1158,1765926994.36264,2025-12-16T23:16:34.362641+00:00
1159,1765926994.3814468,2025-12-16T23:16:34.381448+00:00
1160,1765926994.399161,2025-12-16T23:16:34.399163+00:00
1161,1765926994.420031,2025-12-16T23:16:34.420033+00:00
1162,1765926994.440907,2025-12-16T23:16:34.440908+00:00
1163,1765926994.460819,2025-12-16T23:16:34.460821+00:00
1164,1765926994.4815319,2025-12-16T23:16:34.481533+00:00
1165,1765926994.5024,2025-12-16T23:16:34.502404+00:00
1166,1765926994.5248399,2025-12-16T23:16:34.524845+00:00
1167,1765926994.588483,2025-12-16T23:16:34.588492+00:00
1168,1765926994.6232262,2025-12-16T23:16:34.623230+00:00
1169,1765926994.644126,2025-12-16T23:16:34.644130+00:00
1170,1765926994.664992,2025-12-16T23:16:34.664995+00:00
1171,1765926994.6858711,2025-12-16T23:16:34.685875+00:00
1172,1765926994.7067678,2025-12-16T23:16:34.706770+00:00
1173,1765926994.727644,2025-12-16T23:16:34.727647+00:00
1174,1765926994.74794,2025-12-16T23:16:34.747943+00:00
1175,1765926994.768841,2025-12-16T23:16:34.768847+00:00
1176,1765926994.785982,2025-12-16T23:16:34.785987+00:00
1177,1765926994.8062851,2025-12-16T23:16:34.806290+00:00
1178,1765926994.8260748,2025-12-16T23:16:34.826077+00:00
1179,1765926994.8469539,2025-12-16T23:16:34.846956+00:00
1180,1765926994.864702,2025-12-16T23:16:34.864705+00:00
1181,1765926994.885565,2025-12-16T23:16:34.885567+00:00
1182,1765926994.90644,2025-12-16T23:16:34.906441+00:00
1183,1765926994.923427,2025-12-16T23:16:34.923429+00:00
1184,1765926994.943042,2025-12-16T23:16:34.943048+00:00
1185,1765926994.9639392,2025-12-16T23:16:34.963943+00:00
1186,1765926994.981944,2025-12-16T23:16:34.981947+00:00
1187,1765926995.002826,2025-12-16T23:16:35.002830+00:00
1188,1765926995.0213509,2025-12-16T23:16:35.021355+00:00
1189,1765926995.039996,2025-12-16T23:16:35.040000+00:00
1190,1765926995.059077,2025-12-16T23:16:35.059085+00:00
1191,1765926995.078809,2025-12-16T23:16:35.078810+00:00
1192,1765926995.097405,2025-12-16T23:16:35.097408+00:00
1193,1765926995.118287,2025-12-16T23:16:35.118289+00:00
1194,1765926995.135882,2025-12-16T23:16:35.135884+00:00
1195,1765926995.155547,2025-12-16T23:16:35.155551+00:00
1196,1765926995.1736891,2025-12-16T23:16:35.173689+00:00
1197,1765926995.1943161,2025-12-16T23:16:35.194320+00:00
1198,1765926995.213793,2025-12-16T23:16:35.213795+00:00
1199,1765926995.231512,2025-12-16T23:16:35.231513+00:00
1200,1765926995.248658,2025-12-16T23:16:35.248662+00:00
1201,1765926995.2695522,2025-12-16T23:16:35.269556+00:00
1202,1765926995.289985,2025-12-16T23:16:35.289992+00:00
1203,1765926995.3108869,2025-12-16T23:16:35.310893+00:00
1204,1765926995.32908,2025-12-16T23:16:35.329084+00:00
1205,1765926995.348624,2025-12-16T23:16:35.348630+00:00
1206,1765926995.3676858,2025-12-16T23:16:35.367690+00:00
1207,1765926995.386543,2025-12-16T23:16:35.386545+00:00
1208,1765926995.403758,2025-12-16T23:16:35.403762+00:00
1209,1765926995.4235132,2025-12-16T23:16:35.423517+00:00
1210,1765926995.444381,2025-12-16T23:16:35.444384+00:00
1211,1765926995.4628649,2025-12-16T23:16:35.462869+00:00
1212,1765926995.480727,2025-12-16T23:16:35.480733+00:00
1213,1765926995.498095,2025-12-16T23:16:35.498113+00:00
1214,1765926995.51568,2025-12-16T23:16:35.515688+00:00
1215,1765926995.5355752,2025-12-16T23:16:35.535580+00:00
1216,1765926995.556457,2025-12-16T23:16:35.556462+00:00
1217,1765926995.573309,2025-12-16T23:16:35.573313+00:00
1218,1765926995.594178,2025-12-16T23:16:35.594179+00:00
1219,1765926995.612231,2025-12-16T23:16:35.612236+00:00
1220,1765926995.632067,2025-12-16T23:16:35.632071+00:00
1221,1765926995.6529431,2025-12-16T23:16:35.652948+00:00
1222,1765926995.672114,2025-12-16T23:16:35.672122+00:00
1223,1765926995.688991,2025-12-16T23:16:35.688998+00:00
1224,1765926995.706188,2025-12-16T23:16:35.706194+00:00
1225,1765926995.727075,2025-12-16T23:16:35.727078+00:00
1226,1765926995.7471108,2025-12-16T23:16:35.747114+00:00
1227,1765926995.764304,2025-12-16T23:16:35.764818+00:00
1228,1765926995.7822201,2025-12-16T23:16:35.782224+00:00
1229,1765926995.802512,2025-12-16T23:16:35.802517+00:00
1230,1765926995.821342,2025-12-16T23:16:35.821347+00:00
1231,1765926995.842317,2025-12-16T23:16:35.842323+00:00
1232,1765926995.863484,2025-12-16T23:16:35.863492+00:00
1233,1765926995.880886,2025-12-16T23:16:35.880893+00:00
1234,1765926995.900714,2025-12-16T23:16:35.900723+00:00
1235,1765926995.919034,2025-12-16T23:16:35.919037+00:00
1236,1765926995.938271,2025-12-16T23:16:35.938273+00:00
1237,1765926995.955467,2025-12-16T23:16:35.955473+00:00
1238,1765926995.973027,2025-12-16T23:16:35.973031+00:00
1239,1765926995.99392,2025-12-16T23:16:35.993926+00:00
1240,1765926996.013234,2025-12-16T23:16:36.013236+00:00
1241,1765926996.032114,2025-12-16T23:16:36.032118+00:00
1242,1765926996.052979,2025-12-16T23:16:36.052981+00:00
1243,1765926996.0726678,2025-12-16T23:16:36.072691+00:00
1244,1765926996.0930402,2025-12-16T23:16:36.093046+00:00
1245,1765926996.111573,2025-12-16T23:16:36.111580+00:00
1246,1765926996.131613,2025-12-16T23:16:36.131617+00:00
1247,1765926996.152522,2025-12-16T23:16:36.152530+00:00
1248,1765926996.1751711,2025-12-16T23:16:36.175177+00:00
1249,1765926996.195714,2025-12-16T23:16:36.195719+00:00
1250,1765926996.213186,2025-12-16T23:16:36.213192+00:00
1251,1765926996.234067,2025-12-16T23:16:36.234069+00:00
1252,1765926996.254931,2025-12-16T23:16:36.254936+00:00
1253,1765926996.274518,2025-12-16T23:16:36.274523+00:00
1254,1765926996.292481,2025-12-16T23:16:36.292486+00:00
1255,1765926996.313369,2025-12-16T23:16:36.313373+00:00
1256,1765926996.3316019,2025-12-16T23:16:36.331623+00:00
1257,1765926996.349686,2025-12-16T23:16:36.349690+00:00
1258,1765926996.37058,2025-12-16T23:16:36.370582+00:00
1259,1765926996.391443,2025-12-16T23:16:36.391445+00:00
1260,1765926996.4098282,2025-12-16T23:16:36.409829+00:00
1261,1765926996.430687,2025-12-16T23:16:36.430691+00:00
1262,1765926996.447907,2025-12-16T23:16:36.447908+00:00
1263,1765926996.465535,2025-12-16T23:16:36.465537+00:00
1264,1765926996.4864159,2025-12-16T23:16:36.486418+00:00
1265,1765926996.5072849,2025-12-16T23:16:36.507286+00:00
1266,1765926996.52815,2025-12-16T23:16:36.528155+00:00
1267,1765926996.5470002,2025-12-16T23:16:36.547006+00:00
1268,1765926996.563773,2025-12-16T23:16:36.563776+00:00
1269,1765926996.581683,2025-12-16T23:16:36.581685+00:00
1270,1765926996.598681,2025-12-16T23:16:36.598684+00:00
1271,1765926996.615438,2025-12-16T23:16:36.615443+00:00
1272,1765926996.635668,2025-12-16T23:16:36.635668+00:00
1273,1765926996.656522,2025-12-16T23:16:36.656526+00:00
1274,1765926996.673536,2025-12-16T23:16:36.673540+00:00
1275,1765926996.6944032,2025-12-16T23:16:36.694405+00:00
1276,1765926996.714278,2025-12-16T23:16:36.714293+00:00
1277,1765926996.7316182,2025-12-16T23:16:36.731621+00:00
1278,1765926996.752486,2025-12-16T23:16:36.752488+00:00
1279,1765926996.770615,2025-12-16T23:16:36.770617+00:00
1280,1765926996.7888389,2025-12-16T23:16:36.788844+00:00
1281,1765926996.809738,2025-12-16T23:16:36.809741+00:00
1282,1765926996.829668,2025-12-16T23:16:36.829672+00:00
1283,1765926996.847996,2025-12-16T23:16:36.848010+00:00
1284,1765926996.868811,2025-12-16T23:16:36.868815+00:00
1285,1765926996.889133,2025-12-16T23:16:36.889135+00:00
1286,1765926996.906168,2025-12-16T23:16:36.906171+00:00
1287,1765926996.9231548,2025-12-16T23:16:36.923182+00:00
1288,1765926996.944078,2025-12-16T23:16:36.944081+00:00
1289,1765926996.964957,2025-12-16T23:16:36.964959+00:00
1290,1765926996.985836,2025-12-16T23:16:36.985842+00:00
1291,1765926997.004677,2025-12-16T23:16:37.004679+00:00
1292,1765926997.023554,2025-12-16T23:16:37.023567+00:00
1293,1765926997.044186,2025-12-16T23:16:37.044192+00:00
1294,1765926997.0650592,2025-12-16T23:16:37.065061+00:00
1295,1765926997.0859241,2025-12-16T23:16:37.085925+00:00
1296,1765926997.106768,2025-12-16T23:16:37.106773+00:00
1297,1765926997.124985,2025-12-16T23:16:37.124986+00:00
1298,1765926997.144181,2025-12-16T23:16:37.144183+00:00
1299,1765926997.164814,2025-12-16T23:16:37.164822+00:00
1300,1765926997.1844091,2025-12-16T23:16:37.184410+00:00
1301,1765926997.20534,2025-12-16T23:16:37.205342+00:00
1302,1765926997.223256,2025-12-16T23:16:37.223257+00:00
1303,1765926997.2399502,2025-12-16T23:16:37.239951+00:00
1304,1765926997.256656,2025-12-16T23:16:37.256660+00:00
1305,1765926997.277576,2025-12-16T23:16:37.277579+00:00
1306,1765926997.298375,2025-12-16T23:16:37.298377+00:00
1307,1765926997.318642,2025-12-16T23:16:37.318645+00:00
1308,1765926997.339523,2025-12-16T23:16:37.339525+00:00
1309,1765926997.360394,2025-12-16T23:16:37.360395+00:00
1310,1765926997.377606,2025-12-16T23:16:37.377608+00:00
1311,1765926997.398585,2025-12-16T23:16:37.398586+00:00
1312,1765926997.419565,2025-12-16T23:16:37.419566+00:00
1313,1765926997.440259,2025-12-16T23:16:37.440260+00:00
1314,1765926997.457865,2025-12-16T23:16:37.457869+00:00
1315,1765926997.474993,2025-12-16T23:16:37.474994+00:00
1316,1765926997.49481,2025-12-16T23:16:37.494813+00:00
1317,1765926997.513839,2025-12-16T23:16:37.513844+00:00
1318,1765926997.541816,2025-12-16T23:16:37.541821+00:00
1319,1765926997.562468,2025-12-16T23:16:37.562472+00:00
1320,1765926997.579447,2025-12-16T23:16:37.579452+00:00
1321,1765926997.5999591,2025-12-16T23:16:37.599967+00:00
1322,1765926997.6208682,2025-12-16T23:16:37.620871+00:00
1323,1765926997.638391,2025-12-16T23:16:37.638393+00:00
1324,1765926997.656679,2025-12-16T23:16:37.656682+00:00
1325,1765926997.673545,2025-12-16T23:16:37.673557+00:00
1326,1765926997.692214,2025-12-16T23:16:37.692218+00:00
1327,1765926997.713111,2025-12-16T23:16:37.713116+00:00
1328,1765926997.730678,2025-12-16T23:16:37.730679+00:00
1329,1765926997.7509198,2025-12-16T23:16:37.750921+00:00
1330,1765926997.7695308,2025-12-16T23:16:37.769534+00:00
1331,1765926997.789561,2025-12-16T23:16:37.789563+00:00
1332,1765926997.806777,2025-12-16T23:16:37.806781+00:00
1333,1765926997.827664,2025-12-16T23:16:37.827667+00:00
1334,1765926997.84717,2025-12-16T23:16:37.847172+00:00
1335,1765926997.864817,2025-12-16T23:16:37.864823+00:00
1336,1765926997.8857338,2025-12-16T23:16:37.885739+00:00
1337,1765926997.906626,2025-12-16T23:16:37.906629+00:00
1338,1765926997.926535,2025-12-16T23:16:37.926538+00:00
1339,1765926997.94718,2025-12-16T23:16:37.947183+00:00
1340,1765926997.9680572,2025-12-16T23:16:37.968063+00:00
1341,1765926997.9874408,2025-12-16T23:16:37.987447+00:00
1342,1765926998.0083358,2025-12-16T23:16:38.008339+00:00
1343,1765926998.025635,2025-12-16T23:16:38.025638+00:00
1344,1765926998.046515,2025-12-16T23:16:38.046515+00:00
1345,1765926998.0640278,2025-12-16T23:16:38.064030+00:00
1346,1765926998.083507,2025-12-16T23:16:38.083509+00:00
1347,1765926998.1043909,2025-12-16T23:16:38.104393+00:00
1348,1765926998.121674,2025-12-16T23:16:38.121677+00:00
1349,1765926998.1401758,2025-12-16T23:16:38.140180+00:00
1350,1765926998.159296,2025-12-16T23:16:38.159311+00:00
1351,1765926998.180275,2025-12-16T23:16:38.180280+00:00
1352,1765926998.198177,2025-12-16T23:16:38.198178+00:00
1353,1765926998.219049,2025-12-16T23:16:38.219073+00:00
1354,1765926998.239946,2025-12-16T23:16:38.239947+00:00
1355,1765926998.2566478,2025-12-16T23:16:38.256650+00:00
1356,1765926998.273525,2025-12-16T23:16:38.273526+00:00
1357,1765926998.2935019,2025-12-16T23:16:38.293502+00:00
1358,1765926998.313793,2025-12-16T23:16:38.313796+00:00
1359,1765926998.334687,2025-12-16T23:16:38.334691+00:00
1360,1765926998.354252,2025-12-16T23:16:38.354257+00:00
1361,1765926998.3751638,2025-12-16T23:16:38.375167+00:00
1362,1765926998.396043,2025-12-16T23:16:38.396047+00:00
1363,1765926998.414984,2025-12-16T23:16:38.414986+00:00
1364,1765926998.4358542,2025-12-16T23:16:38.435856+00:00
1365,1765926998.45419,2025-12-16T23:16:38.454191+00:00
1366,1765926998.4750478,2025-12-16T23:16:38.475050+00:00
1367,1765926998.495923,2025-12-16T23:16:38.495924+00:00
1368,1765926998.514115,2025-12-16T23:16:38.514116+00:00
1369,1765926998.5321012,2025-12-16T23:16:38.532106+00:00
1370,1765926998.552994,2025-12-16T23:16:38.552998+00:00
1371,1765926998.5738828,2025-12-16T23:16:38.573886+00:00
1372,1765926998.5920079,2025-12-16T23:16:38.592011+00:00
1373,1765926998.6129138,2025-12-16T23:16:38.612917+00:00
1374,1765926998.6321762,2025-12-16T23:16:38.632177+00:00
1375,1765926998.650414,2025-12-16T23:16:38.650419+00:00
1376,1765926998.668264,2025-12-16T23:16:38.668269+00:00
1377,1765926998.6888,2025-12-16T23:16:38.688805+00:00
1378,1765926998.708707,2025-12-16T23:16:38.708715+00:00
1379,1765926998.728391,2025-12-16T23:16:38.728396+00:00
1380,1765926998.7458172,2025-12-16T23:16:38.745820+00:00
1381,1765926998.7659352,2025-12-16T23:16:38.765938+00:00
1382,1765926998.784037,2025-12-16T23:16:38.784041+00:00
1383,1765926998.804938,2025-12-16T23:16:38.804940+00:00
1384,1765926998.821743,2025-12-16T23:16:38.821743+00:00
1385,1765926998.839839,2025-12-16T23:16:38.839845+00:00
1386,1765926998.8607502,2025-12-16T23:16:38.860752+00:00
1387,1765926998.881485,2025-12-16T23:16:38.881486+00:00
1388,1765926998.90172,2025-12-16T23:16:38.901721+00:00
1389,1765926998.922571,2025-12-16T23:16:38.922572+00:00
1390,1765926998.941747,2025-12-16T23:16:38.941759+00:00
1391,1765926998.9601622,2025-12-16T23:16:38.960166+00:00
1392,1765926998.980303,2025-12-16T23:16:38.980308+00:00
1393,1765926999.000659,2025-12-16T23:16:39.000661+00:00
1394,1765926999.021528,2025-12-16T23:16:39.021531+00:00
1395,1765926999.039357,2025-12-16T23:16:39.039361+00:00
1396,1765926999.060246,2025-12-16T23:16:39.060248+00:00
1397,1765926999.0810611,2025-12-16T23:16:39.081064+00:00
1398,1765926999.098037,2025-12-16T23:16:39.098041+00:00
1399,1765926999.1189408,2025-12-16T23:16:39.118946+00:00
1400,1765926999.139838,2025-12-16T23:16:39.139840+00:00
1401,1765926999.158302,2025-12-16T23:16:39.158307+00:00
1402,1765926999.1754382,2025-12-16T23:16:39.175449+00:00
1403,1765926999.1934369,2025-12-16T23:16:39.193441+00:00
1404,1765926999.214327,2025-12-16T23:16:39.214329+00:00
1405,1765926999.232789,2025-12-16T23:16:39.232807+00:00
1406,1765926999.253689,2025-12-16T23:16:39.253690+00:00
1407,1765926999.272126,2025-12-16T23:16:39.272130+00:00
1408,1765926999.292479,2025-12-16T23:16:39.292483+00:00
1409,1765926999.310486,2025-12-16T23:16:39.310489+00:00
1410,1765926999.3309429,2025-12-16T23:16:39.330944+00:00
1411,1765926999.350655,2025-12-16T23:16:39.350659+00:00
1412,1765926999.37049,2025-12-16T23:16:39.370494+00:00
1413,1765926999.391395,2025-12-16T23:16:39.391400+00:00
1414,1765926999.412294,2025-12-16T23:16:39.412298+00:00
1415,1765926999.430749,2025-12-16T23:16:39.430754+00:00
1416,1765926999.450625,2025-12-16T23:16:39.450627+00:00
1417,1765926999.467547,2025-12-16T23:16:39.467550+00:00
1418,1765926999.484979,2025-12-16T23:16:39.484983+00:00
1419,1765926999.5041559,2025-12-16T23:16:39.504157+00:00
1420,1765926999.5250251,2025-12-16T23:16:39.525027+00:00
1421,1765926999.5459,2025-12-16T23:16:39.545905+00:00
1422,1765926999.5668201,2025-12-16T23:16:39.566827+00:00
1423,1765926999.587723,2025-12-16T23:16:39.587724+00:00
1424,1765926999.6060941,2025-12-16T23:16:39.606095+00:00
1425,1765926999.6233191,2025-12-16T23:16:39.623320+00:00
1426,1765926999.6400461,2025-12-16T23:16:39.640048+00:00
1427,1765926999.65799,2025-12-16T23:16:39.657992+00:00
1428,1765926999.676001,2025-12-16T23:16:39.676007+00:00
1429,1765926999.695897,2025-12-16T23:16:39.695903+00:00
1430,1765926999.7152588,2025-12-16T23:16:39.715262+00:00
1431,1765926999.733831,2025-12-16T23:16:39.733837+00:00
1432,1765926999.754709,2025-12-16T23:16:39.754712+00:00
1433,1765926999.7750962,2025-12-16T23:16:39.775100+00:00
1434,1765926999.7923782,2025-12-16T23:16:39.792448+00:00
1435,1765926999.809481,2025-12-16T23:16:39.809483+00:00
1436,1765926999.829706,2025-12-16T23:16:39.829710+00:00
1437,1765926999.8483489,2025-12-16T23:16:39.848353+00:00
1438,1765926999.8692842,2025-12-16T23:16:39.869288+00:00
1439,1765926999.8872352,2025-12-16T23:16:39.887238+00:00
1440,1765926999.906317,2025-12-16T23:16:39.906319+00:00
1441,1765926999.927201,2025-12-16T23:16:39.927206+00:00
1442,1765926999.9480698,2025-12-16T23:16:39.948070+00:00
1443,1765926999.968688,2025-12-16T23:16:39.968693+00:00
1444,1765926999.989333,2025-12-16T23:16:39.989337+00:00
1445,1765927000.0070431,2025-12-16T23:16:40.007043+00:00
1446,1765927000.0237498,2025-12-16T23:16:40.023751+00:00
1447,1765927000.04237,2025-12-16T23:16:40.042371+00:00
1448,1765927000.06146,2025-12-16T23:16:40.061464+00:00
1449,1765927000.078662,2025-12-16T23:16:40.078665+00:00
1450,1765927000.099555,2025-12-16T23:16:40.099560+00:00
1451,1765927000.1203358,2025-12-16T23:16:40.120340+00:00
1452,1765927000.141218,2025-12-16T23:16:40.141220+00:00
1453,1765927000.162099,2025-12-16T23:16:40.162101+00:00
1454,1765927000.1822872,2025-12-16T23:16:40.182291+00:00
1455,1765927000.20309,2025-12-16T23:16:40.203093+00:00
1456,1765927000.222233,2025-12-16T23:16:40.222238+00:00
1457,1765927000.2412312,2025-12-16T23:16:40.241236+00:00
1458,1765927000.2595258,2025-12-16T23:16:40.259528+00:00
1459,1765927000.280425,2025-12-16T23:16:40.280428+00:00
1460,1765927000.298218,2025-12-16T23:16:40.298221+00:00
1461,1765927000.319106,2025-12-16T23:16:40.319110+00:00
1462,1765927000.338859,2025-12-16T23:16:40.338862+00:00
1463,1765927000.3597288,2025-12-16T23:16:40.359731+00:00
1464,1765927000.380009,2025-12-16T23:16:40.380012+00:00
1465,1765927000.400908,2025-12-16T23:16:40.400912+00:00
1466,1765927000.421794,2025-12-16T23:16:40.421796+00:00
1467,1765927000.442668,2025-12-16T23:16:40.442669+00:00
1468,1765927000.461217,2025-12-16T23:16:40.461219+00:00
1469,1765927000.48144,2025-12-16T23:16:40.481442+00:00
1470,1765927000.5024269,2025-12-16T23:16:40.502432+00:00
1471,1765927000.519885,2025-12-16T23:16:40.519891+00:00
1472,1765927000.540805,2025-12-16T23:16:40.540809+00:00
1473,1765927000.561704,2025-12-16T23:16:40.561709+00:00
1474,1765927000.5826209,2025-12-16T23:16:40.582628+00:00
1475,1765927000.6026921,2025-12-16T23:16:40.602696+00:00
1476,1765927000.6234298,2025-12-16T23:16:40.623432+00:00
1477,1765927000.640339,2025-12-16T23:16:40.640345+00:00
1478,1765927000.660676,2025-12-16T23:16:40.660680+00:00
1479,1765927000.677788,2025-12-16T23:16:40.677792+00:00
1480,1765927000.695512,2025-12-16T23:16:40.695515+00:00
1481,1765927000.713847,2025-12-16T23:16:40.713853+00:00
1482,1765927000.734755,2025-12-16T23:16:40.734759+00:00
1483,1765927000.7519622,2025-12-16T23:16:40.751967+00:00
1484,1765927000.7728581,2025-12-16T23:16:40.772863+00:00
1485,1765927000.793764,2025-12-16T23:16:40.793770+00:00
1486,1765927000.8111749,2025-12-16T23:16:40.811186+00:00
1487,1765927000.8304598,2025-12-16T23:16:40.830464+00:00
1488,1765927000.848528,2025-12-16T23:16:40.848529+00:00
1489,1765927000.868447,2025-12-16T23:16:40.868450+00:00
1490,1765927000.889347,2025-12-16T23:16:40.889349+00:00
1491,1765927000.9091048,2025-12-16T23:16:40.909108+00:00
1492,1765927000.926062,2025-12-16T23:16:40.926063+00:00
1493,1765927000.943944,2025-12-16T23:16:40.943946+00:00
1494,1765927000.9648068,2025-12-16T23:16:40.964809+00:00
1495,1765927000.981546,2025-12-16T23:16:40.981577+00:00
1496,1765927001.0020149,2025-12-16T23:16:41.002019+00:00
1497,1765927001.02289,2025-12-16T23:16:41.022894+00:00
1498,1765927001.045652,2025-12-16T23:16:41.045656+00:00
1499,1765927001.065679,2025-12-16T23:16:41.065684+00:00
1500,1765927001.083488,2025-12-16T23:16:41.083492+00:00
1501,1765927001.104369,2025-12-16T23:16:41.104373+00:00
1502,1765927001.1239219,2025-12-16T23:16:41.123924+00:00
1503,1765927001.144845,2025-12-16T23:16:41.144848+00:00
1504,1765927001.162729,2025-12-16T23:16:41.162732+00:00
1505,1765927001.181891,2025-12-16T23:16:41.181901+00:00
1506,1765927001.2028449,2025-12-16T23:16:41.202851+00:00
1507,1765927001.222677,2025-12-16T23:16:41.222678+00:00
1508,1765927001.243542,2025-12-16T23:16:41.243545+00:00
1509,1765927001.262918,2025-12-16T23:16:41.262923+00:00
1510,1765927001.2829928,2025-12-16T23:16:41.282995+00:00
1511,1765927001.3028321,2025-12-16T23:16:41.302834+00:00
1512,1765927001.3216178,2025-12-16T23:16:41.321622+00:00
1513,1765927001.342525,2025-12-16T23:16:41.342527+00:00
1514,1765927001.363322,2025-12-16T23:16:41.363323+00:00
1515,1765927001.383631,2025-12-16T23:16:41.383633+00:00
1516,1765927001.4025102,2025-12-16T23:16:41.402511+00:00
1517,1765927001.419289,2025-12-16T23:16:41.419289+00:00
1518,1765927001.440135,2025-12-16T23:16:41.440136+00:00
1519,1765927001.4609852,2025-12-16T23:16:41.460989+00:00
1520,1765927001.4792619,2025-12-16T23:16:41.479265+00:00
1521,1765927001.500006,2025-12-16T23:16:41.500011+00:00
1522,1765927001.520894,2025-12-16T23:16:41.520899+00:00
1523,1765927001.539076,2025-12-16T23:16:41.539081+00:00
1524,1765927001.5568619,2025-12-16T23:16:41.556865+00:00
1525,1765927001.5777779,2025-12-16T23:16:41.577782+00:00
1526,1765927001.59854,2025-12-16T23:16:41.598541+00:00
1527,1765927001.6194172,2025-12-16T23:16:41.619421+00:00
1528,1765927001.6403148,2025-12-16T23:16:41.640318+00:00
1529,1765927001.657054,2025-12-16T23:16:41.657063+00:00
1530,1765927001.6779652,2025-12-16T23:16:41.677968+00:00
1531,1765927001.69783,2025-12-16T23:16:41.697836+00:00
1532,1765927001.717068,2025-12-16T23:16:41.717069+00:00
1533,1765927001.737927,2025-12-16T23:16:41.737930+00:00
1534,1765927001.756104,2025-12-16T23:16:41.756105+00:00
1535,1765927001.7763898,2025-12-16T23:16:41.776391+00:00
1536,1765927001.795904,2025-12-16T23:16:41.795908+00:00
1537,1765927001.816774,2025-12-16T23:16:41.816775+00:00
1538,1765927001.83764,2025-12-16T23:16:41.837644+00:00
1539,1765927001.858552,2025-12-16T23:16:41.858555+00:00
1540,1765927001.8794298,2025-12-16T23:16:41.879431+00:00
1541,1765927001.898643,2025-12-16T23:16:41.898647+00:00
1542,1765927001.919126,2025-12-16T23:16:41.919128+00:00
1543,1765927001.938438,2025-12-16T23:16:41.938439+00:00
1544,1765927001.956886,2025-12-16T23:16:41.956888+00:00
1545,1765927001.9777422,2025-12-16T23:16:41.977743+00:00
1546,1765927001.9986298,2025-12-16T23:16:41.998633+00:00
1547,1765927002.019514,2025-12-16T23:16:42.019518+00:00
1548,1765927002.0398731,2025-12-16T23:16:42.039877+00:00
1549,1765927002.060756,2025-12-16T23:16:42.060759+00:00
1550,1765927002.081068,2025-12-16T23:16:42.081069+00:00
1551,1765927002.1015549,2025-12-16T23:16:42.101558+00:00
1552,1765927002.122425,2025-12-16T23:16:42.122426+00:00
1553,1765927002.139565,2025-12-16T23:16:42.139565+00:00
1554,1765927002.1566951,2025-12-16T23:16:42.156695+00:00
1555,1765927002.174646,2025-12-16T23:16:42.174647+00:00
1556,1765927002.193195,2025-12-16T23:16:42.193202+00:00
1557,1765927002.2139,2025-12-16T23:16:42.213906+00:00
1558,1765927002.231315,2025-12-16T23:16:42.231321+00:00
1559,1765927002.248128,2025-12-16T23:16:42.248129+00:00
1560,1765927002.268996,2025-12-16T23:16:42.269001+00:00
1561,1765927002.288862,2025-12-16T23:16:42.288864+00:00
1562,1765927002.309729,2025-12-16T23:16:42.309731+00:00
1563,1765927002.330461,2025-12-16T23:16:42.330463+00:00
1564,1765927002.351339,2025-12-16T23:16:42.351340+00:00
1565,1765927002.368785,2025-12-16T23:16:42.368787+00:00
1566,1765927002.389642,2025-12-16T23:16:42.389643+00:00
1567,1765927002.4065542,2025-12-16T23:16:42.406557+00:00
1568,1765927002.427441,2025-12-16T23:16:42.427443+00:00
1569,1765927002.446896,2025-12-16T23:16:42.446900+00:00
1570,1765927002.467798,2025-12-16T23:16:42.467801+00:00
1571,1765927002.488683,2025-12-16T23:16:42.488687+00:00
1572,1765927002.506301,2025-12-16T23:16:42.506303+00:00
1573,1765927002.524097,2025-12-16T23:16:42.524105+00:00
1574,1765927002.5450208,2025-12-16T23:16:42.545025+00:00
1575,1765927002.564411,2025-12-16T23:16:42.564416+00:00
1576,1765927002.5853162,2025-12-16T23:16:42.585319+00:00
1577,1765927002.606194,2025-12-16T23:16:42.606195+00:00
1578,1765927002.625432,2025-12-16T23:16:42.625436+00:00
1579,1765927002.6455848,2025-12-16T23:16:42.645586+00:00
1580,1765927002.662421,2025-12-16T23:16:42.662424+00:00
1581,1765927002.681948,2025-12-16T23:16:42.681949+00:00
1582,1765927002.699442,2025-12-16T23:16:42.699447+00:00
1583,1765927002.720366,2025-12-16T23:16:42.720371+00:00
1584,1765927002.738425,2025-12-16T23:16:42.738430+00:00
1585,1765927002.759327,2025-12-16T23:16:42.759330+00:00
1586,1765927002.7800379,2025-12-16T23:16:42.780042+00:00
1587,1765927002.7984378,2025-12-16T23:16:42.798456+00:00
1588,1765927002.819312,2025-12-16T23:16:42.819314+00:00
1589,1765927002.8401752,2025-12-16T23:16:42.840180+00:00
1590,1765927002.857939,2025-12-16T23:16:42.857941+00:00
1591,1765927002.878817,2025-12-16T23:16:42.878819+00:00
1592,1765927002.8959968,2025-12-16T23:16:42.896000+00:00
1593,1765927002.915045,2025-12-16T23:16:42.915048+00:00
1594,1765927002.934371,2025-12-16T23:16:42.934372+00:00
1595,1765927002.9549818,2025-12-16T23:16:42.954985+00:00
1596,1765927002.973633,2025-12-16T23:16:42.973646+00:00
1597,1765927002.9904199,2025-12-16T23:16:42.990421+00:00
1598,1765927003.011332,2025-12-16T23:16:43.011333+00:00
1599,1765927003.029532,2025-12-16T23:16:43.029533+00:00
1600,1765927003.048735,2025-12-16T23:16:43.048740+00:00
1601,1765927003.069653,2025-12-16T23:16:43.069657+00:00
1602,1765927003.0899892,2025-12-16T23:16:43.089990+00:00
1603,1765927003.110858,2025-12-16T23:16:43.110860+00:00
1604,1765927003.1298969,2025-12-16T23:16:43.129899+00:00
1605,1765927003.148345,2025-12-16T23:16:43.148345+00:00
1606,1765927003.168569,2025-12-16T23:16:43.168574+00:00
1607,1765927003.187031,2025-12-16T23:16:43.187033+00:00
1608,1765927003.2078989,2025-12-16T23:16:43.207905+00:00
1609,1765927003.22878,2025-12-16T23:16:43.228783+00:00
1610,1765927003.247913,2025-12-16T23:16:43.247917+00:00
1611,1765927003.268786,2025-12-16T23:16:43.268792+00:00
1612,1765927003.2888708,2025-12-16T23:16:43.288872+00:00
1613,1765927003.3097548,2025-12-16T23:16:43.309760+00:00
1614,1765927003.3288808,2025-12-16T23:16:43.328883+00:00
1615,1765927003.3494341,2025-12-16T23:16:43.349441+00:00
1616,1765927003.3703349,2025-12-16T23:16:43.370337+00:00
1617,1765927003.391219,2025-12-16T23:16:43.391224+00:00
1618,1765927003.4088519,2025-12-16T23:16:43.408855+00:00
1619,1765927003.4292748,2025-12-16T23:16:43.429279+00:00
1620,1765927003.4475331,2025-12-16T23:16:43.447535+00:00
1621,1765927003.468409,2025-12-16T23:16:43.468415+00:00
1622,1765927003.487776,2025-12-16T23:16:43.487780+00:00
1623,1765927003.5069282,2025-12-16T23:16:43.506931+00:00
1624,1765927003.525723,2025-12-16T23:16:43.525727+00:00
1625,1765927003.5464478,2025-12-16T23:16:43.546455+00:00
1626,1765927003.56737,2025-12-16T23:16:43.567402+00:00
1627,1765927003.588282,2025-12-16T23:16:43.588286+00:00
1628,1765927003.608465,2025-12-16T23:16:43.608472+00:00
1629,1765927003.627116,2025-12-16T23:16:43.627119+00:00
1630,1765927003.6479979,2025-12-16T23:16:43.648001+00:00
1631,1765927003.6689,2025-12-16T23:16:43.668905+00:00
1632,1765927003.688818,2025-12-16T23:16:43.688821+00:00
1633,1765927003.708697,2025-12-16T23:16:43.708703+00:00
1634,1765927003.7296078,2025-12-16T23:16:43.729612+00:00
1635,1765927003.746384,2025-12-16T23:16:43.746387+00:00
1636,1765927003.767287,2025-12-16T23:16:43.767289+00:00
1637,1765927003.788152,2025-12-16T23:16:43.788155+00:00
1638,1765927003.809037,2025-12-16T23:16:43.809040+00:00
1639,1765927003.829901,2025-12-16T23:16:43.829902+00:00
1640,1765927003.850755,2025-12-16T23:16:43.850759+00:00
1641,1765927003.869038,2025-12-16T23:16:43.869042+00:00
1642,1765927003.887767,2025-12-16T23:16:43.887772+00:00
1643,1765927003.90867,2025-12-16T23:16:43.908673+00:00
1644,1765927003.9295502,2025-12-16T23:16:43.929554+00:00
1645,1765927003.9504719,2025-12-16T23:16:43.950474+00:00
1646,1765927003.971324,2025-12-16T23:16:43.971325+00:00
1647,1765927003.990266,2025-12-16T23:16:43.990274+00:00
1648,1765927004.0106409,2025-12-16T23:16:44.010642+00:00
1649,1765927004.031539,2025-12-16T23:16:44.031544+00:00
1650,1765927004.050714,2025-12-16T23:16:44.050716+00:00
1651,1765927004.070464,2025-12-16T23:16:44.070469+00:00
1652,1765927004.090135,2025-12-16T23:16:44.090139+00:00
1653,1765927004.107109,2025-12-16T23:16:44.107112+00:00
1654,1765927004.1280088,2025-12-16T23:16:44.128013+00:00
1655,1765927004.145105,2025-12-16T23:16:44.145107+00:00
1656,1765927004.165078,2025-12-16T23:16:44.165079+00:00
1657,1765927004.185936,2025-12-16T23:16:44.185938+00:00
1658,1765927004.2068028,2025-12-16T23:16:44.206808+00:00
1659,1765927004.227085,2025-12-16T23:16:44.227090+00:00
1660,1765927004.247977,2025-12-16T23:16:44.247979+00:00
1661,1765927004.2688498,2025-12-16T23:16:44.268855+00:00
1662,1765927004.287107,2025-12-16T23:16:44.287110+00:00
1663,1765927004.3054452,2025-12-16T23:16:44.305448+00:00
1664,1765927004.3263218,2025-12-16T23:16:44.326325+00:00
1665,1765927004.3464918,2025-12-16T23:16:44.346495+00:00
1666,1765927004.363264,2025-12-16T23:16:44.363267+00:00
1667,1765927004.384146,2025-12-16T23:16:44.384148+00:00
1668,1765927004.4021702,2025-12-16T23:16:44.402175+00:00
1669,1765927004.422604,2025-12-16T23:16:44.422605+00:00
1670,1765927004.439518,2025-12-16T23:16:44.439560+00:00
1671,1765927004.460413,2025-12-16T23:16:44.460414+00:00
1672,1765927004.4812732,2025-12-16T23:16:44.481275+00:00
1673,1765927004.500491,2025-12-16T23:16:44.500494+00:00
1674,1765927004.521365,2025-12-16T23:16:44.521368+00:00
1675,1765927004.5384362,2025-12-16T23:16:44.538439+00:00
1676,1765927004.555489,2025-12-16T23:16:44.555496+00:00
1677,1765927004.576093,2025-12-16T23:16:44.576098+00:00
1678,1765927004.595119,2025-12-16T23:16:44.595122+00:00
1679,1765927004.615993,2025-12-16T23:16:44.615994+00:00
1680,1765927004.6342971,2025-12-16T23:16:44.634298+00:00
1681,1765927004.65517,2025-12-16T23:16:44.655173+00:00
1682,1765927004.676064,2025-12-16T23:16:44.676069+00:00
1683,1765927004.696995,2025-12-16T23:16:44.696999+00:00
1684,1765927004.7150002,2025-12-16T23:16:44.715005+00:00
1685,1765927004.736126,2025-12-16T23:16:44.736128+00:00
1686,1765927004.7555041,2025-12-16T23:16:44.755505+00:00
1687,1765927004.772206,2025-12-16T23:16:44.772208+00:00
1688,1765927004.789801,2025-12-16T23:16:44.789804+00:00
1689,1765927004.810206,2025-12-16T23:16:44.810211+00:00
1690,1765927004.831114,2025-12-16T23:16:44.831116+00:00
1691,1765927004.847923,2025-12-16T23:16:44.847929+00:00
1692,1765927004.865793,2025-12-16T23:16:44.865797+00:00
1693,1765927004.886658,2025-12-16T23:16:44.886659+00:00
1694,1765927004.905963,2025-12-16T23:16:44.905966+00:00
1695,1765927004.9234471,2025-12-16T23:16:44.923450+00:00
1696,1765927004.9441652,2025-12-16T23:16:44.944192+00:00
1697,1765927004.965149,2025-12-16T23:16:44.965154+00:00
1698,1765927004.986069,2025-12-16T23:16:44.986072+00:00
1699,1765927005.003077,2025-12-16T23:16:45.003080+00:00
1700,1765927005.023124,2025-12-16T23:16:45.023127+00:00
1701,1765927005.040403,2025-12-16T23:16:45.040403+00:00
1702,1765927005.061265,2025-12-16T23:16:45.061268+00:00
1703,1765927005.081274,2025-12-16T23:16:45.081275+00:00
1704,1765927005.100211,2025-12-16T23:16:45.100215+00:00
1705,1765927005.1193988,2025-12-16T23:16:45.119401+00:00
1706,1765927005.140239,2025-12-16T23:16:45.140239+00:00
1707,1765927005.160009,2025-12-16T23:16:45.160010+00:00
1708,1765927005.17924,2025-12-16T23:16:45.179243+00:00
1709,1765927005.2001002,2025-12-16T23:16:45.200106+00:00
1710,1765927005.2210162,2025-12-16T23:16:45.221025+00:00
1711,1765927005.238828,2025-12-16T23:16:45.238835+00:00
1712,1765927005.2582881,2025-12-16T23:16:45.258289+00:00
1713,1765927005.279139,2025-12-16T23:16:45.279140+00:00
1714,1765927005.29698,2025-12-16T23:16:45.296984+00:00
1715,1765927005.317863,2025-12-16T23:16:45.317865+00:00
1716,1765927005.34047,2025-12-16T23:16:45.340472+00:00
1717,1765927005.3613288,2025-12-16T23:16:45.361334+00:00
1718,1765927005.380705,2025-12-16T23:16:45.380717+00:00
1719,1765927005.398396,2025-12-16T23:16:45.398400+00:00
1720,1765927005.419272,2025-12-16T23:16:45.419277+00:00
1721,1765927005.437803,2025-12-16T23:16:45.437804+00:00
1722,1765927005.458672,2025-12-16T23:16:45.458677+00:00
1723,1765927005.479604,2025-12-16T23:16:45.479608+00:00
1724,1765927005.4999838,2025-12-16T23:16:45.499987+00:00
1725,1765927005.520882,2025-12-16T23:16:45.520888+00:00
1726,1765927005.5417962,2025-12-16T23:16:45.541806+00:00
1727,1765927005.562098,2025-12-16T23:16:45.562101+00:00
1728,1765927005.581579,2025-12-16T23:16:45.581595+00:00
1729,1765927005.5983691,2025-12-16T23:16:45.598421+00:00
1730,1765927005.6194088,2025-12-16T23:16:45.619413+00:00
1731,1765927005.6465018,2025-12-16T23:16:45.648371+00:00
1732,1765927005.6776152,2025-12-16T23:16:45.677621+00:00
1733,1765927005.6980212,2025-12-16T23:16:45.698024+00:00
1734,1765927005.7181818,2025-12-16T23:16:45.718186+00:00
1735,1765927005.736007,2025-12-16T23:16:45.736011+00:00
1736,1765927005.756629,2025-12-16T23:16:45.756632+00:00
1737,1765927005.7775428,2025-12-16T23:16:45.777548+00:00
1738,1765927005.7971451,2025-12-16T23:16:45.797146+00:00
1739,1765927005.814771,2025-12-16T23:16:45.814789+00:00
1740,1765927005.835605,2025-12-16T23:16:45.835607+00:00
1741,1765927005.85648,2025-12-16T23:16:45.856480+00:00
1742,1765927005.873333,2025-12-16T23:16:45.873334+00:00
1743,1765927005.8943849,2025-12-16T23:16:45.894394+00:00
1744,1765927005.915276,2025-12-16T23:16:45.915280+00:00
1745,1765927005.935801,2025-12-16T23:16:45.935805+00:00
1746,1765927005.954026,2025-12-16T23:16:45.954028+00:00
1747,1765927005.973449,2025-12-16T23:16:45.973450+00:00
1748,1765927005.994316,2025-12-16T23:16:45.994318+00:00
1749,1765927006.0151858,2025-12-16T23:16:46.015188+00:00
1750,1765927006.036056,2025-12-16T23:16:46.036062+00:00
1751,1765927006.056385,2025-12-16T23:16:46.056390+00:00
1752,1765927006.0732841,2025-12-16T23:16:46.073288+00:00
1753,1765927006.0941708,2025-12-16T23:16:46.094176+00:00
1754,1765927006.114259,2025-12-16T23:16:46.114267+00:00
1755,1765927006.131993,2025-12-16T23:16:46.131996+00:00
1756,1765927006.1528661,2025-12-16T23:16:46.152882+00:00
1757,1765927006.173734,2025-12-16T23:16:46.173739+00:00
1758,1765927006.1942852,2025-12-16T23:16:46.194290+00:00
1759,1765927006.211783,2025-12-16T23:16:46.211788+00:00
1760,1765927006.232517,2025-12-16T23:16:46.232529+00:00
1761,1765927006.25145,2025-12-16T23:16:46.251461+00:00
1762,1765927006.272224,2025-12-16T23:16:46.272227+00:00
1763,1765927006.290132,2025-12-16T23:16:46.290135+00:00
1764,1765927006.311017,2025-12-16T23:16:46.311022+00:00
1765,1765927006.328395,2025-12-16T23:16:46.328398+00:00
1766,1765927006.3471968,2025-12-16T23:16:46.347200+00:00
1767,1765927006.364701,2025-12-16T23:16:46.364715+00:00
1768,1765927006.3831658,2025-12-16T23:16:46.383168+00:00
1769,1765927006.401171,2025-12-16T23:16:46.401177+00:00
1770,1765927006.42133,2025-12-16T23:16:46.421331+00:00
1771,1765927006.442195,2025-12-16T23:16:46.442199+00:00
1772,1765927006.4606001,2025-12-16T23:16:46.460603+00:00
1773,1765927006.4814441,2025-12-16T23:16:46.481450+00:00
1774,1765927006.498177,2025-12-16T23:16:46.498178+00:00
1775,1765927006.518414,2025-12-16T23:16:46.518417+00:00
1776,1765927006.5380301,2025-12-16T23:16:46.538033+00:00
1777,1765927006.55891,2025-12-16T23:16:46.558914+00:00
1778,1765927006.5772538,2025-12-16T23:16:46.577259+00:00
1779,1765927006.5973172,2025-12-16T23:16:46.597320+00:00
1780,1765927006.614362,2025-12-16T23:16:46.614367+00:00
1781,1765927006.63169,2025-12-16T23:16:46.631691+00:00
1782,1765927006.652572,2025-12-16T23:16:46.652575+00:00
1783,1765927006.6734579,2025-12-16T23:16:46.673462+00:00
1784,1765927006.690767,2025-12-16T23:16:46.690769+00:00
1785,1765927006.711639,2025-12-16T23:16:46.711643+00:00
1786,1765927006.731773,2025-12-16T23:16:46.731776+00:00
1787,1765927006.752651,2025-12-16T23:16:46.752654+00:00
1788,1765927006.773537,2025-12-16T23:16:46.773540+00:00
1789,1765927006.794413,2025-12-16T23:16:46.794416+00:00
1790,1765927006.814782,2025-12-16T23:16:46.814784+00:00
1791,1765927006.8315961,2025-12-16T23:16:46.831597+00:00
1792,1765927006.848324,2025-12-16T23:16:46.848325+00:00
1793,1765927006.865046,2025-12-16T23:16:46.865046+00:00
1794,1765927006.885173,2025-12-16T23:16:46.885174+00:00
1795,1765927006.906028,2025-12-16T23:16:46.906032+00:00
1796,1765927006.924126,2025-12-16T23:16:46.924130+00:00
1797,1765927006.9450061,2025-12-16T23:16:46.945010+00:00
1798,1765927006.965903,2025-12-16T23:16:46.965905+00:00
1799,1765927006.9861429,2025-12-16T23:16:46.986145+00:00
1800,1765927007.00701,2025-12-16T23:16:47.007014+00:00
1801,1765927007.02637,2025-12-16T23:16:47.026383+00:00
1802,1765927007.046881,2025-12-16T23:16:47.046883+00:00
1803,1765927007.0669389,2025-12-16T23:16:47.066943+00:00
1804,1765927007.0838442,2025-12-16T23:16:47.083848+00:00
1805,1765927007.104741,2025-12-16T23:16:47.104745+00:00
1806,1765927007.1227908,2025-12-16T23:16:47.122793+00:00
1807,1765927007.141425,2025-12-16T23:16:47.141426+00:00
1808,1765927007.160925,2025-12-16T23:16:47.160928+00:00
1809,1765927007.181833,2025-12-16T23:16:47.181834+00:00
1810,1765927007.198834,2025-12-16T23:16:47.198836+00:00
1811,1765927007.2181802,2025-12-16T23:16:47.218187+00:00
1812,1765927007.239095,2025-12-16T23:16:47.239102+00:00
1813,1765927007.258796,2025-12-16T23:16:47.258799+00:00
1814,1765927007.279664,2025-12-16T23:16:47.279665+00:00
1815,1765927007.2971241,2025-12-16T23:16:47.297127+00:00
1816,1765927007.314574,2025-12-16T23:16:47.314576+00:00
1817,1765927007.335455,2025-12-16T23:16:47.335458+00:00
1818,1765927007.356339,2025-12-16T23:16:47.356341+00:00
1819,1765927007.3771992,2025-12-16T23:16:47.377200+00:00
1820,1765927007.3979468,2025-12-16T23:16:47.397948+00:00
1821,1765927007.4147131,2025-12-16T23:16:47.414716+00:00
1822,1765927007.435613,2025-12-16T23:16:47.435618+00:00
1823,1765927007.455606,2025-12-16T23:16:47.455608+00:00
1824,1765927007.4747179,2025-12-16T23:16:47.474719+00:00
1825,1765927007.494884,2025-12-16T23:16:47.494885+00:00
1826,1765927007.514722,2025-12-16T23:16:47.514727+00:00
1827,1765927007.5355809,2025-12-16T23:16:47.535621+00:00
1828,1765927007.554601,2025-12-16T23:16:47.554603+00:00
1829,1765927007.573195,2025-12-16T23:16:47.573198+00:00
1830,1765927007.594078,2025-12-16T23:16:47.594082+00:00
1831,1765927007.6149812,2025-12-16T23:16:47.614984+00:00
1832,1765927007.635307,2025-12-16T23:16:47.635310+00:00
1833,1765927007.656192,2025-12-16T23:16:47.656194+00:00
1834,1765927007.674898,2025-12-16T23:16:47.674902+00:00
1835,1765927007.6958022,2025-12-16T23:16:47.695804+00:00
1836,1765927007.7166872,2025-12-16T23:16:47.716692+00:00
1837,1765927007.734526,2025-12-16T23:16:47.734531+00:00
1838,1765927007.7544398,2025-12-16T23:16:47.754447+00:00
1839,1765927007.7723641,2025-12-16T23:16:47.772365+00:00
1840,1765927007.7898188,2025-12-16T23:16:47.789820+00:00
1841,1765927007.807755,2025-12-16T23:16:47.807757+00:00
1842,1765927007.8270888,2025-12-16T23:16:47.827091+00:00
1843,1765927007.8468301,2025-12-16T23:16:47.846831+00:00
1844,1765927007.863806,2025-12-16T23:16:47.863809+00:00
1845,1765927007.884695,2025-12-16T23:16:47.884697+00:00
1846,1765927007.902833,2025-12-16T23:16:47.902838+00:00
1847,1765927007.92342,2025-12-16T23:16:47.923422+00:00
1848,1765927007.941566,2025-12-16T23:16:47.941568+00:00
1849,1765927007.9591649,2025-12-16T23:16:47.959166+00:00
1850,1765927007.9796321,2025-12-16T23:16:47.979633+00:00
1851,1765927008.000515,2025-12-16T23:16:48.000516+00:00
1852,1765927008.017338,2025-12-16T23:16:48.017341+00:00
1853,1765927008.0381691,2025-12-16T23:16:48.038170+00:00
1854,1765927008.059037,2025-12-16T23:16:48.059042+00:00
1855,1765927008.079934,2025-12-16T23:16:48.079936+00:00
1856,1765927008.1008,2025-12-16T23:16:48.100800+00:00
1857,1765927008.118176,2025-12-16T23:16:48.118178+00:00
1858,1765927008.13646,2025-12-16T23:16:48.136462+00:00
1859,1765927008.156288,2025-12-16T23:16:48.156289+00:00
1860,1765927008.1771631,2025-12-16T23:16:48.177168+00:00
1861,1765927008.198064,2025-12-16T23:16:48.198069+00:00
1862,1765927008.2164302,2025-12-16T23:16:48.216442+00:00
1863,1765927008.235463,2025-12-16T23:16:48.235466+00:00
1864,1765927008.253768,2025-12-16T23:16:48.253779+00:00
1865,1765927008.272193,2025-12-16T23:16:48.272195+00:00
1866,1765927008.293053,2025-12-16T23:16:48.293054+00:00
1867,1765927008.3111858,2025-12-16T23:16:48.311187+00:00
1868,1765927008.330766,2025-12-16T23:16:48.330769+00:00
1869,1765927008.3516421,2025-12-16T23:16:48.351647+00:00
1870,1765927008.3693702,2025-12-16T23:16:48.369372+00:00
1871,1765927008.39025,2025-12-16T23:16:48.390254+00:00
1872,1765927008.408732,2025-12-16T23:16:48.408735+00:00
1873,1765927008.429615,2025-12-16T23:16:48.429617+00:00
1874,1765927008.4480152,2025-12-16T23:16:48.448016+00:00
1875,1765927008.468878,2025-12-16T23:16:48.468879+00:00
1876,1765927008.485826,2025-12-16T23:16:48.485831+00:00
1877,1765927008.5033731,2025-12-16T23:16:48.503375+00:00
1878,1765927008.523103,2025-12-16T23:16:48.523113+00:00
1879,1765927008.5398688,2025-12-16T23:16:48.539872+00:00
1880,1765927008.5607328,2025-12-16T23:16:48.560735+00:00
1881,1765927008.581599,2025-12-16T23:16:48.581600+00:00
1882,1765927008.602477,2025-12-16T23:16:48.602481+00:00
1883,1765927008.620988,2025-12-16T23:16:48.620989+00:00
1884,1765927008.641851,2025-12-16T23:16:48.641853+00:00
1885,1765927008.658589,2025-12-16T23:16:48.658592+00:00
1886,1765927008.678921,2025-12-16T23:16:48.678923+00:00
1887,1765927008.6983092,2025-12-16T23:16:48.698309+00:00
1888,1765927008.7180212,2025-12-16T23:16:48.718025+00:00
1889,1765927008.735731,2025-12-16T23:16:48.735735+00:00
1890,1765927008.756771,2025-12-16T23:16:48.756776+00:00
1891,1765927008.77768,2025-12-16T23:16:48.777683+00:00
1892,1765927008.797266,2025-12-16T23:16:48.797269+00:00
1893,1765927008.818163,2025-12-16T23:16:48.818166+00:00
1894,1765927008.8390331,2025-12-16T23:16:48.839034+00:00
1895,1765927008.8599,2025-12-16T23:16:48.859905+00:00
1896,1765927008.8781078,2025-12-16T23:16:48.878113+00:00
1897,1765927008.898247,2025-12-16T23:16:48.898249+00:00
1898,1765927008.915034,2025-12-16T23:16:48.915040+00:00
1899,1765927008.9359438,2025-12-16T23:16:48.935947+00:00
1900,1765927008.9569001,2025-12-16T23:16:48.956901+00:00
1901,1765927008.977761,2025-12-16T23:16:48.977763+00:00
1902,1765927008.994784,2025-12-16T23:16:48.994787+00:00
1903,1765927009.015069,2025-12-16T23:16:49.015070+00:00
1904,1765927009.03458,2025-12-16T23:16:49.034580+00:00
1905,1765927009.055431,2025-12-16T23:16:49.055431+00:00
1906,1765927009.0734878,2025-12-16T23:16:49.073499+00:00
1907,1765927009.094413,2025-12-16T23:16:49.094414+00:00
1908,1765927009.1152508,2025-12-16T23:16:49.115255+00:00
1909,1765927009.1361668,2025-12-16T23:16:49.136171+00:00
1910,1765927009.155096,2025-12-16T23:16:49.155100+00:00
1911,1765927009.173677,2025-12-16T23:16:49.173678+00:00
1912,1765927009.194541,2025-12-16T23:16:49.194544+00:00
1913,1765927009.215449,2025-12-16T23:16:49.215451+00:00
1914,1765927009.236583,2025-12-16T23:16:49.236586+00:00
1915,1765927009.255475,2025-12-16T23:16:49.255480+00:00
1916,1765927009.276385,2025-12-16T23:16:49.276388+00:00
1917,1765927009.2932532,2025-12-16T23:16:49.293255+00:00
1918,1765927009.313847,2025-12-16T23:16:49.313851+00:00
1919,1765927009.333739,2025-12-16T23:16:49.333743+00:00
1920,1765927009.353415,2025-12-16T23:16:49.353419+00:00
1921,1765927009.3718212,2025-12-16T23:16:49.371823+00:00
1922,1765927009.392592,2025-12-16T23:16:49.392596+00:00
1923,1765927009.413313,2025-12-16T23:16:49.413316+00:00
1924,1765927009.432767,2025-12-16T23:16:49.432767+00:00
1925,1765927009.453622,2025-12-16T23:16:49.453626+00:00
1926,1765927009.472144,2025-12-16T23:16:49.472148+00:00
1927,1765927009.492651,2025-12-16T23:16:49.492654+00:00
1928,1765927009.5144691,2025-12-16T23:16:49.514472+00:00
1929,1765927009.535352,2025-12-16T23:16:49.535360+00:00
1930,1765927009.555122,2025-12-16T23:16:49.555124+00:00
1931,1765927009.5759091,2025-12-16T23:16:49.575914+00:00
1932,1765927009.594306,2025-12-16T23:16:49.594308+00:00
1933,1765927009.614274,2025-12-16T23:16:49.614274+00:00
1934,1765927009.630975,2025-12-16T23:16:49.630984+00:00
1935,1765927009.651865,2025-12-16T23:16:49.651865+00:00
1936,1765927009.672723,2025-12-16T23:16:49.672724+00:00
1937,1765927009.6905758,2025-12-16T23:16:49.690577+00:00
1938,1765927009.7076411,2025-12-16T23:16:49.707644+00:00
1939,1765927009.728549,2025-12-16T23:16:49.728555+00:00
1940,1765927009.749156,2025-12-16T23:16:49.749163+00:00
1941,1765927009.7697332,2025-12-16T23:16:49.769738+00:00
1942,1765927009.7893949,2025-12-16T23:16:49.789396+00:00
1943,1765927009.809118,2025-12-16T23:16:49.809123+00:00
1944,1765927009.8288572,2025-12-16T23:16:49.828858+00:00
1945,1765927009.8472059,2025-12-16T23:16:49.847206+00:00
1946,1765927009.8680692,2025-12-16T23:16:49.868070+00:00
1947,1765927009.888918,2025-12-16T23:16:49.888919+00:00
1948,1765927009.90977,2025-12-16T23:16:49.909771+00:00
1949,1765927009.9299998,2025-12-16T23:16:49.930006+00:00
1950,1765927009.950892,2025-12-16T23:16:49.950894+00:00
1951,1765927009.968768,2025-12-16T23:16:49.968773+00:00
1952,1765927009.9896781,2025-12-16T23:16:49.989679+00:00
1953,1765927010.01054,2025-12-16T23:16:50.010542+00:00
1954,1765927010.031138,2025-12-16T23:16:50.031141+00:00
1955,1765927010.048078,2025-12-16T23:16:50.048079+00:00
1956,1765927010.068935,2025-12-16T23:16:50.068937+00:00
1957,1765927010.089754,2025-12-16T23:16:50.089754+00:00
1958,1765927010.10967,2025-12-16T23:16:50.109682+00:00
1959,1765927010.129489,2025-12-16T23:16:50.129494+00:00
1960,1765927010.150364,2025-12-16T23:16:50.150367+00:00
1961,1765927010.167967,2025-12-16T23:16:50.167971+00:00
1962,1765927010.188061,2025-12-16T23:16:50.188065+00:00
1963,1765927010.208173,2025-12-16T23:16:50.208179+00:00
1964,1765927010.229099,2025-12-16T23:16:50.229105+00:00
1965,1765927010.247194,2025-12-16T23:16:50.247206+00:00
1966,1765927010.266808,2025-12-16T23:16:50.266810+00:00
1967,1765927010.283817,2025-12-16T23:16:50.283819+00:00
1968,1765927010.3025432,2025-12-16T23:16:50.302544+00:00
1969,1765927010.3234072,2025-12-16T23:16:50.323411+00:00
1970,1765927010.3443332,2025-12-16T23:16:50.344337+00:00
1971,1765927010.361779,2025-12-16T23:16:50.361783+00:00
1972,1765927010.3786712,2025-12-16T23:16:50.378674+00:00
1973,1765927010.39823,2025-12-16T23:16:50.398232+00:00
1974,1765927010.419117,2025-12-16T23:16:50.419122+00:00
1975,1765927010.43738,2025-12-16T23:16:50.437384+00:00
1976,1765927010.454174,2025-12-16T23:16:50.454182+00:00
1977,1765927010.475096,2025-12-16T23:16:50.475101+00:00
1978,1765927010.492992,2025-12-16T23:16:50.492996+00:00
1979,1765927010.513095,2025-12-16T23:16:50.513101+00:00
1980,1765927010.534194,2025-12-16T23:16:50.534199+00:00
1981,1765927010.5551648,2025-12-16T23:16:50.555169+00:00
1982,1765927010.5720232,2025-12-16T23:16:50.572028+00:00
1983,1765927010.593,2025-12-16T23:16:50.593007+00:00
1984,1765927010.6111429,2025-12-16T23:16:50.611148+00:00
1985,1765927010.632073,2025-12-16T23:16:50.632081+00:00
1986,1765927010.6503801,2025-12-16T23:16:50.650383+00:00
1987,1765927010.671266,2025-12-16T23:16:50.671267+00:00
1988,1765927010.6901062,2025-12-16T23:16:50.690107+00:00
1989,1765927010.710022,2025-12-16T23:16:50.710024+00:00
1990,1765927010.73088,2025-12-16T23:16:50.730882+00:00
1991,1765927010.751554,2025-12-16T23:16:50.751559+00:00
1992,1765927010.768449,2025-12-16T23:16:50.768453+00:00
1993,1765927010.788797,2025-12-16T23:16:50.788801+00:00
1994,1765927010.808429,2025-12-16T23:16:50.808443+00:00
1995,1765927010.8293738,2025-12-16T23:16:50.829380+00:00
1996,1765927010.849091,2025-12-16T23:16:50.849094+00:00
1997,1765927010.869953,2025-12-16T23:16:50.869955+00:00
1998,1765927010.8887942,2025-12-16T23:16:50.888796+00:00
1999,1765927010.9062788,2025-12-16T23:16:50.906286+00:00
2000,1765927010.926881,2025-12-16T23:16:50.926901+00:00
2001,1765927010.945533,2025-12-16T23:16:50.945550+00:00
2002,1765927010.966441,2025-12-16T23:16:50.966448+00:00
2003,1765927010.987338,2025-12-16T23:16:50.987339+00:00
2004,1765927011.006997,2025-12-16T23:16:51.006999+00:00
2005,1765927011.024493,2025-12-16T23:16:51.024493+00:00
2006,1765927011.045344,2025-12-16T23:16:51.045344+00:00
2007,1765927011.0636952,2025-12-16T23:16:51.063699+00:00
2008,1765927011.0837471,2025-12-16T23:16:51.083750+00:00
2009,1765927011.104613,2025-12-16T23:16:51.104616+00:00
2010,1765927011.122528,2025-12-16T23:16:51.122533+00:00
2011,1765927011.143421,2025-12-16T23:16:51.143427+00:00
2012,1765927011.16431,2025-12-16T23:16:51.164312+00:00
2013,1765927011.183604,2025-12-16T23:16:51.183608+00:00
2014,1765927011.2023098,2025-12-16T23:16:51.202317+00:00
2015,1765927011.2221398,2025-12-16T23:16:51.222142+00:00
2016,1765927011.2430878,2025-12-16T23:16:51.243093+00:00
2017,1765927011.2639842,2025-12-16T23:16:51.263990+00:00
2018,1765927011.2810519,2025-12-16T23:16:51.281056+00:00
2019,1765927011.3017511,2025-12-16T23:16:51.301763+00:00
2020,1765927011.320624,2025-12-16T23:16:51.320627+00:00
2021,1765927011.34149,2025-12-16T23:16:51.341493+00:00
2022,1765927011.359815,2025-12-16T23:16:51.359817+00:00
2023,1765927011.3772328,2025-12-16T23:16:51.377237+00:00
2024,1765927011.3963468,2025-12-16T23:16:51.396350+00:00
2025,1765927011.415095,2025-12-16T23:16:51.415102+00:00
2026,1765927011.43599,2025-12-16T23:16:51.435995+00:00
2027,1765927011.456954,2025-12-16T23:16:51.456957+00:00
2028,1765927011.477323,2025-12-16T23:16:51.477326+00:00
2029,1765927011.494132,2025-12-16T23:16:51.494133+00:00
2030,1765927011.514988,2025-12-16T23:16:51.514990+00:00
2031,1765927011.535109,2025-12-16T23:16:51.535115+00:00
2032,1765927011.556051,2025-12-16T23:16:51.556056+00:00
2033,1765927011.573042,2025-12-16T23:16:51.573043+00:00
2034,1765927011.593756,2025-12-16T23:16:51.593759+00:00
2035,1765927011.61465,2025-12-16T23:16:51.614653+00:00
2036,1765927011.631726,2025-12-16T23:16:51.631727+00:00
2037,1765927011.648787,2025-12-16T23:16:51.648790+00:00
2038,1765927011.667118,2025-12-16T23:16:51.667121+00:00
2039,1765927011.686778,2025-12-16T23:16:51.686784+00:00
2040,1765927011.704437,2025-12-16T23:16:51.704440+00:00
2041,1765927011.723239,2025-12-16T23:16:51.723240+00:00
2042,1765927011.7434628,2025-12-16T23:16:51.743476+00:00
2043,1765927011.763656,2025-12-16T23:16:51.763657+00:00
2044,1765927011.781259,2025-12-16T23:16:51.781264+00:00
2045,1765927011.799169,2025-12-16T23:16:51.799172+00:00
2046,1765927011.818547,2025-12-16T23:16:51.818550+00:00
2047,1765927011.837095,2025-12-16T23:16:51.837096+00:00
2048,1765927011.857971,2025-12-16T23:16:51.857971+00:00
2049,1765927011.874867,2025-12-16T23:16:51.874869+00:00
2050,1765927011.8957381,2025-12-16T23:16:51.895740+00:00
2051,1765927011.91478,2025-12-16T23:16:51.914822+00:00
2052,1765927011.935698,2025-12-16T23:16:51.935702+00:00
2053,1765927011.953203,2025-12-16T23:16:51.953207+00:00
2054,1765927011.973244,2025-12-16T23:16:51.973248+00:00
2055,1765927011.994117,2025-12-16T23:16:51.994132+00:00
2056,1765927012.013941,2025-12-16T23:16:52.013994+00:00
2057,1765927012.034902,2025-12-16T23:16:52.034919+00:00
2058,1765927012.054709,2025-12-16T23:16:52.054713+00:00
2059,1765927012.072182,2025-12-16T23:16:52.072184+00:00
2060,1765927012.093067,2025-12-16T23:16:52.093070+00:00
2061,1765927012.113,2025-12-16T23:16:52.113007+00:00
2062,1765927012.131084,2025-12-16T23:16:52.131087+00:00
2063,1765927012.1504698,2025-12-16T23:16:52.150487+00:00
2064,1765927012.170178,2025-12-16T23:16:52.170182+00:00
2065,1765927012.1910799,2025-12-16T23:16:52.191083+00:00
2066,1765927012.211972,2025-12-16T23:16:52.211978+00:00
2067,1765927012.2312179,2025-12-16T23:16:52.231221+00:00
2068,1765927012.248509,2025-12-16T23:16:52.248515+00:00
2069,1765927012.267274,2025-12-16T23:16:52.267278+00:00
2070,1765927012.288191,2025-12-16T23:16:52.288194+00:00
2071,1765927012.309078,2025-12-16T23:16:52.309081+00:00
2072,1765927012.329963,2025-12-16T23:16:52.329967+00:00
2073,1765927012.350852,2025-12-16T23:16:52.350854+00:00
2074,1765927012.3711202,2025-12-16T23:16:52.371123+00:00
2075,1765927012.3904169,2025-12-16T23:16:52.390421+00:00
2076,1765927012.408447,2025-12-16T23:16:52.408452+00:00
2077,1765927012.429056,2025-12-16T23:16:52.429060+00:00
2078,1765927012.449954,2025-12-16T23:16:52.449959+00:00
2079,1765927012.469287,2025-12-16T23:16:52.469291+00:00
2080,1765927012.49044,2025-12-16T23:16:52.490441+00:00
2081,1765927012.5090759,2025-12-16T23:16:52.509081+00:00
2082,1765927012.5316968,2025-12-16T23:16:52.531721+00:00
2083,1765927012.5524359,2025-12-16T23:16:52.552439+00:00
2084,1765927012.570115,2025-12-16T23:16:52.570120+00:00
2085,1765927012.591017,2025-12-16T23:16:52.591023+00:00
2086,1765927012.608841,2025-12-16T23:16:52.608848+00:00
2087,1765927012.6271691,2025-12-16T23:16:52.627177+00:00
2088,1765927012.6480482,2025-12-16T23:16:52.648049+00:00
2089,1765927012.666772,2025-12-16T23:16:52.666776+00:00
2090,1765927012.687655,2025-12-16T23:16:52.687656+00:00
2091,1765927012.705583,2025-12-16T23:16:52.705584+00:00
2092,1765927012.7253299,2025-12-16T23:16:52.725333+00:00
2093,1765927012.7462158,2025-12-16T23:16:52.746220+00:00
2094,1765927012.763812,2025-12-16T23:16:52.763815+00:00
2095,1765927012.784693,2025-12-16T23:16:52.784697+00:00
2096,1765927012.805603,2025-12-16T23:16:52.805605+00:00
2097,1765927012.826476,2025-12-16T23:16:52.826480+00:00
2098,1765927012.845784,2025-12-16T23:16:52.845787+00:00
2099,1765927012.86386,2025-12-16T23:16:52.863860+00:00
2100,1765927012.8808918,2025-12-16T23:16:52.880893+00:00
2101,1765927012.901752,2025-12-16T23:16:52.901757+00:00
2102,1765927012.920419,2025-12-16T23:16:52.920423+00:00
2103,1765927012.93905,2025-12-16T23:16:52.939055+00:00
2104,1765927012.9558232,2025-12-16T23:16:52.955824+00:00
2105,1765927012.972596,2025-12-16T23:16:52.972603+00:00
2106,1765927012.992287,2025-12-16T23:16:52.992287+00:00
2107,1765927013.010077,2025-12-16T23:16:53.010078+00:00
2108,1765927013.0301492,2025-12-16T23:16:53.030150+00:00
2109,1765927013.0507672,2025-12-16T23:16:53.050770+00:00
2110,1765927013.0716531,2025-12-16T23:16:53.071654+00:00
2111,1765927013.08993,2025-12-16T23:16:53.089933+00:00
2112,1765927013.1108139,2025-12-16T23:16:53.110828+00:00
2113,1765927013.131742,2025-12-16T23:16:53.131749+00:00
2114,1765927013.1519842,2025-12-16T23:16:53.151987+00:00
2115,1765927013.1711948,2025-12-16T23:16:53.171196+00:00
2116,1765927013.192066,2025-12-16T23:16:53.192068+00:00
2117,1765927013.212945,2025-12-16T23:16:53.212946+00:00
2118,1765927013.23023,2025-12-16T23:16:53.230235+00:00
2119,1765927013.249015,2025-12-16T23:16:53.249017+00:00
2120,1765927013.266168,2025-12-16T23:16:53.266173+00:00
2121,1765927013.2861152,2025-12-16T23:16:53.286122+00:00
2122,1765927013.307026,2025-12-16T23:16:53.307029+00:00
2123,1765927013.3257961,2025-12-16T23:16:53.325802+00:00
2124,1765927013.343786,2025-12-16T23:16:53.343789+00:00
2125,1765927013.363808,2025-12-16T23:16:53.363811+00:00
2126,1765927013.3815548,2025-12-16T23:16:53.381557+00:00
2127,1765927013.402425,2025-12-16T23:16:53.402427+00:00
2128,1765927013.423282,2025-12-16T23:16:53.423283+00:00
2129,1765927013.441298,2025-12-16T23:16:53.441300+00:00
2130,1765927013.461993,2025-12-16T23:16:53.461996+00:00
2131,1765927013.482869,2025-12-16T23:16:53.482870+00:00
2132,1765927013.501247,2025-12-16T23:16:53.501251+00:00
2133,1765927013.5195992,2025-12-16T23:16:53.519604+00:00
2134,1765927013.5404868,2025-12-16T23:16:53.540493+00:00
2135,1765927013.561398,2025-12-16T23:16:53.561401+00:00
2136,1765927013.57956,2025-12-16T23:16:53.579564+00:00
2137,1765927013.6004312,2025-12-16T23:16:53.600433+00:00
2138,1765927013.617728,2025-12-16T23:16:53.617729+00:00
2139,1765927013.6385942,2025-12-16T23:16:53.638596+00:00
2140,1765927013.657394,2025-12-16T23:16:53.657397+00:00
2141,1765927013.678275,2025-12-16T23:16:53.678278+00:00
2142,1765927013.699116,2025-12-16T23:16:53.699117+00:00
2143,1765927013.717054,2025-12-16T23:16:53.717058+00:00
2144,1765927013.735379,2025-12-16T23:16:53.735382+00:00
2145,1765927013.756265,2025-12-16T23:16:53.756270+00:00
2146,1765927013.777173,2025-12-16T23:16:53.777175+00:00
2147,1765927013.7977018,2025-12-16T23:16:53.797711+00:00
2148,1765927013.8160791,2025-12-16T23:16:53.816084+00:00
2149,1765927013.8367538,2025-12-16T23:16:53.836757+00:00
2150,1765927013.855496,2025-12-16T23:16:53.855500+00:00
2151,1765927013.8763788,2025-12-16T23:16:53.876379+00:00
2152,1765927013.89714,2025-12-16T23:16:53.897143+00:00
2153,1765927013.91802,2025-12-16T23:16:53.918025+00:00
2154,1765927013.9360151,2025-12-16T23:16:53.936018+00:00
2155,1765927013.954623,2025-12-16T23:16:53.954627+00:00
2156,1765927013.9730182,2025-12-16T23:16:53.973021+00:00
2157,1765927013.993902,2025-12-16T23:16:53.993905+00:00
2158,1765927014.014815,2025-12-16T23:16:54.014832+00:00
2159,1765927014.033538,2025-12-16T23:16:54.033539+00:00
2160,1765927014.054424,2025-12-16T23:16:54.054424+00:00
2161,1765927014.073143,2025-12-16T23:16:54.073148+00:00
2162,1765927014.094124,2025-12-16T23:16:54.094128+00:00
2163,1765927014.111655,2025-12-16T23:16:54.111685+00:00
2164,1765927014.131552,2025-12-16T23:16:54.131556+00:00
2165,1765927014.152459,2025-12-16T23:16:54.152460+00:00
2166,1765927014.173308,2025-12-16T23:16:54.173309+00:00
2167,1765927014.193843,2025-12-16T23:16:54.193843+00:00
2168,1765927014.213822,2025-12-16T23:16:54.213822+00:00
2169,1765927014.23168,2025-12-16T23:16:54.231681+00:00
2170,1765927014.251574,2025-12-16T23:16:54.251577+00:00
2171,1765927014.269635,2025-12-16T23:16:54.269640+00:00
2172,1765927014.289829,2025-12-16T23:16:54.289832+00:00
2173,1765927014.3082619,2025-12-16T23:16:54.308266+00:00
2174,1765927014.328131,2025-12-16T23:16:54.328133+00:00
2175,1765927014.3490748,2025-12-16T23:16:54.349076+00:00
2176,1765927014.369925,2025-12-16T23:16:54.369926+00:00
2177,1765927014.389951,2025-12-16T23:16:54.389952+00:00
2178,1765927014.410799,2025-12-16T23:16:54.410801+00:00
2179,1765927014.4282072,2025-12-16T23:16:54.428210+00:00
2180,1765927014.445805,2025-12-16T23:16:54.445807+00:00
2181,1765927014.4666722,2025-12-16T23:16:54.466678+00:00
2182,1765927014.487591,2025-12-16T23:16:54.487595+00:00
2183,1765927014.506666,2025-12-16T23:16:54.506667+00:00
2184,1765927014.523365,2025-12-16T23:16:54.523388+00:00
2185,1765927014.544312,2025-12-16T23:16:54.544322+00:00
2186,1765927014.5652668,2025-12-16T23:16:54.565272+00:00
2187,1765927014.586147,2025-12-16T23:16:54.586149+00:00
2188,1765927014.60703,2025-12-16T23:16:54.607033+00:00
2189,1765927014.627907,2025-12-16T23:16:54.627908+00:00
2190,1765927014.648501,2025-12-16T23:16:54.648504+00:00
2191,1765927014.665271,2025-12-16T23:16:54.665294+00:00
2192,1765927014.6821928,2025-12-16T23:16:54.682194+00:00
2193,1765927014.699692,2025-12-16T23:16:54.699694+00:00
2194,1765927014.7205591,2025-12-16T23:16:54.720562+00:00
2195,1765927014.741452,2025-12-16T23:16:54.741455+00:00
2196,1765927014.758382,2025-12-16T23:16:54.758387+00:00
2197,1765927014.777738,2025-12-16T23:16:54.777744+00:00
2198,1765927014.797338,2025-12-16T23:16:54.797341+00:00
2199,1765927014.8175502,2025-12-16T23:16:54.817552+00:00
2200,1765927014.838429,2025-12-16T23:16:54.838431+00:00
2201,1765927014.859319,2025-12-16T23:16:54.859323+00:00
2202,1765927014.879227,2025-12-16T23:16:54.879228+00:00
2203,1765927014.897181,2025-12-16T23:16:54.897187+00:00
2204,1765927014.9147542,2025-12-16T23:16:54.914758+00:00
2205,1765927014.933763,2025-12-16T23:16:54.933767+00:00
2206,1765927014.954686,2025-12-16T23:16:54.954693+00:00
2207,1765927014.975765,2025-12-16T23:16:54.975768+00:00
2208,1765927014.995054,2025-12-16T23:16:54.995056+00:00
2209,1765927015.013173,2025-12-16T23:16:55.013177+00:00
2210,1765927015.032618,2025-12-16T23:16:55.032618+00:00
2211,1765927015.050847,2025-12-16T23:16:55.050848+00:00
2212,1765927015.071702,2025-12-16T23:16:55.071703+00:00
2213,1765927015.092572,2025-12-16T23:16:55.092573+00:00
2214,1765927015.110822,2025-12-16T23:16:55.110823+00:00
2215,1765927015.131677,2025-12-16T23:16:55.131679+00:00
2216,1765927015.149733,2025-12-16T23:16:55.149736+00:00
2217,1765927015.1687942,2025-12-16T23:16:55.168797+00:00
2218,1765927015.1896892,2025-12-16T23:16:55.189694+00:00
2219,1765927015.207973,2025-12-16T23:16:55.207978+00:00
2220,1765927015.227417,2025-12-16T23:16:55.227420+00:00
2221,1765927015.24753,2025-12-16T23:16:55.247534+00:00
2222,1765927015.2681332,2025-12-16T23:16:55.268137+00:00
2223,1765927015.287942,2025-12-16T23:16:55.287947+00:00
2224,1765927015.30618,2025-12-16T23:16:55.306182+00:00
2225,1765927015.327041,2025-12-16T23:16:55.327044+00:00
2226,1765927015.347101,2025-12-16T23:16:55.347129+00:00
2227,1765927015.3645802,2025-12-16T23:16:55.364582+00:00
2228,1765927015.385492,2025-12-16T23:16:55.385493+00:00
2229,1765927015.402525,2025-12-16T23:16:55.402530+00:00
2230,1765927015.42305,2025-12-16T23:16:55.423050+00:00
2231,1765927015.443807,2025-12-16T23:16:55.443809+00:00
2232,1765927015.46283,2025-12-16T23:16:55.462831+00:00
2233,1765927015.482961,2025-12-16T23:16:55.482961+00:00
2234,1765927015.499775,2025-12-16T23:16:55.499777+00:00
2235,1765927015.5227158,2025-12-16T23:16:55.522749+00:00
2236,1765927015.539783,2025-12-16T23:16:55.539788+00:00
2237,1765927015.560673,2025-12-16T23:16:55.560677+00:00
2238,1765927015.5774999,2025-12-16T23:16:55.577510+00:00
2239,1765927015.5948129,2025-12-16T23:16:55.594818+00:00
2240,1765927015.615724,2025-12-16T23:16:55.615727+00:00
2241,1765927015.6365938,2025-12-16T23:16:55.636596+00:00
2242,1765927015.656662,2025-12-16T23:16:55.656663+00:00
2243,1765927015.6775281,2025-12-16T23:16:55.677530+00:00
2244,1765927015.698279,2025-12-16T23:16:55.698280+00:00
2245,1765927015.714967,2025-12-16T23:16:55.714968+00:00
2246,1765927015.735158,2025-12-16T23:16:55.735159+00:00
2247,1765927015.755682,2025-12-16T23:16:55.755686+00:00
2248,1765927015.773168,2025-12-16T23:16:55.773174+00:00
2249,1765927015.792329,2025-12-16T23:16:55.792341+00:00
2250,1765927015.81323,2025-12-16T23:16:55.813234+00:00
2251,1765927015.830519,2025-12-16T23:16:55.830524+00:00
2252,1765927015.847584,2025-12-16T23:16:55.847585+00:00
2253,1765927015.8677251,2025-12-16T23:16:55.867726+00:00
2254,1765927015.884947,2025-12-16T23:16:55.884949+00:00
2255,1765927015.90345,2025-12-16T23:16:55.903456+00:00
2256,1765927015.922355,2025-12-16T23:16:55.922358+00:00
2257,1765927015.9431732,2025-12-16T23:16:55.943176+00:00
2258,1765927015.9640498,2025-12-16T23:16:55.964052+00:00
2259,1765927015.98102,2025-12-16T23:16:55.981021+00:00
2260,1765927015.9979231,2025-12-16T23:16:55.997923+00:00
2261,1765927016.01865,2025-12-16T23:16:56.018654+00:00
2262,1765927016.0377579,2025-12-16T23:16:56.037759+00:00
2263,1765927016.058623,2025-12-16T23:16:56.058626+00:00
2264,1765927016.076517,2025-12-16T23:16:56.076519+00:00
2265,1765927016.0973802,2025-12-16T23:16:56.097385+00:00
2266,1765927016.119303,2025-12-16T23:16:56.119397+00:00
2267,1765927016.139262,2025-12-16T23:16:56.139269+00:00
2268,1765927016.1600819,2025-12-16T23:16:56.160086+00:00
2269,1765927016.179897,2025-12-16T23:16:56.179901+00:00
2270,1765927016.198103,2025-12-16T23:16:56.198142+00:00
2271,1765927016.214883,2025-12-16T23:16:56.214887+00:00
2272,1765927016.2357519,2025-12-16T23:16:56.235758+00:00
2273,1765927016.256135,2025-12-16T23:16:56.256156+00:00
2274,1765927016.2732632,2025-12-16T23:16:56.273311+00:00
2275,1765927016.29423,2025-12-16T23:16:56.294233+00:00
2276,1765927016.311043,2025-12-16T23:16:56.311047+00:00
2277,1765927016.330475,2025-12-16T23:16:56.330478+00:00
2278,1765927016.3481128,2025-12-16T23:16:56.348117+00:00
2279,1765927016.366166,2025-12-16T23:16:56.366169+00:00
2280,1765927016.387035,2025-12-16T23:16:56.387036+00:00
2281,1765927016.405951,2025-12-16T23:16:56.405952+00:00
2282,1765927016.4268281,2025-12-16T23:16:56.426834+00:00
2283,1765927016.444184,2025-12-16T23:16:56.444188+00:00
2284,1765927016.462786,2025-12-16T23:16:56.462788+00:00
2285,1765927016.4808588,2025-12-16T23:16:56.480862+00:00
2286,1765927016.499138,2025-12-16T23:16:56.499139+00:00
2287,1765927016.519997,2025-12-16T23:16:56.520000+00:00
2288,1765927016.539809,2025-12-16T23:16:56.539815+00:00
2289,1765927016.557075,2025-12-16T23:16:56.557079+00:00
2290,1765927016.576465,2025-12-16T23:16:56.576470+00:00
2291,1765927016.5952,2025-12-16T23:16:56.595204+00:00
2292,1765927016.614789,2025-12-16T23:16:56.614794+00:00
2293,1765927016.631714,2025-12-16T23:16:56.631730+00:00
2294,1765927016.650542,2025-12-16T23:16:56.650543+00:00
2295,1765927016.6691608,2025-12-16T23:16:56.669164+00:00
2296,1765927016.6863208,2025-12-16T23:16:56.686322+00:00
2297,1765927016.70678,2025-12-16T23:16:56.706782+00:00
2298,1765927016.727658,2025-12-16T23:16:56.727660+00:00
2299,1765927016.7459588,2025-12-16T23:16:56.745962+00:00
2300,1765927016.7667892,2025-12-16T23:16:56.766790+00:00
2301,1765927016.78497,2025-12-16T23:16:56.784979+00:00
2302,1765927016.8055391,2025-12-16T23:16:56.805540+00:00
2303,1765927016.823164,2025-12-16T23:16:56.823166+00:00
2304,1765927016.8403368,2025-12-16T23:16:56.840338+00:00
2305,1765927016.859221,2025-12-16T23:16:56.859223+00:00
2306,1765927016.880096,2025-12-16T23:16:56.880098+00:00
2307,1765927016.8972201,2025-12-16T23:16:56.897222+00:00
2308,1765927016.9180841,2025-12-16T23:16:56.918088+00:00
2309,1765927016.937189,2025-12-16T23:16:56.937196+00:00
2310,1765927016.9549708,2025-12-16T23:16:56.954975+00:00
2311,1765927016.9758599,2025-12-16T23:16:56.975863+00:00
2312,1765927016.996733,2025-12-16T23:16:56.996735+00:00
2313,1765927017.0150568,2025-12-16T23:16:57.015060+00:00
2314,1765927017.032732,2025-12-16T23:16:57.032734+00:00
2315,1765927017.051306,2025-12-16T23:16:57.051309+00:00
2316,1765927017.072066,2025-12-16T23:16:57.072067+00:00
2317,1765927017.089581,2025-12-16T23:16:57.089581+00:00
2318,1765927017.106876,2025-12-16T23:16:57.106880+00:00
2319,1765927017.126442,2025-12-16T23:16:57.126444+00:00
2320,1765927017.145988,2025-12-16T23:16:57.146003+00:00
2321,1765927017.1648178,2025-12-16T23:16:57.164820+00:00
2322,1765927017.18194,2025-12-16T23:16:57.181946+00:00
2323,1765927017.201171,2025-12-16T23:16:57.201173+00:00
2324,1765927017.2220428,2025-12-16T23:16:57.222043+00:00
2325,1765927017.240391,2025-12-16T23:16:57.240392+00:00
2326,1765927017.26073,2025-12-16T23:16:57.260734+00:00
2327,1765927017.279026,2025-12-16T23:16:57.279031+00:00
2328,1765927017.298212,2025-12-16T23:16:57.298214+00:00
2329,1765927017.319082,2025-12-16T23:16:57.319085+00:00
2330,1765927017.339957,2025-12-16T23:16:57.339962+00:00
2331,1765927017.357192,2025-12-16T23:16:57.357193+00:00
2332,1765927017.37805,2025-12-16T23:16:57.378050+00:00
2333,1765927017.398897,2025-12-16T23:16:57.398899+00:00
2334,1765927017.419765,2025-12-16T23:16:57.419767+00:00
2335,1765927017.4388611,2025-12-16T23:16:57.438882+00:00
2336,1765927017.45707,2025-12-16T23:16:57.457074+00:00
2337,1765927017.477955,2025-12-16T23:16:57.477959+00:00
2338,1765927017.498435,2025-12-16T23:16:57.498436+00:00
2339,1765927017.51552,2025-12-16T23:16:57.515522+00:00
2340,1765927017.536489,2025-12-16T23:16:57.536495+00:00
2341,1765927017.555326,2025-12-16T23:16:57.555333+00:00
2342,1765927017.586499,2025-12-16T23:16:57.586680+00:00
2343,1765927017.6107311,2025-12-16T23:16:57.610736+00:00
2344,1765927017.629538,2025-12-16T23:16:57.629555+00:00
2345,1765927017.6544561,2025-12-16T23:16:57.654462+00:00
2346,1765927017.685741,2025-12-16T23:16:57.685746+00:00
2347,1765927017.705717,2025-12-16T23:16:57.705724+00:00
2348,1765927017.725164,2025-12-16T23:16:57.725169+00:00
2349,1765927017.746075,2025-12-16T23:16:57.746086+00:00
2350,1765927017.7631528,2025-12-16T23:16:57.763158+00:00
2351,1765927017.782162,2025-12-16T23:16:57.782168+00:00
2352,1765927017.799406,2025-12-16T23:16:57.799410+00:00
2353,1765927017.82029,2025-12-16T23:16:57.820297+00:00
2354,1765927017.838878,2025-12-16T23:16:57.838882+00:00
2355,1765927017.8616729,2025-12-16T23:16:57.861679+00:00
2356,1765927017.880092,2025-12-16T23:16:57.880097+00:00
2357,1765927017.8976169,2025-12-16T23:16:57.897621+00:00
2358,1765927017.9184918,2025-12-16T23:16:57.918496+00:00
2359,1765927017.935551,2025-12-16T23:16:57.935553+00:00
2360,1765927017.954792,2025-12-16T23:16:57.954797+00:00
2361,1765927017.971918,2025-12-16T23:16:57.971924+00:00
2362,1765927017.992822,2025-12-16T23:16:57.992827+00:00
2363,1765927018.013719,2025-12-16T23:16:58.013723+00:00
2364,1765927018.030659,2025-12-16T23:16:58.030665+00:00
2365,1765927018.051556,2025-12-16T23:16:58.051609+00:00
2366,1765927018.0696871,2025-12-16T23:16:58.069692+00:00
2367,1765927018.089074,2025-12-16T23:16:58.089092+00:00
2368,1765927018.106791,2025-12-16T23:16:58.106797+00:00
2369,1765927018.1242182,2025-12-16T23:16:58.124222+00:00
2370,1765927018.145099,2025-12-16T23:16:58.145104+00:00
2371,1765927018.166058,2025-12-16T23:16:58.166063+00:00
2372,1765927018.183517,2025-12-16T23:16:58.183521+00:00
2373,1765927018.200512,2025-12-16T23:16:58.200517+00:00
2374,1765927018.221408,2025-12-16T23:16:58.221411+00:00
2375,1765927018.2444532,2025-12-16T23:16:58.244456+00:00
2376,1765927018.261268,2025-12-16T23:16:58.261274+00:00
2377,1765927018.287634,2025-12-16T23:16:58.287769+00:00
2378,1765927018.3054621,2025-12-16T23:16:58.305485+00:00
2379,1765927018.326381,2025-12-16T23:16:58.326386+00:00
2380,1765927018.347265,2025-12-16T23:16:58.347270+00:00
2381,1765927018.3680909,2025-12-16T23:16:58.368095+00:00
2382,1765927018.385128,2025-12-16T23:16:58.385133+00:00
2383,1765927018.405189,2025-12-16T23:16:58.405193+00:00
2384,1765927018.423896,2025-12-16T23:16:58.423900+00:00
2385,1765927018.442488,2025-12-16T23:16:58.442493+00:00
2386,1765927018.467242,2025-12-16T23:16:58.467248+00:00
2387,1765927018.488153,2025-12-16T23:16:58.488157+00:00
2388,1765927018.509034,2025-12-16T23:16:58.509038+00:00
2389,1765927018.5268962,2025-12-16T23:16:58.526902+00:00
2390,1765927018.547771,2025-12-16T23:16:58.547776+00:00
2391,1765927018.5996249,2025-12-16T23:16:58.599631+00:00
2392,1765927018.62307,2025-12-16T23:16:58.623076+00:00
2393,1765927018.6462588,2025-12-16T23:16:58.646264+00:00
2394,1765927018.6683252,2025-12-16T23:16:58.668331+00:00
2395,1765927018.6942341,2025-12-16T23:16:58.694238+00:00
2396,1765927018.715122,2025-12-16T23:16:58.715127+00:00
2397,1765927018.737041,2025-12-16T23:16:58.737044+00:00
2398,1765927018.760343,2025-12-16T23:16:58.760349+00:00
2399,1765927018.78351,2025-12-16T23:16:58.783522+00:00
2400,1765927018.806887,2025-12-16T23:16:58.806892+00:00
2401,1765927018.827785,2025-12-16T23:16:58.827789+00:00
2402,1765927018.8486788,2025-12-16T23:16:58.848683+00:00
2403,1765927018.86882,2025-12-16T23:16:58.868824+00:00
2404,1765927018.888436,2025-12-16T23:16:58.888473+00:00
2405,1765927018.905468,2025-12-16T23:16:58.905480+00:00
2406,1765927018.925792,2025-12-16T23:16:58.925797+00:00
2407,1765927018.94674,2025-12-16T23:16:58.946745+00:00
2408,1765927018.967655,2025-12-16T23:16:58.967664+00:00
2409,1765927018.987763,2025-12-16T23:16:58.987765+00:00
2410,1765927019.008116,2025-12-16T23:16:59.008118+00:00
2411,1765927019.0289931,2025-12-16T23:16:59.028997+00:00
2412,1765927019.04989,2025-12-16T23:16:59.049891+00:00
2413,1765927019.070771,2025-12-16T23:16:59.070774+00:00
2414,1765927019.088774,2025-12-16T23:16:59.088777+00:00
2415,1765927019.109642,2025-12-16T23:16:59.109643+00:00
2416,1765927019.1299741,2025-12-16T23:16:59.129975+00:00
2417,1765927019.15084,2025-12-16T23:16:59.150844+00:00
2418,1765927019.1679769,2025-12-16T23:16:59.167978+00:00
2419,1765927019.184798,2025-12-16T23:16:59.184831+00:00
2420,1765927019.2036512,2025-12-16T23:16:59.203655+00:00
2421,1765927019.222933,2025-12-16T23:16:59.222936+00:00
2422,1765927019.2438242,2025-12-16T23:16:59.243829+00:00
2423,1765927019.264735,2025-12-16T23:16:59.264736+00:00
2424,1765927019.2856479,2025-12-16T23:16:59.285658+00:00
2425,1765927019.306462,2025-12-16T23:16:59.306466+00:00
2426,1765927019.327342,2025-12-16T23:16:59.327347+00:00
2427,1765927019.348259,2025-12-16T23:16:59.348268+00:00
2428,1765927019.368074,2025-12-16T23:16:59.368079+00:00
2429,1765927019.3874261,2025-12-16T23:16:59.387431+00:00
2430,1765927019.406785,2025-12-16T23:16:59.406789+00:00
2431,1765927019.426313,2025-12-16T23:16:59.426318+00:00
2432,1765927019.447191,2025-12-16T23:16:59.447195+00:00
2433,1765927019.468002,2025-12-16T23:16:59.468014+00:00
2434,1765927019.485915,2025-12-16T23:16:59.485917+00:00
2435,1765927019.506376,2025-12-16T23:16:59.506380+00:00
2436,1765927019.524412,2025-12-16T23:16:59.524422+00:00
2437,1765927019.541933,2025-12-16T23:16:59.541938+00:00
2438,1765927019.562845,2025-12-16T23:16:59.562849+00:00
2439,1765927019.5837178,2025-12-16T23:16:59.583719+00:00
2440,1765927019.604581,2025-12-16T23:16:59.604582+00:00
2441,1765927019.625131,2025-12-16T23:16:59.625135+00:00
2442,1765927019.645997,2025-12-16T23:16:59.646000+00:00
2443,1765927019.6664672,2025-12-16T23:16:59.666472+00:00
2444,1765927019.6873841,2025-12-16T23:16:59.687392+00:00
2445,1765927019.7083058,2025-12-16T23:16:59.708312+00:00
2446,1765927019.725364,2025-12-16T23:16:59.725368+00:00
2447,1765927019.743516,2025-12-16T23:16:59.743522+00:00
2448,1765927019.761145,2025-12-16T23:16:59.761147+00:00
2449,1765927019.782002,2025-12-16T23:16:59.782007+00:00
2450,1765927019.8028932,2025-12-16T23:16:59.802906+00:00
2451,1765927019.819833,2025-12-16T23:16:59.819838+00:00
2452,1765927019.8383071,2025-12-16T23:16:59.838310+00:00
2453,1765927019.855204,2025-12-16T23:16:59.855209+00:00
2454,1765927019.875134,2025-12-16T23:16:59.875137+00:00
2455,1765927019.894877,2025-12-16T23:16:59.894880+00:00
2456,1765927019.915755,2025-12-16T23:16:59.915760+00:00
2457,1765927019.934707,2025-12-16T23:16:59.934710+00:00
2458,1765927019.9543512,2025-12-16T23:16:59.954356+00:00
2459,1765927020.005406,2025-12-16T23:17:00.011217+00:00
2460,1765927020.034328,2025-12-16T23:17:00.034391+00:00
2461,1765927020.063276,2025-12-16T23:17:00.063280+00:00
2462,1765927020.083522,2025-12-16T23:17:00.083524+00:00
2463,1765927020.101172,2025-12-16T23:17:00.101176+00:00
2464,1765927020.1194692,2025-12-16T23:17:00.119470+00:00
2465,1765927020.140333,2025-12-16T23:17:00.140337+00:00
2466,1765927020.158847,2025-12-16T23:17:00.158854+00:00
2467,1765927020.1768472,2025-12-16T23:17:00.176849+00:00
2468,1765927020.197699,2025-12-16T23:17:00.197700+00:00
2469,1765927020.215173,2025-12-16T23:17:00.215177+00:00
2470,1765927020.234091,2025-12-16T23:17:00.234100+00:00
2471,1765927020.255011,2025-12-16T23:17:00.255012+00:00
2472,1765927020.272316,2025-12-16T23:17:00.272319+00:00
2473,1765927020.293201,2025-12-16T23:17:00.293205+00:00
2474,1765927020.314222,2025-12-16T23:17:00.314232+00:00
2475,1765927020.334817,2025-12-16T23:17:00.334823+00:00
2476,1765927020.354542,2025-12-16T23:17:00.354546+00:00
2477,1765927020.3754308,2025-12-16T23:17:00.375437+00:00
2478,1765927020.3929632,2025-12-16T23:17:00.392964+00:00
2479,1765927020.412155,2025-12-16T23:17:00.412161+00:00
2480,1765927020.431846,2025-12-16T23:17:00.431851+00:00
2481,1765927020.4527528,2025-12-16T23:17:00.452756+00:00
2482,1765927020.471083,2025-12-16T23:17:00.471097+00:00
2483,1765927020.490338,2025-12-16T23:17:00.490340+00:00
2484,1765927020.5088918,2025-12-16T23:17:00.508897+00:00
2485,1765927020.529776,2025-12-16T23:17:00.529779+00:00
2486,1765927020.550644,2025-12-16T23:17:00.550647+00:00
2487,1765927020.5715141,2025-12-16T23:17:00.571519+00:00
2488,1765927020.59242,2025-12-16T23:17:00.592423+00:00
2489,1765927020.61007,2025-12-16T23:17:00.610081+00:00
2490,1765927020.629348,2025-12-16T23:17:00.629355+00:00
2491,1765927020.646667,2025-12-16T23:17:00.646670+00:00
2492,1765927020.6634,2025-12-16T23:17:00.663403+00:00
2493,1765927020.682789,2025-12-16T23:17:00.682792+00:00
2494,1765927020.701951,2025-12-16T23:17:00.701952+00:00
2495,1765927020.722815,2025-12-16T23:17:00.722816+00:00
2496,1765927020.740118,2025-12-16T23:17:00.740120+00:00
2497,1765927020.7603729,2025-12-16T23:17:00.760377+00:00
2498,1765927020.779361,2025-12-16T23:17:00.779366+00:00
2499,1765927020.797861,2025-12-16T23:17:00.797887+00:00
2500,1765927020.8187652,2025-12-16T23:17:00.818769+00:00
2501,1765927020.839655,2025-12-16T23:17:00.839658+00:00
2502,1765927020.8600059,2025-12-16T23:17:00.860011+00:00
2503,1765927020.877409,2025-12-16T23:17:00.877412+00:00
2504,1765927020.89716,2025-12-16T23:17:00.897165+00:00
2505,1765927020.917645,2025-12-16T23:17:00.917649+00:00
2506,1765927020.935675,2025-12-16T23:17:00.935708+00:00
2507,1765927020.954276,2025-12-16T23:17:00.954288+00:00
2508,1765927020.975195,2025-12-16T23:17:00.975197+00:00
2509,1765927020.99199,2025-12-16T23:17:00.991992+00:00
2510,1765927021.012867,2025-12-16T23:17:01.012871+00:00
2511,1765927021.0337658,2025-12-16T23:17:01.033768+00:00
2512,1765927021.054668,2025-12-16T23:17:01.054673+00:00
2513,1765927021.075559,2025-12-16T23:17:01.075564+00:00
2514,1765927021.096456,2025-12-16T23:17:01.096458+00:00
2515,1765927021.117342,2025-12-16T23:17:01.117345+00:00
2516,1765927021.138243,2025-12-16T23:17:01.138243+00:00
2517,1765927021.1565702,2025-12-16T23:17:01.156573+00:00
2518,1765927021.1769128,2025-12-16T23:17:01.176916+00:00
2519,1765927021.197835,2025-12-16T23:17:01.197838+00:00
2520,1765927021.2187,2025-12-16T23:17:01.218703+00:00
2521,1765927021.2368371,2025-12-16T23:17:01.236839+00:00
2522,1765927021.257708,2025-12-16T23:17:01.257711+00:00
2523,1765927021.276235,2025-12-16T23:17:01.276237+00:00
2524,1765927021.297096,2025-12-16T23:17:01.297097+00:00
2525,1765927021.315233,2025-12-16T23:17:01.315239+00:00
2526,1765927021.3361468,2025-12-16T23:17:01.336151+00:00
2527,1765927021.355496,2025-12-16T23:17:01.355499+00:00
2528,1765927021.372923,2025-12-16T23:17:01.372928+00:00
2529,1765927021.393562,2025-12-16T23:17:01.393566+00:00
2530,1765927021.412202,2025-12-16T23:17:01.412205+00:00
2531,1765927021.4308538,2025-12-16T23:17:01.430859+00:00
2532,1765927021.447725,2025-12-16T23:17:01.447732+00:00
2533,1765927021.467962,2025-12-16T23:17:01.467965+00:00
2534,1765927021.48872,2025-12-16T23:17:01.488725+00:00
2535,1765927021.507276,2025-12-16T23:17:01.507279+00:00
2536,1765927021.52468,2025-12-16T23:17:01.524687+00:00
2537,1765927021.543647,2025-12-16T23:17:01.543652+00:00
2538,1765927021.564568,2025-12-16T23:17:01.564572+00:00
2539,1765927021.582657,2025-12-16T23:17:01.582661+00:00
2540,1765927021.6011882,2025-12-16T23:17:01.601190+00:00
2541,1765927021.618186,2025-12-16T23:17:01.618187+00:00
2542,1765927021.635423,2025-12-16T23:17:01.635434+00:00
2543,1765927021.6522,2025-12-16T23:17:01.652205+00:00
2544,1765927021.66896,2025-12-16T23:17:01.668965+00:00
2545,1765927021.687989,2025-12-16T23:17:01.687995+00:00
2546,1765927021.7065449,2025-12-16T23:17:01.706552+00:00
2547,1765927021.727476,2025-12-16T23:17:01.727479+00:00
2548,1765927021.746594,2025-12-16T23:17:01.746596+00:00
2549,1765927021.766865,2025-12-16T23:17:01.766866+00:00
2550,1765927021.785571,2025-12-16T23:17:01.785580+00:00
2551,1765927021.805867,2025-12-16T23:17:01.805870+00:00
2552,1765927021.826325,2025-12-16T23:17:01.826328+00:00
2553,1765927021.8437061,2025-12-16T23:17:01.843713+00:00
2554,1765927021.860885,2025-12-16T23:17:01.860889+00:00
2555,1765927021.8817742,2025-12-16T23:17:01.881778+00:00
2556,1765927021.9021618,2025-12-16T23:17:01.902195+00:00
2557,1765927021.922102,2025-12-16T23:17:01.922106+00:00
2558,1765927021.938976,2025-12-16T23:17:01.938979+00:00
2559,1765927021.9578292,2025-12-16T23:17:01.957831+00:00
2560,1765927021.978653,2025-12-16T23:17:01.978656+00:00
2561,1765927021.999542,2025-12-16T23:17:01.999543+00:00
2562,1765927022.018473,2025-12-16T23:17:02.018479+00:00
2563,1765927022.039405,2025-12-16T23:17:02.039412+00:00
2564,1765927022.06033,2025-12-16T23:17:02.060334+00:00
2565,1765927022.078233,2025-12-16T23:17:02.078235+00:00
2566,1765927022.099114,2025-12-16T23:17:02.099118+00:00
2567,1765927022.120057,2025-12-16T23:17:02.120061+00:00
2568,1765927022.14096,2025-12-16T23:17:02.140963+00:00
2569,1765927022.1598709,2025-12-16T23:17:02.159896+00:00
2570,1765927022.1770391,2025-12-16T23:17:02.177042+00:00
2571,1765927022.197902,2025-12-16T23:17:02.197903+00:00
2572,1765927022.218862,2025-12-16T23:17:02.218862+00:00
2573,1765927022.238549,2025-12-16T23:17:02.238550+00:00
2574,1765927022.257364,2025-12-16T23:17:02.257368+00:00
2575,1765927022.277071,2025-12-16T23:17:02.277077+00:00
2576,1765927022.2979589,2025-12-16T23:17:02.297960+00:00
2577,1765927022.318818,2025-12-16T23:17:02.318820+00:00
2578,1765927022.338062,2025-12-16T23:17:02.338066+00:00
2579,1765927022.357642,2025-12-16T23:17:02.357642+00:00
2580,1765927022.376312,2025-12-16T23:17:02.376315+00:00
2581,1765927022.39566,2025-12-16T23:17:02.395664+00:00
2582,1765927022.41655,2025-12-16T23:17:02.416551+00:00
2583,1765927022.434827,2025-12-16T23:17:02.434832+00:00
2584,1765927022.455738,2025-12-16T23:17:02.455744+00:00
2585,1765927022.4766378,2025-12-16T23:17:02.476641+00:00
2586,1765927022.493838,2025-12-16T23:17:02.493844+00:00
2587,1765927022.510976,2025-12-16T23:17:02.510979+00:00
2588,1765927022.5354319,2025-12-16T23:17:02.535437+00:00
2589,1765927022.556344,2025-12-16T23:17:02.556349+00:00
2590,1765927022.5761302,2025-12-16T23:17:02.576133+00:00
2591,1765927022.594338,2025-12-16T23:17:02.594340+00:00
2592,1765927022.613343,2025-12-16T23:17:02.613344+00:00
2593,1765927022.634221,2025-12-16T23:17:02.634225+00:00
2594,1765927022.6514828,2025-12-16T23:17:02.651486+00:00
2595,1765927022.668753,2025-12-16T23:17:02.668759+00:00
2596,1765927022.689003,2025-12-16T23:17:02.689008+00:00
2597,1765927022.706005,2025-12-16T23:17:02.706008+00:00
2598,1765927022.724552,2025-12-16T23:17:02.724556+00:00
2599,1765927022.742655,2025-12-16T23:17:02.742657+00:00
2600,1765927022.7626722,2025-12-16T23:17:02.762674+00:00
2601,1765927022.783544,2025-12-16T23:17:02.783545+00:00
2602,1765927022.802258,2025-12-16T23:17:02.802260+00:00
2603,1765927022.822834,2025-12-16T23:17:02.822836+00:00
2604,1765927022.843688,2025-12-16T23:17:02.843702+00:00
2605,1765927022.8643332,2025-12-16T23:17:02.864337+00:00
2606,1765927022.884612,2025-12-16T23:17:02.884619+00:00
2607,1765927022.9017339,2025-12-16T23:17:02.901735+00:00
2608,1765927022.92017,2025-12-16T23:17:02.920171+00:00
2609,1765927022.94104,2025-12-16T23:17:02.941041+00:00
2610,1765927022.961905,2025-12-16T23:17:02.961909+00:00
2611,1765927022.9792068,2025-12-16T23:17:02.979210+00:00
2612,1765927023.000105,2025-12-16T23:17:03.000108+00:00
2613,1765927023.018833,2025-12-16T23:17:03.018834+00:00
2614,1765927023.036855,2025-12-16T23:17:03.036860+00:00
2615,1765927023.0577862,2025-12-16T23:17:03.057789+00:00
2616,1765927023.0751941,2025-12-16T23:17:03.075196+00:00
2617,1765927023.0936809,2025-12-16T23:17:03.093683+00:00
2618,1765927023.1145542,2025-12-16T23:17:03.114556+00:00
2619,1765927023.1352801,2025-12-16T23:17:03.135281+00:00
2620,1765927023.152904,2025-12-16T23:17:03.152907+00:00
2621,1765927023.1737778,2025-12-16T23:17:03.173778+00:00
2622,1765927023.19464,2025-12-16T23:17:03.194645+00:00
2623,1765927023.215152,2025-12-16T23:17:03.215156+00:00
2624,1765927023.234935,2025-12-16T23:17:03.234939+00:00
2625,1765927023.255815,2025-12-16T23:17:03.255816+00:00
2626,1765927023.273351,2025-12-16T23:17:03.273358+00:00
2627,1765927023.2937338,2025-12-16T23:17:03.293737+00:00
2628,1765927023.314666,2025-12-16T23:17:03.314671+00:00
2629,1765927023.335714,2025-12-16T23:17:03.335720+00:00
2630,1765927023.356606,2025-12-16T23:17:03.356610+00:00
2631,1765927023.376173,2025-12-16T23:17:03.376176+00:00
2632,1765927023.393485,2025-12-16T23:17:03.393487+00:00
2633,1765927023.414455,2025-12-16T23:17:03.414456+00:00
2634,1765927023.434815,2025-12-16T23:17:03.434816+00:00
2635,1765927023.45569,2025-12-16T23:17:03.455695+00:00
2636,1765927023.4735959,2025-12-16T23:17:03.473603+00:00
2637,1765927023.493644,2025-12-16T23:17:03.493648+00:00
2638,1765927023.514672,2025-12-16T23:17:03.514677+00:00
2639,1765927023.535101,2025-12-16T23:17:03.535106+00:00
2640,1765927023.556054,2025-12-16T23:17:03.556064+00:00
2641,1765927023.576986,2025-12-16T23:17:03.576990+00:00
2642,1765927023.597879,2025-12-16T23:17:03.597885+00:00
2643,1765927023.618773,2025-12-16T23:17:03.618774+00:00
2644,1765927023.635486,2025-12-16T23:17:03.635486+00:00
2645,1765927023.6551301,2025-12-16T23:17:03.655130+00:00
2646,1765927023.676026,2025-12-16T23:17:03.676030+00:00
2647,1765927023.696935,2025-12-16T23:17:03.696941+00:00
2648,1765927023.7178361,2025-12-16T23:17:03.717838+00:00
2649,1765927023.738702,2025-12-16T23:17:03.738704+00:00
2650,1765927023.75959,2025-12-16T23:17:03.759594+00:00
2651,1765927023.777757,2025-12-16T23:17:03.777759+00:00
2652,1765927023.79735,2025-12-16T23:17:03.797351+00:00
2653,1765927023.81434,2025-12-16T23:17:03.814342+00:00
2654,1765927023.8352718,2025-12-16T23:17:03.835285+00:00
2655,1765927023.852083,2025-12-16T23:17:03.852086+00:00
2656,1765927023.871681,2025-12-16T23:17:03.871683+00:00
2657,1765927023.88992,2025-12-16T23:17:03.889922+00:00
2658,1765927023.906912,2025-12-16T23:17:03.906913+00:00
2659,1765927023.926452,2025-12-16T23:17:03.926453+00:00
2660,1765927023.947316,2025-12-16T23:17:03.947318+00:00
2661,1765927023.967985,2025-12-16T23:17:03.967988+00:00
2662,1765927023.985137,2025-12-16T23:17:03.985139+00:00
2663,1765927024.006049,2025-12-16T23:17:04.006053+00:00
2664,1765927024.0269492,2025-12-16T23:17:04.026955+00:00
2665,1765927024.0462022,2025-12-16T23:17:04.046204+00:00
2666,1765927024.064488,2025-12-16T23:17:04.064489+00:00
2667,1765927024.0831318,2025-12-16T23:17:04.083136+00:00
2668,1765927024.101977,2025-12-16T23:17:04.101980+00:00
2669,1765927024.122862,2025-12-16T23:17:04.122867+00:00
2670,1765927024.141153,2025-12-16T23:17:04.141154+00:00
2671,1765927024.161759,2025-12-16T23:17:04.161760+00:00
2672,1765927024.181271,2025-12-16T23:17:04.181274+00:00
2673,1765927024.201993,2025-12-16T23:17:04.201999+00:00
2674,1765927024.222893,2025-12-16T23:17:04.222897+00:00
2675,1765927024.243187,2025-12-16T23:17:04.243188+00:00
2676,1765927024.264042,2025-12-16T23:17:04.264043+00:00
2677,1765927024.282763,2025-12-16T23:17:04.282768+00:00
2678,1765927024.3018508,2025-12-16T23:17:04.301853+00:00
2679,1765927024.321028,2025-12-16T23:17:04.321030+00:00
2680,1765927024.341456,2025-12-16T23:17:04.341460+00:00
2681,1765927024.3596869,2025-12-16T23:17:04.359692+00:00
2682,1765927024.3787851,2025-12-16T23:17:04.378790+00:00
2683,1765927024.3979242,2025-12-16T23:17:04.397927+00:00
2684,1765927024.418616,2025-12-16T23:17:04.418618+00:00
2685,1765927024.435818,2025-12-16T23:17:04.435821+00:00
2686,1765927024.454837,2025-12-16T23:17:04.454838+00:00
2687,1765927024.475713,2025-12-16T23:17:04.475715+00:00
2688,1765927024.496577,2025-12-16T23:17:04.496581+00:00
2689,1765927024.5150049,2025-12-16T23:17:04.515013+00:00
2690,1765927024.53868,2025-12-16T23:17:04.538684+00:00
2691,1765927024.557607,2025-12-16T23:17:04.557611+00:00
2692,1765927024.57849,2025-12-16T23:17:04.578495+00:00
2693,1765927024.5978281,2025-12-16T23:17:04.597831+00:00
2694,1765927024.61863,2025-12-16T23:17:04.618633+00:00
2695,1765927024.6353862,2025-12-16T23:17:04.635387+00:00
2696,1765927024.652093,2025-12-16T23:17:04.652097+00:00
2697,1765927024.669947,2025-12-16T23:17:04.669952+00:00
2698,1765927024.6908438,2025-12-16T23:17:04.690845+00:00
2699,1765927024.711703,2025-12-16T23:17:04.711706+00:00
2700,1765927024.729172,2025-12-16T23:17:04.729176+00:00
2701,1765927024.746472,2025-12-16T23:17:04.746475+00:00
2702,1765927024.7633998,2025-12-16T23:17:04.763405+00:00
2703,1765927024.784277,2025-12-16T23:17:04.784279+00:00
2704,1765927024.805131,2025-12-16T23:17:04.805132+00:00
2705,1765927024.826019,2025-12-16T23:17:04.826032+00:00
2706,1765927024.8428679,2025-12-16T23:17:04.842875+00:00
2707,1765927024.8603299,2025-12-16T23:17:04.860332+00:00
2708,1765927024.880717,2025-12-16T23:17:04.880720+00:00
2709,1765927024.9014,2025-12-16T23:17:04.901403+00:00
2710,1765927024.92016,2025-12-16T23:17:04.920163+00:00
2711,1765927024.938254,2025-12-16T23:17:04.938260+00:00
2712,1765927024.95588,2025-12-16T23:17:04.955886+00:00
2713,1765927024.976171,2025-12-16T23:17:04.976173+00:00
2714,1765927024.997043,2025-12-16T23:17:04.997046+00:00
2715,1765927025.0179641,2025-12-16T23:17:05.017969+00:00
2716,1765927025.038265,2025-12-16T23:17:05.038298+00:00
2717,1765927025.0592,2025-12-16T23:17:05.059204+00:00
2718,1765927025.080129,2025-12-16T23:17:05.080133+00:00
2719,1765927025.098043,2025-12-16T23:17:05.098045+00:00
2720,1765927025.118507,2025-12-16T23:17:05.118509+00:00
2721,1765927025.1357021,2025-12-16T23:17:05.135704+00:00
2722,1765927025.152579,2025-12-16T23:17:05.152582+00:00
2723,1765927025.17346,2025-12-16T23:17:05.173465+00:00
2724,1765927025.194359,2025-12-16T23:17:05.194364+00:00
2725,1765927025.21193,2025-12-16T23:17:05.211933+00:00
2726,1765927025.2303731,2025-12-16T23:17:05.230376+00:00
2727,1765927025.251264,2025-12-16T23:17:05.251265+00:00
2728,1765927025.2721431,2025-12-16T23:17:05.272144+00:00
2729,1765927025.290283,2025-12-16T23:17:05.290284+00:00
2730,1765927025.310005,2025-12-16T23:17:05.310007+00:00
2731,1765927025.3268611,2025-12-16T23:17:05.326864+00:00
2732,1765927025.343619,2025-12-16T23:17:05.343622+00:00
2733,1765927025.364479,2025-12-16T23:17:05.364481+00:00
2734,1765927025.381917,2025-12-16T23:17:05.381918+00:00
2735,1765927025.401568,2025-12-16T23:17:05.401571+00:00
2736,1765927025.4224808,2025-12-16T23:17:05.422484+00:00
2737,1765927025.4427981,2025-12-16T23:17:05.442800+00:00
2738,1765927025.463711,2025-12-16T23:17:05.463715+00:00
2739,1765927025.481858,2025-12-16T23:17:05.481859+00:00
2740,1765927025.498755,2025-12-16T23:17:05.498757+00:00
2741,1765927025.518323,2025-12-16T23:17:05.518327+00:00
2742,1765927025.539201,2025-12-16T23:17:05.539203+00:00
2743,1765927025.5600362,2025-12-16T23:17:05.560039+00:00
2744,1765927025.5785441,2025-12-16T23:17:05.578545+00:00
2745,1765927025.599413,2025-12-16T23:17:05.599418+00:00
2746,1765927025.619225,2025-12-16T23:17:05.619229+00:00
2747,1765927025.6401348,2025-12-16T23:17:05.640138+00:00
2748,1765927025.660139,2025-12-16T23:17:05.660144+00:00
2749,1765927025.6808589,2025-12-16T23:17:05.680863+00:00
2750,1765927025.6992362,2025-12-16T23:17:05.699239+00:00
2751,1765927025.718559,2025-12-16T23:17:05.718583+00:00
2752,1765927025.738559,2025-12-16T23:17:05.738562+00:00
2753,1765927025.7555149,2025-12-16T23:17:05.755518+00:00
2754,1765927025.774747,2025-12-16T23:17:05.774750+00:00
2755,1765927025.793542,2025-12-16T23:17:05.793543+00:00
2756,1765927025.81167,2025-12-16T23:17:05.811671+00:00
2757,1765927025.8299232,2025-12-16T23:17:05.829928+00:00
2758,1765927025.849409,2025-12-16T23:17:05.849415+00:00
2759,1765927025.8685172,2025-12-16T23:17:05.868522+00:00
2760,1765927025.885591,2025-12-16T23:17:05.885596+00:00
2761,1765927025.906515,2025-12-16T23:17:05.906522+00:00
2762,1765927025.926959,2025-12-16T23:17:05.926964+00:00
2763,1765927025.948122,2025-12-16T23:17:05.948125+00:00
2764,1765927025.967718,2025-12-16T23:17:05.967719+00:00
2765,1765927025.9845812,2025-12-16T23:17:05.984585+00:00
2766,1765927026.005476,2025-12-16T23:17:06.005476+00:00
2767,1765927026.026339,2025-12-16T23:17:06.026341+00:00
2768,1765927026.04723,2025-12-16T23:17:06.047235+00:00
2769,1765927026.066545,2025-12-16T23:17:06.066546+00:00
2770,1765927026.085369,2025-12-16T23:17:06.085372+00:00
2771,1765927026.1021209,2025-12-16T23:17:06.102134+00:00
2772,1765927026.123033,2025-12-16T23:17:06.123038+00:00
2773,1765927026.143219,2025-12-16T23:17:06.143226+00:00
2774,1765927026.16413,2025-12-16T23:17:06.164134+00:00
2775,1765927026.185004,2025-12-16T23:17:06.185008+00:00
2776,1765927026.202305,2025-12-16T23:17:06.202309+00:00
2777,1765927026.22294,2025-12-16T23:17:06.222944+00:00
2778,1765927026.240938,2025-12-16T23:17:06.240944+00:00
2779,1765927026.2618508,2025-12-16T23:17:06.261855+00:00
2780,1765927026.2805681,2025-12-16T23:17:06.280572+00:00
2781,1765927026.299583,2025-12-16T23:17:06.299587+00:00
2782,1765927026.3186262,2025-12-16T23:17:06.318628+00:00
2783,1765927026.3369138,2025-12-16T23:17:06.336918+00:00
2784,1765927026.354796,2025-12-16T23:17:06.354802+00:00
2785,1765927026.375691,2025-12-16T23:17:06.375693+00:00
2786,1765927026.396567,2025-12-16T23:17:06.396571+00:00
2787,1765927026.4176252,2025-12-16T23:17:06.417626+00:00
2788,1765927026.4384909,2025-12-16T23:17:06.438493+00:00
2789,1765927026.459379,2025-12-16T23:17:06.459380+00:00
2790,1765927026.479488,2025-12-16T23:17:06.479490+00:00
2791,1765927026.496346,2025-12-16T23:17:06.496348+00:00
2792,1765927026.517206,2025-12-16T23:17:06.517207+00:00
2793,1765927026.5351849,2025-12-16T23:17:06.535201+00:00
2794,1765927026.555972,2025-12-16T23:17:06.555977+00:00
2795,1765927026.576902,2025-12-16T23:17:06.576908+00:00
2796,1765927026.5978508,2025-12-16T23:17:06.597854+00:00
2797,1765927026.618722,2025-12-16T23:17:06.618727+00:00
2798,1765927026.6396039,2025-12-16T23:17:06.639606+00:00
2799,1765927026.659647,2025-12-16T23:17:06.659648+00:00
2800,1765927026.676998,2025-12-16T23:17:06.677006+00:00
2801,1765927026.695152,2025-12-16T23:17:06.695156+00:00
2802,1765927026.7160692,2025-12-16T23:17:06.716075+00:00
2803,1765927026.7356439,2025-12-16T23:17:06.735650+00:00
2804,1765927026.756552,2025-12-16T23:17:06.756560+00:00
2805,1765927026.777131,2025-12-16T23:17:06.777133+00:00
2806,1765927026.798012,2025-12-16T23:17:06.798017+00:00
2807,1765927026.818929,2025-12-16T23:17:06.818931+00:00
2808,1765927026.8395278,2025-12-16T23:17:06.839531+00:00
2809,1765927026.859162,2025-12-16T23:17:06.859164+00:00
2810,1765927026.876485,2025-12-16T23:17:06.876488+00:00
2811,1765927026.897412,2025-12-16T23:17:06.897417+00:00
2812,1765927026.918317,2025-12-16T23:17:06.918321+00:00
2813,1765927026.939192,2025-12-16T23:17:06.939195+00:00
2814,1765927026.960072,2025-12-16T23:17:06.960074+00:00
2815,1765927026.9779048,2025-12-16T23:17:06.977927+00:00
2816,1765927026.998274,2025-12-16T23:17:06.998276+00:00
2817,1765927027.018729,2025-12-16T23:17:07.018732+00:00
2818,1765927027.038323,2025-12-16T23:17:07.038330+00:00
2819,1765927027.0561001,2025-12-16T23:17:07.056104+00:00
2820,1765927027.072843,2025-12-16T23:17:07.072846+00:00
2821,1765927027.093725,2025-12-16T23:17:07.093731+00:00
2822,1765927027.116299,2025-12-16T23:17:07.116301+00:00
2823,1765927027.13632,2025-12-16T23:17:07.136325+00:00
2824,1765927027.155211,2025-12-16T23:17:07.155217+00:00
2825,1765927027.174614,2025-12-16T23:17:07.174616+00:00
2826,1765927027.195481,2025-12-16T23:17:07.195484+00:00
2827,1765927027.2163808,2025-12-16T23:17:07.216384+00:00
2828,1765927027.233598,2025-12-16T23:17:07.233604+00:00
2829,1765927027.254526,2025-12-16T23:17:07.254528+00:00
2830,1765927027.2746408,2025-12-16T23:17:07.274644+00:00
2831,1765927027.293678,2025-12-16T23:17:07.293679+00:00
2832,1765927027.312719,2025-12-16T23:17:07.312721+00:00
2833,1765927027.333547,2025-12-16T23:17:07.333549+00:00
2834,1765927027.351688,2025-12-16T23:17:07.351691+00:00
2835,1765927027.3708742,2025-12-16T23:17:07.370878+00:00
2836,1765927027.391756,2025-12-16T23:17:07.391758+00:00
2837,1765927027.4126458,2025-12-16T23:17:07.412653+00:00
2838,1765927027.43359,2025-12-16T23:17:07.433619+00:00
2839,1765927027.451396,2025-12-16T23:17:07.451420+00:00
2840,1765927027.468287,2025-12-16T23:17:07.468293+00:00
2841,1765927027.489221,2025-12-16T23:17:07.489229+00:00
2842,1765927027.5096462,2025-12-16T23:17:07.509649+00:00
2843,1765927027.526837,2025-12-16T23:17:07.526851+00:00
2844,1765927027.547798,2025-12-16T23:17:07.547805+00:00
2845,1765927027.568564,2025-12-16T23:17:07.568567+00:00
2846,1765927027.585424,2025-12-16T23:17:07.585429+00:00
2847,1765927027.606315,2025-12-16T23:17:07.606320+00:00
2848,1765927027.627239,2025-12-16T23:17:07.627244+00:00
2849,1765927027.6452322,2025-12-16T23:17:07.645235+00:00
2850,1765927027.666116,2025-12-16T23:17:07.666120+00:00
2851,1765927027.687007,2025-12-16T23:17:07.687013+00:00
2852,1765927027.70721,2025-12-16T23:17:07.707214+00:00
2853,1765927027.72653,2025-12-16T23:17:07.726536+00:00
2854,1765927027.744479,2025-12-16T23:17:07.744481+00:00
2855,1765927027.762899,2025-12-16T23:17:07.762903+00:00
2856,1765927027.783798,2025-12-16T23:17:07.783802+00:00
2857,1765927027.80407,2025-12-16T23:17:07.804072+00:00
2858,1765927027.8241239,2025-12-16T23:17:07.824127+00:00
2859,1765927027.8432362,2025-12-16T23:17:07.843239+00:00
2860,1765927027.860169,2025-12-16T23:17:07.860174+00:00
2861,1765927027.876939,2025-12-16T23:17:07.876946+00:00
2862,1765927027.8978229,2025-12-16T23:17:07.897825+00:00
2863,1765927027.918634,2025-12-16T23:17:07.918635+00:00
2864,1765927027.93899,2025-12-16T23:17:07.938994+00:00
2865,1765927027.9589388,2025-12-16T23:17:07.958942+00:00
2866,1765927027.979834,2025-12-16T23:17:07.979840+00:00
2867,1765927027.99895,2025-12-16T23:17:07.998958+00:00
2868,1765927028.0192819,2025-12-16T23:17:08.019286+00:00
2869,1765927028.040189,2025-12-16T23:17:08.040194+00:00
2870,1765927028.061093,2025-12-16T23:17:08.061096+00:00
2871,1765927028.0819688,2025-12-16T23:17:08.081972+00:00
2872,1765927028.102119,2025-12-16T23:17:08.102123+00:00
2873,1765927028.120586,2025-12-16T23:17:08.120591+00:00
2874,1765927028.141475,2025-12-16T23:17:08.141477+00:00
2875,1765927028.1591098,2025-12-16T23:17:08.159110+00:00
2876,1765927028.179986,2025-12-16T23:17:08.179991+00:00
2877,1765927028.200895,2025-12-16T23:17:08.200897+00:00
2878,1765927028.21792,2025-12-16T23:17:08.217922+00:00
2879,1765927028.235774,2025-12-16T23:17:08.235777+00:00
2880,1765927028.2552478,2025-12-16T23:17:08.255250+00:00
2881,1765927028.272299,2025-12-16T23:17:08.272299+00:00
2882,1765927028.292764,2025-12-16T23:17:08.292768+00:00
2883,1765927028.313034,2025-12-16T23:17:08.313036+00:00
2884,1765927028.33131,2025-12-16T23:17:08.331311+00:00
2885,1765927028.352032,2025-12-16T23:17:08.352036+00:00
2886,1765927028.372915,2025-12-16T23:17:08.372918+00:00
2887,1765927028.393804,2025-12-16T23:17:08.393808+00:00
2888,1765927028.414678,2025-12-16T23:17:08.414680+00:00
2889,1765927028.4320252,2025-12-16T23:17:08.432026+00:00
2890,1765927028.44993,2025-12-16T23:17:08.449932+00:00
2891,1765927028.4708061,2025-12-16T23:17:08.470811+00:00
2892,1765927028.491699,2025-12-16T23:17:08.491703+00:00
2893,1765927028.510158,2025-12-16T23:17:08.510160+00:00
2894,1765927028.533957,2025-12-16T23:17:08.533965+00:00
2895,1765927028.5540092,2025-12-16T23:17:08.554013+00:00
2896,1765927028.5749261,2025-12-16T23:17:08.574935+00:00
2897,1765927028.5958369,2025-12-16T23:17:08.595839+00:00
2898,1765927028.616705,2025-12-16T23:17:08.616708+00:00
2899,1765927028.636259,2025-12-16T23:17:08.636263+00:00
2900,1765927028.657563,2025-12-16T23:17:08.657570+00:00
2901,1765927028.677878,2025-12-16T23:17:08.677884+00:00
2902,1765927028.698817,2025-12-16T23:17:08.698829+00:00
2903,1765927028.7197702,2025-12-16T23:17:08.719777+00:00
2904,1765927028.740674,2025-12-16T23:17:08.740675+00:00
2905,1765927028.758553,2025-12-16T23:17:08.758556+00:00
2906,1765927028.779451,2025-12-16T23:17:08.779453+00:00
2907,1765927028.800332,2025-12-16T23:17:08.800336+00:00
2908,1765927028.8210251,2025-12-16T23:17:08.821028+00:00
2909,1765927028.8392162,2025-12-16T23:17:08.839221+00:00
2910,1765927028.85885,2025-12-16T23:17:08.858861+00:00
2911,1765927028.8769228,2025-12-16T23:17:08.876927+00:00
2912,1765927028.897799,2025-12-16T23:17:08.897801+00:00
2913,1765927028.917505,2025-12-16T23:17:08.917507+00:00
2914,1765927028.934634,2025-12-16T23:17:08.934635+00:00
2915,1765927028.951369,2025-12-16T23:17:08.951370+00:00
2916,1765927028.971583,2025-12-16T23:17:08.971587+00:00
2917,1765927028.9924731,2025-12-16T23:17:08.992475+00:00
2918,1765927029.013341,2025-12-16T23:17:09.013342+00:00
2919,1765927029.0342,2025-12-16T23:17:09.034216+00:00
2920,1765927029.053918,2025-12-16T23:17:09.053936+00:00
2921,1765927029.072601,2025-12-16T23:17:09.072603+00:00
2922,1765927029.093476,2025-12-16T23:17:09.093480+00:00
2923,1765927029.1104288,2025-12-16T23:17:09.110436+00:00
2924,1765927029.131215,2025-12-16T23:17:09.131218+00:00
2925,1765927029.1521149,2025-12-16T23:17:09.152117+00:00
2926,1765927029.169655,2025-12-16T23:17:09.169660+00:00
2927,1765927029.18991,2025-12-16T23:17:09.189912+00:00
2928,1765927029.210585,2025-12-16T23:17:09.210588+00:00
2929,1765927029.231474,2025-12-16T23:17:09.231477+00:00
2930,1765927029.251412,2025-12-16T23:17:09.251413+00:00
2931,1765927029.268887,2025-12-16T23:17:09.268891+00:00
2932,1765927029.289758,2025-12-16T23:17:09.289761+00:00
2933,1765927029.307298,2025-12-16T23:17:09.307301+00:00
2934,1765927029.324613,2025-12-16T23:17:09.324616+00:00
2935,1765927029.3432279,2025-12-16T23:17:09.343232+00:00
2936,1765927029.360477,2025-12-16T23:17:09.360482+00:00
2937,1765927029.3786721,2025-12-16T23:17:09.378675+00:00
2938,1765927029.3995378,2025-12-16T23:17:09.399539+00:00
2939,1765927029.417794,2025-12-16T23:17:09.417796+00:00
2940,1765927029.4355059,2025-12-16T23:17:09.435506+00:00
2941,1765927029.456367,2025-12-16T23:17:09.456371+00:00
2942,1765927029.473939,2025-12-16T23:17:09.473940+00:00
2943,1765927029.492984,2025-12-16T23:17:09.492988+00:00
2944,1765927029.512197,2025-12-16T23:17:09.512201+00:00
2945,1765927029.5319839,2025-12-16T23:17:09.532001+00:00
2946,1765927029.551702,2025-12-16T23:17:09.551707+00:00
2947,1765927029.571124,2025-12-16T23:17:09.571126+00:00
2948,1765927029.5917351,2025-12-16T23:17:09.591739+00:00
2949,1765927029.610328,2025-12-16T23:17:09.610329+00:00
2950,1765927029.631205,2025-12-16T23:17:09.631207+00:00
2951,1765927029.651926,2025-12-16T23:17:09.651927+00:00
2952,1765927029.6686232,2025-12-16T23:17:09.668623+00:00
2953,1765927029.685787,2025-12-16T23:17:09.685789+00:00
2954,1765927029.7041862,2025-12-16T23:17:09.704189+00:00
2955,1765927029.7250612,2025-12-16T23:17:09.725065+00:00
2956,1765927029.745985,2025-12-16T23:17:09.745988+00:00
2957,1765927029.765113,2025-12-16T23:17:09.765118+00:00
2958,1765927029.786038,2025-12-16T23:17:09.786042+00:00
2959,1765927029.8069382,2025-12-16T23:17:09.806955+00:00
2960,1765927029.8239748,2025-12-16T23:17:09.823976+00:00
2961,1765927029.8420658,2025-12-16T23:17:09.842067+00:00
2962,1765927029.861396,2025-12-16T23:17:09.861399+00:00
2963,1765927029.882266,2025-12-16T23:17:09.882269+00:00
2964,1765927029.9019241,2025-12-16T23:17:09.901926+00:00
2965,1765927029.922813,2025-12-16T23:17:09.922820+00:00
2966,1765927029.942094,2025-12-16T23:17:09.942098+00:00
2967,1765927029.9627242,2025-12-16T23:17:09.962728+00:00
2968,1765927029.9837272,2025-12-16T23:17:09.983731+00:00
2969,1765927030.002653,2025-12-16T23:17:10.002747+00:00
2970,1765927030.021836,2025-12-16T23:17:10.021895+00:00
2971,1765927030.042594,2025-12-16T23:17:10.042599+00:00
2972,1765927030.063493,2025-12-16T23:17:10.063498+00:00
2973,1765927030.0829709,2025-12-16T23:17:10.082975+00:00
2974,1765927030.102068,2025-12-16T23:17:10.102071+00:00
2975,1765927030.122934,2025-12-16T23:17:10.122935+00:00
2976,1765927030.139658,2025-12-16T23:17:10.139662+00:00
2977,1765927030.1605499,2025-12-16T23:17:10.160553+00:00
2978,1765927030.18144,2025-12-16T23:17:10.181445+00:00
2979,1765927030.201304,2025-12-16T23:17:10.201310+00:00
2980,1765927030.222199,2025-12-16T23:17:10.222203+00:00
2981,1765927030.240781,2025-12-16T23:17:10.240783+00:00
2982,1765927030.260586,2025-12-16T23:17:10.260590+00:00
2983,1765927030.280575,2025-12-16T23:17:10.280576+00:00
2984,1765927030.301096,2025-12-16T23:17:10.301098+00:00
2985,1765927030.322297,2025-12-16T23:17:10.322302+00:00
2986,1765927030.3394,2025-12-16T23:17:10.339402+00:00
2987,1765927030.360273,2025-12-16T23:17:10.360278+00:00
2988,1765927030.381196,2025-12-16T23:17:10.381200+00:00
2989,1765927030.3989801,2025-12-16T23:17:10.398984+00:00
2990,1765927030.4198542,2025-12-16T23:17:10.419857+00:00
2991,1765927030.440773,2025-12-16T23:17:10.440777+00:00
2992,1765927030.461664,2025-12-16T23:17:10.461666+00:00
2993,1765927030.481753,2025-12-16T23:17:10.481757+00:00
2994,1765927030.5026538,2025-12-16T23:17:10.502658+00:00
2995,1765927030.5235379,2025-12-16T23:17:10.523542+00:00
2996,1765927030.541046,2025-12-16T23:17:10.541057+00:00
2997,1765927030.55989,2025-12-16T23:17:10.559892+00:00
2998,1765927030.5807722,2025-12-16T23:17:10.580776+00:00
2999,1765927030.598007,2025-12-16T23:17:10.598010+00:00
3000,1765927030.618882,2025-12-16T23:17:10.618885+00:00
3001,1765927030.6372302,2025-12-16T23:17:10.637233+00:00
3002,1765927030.6581068,2025-12-16T23:17:10.658112+00:00
3003,1765927030.675123,2025-12-16T23:17:10.675125+00:00
3004,1765927030.6959941,2025-12-16T23:17:10.695997+00:00
3005,1765927030.716882,2025-12-16T23:17:10.716886+00:00
3006,1765927030.7371252,2025-12-16T23:17:10.737129+00:00
3007,1765927030.758021,2025-12-16T23:17:10.758024+00:00
3008,1765927030.776969,2025-12-16T23:17:10.776972+00:00
3009,1765927030.7978408,2025-12-16T23:17:10.797842+00:00
3010,1765927030.8186991,2025-12-16T23:17:10.818702+00:00
3011,1765927030.8395991,2025-12-16T23:17:10.839602+00:00
3012,1765927030.859245,2025-12-16T23:17:10.859249+00:00
3013,1765927030.879987,2025-12-16T23:17:10.879994+00:00
3014,1765927030.899714,2025-12-16T23:17:10.899717+00:00
3015,1765927030.917192,2025-12-16T23:17:10.917193+00:00
3016,1765927030.9380858,2025-12-16T23:17:10.938087+00:00
3017,1765927030.958944,2025-12-16T23:17:10.958948+00:00
3018,1765927030.97919,2025-12-16T23:17:10.979193+00:00
3019,1765927031.0000708,2025-12-16T23:17:11.000075+00:00
3020,1765927031.017997,2025-12-16T23:17:11.018004+00:00
3021,1765927031.038024,2025-12-16T23:17:11.038025+00:00
3022,1765927031.056659,2025-12-16T23:17:11.056659+00:00
3023,1765927031.074007,2025-12-16T23:17:11.074008+00:00
3024,1765927031.094881,2025-12-16T23:17:11.094883+00:00
3025,1765927031.115005,2025-12-16T23:17:11.115007+00:00
3026,1765927031.135238,2025-12-16T23:17:11.135239+00:00
3027,1765927031.156115,2025-12-16T23:17:11.156116+00:00
3028,1765927031.176974,2025-12-16T23:17:11.176979+00:00
3029,1765927031.1978638,2025-12-16T23:17:11.197869+00:00
3030,1765927031.2154639,2025-12-16T23:17:11.215471+00:00
3031,1765927031.2353148,2025-12-16T23:17:11.235321+00:00
3032,1765927031.256215,2025-12-16T23:17:11.256216+00:00
3033,1765927031.276095,2025-12-16T23:17:11.276098+00:00
3034,1765927031.297007,2025-12-16T23:17:11.297011+00:00
3035,1765927031.317884,2025-12-16T23:17:11.317886+00:00
3036,1765927031.335946,2025-12-16T23:17:11.335949+00:00
3037,1765927031.35462,2025-12-16T23:17:11.354623+00:00
3038,1765927031.375544,2025-12-16T23:17:11.375547+00:00
3039,1765927031.393573,2025-12-16T23:17:11.393576+00:00
3040,1765927031.414476,2025-12-16T23:17:11.414480+00:00
3041,1765927031.434666,2025-12-16T23:17:11.434674+00:00
3042,1765927031.455572,2025-12-16T23:17:11.455577+00:00
3043,1765927031.475261,2025-12-16T23:17:11.475262+00:00
3044,1765927031.4930072,2025-12-16T23:17:11.493008+00:00
3045,1765927031.511852,2025-12-16T23:17:11.511855+00:00
3046,1765927031.5320342,2025-12-16T23:17:11.532040+00:00
3047,1765927031.551732,2025-12-16T23:17:11.551736+00:00
3048,1765927031.571569,2025-12-16T23:17:11.571576+00:00
3049,1765927031.591873,2025-12-16T23:17:11.591879+00:00
3050,1765927031.616965,2025-12-16T23:17:11.616967+00:00
3051,1765927031.637836,2025-12-16T23:17:11.637840+00:00
3052,1765927031.656599,2025-12-16T23:17:11.656602+00:00
3053,1765927031.676842,2025-12-16T23:17:11.676850+00:00
3054,1765927031.6977658,2025-12-16T23:17:11.697771+00:00
3055,1765927031.718689,2025-12-16T23:17:11.718693+00:00
3056,1765927031.739566,2025-12-16T23:17:11.739570+00:00
3057,1765927031.760246,2025-12-16T23:17:11.760250+00:00
3058,1765927031.781148,2025-12-16T23:17:11.781151+00:00
3059,1765927031.799523,2025-12-16T23:17:11.799527+00:00
3060,1765927031.8201978,2025-12-16T23:17:11.820201+00:00
3061,1765927031.8379352,2025-12-16T23:17:11.837937+00:00
3062,1765927031.858809,2025-12-16T23:17:11.858811+00:00
3063,1765927031.8770912,2025-12-16T23:17:11.877095+00:00
3064,1765927031.89782,2025-12-16T23:17:11.897827+00:00
3065,1765927031.915711,2025-12-16T23:17:11.915714+00:00
3066,1765927031.936604,2025-12-16T23:17:11.936607+00:00
3067,1765927031.957483,2025-12-16T23:17:11.957484+00:00
3068,1765927031.976345,2025-12-16T23:17:11.976352+00:00
3069,1765927031.997271,2025-12-16T23:17:11.997273+00:00
3070,1765927032.018102,2025-12-16T23:17:12.018226+00:00
3071,1765927032.03514,2025-12-16T23:17:12.035143+00:00
3072,1765927032.056014,2025-12-16T23:17:12.056017+00:00
3073,1765927032.075177,2025-12-16T23:17:12.075178+00:00
3074,1765927032.0936441,2025-12-16T23:17:12.093649+00:00
3075,1765927032.11454,2025-12-16T23:17:12.114544+00:00
3076,1765927032.1328378,2025-12-16T23:17:12.132841+00:00
3077,1765927032.152023,2025-12-16T23:17:12.152026+00:00
3078,1765927032.171167,2025-12-16T23:17:12.171170+00:00
3079,1765927032.192031,2025-12-16T23:17:12.192032+00:00
3080,1765927032.2128909,2025-12-16T23:17:12.212895+00:00
3081,1765927032.2337978,2025-12-16T23:17:12.233803+00:00
3082,1765927032.251851,2025-12-16T23:17:12.251857+00:00
3083,1765927032.272753,2025-12-16T23:17:12.272756+00:00
3084,1765927032.2936509,2025-12-16T23:17:12.293655+00:00
3085,1765927032.310946,2025-12-16T23:17:12.310947+00:00
3086,1765927032.330729,2025-12-16T23:17:12.330735+00:00
3087,1765927032.3516421,2025-12-16T23:17:12.351645+00:00
3088,1765927032.369474,2025-12-16T23:17:12.369475+00:00
3089,1765927032.3903291,2025-12-16T23:17:12.390331+00:00
3090,1765927032.4096482,2025-12-16T23:17:12.409651+00:00
3091,1765927032.430519,2025-12-16T23:17:12.430522+00:00
3092,1765927032.4478662,2025-12-16T23:17:12.447869+00:00
3093,1765927032.4680169,2025-12-16T23:17:12.468018+00:00
3094,1765927032.4888709,2025-12-16T23:17:12.488872+00:00
3095,1765927032.50966,2025-12-16T23:17:12.509663+00:00
3096,1765927032.530572,2025-12-16T23:17:12.530578+00:00
3097,1765927032.5506308,2025-12-16T23:17:12.550634+00:00
3098,1765927032.56845,2025-12-16T23:17:12.568458+00:00
3099,1765927032.587067,2025-12-16T23:17:12.587071+00:00
3100,1765927032.6062222,2025-12-16T23:17:12.606245+00:00
3101,1765927032.6241531,2025-12-16T23:17:12.624159+00:00
3102,1765927032.641112,2025-12-16T23:17:12.641113+00:00
3103,1765927032.658879,2025-12-16T23:17:12.658880+00:00
3104,1765927032.678752,2025-12-16T23:17:12.678753+00:00
3105,1765927032.6992252,2025-12-16T23:17:12.699226+00:00
3106,1765927032.718604,2025-12-16T23:17:12.718608+00:00
3107,1765927032.739481,2025-12-16T23:17:12.739511+00:00
3108,1765927032.760399,2025-12-16T23:17:12.760400+00:00
3109,1765927032.777087,2025-12-16T23:17:12.777088+00:00
3110,1765927032.796212,2025-12-16T23:17:12.796215+00:00
3111,1765927032.817108,2025-12-16T23:17:12.817109+00:00
3112,1765927032.837593,2025-12-16T23:17:12.837595+00:00
3113,1765927032.8583791,2025-12-16T23:17:12.858383+00:00
3114,1765927032.875953,2025-12-16T23:17:12.875957+00:00
3115,1765927032.896221,2025-12-16T23:17:12.896244+00:00
3116,1765927032.9163918,2025-12-16T23:17:12.916396+00:00
3117,1765927032.935169,2025-12-16T23:17:12.935171+00:00
3118,1765927032.954228,2025-12-16T23:17:12.954230+00:00
3119,1765927032.9727502,2025-12-16T23:17:12.972753+00:00
3120,1765927032.992146,2025-12-16T23:17:12.992150+00:00
3121,1765927033.010216,2025-12-16T23:17:13.010217+00:00
3122,1765927033.028585,2025-12-16T23:17:13.028588+00:00
3123,1765927033.0465121,2025-12-16T23:17:13.046512+00:00
3124,1765927033.063306,2025-12-16T23:17:13.063309+00:00
3125,1765927033.082795,2025-12-16T23:17:13.082797+00:00
3126,1765927033.103681,2025-12-16T23:17:13.103681+00:00
3127,1765927033.1243,2025-12-16T23:17:13.124303+00:00
3128,1765927033.1432362,2025-12-16T23:17:13.143238+00:00
3129,1765927033.164103,2025-12-16T23:17:13.164106+00:00
3130,1765927033.181964,2025-12-16T23:17:13.181970+00:00
3131,1765927033.202057,2025-12-16T23:17:13.202061+00:00
3132,1765927033.222075,2025-12-16T23:17:13.222078+00:00
3133,1765927033.2422678,2025-12-16T23:17:13.242269+00:00
3134,1765927033.2589839,2025-12-16T23:17:13.258985+00:00
3135,1765927033.2771,2025-12-16T23:17:13.277104+00:00
3136,1765927033.296127,2025-12-16T23:17:13.296129+00:00
3137,1765927033.3169951,2025-12-16T23:17:13.316996+00:00
3138,1765927033.335472,2025-12-16T23:17:13.335474+00:00
3139,1765927033.3563552,2025-12-16T23:17:13.356357+00:00
3140,1765927033.376797,2025-12-16T23:17:13.376799+00:00
3141,1765927033.393593,2025-12-16T23:17:13.393601+00:00
3142,1765927033.414214,2025-12-16T23:17:13.414215+00:00
3143,1765927033.4348228,2025-12-16T23:17:13.434826+00:00
3144,1765927033.4557078,2025-12-16T23:17:13.455713+00:00
3145,1765927033.476607,2025-12-16T23:17:13.476609+00:00
3146,1765927033.493692,2025-12-16T23:17:13.493697+00:00
3147,1765927033.511408,2025-12-16T23:17:13.511414+00:00
3148,1765927033.533977,2025-12-16T23:17:13.533982+00:00
3149,1765927033.553803,2025-12-16T23:17:13.553807+00:00
3150,1765927033.578371,2025-12-16T23:17:13.578374+00:00
3151,1765927033.596071,2025-12-16T23:17:13.596077+00:00
3152,1765927033.615638,2025-12-16T23:17:13.615641+00:00
3153,1765927033.636518,2025-12-16T23:17:13.636522+00:00
3154,1765927033.656613,2025-12-16T23:17:13.656615+00:00
3155,1765927033.67636,2025-12-16T23:17:13.676364+00:00
3156,1765927033.696296,2025-12-16T23:17:13.696301+00:00
3157,1765927033.717189,2025-12-16T23:17:13.717193+00:00
3158,1765927033.734932,2025-12-16T23:17:13.734933+00:00
3159,1765927033.7551858,2025-12-16T23:17:13.755188+00:00
3160,1765927033.773994,2025-12-16T23:17:13.773995+00:00
3161,1765927033.794862,2025-12-16T23:17:13.794867+00:00
3162,1765927033.8157508,2025-12-16T23:17:13.815753+00:00
3163,1765927033.835284,2025-12-16T23:17:13.835290+00:00
3164,1765927033.854196,2025-12-16T23:17:13.854200+00:00
3165,1765927033.8750799,2025-12-16T23:17:13.875081+00:00
3166,1765927033.892791,2025-12-16T23:17:13.892795+00:00
3167,1765927033.911722,2025-12-16T23:17:13.911728+00:00
3168,1765927033.932655,2025-12-16T23:17:13.932658+00:00
3169,1765927033.9535282,2025-12-16T23:17:13.953528+00:00
3170,1765927033.9732878,2025-12-16T23:17:13.973291+00:00
3171,1765927033.992867,2025-12-16T23:17:13.992870+00:00
3172,1765927034.011272,2025-12-16T23:17:14.011275+00:00
3173,1765927034.032018,2025-12-16T23:17:14.032024+00:00
3174,1765927034.0513458,2025-12-16T23:17:14.051349+00:00
3175,1765927034.0711381,2025-12-16T23:17:14.071142+00:00
3176,1765927034.092012,2025-12-16T23:17:14.092014+00:00
3177,1765927034.112232,2025-12-16T23:17:14.112236+00:00
3178,1765927034.133112,2025-12-16T23:17:14.133114+00:00
3179,1765927034.151962,2025-12-16T23:17:14.151967+00:00
3180,1765927034.1707258,2025-12-16T23:17:14.170729+00:00
3181,1765927034.1916502,2025-12-16T23:17:14.191653+00:00
3182,1765927034.210125,2025-12-16T23:17:14.210129+00:00
3183,1765927034.231135,2025-12-16T23:17:14.231138+00:00
3184,1765927034.251756,2025-12-16T23:17:14.251757+00:00
3185,1765927034.272626,2025-12-16T23:17:14.272630+00:00
3186,1765927034.291306,2025-12-16T23:17:14.291309+00:00
3187,1765927034.310697,2025-12-16T23:17:14.310698+00:00
3188,1765927034.330794,2025-12-16T23:17:14.330799+00:00
3189,1765927034.348789,2025-12-16T23:17:14.348791+00:00
3190,1765927034.368188,2025-12-16T23:17:14.368193+00:00
3191,1765927034.385761,2025-12-16T23:17:14.385765+00:00
3192,1765927034.40665,2025-12-16T23:17:14.406653+00:00
3193,1765927034.4269161,2025-12-16T23:17:14.426920+00:00
3194,1765927034.447799,2025-12-16T23:17:14.447801+00:00
3195,1765927034.468651,2025-12-16T23:17:14.468653+00:00
3196,1765927034.489503,2025-12-16T23:17:14.489503+00:00
3197,1765927034.509674,2025-12-16T23:17:14.509676+00:00
3198,1765927034.528654,2025-12-16T23:17:14.528659+00:00
3199,1765927034.5495691,2025-12-16T23:17:14.549570+00:00
3200,1765927034.566813,2025-12-16T23:17:14.566815+00:00
3201,1765927034.586856,2025-12-16T23:17:14.586857+00:00
3202,1765927034.607713,2025-12-16T23:17:14.607716+00:00
3203,1765927034.627289,2025-12-16T23:17:14.627298+00:00
3204,1765927034.645313,2025-12-16T23:17:14.645314+00:00
3205,1765927034.663518,2025-12-16T23:17:14.663520+00:00
3206,1765927034.683525,2025-12-16T23:17:14.683528+00:00
3207,1765927034.701505,2025-12-16T23:17:14.701509+00:00
3208,1765927034.718515,2025-12-16T23:17:14.718517+00:00
3209,1765927034.737306,2025-12-16T23:17:14.737308+00:00
3210,1765927034.758178,2025-12-16T23:17:14.758179+00:00
3211,1765927034.7790542,2025-12-16T23:17:14.779056+00:00
3212,1765927034.79873,2025-12-16T23:17:14.798733+00:00
3213,1765927034.818666,2025-12-16T23:17:14.818667+00:00
3214,1765927034.8375711,2025-12-16T23:17:14.837572+00:00
3215,1765927034.8583171,2025-12-16T23:17:14.858318+00:00
3216,1765927034.877013,2025-12-16T23:17:14.877016+00:00
3217,1765927034.896291,2025-12-16T23:17:14.896301+00:00
3218,1765927034.917224,2025-12-16T23:17:14.917229+00:00
3219,1765927034.934189,2025-12-16T23:17:14.934191+00:00
3220,1765927034.9566138,2025-12-16T23:17:14.956617+00:00
3221,1765927034.976588,2025-12-16T23:17:14.976593+00:00
3222,1765927034.9947698,2025-12-16T23:17:14.994775+00:00
3223,1765927035.0156622,2025-12-16T23:17:15.015666+00:00
3224,1765927035.036561,2025-12-16T23:17:15.036564+00:00
3225,1765927035.0537238,2025-12-16T23:17:15.053727+00:00
3226,1765927035.074613,2025-12-16T23:17:15.074615+00:00
3227,1765927035.094177,2025-12-16T23:17:15.094179+00:00
3228,1765927035.1126652,2025-12-16T23:17:15.112668+00:00
3229,1765927035.1315572,2025-12-16T23:17:15.131559+00:00
3230,1765927035.152069,2025-12-16T23:17:15.152073+00:00
3231,1765927035.172999,2025-12-16T23:17:15.173002+00:00
3232,1765927035.19361,2025-12-16T23:17:15.193612+00:00
3233,1765927035.2144902,2025-12-16T23:17:15.214495+00:00
3234,1765927035.235308,2025-12-16T23:17:15.235310+00:00
3235,1765927035.2561998,2025-12-16T23:17:15.256201+00:00
3236,1765927035.2770162,2025-12-16T23:17:15.277020+00:00
3237,1765927035.296531,2025-12-16T23:17:15.296532+00:00
3238,1765927035.315933,2025-12-16T23:17:15.315938+00:00
3239,1765927035.335391,2025-12-16T23:17:15.335395+00:00
3240,1765927035.3562791,2025-12-16T23:17:15.356281+00:00
3241,1765927035.3770702,2025-12-16T23:17:15.377071+00:00
3242,1765927035.394382,2025-12-16T23:17:15.394383+00:00
3243,1765927035.415254,2025-12-16T23:17:15.415261+00:00
3244,1765927035.435252,2025-12-16T23:17:15.435257+00:00
3245,1765927035.455482,2025-12-16T23:17:15.455486+00:00
3246,1765927035.475472,2025-12-16T23:17:15.475475+00:00
3247,1765927035.496114,2025-12-16T23:17:15.496119+00:00
3248,1765927035.5170171,2025-12-16T23:17:15.517022+00:00
3249,1765927035.534695,2025-12-16T23:17:15.534706+00:00
3250,1765927035.552026,2025-12-16T23:17:15.552030+00:00
3251,1765927035.5693078,2025-12-16T23:17:15.569323+00:00
3252,1765927035.590195,2025-12-16T23:17:15.590197+00:00
3253,1765927035.608554,2025-12-16T23:17:15.608558+00:00
3254,1765927035.627168,2025-12-16T23:17:15.627186+00:00
3255,1765927035.6473799,2025-12-16T23:17:15.647386+00:00
3256,1765927035.664259,2025-12-16T23:17:15.664264+00:00
3257,1765927035.683824,2025-12-16T23:17:15.683826+00:00
3258,1765927035.7020102,2025-12-16T23:17:15.702015+00:00
3259,1765927035.722913,2025-12-16T23:17:15.722917+00:00
3260,1765927035.743804,2025-12-16T23:17:15.743804+00:00
3261,1765927035.764661,2025-12-16T23:17:15.764664+00:00
3262,1765927035.785554,2025-12-16T23:17:15.785558+00:00
3263,1765927035.805019,2025-12-16T23:17:15.805023+00:00
3264,1765927035.824221,2025-12-16T23:17:15.824224+00:00
3265,1765927035.845153,2025-12-16T23:17:15.845157+00:00
3266,1765927035.866017,2025-12-16T23:17:15.866018+00:00
3267,1765927035.883092,2025-12-16T23:17:15.883093+00:00
3268,1765927035.9038038,2025-12-16T23:17:15.903809+00:00
3269,1765927035.9235358,2025-12-16T23:17:15.923545+00:00
3270,1765927035.94447,2025-12-16T23:17:15.944475+00:00
3271,1765927035.9626849,2025-12-16T23:17:15.962693+00:00
3272,1765927035.983575,2025-12-16T23:17:15.983577+00:00
3273,1765927036.003372,2025-12-16T23:17:16.003374+00:00
3274,1765927036.023433,2025-12-16T23:17:16.023437+00:00
3275,1765927036.043069,2025-12-16T23:17:16.043070+00:00
3276,1765927036.0639548,2025-12-16T23:17:16.063962+00:00
3277,1765927036.0833,2025-12-16T23:17:16.083302+00:00
3278,1765927036.104178,2025-12-16T23:17:16.104181+00:00
3279,1765927036.122862,2025-12-16T23:17:16.122863+00:00
3280,1765927036.1449459,2025-12-16T23:17:16.144951+00:00
3281,1765927036.166181,2025-12-16T23:17:16.166186+00:00
3282,1765927036.186728,2025-12-16T23:17:16.186732+00:00
3283,1765927036.203979,2025-12-16T23:17:16.203983+00:00
3284,1765927036.2212338,2025-12-16T23:17:16.221241+00:00
3285,1765927036.2421188,2025-12-16T23:17:16.242122+00:00
3286,1765927036.2605581,2025-12-16T23:17:16.260565+00:00
3287,1765927036.279147,2025-12-16T23:17:16.279150+00:00
3288,1765927036.2977622,2025-12-16T23:17:16.297765+00:00
3289,1765927036.315179,2025-12-16T23:17:16.315185+00:00
3290,1765927036.335217,2025-12-16T23:17:16.335222+00:00
3291,1765927036.356135,2025-12-16T23:17:16.356140+00:00
3292,1765927036.375469,2025-12-16T23:17:16.375476+00:00
3293,1765927036.39451,2025-12-16T23:17:16.394513+00:00
3294,1765927036.415489,2025-12-16T23:17:16.415497+00:00
3295,1765927036.433642,2025-12-16T23:17:16.433650+00:00
3296,1765927036.4512389,2025-12-16T23:17:16.451246+00:00
3297,1765927036.468471,2025-12-16T23:17:16.468475+00:00
3298,1765927036.489345,2025-12-16T23:17:16.489347+00:00
3299,1765927036.507168,2025-12-16T23:17:16.507173+00:00
3300,1765927036.5265229,2025-12-16T23:17:16.526529+00:00
3301,1765927036.547275,2025-12-16T23:17:16.547279+00:00
3302,1765927036.565974,2025-12-16T23:17:16.565981+00:00
3303,1765927036.5827808,2025-12-16T23:17:16.582785+00:00
3304,1765927036.6036658,2025-12-16T23:17:16.603669+00:00
3305,1765927036.624545,2025-12-16T23:17:16.624547+00:00
3306,1765927036.645765,2025-12-16T23:17:16.645770+00:00
3307,1765927036.664958,2025-12-16T23:17:16.664962+00:00
3308,1765927036.6846452,2025-12-16T23:17:16.684649+00:00
3309,1765927036.704913,2025-12-16T23:17:16.704924+00:00
3310,1765927036.72578,2025-12-16T23:17:16.725781+00:00
3311,1765927036.745381,2025-12-16T23:17:16.745382+00:00
3312,1765927036.7626848,2025-12-16T23:17:16.762690+00:00
3313,1765927036.7821598,2025-12-16T23:17:16.782161+00:00
3314,1765927036.80054,2025-12-16T23:17:16.800541+00:00
3315,1765927036.8211598,2025-12-16T23:17:16.821161+00:00
3316,1765927036.842029,2025-12-16T23:17:16.842034+00:00
3317,1765927036.862924,2025-12-16T23:17:16.862927+00:00
3318,1765927036.879841,2025-12-16T23:17:16.879845+00:00
3319,1765927036.900471,2025-12-16T23:17:16.900476+00:00
3320,1765927036.917772,2025-12-16T23:17:16.917776+00:00
3321,1765927036.9346728,2025-12-16T23:17:16.934679+00:00
3322,1765927036.951566,2025-12-16T23:17:16.951568+00:00
3323,1765927036.9708538,2025-12-16T23:17:16.970856+00:00
3324,1765927036.99158,2025-12-16T23:17:16.991581+00:00
3325,1765927037.009713,2025-12-16T23:17:17.009714+00:00
3326,1765927037.030605,2025-12-16T23:17:17.030610+00:00
3327,1765927037.051071,2025-12-16T23:17:17.051075+00:00
3328,1765927037.068,2025-12-16T23:17:17.068004+00:00
3329,1765927037.0849931,2025-12-16T23:17:17.084994+00:00
3330,1765927037.1052349,2025-12-16T23:17:17.105237+00:00
3331,1765927037.126115,2025-12-16T23:17:17.126116+00:00
3332,1765927037.146986,2025-12-16T23:17:17.146991+00:00
3333,1765927037.167354,2025-12-16T23:17:17.167356+00:00
3334,1765927037.1842592,2025-12-16T23:17:17.184262+00:00
3335,1765927037.202162,2025-12-16T23:17:17.202164+00:00
3336,1765927037.223037,2025-12-16T23:17:17.223041+00:00
3337,1765927037.242665,2025-12-16T23:17:17.242670+00:00
3338,1765927037.26051,2025-12-16T23:17:17.260514+00:00
3339,1765927037.279903,2025-12-16T23:17:17.279906+00:00
3340,1765927037.3007748,2025-12-16T23:17:17.300775+00:00
3341,1765927037.318544,2025-12-16T23:17:17.318555+00:00
3342,1765927037.339516,2025-12-16T23:17:17.339519+00:00
3343,1765927037.3603892,2025-12-16T23:17:17.360390+00:00
3344,1765927037.381262,2025-12-16T23:17:17.381266+00:00
3345,1765927037.3981519,2025-12-16T23:17:17.398153+00:00
3346,1765927037.4177861,2025-12-16T23:17:17.417819+00:00
3347,1765927037.435294,2025-12-16T23:17:17.435300+00:00
3348,1765927037.455831,2025-12-16T23:17:17.455832+00:00
3349,1765927037.476693,2025-12-16T23:17:17.476696+00:00
3350,1765927037.495471,2025-12-16T23:17:17.495474+00:00
3351,1765927037.516347,2025-12-16T23:17:17.516349+00:00
3352,1765927037.534663,2025-12-16T23:17:17.534666+00:00
3353,1765927037.5514581,2025-12-16T23:17:17.551462+00:00
3354,1765927037.5714612,2025-12-16T23:17:17.571463+00:00
3355,1765927037.5923269,2025-12-16T23:17:17.592328+00:00
3356,1765927037.610204,2025-12-16T23:17:17.610208+00:00
3357,1765927037.6297889,2025-12-16T23:17:17.629790+00:00
3358,1765927037.6487942,2025-12-16T23:17:17.648799+00:00
3359,1765927037.669711,2025-12-16T23:17:17.669714+00:00
3360,1765927037.6899571,2025-12-16T23:17:17.689960+00:00
3361,1765927037.7096078,2025-12-16T23:17:17.709615+00:00
3362,1765927037.7268429,2025-12-16T23:17:17.726849+00:00
3363,1765927037.747741,2025-12-16T23:17:17.747746+00:00
3364,1765927037.766413,2025-12-16T23:17:17.766420+00:00
3365,1765927037.787391,2025-12-16T23:17:17.787398+00:00
3366,1765927037.808722,2025-12-16T23:17:17.808736+00:00
3367,1765927037.8352242,2025-12-16T23:17:17.835227+00:00
3368,1765927037.854547,2025-12-16T23:17:17.854552+00:00
3369,1765927037.87265,2025-12-16T23:17:17.872654+00:00
3370,1765927037.893675,2025-12-16T23:17:17.893681+00:00
3371,1765927037.9110951,2025-12-16T23:17:17.911109+00:00
3372,1765927037.930945,2025-12-16T23:17:17.930956+00:00
3373,1765927037.951542,2025-12-16T23:17:17.951546+00:00
3374,1765927037.972425,2025-12-16T23:17:17.972429+00:00
3375,1765927037.9898582,2025-12-16T23:17:17.989863+00:00
3376,1765927038.010752,2025-12-16T23:17:18.010754+00:00
3377,1765927038.029678,2025-12-16T23:17:18.029686+00:00
3378,1765927038.0506291,2025-12-16T23:17:18.050636+00:00
3379,1765927038.0697758,2025-12-16T23:17:18.069856+00:00
3380,1765927038.087151,2025-12-16T23:17:18.087154+00:00
3381,1765927038.108048,2025-12-16T23:17:18.108052+00:00
3382,1765927038.125974,2025-12-16T23:17:18.125979+00:00
3383,1765927038.142911,2025-12-16T23:17:18.142914+00:00
3384,1765927038.163808,2025-12-16T23:17:18.163811+00:00
3385,1765927038.184712,2025-12-16T23:17:18.184714+00:00
3386,1765927038.2055738,2025-12-16T23:17:18.205575+00:00
3387,1765927038.226433,2025-12-16T23:17:18.226433+00:00
3388,1765927038.246325,2025-12-16T23:17:18.246328+00:00
3389,1765927038.26468,2025-12-16T23:17:18.264684+00:00
3390,1765927038.285575,2025-12-16T23:17:18.285579+00:00
3391,1765927038.3064718,2025-12-16T23:17:18.306475+00:00
3392,1765927038.3245592,2025-12-16T23:17:18.324561+00:00
3393,1765927038.3454452,2025-12-16T23:17:18.345448+00:00
3394,1765927038.364736,2025-12-16T23:17:18.364738+00:00
3395,1765927038.385313,2025-12-16T23:17:18.385321+00:00
3396,1765927038.406212,2025-12-16T23:17:18.406213+00:00
3397,1765927038.426247,2025-12-16T23:17:18.426263+00:00
3398,1765927038.447231,2025-12-16T23:17:18.447234+00:00
3399,1765927038.4648268,2025-12-16T23:17:18.464829+00:00
3400,1765927038.485204,2025-12-16T23:17:18.485208+00:00
3401,1765927038.502208,2025-12-16T23:17:18.502210+00:00
3402,1765927038.519177,2025-12-16T23:17:18.519180+00:00
3403,1765927038.540063,2025-12-16T23:17:18.540067+00:00
3404,1765927038.560979,2025-12-16T23:17:18.560982+00:00
3405,1765927038.57995,2025-12-16T23:17:18.579953+00:00
3406,1765927038.5978959,2025-12-16T23:17:18.597898+00:00
3407,1765927038.618507,2025-12-16T23:17:18.618512+00:00
3408,1765927038.635329,2025-12-16T23:17:18.635373+00:00
3409,1765927038.652255,2025-12-16T23:17:18.652256+00:00
3410,1765927038.6698968,2025-12-16T23:17:18.669904+00:00
3411,1765927038.6908019,2025-12-16T23:17:18.690805+00:00
3412,1765927038.7116811,2025-12-16T23:17:18.711685+00:00
3413,1765927038.730806,2025-12-16T23:17:18.730809+00:00
3414,1765927038.748615,2025-12-16T23:17:18.748618+00:00
3415,1765927038.768723,2025-12-16T23:17:18.768724+00:00
3416,1765927038.789386,2025-12-16T23:17:18.789389+00:00
3417,1765927038.810268,2025-12-16T23:17:18.810270+00:00
3418,1765927038.831161,2025-12-16T23:17:18.831165+00:00
3419,1765927038.8520682,2025-12-16T23:17:18.852070+00:00
3420,1765927038.871691,2025-12-16T23:17:18.871691+00:00
3421,1765927038.888712,2025-12-16T23:17:18.888715+00:00
3422,1765927038.9095721,2025-12-16T23:17:18.909573+00:00
3423,1765927038.93043,2025-12-16T23:17:18.930435+00:00
3424,1765927038.951311,2025-12-16T23:17:18.951330+00:00
3425,1765927038.971893,2025-12-16T23:17:18.971898+00:00
3426,1765927038.99279,2025-12-16T23:17:18.992792+00:00
3427,1765927039.0136452,2025-12-16T23:17:19.013646+00:00
3428,1765927039.034501,2025-12-16T23:17:19.034502+00:00
3429,1765927039.051723,2025-12-16T23:17:19.051724+00:00
3430,1765927039.072593,2025-12-16T23:17:19.072597+00:00
3431,1765927039.090892,2025-12-16T23:17:19.090896+00:00
3432,1765927039.110831,2025-12-16T23:17:19.110832+00:00
3433,1765927039.130441,2025-12-16T23:17:19.130443+00:00
3434,1765927039.147327,2025-12-16T23:17:19.147351+00:00
3435,1765927039.16825,2025-12-16T23:17:19.168262+00:00
3436,1765927039.189169,2025-12-16T23:17:19.189173+00:00
3437,1765927039.208802,2025-12-16T23:17:19.208804+00:00
3438,1765927039.226974,2025-12-16T23:17:19.226976+00:00
3439,1765927039.2478411,2025-12-16T23:17:19.247842+00:00
3440,1765927039.26854,2025-12-16T23:17:19.268543+00:00
3441,1765927039.289453,2025-12-16T23:17:19.289456+00:00
3442,1765927039.307488,2025-12-16T23:17:19.307492+00:00
3443,1765927039.326349,2025-12-16T23:17:19.326351+00:00
3444,1765927039.3452091,2025-12-16T23:17:19.345212+00:00
3445,1765927039.365386,2025-12-16T23:17:19.365391+00:00
3446,1765927039.384938,2025-12-16T23:17:19.384942+00:00
3447,1765927039.40345,2025-12-16T23:17:19.403451+00:00
3448,1765927039.4243069,2025-12-16T23:17:19.424310+00:00
3449,1765927039.442987,2025-12-16T23:17:19.442988+00:00
3450,1765927039.46122,2025-12-16T23:17:19.461223+00:00
3451,1765927039.4821079,2025-12-16T23:17:19.482110+00:00
3452,1765927039.5019789,2025-12-16T23:17:19.501979+00:00
3453,1765927039.522836,2025-12-16T23:17:19.522862+00:00
3454,1765927039.543089,2025-12-16T23:17:19.543097+00:00
3455,1765927039.564009,2025-12-16T23:17:19.564013+00:00
3456,1765927039.58115,2025-12-16T23:17:19.581154+00:00
3457,1765927039.599319,2025-12-16T23:17:19.599325+00:00
3458,1765927039.618665,2025-12-16T23:17:19.618672+00:00
3459,1765927039.638232,2025-12-16T23:17:19.638232+00:00
3460,1765927039.6590788,2025-12-16T23:17:19.659080+00:00
3461,1765927039.67994,2025-12-16T23:17:19.679942+00:00
3462,1765927039.7008178,2025-12-16T23:17:19.700821+00:00
3463,1765927039.7181492,2025-12-16T23:17:19.718151+00:00
3464,1765927039.735347,2025-12-16T23:17:19.735350+00:00
3465,1765927039.756236,2025-12-16T23:17:19.756236+00:00
3466,1765927039.7771032,2025-12-16T23:17:19.777108+00:00
3467,1765927039.798002,2025-12-16T23:17:19.798005+00:00
3468,1765927039.8153632,2025-12-16T23:17:19.815366+00:00
