frame_index,timestamp_unix,timestamp_iso
0,1765396824.0373912,2025-12-10T20:00:24.037395+00:00
1,1765396824.0582788,2025-12-10T20:00:24.058283+00:00
2,1765396824.079226,2025-12-10T20:00:24.079267+00:00
3,1765396824.10032,2025-12-10T20:00:24.100328+00:00
4,1765396824.119798,2025-12-10T20:00:24.119802+00:00
5,1765396824.140681,2025-12-10T20:00:24.140686+00:00
6,1765396824.16146,2025-12-10T20:00:24.161465+00:00
7,1765396824.182337,2025-12-10T20:00:24.182339+00:00
8,1765396824.2031941,2025-12-10T20:00:24.203195+00:00
9,1765396824.224056,2025-12-10T20:00:24.224060+00:00
10,1765396824.244842,2025-12-10T20:00:24.244854+00:00
11,1765396824.2637818,2025-12-10T20:00:24.263786+00:00
12,1765396824.283367,2025-12-10T20:00:24.283370+00:00
13,1765396824.3028412,2025-12-10T20:00:24.302843+00:00
14,1765396824.3237178,2025-12-10T20:00:24.323720+00:00
15,1765396824.344585,2025-12-10T20:00:24.344586+00:00
16,1765396824.3614678,2025-12-10T20:00:24.361470+00:00
17,1765396824.3805451,2025-12-10T20:00:24.380547+00:00
18,1765396824.401412,2025-12-10T20:00:24.401414+00:00
19,1765396824.4222772,2025-12-10T20:00:24.422278+00:00
20,1765396824.443156,2025-12-10T20:00:24.443164+00:00
21,1765396824.464073,2025-12-10T20:00:24.464080+00:00
22,1765396824.484224,2025-12-10T20:00:24.484233+00:00
23,1765396824.502551,2025-12-10T20:00:24.502556+00:00
24,1765396824.523371,2025-12-10T20:00:24.523380+00:00
25,1765396824.5442932,2025-12-10T20:00:24.544299+00:00
26,1765396824.565191,2025-12-10T20:00:24.565197+00:00
27,1765396824.5857348,2025-12-10T20:00:24.585739+00:00
28,1765396824.606624,2025-12-10T20:00:24.606628+00:00
29,1765396824.626761,2025-12-10T20:00:24.626770+00:00
30,1765396824.644137,2025-12-10T20:00:24.644169+00:00
31,1765396824.665062,2025-12-10T20:00:24.665072+00:00
32,1765396824.685992,2025-12-10T20:00:24.685997+00:00
33,1765396824.706883,2025-12-10T20:00:24.706886+00:00
34,1765396824.727746,2025-12-10T20:00:24.727749+00:00
35,1765396824.748619,2025-12-10T20:00:24.748620+00:00
36,1765396824.769482,2025-12-10T20:00:24.769485+00:00
37,1765396824.790356,2025-12-10T20:00:24.790360+00:00
38,1765396824.811241,2025-12-10T20:00:24.811285+00:00
39,1765396824.8295329,2025-12-10T20:00:24.829534+00:00
40,1765396824.85041,2025-12-10T20:00:24.850411+00:00
41,1765396824.86957,2025-12-10T20:00:24.869572+00:00
42,1765396824.890458,2025-12-10T20:00:24.890467+00:00
43,1765396824.908894,2025-12-10T20:00:24.908909+00:00
44,1765396824.927697,2025-12-10T20:00:24.927715+00:00
45,1765396824.945298,2025-12-10T20:00:24.945311+00:00
46,1765396824.963218,2025-12-10T20:00:24.963231+00:00
47,1765396824.983925,2025-12-10T20:00:24.983933+00:00
48,1765396825.00136,2025-12-10T20:00:25.001373+00:00
49,1765396825.0202382,2025-12-10T20:00:25.020268+00:00
50,1765396825.040975,2025-12-10T20:00:25.040986+00:00
51,1765396825.059662,2025-12-10T20:00:25.059672+00:00
52,1765396825.0803359,2025-12-10T20:00:25.080352+00:00
53,1765396825.100937,2025-12-10T20:00:25.100944+00:00
54,1765396825.121829,2025-12-10T20:00:25.121833+00:00
55,1765396825.1419241,2025-12-10T20:00:25.141933+00:00
56,1765396825.1607912,2025-12-10T20:00:25.160797+00:00
57,1765396825.1779141,2025-12-10T20:00:25.177925+00:00
58,1765396825.198814,2025-12-10T20:00:25.198821+00:00
59,1765396825.2186382,2025-12-10T20:00:25.218659+00:00
60,1765396825.237899,2025-12-10T20:00:25.237906+00:00
61,1765396825.25878,2025-12-10T20:00:25.258785+00:00
62,1765396825.279657,2025-12-10T20:00:25.279662+00:00
63,1765396825.300534,2025-12-10T20:00:25.300541+00:00
64,1765396825.322015,2025-12-10T20:00:25.322212+00:00
65,1765396825.339825,2025-12-10T20:00:25.339833+00:00
66,1765396825.357041,2025-12-10T20:00:25.357049+00:00
67,1765396825.3744938,2025-12-10T20:00:25.374522+00:00
68,1765396825.393569,2025-12-10T20:00:25.393581+00:00
69,1765396825.414003,2025-12-10T20:00:25.414024+00:00
70,1765396825.43437,2025-12-10T20:00:25.434379+00:00
71,1765396825.45212,2025-12-10T20:00:25.452129+00:00
72,1765396825.471091,2025-12-10T20:00:25.471097+00:00
73,1765396825.491989,2025-12-10T20:00:25.491997+00:00
74,1765396825.509511,2025-12-10T20:00:25.509516+00:00
75,1765396825.530027,2025-12-10T20:00:25.530032+00:00
76,1765396825.550912,2025-12-10T20:00:25.550918+00:00
77,1765396825.5689118,2025-12-10T20:00:25.568916+00:00
78,1765396825.589782,2025-12-10T20:00:25.589786+00:00
79,1765396825.610649,2025-12-10T20:00:25.610652+00:00
80,1765396825.631513,2025-12-10T20:00:25.631517+00:00
81,1765396825.6514392,2025-12-10T20:00:25.651442+00:00
82,1765396825.669041,2025-12-10T20:00:25.669047+00:00
83,1765396825.687525,2025-12-10T20:00:25.687527+00:00
84,1765396825.7083771,2025-12-10T20:00:25.708379+00:00
85,1765396825.7273479,2025-12-10T20:00:25.727354+00:00
86,1765396825.748221,2025-12-10T20:00:25.748228+00:00
87,1765396825.769116,2025-12-10T20:00:25.769121+00:00
88,1765396825.7899919,2025-12-10T20:00:25.789999+00:00
89,1765396825.808664,2025-12-10T20:00:25.808668+00:00
90,1765396825.829535,2025-12-10T20:00:25.829539+00:00
91,1765396825.850402,2025-12-10T20:00:25.850407+00:00
92,1765396825.86956,2025-12-10T20:00:25.869567+00:00
93,1765396825.890476,2025-12-10T20:00:25.890485+00:00
94,1765396825.911289,2025-12-10T20:00:25.911292+00:00
95,1765396825.930518,2025-12-10T20:00:25.930524+00:00
96,1765396825.948995,2025-12-10T20:00:25.949001+00:00
97,1765396825.965864,2025-12-10T20:00:25.965870+00:00
98,1765396825.98678,2025-12-10T20:00:25.986790+00:00
99,1765396826.007252,2025-12-10T20:00:26.007258+00:00
100,1765396826.028073,2025-12-10T20:00:26.028079+00:00
101,1765396826.048419,2025-12-10T20:00:26.048427+00:00
102,1765396826.0693262,2025-12-10T20:00:26.069333+00:00
103,1765396826.0888221,2025-12-10T20:00:26.088833+00:00
104,1765396826.108363,2025-12-10T20:00:26.108371+00:00
105,1765396826.129271,2025-12-10T20:00:26.129277+00:00
106,1765396826.1487858,2025-12-10T20:00:26.148799+00:00
107,1765396826.167222,2025-12-10T20:00:26.167227+00:00
108,1765396826.1881359,2025-12-10T20:00:26.188138+00:00
109,1765396826.206969,2025-12-10T20:00:26.206972+00:00
110,1765396826.227853,2025-12-10T20:00:26.227855+00:00
111,1765396826.245066,2025-12-10T20:00:26.245067+00:00
112,1765396826.262859,2025-12-10T20:00:26.262865+00:00
113,1765396826.282799,2025-12-10T20:00:26.282807+00:00
114,1765396826.301457,2025-12-10T20:00:26.301460+00:00
115,1765396826.3788009,2025-12-10T20:00:26.379219+00:00
116,1765396826.39946,2025-12-10T20:00:26.399469+00:00
117,1765396826.424148,2025-12-10T20:00:26.424157+00:00
118,1765396826.4435341,2025-12-10T20:00:26.443542+00:00
119,1765396826.460963,2025-12-10T20:00:26.460970+00:00
120,1765396826.481847,2025-12-10T20:00:26.481855+00:00
121,1765396826.502752,2025-12-10T20:00:26.502757+00:00
122,1765396826.523388,2025-12-10T20:00:26.523394+00:00
123,1765396826.541481,2025-12-10T20:00:26.541487+00:00
124,1765396826.560029,2025-12-10T20:00:26.560050+00:00
125,1765396826.5777228,2025-12-10T20:00:26.577729+00:00
126,1765396826.5982878,2025-12-10T20:00:26.598298+00:00
127,1765396826.6192021,2025-12-10T20:00:26.619207+00:00
128,1765396826.640092,2025-12-10T20:00:26.640096+00:00
129,1765396826.6609678,2025-12-10T20:00:26.660976+00:00
130,1765396826.6808178,2025-12-10T20:00:26.680832+00:00
131,1765396826.698048,2025-12-10T20:00:26.698056+00:00
132,1765396826.715619,2025-12-10T20:00:26.715623+00:00
133,1765396826.736483,2025-12-10T20:00:26.736487+00:00
134,1765396826.757349,2025-12-10T20:00:26.757353+00:00
135,1765396826.775639,2025-12-10T20:00:26.775643+00:00
136,1765396826.796185,2025-12-10T20:00:26.796189+00:00
137,1765396826.81449,2025-12-10T20:00:26.814495+00:00
138,1765396826.835391,2025-12-10T20:00:26.835394+00:00
139,1765396826.856259,2025-12-10T20:00:26.856261+00:00
140,1765396826.8765671,2025-12-10T20:00:26.876570+00:00
141,1765396826.897442,2025-12-10T20:00:26.897445+00:00
142,1765396826.918269,2025-12-10T20:00:26.918278+00:00
143,1765396826.9355588,2025-12-10T20:00:26.935565+00:00
144,1765396826.955898,2025-12-10T20:00:26.955902+00:00
145,1765396826.976794,2025-12-10T20:00:26.976806+00:00
146,1765396826.9979289,2025-12-10T20:00:26.997942+00:00
147,1765396827.01551,2025-12-10T20:00:27.015520+00:00
148,1765396827.0349598,2025-12-10T20:00:27.034968+00:00
149,1765396827.054237,2025-12-10T20:00:27.054299+00:00
150,1765396827.0722291,2025-12-10T20:00:27.072237+00:00
151,1765396827.093131,2025-12-10T20:00:27.093138+00:00
152,1765396827.113062,2025-12-10T20:00:27.113068+00:00
153,1765396827.131239,2025-12-10T20:00:27.131243+00:00
154,1765396827.152116,2025-12-10T20:00:27.152120+00:00
155,1765396827.1729972,2025-12-10T20:00:27.172999+00:00
156,1765396827.191087,2025-12-10T20:00:27.191090+00:00
157,1765396827.211956,2025-12-10T20:00:27.211957+00:00
158,1765396827.2310221,2025-12-10T20:00:27.231025+00:00
159,1765396827.2510998,2025-12-10T20:00:27.251104+00:00
160,1765396827.2696588,2025-12-10T20:00:27.269666+00:00
161,1765396827.289365,2025-12-10T20:00:27.289369+00:00
162,1765396827.310226,2025-12-10T20:00:27.310228+00:00
163,1765396827.3297122,2025-12-10T20:00:27.329717+00:00
164,1765396827.3505862,2025-12-10T20:00:27.350590+00:00
165,1765396827.3714712,2025-12-10T20:00:27.371477+00:00
166,1765396827.388886,2025-12-10T20:00:27.388889+00:00
167,1765396827.407312,2025-12-10T20:00:27.407315+00:00
168,1765396827.4283142,2025-12-10T20:00:27.428323+00:00
169,1765396827.448112,2025-12-10T20:00:27.448117+00:00
170,1765396827.4661498,2025-12-10T20:00:27.466154+00:00
171,1765396827.487027,2025-12-10T20:00:27.487034+00:00
172,1765396827.5079198,2025-12-10T20:00:27.507923+00:00
173,1765396827.5259788,2025-12-10T20:00:27.525983+00:00
174,1765396827.543316,2025-12-10T20:00:27.543318+00:00
175,1765396827.561993,2025-12-10T20:00:27.562006+00:00
176,1765396827.5828962,2025-12-10T20:00:27.582898+00:00
177,1765396827.602324,2025-12-10T20:00:27.602326+00:00
178,1765396827.623185,2025-12-10T20:00:27.623187+00:00
179,1765396827.6433449,2025-12-10T20:00:27.643349+00:00
180,1765396827.663996,2025-12-10T20:00:27.664004+00:00
181,1765396827.683648,2025-12-10T20:00:27.683651+00:00
182,1765396827.704522,2025-12-10T20:00:27.704524+00:00
183,1765396827.7230232,2025-12-10T20:00:27.723025+00:00
184,1765396827.7439559,2025-12-10T20:00:27.743958+00:00
185,1765396827.764821,2025-12-10T20:00:27.764822+00:00
186,1765396827.785683,2025-12-10T20:00:27.785690+00:00
187,1765396827.8065972,2025-12-10T20:00:27.806600+00:00
188,1765396827.827462,2025-12-10T20:00:27.827464+00:00
189,1765396827.8463948,2025-12-10T20:00:27.846397+00:00
190,1765396827.864052,2025-12-10T20:00:27.864055+00:00
191,1765396827.881124,2025-12-10T20:00:27.881127+00:00
192,1765396827.899847,2025-12-10T20:00:27.899862+00:00
193,1765396827.918921,2025-12-10T20:00:27.918931+00:00
194,1765396827.939583,2025-12-10T20:00:27.939588+00:00
195,1765396827.959701,2025-12-10T20:00:27.959705+00:00
196,1765396827.9780219,2025-12-10T20:00:27.978024+00:00
197,1765396827.9959848,2025-12-10T20:00:27.995988+00:00
198,1765396828.015668,2025-12-10T20:00:28.015671+00:00
199,1765396828.03526,2025-12-10T20:00:28.035264+00:00
200,1765396828.0561411,2025-12-10T20:00:28.056144+00:00
201,1765396828.077016,2025-12-10T20:00:28.077018+00:00
202,1765396828.097881,2025-12-10T20:00:28.097882+00:00
203,1765396828.1187289,2025-12-10T20:00:28.118731+00:00
204,1765396828.135516,2025-12-10T20:00:28.135518+00:00
205,1765396828.1563678,2025-12-10T20:00:28.156369+00:00
206,1765396828.175925,2025-12-10T20:00:28.175927+00:00
207,1765396828.1943538,2025-12-10T20:00:28.194363+00:00
208,1765396828.215204,2025-12-10T20:00:28.215207+00:00
209,1765396828.232278,2025-12-10T20:00:28.232282+00:00
210,1765396828.2531571,2025-12-10T20:00:28.253159+00:00
211,1765396828.273449,2025-12-10T20:00:28.273451+00:00
212,1765396828.2942998,2025-12-10T20:00:28.294301+00:00
213,1765396828.314067,2025-12-10T20:00:28.314074+00:00
214,1765396828.334975,2025-12-10T20:00:28.334981+00:00
215,1765396828.3558662,2025-12-10T20:00:28.355870+00:00
216,1765396828.373322,2025-12-10T20:00:28.373332+00:00
217,1765396828.394237,2025-12-10T20:00:28.394242+00:00
218,1765396828.4148211,2025-12-10T20:00:28.414826+00:00
219,1765396828.432665,2025-12-10T20:00:28.432674+00:00
220,1765396828.452387,2025-12-10T20:00:28.452468+00:00
221,1765396828.4730911,2025-12-10T20:00:28.473131+00:00
222,1765396828.499872,2025-12-10T20:00:28.499889+00:00
223,1765396828.535558,2025-12-10T20:00:28.535566+00:00
224,1765396828.575697,2025-12-10T20:00:28.575705+00:00
225,1765396828.600846,2025-12-10T20:00:28.600852+00:00
226,1765396828.61935,2025-12-10T20:00:28.619359+00:00
227,1765396828.641531,2025-12-10T20:00:28.641536+00:00
228,1765396828.6637282,2025-12-10T20:00:28.663734+00:00
229,1765396828.681653,2025-12-10T20:00:28.681660+00:00
230,1765396828.6985831,2025-12-10T20:00:28.698590+00:00
231,1765396828.7197142,2025-12-10T20:00:28.722095+00:00
232,1765396828.740321,2025-12-10T20:00:28.740326+00:00
233,1765396828.765515,2025-12-10T20:00:28.765521+00:00
234,1765396828.799586,2025-12-10T20:00:28.799591+00:00
235,1765396828.820656,2025-12-10T20:00:28.820866+00:00
236,1765396828.843798,2025-12-10T20:00:28.843806+00:00
237,1765396828.863698,2025-12-10T20:00:28.863705+00:00
238,1765396828.885539,2025-12-10T20:00:28.885546+00:00
239,1765396828.9043891,2025-12-10T20:00:28.904399+00:00
240,1765396828.9239302,2025-12-10T20:00:28.923936+00:00
241,1765396828.944821,2025-12-10T20:00:28.944826+00:00
242,1765396828.962183,2025-12-10T20:00:28.962185+00:00
243,1765396828.982292,2025-12-10T20:00:28.982298+00:00
244,1765396829.001893,2025-12-10T20:00:29.001897+00:00
245,1765396829.022773,2025-12-10T20:00:29.022776+00:00
246,1765396829.043664,2025-12-10T20:00:29.043667+00:00
247,1765396829.06454,2025-12-10T20:00:29.064543+00:00
248,1765396829.082906,2025-12-10T20:00:29.082908+00:00
249,1765396829.10378,2025-12-10T20:00:29.103786+00:00
250,1765396829.123443,2025-12-10T20:00:29.123445+00:00
251,1765396829.140618,2025-12-10T20:00:29.140630+00:00
252,1765396829.161518,2025-12-10T20:00:29.161521+00:00
253,1765396829.182286,2025-12-10T20:00:29.182291+00:00
254,1765396829.201913,2025-12-10T20:00:29.201915+00:00
255,1765396829.2227871,2025-12-10T20:00:29.222791+00:00
256,1765396829.240617,2025-12-10T20:00:29.240622+00:00
257,1765396829.261536,2025-12-10T20:00:29.261538+00:00
258,1765396829.282412,2025-12-10T20:00:29.282412+00:00
259,1765396829.303255,2025-12-10T20:00:29.303256+00:00
260,1765396829.323956,2025-12-10T20:00:29.323959+00:00
261,1765396829.344824,2025-12-10T20:00:29.344825+00:00
262,1765396829.365608,2025-12-10T20:00:29.365609+00:00
263,1765396829.386473,2025-12-10T20:00:29.386477+00:00
264,1765396829.407368,2025-12-10T20:00:29.407374+00:00
265,1765396829.424154,2025-12-10T20:00:29.424160+00:00
266,1765396829.443937,2025-12-10T20:00:29.443947+00:00
267,1765396829.4611928,2025-12-10T20:00:29.461198+00:00
268,1765396829.4792042,2025-12-10T20:00:29.479205+00:00
269,1765396829.498956,2025-12-10T20:00:29.498958+00:00
270,1765396829.516027,2025-12-10T20:00:29.516031+00:00
271,1765396829.535241,2025-12-10T20:00:29.535243+00:00
272,1765396829.556104,2025-12-10T20:00:29.556105+00:00
273,1765396829.574013,2025-12-10T20:00:29.574014+00:00
274,1765396829.594869,2025-12-10T20:00:29.594871+00:00
275,1765396829.612677,2025-12-10T20:00:29.612684+00:00
276,1765396829.633582,2025-12-10T20:00:29.633586+00:00
277,1765396829.654489,2025-12-10T20:00:29.654490+00:00
278,1765396829.6753469,2025-12-10T20:00:29.675353+00:00
279,1765396829.695026,2025-12-10T20:00:29.695029+00:00
280,1765396829.712235,2025-12-10T20:00:29.712240+00:00
281,1765396829.7311401,2025-12-10T20:00:29.731141+00:00
282,1765396829.751998,2025-12-10T20:00:29.752001+00:00
283,1765396829.772876,2025-12-10T20:00:29.772881+00:00
284,1765396829.792803,2025-12-10T20:00:29.792805+00:00
285,1765396829.813654,2025-12-10T20:00:29.813655+00:00
286,1765396829.833896,2025-12-10T20:00:29.833897+00:00
287,1765396829.852434,2025-12-10T20:00:29.852439+00:00
288,1765396829.8733141,2025-12-10T20:00:29.873315+00:00
289,1765396829.8927228,2025-12-10T20:00:29.892726+00:00
290,1765396829.9099,2025-12-10T20:00:29.909908+00:00
291,1765396829.931099,2025-12-10T20:00:29.931106+00:00
292,1765396829.949007,2025-12-10T20:00:29.949009+00:00
293,1765396829.9699461,2025-12-10T20:00:29.969952+00:00
294,1765396829.988132,2025-12-10T20:00:29.988136+00:00
295,1765396830.007342,2025-12-10T20:00:30.007346+00:00
296,1765396830.02594,2025-12-10T20:00:30.025942+00:00
297,1765396830.046804,2025-12-10T20:00:30.046805+00:00
298,1765396830.065685,2025-12-10T20:00:30.065688+00:00
299,1765396830.086549,2025-12-10T20:00:30.086549+00:00
300,1765396830.1046112,2025-12-10T20:00:30.104612+00:00
301,1765396830.124032,2025-12-10T20:00:30.124034+00:00
302,1765396830.142508,2025-12-10T20:00:30.142510+00:00
303,1765396830.163378,2025-12-10T20:00:30.163380+00:00
304,1765396830.1826618,2025-12-10T20:00:30.182663+00:00
305,1765396830.20268,2025-12-10T20:00:30.202682+00:00
306,1765396830.2222059,2025-12-10T20:00:30.222208+00:00
307,1765396830.240384,2025-12-10T20:00:30.240390+00:00
308,1765396830.261298,2025-12-10T20:00:30.261310+00:00
309,1765396830.2812412,2025-12-10T20:00:30.281242+00:00
310,1765396830.300782,2025-12-10T20:00:30.300786+00:00
311,1765396830.3216739,2025-12-10T20:00:30.321675+00:00
312,1765396830.341295,2025-12-10T20:00:30.341302+00:00
313,1765396830.362199,2025-12-10T20:00:30.362203+00:00
314,1765396830.38308,2025-12-10T20:00:30.383083+00:00
315,1765396830.4013739,2025-12-10T20:00:30.401379+00:00
316,1765396830.42227,2025-12-10T20:00:30.422278+00:00
317,1765396830.4395578,2025-12-10T20:00:30.439567+00:00
318,1765396830.456366,2025-12-10T20:00:30.456371+00:00
319,1765396830.4772558,2025-12-10T20:00:30.477259+00:00
320,1765396830.4955242,2025-12-10T20:00:30.495525+00:00
321,1765396830.513196,2025-12-10T20:00:30.513198+00:00
322,1765396830.531248,2025-12-10T20:00:30.531249+00:00
323,1765396830.552091,2025-12-10T20:00:30.552092+00:00
324,1765396830.572886,2025-12-10T20:00:30.572897+00:00
325,1765396830.592389,2025-12-10T20:00:30.592390+00:00
326,1765396830.609258,2025-12-10T20:00:30.609261+00:00
327,1765396830.627912,2025-12-10T20:00:30.627916+00:00
328,1765396830.648792,2025-12-10T20:00:30.648797+00:00
329,1765396830.669677,2025-12-10T20:00:30.669679+00:00
330,1765396830.686765,2025-12-10T20:00:30.686768+00:00
331,1765396830.706383,2025-12-10T20:00:30.706384+00:00
332,1765396830.7272298,2025-12-10T20:00:30.727231+00:00
333,1765396830.7476768,2025-12-10T20:00:30.747682+00:00
334,1765396830.768575,2025-12-10T20:00:30.768578+00:00
335,1765396830.7894442,2025-12-10T20:00:30.789445+00:00
336,1765396830.8103292,2025-12-10T20:00:30.810369+00:00
337,1765396830.831257,2025-12-10T20:00:30.831264+00:00
338,1765396830.851601,2025-12-10T20:00:30.851607+00:00
339,1765396830.8705852,2025-12-10T20:00:30.870590+00:00
340,1765396830.8907928,2025-12-10T20:00:30.890800+00:00
341,1765396830.9081368,2025-12-10T20:00:30.908143+00:00
342,1765396830.92685,2025-12-10T20:00:30.926859+00:00
343,1765396830.94416,2025-12-10T20:00:30.944168+00:00
344,1765396830.964751,2025-12-10T20:00:30.964757+00:00
345,1765396830.9823601,2025-12-10T20:00:30.982372+00:00
346,1765396831.001612,2025-12-10T20:00:31.001619+00:00
347,1765396831.020812,2025-12-10T20:00:31.020817+00:00
348,1765396831.040685,2025-12-10T20:00:31.040687+00:00
349,1765396831.06111,2025-12-10T20:00:31.061111+00:00
350,1765396831.081072,2025-12-10T20:00:31.081077+00:00
351,1765396831.101312,2025-12-10T20:00:31.101318+00:00
352,1765396831.1222038,2025-12-10T20:00:31.122209+00:00
353,1765396831.142868,2025-12-10T20:00:31.142874+00:00
354,1765396831.1608121,2025-12-10T20:00:31.160817+00:00
355,1765396831.181694,2025-12-10T20:00:31.181701+00:00
356,1765396831.200983,2025-12-10T20:00:31.200990+00:00
357,1765396831.221884,2025-12-10T20:00:31.221888+00:00
358,1765396831.239042,2025-12-10T20:00:31.239049+00:00
359,1765396831.2600021,2025-12-10T20:00:31.260012+00:00
360,1765396831.280905,2025-12-10T20:00:31.280910+00:00
361,1765396831.301538,2025-12-10T20:00:31.301548+00:00
362,1765396831.322437,2025-12-10T20:00:31.322441+00:00
363,1765396831.3408341,2025-12-10T20:00:31.340836+00:00
364,1765396831.35951,2025-12-10T20:00:31.359511+00:00
365,1765396831.379992,2025-12-10T20:00:31.379994+00:00
366,1765396831.3983328,2025-12-10T20:00:31.398336+00:00
367,1765396831.419211,2025-12-10T20:00:31.419219+00:00
368,1765396831.440056,2025-12-10T20:00:31.440062+00:00
369,1765396831.457409,2025-12-10T20:00:31.457415+00:00
370,1765396831.475004,2025-12-10T20:00:31.475009+00:00
371,1765396831.495511,2025-12-10T20:00:31.495514+00:00
372,1765396831.515666,2025-12-10T20:00:31.515704+00:00
373,1765396831.533689,2025-12-10T20:00:31.533692+00:00
374,1765396831.554104,2025-12-10T20:00:31.554106+00:00
375,1765396831.574964,2025-12-10T20:00:31.574968+00:00
376,1765396831.5958452,2025-12-10T20:00:31.595848+00:00
377,1765396831.612847,2025-12-10T20:00:31.612848+00:00
378,1765396831.6323252,2025-12-10T20:00:31.632326+00:00
379,1765396831.6490638,2025-12-10T20:00:31.649065+00:00
380,1765396831.6699278,2025-12-10T20:00:31.669933+00:00
381,1765396831.687079,2025-12-10T20:00:31.687086+00:00
382,1765396831.707969,2025-12-10T20:00:31.707972+00:00
383,1765396831.728838,2025-12-10T20:00:31.728845+00:00
384,1765396831.7479758,2025-12-10T20:00:31.747983+00:00
385,1765396831.768865,2025-12-10T20:00:31.768867+00:00
386,1765396831.7898188,2025-12-10T20:00:31.789911+00:00
387,1765396831.807111,2025-12-10T20:00:31.807115+00:00
388,1765396831.8243961,2025-12-10T20:00:31.824399+00:00
389,1765396831.845262,2025-12-10T20:00:31.845266+00:00
390,1765396831.862127,2025-12-10T20:00:31.862135+00:00
391,1765396831.882999,2025-12-10T20:00:31.883001+00:00
392,1765396831.903866,2025-12-10T20:00:31.903914+00:00
393,1765396831.921653,2025-12-10T20:00:31.921655+00:00
394,1765396831.941494,2025-12-10T20:00:31.941502+00:00
395,1765396831.961233,2025-12-10T20:00:31.961239+00:00
396,1765396831.980416,2025-12-10T20:00:31.980422+00:00
397,1765396832.001312,2025-12-10T20:00:32.001317+00:00
398,1765396832.0221922,2025-12-10T20:00:32.022195+00:00
399,1765396832.0406988,2025-12-10T20:00:32.040701+00:00
400,1765396832.0615401,2025-12-10T20:00:32.061543+00:00
401,1765396832.079655,2025-12-10T20:00:32.079656+00:00
402,1765396832.100508,2025-12-10T20:00:32.100510+00:00
403,1765396832.1193678,2025-12-10T20:00:32.119370+00:00
404,1765396832.139137,2025-12-10T20:00:32.139137+00:00
405,1765396832.160017,2025-12-10T20:00:32.160023+00:00
406,1765396832.1792471,2025-12-10T20:00:32.179251+00:00
407,1765396832.2001212,2025-12-10T20:00:32.200124+00:00
408,1765396832.218839,2025-12-10T20:00:32.218843+00:00
409,1765396832.2397141,2025-12-10T20:00:32.239716+00:00
410,1765396832.257313,2025-12-10T20:00:32.257316+00:00
411,1765396832.278186,2025-12-10T20:00:32.278188+00:00
412,1765396832.2990541,2025-12-10T20:00:32.299057+00:00
413,1765396832.319937,2025-12-10T20:00:32.319945+00:00
414,1765396832.3408399,2025-12-10T20:00:32.340845+00:00
415,1765396832.3581681,2025-12-10T20:00:32.358171+00:00
416,1765396832.379049,2025-12-10T20:00:32.379053+00:00
417,1765396832.398874,2025-12-10T20:00:32.398880+00:00
418,1765396832.4198,2025-12-10T20:00:32.419808+00:00
419,1765396832.4374552,2025-12-10T20:00:32.437459+00:00
420,1765396832.457352,2025-12-10T20:00:32.457354+00:00
421,1765396832.478199,2025-12-10T20:00:32.478202+00:00
422,1765396832.496115,2025-12-10T20:00:32.496117+00:00
423,1765396832.513352,2025-12-10T20:00:32.513357+00:00
424,1765396832.532207,2025-12-10T20:00:32.532211+00:00
425,1765396832.551604,2025-12-10T20:00:32.551608+00:00
426,1765396832.568595,2025-12-10T20:00:32.568596+00:00
427,1765396832.587029,2025-12-10T20:00:32.587034+00:00
428,1765396832.607153,2025-12-10T20:00:32.607161+00:00
429,1765396832.628103,2025-12-10T20:00:32.628110+00:00
430,1765396832.6487832,2025-12-10T20:00:32.648787+00:00
431,1765396832.6696599,2025-12-10T20:00:32.669662+00:00
432,1765396832.690552,2025-12-10T20:00:32.690567+00:00
433,1765396832.708408,2025-12-10T20:00:32.708411+00:00
434,1765396832.729271,2025-12-10T20:00:32.729274+00:00
435,1765396832.7487109,2025-12-10T20:00:32.748715+00:00
436,1765396832.7696059,2025-12-10T20:00:32.769615+00:00
437,1765396832.7903621,2025-12-10T20:00:32.790386+00:00
438,1765396832.8112519,2025-12-10T20:00:32.811255+00:00
439,1765396832.8321128,2025-12-10T20:00:32.832116+00:00
440,1765396832.8539479,2025-12-10T20:00:32.853955+00:00
441,1765396832.8741682,2025-12-10T20:00:32.874170+00:00
442,1765396832.8920572,2025-12-10T20:00:32.892060+00:00
443,1765396832.91311,2025-12-10T20:00:32.913117+00:00
444,1765396832.9334762,2025-12-10T20:00:32.933484+00:00
445,1765396832.9511948,2025-12-10T20:00:32.951200+00:00
446,1765396832.971276,2025-12-10T20:00:32.971283+00:00
447,1765396832.992168,2025-12-10T20:00:32.992172+00:00
448,1765396833.0104582,2025-12-10T20:00:33.010462+00:00
449,1765396833.030506,2025-12-10T20:00:33.030512+00:00
450,1765396833.047374,2025-12-10T20:00:33.047403+00:00
451,1765396833.068353,2025-12-10T20:00:33.068357+00:00
452,1765396833.086998,2025-12-10T20:00:33.087004+00:00
453,1765396833.104727,2025-12-10T20:00:33.104735+00:00
454,1765396833.1256561,2025-12-10T20:00:33.125662+00:00
455,1765396833.143036,2025-12-10T20:00:33.143038+00:00
456,1765396833.163902,2025-12-10T20:00:33.163906+00:00
457,1765396833.181665,2025-12-10T20:00:33.181667+00:00
458,1765396833.200442,2025-12-10T20:00:33.200447+00:00
459,1765396833.2193348,2025-12-10T20:00:33.219340+00:00
460,1765396833.240064,2025-12-10T20:00:33.240070+00:00
461,1765396833.260944,2025-12-10T20:00:33.260945+00:00
462,1765396833.2816908,2025-12-10T20:00:33.281695+00:00
463,1765396833.302111,2025-12-10T20:00:33.302129+00:00
464,1765396833.320535,2025-12-10T20:00:33.320543+00:00
465,1765396833.340629,2025-12-10T20:00:33.340636+00:00
466,1765396833.361511,2025-12-10T20:00:33.361514+00:00
467,1765396833.3823879,2025-12-10T20:00:33.382394+00:00
468,1765396833.403287,2025-12-10T20:00:33.403293+00:00
469,1765396833.424195,2025-12-10T20:00:33.424206+00:00
470,1765396833.441823,2025-12-10T20:00:33.441828+00:00
471,1765396833.460609,2025-12-10T20:00:33.460615+00:00
472,1765396833.481492,2025-12-10T20:00:33.481494+00:00
473,1765396833.502398,2025-12-10T20:00:33.502404+00:00
474,1765396833.5233111,2025-12-10T20:00:33.523318+00:00
475,1765396833.5441961,2025-12-10T20:00:33.544196+00:00
476,1765396833.565013,2025-12-10T20:00:33.565027+00:00
477,1765396833.585887,2025-12-10T20:00:33.585892+00:00
478,1765396833.606774,2025-12-10T20:00:33.606776+00:00
479,1765396833.627635,2025-12-10T20:00:33.627640+00:00
480,1765396833.6458151,2025-12-10T20:00:33.645817+00:00
481,1765396833.663933,2025-12-10T20:00:33.663944+00:00
482,1765396833.681456,2025-12-10T20:00:33.681471+00:00
483,1765396833.698851,2025-12-10T20:00:33.698861+00:00
484,1765396833.719976,2025-12-10T20:00:33.719984+00:00
485,1765396833.740881,2025-12-10T20:00:33.740891+00:00
486,1765396833.761128,2025-12-10T20:00:33.761138+00:00
487,1765396833.782054,2025-12-10T20:00:33.782062+00:00
488,1765396833.799007,2025-12-10T20:00:33.799015+00:00
489,1765396833.819925,2025-12-10T20:00:33.819941+00:00
490,1765396833.840845,2025-12-10T20:00:33.840849+00:00
491,1765396833.8617191,2025-12-10T20:00:33.861725+00:00
492,1765396833.881453,2025-12-10T20:00:33.881466+00:00
493,1765396833.898975,2025-12-10T20:00:33.899007+00:00
494,1765396833.91988,2025-12-10T20:00:33.919887+00:00
495,1765396833.940722,2025-12-10T20:00:33.940736+00:00
496,1765396833.958851,2025-12-10T20:00:33.958864+00:00
497,1765396833.978996,2025-12-10T20:00:33.979000+00:00
498,1765396833.999103,2025-12-10T20:00:33.999106+00:00
499,1765396834.019427,2025-12-10T20:00:34.019429+00:00
500,1765396834.040289,2025-12-10T20:00:34.040298+00:00
501,1765396834.057457,2025-12-10T20:00:34.057463+00:00
502,1765396834.078345,2025-12-10T20:00:34.078356+00:00
503,1765396834.0983171,2025-12-10T20:00:34.098322+00:00
504,1765396834.116975,2025-12-10T20:00:34.116981+00:00
505,1765396834.137888,2025-12-10T20:00:34.137895+00:00
506,1765396834.15732,2025-12-10T20:00:34.157333+00:00
507,1765396834.176507,2025-12-10T20:00:34.176513+00:00
508,1765396834.1934311,2025-12-10T20:00:34.193442+00:00
509,1765396834.2143621,2025-12-10T20:00:34.214371+00:00
510,1765396834.235276,2025-12-10T20:00:34.235282+00:00
511,1765396834.2561762,2025-12-10T20:00:34.256181+00:00
512,1765396834.273288,2025-12-10T20:00:34.273300+00:00
513,1765396834.290254,2025-12-10T20:00:34.290256+00:00
514,1765396834.311119,2025-12-10T20:00:34.311122+00:00
515,1765396834.3302999,2025-12-10T20:00:34.330307+00:00
516,1765396834.348974,2025-12-10T20:00:34.348978+00:00
517,1765396834.3699698,2025-12-10T20:00:34.369975+00:00
518,1765396834.390529,2025-12-10T20:00:34.390551+00:00
519,1765396834.4114418,2025-12-10T20:00:34.411447+00:00
520,1765396834.432341,2025-12-10T20:00:34.432362+00:00
521,1765396834.453237,2025-12-10T20:00:34.453243+00:00
522,1765396834.474045,2025-12-10T20:00:34.474059+00:00
523,1765396834.492194,2025-12-10T20:00:34.492200+00:00
524,1765396834.512308,2025-12-10T20:00:34.512312+00:00
525,1765396834.5332081,2025-12-10T20:00:34.533211+00:00
526,1765396834.5540748,2025-12-10T20:00:34.554080+00:00
527,1765396834.5749729,2025-12-10T20:00:34.574981+00:00
528,1765396834.5944672,2025-12-10T20:00:34.594473+00:00
529,1765396834.614742,2025-12-10T20:00:34.614753+00:00
530,1765396834.635652,2025-12-10T20:00:34.635659+00:00
531,1765396834.655854,2025-12-10T20:00:34.655858+00:00
532,1765396834.6767309,2025-12-10T20:00:34.676732+00:00
533,1765396834.694528,2025-12-10T20:00:34.694529+00:00
534,1765396834.711332,2025-12-10T20:00:34.711333+00:00
535,1765396834.732194,2025-12-10T20:00:34.732197+00:00
536,1765396834.753076,2025-12-10T20:00:34.753083+00:00
537,1765396834.773421,2025-12-10T20:00:34.773426+00:00
538,1765396834.794056,2025-12-10T20:00:34.794062+00:00
539,1765396834.8149471,2025-12-10T20:00:34.814951+00:00
540,1765396834.8323562,2025-12-10T20:00:34.832361+00:00
541,1765396834.8539011,2025-12-10T20:00:34.853907+00:00
542,1765396834.874826,2025-12-10T20:00:34.874833+00:00
543,1765396834.893135,2025-12-10T20:00:34.893148+00:00
544,1765396834.914042,2025-12-10T20:00:34.914046+00:00
545,1765396834.9324238,2025-12-10T20:00:34.932433+00:00
546,1765396834.953344,2025-12-10T20:00:34.953353+00:00
547,1765396834.9740958,2025-12-10T20:00:34.974110+00:00
548,1765396834.9950159,2025-12-10T20:00:34.995021+00:00
549,1765396835.0157351,2025-12-10T20:00:35.015745+00:00
550,1765396835.03665,2025-12-10T20:00:35.036660+00:00
551,1765396835.05756,2025-12-10T20:00:35.057567+00:00
552,1765396835.078161,2025-12-10T20:00:35.078171+00:00
553,1765396835.0983622,2025-12-10T20:00:35.098368+00:00
554,1765396835.119263,2025-12-10T20:00:35.119271+00:00
555,1765396835.1380181,2025-12-10T20:00:35.138021+00:00
556,1765396835.157433,2025-12-10T20:00:35.157438+00:00
557,1765396835.177278,2025-12-10T20:00:35.177284+00:00
558,1765396835.198171,2025-12-10T20:00:35.198180+00:00
559,1765396835.21797,2025-12-10T20:00:35.217972+00:00
560,1765396835.238826,2025-12-10T20:00:35.238828+00:00
561,1765396835.259692,2025-12-10T20:00:35.259694+00:00
562,1765396835.2805529,2025-12-10T20:00:35.280555+00:00
563,1765396835.301418,2025-12-10T20:00:35.301420+00:00
564,1765396835.322357,2025-12-10T20:00:35.322380+00:00
565,1765396835.343282,2025-12-10T20:00:35.343289+00:00
566,1765396835.364177,2025-12-10T20:00:35.364194+00:00
567,1765396835.382934,2025-12-10T20:00:35.382935+00:00
568,1765396835.40342,2025-12-10T20:00:35.403424+00:00
569,1765396835.423913,2025-12-10T20:00:35.423916+00:00
570,1765396835.442515,2025-12-10T20:00:35.442518+00:00
571,1765396835.463395,2025-12-10T20:00:35.463405+00:00
572,1765396835.4824388,2025-12-10T20:00:35.482445+00:00
573,1765396835.50227,2025-12-10T20:00:35.502277+00:00
574,1765396835.519638,2025-12-10T20:00:35.519641+00:00
575,1765396835.537775,2025-12-10T20:00:35.537780+00:00
576,1765396835.557386,2025-12-10T20:00:35.557387+00:00
577,1765396835.578284,2025-12-10T20:00:35.578300+00:00
578,1765396835.5990558,2025-12-10T20:00:35.599057+00:00
579,1765396835.618457,2025-12-10T20:00:35.618458+00:00
580,1765396835.638787,2025-12-10T20:00:35.638788+00:00
581,1765396835.6596422,2025-12-10T20:00:35.659645+00:00
582,1765396835.67871,2025-12-10T20:00:35.678711+00:00
583,1765396835.699556,2025-12-10T20:00:35.699558+00:00
584,1765396835.7204192,2025-12-10T20:00:35.720422+00:00
585,1765396835.737386,2025-12-10T20:00:35.737392+00:00
586,1765396835.755671,2025-12-10T20:00:35.755673+00:00
587,1765396835.7757812,2025-12-10T20:00:35.775783+00:00
588,1765396835.796633,2025-12-10T20:00:35.796633+00:00
589,1765396835.81702,2025-12-10T20:00:35.817025+00:00
590,1765396835.8344982,2025-12-10T20:00:35.834502+00:00
591,1765396835.855367,2025-12-10T20:00:35.855368+00:00
592,1765396835.8737972,2025-12-10T20:00:35.873800+00:00
593,1765396835.8946629,2025-12-10T20:00:35.894663+00:00
594,1765396835.9155169,2025-12-10T20:00:35.915524+00:00
595,1765396835.936468,2025-12-10T20:00:35.936474+00:00
596,1765396835.954162,2025-12-10T20:00:35.954169+00:00
597,1765396835.97313,2025-12-10T20:00:35.973140+00:00
598,1765396835.990772,2025-12-10T20:00:35.990780+00:00
599,1765396836.011673,2025-12-10T20:00:36.011678+00:00
600,1765396836.032432,2025-12-10T20:00:36.032437+00:00
601,1765396836.049185,2025-12-10T20:00:36.049188+00:00
602,1765396836.070077,2025-12-10T20:00:36.070079+00:00
603,1765396836.090752,2025-12-10T20:00:36.090758+00:00
604,1765396836.111673,2025-12-10T20:00:36.111676+00:00
605,1765396836.1325471,2025-12-10T20:00:36.132550+00:00
606,1765396836.1502988,2025-12-10T20:00:36.150303+00:00
607,1765396836.171187,2025-12-10T20:00:36.171189+00:00
608,1765396836.19206,2025-12-10T20:00:36.192066+00:00
609,1765396836.209953,2025-12-10T20:00:36.209957+00:00
610,1765396836.2308328,2025-12-10T20:00:36.230839+00:00
611,1765396836.250807,2025-12-10T20:00:36.250812+00:00
612,1765396836.2717052,2025-12-10T20:00:36.271711+00:00
613,1765396836.28847,2025-12-10T20:00:36.288477+00:00
614,1765396836.307301,2025-12-10T20:00:36.307304+00:00
615,1765396836.328174,2025-12-10T20:00:36.328176+00:00
616,1765396836.3490381,2025-12-10T20:00:36.349039+00:00
617,1765396836.369899,2025-12-10T20:00:36.369899+00:00
618,1765396836.3907478,2025-12-10T20:00:36.390750+00:00
619,1765396836.407736,2025-12-10T20:00:36.407737+00:00
620,1765396836.428541,2025-12-10T20:00:36.428550+00:00
621,1765396836.44945,2025-12-10T20:00:36.449534+00:00
622,1765396836.470439,2025-12-10T20:00:36.470456+00:00
623,1765396836.491353,2025-12-10T20:00:36.491358+00:00
624,1765396836.510352,2025-12-10T20:00:36.510357+00:00
625,1765396836.5312371,2025-12-10T20:00:36.531239+00:00
626,1765396836.549082,2025-12-10T20:00:36.549084+00:00
627,1765396836.569951,2025-12-10T20:00:36.569953+00:00
628,1765396836.590822,2025-12-10T20:00:36.590823+00:00
629,1765396836.611681,2025-12-10T20:00:36.611684+00:00
630,1765396836.632549,2025-12-10T20:00:36.632550+00:00
631,1765396836.651951,2025-12-10T20:00:36.651956+00:00
632,1765396836.67285,2025-12-10T20:00:36.672856+00:00
633,1765396836.690766,2025-12-10T20:00:36.690768+00:00
634,1765396836.7116401,2025-12-10T20:00:36.711643+00:00
635,1765396836.732428,2025-12-10T20:00:36.732431+00:00
636,1765396836.7532978,2025-12-10T20:00:36.753299+00:00
637,1765396836.774146,2025-12-10T20:00:36.774150+00:00
638,1765396836.7950091,2025-12-10T20:00:36.795009+00:00
639,1765396836.815854,2025-12-10T20:00:36.815854+00:00
640,1765396836.833722,2025-12-10T20:00:36.833724+00:00
641,1765396836.8504891,2025-12-10T20:00:36.850496+00:00
642,1765396836.8714082,2025-12-10T20:00:36.871412+00:00
643,1765396836.8918378,2025-12-10T20:00:36.891841+00:00
644,1765396836.912714,2025-12-10T20:00:36.912719+00:00
645,1765396836.931178,2025-12-10T20:00:36.931180+00:00
646,1765396836.9520352,2025-12-10T20:00:36.952036+00:00
647,1765396836.972901,2025-12-10T20:00:36.972905+00:00
648,1765396836.9908412,2025-12-10T20:00:36.990863+00:00
649,1765396837.011768,2025-12-10T20:00:37.011778+00:00
650,1765396837.032675,2025-12-10T20:00:37.032677+00:00
651,1765396837.050703,2025-12-10T20:00:37.050706+00:00
652,1765396837.071583,2025-12-10T20:00:37.071586+00:00
653,1765396837.090824,2025-12-10T20:00:37.090830+00:00
654,1765396837.110247,2025-12-10T20:00:37.110249+00:00
655,1765396837.131128,2025-12-10T20:00:37.131135+00:00
656,1765396837.151618,2025-12-10T20:00:37.151621+00:00
657,1765396837.168349,2025-12-10T20:00:37.168356+00:00
658,1765396837.185079,2025-12-10T20:00:37.185080+00:00
659,1765396837.205941,2025-12-10T20:00:37.205944+00:00
660,1765396837.2241,2025-12-10T20:00:37.224102+00:00
661,1765396837.244985,2025-12-10T20:00:37.244992+00:00
662,1765396837.2623098,2025-12-10T20:00:37.262314+00:00
663,1765396837.280837,2025-12-10T20:00:37.280844+00:00
664,1765396837.2999392,2025-12-10T20:00:37.299942+00:00
665,1765396837.3208,2025-12-10T20:00:37.320800+00:00
666,1765396837.340766,2025-12-10T20:00:37.340790+00:00
667,1765396837.361686,2025-12-10T20:00:37.361690+00:00
668,1765396837.381448,2025-12-10T20:00:37.381453+00:00
669,1765396837.4023292,2025-12-10T20:00:37.402336+00:00
670,1765396837.423049,2025-12-10T20:00:37.423056+00:00
671,1765396837.441508,2025-12-10T20:00:37.441515+00:00
672,1765396837.462618,2025-12-10T20:00:37.462625+00:00
673,1765396837.483513,2025-12-10T20:00:37.483520+00:00
674,1765396837.502336,2025-12-10T20:00:37.502342+00:00
675,1765396837.523224,2025-12-10T20:00:37.523226+00:00
676,1765396837.544024,2025-12-10T20:00:37.544028+00:00
677,1765396837.564919,2025-12-10T20:00:37.564922+00:00
678,1765396837.581952,2025-12-10T20:00:37.581953+00:00
679,1765396837.599117,2025-12-10T20:00:37.599124+00:00
680,1765396837.617481,2025-12-10T20:00:37.617482+00:00
681,1765396837.637345,2025-12-10T20:00:37.637351+00:00
682,1765396837.6582432,2025-12-10T20:00:37.658251+00:00
683,1765396837.67678,2025-12-10T20:00:37.676785+00:00
684,1765396837.694438,2025-12-10T20:00:37.694441+00:00
685,1765396837.7121449,2025-12-10T20:00:37.712152+00:00
686,1765396837.729247,2025-12-10T20:00:37.729249+00:00
687,1765396837.749125,2025-12-10T20:00:37.749183+00:00
688,1765396837.7663949,2025-12-10T20:00:37.766395+00:00
689,1765396837.7872488,2025-12-10T20:00:37.787251+00:00
690,1765396837.807416,2025-12-10T20:00:37.807417+00:00
691,1765396837.828272,2025-12-10T20:00:37.828275+00:00
692,1765396837.845784,2025-12-10T20:00:37.845787+00:00
693,1765396837.865834,2025-12-10T20:00:37.865836+00:00
694,1765396837.886702,2025-12-10T20:00:37.886709+00:00
695,1765396837.9076061,2025-12-10T20:00:37.907607+00:00
696,1765396837.9279628,2025-12-10T20:00:37.927966+00:00
697,1765396837.948104,2025-12-10T20:00:37.948105+00:00
698,1765396837.968671,2025-12-10T20:00:37.968679+00:00
699,1765396837.987027,2025-12-10T20:00:37.987029+00:00
700,1765396838.0072541,2025-12-10T20:00:38.007263+00:00
701,1765396838.024111,2025-12-10T20:00:38.024115+00:00
702,1765396838.044992,2025-12-10T20:00:38.044999+00:00
703,1765396838.065776,2025-12-10T20:00:38.065785+00:00
704,1765396838.086677,2025-12-10T20:00:38.086680+00:00
705,1765396838.107436,2025-12-10T20:00:38.107448+00:00
706,1765396838.128339,2025-12-10T20:00:38.128343+00:00
707,1765396838.148156,2025-12-10T20:00:38.148159+00:00
708,1765396838.1690292,2025-12-10T20:00:38.169032+00:00
709,1765396838.189909,2025-12-10T20:00:38.189911+00:00
710,1765396838.210772,2025-12-10T20:00:38.210774+00:00
711,1765396838.2297049,2025-12-10T20:00:38.229708+00:00
712,1765396838.249132,2025-12-10T20:00:38.249140+00:00
713,1765396838.27004,2025-12-10T20:00:38.270044+00:00
714,1765396838.290752,2025-12-10T20:00:38.290753+00:00
715,1765396838.311616,2025-12-10T20:00:38.311618+00:00
716,1765396838.332423,2025-12-10T20:00:38.332428+00:00
717,1765396838.352756,2025-12-10T20:00:38.352762+00:00
718,1765396838.370423,2025-12-10T20:00:38.370427+00:00
719,1765396838.391288,2025-12-10T20:00:38.391289+00:00
720,1765396838.41149,2025-12-10T20:00:38.411494+00:00
721,1765396838.432377,2025-12-10T20:00:38.432380+00:00
722,1765396838.453245,2025-12-10T20:00:38.453246+00:00
723,1765396838.474099,2025-12-10T20:00:38.474102+00:00
724,1765396838.494983,2025-12-10T20:00:38.494991+00:00
725,1765396838.515789,2025-12-10T20:00:38.515802+00:00
726,1765396838.5367,2025-12-10T20:00:38.536704+00:00
727,1765396838.557579,2025-12-10T20:00:38.557581+00:00
728,1765396838.578431,2025-12-10T20:00:38.578431+00:00
729,1765396838.599275,2025-12-10T20:00:38.599278+00:00
730,1765396838.6201322,2025-12-10T20:00:38.620134+00:00
731,1765396838.640992,2025-12-10T20:00:38.640994+00:00
732,1765396838.6618738,2025-12-10T20:00:38.661875+00:00
733,1765396838.682432,2025-12-10T20:00:38.682436+00:00
734,1765396838.7033222,2025-12-10T20:00:38.703332+00:00
735,1765396838.723435,2025-12-10T20:00:38.723438+00:00
736,1765396838.74083,2025-12-10T20:00:38.740834+00:00
737,1765396838.7583091,2025-12-10T20:00:38.758316+00:00
738,1765396838.779252,2025-12-10T20:00:38.779265+00:00
739,1765396838.799938,2025-12-10T20:00:38.799941+00:00
740,1765396838.820812,2025-12-10T20:00:38.820817+00:00
741,1765396838.841604,2025-12-10T20:00:38.841625+00:00
742,1765396838.85998,2025-12-10T20:00:38.859988+00:00
743,1765396838.880876,2025-12-10T20:00:38.880881+00:00
744,1765396838.9016352,2025-12-10T20:00:38.901638+00:00
745,1765396838.922508,2025-12-10T20:00:38.922513+00:00
746,1765396838.943408,2025-12-10T20:00:38.943416+00:00
747,1765396838.960653,2025-12-10T20:00:38.960656+00:00
748,1765396838.981546,2025-12-10T20:00:38.981555+00:00
749,1765396838.9990962,2025-12-10T20:00:38.999100+00:00
750,1765396839.0199308,2025-12-10T20:00:39.019939+00:00
751,1765396839.0395079,2025-12-10T20:00:39.039514+00:00
752,1765396839.060423,2025-12-10T20:00:39.060457+00:00
753,1765396839.081362,2025-12-10T20:00:39.081373+00:00
754,1765396839.1022809,2025-12-10T20:00:39.102287+00:00
755,1765396839.1231732,2025-12-10T20:00:39.123179+00:00
756,1765396839.144076,2025-12-10T20:00:39.144088+00:00
757,1765396839.161815,2025-12-10T20:00:39.161823+00:00
758,1765396839.1827378,2025-12-10T20:00:39.182741+00:00
759,1765396839.200366,2025-12-10T20:00:39.200370+00:00
760,1765396839.219028,2025-12-10T20:00:39.219034+00:00
761,1765396839.236563,2025-12-10T20:00:39.236568+00:00
762,1765396839.257474,2025-12-10T20:00:39.257482+00:00
763,1765396839.2782688,2025-12-10T20:00:39.278287+00:00
764,1765396839.299155,2025-12-10T20:00:39.299162+00:00
765,1765396839.315972,2025-12-10T20:00:39.315976+00:00
766,1765396839.336503,2025-12-10T20:00:39.336512+00:00
767,1765396839.354548,2025-12-10T20:00:39.354553+00:00
768,1765396839.3754392,2025-12-10T20:00:39.375445+00:00
769,1765396839.395766,2025-12-10T20:00:39.395770+00:00
770,1765396839.416647,2025-12-10T20:00:39.416656+00:00
771,1765396839.43662,2025-12-10T20:00:39.436624+00:00
772,1765396839.4564302,2025-12-10T20:00:39.456438+00:00
773,1765396839.474061,2025-12-10T20:00:39.474070+00:00
774,1765396839.491395,2025-12-10T20:00:39.491403+00:00
775,1765396839.510798,2025-12-10T20:00:39.510806+00:00
776,1765396839.530796,2025-12-10T20:00:39.530809+00:00
777,1765396839.549075,2025-12-10T20:00:39.549079+00:00
778,1765396839.5699499,2025-12-10T20:00:39.569954+00:00
779,1765396839.590833,2025-12-10T20:00:39.590839+00:00
780,1765396839.6117141,2025-12-10T20:00:39.611716+00:00
781,1765396839.632592,2025-12-10T20:00:39.632599+00:00
782,1765396839.6530728,2025-12-10T20:00:39.653081+00:00
783,1765396839.672813,2025-12-10T20:00:39.672820+00:00
784,1765396839.692239,2025-12-10T20:00:39.692249+00:00
785,1765396839.7131488,2025-12-10T20:00:39.713156+00:00
786,1765396839.731532,2025-12-10T20:00:39.731546+00:00
787,1765396839.750443,2025-12-10T20:00:39.750447+00:00
788,1765396839.7705228,2025-12-10T20:00:39.770529+00:00
789,1765396839.791404,2025-12-10T20:00:39.791408+00:00
790,1765396839.808728,2025-12-10T20:00:39.808736+00:00
791,1765396839.8295958,2025-12-10T20:00:39.829600+00:00
792,1765396839.847417,2025-12-10T20:00:39.847420+00:00
793,1765396839.867611,2025-12-10T20:00:39.867615+00:00
794,1765396839.888314,2025-12-10T20:00:39.888319+00:00
795,1765396839.909199,2025-12-10T20:00:39.909205+00:00
796,1765396839.9302871,2025-12-10T20:00:39.930294+00:00
797,1765396839.949481,2025-12-10T20:00:39.949491+00:00
798,1765396839.968825,2025-12-10T20:00:39.968830+00:00
799,1765396839.989693,2025-12-10T20:00:39.989698+00:00
800,1765396840.007396,2025-12-10T20:00:40.007411+00:00
801,1765396840.026177,2025-12-10T20:00:40.026182+00:00
802,1765396840.046536,2025-12-10T20:00:40.046547+00:00
803,1765396840.064053,2025-12-10T20:00:40.064059+00:00
804,1765396840.084977,2025-12-10T20:00:40.084989+00:00
805,1765396840.105546,2025-12-10T20:00:40.105548+00:00
806,1765396840.122354,2025-12-10T20:00:40.122361+00:00
807,1765396840.140523,2025-12-10T20:00:40.140526+00:00
808,1765396840.161737,2025-12-10T20:00:40.161740+00:00
809,1765396840.181556,2025-12-10T20:00:40.181562+00:00
810,1765396840.1989279,2025-12-10T20:00:40.198937+00:00
811,1765396840.218823,2025-12-10T20:00:40.218829+00:00
812,1765396840.239049,2025-12-10T20:00:40.239057+00:00
813,1765396840.257196,2025-12-10T20:00:40.257202+00:00
814,1765396840.278087,2025-12-10T20:00:40.278092+00:00
815,1765396840.296148,2025-12-10T20:00:40.296156+00:00
816,1765396840.315061,2025-12-10T20:00:40.315067+00:00
817,1765396840.334644,2025-12-10T20:00:40.334650+00:00
818,1765396840.355548,2025-12-10T20:00:40.355553+00:00
819,1765396840.373916,2025-12-10T20:00:40.373919+00:00
820,1765396840.394809,2025-12-10T20:00:40.394811+00:00
821,1765396840.4156601,2025-12-10T20:00:40.415662+00:00
822,1765396840.436519,2025-12-10T20:00:40.436524+00:00
823,1765396840.456526,2025-12-10T20:00:40.456528+00:00
824,1765396840.475961,2025-12-10T20:00:40.475965+00:00
825,1765396840.4963179,2025-12-10T20:00:40.496325+00:00
826,1765396840.515371,2025-12-10T20:00:40.515377+00:00
827,1765396840.5345652,2025-12-10T20:00:40.534567+00:00
828,1765396840.55461,2025-12-10T20:00:40.554617+00:00
829,1765396840.573657,2025-12-10T20:00:40.573660+00:00
830,1765396840.590528,2025-12-10T20:00:40.590530+00:00
831,1765396840.611409,2025-12-10T20:00:40.611415+00:00
832,1765396840.631434,2025-12-10T20:00:40.631436+00:00
833,1765396840.652294,2025-12-10T20:00:40.652299+00:00
834,1765396840.670211,2025-12-10T20:00:40.670213+00:00
835,1765396840.691078,2025-12-10T20:00:40.691084+00:00
836,1765396840.7106829,2025-12-10T20:00:40.710685+00:00
837,1765396840.731112,2025-12-10T20:00:40.731117+00:00
838,1765396840.748066,2025-12-10T20:00:40.748068+00:00
839,1765396840.768928,2025-12-10T20:00:40.768931+00:00
840,1765396840.789655,2025-12-10T20:00:40.789667+00:00
841,1765396840.8097658,2025-12-10T20:00:40.809772+00:00
842,1765396840.8306649,2025-12-10T20:00:40.830668+00:00
843,1765396840.8478642,2025-12-10T20:00:40.847868+00:00
844,1765396840.868753,2025-12-10T20:00:40.868757+00:00
845,1765396840.889633,2025-12-10T20:00:40.889638+00:00
846,1765396840.909647,2025-12-10T20:00:40.909653+00:00
847,1765396840.928022,2025-12-10T20:00:40.928025+00:00
848,1765396840.948884,2025-12-10T20:00:40.948889+00:00
849,1765396840.969012,2025-12-10T20:00:40.969014+00:00
850,1765396840.989877,2025-12-10T20:00:40.989879+00:00
851,1765396841.006979,2025-12-10T20:00:41.006986+00:00
852,1765396841.0278761,2025-12-10T20:00:41.027882+00:00
853,1765396841.048773,2025-12-10T20:00:41.048776+00:00
854,1765396841.069108,2025-12-10T20:00:41.069113+00:00
855,1765396841.089845,2025-12-10T20:00:41.089848+00:00
856,1765396841.1066291,2025-12-10T20:00:41.106632+00:00
857,1765396841.125379,2025-12-10T20:00:41.125381+00:00
858,1765396841.146244,2025-12-10T20:00:41.146249+00:00
859,1765396841.167134,2025-12-10T20:00:41.167139+00:00
860,1765396841.1856792,2025-12-10T20:00:41.185682+00:00
861,1765396841.205804,2025-12-10T20:00:41.205809+00:00
862,1765396841.2267032,2025-12-10T20:00:41.226707+00:00
863,1765396841.2475939,2025-12-10T20:00:41.247606+00:00
864,1765396841.268495,2025-12-10T20:00:41.268498+00:00
865,1765396841.286622,2025-12-10T20:00:41.286627+00:00
866,1765396841.3072388,2025-12-10T20:00:41.307244+00:00
867,1765396841.32446,2025-12-10T20:00:41.324463+00:00
868,1765396841.345344,2025-12-10T20:00:41.345348+00:00
869,1765396841.362082,2025-12-10T20:00:41.362092+00:00
870,1765396841.382048,2025-12-10T20:00:41.382053+00:00
871,1765396841.3991199,2025-12-10T20:00:41.399126+00:00
872,1765396841.4192152,2025-12-10T20:00:41.419224+00:00
873,1765396841.4394171,2025-12-10T20:00:41.439423+00:00
874,1765396841.456484,2025-12-10T20:00:41.456492+00:00
875,1765396841.4773529,2025-12-10T20:00:41.477357+00:00
876,1765396841.4969332,2025-12-10T20:00:41.496948+00:00
877,1765396841.514857,2025-12-10T20:00:41.514863+00:00
878,1765396841.5328372,2025-12-10T20:00:41.532844+00:00
879,1765396841.551214,2025-12-10T20:00:41.551221+00:00
880,1765396841.5721211,2025-12-10T20:00:41.572127+00:00
881,1765396841.592712,2025-12-10T20:00:41.592728+00:00
882,1765396841.611208,2025-12-10T20:00:41.611215+00:00
883,1765396841.6305761,2025-12-10T20:00:41.630581+00:00
884,1765396841.650362,2025-12-10T20:00:41.650370+00:00
885,1765396841.6712608,2025-12-10T20:00:41.671267+00:00
886,1765396841.6921449,2025-12-10T20:00:41.692155+00:00
887,1765396841.7130492,2025-12-10T20:00:41.713055+00:00
888,1765396841.731088,2025-12-10T20:00:41.731092+00:00
889,1765396841.7491221,2025-12-10T20:00:41.749129+00:00
890,1765396841.7700438,2025-12-10T20:00:41.770049+00:00
891,1765396841.7899,2025-12-10T20:00:41.789912+00:00
892,1765396841.807977,2025-12-10T20:00:41.807983+00:00
893,1765396841.828879,2025-12-10T20:00:41.828883+00:00
894,1765396841.849749,2025-12-10T20:00:41.849753+00:00
895,1765396841.867498,2025-12-10T20:00:41.867504+00:00
896,1765396841.884655,2025-12-10T20:00:41.884662+00:00
897,1765396841.9020019,2025-12-10T20:00:41.902086+00:00
898,1765396841.921397,2025-12-10T20:00:41.921405+00:00
899,1765396841.93914,2025-12-10T20:00:41.939146+00:00
900,1765396841.958125,2025-12-10T20:00:41.958137+00:00
901,1765396841.9815638,2025-12-10T20:00:41.981572+00:00
902,1765396842.002361,2025-12-10T20:00:42.002368+00:00
903,1765396842.0231879,2025-12-10T20:00:42.023193+00:00
904,1765396842.0436769,2025-12-10T20:00:42.043683+00:00
905,1765396842.063667,2025-12-10T20:00:42.063681+00:00
906,1765396842.084567,2025-12-10T20:00:42.084571+00:00
907,1765396842.10544,2025-12-10T20:00:42.105456+00:00
908,1765396842.122373,2025-12-10T20:00:42.122381+00:00
909,1765396842.139573,2025-12-10T20:00:42.139578+00:00
910,1765396842.1567948,2025-12-10T20:00:42.156800+00:00
911,1765396842.1776798,2025-12-10T20:00:42.177687+00:00
912,1765396842.197819,2025-12-10T20:00:42.197824+00:00
913,1765396842.214983,2025-12-10T20:00:42.214994+00:00
914,1765396842.235688,2025-12-10T20:00:42.235693+00:00
915,1765396842.255541,2025-12-10T20:00:42.255546+00:00
916,1765396842.272543,2025-12-10T20:00:42.272551+00:00
917,1765396842.289365,2025-12-10T20:00:42.289370+00:00
918,1765396842.306366,2025-12-10T20:00:42.306372+00:00
919,1765396842.326838,2025-12-10T20:00:42.326841+00:00
920,1765396842.346493,2025-12-10T20:00:42.346501+00:00
921,1765396842.364568,2025-12-10T20:00:42.364571+00:00
922,1765396842.385439,2025-12-10T20:00:42.385446+00:00
923,1765396842.402359,2025-12-10T20:00:42.402367+00:00
924,1765396842.419209,2025-12-10T20:00:42.419213+00:00
925,1765396842.437524,2025-12-10T20:00:42.437531+00:00
926,1765396842.4557881,2025-12-10T20:00:42.455792+00:00
927,1765396842.4840488,2025-12-10T20:00:42.484058+00:00
928,1765396842.5055292,2025-12-10T20:00:42.505537+00:00
929,1765396842.523819,2025-12-10T20:00:42.523826+00:00
930,1765396842.544034,2025-12-10T20:00:42.544052+00:00
931,1765396842.5616379,2025-12-10T20:00:42.561643+00:00
932,1765396842.582564,2025-12-10T20:00:42.582573+00:00
933,1765396842.602356,2025-12-10T20:00:42.602363+00:00
934,1765396842.623253,2025-12-10T20:00:42.623260+00:00
935,1765396842.640188,2025-12-10T20:00:42.640196+00:00
936,1765396842.65745,2025-12-10T20:00:42.657455+00:00
937,1765396842.676942,2025-12-10T20:00:42.676950+00:00
938,1765396842.6965382,2025-12-10T20:00:42.696545+00:00
939,1765396842.715002,2025-12-10T20:00:42.715007+00:00
940,1765396842.7390149,2025-12-10T20:00:42.739023+00:00
941,1765396842.759912,2025-12-10T20:00:42.759918+00:00
942,1765396842.777766,2025-12-10T20:00:42.777771+00:00
943,1765396842.798176,2025-12-10T20:00:42.798178+00:00
944,1765396842.816858,2025-12-10T20:00:42.816861+00:00
945,1765396842.833984,2025-12-10T20:00:42.833984+00:00
946,1765396842.854847,2025-12-10T20:00:42.854852+00:00
947,1765396842.8753989,2025-12-10T20:00:42.875405+00:00
948,1765396842.8954968,2025-12-10T20:00:42.895500+00:00
949,1765396842.914561,2025-12-10T20:00:42.914562+00:00
950,1765396842.9354088,2025-12-10T20:00:42.935410+00:00
951,1765396842.95565,2025-12-10T20:00:42.955653+00:00
952,1765396842.972748,2025-12-10T20:00:42.972751+00:00
953,1765396842.992821,2025-12-10T20:00:42.992824+00:00
954,1765396843.013688,2025-12-10T20:00:43.013691+00:00
955,1765396843.0309582,2025-12-10T20:00:43.030962+00:00
956,1765396843.049382,2025-12-10T20:00:43.049395+00:00
957,1765396843.070264,2025-12-10T20:00:43.070268+00:00
958,1765396843.088852,2025-12-10T20:00:43.088856+00:00
959,1765396843.107476,2025-12-10T20:00:43.107486+00:00
960,1765396843.1275089,2025-12-10T20:00:43.127515+00:00
961,1765396843.148567,2025-12-10T20:00:43.148572+00:00
962,1765396843.169437,2025-12-10T20:00:43.169439+00:00
963,1765396843.190295,2025-12-10T20:00:43.190298+00:00
964,1765396843.2111769,2025-12-10T20:00:43.211187+00:00
965,1765396843.23239,2025-12-10T20:00:43.232395+00:00
966,1765396843.253197,2025-12-10T20:00:43.253205+00:00
967,1765396843.273806,2025-12-10T20:00:43.273810+00:00
968,1765396843.294684,2025-12-10T20:00:43.294690+00:00
969,1765396843.317197,2025-12-10T20:00:43.317202+00:00
970,1765396843.339701,2025-12-10T20:00:43.339849+00:00
971,1765396843.36079,2025-12-10T20:00:43.360797+00:00
972,1765396843.3815339,2025-12-10T20:00:43.381540+00:00
973,1765396843.4024189,2025-12-10T20:00:43.402428+00:00
974,1765396843.419681,2025-12-10T20:00:43.419692+00:00
975,1765396843.440605,2025-12-10T20:00:43.440611+00:00
976,1765396843.461493,2025-12-10T20:00:43.461499+00:00
977,1765396843.481587,2025-12-10T20:00:43.481593+00:00
978,1765396843.500854,2025-12-10T20:00:43.500860+00:00
979,1765396843.5184882,2025-12-10T20:00:43.518495+00:00
980,1765396843.539387,2025-12-10T20:00:43.539402+00:00
981,1765396843.5574772,2025-12-10T20:00:43.557484+00:00
982,1765396843.578363,2025-12-10T20:00:43.578374+00:00
983,1765396843.599285,2025-12-10T20:00:43.599291+00:00
984,1765396843.6186292,2025-12-10T20:00:43.618638+00:00
985,1765396843.639543,2025-12-10T20:00:43.639546+00:00
986,1765396843.657333,2025-12-10T20:00:43.657351+00:00
987,1765396843.678324,2025-12-10T20:00:43.678327+00:00
988,1765396843.695741,2025-12-10T20:00:43.695745+00:00
989,1765396843.7131178,2025-12-10T20:00:43.713123+00:00
990,1765396843.730849,2025-12-10T20:00:43.730855+00:00
991,1765396843.75173,2025-12-10T20:00:43.751741+00:00
992,1765396843.772651,2025-12-10T20:00:43.772659+00:00
993,1765396843.793547,2025-12-10T20:00:43.793549+00:00
994,1765396843.814403,2025-12-10T20:00:43.814404+00:00
995,1765396843.833302,2025-12-10T20:00:43.833315+00:00
996,1765396843.852899,2025-12-10T20:00:43.852909+00:00
997,1765396843.8700428,2025-12-10T20:00:43.870055+00:00
998,1765396843.888264,2025-12-10T20:00:43.888269+00:00
999,1765396843.9091341,2025-12-10T20:00:43.909138+00:00
1000,1765396843.9300108,2025-12-10T20:00:43.930023+00:00
1001,1765396843.949023,2025-12-10T20:00:43.949029+00:00
1002,1765396843.969704,2025-12-10T20:00:43.969711+00:00
1003,1765396843.990106,2025-12-10T20:00:43.990111+00:00
1004,1765396844.007469,2025-12-10T20:00:44.007475+00:00
1005,1765396844.028348,2025-12-10T20:00:44.028353+00:00
1006,1765396844.049236,2025-12-10T20:00:44.049246+00:00
1007,1765396844.070192,2025-12-10T20:00:44.070199+00:00
1008,1765396844.089891,2025-12-10T20:00:44.089902+00:00
1009,1765396844.1073558,2025-12-10T20:00:44.107365+00:00
1010,1765396844.1282718,2025-12-10T20:00:44.128290+00:00
1011,1765396844.1462631,2025-12-10T20:00:44.146276+00:00
1012,1765396844.1656199,2025-12-10T20:00:44.165626+00:00
1013,1765396844.186102,2025-12-10T20:00:44.186107+00:00
1014,1765396844.2069929,2025-12-10T20:00:44.206996+00:00
1015,1765396844.225625,2025-12-10T20:00:44.225626+00:00
1016,1765396844.244809,2025-12-10T20:00:44.244813+00:00
1017,1765396844.2653499,2025-12-10T20:00:44.265355+00:00
1018,1765396844.2862458,2025-12-10T20:00:44.286253+00:00
1019,1765396844.306908,2025-12-10T20:00:44.306910+00:00
1020,1765396844.327761,2025-12-10T20:00:44.327764+00:00
1021,1765396844.348452,2025-12-10T20:00:44.348458+00:00
1022,1765396844.367423,2025-12-10T20:00:44.367430+00:00
1023,1765396844.388322,2025-12-10T20:00:44.388324+00:00
1024,1765396844.409274,2025-12-10T20:00:44.409277+00:00
1025,1765396844.4301581,2025-12-10T20:00:44.430160+00:00
1026,1765396844.448234,2025-12-10T20:00:44.448241+00:00
1027,1765396844.469159,2025-12-10T20:00:44.469169+00:00
1028,1765396844.489728,2025-12-10T20:00:44.489738+00:00
1029,1765396844.507071,2025-12-10T20:00:44.507078+00:00
1030,1765396844.527961,2025-12-10T20:00:44.527965+00:00
1031,1765396844.5448031,2025-12-10T20:00:44.544807+00:00
1032,1765396844.5656698,2025-12-10T20:00:44.565673+00:00
1033,1765396844.586547,2025-12-10T20:00:44.586552+00:00
1034,1765396844.606975,2025-12-10T20:00:44.606976+00:00
1035,1765396844.625325,2025-12-10T20:00:44.625326+00:00
1036,1765396844.646181,2025-12-10T20:00:44.646184+00:00
1037,1765396844.667052,2025-12-10T20:00:44.667056+00:00
1038,1765396844.687357,2025-12-10T20:00:44.687365+00:00
1039,1765396844.7080839,2025-12-10T20:00:44.708091+00:00
1040,1765396844.728971,2025-12-10T20:00:44.728975+00:00
1041,1765396844.748688,2025-12-10T20:00:44.748690+00:00
1042,1765396844.7657988,2025-12-10T20:00:44.765801+00:00
1043,1765396844.7825449,2025-12-10T20:00:44.782549+00:00
1044,1765396844.803414,2025-12-10T20:00:44.803418+00:00
1045,1765396844.820429,2025-12-10T20:00:44.820433+00:00
1046,1765396844.840802,2025-12-10T20:00:44.840807+00:00
1047,1765396844.8576808,2025-12-10T20:00:44.857682+00:00
1048,1765396844.877619,2025-12-10T20:00:44.877621+00:00
1049,1765396844.8984928,2025-12-10T20:00:44.898498+00:00
1050,1765396844.9189608,2025-12-10T20:00:44.918965+00:00
1051,1765396844.938564,2025-12-10T20:00:44.938569+00:00
1052,1765396844.9561422,2025-12-10T20:00:44.956145+00:00
1053,1765396844.9745762,2025-12-10T20:00:44.974582+00:00
1054,1765396844.992213,2025-12-10T20:00:44.992215+00:00
1055,1765396845.01196,2025-12-10T20:00:45.011962+00:00
1056,1765396845.0331578,2025-12-10T20:00:45.033162+00:00
1057,1765396845.0540411,2025-12-10T20:00:45.054049+00:00
1058,1765396845.073225,2025-12-10T20:00:45.073233+00:00
1059,1765396845.09417,2025-12-10T20:00:45.094176+00:00
1060,1765396845.115073,2025-12-10T20:00:45.115081+00:00
1061,1765396845.1360042,2025-12-10T20:00:45.136014+00:00
1062,1765396845.156712,2025-12-10T20:00:45.156719+00:00
1063,1765396845.174541,2025-12-10T20:00:45.174543+00:00
1064,1765396845.1953971,2025-12-10T20:00:45.195399+00:00
1065,1765396845.212262,2025-12-10T20:00:45.212264+00:00
1066,1765396845.231502,2025-12-10T20:00:45.231503+00:00
1067,1765396845.252362,2025-12-10T20:00:45.252368+00:00
1068,1765396845.2712479,2025-12-10T20:00:45.271250+00:00
1069,1765396845.292107,2025-12-10T20:00:45.292109+00:00
1070,1765396845.309355,2025-12-10T20:00:45.309358+00:00
1071,1765396845.328917,2025-12-10T20:00:45.328919+00:00
1072,1765396845.349767,2025-12-10T20:00:45.349768+00:00
1073,1765396845.370639,2025-12-10T20:00:45.370645+00:00
1074,1765396845.391466,2025-12-10T20:00:45.391473+00:00
1075,1765396845.412351,2025-12-10T20:00:45.412354+00:00
1076,1765396845.433221,2025-12-10T20:00:45.433228+00:00
1077,1765396845.454117,2025-12-10T20:00:45.454123+00:00
1078,1765396845.472596,2025-12-10T20:00:45.472602+00:00
1079,1765396845.492534,2025-12-10T20:00:45.492538+00:00
1080,1765396845.513403,2025-12-10T20:00:45.513407+00:00
1081,1765396845.5305011,2025-12-10T20:00:45.530510+00:00
1082,1765396845.551418,2025-12-10T20:00:45.551426+00:00
1083,1765396845.572319,2025-12-10T20:00:45.572324+00:00
1084,1765396845.5916538,2025-12-10T20:00:45.591665+00:00
1085,1765396845.611936,2025-12-10T20:00:45.611939+00:00
1086,1765396845.634084,2025-12-10T20:00:45.634090+00:00
1087,1765396845.6517482,2025-12-10T20:00:45.651762+00:00
1088,1765396845.6687949,2025-12-10T20:00:45.668798+00:00
1089,1765396845.685583,2025-12-10T20:00:45.685586+00:00
1090,1765396845.7039082,2025-12-10T20:00:45.703918+00:00
1091,1765396845.723555,2025-12-10T20:00:45.723562+00:00
1092,1765396845.74445,2025-12-10T20:00:45.744456+00:00
1093,1765396845.76488,2025-12-10T20:00:45.764887+00:00
1094,1765396845.785771,2025-12-10T20:00:45.785781+00:00
1095,1765396845.806678,2025-12-10T20:00:45.806683+00:00
1096,1765396845.827581,2025-12-10T20:00:45.827587+00:00
1097,1765396845.846793,2025-12-10T20:00:45.846797+00:00
1098,1765396845.86525,2025-12-10T20:00:45.865256+00:00
1099,1765396845.883317,2025-12-10T20:00:45.883324+00:00
1100,1765396845.900739,2025-12-10T20:00:45.900749+00:00
1101,1765396845.9216661,2025-12-10T20:00:45.921674+00:00
1102,1765396845.93962,2025-12-10T20:00:45.939625+00:00
1103,1765396845.9605389,2025-12-10T20:00:45.960552+00:00
1104,1765396845.9785962,2025-12-10T20:00:45.978601+00:00
1105,1765396845.999477,2025-12-10T20:00:45.999483+00:00
1106,1765396846.0170612,2025-12-10T20:00:46.017071+00:00
1107,1765396846.034965,2025-12-10T20:00:46.034973+00:00
1108,1765396846.055855,2025-12-10T20:00:46.055859+00:00
1109,1765396846.073826,2025-12-10T20:00:46.073837+00:00
1110,1765396846.0908139,2025-12-10T20:00:46.090818+00:00
1111,1765396846.111684,2025-12-10T20:00:46.111687+00:00
1112,1765396846.132554,2025-12-10T20:00:46.132560+00:00
1113,1765396846.151819,2025-12-10T20:00:46.151825+00:00
1114,1765396846.1722748,2025-12-10T20:00:46.172285+00:00
1115,1765396846.1901839,2025-12-10T20:00:46.190194+00:00
1116,1765396846.211125,2025-12-10T20:00:46.211130+00:00
1117,1765396846.231655,2025-12-10T20:00:46.231661+00:00
1118,1765396846.2490602,2025-12-10T20:00:46.249062+00:00
1119,1765396846.269925,2025-12-10T20:00:46.269931+00:00
1120,1765396846.290773,2025-12-10T20:00:46.290780+00:00
1121,1765396846.3113658,2025-12-10T20:00:46.311380+00:00
1122,1765396846.330706,2025-12-10T20:00:46.330713+00:00
1123,1765396846.351608,2025-12-10T20:00:46.351620+00:00
1124,1765396846.372556,2025-12-10T20:00:46.372571+00:00
1125,1765396846.3895512,2025-12-10T20:00:46.389559+00:00
1126,1765396846.407499,2025-12-10T20:00:46.407506+00:00
1127,1765396846.428395,2025-12-10T20:00:46.428403+00:00
1128,1765396846.4490461,2025-12-10T20:00:46.449052+00:00
1129,1765396846.4689019,2025-12-10T20:00:46.468914+00:00
1130,1765396846.486337,2025-12-10T20:00:46.486339+00:00
1131,1765396846.5071979,2025-12-10T20:00:46.507200+00:00
1132,1765396846.524357,2025-12-10T20:00:46.524362+00:00
1133,1765396846.5452821,2025-12-10T20:00:46.545289+00:00
1134,1765396846.563562,2025-12-10T20:00:46.563570+00:00
1135,1765396846.5834281,2025-12-10T20:00:46.583432+00:00
1136,1765396846.604299,2025-12-10T20:00:46.604304+00:00
1137,1765396846.621699,2025-12-10T20:00:46.621705+00:00
1138,1765396846.640194,2025-12-10T20:00:46.640197+00:00
1139,1765396846.657341,2025-12-10T20:00:46.657346+00:00
1140,1765396846.678248,2025-12-10T20:00:46.678255+00:00
1141,1765396846.696169,2025-12-10T20:00:46.696177+00:00
1142,1765396846.715822,2025-12-10T20:00:46.715826+00:00
1143,1765396846.736702,2025-12-10T20:00:46.736710+00:00
1144,1765396846.756377,2025-12-10T20:00:46.756385+00:00
1145,1765396846.777301,2025-12-10T20:00:46.777311+00:00
1146,1765396846.798215,2025-12-10T20:00:46.798224+00:00
1147,1765396846.819059,2025-12-10T20:00:46.819072+00:00
1148,1765396846.83961,2025-12-10T20:00:46.839614+00:00
1149,1765396846.859078,2025-12-10T20:00:46.859082+00:00
1150,1765396846.8790379,2025-12-10T20:00:46.879042+00:00
1151,1765396846.899072,2025-12-10T20:00:46.899086+00:00
1152,1765396846.917551,2025-12-10T20:00:46.917553+00:00
1153,1765396846.93842,2025-12-10T20:00:46.938425+00:00
1154,1765396846.95734,2025-12-10T20:00:46.957346+00:00
1155,1765396846.978237,2025-12-10T20:00:46.978241+00:00
1156,1765396846.9991071,2025-12-10T20:00:46.999108+00:00
1157,1765396847.019967,2025-12-10T20:00:47.019970+00:00
1158,1765396847.039298,2025-12-10T20:00:47.039301+00:00
1159,1765396847.060173,2025-12-10T20:00:47.060182+00:00
1160,1765396847.081089,2025-12-10T20:00:47.081095+00:00
1161,1765396847.098772,2025-12-10T20:00:47.098780+00:00
1162,1765396847.11968,2025-12-10T20:00:47.119686+00:00
1163,1765396847.1405928,2025-12-10T20:00:47.140596+00:00
1164,1765396847.1614552,2025-12-10T20:00:47.161457+00:00
1165,1765396847.178988,2025-12-10T20:00:47.178992+00:00
1166,1765396847.1985679,2025-12-10T20:00:47.198575+00:00
1167,1765396847.218478,2025-12-10T20:00:47.218480+00:00
1168,1765396847.23949,2025-12-10T20:00:47.239491+00:00
1169,1765396847.259307,2025-12-10T20:00:47.259314+00:00
1170,1765396847.2774148,2025-12-10T20:00:47.277420+00:00
1171,1765396847.297214,2025-12-10T20:00:47.297217+00:00
1172,1765396847.317773,2025-12-10T20:00:47.317776+00:00
1173,1765396847.338633,2025-12-10T20:00:47.338636+00:00
1174,1765396847.356391,2025-12-10T20:00:47.356399+00:00
1175,1765396847.377302,2025-12-10T20:00:47.377308+00:00
1176,1765396847.398262,2025-12-10T20:00:47.398269+00:00
1177,1765396847.4190478,2025-12-10T20:00:47.419051+00:00
1178,1765396847.4399328,2025-12-10T20:00:47.439943+00:00
1179,1765396847.457294,2025-12-10T20:00:47.457296+00:00
1180,1765396847.4781508,2025-12-10T20:00:47.478153+00:00
1181,1765396847.498794,2025-12-10T20:00:47.498797+00:00
1182,1765396847.519665,2025-12-10T20:00:47.519669+00:00
1183,1765396847.538185,2025-12-10T20:00:47.538199+00:00
1184,1765396847.557289,2025-12-10T20:00:47.557301+00:00
1185,1765396847.578217,2025-12-10T20:00:47.578223+00:00
1186,1765396847.599114,2025-12-10T20:00:47.599119+00:00
1187,1765396847.620008,2025-12-10T20:00:47.620014+00:00
1188,1765396847.6405299,2025-12-10T20:00:47.640535+00:00
1189,1765396847.657495,2025-12-10T20:00:47.657497+00:00
1190,1765396847.6783612,2025-12-10T20:00:47.678364+00:00
1191,1765396847.699232,2025-12-10T20:00:47.699237+00:00
1192,1765396847.719071,2025-12-10T20:00:47.719079+00:00
1193,1765396847.739769,2025-12-10T20:00:47.739773+00:00
1194,1765396847.760549,2025-12-10T20:00:47.760556+00:00
1195,1765396847.7806451,2025-12-10T20:00:47.780650+00:00
1196,1765396847.801535,2025-12-10T20:00:47.801538+00:00
1197,1765396847.8224,2025-12-10T20:00:47.822401+00:00
1198,1765396847.840561,2025-12-10T20:00:47.840562+00:00
1199,1765396847.857743,2025-12-10T20:00:47.857745+00:00
1200,1765396847.878604,2025-12-10T20:00:47.878604+00:00
1201,1765396847.899176,2025-12-10T20:00:47.899182+00:00
1202,1765396847.919072,2025-12-10T20:00:47.919079+00:00
1203,1765396847.9400241,2025-12-10T20:00:47.940033+00:00
1204,1765396847.9583528,2025-12-10T20:00:47.958355+00:00
1205,1765396847.975135,2025-12-10T20:00:47.975138+00:00
1206,1765396847.9924889,2025-12-10T20:00:47.992492+00:00
1207,1765396848.012448,2025-12-10T20:00:48.012450+00:00
1208,1765396848.03159,2025-12-10T20:00:48.031592+00:00
1209,1765396848.0524778,2025-12-10T20:00:48.052488+00:00
1210,1765396848.073384,2025-12-10T20:00:48.073386+00:00
1211,1765396848.090743,2025-12-10T20:00:48.090747+00:00
1212,1765396848.109594,2025-12-10T20:00:48.109599+00:00
1213,1765396848.126582,2025-12-10T20:00:48.126585+00:00
1214,1765396848.145267,2025-12-10T20:00:48.145271+00:00
1215,1765396848.163799,2025-12-10T20:00:48.163804+00:00
1216,1765396848.180653,2025-12-10T20:00:48.180657+00:00
1217,1765396848.20154,2025-12-10T20:00:48.201544+00:00
1218,1765396848.222412,2025-12-10T20:00:48.222414+00:00
1219,1765396848.24101,2025-12-10T20:00:48.241011+00:00
1220,1765396848.261866,2025-12-10T20:00:48.261868+00:00
1221,1765396848.2827342,2025-12-10T20:00:48.282740+00:00
1222,1765396848.3014138,2025-12-10T20:00:48.301417+00:00
1223,1765396848.322285,2025-12-10T20:00:48.322288+00:00
1224,1765396848.340606,2025-12-10T20:00:48.340611+00:00
1225,1765396848.361011,2025-12-10T20:00:48.361015+00:00
1226,1765396848.3786979,2025-12-10T20:00:48.378704+00:00
1227,1765396848.399602,2025-12-10T20:00:48.399608+00:00
1228,1765396848.419167,2025-12-10T20:00:48.419170+00:00
1229,1765396848.440039,2025-12-10T20:00:48.440042+00:00
1230,1765396848.460922,2025-12-10T20:00:48.460923+00:00
1231,1765396848.481861,2025-12-10T20:00:48.481871+00:00
1232,1765396848.5017889,2025-12-10T20:00:48.501795+00:00
1233,1765396848.522666,2025-12-10T20:00:48.522669+00:00
1234,1765396848.5435221,2025-12-10T20:00:48.543524+00:00
1235,1765396848.5610828,2025-12-10T20:00:48.561086+00:00
1236,1765396848.581074,2025-12-10T20:00:48.581076+00:00
1237,1765396848.5984151,2025-12-10T20:00:48.598422+00:00
1238,1765396848.6193159,2025-12-10T20:00:48.619320+00:00
1239,1765396848.639909,2025-12-10T20:00:48.639915+00:00
1240,1765396848.657517,2025-12-10T20:00:48.657524+00:00
1241,1765396848.678399,2025-12-10T20:00:48.678403+00:00
1242,1765396848.698463,2025-12-10T20:00:48.698467+00:00
1243,1765396848.715719,2025-12-10T20:00:48.715726+00:00
1244,1765396848.733772,2025-12-10T20:00:48.733775+00:00
1245,1765396848.75264,2025-12-10T20:00:48.752645+00:00
1246,1765396848.7720902,2025-12-10T20:00:48.772093+00:00
1247,1765396848.792958,2025-12-10T20:00:48.792959+00:00
1248,1765396848.810945,2025-12-10T20:00:48.810948+00:00
1249,1765396848.831653,2025-12-10T20:00:48.831657+00:00
1250,1765396848.852532,2025-12-10T20:00:48.852539+00:00
1251,1765396848.8732429,2025-12-10T20:00:48.873266+00:00
1252,1765396848.894148,2025-12-10T20:00:48.894158+00:00
1253,1765396848.911006,2025-12-10T20:00:48.911008+00:00
1254,1765396848.928592,2025-12-10T20:00:48.928599+00:00
1255,1765396848.949537,2025-12-10T20:00:48.949544+00:00
1256,1765396848.970437,2025-12-10T20:00:48.970441+00:00
1257,1765396848.991304,2025-12-10T20:00:48.991305+00:00
1258,1765396849.010981,2025-12-10T20:00:49.010984+00:00
1259,1765396849.031372,2025-12-10T20:00:49.031376+00:00
1260,1765396849.052266,2025-12-10T20:00:49.052273+00:00
1261,1765396849.0720131,2025-12-10T20:00:49.072015+00:00
1262,1765396849.092878,2025-12-10T20:00:49.092883+00:00
1263,1765396849.1104362,2025-12-10T20:00:49.110440+00:00
1264,1765396849.1313071,2025-12-10T20:00:49.131311+00:00
1265,1765396849.15217,2025-12-10T20:00:49.152173+00:00
1266,1765396849.169012,2025-12-10T20:00:49.169015+00:00
1267,1765396849.189884,2025-12-10T20:00:49.189886+00:00
1268,1765396849.2070138,2025-12-10T20:00:49.207015+00:00
1269,1765396849.227869,2025-12-10T20:00:49.227871+00:00
1270,1765396849.244823,2025-12-10T20:00:49.244827+00:00
1271,1765396849.265033,2025-12-10T20:00:49.265035+00:00
1272,1765396849.284873,2025-12-10T20:00:49.284877+00:00
1273,1765396849.3034399,2025-12-10T20:00:49.303445+00:00
1274,1765396849.322814,2025-12-10T20:00:49.322820+00:00
1275,1765396849.341015,2025-12-10T20:00:49.341021+00:00
1276,1765396849.361944,2025-12-10T20:00:49.361952+00:00
1277,1765396849.382879,2025-12-10T20:00:49.382882+00:00
1278,1765396849.403753,2025-12-10T20:00:49.403758+00:00
1279,1765396849.424631,2025-12-10T20:00:49.424633+00:00
1280,1765396849.4415941,2025-12-10T20:00:49.441597+00:00
1281,1765396849.462475,2025-12-10T20:00:49.462482+00:00
1282,1765396849.4833732,2025-12-10T20:00:49.483375+00:00
1283,1765396849.504225,2025-12-10T20:00:49.504226+00:00
1284,1765396849.525088,2025-12-10T20:00:49.525093+00:00
1285,1765396849.542243,2025-12-10T20:00:49.542251+00:00
1286,1765396849.563165,2025-12-10T20:00:49.563177+00:00
1287,1765396849.582527,2025-12-10T20:00:49.582529+00:00
1288,1765396849.60338,2025-12-10T20:00:49.603382+00:00
1289,1765396849.62423,2025-12-10T20:00:49.624231+00:00
1290,1765396849.6451032,2025-12-10T20:00:49.645109+00:00
1291,1765396849.664912,2025-12-10T20:00:49.664917+00:00
1292,1765396849.682522,2025-12-10T20:00:49.682524+00:00
1293,1765396849.7033868,2025-12-10T20:00:49.703390+00:00
1294,1765396849.7238898,2025-12-10T20:00:49.723892+00:00
1295,1765396849.741106,2025-12-10T20:00:49.741113+00:00
1296,1765396849.762021,2025-12-10T20:00:49.762027+00:00
1297,1765396849.779862,2025-12-10T20:00:49.779863+00:00
1298,1765396849.8007271,2025-12-10T20:00:49.800729+00:00
1299,1765396849.8214011,2025-12-10T20:00:49.821402+00:00
1300,1765396849.8422542,2025-12-10T20:00:49.842258+00:00
1301,1765396849.860729,2025-12-10T20:00:49.860731+00:00
1302,1765396849.878859,2025-12-10T20:00:49.878860+00:00
1303,1765396849.8961742,2025-12-10T20:00:49.896177+00:00
1304,1765396849.917019,2025-12-10T20:00:49.917020+00:00
1305,1765396849.9378712,2025-12-10T20:00:49.937873+00:00
1306,1765396849.9547021,2025-12-10T20:00:49.954703+00:00
1307,1765396849.975561,2025-12-10T20:00:49.975564+00:00
1308,1765396849.996429,2025-12-10T20:00:49.996432+00:00
1309,1765396850.017298,2025-12-10T20:00:50.017302+00:00
1310,1765396850.034053,2025-12-10T20:00:50.034060+00:00
1311,1765396850.051908,2025-12-10T20:00:50.051911+00:00
1312,1765396850.0714931,2025-12-10T20:00:50.071499+00:00
1313,1765396850.0914931,2025-12-10T20:00:50.091500+00:00
1314,1765396850.1123729,2025-12-10T20:00:50.112377+00:00
1315,1765396850.129555,2025-12-10T20:00:50.129557+00:00
1316,1765396850.150424,2025-12-10T20:00:50.150429+00:00
1317,1765396850.168009,2025-12-10T20:00:50.168012+00:00
1318,1765396850.187952,2025-12-10T20:00:50.187955+00:00
1319,1765396850.20517,2025-12-10T20:00:50.205173+00:00
1320,1765396850.224973,2025-12-10T20:00:50.224975+00:00
1321,1765396850.242221,2025-12-10T20:00:50.242222+00:00
1322,1765396850.262416,2025-12-10T20:00:50.262419+00:00
1323,1765396850.280303,2025-12-10T20:00:50.280306+00:00
1324,1765396850.3001971,2025-12-10T20:00:50.300200+00:00
1325,1765396850.3182359,2025-12-10T20:00:50.318240+00:00
1326,1765396850.337489,2025-12-10T20:00:50.337492+00:00
1327,1765396850.358366,2025-12-10T20:00:50.358373+00:00
1328,1765396850.379261,2025-12-10T20:00:50.379265+00:00
1329,1765396850.400131,2025-12-10T20:00:50.400136+00:00
1330,1765396850.421026,2025-12-10T20:00:50.421030+00:00
1331,1765396850.440846,2025-12-10T20:00:50.440853+00:00
1332,1765396850.46176,2025-12-10T20:00:50.461766+00:00
1333,1765396850.482529,2025-12-10T20:00:50.482537+00:00
1334,1765396850.5017228,2025-12-10T20:00:50.501724+00:00
1335,1765396850.5225961,2025-12-10T20:00:50.522598+00:00
1336,1765396850.540768,2025-12-10T20:00:50.540775+00:00
1337,1765396850.560076,2025-12-10T20:00:50.560078+00:00
1338,1765396850.580937,2025-12-10T20:00:50.580940+00:00
1339,1765396850.599218,2025-12-10T20:00:50.599222+00:00
1340,1765396850.6201038,2025-12-10T20:00:50.620106+00:00
1341,1765396850.640973,2025-12-10T20:00:50.640977+00:00
1342,1765396850.660854,2025-12-10T20:00:50.660858+00:00
1343,1765396850.681729,2025-12-10T20:00:50.681731+00:00
1344,1765396850.698863,2025-12-10T20:00:50.698864+00:00
1345,1765396850.719716,2025-12-10T20:00:50.719718+00:00
1346,1765396850.740587,2025-12-10T20:00:50.740595+00:00
1347,1765396850.7614982,2025-12-10T20:00:50.761500+00:00
1348,1765396850.7823539,2025-12-10T20:00:50.782356+00:00
1349,1765396850.802582,2025-12-10T20:00:50.802585+00:00
1350,1765396850.8234549,2025-12-10T20:00:50.823457+00:00
1351,1765396850.843498,2025-12-10T20:00:50.843503+00:00
1352,1765396850.864403,2025-12-10T20:00:50.864406+00:00
1353,1765396850.885291,2025-12-10T20:00:50.885298+00:00
1354,1765396850.902071,2025-12-10T20:00:50.902073+00:00
1355,1765396850.92294,2025-12-10T20:00:50.922949+00:00
1356,1765396850.9415638,2025-12-10T20:00:50.941572+00:00
1357,1765396850.962471,2025-12-10T20:00:50.962475+00:00
1358,1765396850.981499,2025-12-10T20:00:50.981505+00:00
1359,1765396851.001919,2025-12-10T20:00:51.001923+00:00
1360,1765396851.0227919,2025-12-10T20:00:51.022794+00:00
1361,1765396851.041763,2025-12-10T20:00:51.041768+00:00
1362,1765396851.0626729,2025-12-10T20:00:51.062676+00:00
1363,1765396851.0835571,2025-12-10T20:00:51.083564+00:00
1364,1765396851.1026728,2025-12-10T20:00:51.102680+00:00
1365,1765396851.1200352,2025-12-10T20:00:51.120038+00:00
1366,1765396851.140898,2025-12-10T20:00:51.140902+00:00
1367,1765396851.1617951,2025-12-10T20:00:51.161799+00:00
1368,1765396851.180952,2025-12-10T20:00:51.180953+00:00
1369,1765396851.199202,2025-12-10T20:00:51.199205+00:00
1370,1765396851.218697,2025-12-10T20:00:51.218699+00:00
1371,1765396851.239142,2025-12-10T20:00:51.239145+00:00
1372,1765396851.26002,2025-12-10T20:00:51.260022+00:00
1373,1765396851.280882,2025-12-10T20:00:51.280883+00:00
1374,1765396851.3015811,2025-12-10T20:00:51.301587+00:00
1375,1765396851.322268,2025-12-10T20:00:51.322272+00:00
1376,1765396851.343165,2025-12-10T20:00:51.343175+00:00
1377,1765396851.3641012,2025-12-10T20:00:51.364107+00:00
1378,1765396851.382008,2025-12-10T20:00:51.382012+00:00
1379,1765396851.4028878,2025-12-10T20:00:51.402891+00:00
1380,1765396851.4224489,2025-12-10T20:00:51.422451+00:00
1381,1765396851.4421818,2025-12-10T20:00:51.442185+00:00
1382,1765396851.46306,2025-12-10T20:00:51.463067+00:00
1383,1765396851.4801831,2025-12-10T20:00:51.480186+00:00
1384,1765396851.499826,2025-12-10T20:00:51.499833+00:00
1385,1765396851.5175061,2025-12-10T20:00:51.517507+00:00
1386,1765396851.538411,2025-12-10T20:00:51.538421+00:00
1387,1765396851.5593002,2025-12-10T20:00:51.559303+00:00
1388,1765396851.579914,2025-12-10T20:00:51.579923+00:00
1389,1765396851.599869,2025-12-10T20:00:51.599876+00:00
1390,1765396851.6191208,2025-12-10T20:00:51.619125+00:00
1391,1765396851.638732,2025-12-10T20:00:51.638733+00:00
1392,1765396851.6598258,2025-12-10T20:00:51.659831+00:00
1393,1765396851.6806998,2025-12-10T20:00:51.680702+00:00
1394,1765396851.701567,2025-12-10T20:00:51.701571+00:00
1395,1765396851.720441,2025-12-10T20:00:51.720444+00:00
1396,1765396851.740872,2025-12-10T20:00:51.740877+00:00
1397,1765396851.760042,2025-12-10T20:00:51.760049+00:00
1398,1765396851.7809339,2025-12-10T20:00:51.780935+00:00
1399,1765396851.80178,2025-12-10T20:00:51.801781+00:00
1400,1765396851.822634,2025-12-10T20:00:51.822639+00:00
1401,1765396851.839843,2025-12-10T20:00:51.839844+00:00
1402,1765396851.8607,2025-12-10T20:00:51.860702+00:00
1403,1765396851.881569,2025-12-10T20:00:51.881571+00:00
1404,1765396851.899316,2025-12-10T20:00:51.899324+00:00
1405,1765396851.9163232,2025-12-10T20:00:51.916328+00:00
1406,1765396851.937205,2025-12-10T20:00:51.937258+00:00
1407,1765396851.957172,2025-12-10T20:00:51.957174+00:00
1408,1765396851.975649,2025-12-10T20:00:51.975650+00:00
1409,1765396851.99613,2025-12-10T20:00:51.996131+00:00
1410,1765396852.0169861,2025-12-10T20:00:52.016988+00:00
1411,1765396852.037689,2025-12-10T20:00:52.037692+00:00
1412,1765396852.058558,2025-12-10T20:00:52.058562+00:00
1413,1765396852.0788648,2025-12-10T20:00:52.078867+00:00
1414,1765396852.0980248,2025-12-10T20:00:52.098029+00:00
1415,1765396852.118898,2025-12-10T20:00:52.118905+00:00
1416,1765396852.1397948,2025-12-10T20:00:52.139797+00:00
1417,1765396852.1567512,2025-12-10T20:00:52.156753+00:00
1418,1765396852.177613,2025-12-10T20:00:52.177621+00:00
1419,1765396852.198294,2025-12-10T20:00:52.198301+00:00
1420,1765396852.219202,2025-12-10T20:00:52.219213+00:00
1421,1765396852.239885,2025-12-10T20:00:52.239890+00:00
1422,1765396852.260791,2025-12-10T20:00:52.260795+00:00
1423,1765396852.277962,2025-12-10T20:00:52.277969+00:00
1424,1765396852.2988641,2025-12-10T20:00:52.298875+00:00
1425,1765396852.319784,2025-12-10T20:00:52.319792+00:00
1426,1765396852.336642,2025-12-10T20:00:52.336647+00:00
1427,1765396852.357526,2025-12-10T20:00:52.357528+00:00
1428,1765396852.374872,2025-12-10T20:00:52.374876+00:00
1429,1765396852.3952289,2025-12-10T20:00:52.395233+00:00
1430,1765396852.412152,2025-12-10T20:00:52.412155+00:00
1431,1765396852.4325702,2025-12-10T20:00:52.432574+00:00
1432,1765396852.453443,2025-12-10T20:00:52.453450+00:00
1433,1765396852.47085,2025-12-10T20:00:52.470855+00:00
1434,1765396852.491456,2025-12-10T20:00:52.491467+00:00
1435,1765396852.5123599,2025-12-10T20:00:52.512364+00:00
1436,1765396852.533237,2025-12-10T20:00:52.533243+00:00
1437,1765396852.550546,2025-12-10T20:00:52.550550+00:00
1438,1765396852.571208,2025-12-10T20:00:52.571216+00:00
1439,1765396852.588552,2025-12-10T20:00:52.588555+00:00
1440,1765396852.6076632,2025-12-10T20:00:52.607669+00:00
1441,1765396852.627213,2025-12-10T20:00:52.627216+00:00
1442,1765396852.6458602,2025-12-10T20:00:52.645862+00:00
1443,1765396852.6664069,2025-12-10T20:00:52.666412+00:00
1444,1765396852.687284,2025-12-10T20:00:52.687291+00:00
1445,1765396852.706928,2025-12-10T20:00:52.706941+00:00
1446,1765396852.7267048,2025-12-10T20:00:52.726711+00:00
1447,1765396852.747603,2025-12-10T20:00:52.747613+00:00
1448,1765396852.7684622,2025-12-10T20:00:52.768476+00:00
1449,1765396852.7857869,2025-12-10T20:00:52.785794+00:00
1450,1765396852.8058019,2025-12-10T20:00:52.805811+00:00
1451,1765396852.8267038,2025-12-10T20:00:52.826706+00:00
1452,1765396852.846785,2025-12-10T20:00:52.846789+00:00
1453,1765396852.86592,2025-12-10T20:00:52.865927+00:00
1454,1765396852.885789,2025-12-10T20:00:52.885791+00:00
1455,1765396852.90304,2025-12-10T20:00:52.903044+00:00
1456,1765396852.92382,2025-12-10T20:00:52.923826+00:00
1457,1765396852.944381,2025-12-10T20:00:52.944387+00:00
1458,1765396852.963229,2025-12-10T20:00:52.963230+00:00
1459,1765396852.984077,2025-12-10T20:00:52.984092+00:00
1460,1765396853.00495,2025-12-10T20:00:53.004952+00:00
1461,1765396853.024641,2025-12-10T20:00:53.024648+00:00
1462,1765396853.045559,2025-12-10T20:00:53.045562+00:00
1463,1765396853.0636532,2025-12-10T20:00:53.063659+00:00
1464,1765396853.08164,2025-12-10T20:00:53.081742+00:00
1465,1765396853.099434,2025-12-10T20:00:53.099441+00:00
1466,1765396853.1195781,2025-12-10T20:00:53.119582+00:00
1467,1765396853.1369228,2025-12-10T20:00:53.136926+00:00
1468,1765396853.157807,2025-12-10T20:00:53.157814+00:00
1469,1765396853.17608,2025-12-10T20:00:53.176085+00:00
1470,1765396853.195811,2025-12-10T20:00:53.195816+00:00
1471,1765396853.21497,2025-12-10T20:00:53.214977+00:00
1472,1765396853.235195,2025-12-10T20:00:53.235200+00:00
1473,1765396853.255432,2025-12-10T20:00:53.255433+00:00
1474,1765396853.2749271,2025-12-10T20:00:53.274928+00:00
1475,1765396853.29416,2025-12-10T20:00:53.294166+00:00
1476,1765396853.3138628,2025-12-10T20:00:53.313876+00:00
1477,1765396853.333794,2025-12-10T20:00:53.333797+00:00
1478,1765396853.3546848,2025-12-10T20:00:53.354709+00:00
1479,1765396853.375767,2025-12-10T20:00:53.375772+00:00
1480,1765396853.3940852,2025-12-10T20:00:53.394090+00:00
1481,1765396853.411343,2025-12-10T20:00:53.411364+00:00
1482,1765396853.428271,2025-12-10T20:00:53.428279+00:00
1483,1765396853.449209,2025-12-10T20:00:53.449218+00:00
1484,1765396853.4699829,2025-12-10T20:00:53.469991+00:00
1485,1765396853.4875479,2025-12-10T20:00:53.487556+00:00
1486,1765396853.504575,2025-12-10T20:00:53.504587+00:00
1487,1765396853.5254989,2025-12-10T20:00:53.525518+00:00
1488,1765396853.5450509,2025-12-10T20:00:53.545058+00:00
1489,1765396853.565952,2025-12-10T20:00:53.565959+00:00
1490,1765396853.5864089,2025-12-10T20:00:53.586417+00:00
1491,1765396853.603405,2025-12-10T20:00:53.603407+00:00
1492,1765396853.624267,2025-12-10T20:00:53.624270+00:00
1493,1765396853.6450438,2025-12-10T20:00:53.645045+00:00
1494,1765396853.664247,2025-12-10T20:00:53.664252+00:00
1495,1765396853.68165,2025-12-10T20:00:53.681652+00:00
1496,1765396853.698414,2025-12-10T20:00:53.698417+00:00
1497,1765396853.717242,2025-12-10T20:00:53.717249+00:00
1498,1765396853.735019,2025-12-10T20:00:53.735023+00:00
1499,1765396853.755908,2025-12-10T20:00:53.755917+00:00
1500,1765396853.776834,2025-12-10T20:00:53.776841+00:00
1501,1765396853.794474,2025-12-10T20:00:53.794481+00:00
1502,1765396853.812035,2025-12-10T20:00:53.812041+00:00
1503,1765396853.8315258,2025-12-10T20:00:53.831526+00:00
1504,1765396853.8519151,2025-12-10T20:00:53.851922+00:00
1505,1765396853.868928,2025-12-10T20:00:53.868931+00:00
1506,1765396853.886685,2025-12-10T20:00:53.886686+00:00
1507,1765396853.90465,2025-12-10T20:00:53.904651+00:00
1508,1765396853.925531,2025-12-10T20:00:53.925538+00:00
1509,1765396853.943697,2025-12-10T20:00:53.943702+00:00
1510,1765396853.960586,2025-12-10T20:00:53.960590+00:00
1511,1765396853.9804642,2025-12-10T20:00:53.980467+00:00
1512,1765396854.00135,2025-12-10T20:00:54.001358+00:00
1513,1765396854.0184698,2025-12-10T20:00:54.018474+00:00
1514,1765396854.03934,2025-12-10T20:00:54.039345+00:00
1515,1765396854.059704,2025-12-10T20:00:54.059713+00:00
1516,1765396854.078491,2025-12-10T20:00:54.078497+00:00
1517,1765396854.099384,2025-12-10T20:00:54.099394+00:00
1518,1765396854.1201222,2025-12-10T20:00:54.120134+00:00
1519,1765396854.141077,2025-12-10T20:00:54.141085+00:00
1520,1765396854.161567,2025-12-10T20:00:54.161572+00:00
1521,1765396854.182452,2025-12-10T20:00:54.182458+00:00
1522,1765396854.201697,2025-12-10T20:00:54.201708+00:00
1523,1765396854.2226071,2025-12-10T20:00:54.222609+00:00
1524,1765396854.24118,2025-12-10T20:00:54.241182+00:00
1525,1765396854.2620401,2025-12-10T20:00:54.262042+00:00
1526,1765396854.279135,2025-12-10T20:00:54.279137+00:00
1527,1765396854.3000052,2025-12-10T20:00:54.300009+00:00
1528,1765396854.320888,2025-12-10T20:00:54.320892+00:00
1529,1765396854.34176,2025-12-10T20:00:54.341762+00:00
1530,1765396854.362014,2025-12-10T20:00:54.362021+00:00
1531,1765396854.3829172,2025-12-10T20:00:54.382923+00:00
1532,1765396854.403799,2025-12-10T20:00:54.403801+00:00
1533,1765396854.423667,2025-12-10T20:00:54.423668+00:00
1534,1765396854.4445188,2025-12-10T20:00:54.444520+00:00
1535,1765396854.463537,2025-12-10T20:00:54.463540+00:00
1536,1765396854.480896,2025-12-10T20:00:54.480898+00:00
1537,1765396854.501766,2025-12-10T20:00:54.501771+00:00
1538,1765396854.51982,2025-12-10T20:00:54.519823+00:00
1539,1765396854.540697,2025-12-10T20:00:54.540699+00:00
1540,1765396854.561565,2025-12-10T20:00:54.561572+00:00
1541,1765396854.580652,2025-12-10T20:00:54.580658+00:00
1542,1765396854.601559,2025-12-10T20:00:54.601569+00:00
1543,1765396854.622463,2025-12-10T20:00:54.622470+00:00
1544,1765396854.643394,2025-12-10T20:00:54.643402+00:00
1545,1765396854.66306,2025-12-10T20:00:54.663065+00:00
1546,1765396854.6825678,2025-12-10T20:00:54.682577+00:00
1547,1765396854.702465,2025-12-10T20:00:54.702469+00:00
1548,1765396854.722081,2025-12-10T20:00:54.722085+00:00
1549,1765396854.742958,2025-12-10T20:00:54.742964+00:00
1550,1765396854.763844,2025-12-10T20:00:54.763850+00:00
1551,1765396854.784725,2025-12-10T20:00:54.784728+00:00
1552,1765396854.805588,2025-12-10T20:00:54.805592+00:00
1553,1765396854.8237948,2025-12-10T20:00:54.823800+00:00
1554,1765396854.8446772,2025-12-10T20:00:54.844679+00:00
1555,1765396854.86554,2025-12-10T20:00:54.865545+00:00
1556,1765396854.883161,2025-12-10T20:00:54.883164+00:00
1557,1765396854.904032,2025-12-10T20:00:54.904037+00:00
1558,1765396854.922972,2025-12-10T20:00:54.922981+00:00
1559,1765396854.942003,2025-12-10T20:00:54.942010+00:00
1560,1765396854.9629,2025-12-10T20:00:54.962903+00:00
1561,1765396854.979743,2025-12-10T20:00:54.979747+00:00
1562,1765396855.0006342,2025-12-10T20:00:55.000640+00:00
1563,1765396855.0184581,2025-12-10T20:00:55.018465+00:00
1564,1765396855.0393548,2025-12-10T20:00:55.039357+00:00
1565,1765396855.060251,2025-12-10T20:00:55.060258+00:00
1566,1765396855.080001,2025-12-10T20:00:55.080008+00:00
1567,1765396855.099968,2025-12-10T20:00:55.099970+00:00
1568,1765396855.119699,2025-12-10T20:00:55.119713+00:00
1569,1765396855.140633,2025-12-10T20:00:55.140635+00:00
1570,1765396855.1600351,2025-12-10T20:00:55.160040+00:00
1571,1765396855.1784031,2025-12-10T20:00:55.178407+00:00
1572,1765396855.199299,2025-12-10T20:00:55.199305+00:00
1573,1765396855.2163131,2025-12-10T20:00:55.216316+00:00
1574,1765396855.235018,2025-12-10T20:00:55.235019+00:00
1575,1765396855.2534,2025-12-10T20:00:55.253403+00:00
1576,1765396855.271473,2025-12-10T20:00:55.271476+00:00
1577,1765396855.2921338,2025-12-10T20:00:55.292140+00:00
1578,1765396855.31037,2025-12-10T20:00:55.310375+00:00
1579,1765396855.3312562,2025-12-10T20:00:55.331259+00:00
1580,1765396855.3516228,2025-12-10T20:00:55.351628+00:00
1581,1765396855.372521,2025-12-10T20:00:55.372532+00:00
1582,1765396855.3932412,2025-12-10T20:00:55.393247+00:00
1583,1765396855.4141288,2025-12-10T20:00:55.414135+00:00
1584,1765396855.4335208,2025-12-10T20:00:55.433524+00:00
1585,1765396855.454386,2025-12-10T20:00:55.454391+00:00
1586,1765396855.473686,2025-12-10T20:00:55.473689+00:00
1587,1765396855.4941041,2025-12-10T20:00:55.494109+00:00
1588,1765396855.511791,2025-12-10T20:00:55.511805+00:00
1589,1765396855.532671,2025-12-10T20:00:55.532675+00:00
1590,1765396855.553556,2025-12-10T20:00:55.553563+00:00
1591,1765396855.5744598,2025-12-10T20:00:55.574465+00:00
1592,1765396855.5944839,2025-12-10T20:00:55.594493+00:00
1593,1765396855.615391,2025-12-10T20:00:55.615395+00:00
1594,1765396855.638046,2025-12-10T20:00:55.638054+00:00
1595,1765396855.67402,2025-12-10T20:00:55.674026+00:00
1596,1765396855.694137,2025-12-10T20:00:55.694145+00:00
1597,1765396855.7150521,2025-12-10T20:00:55.715055+00:00
1598,1765396855.735944,2025-12-10T20:00:55.735952+00:00
1599,1765396855.755836,2025-12-10T20:00:55.755846+00:00
1600,1765396855.777612,2025-12-10T20:00:55.777615+00:00
1601,1765396855.798236,2025-12-10T20:00:55.798239+00:00
1602,1765396855.8191092,2025-12-10T20:00:55.819116+00:00
1603,1765396855.837058,2025-12-10T20:00:55.837061+00:00
1604,1765396855.857926,2025-12-10T20:00:55.857933+00:00
1605,1765396855.8775911,2025-12-10T20:00:55.877596+00:00
1606,1765396855.895982,2025-12-10T20:00:55.895988+00:00
1607,1765396855.916053,2025-12-10T20:00:55.916058+00:00
1608,1765396855.936929,2025-12-10T20:00:55.936934+00:00
1609,1765396855.955063,2025-12-10T20:00:55.955064+00:00
1610,1765396855.9737742,2025-12-10T20:00:55.973777+00:00
1611,1765396855.994634,2025-12-10T20:00:55.994650+00:00
1612,1765396856.011605,2025-12-10T20:00:56.011615+00:00
1613,1765396856.028855,2025-12-10T20:00:56.028860+00:00
1614,1765396856.049738,2025-12-10T20:00:56.049745+00:00
1615,1765396856.0706491,2025-12-10T20:00:56.070655+00:00
1616,1765396856.09067,2025-12-10T20:00:56.090677+00:00
1617,1765396856.108593,2025-12-10T20:00:56.108604+00:00
1618,1765396856.128008,2025-12-10T20:00:56.128016+00:00
1619,1765396856.145068,2025-12-10T20:00:56.145072+00:00
1620,1765396856.1659362,2025-12-10T20:00:56.165941+00:00
1621,1765396856.185856,2025-12-10T20:00:56.185872+00:00
1622,1765396856.202601,2025-12-10T20:00:56.202605+00:00
1623,1765396856.223319,2025-12-10T20:00:56.223325+00:00
1624,1765396856.244221,2025-12-10T20:00:56.244232+00:00
1625,1765396856.262903,2025-12-10T20:00:56.262905+00:00
1626,1765396856.283173,2025-12-10T20:00:56.283177+00:00
1627,1765396856.3040588,2025-12-10T20:00:56.304064+00:00
1628,1765396856.3249578,2025-12-10T20:00:56.324961+00:00
1629,1765396856.3439739,2025-12-10T20:00:56.343978+00:00
1630,1765396856.3648388,2025-12-10T20:00:56.364845+00:00
1631,1765396856.383476,2025-12-10T20:00:56.383477+00:00
1632,1765396856.40339,2025-12-10T20:00:56.403391+00:00
1633,1765396856.422359,2025-12-10T20:00:56.422360+00:00
1634,1765396856.443228,2025-12-10T20:00:56.443236+00:00
1635,1765396856.461571,2025-12-10T20:00:56.461573+00:00
1636,1765396856.4805079,2025-12-10T20:00:56.480517+00:00
1637,1765396856.498092,2025-12-10T20:00:56.498096+00:00
1638,1765396856.518961,2025-12-10T20:00:56.518961+00:00
1639,1765396856.539777,2025-12-10T20:00:56.539785+00:00
1640,1765396856.560697,2025-12-10T20:00:56.560699+00:00
1641,1765396856.578399,2025-12-10T20:00:56.578424+00:00
1642,1765396856.5966878,2025-12-10T20:00:56.596689+00:00
1643,1765396856.614205,2025-12-10T20:00:56.614212+00:00
1644,1765396856.635081,2025-12-10T20:00:56.635083+00:00
1645,1765396856.653436,2025-12-10T20:00:56.653441+00:00
1646,1765396856.673836,2025-12-10T20:00:56.673841+00:00
1647,1765396856.693129,2025-12-10T20:00:56.693130+00:00
1648,1765396856.711766,2025-12-10T20:00:56.711791+00:00
1649,1765396856.732661,2025-12-10T20:00:56.732663+00:00
1650,1765396856.749485,2025-12-10T20:00:56.749494+00:00
1651,1765396856.7700748,2025-12-10T20:00:56.770080+00:00
1652,1765396856.79097,2025-12-10T20:00:56.790977+00:00
1653,1765396856.811195,2025-12-10T20:00:56.811198+00:00
1654,1765396856.8320608,2025-12-10T20:00:56.832063+00:00
1655,1765396856.849152,2025-12-10T20:00:56.849155+00:00
1656,1765396856.870018,2025-12-10T20:00:56.870019+00:00
1657,1765396856.89088,2025-12-10T20:00:56.890887+00:00
1658,1765396856.910911,2025-12-10T20:00:56.910914+00:00
1659,1765396856.928501,2025-12-10T20:00:56.928508+00:00
1660,1765396856.948765,2025-12-10T20:00:56.948770+00:00
1661,1765396856.969641,2025-12-10T20:00:56.969642+00:00
1662,1765396856.986687,2025-12-10T20:00:56.986690+00:00
1663,1765396857.0075572,2025-12-10T20:00:57.007559+00:00
1664,1765396857.028417,2025-12-10T20:00:57.028429+00:00
1665,1765396857.047433,2025-12-10T20:00:57.047436+00:00
1666,1765396857.0683122,2025-12-10T20:00:57.068315+00:00
1667,1765396857.086756,2025-12-10T20:00:57.086759+00:00
1668,1765396857.107616,2025-12-10T20:00:57.107616+00:00
1669,1765396857.128465,2025-12-10T20:00:57.128469+00:00
1670,1765396857.14854,2025-12-10T20:00:57.148550+00:00
1671,1765396857.168886,2025-12-10T20:00:57.168894+00:00
1672,1765396857.1869,2025-12-10T20:00:57.186902+00:00
1673,1765396857.2077582,2025-12-10T20:00:57.207761+00:00
1674,1765396857.228409,2025-12-10T20:00:57.228413+00:00
1675,1765396857.24937,2025-12-10T20:00:57.249373+00:00
1676,1765396857.270236,2025-12-10T20:00:57.270240+00:00
1677,1765396857.291112,2025-12-10T20:00:57.291121+00:00
1678,1765396857.311797,2025-12-10T20:00:57.311804+00:00
1679,1765396857.3316789,2025-12-10T20:00:57.331687+00:00
1680,1765396857.351865,2025-12-10T20:00:57.351869+00:00
1681,1765396857.3701031,2025-12-10T20:00:57.370112+00:00
1682,1765396857.3910122,2025-12-10T20:00:57.391020+00:00
1683,1765396857.411926,2025-12-10T20:00:57.411936+00:00
1684,1765396857.4308522,2025-12-10T20:00:57.430857+00:00
1685,1765396857.451133,2025-12-10T20:00:57.451137+00:00
1686,1765396857.472009,2025-12-10T20:00:57.472012+00:00
1687,1765396857.492874,2025-12-10T20:00:57.492880+00:00
1688,1765396857.510819,2025-12-10T20:00:57.510823+00:00
1689,1765396857.5284019,2025-12-10T20:00:57.528407+00:00
1690,1765396857.549301,2025-12-10T20:00:57.549305+00:00
1691,1765396857.570184,2025-12-10T20:00:57.570187+00:00
1692,1765396857.590755,2025-12-10T20:00:57.590758+00:00
1693,1765396857.611625,2025-12-10T20:00:57.611627+00:00
1694,1765396857.628973,2025-12-10T20:00:57.628979+00:00
1695,1765396857.649867,2025-12-10T20:00:57.649873+00:00
1696,1765396857.670082,2025-12-10T20:00:57.670084+00:00
1697,1765396857.68858,2025-12-10T20:00:57.688583+00:00
1698,1765396857.70945,2025-12-10T20:00:57.709452+00:00
1699,1765396857.728429,2025-12-10T20:00:57.728434+00:00
1700,1765396857.749312,2025-12-10T20:00:57.749314+00:00
1701,1765396857.770087,2025-12-10T20:00:57.770089+00:00
1702,1765396857.786784,2025-12-10T20:00:57.786787+00:00
1703,1765396857.8076649,2025-12-10T20:00:57.807673+00:00
1704,1765396857.8284311,2025-12-10T20:00:57.828438+00:00
1705,1765396857.849324,2025-12-10T20:00:57.849328+00:00
1706,1765396857.870121,2025-12-10T20:00:57.870132+00:00
1707,1765396857.8910542,2025-12-10T20:00:57.891060+00:00
1708,1765396857.911804,2025-12-10T20:00:57.911815+00:00
1709,1765396857.931704,2025-12-10T20:00:57.931721+00:00
1710,1765396857.9495978,2025-12-10T20:00:57.949611+00:00
1711,1765396857.968529,2025-12-10T20:00:57.968532+00:00
1712,1765396857.986783,2025-12-10T20:00:57.986787+00:00
1713,1765396858.0069911,2025-12-10T20:00:58.006992+00:00
1714,1765396858.027852,2025-12-10T20:00:58.027855+00:00
1715,1765396858.0451,2025-12-10T20:00:58.045101+00:00
1716,1765396858.065961,2025-12-10T20:00:58.065964+00:00
1717,1765396858.086752,2025-12-10T20:00:58.086754+00:00
1718,1765396858.107618,2025-12-10T20:00:58.107625+00:00
1719,1765396858.128464,2025-12-10T20:00:58.128473+00:00
1720,1765396858.149366,2025-12-10T20:00:58.149373+00:00
1721,1765396858.168581,2025-12-10T20:00:58.168595+00:00
1722,1765396858.1864488,2025-12-10T20:00:58.186455+00:00
1723,1765396858.204826,2025-12-10T20:00:58.204828+00:00
1724,1765396858.225684,2025-12-10T20:00:58.225687+00:00
1725,1765396858.2455192,2025-12-10T20:00:58.245528+00:00
1726,1765396858.266421,2025-12-10T20:00:58.266423+00:00
1727,1765396858.283966,2025-12-10T20:00:58.283968+00:00
1728,1765396858.30306,2025-12-10T20:00:58.303067+00:00
1729,1765396858.324016,2025-12-10T20:00:58.324028+00:00
1730,1765396858.3428879,2025-12-10T20:00:58.342893+00:00
1731,1765396858.359612,2025-12-10T20:00:58.359619+00:00
1732,1765396858.3780081,2025-12-10T20:00:58.378015+00:00
1733,1765396858.398926,2025-12-10T20:00:58.398940+00:00
1734,1765396858.419841,2025-12-10T20:00:58.419844+00:00
1735,1765396858.440704,2025-12-10T20:00:58.440706+00:00
1736,1765396858.461192,2025-12-10T20:00:58.461199+00:00
1737,1765396858.4820962,2025-12-10T20:00:58.482102+00:00
1738,1765396858.502505,2025-12-10T20:00:58.502511+00:00
1739,1765396858.5233972,2025-12-10T20:00:58.523404+00:00
1740,1765396858.5442991,2025-12-10T20:00:58.544305+00:00
1741,1765396858.5650308,2025-12-10T20:00:58.565044+00:00
1742,1765396858.585973,2025-12-10T20:00:58.585983+00:00
1743,1765396858.606884,2025-12-10T20:00:58.606895+00:00
1744,1765396858.626387,2025-12-10T20:00:58.626394+00:00
1745,1765396858.644335,2025-12-10T20:00:58.644341+00:00
1746,1765396858.6631732,2025-12-10T20:00:58.663179+00:00
1747,1765396858.683928,2025-12-10T20:00:58.683932+00:00
1748,1765396858.704619,2025-12-10T20:00:58.704623+00:00
1749,1765396858.724004,2025-12-10T20:00:58.724007+00:00
1750,1765396858.742978,2025-12-10T20:00:58.742979+00:00
1751,1765396858.76384,2025-12-10T20:00:58.763846+00:00
1752,1765396858.783597,2025-12-10T20:00:58.783600+00:00
1753,1765396858.803841,2025-12-10T20:00:58.803848+00:00
1754,1765396858.823603,2025-12-10T20:00:58.823605+00:00
1755,1765396858.842884,2025-12-10T20:00:58.842887+00:00
1756,1765396858.863764,2025-12-10T20:00:58.863767+00:00
1757,1765396858.881191,2025-12-10T20:00:58.881196+00:00
1758,1765396858.901936,2025-12-10T20:00:58.901938+00:00
1759,1765396858.9227939,2025-12-10T20:00:58.922796+00:00
1760,1765396858.941847,2025-12-10T20:00:58.941850+00:00
1761,1765396858.960336,2025-12-10T20:00:58.960337+00:00
1762,1765396858.9811919,2025-12-10T20:00:58.981198+00:00
1763,1765396858.998546,2025-12-10T20:00:58.998547+00:00
1764,1765396859.0155368,2025-12-10T20:00:59.015546+00:00
1765,1765396859.0364401,2025-12-10T20:00:59.036441+00:00
1766,1765396859.053443,2025-12-10T20:00:59.053446+00:00
1767,1765396859.073781,2025-12-10T20:00:59.073782+00:00
1768,1765396859.094641,2025-12-10T20:00:59.094642+00:00
1769,1765396859.115417,2025-12-10T20:00:59.115418+00:00
1770,1765396859.136267,2025-12-10T20:00:59.136270+00:00
1771,1765396859.1548128,2025-12-10T20:00:59.154817+00:00
1772,1765396859.173742,2025-12-10T20:00:59.173744+00:00
1773,1765396859.1907089,2025-12-10T20:00:59.190715+00:00
1774,1765396859.211595,2025-12-10T20:00:59.211599+00:00
1775,1765396859.228574,2025-12-10T20:00:59.228575+00:00
1776,1765396859.249259,2025-12-10T20:00:59.249260+00:00
1777,1765396859.270127,2025-12-10T20:00:59.270133+00:00
1778,1765396859.289925,2025-12-10T20:00:59.289927+00:00
1779,1765396859.307613,2025-12-10T20:00:59.307619+00:00
1780,1765396859.328552,2025-12-10T20:00:59.328558+00:00
1781,1765396859.345542,2025-12-10T20:00:59.345549+00:00
1782,1765396859.3664482,2025-12-10T20:00:59.366449+00:00
1783,1765396859.386852,2025-12-10T20:00:59.386855+00:00
1784,1765396859.406861,2025-12-10T20:00:59.406909+00:00
1785,1765396859.424456,2025-12-10T20:00:59.424459+00:00
1786,1765396859.443413,2025-12-10T20:00:59.443420+00:00
1787,1765396859.464328,2025-12-10T20:00:59.464331+00:00
1788,1765396859.48467,2025-12-10T20:00:59.484674+00:00
1789,1765396859.505555,2025-12-10T20:00:59.505561+00:00
1790,1765396859.5234802,2025-12-10T20:00:59.523481+00:00
1791,1765396859.5428019,2025-12-10T20:00:59.542804+00:00
1792,1765396859.563671,2025-12-10T20:00:59.563674+00:00
1793,1765396859.581708,2025-12-10T20:00:59.581717+00:00
1794,1765396859.602624,2025-12-10T20:00:59.602630+00:00
1795,1765396859.623512,2025-12-10T20:00:59.623513+00:00
1796,1765396859.643871,2025-12-10T20:00:59.643879+00:00
1797,1765396859.664784,2025-12-10T20:00:59.664791+00:00
1798,1765396859.681765,2025-12-10T20:00:59.681767+00:00
1799,1765396859.7026281,2025-12-10T20:00:59.702632+00:00
1800,1765396859.723449,2025-12-10T20:00:59.723453+00:00
1801,1765396859.742882,2025-12-10T20:00:59.742884+00:00
1802,1765396859.763763,2025-12-10T20:00:59.763765+00:00
1803,1765396859.781719,2025-12-10T20:00:59.781720+00:00
1804,1765396859.799435,2025-12-10T20:00:59.799441+00:00
1805,1765396859.817318,2025-12-10T20:00:59.817321+00:00
1806,1765396859.836607,2025-12-10T20:00:59.836609+00:00
1807,1765396859.8574662,2025-12-10T20:00:59.857471+00:00
1808,1765396859.8783638,2025-12-10T20:00:59.878366+00:00
1809,1765396859.899246,2025-12-10T20:00:59.899248+00:00
1810,1765396859.920115,2025-12-10T20:00:59.920116+00:00
1811,1765396859.940962,2025-12-10T20:00:59.940964+00:00
1812,1765396859.961812,2025-12-10T20:00:59.961813+00:00
1813,1765396859.982669,2025-12-10T20:00:59.982675+00:00
1814,1765396860.001963,2025-12-10T20:01:00.001968+00:00
1815,1765396860.021791,2025-12-10T20:01:00.021799+00:00
1816,1765396860.039843,2025-12-10T20:01:00.039848+00:00
1817,1765396860.060726,2025-12-10T20:01:00.060733+00:00
1818,1765396860.0816221,2025-12-10T20:01:00.081623+00:00
1819,1765396860.098801,2025-12-10T20:01:00.098803+00:00
1820,1765396860.119651,2025-12-10T20:01:00.119652+00:00
1821,1765396860.140505,2025-12-10T20:01:00.140507+00:00
1822,1765396860.161356,2025-12-10T20:01:00.161359+00:00
1823,1765396860.182229,2025-12-10T20:01:00.182234+00:00
1824,1765396860.2020009,2025-12-10T20:01:00.202005+00:00
1825,1765396860.2195609,2025-12-10T20:01:00.219568+00:00
1826,1765396860.2387898,2025-12-10T20:01:00.238793+00:00
1827,1765396860.2581928,2025-12-10T20:01:00.258199+00:00
1828,1765396860.279103,2025-12-10T20:01:00.279110+00:00
1829,1765396860.299278,2025-12-10T20:01:00.299289+00:00
1830,1765396860.320152,2025-12-10T20:01:00.320157+00:00
1831,1765396860.341043,2025-12-10T20:01:00.341046+00:00
1832,1765396860.361912,2025-12-10T20:01:00.361914+00:00
1833,1765396860.382784,2025-12-10T20:01:00.382786+00:00
1834,1765396860.4018939,2025-12-10T20:01:00.401897+00:00
1835,1765396860.4227672,2025-12-10T20:01:00.422772+00:00
1836,1765396860.443659,2025-12-10T20:01:00.443661+00:00
1837,1765396860.46454,2025-12-10T20:01:00.464546+00:00
1838,1765396860.481575,2025-12-10T20:01:00.481577+00:00
1839,1765396860.5024488,2025-12-10T20:01:00.502457+00:00
1840,1765396860.519258,2025-12-10T20:01:00.519260+00:00
1841,1765396860.540129,2025-12-10T20:01:00.540130+00:00
1842,1765396860.561159,2025-12-10T20:01:00.561159+00:00
1843,1765396860.582006,2025-12-10T20:01:00.582007+00:00
1844,1765396860.6028779,2025-12-10T20:01:00.602886+00:00
1845,1765396860.623029,2025-12-10T20:01:00.623033+00:00
1846,1765396860.642986,2025-12-10T20:01:00.642987+00:00
1847,1765396860.662443,2025-12-10T20:01:00.662451+00:00
1848,1765396860.6833448,2025-12-10T20:01:00.683351+00:00
1849,1765396860.704142,2025-12-10T20:01:00.704148+00:00
1850,1765396860.7243478,2025-12-10T20:01:00.724352+00:00
1851,1765396860.743406,2025-12-10T20:01:00.743409+00:00
1852,1765396860.764286,2025-12-10T20:01:00.764293+00:00
1853,1765396860.7841852,2025-12-10T20:01:00.784192+00:00
1854,1765396860.8050828,2025-12-10T20:01:00.805087+00:00
1855,1765396860.8234508,2025-12-10T20:01:00.823452+00:00
1856,1765396860.844299,2025-12-10T20:01:00.844302+00:00
1857,1765396860.864695,2025-12-10T20:01:00.864700+00:00
1858,1765396860.885581,2025-12-10T20:01:00.885585+00:00
1859,1765396860.902653,2025-12-10T20:01:00.902655+00:00
1860,1765396860.923389,2025-12-10T20:01:00.923391+00:00
1861,1765396860.9440398,2025-12-10T20:01:00.944042+00:00
1862,1765396860.9649038,2025-12-10T20:01:00.964907+00:00
1863,1765396860.985767,2025-12-10T20:01:00.985769+00:00
1864,1765396861.0066361,2025-12-10T20:01:01.006638+00:00
1865,1765396861.0246909,2025-12-10T20:01:01.024693+00:00
1866,1765396861.042218,2025-12-10T20:01:01.042222+00:00
1867,1765396861.063093,2025-12-10T20:01:01.063097+00:00
1868,1765396861.0839858,2025-12-10T20:01:01.083992+00:00
1869,1765396861.103625,2025-12-10T20:01:01.103629+00:00
1870,1765396861.1245189,2025-12-10T20:01:01.124524+00:00
1871,1765396861.143083,2025-12-10T20:01:01.143084+00:00
1872,1765396861.163935,2025-12-10T20:01:01.163939+00:00
1873,1765396861.182108,2025-12-10T20:01:01.182111+00:00
1874,1765396861.201222,2025-12-10T20:01:01.201229+00:00
1875,1765396861.2186759,2025-12-10T20:01:01.218683+00:00
1876,1765396861.2395751,2025-12-10T20:01:01.239577+00:00
1877,1765396861.260443,2025-12-10T20:01:01.260447+00:00
1878,1765396861.2813282,2025-12-10T20:01:01.281335+00:00
1879,1765396861.298568,2025-12-10T20:01:01.298571+00:00
1880,1765396861.315327,2025-12-10T20:01:01.315329+00:00
1881,1765396861.332607,2025-12-10T20:01:01.332609+00:00
1882,1765396861.353468,2025-12-10T20:01:01.353470+00:00
1883,1765396861.373593,2025-12-10T20:01:01.373595+00:00
1884,1765396861.39276,2025-12-10T20:01:01.392760+00:00
1885,1765396861.411741,2025-12-10T20:01:01.411743+00:00
1886,1765396861.431257,2025-12-10T20:01:01.431257+00:00
1887,1765396861.451626,2025-12-10T20:01:01.451634+00:00
1888,1765396861.4698188,2025-12-10T20:01:01.469821+00:00
1889,1765396861.490153,2025-12-10T20:01:01.490154+00:00
1890,1765396861.5104792,2025-12-10T20:01:01.510480+00:00
1891,1765396861.5273118,2025-12-10T20:01:01.527313+00:00
1892,1765396861.5481658,2025-12-10T20:01:01.548168+00:00
1893,1765396861.569025,2025-12-10T20:01:01.569025+00:00
1894,1765396861.5898712,2025-12-10T20:01:01.589873+00:00
1895,1765396861.610732,2025-12-10T20:01:01.610734+00:00
1896,1765396861.628017,2025-12-10T20:01:01.628019+00:00
1897,1765396861.6488872,2025-12-10T20:01:01.648893+00:00
1898,1765396861.669482,2025-12-10T20:01:01.669485+00:00
1899,1765396861.690343,2025-12-10T20:01:01.690347+00:00
1900,1765396861.711152,2025-12-10T20:01:01.711157+00:00
1901,1765396861.7284539,2025-12-10T20:01:01.728461+00:00
1902,1765396861.747997,2025-12-10T20:01:01.748000+00:00
1903,1765396861.765134,2025-12-10T20:01:01.765135+00:00
1904,1765396861.785989,2025-12-10T20:01:01.785991+00:00
1905,1765396861.806763,2025-12-10T20:01:01.806767+00:00
1906,1765396861.825891,2025-12-10T20:01:01.825898+00:00
1907,1765396861.8437178,2025-12-10T20:01:01.843722+00:00
1908,1765396861.864633,2025-12-10T20:01:01.864637+00:00
1909,1765396861.8855171,2025-12-10T20:01:01.885520+00:00
1910,1765396861.906394,2025-12-10T20:01:01.906396+00:00
1911,1765396861.927275,2025-12-10T20:01:01.927283+00:00
1912,1765396861.948181,2025-12-10T20:01:01.948187+00:00
1913,1765396861.968697,2025-12-10T20:01:01.968700+00:00
1914,1765396861.989568,2025-12-10T20:01:01.989569+00:00
1915,1765396862.006609,2025-12-10T20:01:02.006613+00:00
1916,1765396862.027487,2025-12-10T20:01:02.027489+00:00
1917,1765396862.048374,2025-12-10T20:01:02.048382+00:00
1918,1765396862.0665522,2025-12-10T20:01:02.066555+00:00
1919,1765396862.087042,2025-12-10T20:01:02.087044+00:00
1920,1765396862.106366,2025-12-10T20:01:02.106370+00:00
1921,1765396862.127258,2025-12-10T20:01:02.127263+00:00
1922,1765396862.148003,2025-12-10T20:01:02.148006+00:00
1923,1765396862.16752,2025-12-10T20:01:02.167522+00:00
1924,1765396862.1883898,2025-12-10T20:01:02.188394+00:00
1925,1765396862.2067158,2025-12-10T20:01:02.206727+00:00
1926,1765396862.227659,2025-12-10T20:01:02.227664+00:00
1927,1765396862.2481742,2025-12-10T20:01:02.248177+00:00
1928,1765396862.266686,2025-12-10T20:01:02.266689+00:00
1929,1765396862.287654,2025-12-10T20:01:02.287658+00:00
1930,1765396862.308568,2025-12-10T20:01:02.308571+00:00
1931,1765396862.329449,2025-12-10T20:01:02.329450+00:00
1932,1765396862.347671,2025-12-10T20:01:02.347679+00:00
1933,1765396862.368504,2025-12-10T20:01:02.368506+00:00
1934,1765396862.3893619,2025-12-10T20:01:02.389368+00:00
1935,1765396862.406528,2025-12-10T20:01:02.406532+00:00
1936,1765396862.427393,2025-12-10T20:01:02.427395+00:00
1937,1765396862.4473019,2025-12-10T20:01:02.447308+00:00
1938,1765396862.464823,2025-12-10T20:01:02.464829+00:00
1939,1765396862.485719,2025-12-10T20:01:02.485722+00:00
1940,1765396862.50642,2025-12-10T20:01:02.506423+00:00
1941,1765396862.527298,2025-12-10T20:01:02.527303+00:00
1942,1765396862.548213,2025-12-10T20:01:02.548223+00:00
1943,1765396862.569129,2025-12-10T20:01:02.569134+00:00
1944,1765396862.591208,2025-12-10T20:01:02.591214+00:00
1945,1765396862.616245,2025-12-10T20:01:02.616249+00:00
1946,1765396862.6392179,2025-12-10T20:01:02.644629+00:00
1947,1765396862.662122,2025-12-10T20:01:02.662133+00:00
1948,1765396862.68164,2025-12-10T20:01:02.681644+00:00
1949,1765396862.703108,2025-12-10T20:01:02.703110+00:00
1950,1765396862.720423,2025-12-10T20:01:02.720430+00:00
1951,1765396862.741336,2025-12-10T20:01:02.741340+00:00
1952,1765396862.762207,2025-12-10T20:01:02.762212+00:00
1953,1765396862.782316,2025-12-10T20:01:02.782323+00:00
1954,1765396862.8019881,2025-12-10T20:01:02.801996+00:00
1955,1765396862.822886,2025-12-10T20:01:02.822889+00:00
1956,1765396862.84052,2025-12-10T20:01:02.840523+00:00
1957,1765396862.861386,2025-12-10T20:01:02.861389+00:00
1958,1765396862.882255,2025-12-10T20:01:02.882256+00:00
1959,1765396862.9031029,2025-12-10T20:01:02.903104+00:00
1960,1765396862.92256,2025-12-10T20:01:02.922562+00:00
1961,1765396862.9401548,2025-12-10T20:01:02.940157+00:00
1962,1765396862.961026,2025-12-10T20:01:02.961027+00:00
1963,1765396862.9818912,2025-12-10T20:01:02.981894+00:00
1964,1765396863.002026,2025-12-10T20:01:03.002029+00:00
1965,1765396863.0197382,2025-12-10T20:01:03.019746+00:00
1966,1765396863.0401459,2025-12-10T20:01:03.040151+00:00
1967,1765396863.061027,2025-12-10T20:01:03.061029+00:00
1968,1765396863.08012,2025-12-10T20:01:03.080123+00:00
1969,1765396863.100419,2025-12-10T20:01:03.100421+00:00
1970,1765396863.1196969,2025-12-10T20:01:03.119704+00:00
1971,1765396863.140003,2025-12-10T20:01:03.140009+00:00
1972,1765396863.158484,2025-12-10T20:01:03.158488+00:00
1973,1765396863.179362,2025-12-10T20:01:03.179369+00:00
1974,1765396863.1967769,2025-12-10T20:01:03.196785+00:00
1975,1765396863.215939,2025-12-10T20:01:03.215944+00:00
1976,1765396863.2331378,2025-12-10T20:01:03.233149+00:00
1977,1765396863.2533069,2025-12-10T20:01:03.253315+00:00
1978,1765396863.273646,2025-12-10T20:01:03.273650+00:00
1979,1765396863.294532,2025-12-10T20:01:03.294539+00:00
1980,1765396863.3144991,2025-12-10T20:01:03.314507+00:00
1981,1765396863.331491,2025-12-10T20:01:03.331495+00:00
1982,1765396863.350066,2025-12-10T20:01:03.350073+00:00
1983,1765396863.3709598,2025-12-10T20:01:03.370964+00:00
1984,1765396863.391548,2025-12-10T20:01:03.391553+00:00
1985,1765396863.4099991,2025-12-10T20:01:03.410008+00:00
1986,1765396863.430897,2025-12-10T20:01:03.430902+00:00
1987,1765396863.448597,2025-12-10T20:01:03.448615+00:00
1988,1765396863.467316,2025-12-10T20:01:03.467326+00:00
1989,1765396863.488224,2025-12-10T20:01:03.488226+00:00
1990,1765396863.5049531,2025-12-10T20:01:03.504956+00:00
1991,1765396863.522161,2025-12-10T20:01:03.522162+00:00
1992,1765396863.542017,2025-12-10T20:01:03.542018+00:00
1993,1765396863.5591512,2025-12-10T20:01:03.559153+00:00
1994,1765396863.5790122,2025-12-10T20:01:03.579015+00:00
1995,1765396863.599883,2025-12-10T20:01:03.599884+00:00
1996,1765396863.6179478,2025-12-10T20:01:03.617951+00:00
1997,1765396863.638112,2025-12-10T20:01:03.638113+00:00
1998,1765396863.656629,2025-12-10T20:01:03.656630+00:00
1999,1765396863.675355,2025-12-10T20:01:03.675358+00:00
2000,1765396863.696682,2025-12-10T20:01:03.696689+00:00
2001,1765396863.713981,2025-12-10T20:01:03.713985+00:00
2002,1765396863.7318559,2025-12-10T20:01:03.731870+00:00
2003,1765396863.75188,2025-12-10T20:01:03.751890+00:00
2004,1765396863.772785,2025-12-10T20:01:03.772788+00:00
2005,1765396863.792578,2025-12-10T20:01:03.792582+00:00
2006,1765396863.812182,2025-12-10T20:01:03.812186+00:00
2007,1765396863.8317409,2025-12-10T20:01:03.831742+00:00
2008,1765396863.852608,2025-12-10T20:01:03.852616+00:00
2009,1765396863.871209,2025-12-10T20:01:03.871211+00:00
2010,1765396863.888215,2025-12-10T20:01:03.888223+00:00
2011,1765396863.909088,2025-12-10T20:01:03.909092+00:00
2012,1765396863.929974,2025-12-10T20:01:03.929976+00:00
2013,1765396863.948323,2025-12-10T20:01:03.948344+00:00
2014,1765396863.969227,2025-12-10T20:01:03.969231+00:00
2015,1765396863.990101,2025-12-10T20:01:03.990107+00:00
2016,1765396864.0093591,2025-12-10T20:01:04.009362+00:00
2017,1765396864.026582,2025-12-10T20:01:04.026583+00:00
2018,1765396864.046256,2025-12-10T20:01:04.046258+00:00
2019,1765396864.066174,2025-12-10T20:01:04.066175+00:00
2020,1765396864.085365,2025-12-10T20:01:04.085370+00:00
2021,1765396864.106247,2025-12-10T20:01:04.106249+00:00
2022,1765396864.1271381,2025-12-10T20:01:04.127146+00:00
2023,1765396864.1474109,2025-12-10T20:01:04.147414+00:00
2024,1765396864.164841,2025-12-10T20:01:04.164855+00:00
2025,1765396864.185743,2025-12-10T20:01:04.185751+00:00
2026,1765396864.2062662,2025-12-10T20:01:04.206273+00:00
2027,1765396864.227179,2025-12-10T20:01:04.227183+00:00
2028,1765396864.248053,2025-12-10T20:01:04.248055+00:00
2029,1765396864.266041,2025-12-10T20:01:04.266044+00:00
2030,1765396864.2829812,2025-12-10T20:01:04.282982+00:00
2031,1765396864.300218,2025-12-10T20:01:04.300220+00:00
2032,1765396864.325492,2025-12-10T20:01:04.325495+00:00
2033,1765396864.34533,2025-12-10T20:01:04.345340+00:00
2034,1765396864.363832,2025-12-10T20:01:04.363839+00:00
2035,1765396864.381634,2025-12-10T20:01:04.381643+00:00
2036,1765396864.4025521,2025-12-10T20:01:04.402556+00:00
2037,1765396864.423254,2025-12-10T20:01:04.423258+00:00
2038,1765396864.444143,2025-12-10T20:01:04.444145+00:00
2039,1765396864.465003,2025-12-10T20:01:04.465004+00:00
2040,1765396864.4858549,2025-12-10T20:01:04.485860+00:00
2041,1765396864.502965,2025-12-10T20:01:04.502968+00:00
2042,1765396864.52385,2025-12-10T20:01:04.523854+00:00
2043,1765396864.5447428,2025-12-10T20:01:04.544746+00:00
2044,1765396864.565609,2025-12-10T20:01:04.565610+00:00
2045,1765396864.586477,2025-12-10T20:01:04.586484+00:00
2046,1765396864.605672,2025-12-10T20:01:04.605675+00:00
2047,1765396864.62307,2025-12-10T20:01:04.623076+00:00
2048,1765396864.642115,2025-12-10T20:01:04.642117+00:00
2049,1765396864.662967,2025-12-10T20:01:04.662969+00:00
2050,1765396864.681382,2025-12-10T20:01:04.681388+00:00
2051,1765396864.699349,2025-12-10T20:01:04.699354+00:00
2052,1765396864.7166662,2025-12-10T20:01:04.716672+00:00
2053,1765396864.735729,2025-12-10T20:01:04.735739+00:00
2054,1765396864.756654,2025-12-10T20:01:04.756658+00:00
2055,1765396864.775615,2025-12-10T20:01:04.775617+00:00
2056,1765396864.795487,2025-12-10T20:01:04.795489+00:00
2057,1765396864.814982,2025-12-10T20:01:04.814999+00:00
2058,1765396864.835871,2025-12-10T20:01:04.835873+00:00
2059,1765396864.856746,2025-12-10T20:01:04.856748+00:00
2060,1765396864.876378,2025-12-10T20:01:04.876386+00:00
2061,1765396864.894644,2025-12-10T20:01:04.894663+00:00
2062,1765396864.912113,2025-12-10T20:01:04.912118+00:00
2063,1765396864.933009,2025-12-10T20:01:04.933012+00:00
2064,1765396864.952105,2025-12-10T20:01:04.952109+00:00
2065,1765396864.973014,2025-12-10T20:01:04.973016+00:00
2066,1765396864.99387,2025-12-10T20:01:04.993871+00:00
2067,1765396865.014723,2025-12-10T20:01:05.014726+00:00
2068,1765396865.035603,2025-12-10T20:01:05.035611+00:00
2069,1765396865.054399,2025-12-10T20:01:05.054404+00:00
2070,1765396865.073069,2025-12-10T20:01:05.073073+00:00
2071,1765396865.093932,2025-12-10T20:01:05.093935+00:00
2072,1765396865.114815,2025-12-10T20:01:05.114828+00:00
2073,1765396865.1357381,2025-12-10T20:01:05.135744+00:00
2074,1765396865.156616,2025-12-10T20:01:05.156620+00:00
2075,1765396865.175009,2025-12-10T20:01:05.175019+00:00
2076,1765396865.195922,2025-12-10T20:01:05.195928+00:00
2077,1765396865.216098,2025-12-10T20:01:05.216105+00:00
2078,1765396865.234585,2025-12-10T20:01:05.234588+00:00
2079,1765396865.254941,2025-12-10T20:01:05.254943+00:00
2080,1765396865.274379,2025-12-10T20:01:05.274386+00:00
2081,1765396865.294475,2025-12-10T20:01:05.294482+00:00
2082,1765396865.314374,2025-12-10T20:01:05.314383+00:00
2083,1765396865.335328,2025-12-10T20:01:05.335333+00:00
2084,1765396865.356195,2025-12-10T20:01:05.356196+00:00
2085,1765396865.376697,2025-12-10T20:01:05.376699+00:00
2086,1765396865.393635,2025-12-10T20:01:05.393639+00:00
2087,1765396865.414538,2025-12-10T20:01:05.414539+00:00
2088,1765396865.431983,2025-12-10T20:01:05.431985+00:00
2089,1765396865.4521248,2025-12-10T20:01:05.452126+00:00
2090,1765396865.4698591,2025-12-10T20:01:05.469868+00:00
2091,1765396865.490766,2025-12-10T20:01:05.490770+00:00
2092,1765396865.511669,2025-12-10T20:01:05.511675+00:00
2093,1765396865.528803,2025-12-10T20:01:05.528806+00:00
2094,1765396865.548003,2025-12-10T20:01:05.548009+00:00
2095,1765396865.568929,2025-12-10T20:01:05.568931+00:00
2096,1765396865.589707,2025-12-10T20:01:05.589708+00:00
2097,1765396865.610576,2025-12-10T20:01:05.610583+00:00
2098,1765396865.6306071,2025-12-10T20:01:05.630609+00:00
2099,1765396865.6497128,2025-12-10T20:01:05.649713+00:00
2100,1765396865.669217,2025-12-10T20:01:05.669219+00:00
2101,1765396865.687885,2025-12-10T20:01:05.687886+00:00
2102,1765396865.7062159,2025-12-10T20:01:05.706252+00:00
2103,1765396865.7272792,2025-12-10T20:01:05.727282+00:00
2104,1765396865.74614,2025-12-10T20:01:05.746146+00:00
2105,1765396865.767044,2025-12-10T20:01:05.767049+00:00
2106,1765396865.7879522,2025-12-10T20:01:05.787956+00:00
2107,1765396865.808831,2025-12-10T20:01:05.808834+00:00
2108,1765396865.829688,2025-12-10T20:01:05.829691+00:00
2109,1765396865.8501818,2025-12-10T20:01:05.850183+00:00
2110,1765396865.871041,2025-12-10T20:01:05.871043+00:00
2111,1765396865.8919199,2025-12-10T20:01:05.891925+00:00
2112,1765396865.9110012,2025-12-10T20:01:05.911017+00:00
2113,1765396865.9322839,2025-12-10T20:01:05.932295+00:00
2114,1765396865.953218,2025-12-10T20:01:05.953221+00:00
2115,1765396865.972814,2025-12-10T20:01:05.972818+00:00
2116,1765396865.99103,2025-12-10T20:01:05.991031+00:00
2117,1765396866.012002,2025-12-10T20:01:06.012143+00:00
2118,1765396866.030167,2025-12-10T20:01:06.030169+00:00
2119,1765396866.048085,2025-12-10T20:01:06.048092+00:00
2120,1765396866.065019,2025-12-10T20:01:06.065023+00:00
2121,1765396866.085946,2025-12-10T20:01:06.085955+00:00
2122,1765396866.103203,2025-12-10T20:01:06.103205+00:00
2123,1765396866.123481,2025-12-10T20:01:06.123483+00:00
2124,1765396866.144397,2025-12-10T20:01:06.144399+00:00
2125,1765396866.1651049,2025-12-10T20:01:06.165134+00:00
2126,1765396866.185993,2025-12-10T20:01:06.185995+00:00
2127,1765396866.206692,2025-12-10T20:01:06.206697+00:00
2128,1765396866.2275782,2025-12-10T20:01:06.227583+00:00
2129,1765396866.244483,2025-12-10T20:01:06.244487+00:00
2130,1765396866.2653491,2025-12-10T20:01:06.265353+00:00
2131,1765396866.282064,2025-12-10T20:01:06.282070+00:00
2132,1765396866.302943,2025-12-10T20:01:06.302946+00:00
2133,1765396866.323702,2025-12-10T20:01:06.323710+00:00
2134,1765396866.344618,2025-12-10T20:01:06.344621+00:00
2135,1765396866.365481,2025-12-10T20:01:06.365484+00:00
2136,1765396866.386344,2025-12-10T20:01:06.386347+00:00
2137,1765396866.403581,2025-12-10T20:01:06.403586+00:00
2138,1765396866.424457,2025-12-10T20:01:06.424459+00:00
2139,1765396866.443444,2025-12-10T20:01:06.443450+00:00
2140,1765396866.464342,2025-12-10T20:01:06.464349+00:00
2141,1765396866.485376,2025-12-10T20:01:06.485379+00:00
2142,1765396866.502544,2025-12-10T20:01:06.502547+00:00
2143,1765396866.523409,2025-12-10T20:01:06.523412+00:00
2144,1765396866.544275,2025-12-10T20:01:06.544277+00:00
2145,1765396866.5654888,2025-12-10T20:01:06.565494+00:00
2146,1765396866.586391,2025-12-10T20:01:06.586403+00:00
2147,1765396866.607299,2025-12-10T20:01:06.607303+00:00
2148,1765396866.628187,2025-12-10T20:01:06.628194+00:00
2149,1765396866.6489332,2025-12-10T20:01:06.648937+00:00
2150,1765396866.6697989,2025-12-10T20:01:06.669805+00:00
2151,1765396866.690711,2025-12-10T20:01:06.690719+00:00
2152,1765396866.707468,2025-12-10T20:01:06.707471+00:00
2153,1765396866.728344,2025-12-10T20:01:06.728353+00:00
2154,1765396866.74736,2025-12-10T20:01:06.747368+00:00
2155,1765396866.765242,2025-12-10T20:01:06.765247+00:00
2156,1765396866.785889,2025-12-10T20:01:06.785893+00:00
2157,1765396866.806767,2025-12-10T20:01:06.806772+00:00
2158,1765396866.824288,2025-12-10T20:01:06.824292+00:00
2159,1765396866.841126,2025-12-10T20:01:06.841130+00:00
2160,1765396866.8591301,2025-12-10T20:01:06.859142+00:00
2161,1765396866.8800588,2025-12-10T20:01:06.880064+00:00
2162,1765396866.900949,2025-12-10T20:01:06.900955+00:00
2163,1765396866.924854,2025-12-10T20:01:06.924861+00:00
2164,1765396866.945743,2025-12-10T20:01:06.945747+00:00
2165,1765396866.966624,2025-12-10T20:01:06.966632+00:00
2166,1765396866.987539,2025-12-10T20:01:06.987544+00:00
2167,1765396867.008416,2025-12-10T20:01:07.008423+00:00
2168,1765396867.027976,2025-12-10T20:01:07.027989+00:00
2169,1765396867.045076,2025-12-10T20:01:07.045083+00:00
2170,1765396867.0659919,2025-12-10T20:01:07.065997+00:00
2171,1765396867.086873,2025-12-10T20:01:07.086881+00:00
2172,1765396867.106764,2025-12-10T20:01:07.106773+00:00
2173,1765396867.127685,2025-12-10T20:01:07.127691+00:00
2174,1765396867.145183,2025-12-10T20:01:07.145185+00:00
2175,1765396867.166052,2025-12-10T20:01:07.166054+00:00
2176,1765396867.1865978,2025-12-10T20:01:07.186605+00:00
2177,1765396867.206721,2025-12-10T20:01:07.206729+00:00
2178,1765396867.227639,2025-12-10T20:01:07.227648+00:00
2179,1765396867.244599,2025-12-10T20:01:07.244603+00:00
2180,1765396867.261812,2025-12-10T20:01:07.261815+00:00
2181,1765396867.28272,2025-12-10T20:01:07.282726+00:00
2182,1765396867.3036869,2025-12-10T20:01:07.303691+00:00
2183,1765396867.323618,2025-12-10T20:01:07.323626+00:00
2184,1765396867.341702,2025-12-10T20:01:07.341708+00:00
2185,1765396867.36185,2025-12-10T20:01:07.361863+00:00
2186,1765396867.382934,2025-12-10T20:01:07.382935+00:00
2187,1765396867.403789,2025-12-10T20:01:07.403790+00:00
2188,1765396867.424651,2025-12-10T20:01:07.424655+00:00
2189,1765396867.44552,2025-12-10T20:01:07.445525+00:00
2190,1765396867.463177,2025-12-10T20:01:07.463183+00:00
2191,1765396867.484069,2025-12-10T20:01:07.484076+00:00
2192,1765396867.50262,2025-12-10T20:01:07.502624+00:00
2193,1765396867.523496,2025-12-10T20:01:07.523502+00:00
2194,1765396867.5421069,2025-12-10T20:01:07.542110+00:00
2195,1765396867.561706,2025-12-10T20:01:07.561710+00:00
2196,1765396867.578635,2025-12-10T20:01:07.578644+00:00
2197,1765396867.596288,2025-12-10T20:01:07.596295+00:00
2198,1765396867.613347,2025-12-10T20:01:07.613354+00:00
2199,1765396867.634235,2025-12-10T20:01:07.634241+00:00
2200,1765396867.653633,2025-12-10T20:01:07.653635+00:00
2201,1765396867.674496,2025-12-10T20:01:07.674499+00:00
2202,1765396867.693795,2025-12-10T20:01:07.693797+00:00
2203,1765396867.711948,2025-12-10T20:01:07.711954+00:00
2204,1765396867.7288609,2025-12-10T20:01:07.728866+00:00
2205,1765396867.7484212,2025-12-10T20:01:07.748424+00:00
2206,1765396867.769293,2025-12-10T20:01:07.769301+00:00
2207,1765396867.790189,2025-12-10T20:01:07.790193+00:00
2208,1765396867.810538,2025-12-10T20:01:07.810542+00:00
2209,1765396867.8301032,2025-12-10T20:01:07.830105+00:00
2210,1765396867.850979,2025-12-10T20:01:07.850986+00:00
2211,1765396867.8704371,2025-12-10T20:01:07.870440+00:00
2212,1765396867.889235,2025-12-10T20:01:07.889241+00:00
2213,1765396867.9074838,2025-12-10T20:01:07.907488+00:00
2214,1765396867.928365,2025-12-10T20:01:07.928371+00:00
2215,1765396867.948637,2025-12-10T20:01:07.948645+00:00
2216,1765396867.969514,2025-12-10T20:01:07.969527+00:00
2217,1765396867.9867241,2025-12-10T20:01:07.986727+00:00
2218,1765396868.004609,2025-12-10T20:01:08.004613+00:00
2219,1765396868.022727,2025-12-10T20:01:08.022731+00:00
2220,1765396868.0436091,2025-12-10T20:01:08.043625+00:00
2221,1765396868.064509,2025-12-10T20:01:08.064518+00:00
2222,1765396868.084411,2025-12-10T20:01:08.084417+00:00
2223,1765396868.101747,2025-12-10T20:01:08.101751+00:00
2224,1765396868.1226208,2025-12-10T20:01:08.122626+00:00
2225,1765396868.1399198,2025-12-10T20:01:08.139931+00:00
2226,1765396868.157761,2025-12-10T20:01:08.157765+00:00
2227,1765396868.1786492,2025-12-10T20:01:08.178652+00:00
2228,1765396868.199522,2025-12-10T20:01:08.199525+00:00
2229,1765396868.218822,2025-12-10T20:01:08.218835+00:00
2230,1765396868.239778,2025-12-10T20:01:08.239784+00:00
2231,1765396868.260662,2025-12-10T20:01:08.260664+00:00
2232,1765396868.278307,2025-12-10T20:01:08.278311+00:00
2233,1765396868.29918,2025-12-10T20:01:08.299186+00:00
2234,1765396868.318433,2025-12-10T20:01:08.318437+00:00
2235,1765396868.338527,2025-12-10T20:01:08.338531+00:00
2236,1765396868.358027,2025-12-10T20:01:08.358031+00:00
2237,1765396868.378894,2025-12-10T20:01:08.378897+00:00
2238,1765396868.395941,2025-12-10T20:01:08.395950+00:00
2239,1765396868.4168582,2025-12-10T20:01:08.416864+00:00
2240,1765396868.43775,2025-12-10T20:01:08.437751+00:00
2241,1765396868.4555259,2025-12-10T20:01:08.455529+00:00
2242,1765396868.4763892,2025-12-10T20:01:08.476395+00:00
2243,1765396868.4963148,2025-12-10T20:01:08.496319+00:00
2244,1765396868.517218,2025-12-10T20:01:08.517225+00:00
2245,1765396868.537193,2025-12-10T20:01:08.537195+00:00
2246,1765396868.557726,2025-12-10T20:01:08.557728+00:00
2247,1765396868.57859,2025-12-10T20:01:08.578594+00:00
2248,1765396868.598952,2025-12-10T20:01:08.598958+00:00
2249,1765396868.6198359,2025-12-10T20:01:08.619837+00:00
2250,1765396868.640311,2025-12-10T20:01:08.640312+00:00
2251,1765396868.66117,2025-12-10T20:01:08.661176+00:00
2252,1765396868.687451,2025-12-10T20:01:08.687461+00:00
2253,1765396868.710467,2025-12-10T20:01:08.710476+00:00
2254,1765396868.7516181,2025-12-10T20:01:08.751628+00:00
2255,1765396868.7691772,2025-12-10T20:01:08.769183+00:00
2256,1765396868.787497,2025-12-10T20:01:08.787508+00:00
2257,1765396868.808432,2025-12-10T20:01:08.808439+00:00
2258,1765396868.82933,2025-12-10T20:01:08.829336+00:00
2259,1765396868.8502321,2025-12-10T20:01:08.850237+00:00
2260,1765396868.8745348,2025-12-10T20:01:08.874637+00:00
2261,1765396868.897183,2025-12-10T20:01:08.897193+00:00
2262,1765396868.91811,2025-12-10T20:01:08.918121+00:00
2263,1765396868.936668,2025-12-10T20:01:08.936673+00:00
2264,1765396868.957558,2025-12-10T20:01:08.957566+00:00
2265,1765396868.976183,2025-12-10T20:01:08.976188+00:00
2266,1765396868.997059,2025-12-10T20:01:08.997064+00:00
2267,1765396869.017911,2025-12-10T20:01:09.017921+00:00
2268,1765396869.038804,2025-12-10T20:01:09.038809+00:00
2269,1765396869.0592902,2025-12-10T20:01:09.059296+00:00
2270,1765396869.077968,2025-12-10T20:01:09.077972+00:00
2271,1765396869.0950441,2025-12-10T20:01:09.095053+00:00
2272,1765396869.115965,2025-12-10T20:01:09.115971+00:00
2273,1765396869.136853,2025-12-10T20:01:09.136860+00:00
2274,1765396869.157752,2025-12-10T20:01:09.157758+00:00
2275,1765396869.178365,2025-12-10T20:01:09.178371+00:00
2276,1765396869.19925,2025-12-10T20:01:09.199257+00:00
2277,1765396869.2192562,2025-12-10T20:01:09.219260+00:00
2278,1765396869.23674,2025-12-10T20:01:09.236757+00:00
2279,1765396869.257649,2025-12-10T20:01:09.257657+00:00
2280,1765396869.278249,2025-12-10T20:01:09.278257+00:00
2281,1765396869.2963781,2025-12-10T20:01:09.296384+00:00
2282,1765396869.317267,2025-12-10T20:01:09.317278+00:00
2283,1765396869.336583,2025-12-10T20:01:09.336587+00:00
2284,1765396869.353684,2025-12-10T20:01:09.353690+00:00
2285,1765396869.3745909,2025-12-10T20:01:09.374596+00:00
2286,1765396869.3954701,2025-12-10T20:01:09.395477+00:00
2287,1765396869.414233,2025-12-10T20:01:09.414237+00:00
2288,1765396869.435126,2025-12-10T20:01:09.435141+00:00
2289,1765396869.4535449,2025-12-10T20:01:09.453554+00:00
2290,1765396869.47369,2025-12-10T20:01:09.473702+00:00
2291,1765396869.494611,2025-12-10T20:01:09.494616+00:00
2292,1765396869.51216,2025-12-10T20:01:09.512168+00:00
2293,1765396869.5316858,2025-12-10T20:01:09.531689+00:00
2294,1765396869.549514,2025-12-10T20:01:09.549519+00:00
2295,1765396869.568873,2025-12-10T20:01:09.568874+00:00
2296,1765396869.585801,2025-12-10T20:01:09.585804+00:00
2297,1765396869.606666,2025-12-10T20:01:09.606667+00:00
2298,1765396869.6251361,2025-12-10T20:01:09.625139+00:00
2299,1765396869.644913,2025-12-10T20:01:09.644915+00:00
2300,1765396869.662275,2025-12-10T20:01:09.662277+00:00
2301,1765396869.683155,2025-12-10T20:01:09.683158+00:00
2302,1765396869.7040372,2025-12-10T20:01:09.704041+00:00
2303,1765396869.723008,2025-12-10T20:01:09.723014+00:00
2304,1765396869.743144,2025-12-10T20:01:09.743148+00:00
2305,1765396869.761585,2025-12-10T20:01:09.761591+00:00
2306,1765396869.7813,2025-12-10T20:01:09.781306+00:00
2307,1765396869.802198,2025-12-10T20:01:09.802207+00:00
2308,1765396869.821589,2025-12-10T20:01:09.821596+00:00
2309,1765396869.840138,2025-12-10T20:01:09.840143+00:00
2310,1765396869.860684,2025-12-10T20:01:09.860690+00:00
2311,1765396869.8785422,2025-12-10T20:01:09.878551+00:00
2312,1765396869.899446,2025-12-10T20:01:09.899452+00:00
2313,1765396869.919938,2025-12-10T20:01:09.919947+00:00
2314,1765396869.9368708,2025-12-10T20:01:09.936885+00:00
2315,1765396869.955571,2025-12-10T20:01:09.955577+00:00
2316,1765396869.976479,2025-12-10T20:01:09.976489+00:00
2317,1765396869.995914,2025-12-10T20:01:09.995917+00:00
2318,1765396870.0167801,2025-12-10T20:01:10.016787+00:00
2319,1765396870.036866,2025-12-10T20:01:10.036874+00:00
2320,1765396870.057842,2025-12-10T20:01:10.057847+00:00
2321,1765396870.078397,2025-12-10T20:01:10.078404+00:00
2322,1765396870.096332,2025-12-10T20:01:10.096339+00:00
2323,1765396870.114827,2025-12-10T20:01:10.114833+00:00
2324,1765396870.1354299,2025-12-10T20:01:10.135437+00:00
2325,1765396870.153589,2025-12-10T20:01:10.153612+00:00
2326,1765396870.1739352,2025-12-10T20:01:10.173940+00:00
2327,1765396870.194816,2025-12-10T20:01:10.194824+00:00
2328,1765396870.215713,2025-12-10T20:01:10.215719+00:00
2329,1765396870.2364318,2025-12-10T20:01:10.236440+00:00
2330,1765396870.25732,2025-12-10T20:01:10.257325+00:00
2331,1765396870.274794,2025-12-10T20:01:10.274800+00:00
2332,1765396870.295679,2025-12-10T20:01:10.295687+00:00
2333,1765396870.315527,2025-12-10T20:01:10.315535+00:00
2334,1765396870.334185,2025-12-10T20:01:10.334191+00:00
2335,1765396870.3535402,2025-12-10T20:01:10.353555+00:00
2336,1765396870.3716428,2025-12-10T20:01:10.371650+00:00
2337,1765396870.392541,2025-12-10T20:01:10.392551+00:00
2338,1765396870.411405,2025-12-10T20:01:10.411415+00:00
2339,1765396870.432319,2025-12-10T20:01:10.432326+00:00
2340,1765396870.450332,2025-12-10T20:01:10.450338+00:00
2341,1765396870.470198,2025-12-10T20:01:10.470205+00:00
2342,1765396870.491423,2025-12-10T20:01:10.491431+00:00
2343,1765396870.510935,2025-12-10T20:01:10.510942+00:00
2344,1765396870.52877,2025-12-10T20:01:10.528778+00:00
2345,1765396870.549686,2025-12-10T20:01:10.549692+00:00
2346,1765396870.566449,2025-12-10T20:01:10.566457+00:00
2347,1765396870.586915,2025-12-10T20:01:10.586921+00:00
2348,1765396870.607808,2025-12-10T20:01:10.607816+00:00
2349,1765396870.6285381,2025-12-10T20:01:10.628552+00:00
2350,1765396870.648457,2025-12-10T20:01:10.648466+00:00
2351,1765396870.669376,2025-12-10T20:01:10.669381+00:00
2352,1765396870.686877,2025-12-10T20:01:10.686885+00:00
2353,1765396870.707797,2025-12-10T20:01:10.707803+00:00
2354,1765396870.7284648,2025-12-10T20:01:10.728479+00:00
2355,1765396870.747005,2025-12-10T20:01:10.747014+00:00
2356,1765396870.7665741,2025-12-10T20:01:10.766580+00:00
2357,1765396870.784439,2025-12-10T20:01:10.784445+00:00
2358,1765396870.805324,2025-12-10T20:01:10.805326+00:00
2359,1765396870.824832,2025-12-10T20:01:10.824860+00:00
2360,1765396870.842745,2025-12-10T20:01:10.842748+00:00
2361,1765396870.863626,2025-12-10T20:01:10.863630+00:00
2362,1765396870.884581,2025-12-10T20:01:10.884585+00:00
2363,1765396870.9055,2025-12-10T20:01:10.905508+00:00
2364,1765396870.9263942,2025-12-10T20:01:10.926400+00:00
2365,1765396870.947283,2025-12-10T20:01:10.947293+00:00
2366,1765396870.9657469,2025-12-10T20:01:10.965753+00:00
2367,1765396870.986631,2025-12-10T20:01:10.986638+00:00
2368,1765396871.006795,2025-12-10T20:01:11.006805+00:00
2369,1765396871.024448,2025-12-10T20:01:11.024466+00:00
2370,1765396871.04478,2025-12-10T20:01:11.044787+00:00
2371,1765396871.065315,2025-12-10T20:01:11.065327+00:00
2372,1765396871.0862238,2025-12-10T20:01:11.086229+00:00
2373,1765396871.104668,2025-12-10T20:01:11.104672+00:00
2374,1765396871.125546,2025-12-10T20:01:11.125552+00:00
2375,1765396871.146424,2025-12-10T20:01:11.146427+00:00
2376,1765396871.167295,2025-12-10T20:01:11.167301+00:00
2377,1765396871.188182,2025-12-10T20:01:11.188188+00:00
2378,1765396871.207967,2025-12-10T20:01:11.207972+00:00
2379,1765396871.22808,2025-12-10T20:01:11.228085+00:00
2380,1765396871.2489758,2025-12-10T20:01:11.248984+00:00
2381,1765396871.267467,2025-12-10T20:01:11.267474+00:00
2382,1765396871.287637,2025-12-10T20:01:11.287646+00:00
2383,1765396871.306983,2025-12-10T20:01:11.306998+00:00
2384,1765396871.3279161,2025-12-10T20:01:11.327922+00:00
2385,1765396871.3464792,2025-12-10T20:01:11.346485+00:00
2386,1765396871.367358,2025-12-10T20:01:11.367364+00:00
2387,1765396871.388247,2025-12-10T20:01:11.388262+00:00
2388,1765396871.407881,2025-12-10T20:01:11.407888+00:00
2389,1765396871.428757,2025-12-10T20:01:11.428761+00:00
2390,1765396871.449627,2025-12-10T20:01:11.449632+00:00
2391,1765396871.466785,2025-12-10T20:01:11.466793+00:00
2392,1765396871.487678,2025-12-10T20:01:11.487686+00:00
2393,1765396871.504609,2025-12-10T20:01:11.504619+00:00
2394,1765396871.5243561,2025-12-10T20:01:11.524361+00:00
2395,1765396871.545237,2025-12-10T20:01:11.545242+00:00
2396,1765396871.565953,2025-12-10T20:01:11.565957+00:00
2397,1765396871.583472,2025-12-10T20:01:11.583479+00:00
2398,1765396871.601179,2025-12-10T20:01:11.601192+00:00
2399,1765396871.6220999,2025-12-10T20:01:11.622105+00:00
2400,1765396871.6404622,2025-12-10T20:01:11.640466+00:00
2401,1765396871.6591291,2025-12-10T20:01:11.659134+00:00
2402,1765396871.6800268,2025-12-10T20:01:11.680036+00:00
2403,1765396871.699355,2025-12-10T20:01:11.699362+00:00
2404,1765396871.720255,2025-12-10T20:01:11.720261+00:00
2405,1765396871.7387,2025-12-10T20:01:11.738708+00:00
2406,1765396871.756473,2025-12-10T20:01:11.756490+00:00
2407,1765396871.7743108,2025-12-10T20:01:11.774320+00:00
2408,1765396871.7952142,2025-12-10T20:01:11.795218+00:00
2409,1765396871.816086,2025-12-10T20:01:11.816091+00:00
2410,1765396871.834917,2025-12-10T20:01:11.834925+00:00
2411,1765396871.855834,2025-12-10T20:01:11.855841+00:00
2412,1765396871.87675,2025-12-10T20:01:11.876770+00:00
2413,1765396871.8947132,2025-12-10T20:01:11.894716+00:00
2414,1765396871.91165,2025-12-10T20:01:11.911656+00:00
2415,1765396871.9320168,2025-12-10T20:01:11.932024+00:00
2416,1765396871.952933,2025-12-10T20:01:11.952941+00:00
2417,1765396871.970996,2025-12-10T20:01:11.971000+00:00
2418,1765396871.991126,2025-12-10T20:01:11.991140+00:00
2419,1765396872.012012,2025-12-10T20:01:12.012014+00:00
2420,1765396872.032257,2025-12-10T20:01:12.032320+00:00
2421,1765396872.0524852,2025-12-10T20:01:12.052492+00:00
2422,1765396872.073405,2025-12-10T20:01:12.073414+00:00
2423,1765396872.090484,2025-12-10T20:01:12.090490+00:00
2424,1765396872.111386,2025-12-10T20:01:12.111389+00:00
2425,1765396872.132092,2025-12-10T20:01:12.132094+00:00
2426,1765396872.152951,2025-12-10T20:01:12.152956+00:00
2427,1765396872.17371,2025-12-10T20:01:12.173718+00:00
2428,1765396872.1946292,2025-12-10T20:01:12.194636+00:00
2429,1765396872.215311,2025-12-10T20:01:12.215319+00:00
2430,1765396872.2362208,2025-12-10T20:01:12.236227+00:00
2431,1765396872.256726,2025-12-10T20:01:12.256737+00:00
2432,1765396872.2737448,2025-12-10T20:01:12.273749+00:00
2433,1765396872.294631,2025-12-10T20:01:12.294634+00:00
2434,1765396872.312604,2025-12-10T20:01:12.312607+00:00
2435,1765396872.3319738,2025-12-10T20:01:12.331976+00:00
2436,1765396872.350471,2025-12-10T20:01:12.350502+00:00
2437,1765396872.371417,2025-12-10T20:01:12.371426+00:00
2438,1765396872.3916001,2025-12-10T20:01:12.391612+00:00
2439,1765396872.412638,2025-12-10T20:01:12.412644+00:00
2440,1765396872.432634,2025-12-10T20:01:12.432642+00:00
2441,1765396872.4535198,2025-12-10T20:01:12.453524+00:00
2442,1765396872.474399,2025-12-10T20:01:12.474405+00:00
2443,1765396872.495284,2025-12-10T20:01:12.495291+00:00
2444,1765396872.51349,2025-12-10T20:01:12.513500+00:00
2445,1765396872.531352,2025-12-10T20:01:12.531357+00:00
2446,1765396872.5522969,2025-12-10T20:01:12.552307+00:00
2447,1765396872.571871,2025-12-10T20:01:12.571875+00:00
2448,1765396872.5901911,2025-12-10T20:01:12.590196+00:00
2449,1765396872.6099148,2025-12-10T20:01:12.609923+00:00
2450,1765396872.630831,2025-12-10T20:01:12.630845+00:00
2451,1765396872.64974,2025-12-10T20:01:12.649747+00:00
2452,1765396872.670866,2025-12-10T20:01:12.670871+00:00
2453,1765396872.688122,2025-12-10T20:01:12.688131+00:00
2454,1765396872.709049,2025-12-10T20:01:12.709061+00:00
2455,1765396872.729967,2025-12-10T20:01:12.729971+00:00
2456,1765396872.750016,2025-12-10T20:01:12.750024+00:00
2457,1765396872.7698328,2025-12-10T20:01:12.769840+00:00
2458,1765396872.790761,2025-12-10T20:01:12.790767+00:00
2459,1765396872.811635,2025-12-10T20:01:12.811642+00:00
2460,1765396872.832299,2025-12-10T20:01:12.832324+00:00
2461,1765396872.849174,2025-12-10T20:01:12.849180+00:00
2462,1765396872.8659241,2025-12-10T20:01:12.865930+00:00
2463,1765396872.8868291,2025-12-10T20:01:12.886835+00:00
2464,1765396872.907438,2025-12-10T20:01:12.907443+00:00
2465,1765396872.9243279,2025-12-10T20:01:12.924336+00:00
2466,1765396872.944056,2025-12-10T20:01:12.944065+00:00
2467,1765396872.9717472,2025-12-10T20:01:12.972257+00:00
2468,1765396872.991062,2025-12-10T20:01:12.991087+00:00
2469,1765396873.0082428,2025-12-10T20:01:13.008249+00:00
2470,1765396873.0291572,2025-12-10T20:01:13.029166+00:00
2471,1765396873.049393,2025-12-10T20:01:13.049400+00:00
2472,1765396873.070344,2025-12-10T20:01:13.070346+00:00
2473,1765396873.089355,2025-12-10T20:01:13.089357+00:00
2474,1765396873.107742,2025-12-10T20:01:13.107744+00:00
2475,1765396873.128611,2025-12-10T20:01:13.128614+00:00
2476,1765396873.149396,2025-12-10T20:01:13.149401+00:00
2477,1765396873.169678,2025-12-10T20:01:13.169679+00:00
2478,1765396873.190537,2025-12-10T20:01:13.190541+00:00
2479,1765396873.2114089,2025-12-10T20:01:13.211416+00:00
2480,1765396873.2322931,2025-12-10T20:01:13.232296+00:00
2481,1765396873.249036,2025-12-10T20:01:13.249043+00:00
2482,1765396873.2686012,2025-12-10T20:01:13.268615+00:00
2483,1765396873.287172,2025-12-10T20:01:13.287180+00:00
2484,1765396873.305811,2025-12-10T20:01:13.305850+00:00
2485,1765396873.326499,2025-12-10T20:01:13.326519+00:00
2486,1765396873.3438668,2025-12-10T20:01:13.343876+00:00
2487,1765396873.361644,2025-12-10T20:01:13.361653+00:00
2488,1765396873.380234,2025-12-10T20:01:13.380243+00:00
2489,1765396873.40044,2025-12-10T20:01:13.400450+00:00
2490,1765396873.420187,2025-12-10T20:01:13.420194+00:00
2491,1765396873.44173,2025-12-10T20:01:13.441737+00:00
2492,1765396873.4626272,2025-12-10T20:01:13.462635+00:00
2493,1765396873.4817889,2025-12-10T20:01:13.481795+00:00
2494,1765396873.500087,2025-12-10T20:01:13.500090+00:00
2495,1765396873.52082,2025-12-10T20:01:13.520821+00:00
2496,1765396873.541685,2025-12-10T20:01:13.541693+00:00
2497,1765396873.562591,2025-12-10T20:01:13.562596+00:00
2498,1765396873.583472,2025-12-10T20:01:13.583479+00:00
2499,1765396873.604013,2025-12-10T20:01:13.604082+00:00
2500,1765396873.624991,2025-12-10T20:01:13.624996+00:00
2501,1765396873.645878,2025-12-10T20:01:13.645888+00:00
2502,1765396873.66375,2025-12-10T20:01:13.663769+00:00
2503,1765396873.683032,2025-12-10T20:01:13.683037+00:00
2504,1765396873.69988,2025-12-10T20:01:13.699885+00:00
2505,1765396873.718421,2025-12-10T20:01:13.718426+00:00
2506,1765396873.7393222,2025-12-10T20:01:13.739341+00:00
2507,1765396873.759849,2025-12-10T20:01:13.759857+00:00
2508,1765396873.778549,2025-12-10T20:01:13.778554+00:00
2509,1765396873.7960918,2025-12-10T20:01:13.796100+00:00
2510,1765396873.817008,2025-12-10T20:01:13.817012+00:00
2511,1765396873.837013,2025-12-10T20:01:13.837024+00:00
2512,1765396873.8547132,2025-12-10T20:01:13.854717+00:00
2513,1765396873.874729,2025-12-10T20:01:13.874735+00:00
2514,1765396873.8946822,2025-12-10T20:01:13.894684+00:00
2515,1765396873.914965,2025-12-10T20:01:13.914972+00:00
2516,1765396873.9358652,2025-12-10T20:01:13.935870+00:00
2517,1765396873.955775,2025-12-10T20:01:13.955778+00:00
2518,1765396873.976647,2025-12-10T20:01:13.976649+00:00
2519,1765396873.997497,2025-12-10T20:01:13.997498+00:00
2520,1765396874.0198138,2025-12-10T20:01:14.019821+00:00
2521,1765396874.043209,2025-12-10T20:01:14.043218+00:00
2522,1765396874.061901,2025-12-10T20:01:14.061913+00:00
2523,1765396874.080906,2025-12-10T20:01:14.080917+00:00
2524,1765396874.0999732,2025-12-10T20:01:14.099978+00:00
2525,1765396874.11919,2025-12-10T20:01:14.119198+00:00
2526,1765396874.138944,2025-12-10T20:01:14.138958+00:00
2527,1765396874.158506,2025-12-10T20:01:14.158523+00:00
2528,1765396874.175981,2025-12-10T20:01:14.175987+00:00
2529,1765396874.194806,2025-12-10T20:01:14.194811+00:00
2530,1765396874.215701,2025-12-10T20:01:14.215711+00:00
2531,1765396874.2366452,2025-12-10T20:01:14.236652+00:00
2532,1765396874.2534149,2025-12-10T20:01:14.253426+00:00
2533,1765396874.2734761,2025-12-10T20:01:14.273483+00:00
2534,1765396874.2912462,2025-12-10T20:01:14.291253+00:00
2535,1765396874.3104188,2025-12-10T20:01:14.310423+00:00
2536,1765396874.3313012,2025-12-10T20:01:14.331315+00:00
2537,1765396874.3494542,2025-12-10T20:01:14.349457+00:00
2538,1765396874.3703198,2025-12-10T20:01:14.370324+00:00
2539,1765396874.389935,2025-12-10T20:01:14.389938+00:00
2540,1765396874.406661,2025-12-10T20:01:14.406665+00:00
2541,1765396874.427528,2025-12-10T20:01:14.427529+00:00
2542,1765396874.4483929,2025-12-10T20:01:14.448396+00:00
2543,1765396874.465748,2025-12-10T20:01:14.465752+00:00
2544,1765396874.4866402,2025-12-10T20:01:14.486646+00:00
2545,1765396874.507541,2025-12-10T20:01:14.507549+00:00
2546,1765396874.527589,2025-12-10T20:01:14.527595+00:00
2547,1765396874.548476,2025-12-10T20:01:14.548494+00:00
2548,1765396874.5660748,2025-12-10T20:01:14.566079+00:00
2549,1765396874.586893,2025-12-10T20:01:14.586897+00:00
2550,1765396874.6077938,2025-12-10T20:01:14.607800+00:00
2551,1765396874.630408,2025-12-10T20:01:14.630416+00:00
2552,1765396874.6498299,2025-12-10T20:01:14.649834+00:00
2553,1765396874.668001,2025-12-10T20:01:14.668004+00:00
2554,1765396874.6888692,2025-12-10T20:01:14.688875+00:00
2555,1765396874.707236,2025-12-10T20:01:14.707238+00:00
2556,1765396874.72501,2025-12-10T20:01:14.725018+00:00
2557,1765396874.7459042,2025-12-10T20:01:14.745906+00:00
2558,1765396874.766763,2025-12-10T20:01:14.766766+00:00
2559,1765396874.78763,2025-12-10T20:01:14.787637+00:00
2560,1765396874.806797,2025-12-10T20:01:14.806801+00:00
2561,1765396874.8276951,2025-12-10T20:01:14.827703+00:00
2562,1765396874.848489,2025-12-10T20:01:14.848499+00:00
2563,1765396874.867897,2025-12-10T20:01:14.867899+00:00
2564,1765396874.888768,2025-12-10T20:01:14.888774+00:00
2565,1765396874.9068549,2025-12-10T20:01:14.906867+00:00
2566,1765396874.927777,2025-12-10T20:01:14.927799+00:00
2567,1765396874.948488,2025-12-10T20:01:14.948494+00:00
2568,1765396874.969393,2025-12-10T20:01:14.969397+00:00
2569,1765396874.987894,2025-12-10T20:01:14.987902+00:00
2570,1765396875.0081742,2025-12-10T20:01:15.008179+00:00
2571,1765396875.026208,2025-12-10T20:01:15.026219+00:00
2572,1765396875.04373,2025-12-10T20:01:15.043739+00:00
2573,1765396875.061918,2025-12-10T20:01:15.061924+00:00
2574,1765396875.084069,2025-12-10T20:01:15.084074+00:00
2575,1765396875.109267,2025-12-10T20:01:15.109271+00:00
2576,1765396875.128028,2025-12-10T20:01:15.128033+00:00
2577,1765396875.1489012,2025-12-10T20:01:15.148906+00:00
2578,1765396875.1702242,2025-12-10T20:01:15.170240+00:00
2579,1765396875.189377,2025-12-10T20:01:15.189382+00:00
2580,1765396875.2102559,2025-12-10T20:01:15.210261+00:00
2581,1765396875.231137,2025-12-10T20:01:15.231144+00:00
2582,1765396875.2484748,2025-12-10T20:01:15.248478+00:00
2583,1765396875.2678568,2025-12-10T20:01:15.267882+00:00
2584,1765396875.286816,2025-12-10T20:01:15.286823+00:00
2585,1765396875.3077078,2025-12-10T20:01:15.307712+00:00
2586,1765396875.3285959,2025-12-10T20:01:15.328602+00:00
2587,1765396875.349486,2025-12-10T20:01:15.349490+00:00
2588,1765396875.370355,2025-12-10T20:01:15.370358+00:00
2589,1765396875.387869,2025-12-10T20:01:15.387878+00:00
2590,1765396875.408759,2025-12-10T20:01:15.408761+00:00
2591,1765396875.426919,2025-12-10T20:01:15.426923+00:00
2592,1765396875.443864,2025-12-10T20:01:15.443865+00:00
2593,1765396875.464809,2025-12-10T20:01:15.464813+00:00
2594,1765396875.485694,2025-12-10T20:01:15.485695+00:00
2595,1765396875.5065448,2025-12-10T20:01:15.506546+00:00
2596,1765396875.527391,2025-12-10T20:01:15.527392+00:00
2597,1765396875.548247,2025-12-10T20:01:15.548253+00:00
2598,1765396875.5674071,2025-12-10T20:01:15.567415+00:00
2599,1765396875.588321,2025-12-10T20:01:15.588328+00:00
2600,1765396875.6093361,2025-12-10T20:01:15.609344+00:00
2601,1765396875.6302521,2025-12-10T20:01:15.630260+00:00
2602,1765396875.6487029,2025-12-10T20:01:15.648714+00:00
2603,1765396875.666212,2025-12-10T20:01:15.666213+00:00
2604,1765396875.6837919,2025-12-10T20:01:15.683797+00:00
2605,1765396875.702676,2025-12-10T20:01:15.702677+00:00
2606,1765396875.723543,2025-12-10T20:01:15.723551+00:00
2607,1765396875.744459,2025-12-10T20:01:15.744463+00:00
2608,1765396875.7626932,2025-12-10T20:01:15.762695+00:00
2609,1765396875.78028,2025-12-10T20:01:15.780291+00:00
2610,1765396875.801203,2025-12-10T20:01:15.801210+00:00
2611,1765396875.820265,2025-12-10T20:01:15.820281+00:00
2612,1765396875.841192,2025-12-10T20:01:15.841197+00:00
2613,1765396875.8585558,2025-12-10T20:01:15.858561+00:00
2614,1765396875.879456,2025-12-10T20:01:15.879461+00:00
2615,1765396875.900357,2025-12-10T20:01:15.900440+00:00
2616,1765396875.9213288,2025-12-10T20:01:15.921337+00:00
2617,1765396875.9388008,2025-12-10T20:01:15.938808+00:00
2618,1765396875.956609,2025-12-10T20:01:15.956612+00:00
2619,1765396875.9774752,2025-12-10T20:01:15.977478+00:00
2620,1765396875.998334,2025-12-10T20:01:15.998336+00:00
2621,1765396876.0179992,2025-12-10T20:01:16.018005+00:00
2622,1765396876.038901,2025-12-10T20:01:16.038904+00:00
2623,1765396876.0597801,2025-12-10T20:01:16.059791+00:00
2624,1765396876.080704,2025-12-10T20:01:16.080710+00:00
2625,1765396876.1016178,2025-12-10T20:01:16.101624+00:00
2626,1765396876.1225028,2025-12-10T20:01:16.122504+00:00
2627,1765396876.143353,2025-12-10T20:01:16.143354+00:00
2628,1765396876.1619132,2025-12-10T20:01:16.161915+00:00
2629,1765396876.182774,2025-12-10T20:01:16.182775+00:00
2630,1765396876.200822,2025-12-10T20:01:16.200827+00:00
2631,1765396876.218349,2025-12-10T20:01:16.218351+00:00
2632,1765396876.239216,2025-12-10T20:01:16.239217+00:00
2633,1765396876.258612,2025-12-10T20:01:16.258614+00:00
2634,1765396876.279499,2025-12-10T20:01:16.279504+00:00
2635,1765396876.300415,2025-12-10T20:01:16.300423+00:00
2636,1765396876.321324,2025-12-10T20:01:16.321331+00:00
2637,1765396876.3422232,2025-12-10T20:01:16.342227+00:00
2638,1765396876.361566,2025-12-10T20:01:16.361569+00:00
2639,1765396876.380787,2025-12-10T20:01:16.380816+00:00
2640,1765396876.4008708,2025-12-10T20:01:16.400876+00:00
2641,1765396876.419858,2025-12-10T20:01:16.419866+00:00
2642,1765396876.4407759,2025-12-10T20:01:16.440786+00:00
2643,1765396876.460259,2025-12-10T20:01:16.460262+00:00
2644,1765396876.476993,2025-12-10T20:01:16.476997+00:00
2645,1765396876.495256,2025-12-10T20:01:16.495263+00:00
2646,1765396876.51617,2025-12-10T20:01:16.516175+00:00
2647,1765396876.5363781,2025-12-10T20:01:16.536380+00:00
2648,1765396876.555341,2025-12-10T20:01:16.555346+00:00
2649,1765396876.5762382,2025-12-10T20:01:16.576242+00:00
2650,1765396876.595259,2025-12-10T20:01:16.595263+00:00
2651,1765396876.613821,2025-12-10T20:01:16.613823+00:00
2652,1765396876.631083,2025-12-10T20:01:16.631087+00:00
2653,1765396876.6512032,2025-12-10T20:01:16.651204+00:00
2654,1765396876.672052,2025-12-10T20:01:16.672054+00:00
2655,1765396876.6917179,2025-12-10T20:01:16.691721+00:00
2656,1765396876.709934,2025-12-10T20:01:16.709941+00:00
2657,1765396876.727338,2025-12-10T20:01:16.727347+00:00
2658,1765396876.7482612,2025-12-10T20:01:16.748268+00:00
2659,1765396876.768977,2025-12-10T20:01:16.768981+00:00
2660,1765396876.789857,2025-12-10T20:01:16.789865+00:00
2661,1765396876.810797,2025-12-10T20:01:16.810806+00:00
2662,1765396876.831282,2025-12-10T20:01:16.831290+00:00
2663,1765396876.851027,2025-12-10T20:01:16.851032+00:00
2664,1765396876.870243,2025-12-10T20:01:16.870244+00:00
2665,1765396876.891093,2025-12-10T20:01:16.891095+00:00
2666,1765396876.911909,2025-12-10T20:01:16.911913+00:00
2667,1765396876.932767,2025-12-10T20:01:16.932779+00:00
2668,1765396876.95223,2025-12-10T20:01:16.952235+00:00
2669,1765396876.972215,2025-12-10T20:01:16.972223+00:00
2670,1765396876.989187,2025-12-10T20:01:16.989193+00:00
2671,1765396877.009409,2025-12-10T20:01:17.009412+00:00
2672,1765396877.0290291,2025-12-10T20:01:17.029037+00:00
2673,1765396877.046082,2025-12-10T20:01:17.046087+00:00
2674,1765396877.0630772,2025-12-10T20:01:17.063081+00:00
2675,1765396877.0839438,2025-12-10T20:01:17.083948+00:00
2676,1765396877.1035972,2025-12-10T20:01:17.103603+00:00
2677,1765396877.12156,2025-12-10T20:01:17.121576+00:00
2678,1765396877.142486,2025-12-10T20:01:17.142489+00:00
2679,1765396877.16192,2025-12-10T20:01:17.161925+00:00
2680,1765396877.182797,2025-12-10T20:01:17.182808+00:00
2681,1765396877.203595,2025-12-10T20:01:17.203597+00:00
2682,1765396877.224328,2025-12-10T20:01:17.224334+00:00
2683,1765396877.2411032,2025-12-10T20:01:17.241107+00:00
2684,1765396877.258911,2025-12-10T20:01:17.258913+00:00
2685,1765396877.279799,2025-12-10T20:01:17.279822+00:00
2686,1765396877.300426,2025-12-10T20:01:17.300429+00:00
2687,1765396877.320544,2025-12-10T20:01:17.320547+00:00
2688,1765396877.340469,2025-12-10T20:01:17.340472+00:00
2689,1765396877.359204,2025-12-10T20:01:17.359207+00:00
2690,1765396877.378617,2025-12-10T20:01:17.378618+00:00
2691,1765396877.398386,2025-12-10T20:01:17.398391+00:00
2692,1765396877.41925,2025-12-10T20:01:17.419251+00:00
2693,1765396877.44013,2025-12-10T20:01:17.440139+00:00
2694,1765396877.4610372,2025-12-10T20:01:17.461044+00:00
2695,1765396877.481915,2025-12-10T20:01:17.481919+00:00
2696,1765396877.5025358,2025-12-10T20:01:17.502545+00:00
2697,1765396877.5234501,2025-12-10T20:01:17.523457+00:00
2698,1765396877.540865,2025-12-10T20:01:17.540871+00:00
2699,1765396877.5577102,2025-12-10T20:01:17.557715+00:00
2700,1765396877.575268,2025-12-10T20:01:17.575277+00:00
2701,1765396877.5922701,2025-12-10T20:01:17.592272+00:00
2702,1765396877.6106722,2025-12-10T20:01:17.610677+00:00
2703,1765396877.628583,2025-12-10T20:01:17.628585+00:00
2704,1765396877.649448,2025-12-10T20:01:17.649451+00:00
2705,1765396877.669983,2025-12-10T20:01:17.669986+00:00
2706,1765396877.690857,2025-12-10T20:01:17.690861+00:00
2707,1765396877.708597,2025-12-10T20:01:17.708623+00:00
2708,1765396877.726571,2025-12-10T20:01:17.726572+00:00
2709,1765396877.7452512,2025-12-10T20:01:17.745251+00:00
2710,1765396877.7660952,2025-12-10T20:01:17.766095+00:00
2711,1765396877.78571,2025-12-10T20:01:17.785715+00:00
2712,1765396877.8066041,2025-12-10T20:01:17.806610+00:00
2713,1765396877.827345,2025-12-10T20:01:17.827348+00:00
2714,1765396877.848223,2025-12-10T20:01:17.848225+00:00
2715,1765396877.86908,2025-12-10T20:01:17.869081+00:00
2716,1765396877.889937,2025-12-10T20:01:17.889943+00:00
2717,1765396877.9068701,2025-12-10T20:01:17.906878+00:00
2718,1765396877.926925,2025-12-10T20:01:17.926930+00:00
2719,1765396877.9472482,2025-12-10T20:01:17.947253+00:00
2720,1765396877.968128,2025-12-10T20:01:17.968128+00:00
2721,1765396877.985829,2025-12-10T20:01:17.985830+00:00
2722,1765396878.0066812,2025-12-10T20:01:18.006683+00:00
2723,1765396878.02389,2025-12-10T20:01:18.023895+00:00
2724,1765396878.044765,2025-12-10T20:01:18.044769+00:00
2725,1765396878.062662,2025-12-10T20:01:18.062668+00:00
2726,1765396878.0835578,2025-12-10T20:01:18.083564+00:00
2727,1765396878.100554,2025-12-10T20:01:18.100560+00:00
2728,1765396878.120811,2025-12-10T20:01:18.120817+00:00
2729,1765396878.140851,2025-12-10T20:01:18.140858+00:00
2730,1765396878.159342,2025-12-10T20:01:18.159359+00:00
2731,1765396878.178601,2025-12-10T20:01:18.178607+00:00
2732,1765396878.1994948,2025-12-10T20:01:18.199498+00:00
2733,1765396878.2193542,2025-12-10T20:01:18.219359+00:00
2734,1765396878.236181,2025-12-10T20:01:18.236188+00:00
2735,1765396878.257066,2025-12-10T20:01:18.257073+00:00
2736,1765396878.277654,2025-12-10T20:01:18.277658+00:00
2737,1765396878.2973819,2025-12-10T20:01:18.297388+00:00
2738,1765396878.316851,2025-12-10T20:01:18.316860+00:00
2739,1765396878.336583,2025-12-10T20:01:18.336590+00:00
2740,1765396878.3557298,2025-12-10T20:01:18.355738+00:00
2741,1765396878.375124,2025-12-10T20:01:18.375130+00:00
2742,1765396878.392278,2025-12-10T20:01:18.392283+00:00
2743,1765396878.412003,2025-12-10T20:01:18.412007+00:00
2744,1765396878.4327822,2025-12-10T20:01:18.432785+00:00
2745,1765396878.449576,2025-12-10T20:01:18.449576+00:00
2746,1765396878.4704242,2025-12-10T20:01:18.470425+00:00
2747,1765396878.491285,2025-12-10T20:01:18.491289+00:00
2748,1765396878.510221,2025-12-10T20:01:18.510225+00:00
2749,1765396878.529841,2025-12-10T20:01:18.529842+00:00
2750,1765396878.550692,2025-12-10T20:01:18.550696+00:00
2751,1765396878.571576,2025-12-10T20:01:18.571582+00:00
2752,1765396878.5925682,2025-12-10T20:01:18.592570+00:00
2753,1765396878.611935,2025-12-10T20:01:18.611940+00:00
2754,1765396878.6295948,2025-12-10T20:01:18.629597+00:00
2755,1765396878.650453,2025-12-10T20:01:18.650456+00:00
2756,1765396878.671326,2025-12-10T20:01:18.671331+00:00
2757,1765396878.689632,2025-12-10T20:01:18.689633+00:00
2758,1765396878.710479,2025-12-10T20:01:18.710480+00:00
2759,1765396878.7288609,2025-12-10T20:01:18.728865+00:00
2760,1765396878.749762,2025-12-10T20:01:18.749769+00:00
2761,1765396878.770664,2025-12-10T20:01:18.770664+00:00
2762,1765396878.7897012,2025-12-10T20:01:18.789711+00:00
2763,1765396878.810689,2025-12-10T20:01:18.810697+00:00
2764,1765396878.831611,2025-12-10T20:01:18.831618+00:00
2765,1765396878.850892,2025-12-10T20:01:18.850897+00:00
2766,1765396878.87026,2025-12-10T20:01:18.870262+00:00
2767,1765396878.891115,2025-12-10T20:01:18.891115+00:00
2768,1765396878.91199,2025-12-10T20:01:18.911996+00:00
2769,1765396878.930263,2025-12-10T20:01:18.930265+00:00
2770,1765396878.9511292,2025-12-10T20:01:18.951136+00:00
2771,1765396878.971381,2025-12-10T20:01:18.971382+00:00
2772,1765396878.9922361,2025-12-10T20:01:18.992238+00:00
2773,1765396879.0131142,2025-12-10T20:01:19.013120+00:00
2774,1765396879.032845,2025-12-10T20:01:19.032849+00:00
2775,1765396879.052853,2025-12-10T20:01:19.052861+00:00
2776,1765396879.070275,2025-12-10T20:01:19.070281+00:00
2777,1765396879.091176,2025-12-10T20:01:19.091179+00:00
2778,1765396879.111679,2025-12-10T20:01:19.111681+00:00
2779,1765396879.132549,2025-12-10T20:01:19.132551+00:00
2780,1765396879.153048,2025-12-10T20:01:19.153050+00:00
2781,1765396879.17235,2025-12-10T20:01:19.172352+00:00
2782,1765396879.1932118,2025-12-10T20:01:19.193213+00:00
2783,1765396879.2115588,2025-12-10T20:01:19.211563+00:00
2784,1765396879.231571,2025-12-10T20:01:19.231576+00:00
2785,1765396879.252476,2025-12-10T20:01:19.252479+00:00
2786,1765396879.273352,2025-12-10T20:01:19.273355+00:00
2787,1765396879.2941902,2025-12-10T20:01:19.294194+00:00
2788,1765396879.314361,2025-12-10T20:01:19.314364+00:00
2789,1765396879.335028,2025-12-10T20:01:19.335030+00:00
2790,1765396879.3558831,2025-12-10T20:01:19.355886+00:00
2791,1765396879.376758,2025-12-10T20:01:19.376762+00:00
2792,1765396879.3976488,2025-12-10T20:01:19.397653+00:00
2793,1765396879.4147809,2025-12-10T20:01:19.414782+00:00
2794,1765396879.43564,2025-12-10T20:01:19.435643+00:00
2795,1765396879.455252,2025-12-10T20:01:19.455253+00:00
2796,1765396879.4732642,2025-12-10T20:01:19.473269+00:00
2797,1765396879.490842,2025-12-10T20:01:19.490843+00:00
2798,1765396879.510836,2025-12-10T20:01:19.510837+00:00
2799,1765396879.530138,2025-12-10T20:01:19.530143+00:00
2800,1765396879.550694,2025-12-10T20:01:19.550699+00:00
2801,1765396879.570325,2025-12-10T20:01:19.570332+00:00
2802,1765396879.591212,2025-12-10T20:01:19.591214+00:00
2803,1765396879.611588,2025-12-10T20:01:19.611590+00:00
2804,1765396879.6324449,2025-12-10T20:01:19.632452+00:00
2805,1765396879.6523368,2025-12-10T20:01:19.652341+00:00
2806,1765396879.6702762,2025-12-10T20:01:19.670277+00:00
2807,1765396879.687989,2025-12-10T20:01:19.687993+00:00
2808,1765396879.7082932,2025-12-10T20:01:19.708301+00:00
2809,1765396879.729198,2025-12-10T20:01:19.729205+00:00
2810,1765396879.7486348,2025-12-10T20:01:19.748639+00:00
2811,1765396879.766138,2025-12-10T20:01:19.766139+00:00
2812,1765396879.783514,2025-12-10T20:01:19.783518+00:00
2813,1765396879.803703,2025-12-10T20:01:19.803706+00:00
2814,1765396879.822592,2025-12-10T20:01:19.822597+00:00
2815,1765396879.843491,2025-12-10T20:01:19.843495+00:00
2816,1765396879.863342,2025-12-10T20:01:19.863344+00:00
2817,1765396879.884207,2025-12-10T20:01:19.884209+00:00
2818,1765396879.904153,2025-12-10T20:01:19.904157+00:00
2819,1765396879.9228191,2025-12-10T20:01:19.922822+00:00
2820,1765396879.94305,2025-12-10T20:01:19.943051+00:00
2821,1765396879.9619389,2025-12-10T20:01:19.961939+00:00
2822,1765396879.982815,2025-12-10T20:01:19.982816+00:00
2823,1765396880.0036612,2025-12-10T20:01:20.003664+00:00
2824,1765396880.022835,2025-12-10T20:01:20.022840+00:00
2825,1765396880.043722,2025-12-10T20:01:20.043728+00:00
2826,1765396880.064621,2025-12-10T20:01:20.064629+00:00
2827,1765396880.081883,2025-12-10T20:01:20.081887+00:00
2828,1765396880.102761,2025-12-10T20:01:20.102768+00:00
2829,1765396880.123656,2025-12-10T20:01:20.123661+00:00
2830,1765396880.1404228,2025-12-10T20:01:20.140426+00:00
2831,1765396880.160836,2025-12-10T20:01:20.160842+00:00
2832,1765396880.181744,2025-12-10T20:01:20.181751+00:00
2833,1765396880.202639,2025-12-10T20:01:20.202642+00:00
2834,1765396880.223514,2025-12-10T20:01:20.223520+00:00
2835,1765396880.240851,2025-12-10T20:01:20.240853+00:00
2836,1765396880.258044,2025-12-10T20:01:20.258049+00:00
2837,1765396880.278924,2025-12-10T20:01:20.278925+00:00
2838,1765396880.299786,2025-12-10T20:01:20.299790+00:00
2839,1765396880.320268,2025-12-10T20:01:20.320271+00:00
2840,1765396880.341137,2025-12-10T20:01:20.341141+00:00
2841,1765396880.3619509,2025-12-10T20:01:20.361956+00:00
2842,1765396880.3828402,2025-12-10T20:01:20.382842+00:00
2843,1765396880.403701,2025-12-10T20:01:20.403705+00:00
2844,1765396880.423394,2025-12-10T20:01:20.423399+00:00
2845,1765396880.444281,2025-12-10T20:01:20.444283+00:00
2846,1765396880.463756,2025-12-10T20:01:20.463760+00:00
2847,1765396880.484632,2025-12-10T20:01:20.484633+00:00
2848,1765396880.505483,2025-12-10T20:01:20.505490+00:00
2849,1765396880.526382,2025-12-10T20:01:20.526384+00:00
2850,1765396880.545384,2025-12-10T20:01:20.545392+00:00
2851,1765396880.565192,2025-12-10T20:01:20.565198+00:00
2852,1765396880.586087,2025-12-10T20:01:20.586092+00:00
2853,1765396880.606977,2025-12-10T20:01:20.606983+00:00
2854,1765396880.626462,2025-12-10T20:01:20.626466+00:00
2855,1765396880.6453261,2025-12-10T20:01:20.645327+00:00
2856,1765396880.6661818,2025-12-10T20:01:20.666184+00:00
2857,1765396880.6842701,2025-12-10T20:01:20.684273+00:00
2858,1765396880.703022,2025-12-10T20:01:20.703025+00:00
2859,1765396880.7239082,2025-12-10T20:01:20.723913+00:00
2860,1765396880.744791,2025-12-10T20:01:20.744794+00:00
2861,1765396880.7656598,2025-12-10T20:01:20.765664+00:00
2862,1765396880.7843242,2025-12-10T20:01:20.784326+00:00
2863,1765396880.8043342,2025-12-10T20:01:20.804338+00:00
2864,1765396880.8252008,2025-12-10T20:01:20.825204+00:00
2865,1765396880.846072,2025-12-10T20:01:20.846076+00:00
2866,1765396880.8669581,2025-12-10T20:01:20.866963+00:00
2867,1765396880.8856971,2025-12-10T20:01:20.885699+00:00
2868,1765396880.90656,2025-12-10T20:01:20.906568+00:00
2869,1765396880.926181,2025-12-10T20:01:20.926185+00:00
2870,1765396880.944542,2025-12-10T20:01:20.944544+00:00
2871,1765396880.963392,2025-12-10T20:01:20.963394+00:00
2872,1765396880.9842482,2025-12-10T20:01:20.984250+00:00
2873,1765396881.005124,2025-12-10T20:01:21.005132+00:00
2874,1765396881.024009,2025-12-10T20:01:21.024014+00:00
2875,1765396881.041173,2025-12-10T20:01:21.041177+00:00
2876,1765396881.061971,2025-12-10T20:01:21.061981+00:00
2877,1765396881.08288,2025-12-10T20:01:21.082883+00:00
2878,1765396881.101902,2025-12-10T20:01:21.101906+00:00
2879,1765396881.122793,2025-12-10T20:01:21.122810+00:00
2880,1765396881.143245,2025-12-10T20:01:21.143252+00:00
2881,1765396881.164041,2025-12-10T20:01:21.164047+00:00
2882,1765396881.1823611,2025-12-10T20:01:21.182367+00:00
2883,1765396881.203237,2025-12-10T20:01:21.203241+00:00
2884,1765396881.224108,2025-12-10T20:01:21.224113+00:00
2885,1765396881.241733,2025-12-10T20:01:21.241735+00:00
2886,1765396881.2626,2025-12-10T20:01:21.262604+00:00
2887,1765396881.2798998,2025-12-10T20:01:21.279902+00:00
2888,1765396881.2980359,2025-12-10T20:01:21.298037+00:00
2889,1765396881.317597,2025-12-10T20:01:21.317601+00:00
2890,1765396881.336967,2025-12-10T20:01:21.336970+00:00
2891,1765396881.357831,2025-12-10T20:01:21.357835+00:00
2892,1765396881.378719,2025-12-10T20:01:21.378722+00:00
2893,1765396881.399586,2025-12-10T20:01:21.399592+00:00
2894,1765396881.420537,2025-12-10T20:01:21.420543+00:00
2895,1765396881.43967,2025-12-10T20:01:21.439677+00:00
2896,1765396881.457581,2025-12-10T20:01:21.457588+00:00
2897,1765396881.477678,2025-12-10T20:01:21.477683+00:00
2898,1765396881.498562,2025-12-10T20:01:21.498568+00:00
2899,1765396881.519468,2025-12-10T20:01:21.519476+00:00
2900,1765396881.540376,2025-12-10T20:01:21.540383+00:00
2901,1765396881.5578089,2025-12-10T20:01:21.557820+00:00
2902,1765396881.578169,2025-12-10T20:01:21.578175+00:00
2903,1765396881.599055,2025-12-10T20:01:21.599059+00:00
2904,1765396881.619931,2025-12-10T20:01:21.619937+00:00
2905,1765396881.6401951,2025-12-10T20:01:21.640203+00:00
2906,1765396881.659913,2025-12-10T20:01:21.659920+00:00
2907,1765396881.6806982,2025-12-10T20:01:21.680702+00:00
2908,1765396881.698571,2025-12-10T20:01:21.698577+00:00
2909,1765396881.7161229,2025-12-10T20:01:21.716128+00:00
2910,1765396881.7355058,2025-12-10T20:01:21.735507+00:00
2911,1765396881.755577,2025-12-10T20:01:21.755582+00:00
2912,1765396881.773512,2025-12-10T20:01:21.773515+00:00
2913,1765396881.7929778,2025-12-10T20:01:21.792983+00:00
2914,1765396881.813018,2025-12-10T20:01:21.813024+00:00
2915,1765396881.8339021,2025-12-10T20:01:21.833905+00:00
2916,1765396881.851362,2025-12-10T20:01:21.851367+00:00
2917,1765396881.872242,2025-12-10T20:01:21.872243+00:00
2918,1765396881.891142,2025-12-10T20:01:21.891144+00:00
2919,1765396881.9089348,2025-12-10T20:01:21.908937+00:00
2920,1765396881.9287622,2025-12-10T20:01:21.928765+00:00
2921,1765396881.949454,2025-12-10T20:01:21.949455+00:00
2922,1765396881.970309,2025-12-10T20:01:21.970312+00:00
2923,1765396881.988807,2025-12-10T20:01:21.988810+00:00
2924,1765396882.009679,2025-12-10T20:01:22.009682+00:00
2925,1765396882.030603,2025-12-10T20:01:22.030604+00:00
2926,1765396882.049407,2025-12-10T20:01:22.049412+00:00
2927,1765396882.0703151,2025-12-10T20:01:22.070323+00:00
2928,1765396882.0894861,2025-12-10T20:01:22.089490+00:00
2929,1765396882.108481,2025-12-10T20:01:22.108486+00:00
2930,1765396882.126868,2025-12-10T20:01:22.126870+00:00
2931,1765396882.147733,2025-12-10T20:01:22.147737+00:00
2932,1765396882.165128,2025-12-10T20:01:22.165133+00:00
2933,1765396882.181859,2025-12-10T20:01:22.181865+00:00
2934,1765396882.199543,2025-12-10T20:01:22.199548+00:00
2935,1765396882.2204318,2025-12-10T20:01:22.220438+00:00
2936,1765396882.238677,2025-12-10T20:01:22.238686+00:00
2937,1765396882.256887,2025-12-10T20:01:22.256890+00:00
2938,1765396882.2751548,2025-12-10T20:01:22.275159+00:00
2939,1765396882.29496,2025-12-10T20:01:22.294962+00:00
2940,1765396882.315673,2025-12-10T20:01:22.315677+00:00
2941,1765396882.333003,2025-12-10T20:01:22.333004+00:00
2942,1765396882.353871,2025-12-10T20:01:22.353878+00:00
2943,1765396882.373523,2025-12-10T20:01:22.373530+00:00
2944,1765396882.3916538,2025-12-10T20:01:22.391657+00:00
2945,1765396882.4121768,2025-12-10T20:01:22.412185+00:00
2946,1765396882.431465,2025-12-10T20:01:22.431469+00:00
2947,1765396882.451216,2025-12-10T20:01:22.451222+00:00
2948,1765396882.47171,2025-12-10T20:01:22.471714+00:00
2949,1765396882.492595,2025-12-10T20:01:22.492597+00:00
2950,1765396882.513474,2025-12-10T20:01:22.513476+00:00
2951,1765396882.534345,2025-12-10T20:01:22.534349+00:00
2952,1765396882.552893,2025-12-10T20:01:22.552899+00:00
2953,1765396882.5737941,2025-12-10T20:01:22.573800+00:00
2954,1765396882.59324,2025-12-10T20:01:22.593241+00:00
2955,1765396882.610145,2025-12-10T20:01:22.610149+00:00
2956,1765396882.6310349,2025-12-10T20:01:22.631037+00:00
2957,1765396882.6518972,2025-12-10T20:01:22.651903+00:00
2958,1765396882.672801,2025-12-10T20:01:22.672805+00:00
2959,1765396882.6918778,2025-12-10T20:01:22.691889+00:00
2960,1765396882.711363,2025-12-10T20:01:22.711363+00:00
2961,1765396882.732225,2025-12-10T20:01:22.732228+00:00
2962,1765396882.752311,2025-12-10T20:01:22.752318+00:00
2963,1765396882.7729568,2025-12-10T20:01:22.772961+00:00
2964,1765396882.793833,2025-12-10T20:01:22.793835+00:00
2965,1765396882.8129191,2025-12-10T20:01:22.812926+00:00
2966,1765396882.830996,2025-12-10T20:01:22.831004+00:00
2967,1765396882.851721,2025-12-10T20:01:22.851727+00:00
2968,1765396882.87132,2025-12-10T20:01:22.871323+00:00
2969,1765396882.8921878,2025-12-10T20:01:22.892191+00:00
2970,1765396882.912215,2025-12-10T20:01:22.912222+00:00
2971,1765396882.9290419,2025-12-10T20:01:22.929045+00:00
2972,1765396882.946083,2025-12-10T20:01:22.946088+00:00
2973,1765396882.9636328,2025-12-10T20:01:22.963636+00:00
2974,1765396882.9813812,2025-12-10T20:01:22.981387+00:00
2975,1765396883.002285,2025-12-10T20:01:23.002288+00:00
2976,1765396883.019398,2025-12-10T20:01:23.019406+00:00
2977,1765396883.040302,2025-12-10T20:01:23.040310+00:00
2978,1765396883.061044,2025-12-10T20:01:23.061055+00:00
2979,1765396883.080101,2025-12-10T20:01:23.080106+00:00
2980,1765396883.0974872,2025-12-10T20:01:23.097491+00:00
2981,1765396883.1151319,2025-12-10T20:01:23.115137+00:00
2982,1765396883.134017,2025-12-10T20:01:23.134024+00:00
2983,1765396883.154921,2025-12-10T20:01:23.154930+00:00
2984,1765396883.175138,2025-12-10T20:01:23.175144+00:00
2985,1765396883.196055,2025-12-10T20:01:23.196062+00:00
2986,1765396883.21458,2025-12-10T20:01:23.214587+00:00
2987,1765396883.235481,2025-12-10T20:01:23.235487+00:00
2988,1765396883.254124,2025-12-10T20:01:23.254132+00:00
2989,1765396883.2750232,2025-12-10T20:01:23.275029+00:00
2990,1765396883.293628,2025-12-10T20:01:23.293636+00:00
2991,1765396883.311743,2025-12-10T20:01:23.312592+00:00
2992,1765396883.329646,2025-12-10T20:01:23.329652+00:00
2993,1765396883.350085,2025-12-10T20:01:23.350090+00:00
2994,1765396883.3674,2025-12-10T20:01:23.367408+00:00
2995,1765396883.388513,2025-12-10T20:01:23.388518+00:00
2996,1765396883.406205,2025-12-10T20:01:23.406209+00:00
2997,1765396883.425875,2025-12-10T20:01:23.425882+00:00
2998,1765396883.4467788,2025-12-10T20:01:23.446783+00:00
2999,1765396883.465447,2025-12-10T20:01:23.465453+00:00
3000,1765396883.484604,2025-12-10T20:01:23.484608+00:00
3001,1765396883.5054789,2025-12-10T20:01:23.505488+00:00
3002,1765396883.523247,2025-12-10T20:01:23.523251+00:00
3003,1765396883.54243,2025-12-10T20:01:23.542436+00:00
3004,1765396883.563318,2025-12-10T20:01:23.563327+00:00
3005,1765396883.582751,2025-12-10T20:01:23.582765+00:00
3006,1765396883.600273,2025-12-10T20:01:23.600278+00:00
3007,1765396883.617163,2025-12-10T20:01:23.617168+00:00
3008,1765396883.634007,2025-12-10T20:01:23.634018+00:00
3009,1765396883.654947,2025-12-10T20:01:23.654957+00:00
3010,1765396883.675064,2025-12-10T20:01:23.675076+00:00
3011,1765396883.693449,2025-12-10T20:01:23.693453+00:00
3012,1765396883.71766,2025-12-10T20:01:23.717669+00:00
3013,1765396883.738629,2025-12-10T20:01:23.738635+00:00
3014,1765396883.7595332,2025-12-10T20:01:23.759543+00:00
3015,1765396883.7790961,2025-12-10T20:01:23.779106+00:00
3016,1765396883.7994711,2025-12-10T20:01:23.799475+00:00
3017,1765396883.8185458,2025-12-10T20:01:23.818551+00:00
3018,1765396883.839436,2025-12-10T20:01:23.839447+00:00
3019,1765396883.860348,2025-12-10T20:01:23.860351+00:00
3020,1765396883.880116,2025-12-10T20:01:23.880121+00:00
3021,1765396883.900012,2025-12-10T20:01:23.900017+00:00
3022,1765396883.920907,2025-12-10T20:01:23.920915+00:00
3023,1765396883.9406369,2025-12-10T20:01:23.940640+00:00
3024,1765396883.957623,2025-12-10T20:01:23.957629+00:00
3025,1765396883.9776692,2025-12-10T20:01:23.977677+00:00
3026,1765396883.998569,2025-12-10T20:01:23.998571+00:00
3027,1765396884.017715,2025-12-10T20:01:24.017718+00:00
3028,1765396884.0364292,2025-12-10T20:01:24.036432+00:00
3029,1765396884.057288,2025-12-10T20:01:24.057292+00:00
3030,1765396884.074944,2025-12-10T20:01:24.074949+00:00
3031,1765396884.093013,2025-12-10T20:01:24.093021+00:00
3032,1765396884.113935,2025-12-10T20:01:24.113945+00:00
3033,1765396884.1328268,2025-12-10T20:01:24.132838+00:00
3034,1765396884.149903,2025-12-10T20:01:24.149908+00:00
3035,1765396884.1701078,2025-12-10T20:01:24.170114+00:00
3036,1765396884.19102,2025-12-10T20:01:24.191030+00:00
3037,1765396884.211919,2025-12-10T20:01:24.211924+00:00
3038,1765396884.232806,2025-12-10T20:01:24.232816+00:00
3039,1765396884.251412,2025-12-10T20:01:24.251417+00:00
3040,1765396884.268712,2025-12-10T20:01:24.268720+00:00
3041,1765396884.286954,2025-12-10T20:01:24.286959+00:00
3042,1765396884.307831,2025-12-10T20:01:24.307834+00:00
3043,1765396884.326751,2025-12-10T20:01:24.326757+00:00
3044,1765396884.3476312,2025-12-10T20:01:24.347638+00:00
3045,1765396884.3659241,2025-12-10T20:01:24.365933+00:00
3046,1765396884.385998,2025-12-10T20:01:24.386005+00:00
3047,1765396884.4068851,2025-12-10T20:01:24.406892+00:00
3048,1765396884.4239628,2025-12-10T20:01:24.423974+00:00
3049,1765396884.4414568,2025-12-10T20:01:24.441464+00:00
3050,1765396884.460149,2025-12-10T20:01:24.460155+00:00
3051,1765396884.48103,2025-12-10T20:01:24.481039+00:00
3052,1765396884.498559,2025-12-10T20:01:24.498568+00:00
3053,1765396884.5194602,2025-12-10T20:01:24.519481+00:00
3054,1765396884.538513,2025-12-10T20:01:24.538526+00:00
3055,1765396884.557819,2025-12-10T20:01:24.557822+00:00
3056,1765396884.5787048,2025-12-10T20:01:24.578712+00:00
3057,1765396884.598811,2025-12-10T20:01:24.598819+00:00
3058,1765396884.6165462,2025-12-10T20:01:24.616553+00:00
3059,1765396884.636114,2025-12-10T20:01:24.636119+00:00
3060,1765396884.654718,2025-12-10T20:01:24.654732+00:00
3061,1765396884.672718,2025-12-10T20:01:24.672721+00:00
3062,1765396884.693574,2025-12-10T20:01:24.693576+00:00
3063,1765396884.714432,2025-12-10T20:01:24.714435+00:00
3064,1765396884.735297,2025-12-10T20:01:24.735300+00:00
3065,1765396884.753954,2025-12-10T20:01:24.753958+00:00
3066,1765396884.7748458,2025-12-10T20:01:24.774853+00:00
3067,1765396884.795779,2025-12-10T20:01:24.795782+00:00
3068,1765396884.814636,2025-12-10T20:01:24.814643+00:00
3069,1765396884.8322618,2025-12-10T20:01:24.832272+00:00
3070,1765396884.852839,2025-12-10T20:01:24.852846+00:00
3071,1765396884.873232,2025-12-10T20:01:24.873236+00:00
3072,1765396884.891933,2025-12-10T20:01:24.891938+00:00
3073,1765396884.9090931,2025-12-10T20:01:24.909102+00:00
3074,1765396884.94227,2025-12-10T20:01:24.943111+00:00
3075,1765396884.964,2025-12-10T20:01:24.964006+00:00
3076,1765396884.9848902,2025-12-10T20:01:24.984899+00:00
3077,1765396885.003446,2025-12-10T20:01:25.003452+00:00
3078,1765396885.022292,2025-12-10T20:01:25.022300+00:00
3079,1765396885.043199,2025-12-10T20:01:25.043201+00:00
3080,1765396885.060508,2025-12-10T20:01:25.060512+00:00
3081,1765396885.0813792,2025-12-10T20:01:25.081383+00:00
3082,1765396885.100996,2025-12-10T20:01:25.100997+00:00
3083,1765396885.12111,2025-12-10T20:01:25.121114+00:00
3084,1765396885.139956,2025-12-10T20:01:25.139957+00:00
3085,1765396885.1608052,2025-12-10T20:01:25.160806+00:00
3086,1765396885.1795368,2025-12-10T20:01:25.179539+00:00
3087,1765396885.196651,2025-12-10T20:01:25.196656+00:00
3088,1765396885.213855,2025-12-10T20:01:25.213858+00:00
3089,1765396885.232814,2025-12-10T20:01:25.232819+00:00
3090,1765396885.2509482,2025-12-10T20:01:25.250950+00:00
3091,1765396885.270821,2025-12-10T20:01:25.270823+00:00
3092,1765396885.2907252,2025-12-10T20:01:25.290733+00:00
3093,1765396885.311627,2025-12-10T20:01:25.311628+00:00
3094,1765396885.330111,2025-12-10T20:01:25.330114+00:00
3095,1765396885.3476968,2025-12-10T20:01:25.347700+00:00
3096,1765396885.3644958,2025-12-10T20:01:25.364498+00:00
3097,1765396885.385365,2025-12-10T20:01:25.385369+00:00
3098,1765396885.404444,2025-12-10T20:01:25.404448+00:00
3099,1765396885.4244218,2025-12-10T20:01:25.424427+00:00
3100,1765396885.441466,2025-12-10T20:01:25.441471+00:00
3101,1765396885.4608362,2025-12-10T20:01:25.460838+00:00
3102,1765396885.4780211,2025-12-10T20:01:25.478023+00:00
3103,1765396885.4988842,2025-12-10T20:01:25.498887+00:00
3104,1765396885.519747,2025-12-10T20:01:25.519748+00:00
3105,1765396885.540643,2025-12-10T20:01:25.540650+00:00
3106,1765396885.561536,2025-12-10T20:01:25.561538+00:00
3107,1765396885.580941,2025-12-10T20:01:25.580945+00:00
3108,1765396885.601013,2025-12-10T20:01:25.601013+00:00
3109,1765396885.621865,2025-12-10T20:01:25.621866+00:00
3110,1765396885.64273,2025-12-10T20:01:25.642732+00:00
3111,1765396885.6608691,2025-12-10T20:01:25.660874+00:00
3112,1765396885.680866,2025-12-10T20:01:25.680867+00:00
3113,1765396885.699609,2025-12-10T20:01:25.699610+00:00
3114,1765396885.720463,2025-12-10T20:01:25.720465+00:00
3115,1765396885.740329,2025-12-10T20:01:25.740337+00:00
3116,1765396885.761248,2025-12-10T20:01:25.761250+00:00
3117,1765396885.782109,2025-12-10T20:01:25.782110+00:00
3118,1765396885.800023,2025-12-10T20:01:25.800027+00:00
3119,1765396885.820645,2025-12-10T20:01:25.820647+00:00
3120,1765396885.8415139,2025-12-10T20:01:25.841521+00:00
3121,1765396885.8619819,2025-12-10T20:01:25.861986+00:00
3122,1765396885.882858,2025-12-10T20:01:25.882863+00:00
3123,1765396885.904165,2025-12-10T20:01:25.904172+00:00
3124,1765396885.924768,2025-12-10T20:01:25.924783+00:00
3125,1765396885.945697,2025-12-10T20:01:25.945699+00:00
3126,1765396885.9652889,2025-12-10T20:01:25.965294+00:00
3127,1765396885.986192,2025-12-10T20:01:25.986196+00:00
3128,1765396886.007072,2025-12-10T20:01:26.007075+00:00
3129,1765396886.027946,2025-12-10T20:01:26.027952+00:00
3130,1765396886.04594,2025-12-10T20:01:26.045945+00:00
3131,1765396886.066831,2025-12-10T20:01:26.066845+00:00
3132,1765396886.085141,2025-12-10T20:01:26.085144+00:00
3133,1765396886.105012,2025-12-10T20:01:26.105014+00:00
3134,1765396886.123992,2025-12-10T20:01:26.123999+00:00
3135,1765396886.1414049,2025-12-10T20:01:26.141408+00:00
3136,1765396886.161084,2025-12-10T20:01:26.161091+00:00
3137,1765396886.179404,2025-12-10T20:01:26.179405+00:00
3138,1765396886.19961,2025-12-10T20:01:26.199612+00:00
3139,1765396886.2192278,2025-12-10T20:01:26.219231+00:00
3140,1765396886.2401059,2025-12-10T20:01:26.240112+00:00
3141,1765396886.258323,2025-12-10T20:01:26.258327+00:00
3142,1765396886.279197,2025-12-10T20:01:26.279199+00:00
3143,1765396886.300065,2025-12-10T20:01:26.300071+00:00
3144,1765396886.357145,2025-12-10T20:01:26.357155+00:00
3145,1765396886.3797178,2025-12-10T20:01:26.379725+00:00
3146,1765396886.397077,2025-12-10T20:01:26.397084+00:00
3147,1765396886.417509,2025-12-10T20:01:26.417519+00:00
3148,1765396886.4370828,2025-12-10T20:01:26.437088+00:00
3149,1765396886.457962,2025-12-10T20:01:26.457966+00:00
3150,1765396886.478664,2025-12-10T20:01:26.478669+00:00
3151,1765396886.495795,2025-12-10T20:01:26.495802+00:00
3152,1765396886.513,2025-12-10T20:01:26.513009+00:00
3153,1765396886.534081,2025-12-10T20:01:26.534089+00:00
3154,1765396886.55249,2025-12-10T20:01:26.552495+00:00
3155,1765396886.570984,2025-12-10T20:01:26.570999+00:00
3156,1765396886.589712,2025-12-10T20:01:26.589720+00:00
3157,1765396886.608763,2025-12-10T20:01:26.608770+00:00
3158,1765396886.6296651,2025-12-10T20:01:26.629672+00:00
3159,1765396886.649538,2025-12-10T20:01:26.649550+00:00
3160,1765396886.667258,2025-12-10T20:01:26.667261+00:00
3161,1765396886.685735,2025-12-10T20:01:26.685749+00:00
3162,1765396886.705531,2025-12-10T20:01:26.705534+00:00
3163,1765396886.726401,2025-12-10T20:01:26.726407+00:00
3164,1765396886.747299,2025-12-10T20:01:26.747307+00:00
3165,1765396886.768217,2025-12-10T20:01:26.768224+00:00
3166,1765396886.789121,2025-12-10T20:01:26.789128+00:00
3167,1765396886.8063061,2025-12-10T20:01:26.806310+00:00
3168,1765396886.8242502,2025-12-10T20:01:26.824253+00:00
3169,1765396886.843132,2025-12-10T20:01:26.843139+00:00
3170,1765396886.861164,2025-12-10T20:01:26.861168+00:00
3171,1765396886.878431,2025-12-10T20:01:26.878438+00:00
3172,1765396886.8988879,2025-12-10T20:01:26.898894+00:00
3173,1765396886.917587,2025-12-10T20:01:26.917593+00:00
3174,1765396886.934474,2025-12-10T20:01:26.934481+00:00
3175,1765396886.952385,2025-12-10T20:01:26.952393+00:00
3176,1765396886.971304,2025-12-10T20:01:26.971311+00:00
3177,1765396886.9886148,2025-12-10T20:01:26.988621+00:00
3178,1765396887.0087948,2025-12-10T20:01:27.008805+00:00
3179,1765396887.029703,2025-12-10T20:01:27.029715+00:00
3180,1765396887.046633,2025-12-10T20:01:27.046641+00:00
3181,1765396887.0675368,2025-12-10T20:01:27.067545+00:00
3182,1765396887.085608,2025-12-10T20:01:27.085617+00:00
3183,1765396887.106504,2025-12-10T20:01:27.106507+00:00
3184,1765396887.12625,2025-12-10T20:01:27.126251+00:00
3185,1765396887.146533,2025-12-10T20:01:27.146534+00:00
3186,1765396887.164292,2025-12-10T20:01:27.164294+00:00
3187,1765396887.185246,2025-12-10T20:01:27.185258+00:00
3188,1765396887.203024,2025-12-10T20:01:27.203042+00:00
3189,1765396887.221566,2025-12-10T20:01:27.221572+00:00
3190,1765396887.2424488,2025-12-10T20:01:27.242455+00:00
3191,1765396887.2633312,2025-12-10T20:01:27.263336+00:00
3192,1765396887.2827048,2025-12-10T20:01:27.282709+00:00
3193,1765396887.302454,2025-12-10T20:01:27.302457+00:00
3194,1765396887.323315,2025-12-10T20:01:27.323319+00:00
3195,1765396887.340288,2025-12-10T20:01:27.340290+00:00
3196,1765396887.3605928,2025-12-10T20:01:27.360603+00:00
3197,1765396887.379862,2025-12-10T20:01:27.379869+00:00
3198,1765396887.400341,2025-12-10T20:01:27.400351+00:00
3199,1765396887.420355,2025-12-10T20:01:27.420358+00:00
3200,1765396887.437856,2025-12-10T20:01:27.437865+00:00
3201,1765396887.454887,2025-12-10T20:01:27.454893+00:00
3202,1765396887.473695,2025-12-10T20:01:27.473698+00:00
3203,1765396887.494574,2025-12-10T20:01:27.494580+00:00
3204,1765396887.512786,2025-12-10T20:01:27.512795+00:00
3205,1765396887.5336902,2025-12-10T20:01:27.533695+00:00
3206,1765396887.550849,2025-12-10T20:01:27.550854+00:00
3207,1765396887.571736,2025-12-10T20:01:27.571741+00:00
3208,1765396887.59264,2025-12-10T20:01:27.592645+00:00
3209,1765396887.611318,2025-12-10T20:01:27.611325+00:00
3210,1765396887.6283278,2025-12-10T20:01:27.628334+00:00
3211,1765396887.649227,2025-12-10T20:01:27.649231+00:00
3212,1765396887.6700952,2025-12-10T20:01:27.670096+00:00
3213,1765396887.690332,2025-12-10T20:01:27.690335+00:00
3214,1765396887.7072508,2025-12-10T20:01:27.707254+00:00
3215,1765396887.728122,2025-12-10T20:01:27.728129+00:00
3216,1765396887.7481081,2025-12-10T20:01:27.748116+00:00
3217,1765396887.768995,2025-12-10T20:01:27.768996+00:00
3218,1765396887.7875159,2025-12-10T20:01:27.787519+00:00
3219,1765396887.808392,2025-12-10T20:01:27.808395+00:00
3220,1765396887.827849,2025-12-10T20:01:27.827855+00:00
3221,1765396887.844981,2025-12-10T20:01:27.844982+00:00
3222,1765396887.862897,2025-12-10T20:01:27.862898+00:00
3223,1765396887.880063,2025-12-10T20:01:27.880080+00:00
3224,1765396887.8977761,2025-12-10T20:01:27.897780+00:00
3225,1765396887.918635,2025-12-10T20:01:27.918637+00:00
3226,1765396887.937014,2025-12-10T20:01:27.937018+00:00
3227,1765396887.957896,2025-12-10T20:01:27.957900+00:00
3228,1765396887.9787688,2025-12-10T20:01:27.978771+00:00
3229,1765396887.9996412,2025-12-10T20:01:27.999643+00:00
3230,1765396888.0205,2025-12-10T20:01:28.020501+00:00
3231,1765396888.041363,2025-12-10T20:01:28.041366+00:00
3232,1765396888.06223,2025-12-10T20:01:28.062230+00:00
3233,1765396888.083075,2025-12-10T20:01:28.083076+00:00
3234,1765396888.099968,2025-12-10T20:01:28.099968+00:00
3235,1765396888.1208372,2025-12-10T20:01:28.120840+00:00
3236,1765396888.141717,2025-12-10T20:01:28.141721+00:00
3237,1765396888.162146,2025-12-10T20:01:28.162152+00:00
3238,1765396888.1830049,2025-12-10T20:01:28.183006+00:00
3239,1765396888.203899,2025-12-10T20:01:28.203907+00:00
3240,1765396888.2209558,2025-12-10T20:01:28.220958+00:00
3241,1765396888.2418199,2025-12-10T20:01:28.241827+00:00
3242,1765396888.262722,2025-12-10T20:01:28.262723+00:00
3243,1765396888.279841,2025-12-10T20:01:28.279843+00:00
3244,1765396888.300714,2025-12-10T20:01:28.300721+00:00
3245,1765396888.32162,2025-12-10T20:01:28.321623+00:00
3246,1765396888.342488,2025-12-10T20:01:28.342493+00:00
3247,1765396888.363271,2025-12-10T20:01:28.363277+00:00
3248,1765396888.384181,2025-12-10T20:01:28.384195+00:00
3249,1765396888.404885,2025-12-10T20:01:28.404903+00:00
3250,1765396888.424078,2025-12-10T20:01:28.424084+00:00
3251,1765396888.441849,2025-12-10T20:01:28.441860+00:00
3252,1765396888.4627619,2025-12-10T20:01:28.462767+00:00
3253,1765396888.481107,2025-12-10T20:01:28.481111+00:00
3254,1765396888.4978502,2025-12-10T20:01:28.497856+00:00
3255,1765396888.515568,2025-12-10T20:01:28.515571+00:00
3256,1765396888.532931,2025-12-10T20:01:28.532944+00:00
3257,1765396888.553858,2025-12-10T20:01:28.553875+00:00
3258,1765396888.5746171,2025-12-10T20:01:28.574621+00:00
3259,1765396888.592812,2025-12-10T20:01:28.592816+00:00
3260,1765396888.612003,2025-12-10T20:01:28.612007+00:00
3261,1765396888.630395,2025-12-10T20:01:28.630396+00:00
3262,1765396888.651242,2025-12-10T20:01:28.651244+00:00
3263,1765396888.6721091,2025-12-10T20:01:28.672116+00:00
3264,1765396888.6895602,2025-12-10T20:01:28.689563+00:00
3265,1765396888.710434,2025-12-10T20:01:28.710435+00:00
3266,1765396888.7293718,2025-12-10T20:01:28.729374+00:00
3267,1765396888.748797,2025-12-10T20:01:28.748800+00:00
3268,1765396888.767141,2025-12-10T20:01:28.767143+00:00
3269,1765396888.788013,2025-12-10T20:01:28.788018+00:00
3270,1765396888.808908,2025-12-10T20:01:28.808911+00:00
3271,1765396888.827658,2025-12-10T20:01:28.827661+00:00
3272,1765396888.848547,2025-12-10T20:01:28.848553+00:00
3273,1765396888.867403,2025-12-10T20:01:28.867405+00:00
3274,1765396888.887093,2025-12-10T20:01:28.887098+00:00
3275,1765396888.907986,2025-12-10T20:01:28.907991+00:00
3276,1765396888.928884,2025-12-10T20:01:28.928889+00:00
3277,1765396888.949663,2025-12-10T20:01:28.949670+00:00
3278,1765396888.969902,2025-12-10T20:01:28.969905+00:00
3279,1765396888.9907799,2025-12-10T20:01:28.990785+00:00
3280,1765396889.0116758,2025-12-10T20:01:29.011679+00:00
3281,1765396889.0325398,2025-12-10T20:01:29.032541+00:00
3282,1765396889.053396,2025-12-10T20:01:29.053396+00:00
3283,1765396889.0742269,2025-12-10T20:01:29.074230+00:00
3284,1765396889.095105,2025-12-10T20:01:29.095110+00:00
3285,1765396889.112746,2025-12-10T20:01:29.112748+00:00
3286,1765396889.130453,2025-12-10T20:01:29.130456+00:00
3287,1765396889.1507552,2025-12-10T20:01:29.150756+00:00
3288,1765396889.170388,2025-12-10T20:01:29.170389+00:00
3289,1765396889.190237,2025-12-10T20:01:29.190238+00:00
3290,1765396889.2111008,2025-12-10T20:01:29.211102+00:00
3291,1765396889.231956,2025-12-10T20:01:29.231957+00:00
3292,1765396889.250495,2025-12-10T20:01:29.250496+00:00
3293,1765396889.271353,2025-12-10T20:01:29.271355+00:00
3294,1765396889.292209,2025-12-10T20:01:29.292209+00:00
3295,1765396889.309869,2025-12-10T20:01:29.309871+00:00
3296,1765396889.328317,2025-12-10T20:01:29.328319+00:00
3297,1765396889.349175,2025-12-10T20:01:29.349176+00:00
3298,1765396889.3700259,2025-12-10T20:01:29.370028+00:00
3299,1765396889.3908968,2025-12-10T20:01:29.390904+00:00
3300,1765396889.41013,2025-12-10T20:01:29.410139+00:00
3301,1765396889.439391,2025-12-10T20:01:29.439396+00:00
3302,1765396889.4569979,2025-12-10T20:01:29.457005+00:00
3303,1765396889.4791858,2025-12-10T20:01:29.479196+00:00
3304,1765396889.497629,2025-12-10T20:01:29.497638+00:00
3305,1765396889.526304,2025-12-10T20:01:29.526315+00:00
3306,1765396889.593916,2025-12-10T20:01:29.593922+00:00
3307,1765396889.62079,2025-12-10T20:01:29.620798+00:00
3308,1765396889.642741,2025-12-10T20:01:29.642747+00:00
3309,1765396889.6649868,2025-12-10T20:01:29.665015+00:00
3310,1765396889.690939,2025-12-10T20:01:29.690947+00:00
3311,1765396889.716062,2025-12-10T20:01:29.716069+00:00
3312,1765396889.757911,2025-12-10T20:01:29.757922+00:00
3313,1765396889.809526,2025-12-10T20:01:29.809535+00:00
3314,1765396889.847848,2025-12-10T20:01:29.847855+00:00
3315,1765396889.866563,2025-12-10T20:01:29.867054+00:00
3316,1765396889.8880482,2025-12-10T20:01:29.888056+00:00
3317,1765396889.904885,2025-12-10T20:01:29.904890+00:00
3318,1765396889.925882,2025-12-10T20:01:29.925888+00:00
3319,1765396889.945163,2025-12-10T20:01:29.945197+00:00
3320,1765396889.970915,2025-12-10T20:01:29.970924+00:00
3321,1765396889.991504,2025-12-10T20:01:29.991509+00:00
3322,1765396890.0120351,2025-12-10T20:01:30.012044+00:00
3323,1765396890.030483,2025-12-10T20:01:30.030485+00:00
3324,1765396890.051352,2025-12-10T20:01:30.051358+00:00
3325,1765396890.0699809,2025-12-10T20:01:30.069984+00:00
3326,1765396890.087741,2025-12-10T20:01:30.087749+00:00
3327,1765396890.107362,2025-12-10T20:01:30.107367+00:00
3328,1765396890.128384,2025-12-10T20:01:30.128392+00:00
3329,1765396890.146249,2025-12-10T20:01:30.146252+00:00
3330,1765396890.1665092,2025-12-10T20:01:30.166511+00:00
3331,1765396890.184869,2025-12-10T20:01:30.184874+00:00
3332,1765396890.203445,2025-12-10T20:01:30.203447+00:00
3333,1765396890.224069,2025-12-10T20:01:30.224076+00:00
3334,1765396890.244158,2025-12-10T20:01:30.244160+00:00
3335,1765396890.261039,2025-12-10T20:01:30.261043+00:00
3336,1765396890.281936,2025-12-10T20:01:30.281939+00:00
3337,1765396890.3007019,2025-12-10T20:01:30.300706+00:00
3338,1765396890.320908,2025-12-10T20:01:30.320911+00:00
3339,1765396890.341776,2025-12-10T20:01:30.341781+00:00
3340,1765396890.360113,2025-12-10T20:01:30.360117+00:00
3341,1765396890.378886,2025-12-10T20:01:30.378890+00:00
3342,1765396890.397867,2025-12-10T20:01:30.397874+00:00
3343,1765396890.417043,2025-12-10T20:01:30.417051+00:00
3344,1765396890.434413,2025-12-10T20:01:30.434414+00:00
3345,1765396890.455271,2025-12-10T20:01:30.455274+00:00
3346,1765396890.476146,2025-12-10T20:01:30.476150+00:00
3347,1765396890.49701,2025-12-10T20:01:30.497013+00:00
3348,1765396890.517867,2025-12-10T20:01:30.517867+00:00
3349,1765396890.538729,2025-12-10T20:01:30.538731+00:00
3350,1765396890.5597708,2025-12-10T20:01:30.559772+00:00
3351,1765396890.5806332,2025-12-10T20:01:30.580636+00:00
3352,1765396890.598811,2025-12-10T20:01:30.598811+00:00
3353,1765396890.619246,2025-12-10T20:01:30.619250+00:00
3354,1765396890.6401348,2025-12-10T20:01:30.640140+00:00
3355,1765396890.6587808,2025-12-10T20:01:30.658784+00:00
3356,1765396890.675717,2025-12-10T20:01:30.675718+00:00
3357,1765396890.696579,2025-12-10T20:01:30.696583+00:00
3358,1765396890.716795,2025-12-10T20:01:30.716799+00:00
3359,1765396890.73541,2025-12-10T20:01:30.735411+00:00
3360,1765396890.7525,2025-12-10T20:01:30.752501+00:00
3361,1765396890.772799,2025-12-10T20:01:30.772801+00:00
3362,1765396890.79181,2025-12-10T20:01:30.791811+00:00
3363,1765396890.8126621,2025-12-10T20:01:30.812667+00:00
3364,1765396890.832007,2025-12-10T20:01:30.832010+00:00
3365,1765396890.8493462,2025-12-10T20:01:30.849347+00:00
3366,1765396890.8702002,2025-12-10T20:01:30.870203+00:00
3367,1765396890.89082,2025-12-10T20:01:30.890826+00:00
3368,1765396890.911707,2025-12-10T20:01:30.911711+00:00
3369,1765396890.9307652,2025-12-10T20:01:30.930773+00:00
3370,1765396890.948611,2025-12-10T20:01:30.948614+00:00
3371,1765396890.9668329,2025-12-10T20:01:30.966836+00:00
3372,1765396890.987118,2025-12-10T20:01:30.987124+00:00
3373,1765396891.008014,2025-12-10T20:01:31.008021+00:00
3374,1765396891.02643,2025-12-10T20:01:31.026432+00:00
3375,1765396891.047283,2025-12-10T20:01:31.047285+00:00
3376,1765396891.0681422,2025-12-10T20:01:31.068145+00:00
3377,1765396891.086037,2025-12-10T20:01:31.086043+00:00
3378,1765396891.105511,2025-12-10T20:01:31.105512+00:00
3379,1765396891.124109,2025-12-10T20:01:31.124113+00:00
3380,1765396891.1449971,2025-12-10T20:01:31.145000+00:00
3381,1765396891.165893,2025-12-10T20:01:31.165899+00:00
3382,1765396891.185277,2025-12-10T20:01:31.185280+00:00
3383,1765396891.206146,2025-12-10T20:01:31.206147+00:00
3384,1765396891.227005,2025-12-10T20:01:31.227011+00:00
3385,1765396891.247013,2025-12-10T20:01:31.247016+00:00
3386,1765396891.2678862,2025-12-10T20:01:31.267888+00:00
3387,1765396891.2857668,2025-12-10T20:01:31.285771+00:00
3388,1765396891.304457,2025-12-10T20:01:31.304459+00:00
3389,1765396891.325321,2025-12-10T20:01:31.325328+00:00
3390,1765396891.3453708,2025-12-10T20:01:31.345375+00:00
3391,1765396891.3662772,2025-12-10T20:01:31.366286+00:00
3392,1765396891.3837,2025-12-10T20:01:31.383705+00:00
3393,1765396891.404593,2025-12-10T20:01:31.404599+00:00
3394,1765396891.425479,2025-12-10T20:01:31.425488+00:00
3395,1765396891.445363,2025-12-10T20:01:31.445371+00:00
3396,1765396891.466248,2025-12-10T20:01:31.466250+00:00
3397,1765396891.487113,2025-12-10T20:01:31.487119+00:00
3398,1765396891.506527,2025-12-10T20:01:31.506531+00:00
3399,1765396891.527405,2025-12-10T20:01:31.527407+00:00
3400,1765396891.547503,2025-12-10T20:01:31.547508+00:00
3401,1765396891.5681028,2025-12-10T20:01:31.568109+00:00
3402,1765396891.58878,2025-12-10T20:01:31.588784+00:00
3403,1765396891.609662,2025-12-10T20:01:31.609664+00:00
3404,1765396891.6305358,2025-12-10T20:01:31.630537+00:00
3405,1765396891.648139,2025-12-10T20:01:31.648142+00:00
3406,1765396891.6670232,2025-12-10T20:01:31.667025+00:00
3407,1765396891.6865761,2025-12-10T20:01:31.686578+00:00
