frame_index,timestamp_unix,timestamp_iso
0,1765395640.775786,2025-12-10T19:40:40.775790+00:00
1,1765395640.796669,2025-12-10T19:40:40.796673+00:00
2,1765395640.816839,2025-12-10T19:40:40.816843+00:00
3,1765395640.83773,2025-12-10T19:40:40.837733+00:00
4,1765395640.858599,2025-12-10T19:40:40.858603+00:00
5,1765395640.879462,2025-12-10T19:40:40.879466+00:00
6,1765395640.900327,2025-12-10T19:40:40.900330+00:00
7,1765395640.921191,2025-12-10T19:40:40.921192+00:00
8,1765395640.942048,2025-12-10T19:40:40.942067+00:00
9,1765395640.959179,2025-12-10T19:40:40.959184+00:00
10,1765395640.9800582,2025-12-10T19:40:40.980060+00:00
11,1765395641.000926,2025-12-10T19:40:41.000929+00:00
12,1765395641.021416,2025-12-10T19:40:41.021420+00:00
13,1765395641.042314,2025-12-10T19:40:41.042319+00:00
14,1765395641.063215,2025-12-10T19:40:41.063217+00:00
15,1765395641.084075,2025-12-10T19:40:41.084079+00:00
16,1765395641.1037152,2025-12-10T19:40:41.103718+00:00
17,1765395641.124588,2025-12-10T19:40:41.124588+00:00
18,1765395641.142611,2025-12-10T19:40:41.142612+00:00
19,1765395641.1634681,2025-12-10T19:40:41.163469+00:00
20,1765395641.183552,2025-12-10T19:40:41.183556+00:00
21,1765395641.201042,2025-12-10T19:40:41.201046+00:00
22,1765395641.221942,2025-12-10T19:40:41.221945+00:00
23,1765395641.242168,2025-12-10T19:40:41.242171+00:00
24,1765395641.260531,2025-12-10T19:40:41.260533+00:00
25,1765395641.281423,2025-12-10T19:40:41.281426+00:00
26,1765395641.299228,2025-12-10T19:40:41.299249+00:00
27,1765395641.318149,2025-12-10T19:40:41.318161+00:00
28,1765395641.337358,2025-12-10T19:40:41.337362+00:00
29,1765395641.3573701,2025-12-10T19:40:41.357374+00:00
30,1765395641.378104,2025-12-10T19:40:41.378107+00:00
31,1765395641.398984,2025-12-10T19:40:41.398986+00:00
32,1765395641.419584,2025-12-10T19:40:41.419589+00:00
33,1765395641.44047,2025-12-10T19:40:41.440471+00:00
34,1765395641.459324,2025-12-10T19:40:41.459327+00:00
35,1765395641.4801972,2025-12-10T19:40:41.480198+00:00
36,1765395641.501067,2025-12-10T19:40:41.501072+00:00
37,1765395641.519795,2025-12-10T19:40:41.519798+00:00
38,1765395641.538322,2025-12-10T19:40:41.538324+00:00
39,1765395641.5592241,2025-12-10T19:40:41.559902+00:00
40,1765395641.5800982,2025-12-10T19:40:41.580109+00:00
41,1765395641.601079,2025-12-10T19:40:41.601085+00:00
42,1765395641.618976,2025-12-10T19:40:41.618979+00:00
43,1765395641.635989,2025-12-10T19:40:41.635998+00:00
44,1765395641.652849,2025-12-10T19:40:41.652867+00:00
45,1765395641.669844,2025-12-10T19:40:41.669850+00:00
46,1765395641.689826,2025-12-10T19:40:41.689834+00:00
47,1765395641.708871,2025-12-10T19:40:41.708878+00:00
48,1765395641.7256389,2025-12-10T19:40:41.725640+00:00
49,1765395641.744768,2025-12-10T19:40:41.744773+00:00
50,1765395641.765409,2025-12-10T19:40:41.765413+00:00
51,1765395641.783433,2025-12-10T19:40:41.783437+00:00
52,1765395641.800531,2025-12-10T19:40:41.800533+00:00
53,1765395641.8210921,2025-12-10T19:40:41.821101+00:00
54,1765395641.839028,2025-12-10T19:40:41.839031+00:00
55,1765395641.8557818,2025-12-10T19:40:41.855790+00:00
56,1765395641.876693,2025-12-10T19:40:41.876701+00:00
57,1765395641.8961039,2025-12-10T19:40:41.896109+00:00
58,1765395641.916998,2025-12-10T19:40:41.917004+00:00
59,1765395641.934037,2025-12-10T19:40:41.934043+00:00
60,1765395641.954381,2025-12-10T19:40:41.954388+00:00
61,1765395641.971476,2025-12-10T19:40:41.971482+00:00
62,1765395641.992358,2025-12-10T19:40:41.992362+00:00
63,1765395642.013236,2025-12-10T19:40:42.013242+00:00
64,1765395642.031441,2025-12-10T19:40:42.031446+00:00
65,1765395642.050945,2025-12-10T19:40:42.050949+00:00
66,1765395642.0713909,2025-12-10T19:40:42.071397+00:00
67,1765395642.0898051,2025-12-10T19:40:42.089811+00:00
68,1765395642.108869,2025-12-10T19:40:42.108876+00:00
69,1765395642.126016,2025-12-10T19:40:42.126024+00:00
70,1765395642.1458602,2025-12-10T19:40:42.145865+00:00
71,1765395642.166461,2025-12-10T19:40:42.166468+00:00
72,1765395642.195533,2025-12-10T19:40:42.195539+00:00
73,1765395642.219768,2025-12-10T19:40:42.219772+00:00
74,1765395642.238985,2025-12-10T19:40:42.238990+00:00
75,1765395642.25986,2025-12-10T19:40:42.259863+00:00
76,1765395642.280736,2025-12-10T19:40:42.280740+00:00
77,1765395642.297525,2025-12-10T19:40:42.297529+00:00
78,1765395642.318399,2025-12-10T19:40:42.318401+00:00
79,1765395642.337331,2025-12-10T19:40:42.337337+00:00
80,1765395642.3582232,2025-12-10T19:40:42.358227+00:00
81,1765395642.377528,2025-12-10T19:40:42.377529+00:00
82,1765395642.396459,2025-12-10T19:40:42.396460+00:00
83,1765395642.417314,2025-12-10T19:40:42.417315+00:00
84,1765395642.4381702,2025-12-10T19:40:42.438174+00:00
85,1765395642.4587798,2025-12-10T19:40:42.458784+00:00
86,1765395642.479669,2025-12-10T19:40:42.479672+00:00
87,1765395642.500541,2025-12-10T19:40:42.500544+00:00
88,1765395642.52126,2025-12-10T19:40:42.521264+00:00
89,1765395642.540204,2025-12-10T19:40:42.540210+00:00
90,1765395642.559479,2025-12-10T19:40:42.559482+00:00
91,1765395642.580352,2025-12-10T19:40:42.580356+00:00
92,1765395642.6012359,2025-12-10T19:40:42.601247+00:00
93,1765395642.618923,2025-12-10T19:40:42.618928+00:00
94,1765395642.639811,2025-12-10T19:40:42.639816+00:00
95,1765395642.660387,2025-12-10T19:40:42.660391+00:00
96,1765395642.6812859,2025-12-10T19:40:42.681290+00:00
97,1765395642.7018838,2025-12-10T19:40:42.701887+00:00
98,1765395642.7227678,2025-12-10T19:40:42.722774+00:00
99,1765395642.7425249,2025-12-10T19:40:42.742531+00:00
100,1765395642.763425,2025-12-10T19:40:42.763428+00:00
101,1765395642.78164,2025-12-10T19:40:42.781647+00:00
102,1765395642.80093,2025-12-10T19:40:42.800932+00:00
103,1765395642.821803,2025-12-10T19:40:42.821809+00:00
104,1765395642.838681,2025-12-10T19:40:42.838685+00:00
105,1765395642.858943,2025-12-10T19:40:42.858948+00:00
106,1765395642.8798678,2025-12-10T19:40:42.879873+00:00
107,1765395642.9004679,2025-12-10T19:40:42.900473+00:00
108,1765395642.9213681,2025-12-10T19:40:42.921370+00:00
109,1765395642.942223,2025-12-10T19:40:42.942224+00:00
110,1765395642.963142,2025-12-10T19:40:42.963142+00:00
111,1765395642.983998,2025-12-10T19:40:42.983999+00:00
112,1765395643.0048761,2025-12-10T19:40:43.004876+00:00
113,1765395643.025728,2025-12-10T19:40:43.025731+00:00
114,1765395643.0454211,2025-12-10T19:40:43.045427+00:00
115,1765395643.064807,2025-12-10T19:40:43.064812+00:00
116,1765395643.083379,2025-12-10T19:40:43.083383+00:00
117,1765395643.100824,2025-12-10T19:40:43.100833+00:00
118,1765395643.121747,2025-12-10T19:40:43.121751+00:00
119,1765395643.14255,2025-12-10T19:40:43.142552+00:00
120,1765395643.1592891,2025-12-10T19:40:43.159289+00:00
121,1765395643.177459,2025-12-10T19:40:43.177462+00:00
122,1765395643.1958451,2025-12-10T19:40:43.195846+00:00
123,1765395643.216702,2025-12-10T19:40:43.216705+00:00
124,1765395643.2375739,2025-12-10T19:40:43.237579+00:00
125,1765395643.258624,2025-12-10T19:40:43.258628+00:00
126,1765395643.2791848,2025-12-10T19:40:43.279189+00:00
127,1765395643.3000588,2025-12-10T19:40:43.300064+00:00
128,1765395643.317642,2025-12-10T19:40:43.317643+00:00
129,1765395643.3385081,2025-12-10T19:40:43.338511+00:00
130,1765395643.359008,2025-12-10T19:40:43.359010+00:00
131,1765395643.3759758,2025-12-10T19:40:43.375980+00:00
132,1765395643.396492,2025-12-10T19:40:43.396494+00:00
133,1765395643.417294,2025-12-10T19:40:43.417297+00:00
134,1765395643.435643,2025-12-10T19:40:43.435645+00:00
135,1765395643.456501,2025-12-10T19:40:43.456506+00:00
136,1765395643.476204,2025-12-10T19:40:43.476211+00:00
137,1765395643.4956968,2025-12-10T19:40:43.495703+00:00
138,1765395643.516598,2025-12-10T19:40:43.516603+00:00
139,1765395643.536094,2025-12-10T19:40:43.536101+00:00
140,1765395643.557007,2025-12-10T19:40:43.557010+00:00
141,1765395643.577893,2025-12-10T19:40:43.577894+00:00
142,1765395643.5946722,2025-12-10T19:40:43.594674+00:00
143,1765395643.6155431,2025-12-10T19:40:43.615547+00:00
144,1765395643.6364439,2025-12-10T19:40:43.636449+00:00
145,1765395643.654283,2025-12-10T19:40:43.654289+00:00
146,1765395643.672812,2025-12-10T19:40:43.672815+00:00
147,1765395643.6917849,2025-12-10T19:40:43.691788+00:00
148,1765395643.7086248,2025-12-10T19:40:43.708626+00:00
149,1765395643.726489,2025-12-10T19:40:43.726491+00:00
150,1765395643.743242,2025-12-10T19:40:43.743243+00:00
151,1765395643.764118,2025-12-10T19:40:43.764119+00:00
152,1765395643.7840261,2025-12-10T19:40:43.784027+00:00
153,1765395643.804945,2025-12-10T19:40:43.804946+00:00
154,1765395643.825645,2025-12-10T19:40:43.825647+00:00
155,1765395643.842952,2025-12-10T19:40:43.842956+00:00
156,1765395643.863822,2025-12-10T19:40:43.863824+00:00
157,1765395643.883222,2025-12-10T19:40:43.883226+00:00
158,1765395643.902833,2025-12-10T19:40:43.902834+00:00
159,1765395643.923691,2025-12-10T19:40:43.923694+00:00
160,1765395643.942197,2025-12-10T19:40:43.942199+00:00
161,1765395643.960284,2025-12-10T19:40:43.960288+00:00
162,1765395643.977723,2025-12-10T19:40:43.977727+00:00
163,1765395643.998604,2025-12-10T19:40:43.998606+00:00
164,1765395644.019499,2025-12-10T19:40:44.019502+00:00
165,1765395644.040375,2025-12-10T19:40:44.040377+00:00
166,1765395644.058771,2025-12-10T19:40:44.058777+00:00
167,1765395644.079674,2025-12-10T19:40:44.079675+00:00
168,1765395644.100527,2025-12-10T19:40:44.100529+00:00
169,1765395644.117641,2025-12-10T19:40:44.117644+00:00
170,1765395644.138527,2025-12-10T19:40:44.138533+00:00
171,1765395644.1593442,2025-12-10T19:40:44.159348+00:00
172,1765395644.176173,2025-12-10T19:40:44.176175+00:00
173,1765395644.1959648,2025-12-10T19:40:44.195966+00:00
174,1765395644.21682,2025-12-10T19:40:44.216822+00:00
175,1765395644.237683,2025-12-10T19:40:44.237683+00:00
176,1765395644.255146,2025-12-10T19:40:44.255148+00:00
177,1765395644.2760162,2025-12-10T19:40:44.276016+00:00
178,1765395644.296881,2025-12-10T19:40:44.296892+00:00
179,1765395644.315155,2025-12-10T19:40:44.315157+00:00
180,1765395644.334023,2025-12-10T19:40:44.334028+00:00
181,1765395644.354893,2025-12-10T19:40:44.354894+00:00
182,1765395644.375751,2025-12-10T19:40:44.375755+00:00
183,1765395644.3945549,2025-12-10T19:40:44.394559+00:00
184,1765395644.415491,2025-12-10T19:40:44.415495+00:00
185,1765395644.4334269,2025-12-10T19:40:44.433428+00:00
186,1765395644.453397,2025-12-10T19:40:44.453400+00:00
187,1765395644.473087,2025-12-10T19:40:44.473087+00:00
188,1765395644.4923751,2025-12-10T19:40:44.492393+00:00
189,1765395644.51268,2025-12-10T19:40:44.512681+00:00
190,1765395644.533532,2025-12-10T19:40:44.533534+00:00
191,1765395644.5508502,2025-12-10T19:40:44.550855+00:00
192,1765395644.571747,2025-12-10T19:40:44.571749+00:00
193,1765395644.5913658,2025-12-10T19:40:44.591368+00:00
194,1765395644.612237,2025-12-10T19:40:44.612243+00:00
195,1765395644.633116,2025-12-10T19:40:44.633117+00:00
196,1765395644.6508858,2025-12-10T19:40:44.650892+00:00
197,1765395644.6717892,2025-12-10T19:40:44.671790+00:00
198,1765395644.690542,2025-12-10T19:40:44.690544+00:00
199,1765395644.70877,2025-12-10T19:40:44.708772+00:00
200,1765395644.7258089,2025-12-10T19:40:44.725812+00:00
201,1765395644.745666,2025-12-10T19:40:44.745667+00:00
202,1765395644.7625759,2025-12-10T19:40:44.762577+00:00
203,1765395644.783438,2025-12-10T19:40:44.783439+00:00
204,1765395644.804301,2025-12-10T19:40:44.804306+00:00
205,1765395644.8247921,2025-12-10T19:40:44.824794+00:00
206,1765395644.842397,2025-12-10T19:40:44.842398+00:00
207,1765395644.863244,2025-12-10T19:40:44.863245+00:00
208,1765395644.884104,2025-12-10T19:40:44.884107+00:00
209,1765395644.901688,2025-12-10T19:40:44.901689+00:00
210,1765395644.9218,2025-12-10T19:40:44.921801+00:00
211,1765395644.942283,2025-12-10T19:40:44.942285+00:00
212,1765395644.963155,2025-12-10T19:40:44.963157+00:00
213,1765395644.984025,2025-12-10T19:40:44.984030+00:00
214,1765395645.003754,2025-12-10T19:40:45.003757+00:00
215,1765395645.023942,2025-12-10T19:40:45.023947+00:00
216,1765395645.042756,2025-12-10T19:40:45.042760+00:00
217,1765395645.063645,2025-12-10T19:40:45.063650+00:00
218,1765395645.08365,2025-12-10T19:40:45.083654+00:00
219,1765395645.103761,2025-12-10T19:40:45.103763+00:00
220,1765395645.123735,2025-12-10T19:40:45.123741+00:00
221,1765395645.14466,2025-12-10T19:40:45.144665+00:00
222,1765395645.1655521,2025-12-10T19:40:45.165554+00:00
223,1765395645.183648,2025-12-10T19:40:45.183649+00:00
224,1765395645.203281,2025-12-10T19:40:45.203283+00:00
225,1765395645.220223,2025-12-10T19:40:45.220226+00:00
226,1765395645.240206,2025-12-10T19:40:45.240209+00:00
227,1765395645.257719,2025-12-10T19:40:45.257723+00:00
228,1765395645.276124,2025-12-10T19:40:45.276126+00:00
229,1765395645.294004,2025-12-10T19:40:45.294008+00:00
230,1765395645.312309,2025-12-10T19:40:45.312310+00:00
231,1765395645.331574,2025-12-10T19:40:45.331580+00:00
232,1765395645.3524961,2025-12-10T19:40:45.352500+00:00
233,1765395645.371001,2025-12-10T19:40:45.371003+00:00
234,1765395645.3904052,2025-12-10T19:40:45.390406+00:00
235,1765395645.40786,2025-12-10T19:40:45.407863+00:00
236,1765395645.428732,2025-12-10T19:40:45.428734+00:00
237,1765395645.4493299,2025-12-10T19:40:45.449491+00:00
238,1765395645.469426,2025-12-10T19:40:45.469430+00:00
239,1765395645.487574,2025-12-10T19:40:45.487577+00:00
240,1765395645.508469,2025-12-10T19:40:45.508473+00:00
241,1765395645.529355,2025-12-10T19:40:45.529357+00:00
242,1765395645.550226,2025-12-10T19:40:45.550231+00:00
243,1765395645.571132,2025-12-10T19:40:45.571138+00:00
244,1765395645.588562,2025-12-10T19:40:45.588563+00:00
245,1765395645.6094358,2025-12-10T19:40:45.609440+00:00
246,1765395645.627903,2025-12-10T19:40:45.627909+00:00
247,1765395645.648801,2025-12-10T19:40:45.648802+00:00
248,1765395645.669674,2025-12-10T19:40:45.669679+00:00
249,1765395645.6905742,2025-12-10T19:40:45.690577+00:00
250,1765395645.711442,2025-12-10T19:40:45.711443+00:00
251,1765395645.7323189,2025-12-10T19:40:45.732320+00:00
252,1765395645.749642,2025-12-10T19:40:45.749644+00:00
253,1765395645.767273,2025-12-10T19:40:45.767278+00:00
254,1765395645.785592,2025-12-10T19:40:45.785594+00:00
255,1765395645.8043551,2025-12-10T19:40:45.804356+00:00
256,1765395645.8252108,2025-12-10T19:40:45.825212+00:00
257,1765395645.8455858,2025-12-10T19:40:45.845589+00:00
258,1765395645.8629692,2025-12-10T19:40:45.862971+00:00
259,1765395645.882875,2025-12-10T19:40:45.882876+00:00
260,1765395645.903722,2025-12-10T19:40:45.903724+00:00
261,1765395645.924535,2025-12-10T19:40:45.924539+00:00
262,1765395645.945448,2025-12-10T19:40:45.945452+00:00
263,1765395645.9625,2025-12-10T19:40:45.962501+00:00
264,1765395645.9794161,2025-12-10T19:40:45.979417+00:00
265,1765395645.9997098,2025-12-10T19:40:45.999712+00:00
266,1765395646.020594,2025-12-10T19:40:46.020595+00:00
267,1765395646.041473,2025-12-10T19:40:46.041479+00:00
268,1765395646.059668,2025-12-10T19:40:46.059669+00:00
269,1765395646.078443,2025-12-10T19:40:46.078444+00:00
270,1765395646.098954,2025-12-10T19:40:46.098958+00:00
271,1765395646.1197498,2025-12-10T19:40:46.119753+00:00
272,1765395646.138497,2025-12-10T19:40:46.138499+00:00
273,1765395646.155243,2025-12-10T19:40:46.155245+00:00
274,1765395646.176129,2025-12-10T19:40:46.176130+00:00
275,1765395646.1958761,2025-12-10T19:40:46.195880+00:00
276,1765395646.216795,2025-12-10T19:40:46.216797+00:00
277,1765395646.237664,2025-12-10T19:40:46.237666+00:00
278,1765395646.258556,2025-12-10T19:40:46.258560+00:00
279,1765395646.277002,2025-12-10T19:40:46.277005+00:00
280,1765395646.295447,2025-12-10T19:40:46.295450+00:00
281,1765395646.3131251,2025-12-10T19:40:46.313130+00:00
282,1765395646.3333561,2025-12-10T19:40:46.333363+00:00
283,1765395646.3516212,2025-12-10T19:40:46.351623+00:00
284,1765395646.372492,2025-12-10T19:40:46.372494+00:00
285,1765395646.392121,2025-12-10T19:40:46.392124+00:00
286,1765395646.412624,2025-12-10T19:40:46.412627+00:00
287,1765395646.433505,2025-12-10T19:40:46.433506+00:00
288,1765395646.454287,2025-12-10T19:40:46.454288+00:00
289,1765395646.472513,2025-12-10T19:40:46.472514+00:00
290,1765395646.493359,2025-12-10T19:40:46.493360+00:00
291,1765395646.512547,2025-12-10T19:40:46.512548+00:00
292,1765395646.532276,2025-12-10T19:40:46.532280+00:00
293,1765395646.550199,2025-12-10T19:40:46.550203+00:00
294,1765395646.5711071,2025-12-10T19:40:46.571110+00:00
295,1765395646.588289,2025-12-10T19:40:46.588290+00:00
296,1765395646.60759,2025-12-10T19:40:46.607591+00:00
297,1765395646.628254,2025-12-10T19:40:46.628257+00:00
298,1765395646.649131,2025-12-10T19:40:46.649136+00:00
299,1765395646.668316,2025-12-10T19:40:46.668318+00:00
300,1765395646.689184,2025-12-10T19:40:46.689187+00:00
301,1765395646.7080379,2025-12-10T19:40:46.708039+00:00
302,1765395646.728888,2025-12-10T19:40:46.728890+00:00
303,1765395646.749745,2025-12-10T19:40:46.749746+00:00
304,1765395646.7706082,2025-12-10T19:40:46.770610+00:00
305,1765395646.7914722,2025-12-10T19:40:46.791472+00:00
306,1765395646.811671,2025-12-10T19:40:46.811673+00:00
307,1765395646.831709,2025-12-10T19:40:46.831709+00:00
308,1765395646.8521159,2025-12-10T19:40:46.852120+00:00
309,1765395646.871403,2025-12-10T19:40:46.871406+00:00
310,1765395646.891419,2025-12-10T19:40:46.891424+00:00
311,1765395646.912509,2025-12-10T19:40:46.912512+00:00
312,1765395646.93185,2025-12-10T19:40:46.931852+00:00
313,1765395646.952703,2025-12-10T19:40:46.952705+00:00
314,1765395646.973563,2025-12-10T19:40:46.973566+00:00
315,1765395646.9917529,2025-12-10T19:40:46.991759+00:00
316,1765395647.012668,2025-12-10T19:40:47.012672+00:00
317,1765395647.03347,2025-12-10T19:40:47.033478+00:00
318,1765395647.053451,2025-12-10T19:40:47.053459+00:00
319,1765395647.071861,2025-12-10T19:40:47.071866+00:00
320,1765395647.091728,2025-12-10T19:40:47.091732+00:00
321,1765395647.112628,2025-12-10T19:40:47.112630+00:00
322,1765395647.13038,2025-12-10T19:40:47.130383+00:00
323,1765395647.15127,2025-12-10T19:40:47.151273+00:00
324,1765395647.171833,2025-12-10T19:40:47.171838+00:00
325,1765395647.1921122,2025-12-10T19:40:47.192113+00:00
326,1765395647.2129762,2025-12-10T19:40:47.212977+00:00
327,1765395647.229812,2025-12-10T19:40:47.229813+00:00
328,1765395647.2506628,2025-12-10T19:40:47.250663+00:00
329,1765395647.27153,2025-12-10T19:40:47.271532+00:00
330,1765395647.2924259,2025-12-10T19:40:47.292432+00:00
331,1765395647.312727,2025-12-10T19:40:47.312728+00:00
332,1765395647.333588,2025-12-10T19:40:47.333593+00:00
333,1765395647.35038,2025-12-10T19:40:47.350383+00:00
334,1765395647.371261,2025-12-10T19:40:47.371263+00:00
335,1765395647.3905149,2025-12-10T19:40:47.390516+00:00
336,1765395647.411187,2025-12-10T19:40:47.411190+00:00
337,1765395647.427952,2025-12-10T19:40:47.427953+00:00
338,1765395647.4459891,2025-12-10T19:40:47.445989+00:00
339,1765395647.462719,2025-12-10T19:40:47.462719+00:00
340,1765395647.4807198,2025-12-10T19:40:47.480721+00:00
341,1765395647.5015838,2025-12-10T19:40:47.501586+00:00
342,1765395647.522465,2025-12-10T19:40:47.522467+00:00
343,1765395647.543353,2025-12-10T19:40:47.543359+00:00
344,1765395647.564255,2025-12-10T19:40:47.564256+00:00
345,1765395647.581459,2025-12-10T19:40:47.581461+00:00
346,1765395647.600278,2025-12-10T19:40:47.600279+00:00
347,1765395647.619168,2025-12-10T19:40:47.619171+00:00
348,1765395647.6392589,2025-12-10T19:40:47.639264+00:00
349,1765395647.656905,2025-12-10T19:40:47.656909+00:00
350,1765395647.675081,2025-12-10T19:40:47.675083+00:00
351,1765395647.692341,2025-12-10T19:40:47.692344+00:00
352,1765395647.7132301,2025-12-10T19:40:47.713231+00:00
353,1765395647.731947,2025-12-10T19:40:47.731952+00:00
354,1765395647.749023,2025-12-10T19:40:47.749030+00:00
355,1765395647.7664719,2025-12-10T19:40:47.766474+00:00
356,1765395647.785687,2025-12-10T19:40:47.785690+00:00
357,1765395647.804203,2025-12-10T19:40:47.804204+00:00
358,1765395647.821568,2025-12-10T19:40:47.821574+00:00
359,1765395647.842487,2025-12-10T19:40:47.842495+00:00
360,1765395647.861572,2025-12-10T19:40:47.861575+00:00
361,1765395647.879843,2025-12-10T19:40:47.879845+00:00
362,1765395647.900728,2025-12-10T19:40:47.900729+00:00
363,1765395647.9191492,2025-12-10T19:40:47.919155+00:00
364,1765395647.9362812,2025-12-10T19:40:47.936282+00:00
365,1765395647.956608,2025-12-10T19:40:47.956612+00:00
366,1765395647.977519,2025-12-10T19:40:47.977522+00:00
367,1765395647.996466,2025-12-10T19:40:47.996466+00:00
368,1765395648.01686,2025-12-10T19:40:48.016861+00:00
369,1765395648.0377212,2025-12-10T19:40:48.037724+00:00
370,1765395648.058651,2025-12-10T19:40:48.058657+00:00
371,1765395648.077439,2025-12-10T19:40:48.077442+00:00
372,1765395648.0969129,2025-12-10T19:40:48.096914+00:00
373,1765395648.117773,2025-12-10T19:40:48.117777+00:00
374,1765395648.13709,2025-12-10T19:40:48.137093+00:00
375,1765395648.1550562,2025-12-10T19:40:48.155067+00:00
376,1765395648.1759381,2025-12-10T19:40:48.175943+00:00
377,1765395648.196827,2025-12-10T19:40:48.196829+00:00
378,1765395648.217692,2025-12-10T19:40:48.217696+00:00
379,1765395648.2374809,2025-12-10T19:40:48.237484+00:00
380,1765395648.2549949,2025-12-10T19:40:48.254996+00:00
381,1765395648.2754629,2025-12-10T19:40:48.275464+00:00
382,1765395648.2963278,2025-12-10T19:40:48.296330+00:00
383,1765395648.313542,2025-12-10T19:40:48.313544+00:00
384,1765395648.334396,2025-12-10T19:40:48.334398+00:00
385,1765395648.351136,2025-12-10T19:40:48.351137+00:00
386,1765395648.371982,2025-12-10T19:40:48.371983+00:00
387,1765395648.3888562,2025-12-10T19:40:48.388857+00:00
388,1765395648.409703,2025-12-10T19:40:48.409703+00:00
389,1765395648.4299939,2025-12-10T19:40:48.429997+00:00
390,1765395648.450903,2025-12-10T19:40:48.450904+00:00
391,1765395648.471564,2025-12-10T19:40:48.471565+00:00
392,1765395648.492447,2025-12-10T19:40:48.492453+00:00
393,1765395648.510099,2025-12-10T19:40:48.510100+00:00
394,1765395648.530949,2025-12-10T19:40:48.530950+00:00
395,1765395648.550369,2025-12-10T19:40:48.550373+00:00
396,1765395648.570258,2025-12-10T19:40:48.570260+00:00
397,1765395648.588663,2025-12-10T19:40:48.588663+00:00
398,1765395648.609525,2025-12-10T19:40:48.609528+00:00
399,1765395648.630184,2025-12-10T19:40:48.630188+00:00
400,1765395648.6501188,2025-12-10T19:40:48.650124+00:00
401,1765395648.6710458,2025-12-10T19:40:48.671048+00:00
402,1765395648.691926,2025-12-10T19:40:48.691930+00:00
403,1765395648.7128372,2025-12-10T19:40:48.712840+00:00
404,1765395648.7300239,2025-12-10T19:40:48.730024+00:00
405,1765395648.7508779,2025-12-10T19:40:48.750879+00:00
406,1765395648.77168,2025-12-10T19:40:48.771682+00:00
407,1765395648.7925608,2025-12-10T19:40:48.792565+00:00
408,1765395648.8120708,2025-12-10T19:40:48.812073+00:00
409,1765395648.8316329,2025-12-10T19:40:48.831634+00:00
410,1765395648.851718,2025-12-10T19:40:48.851724+00:00
411,1765395648.870341,2025-12-10T19:40:48.870342+00:00
412,1765395648.889015,2025-12-10T19:40:48.889017+00:00
413,1765395648.908549,2025-12-10T19:40:48.908550+00:00
414,1765395648.929407,2025-12-10T19:40:48.929411+00:00
415,1765395648.947663,2025-12-10T19:40:48.947665+00:00
416,1765395648.968516,2025-12-10T19:40:48.968517+00:00
417,1765395648.9882638,2025-12-10T19:40:48.988264+00:00
418,1765395649.008255,2025-12-10T19:40:49.008256+00:00
419,1765395649.029123,2025-12-10T19:40:49.029125+00:00
420,1765395649.0500119,2025-12-10T19:40:49.050018+00:00
421,1765395649.066764,2025-12-10T19:40:49.066770+00:00
422,1765395649.087687,2025-12-10T19:40:49.087688+00:00
423,1765395649.107934,2025-12-10T19:40:49.107935+00:00
424,1765395649.128792,2025-12-10T19:40:49.128794+00:00
425,1765395649.14685,2025-12-10T19:40:49.146853+00:00
426,1765395649.167726,2025-12-10T19:40:49.167730+00:00
427,1765395649.188513,2025-12-10T19:40:49.188514+00:00
428,1765395649.209376,2025-12-10T19:40:49.209380+00:00
429,1765395649.229952,2025-12-10T19:40:49.229955+00:00
430,1765395649.246871,2025-12-10T19:40:49.246876+00:00
431,1765395649.265476,2025-12-10T19:40:49.265480+00:00
432,1765395649.286359,2025-12-10T19:40:49.286360+00:00
433,1765395649.306497,2025-12-10T19:40:49.306500+00:00
434,1765395649.327384,2025-12-10T19:40:49.327387+00:00
435,1765395649.3466508,2025-12-10T19:40:49.346653+00:00
436,1765395649.367525,2025-12-10T19:40:49.367529+00:00
437,1765395649.387326,2025-12-10T19:40:49.387329+00:00
438,1765395649.40819,2025-12-10T19:40:49.408192+00:00
439,1765395649.429166,2025-12-10T19:40:49.429170+00:00
440,1765395649.450042,2025-12-10T19:40:49.450043+00:00
441,1765395649.46684,2025-12-10T19:40:49.466844+00:00
442,1765395649.48773,2025-12-10T19:40:49.487730+00:00
443,1765395649.505025,2025-12-10T19:40:49.505026+00:00
444,1765395649.524043,2025-12-10T19:40:49.524044+00:00
445,1765395649.5429509,2025-12-10T19:40:49.542957+00:00
446,1765395649.563874,2025-12-10T19:40:49.563879+00:00
447,1765395649.5847812,2025-12-10T19:40:49.584782+00:00
448,1765395649.6051898,2025-12-10T19:40:49.605191+00:00
449,1765395649.62605,2025-12-10T19:40:49.626052+00:00
450,1765395649.646781,2025-12-10T19:40:49.646785+00:00
451,1765395649.6656342,2025-12-10T19:40:49.665642+00:00
452,1765395649.686538,2025-12-10T19:40:49.686539+00:00
453,1765395649.7064278,2025-12-10T19:40:49.706432+00:00
454,1765395649.724088,2025-12-10T19:40:49.724090+00:00
455,1765395649.742829,2025-12-10T19:40:49.742830+00:00
456,1765395649.763677,2025-12-10T19:40:49.763678+00:00
457,1765395649.78454,2025-12-10T19:40:49.784544+00:00
458,1765395649.805419,2025-12-10T19:40:49.805422+00:00
459,1765395649.826293,2025-12-10T19:40:49.826295+00:00
460,1765395649.846914,2025-12-10T19:40:49.846917+00:00
461,1765395649.8678021,2025-12-10T19:40:49.867807+00:00
462,1765395649.884745,2025-12-10T19:40:49.884749+00:00
463,1765395649.903605,2025-12-10T19:40:49.903608+00:00
464,1765395649.923872,2025-12-10T19:40:49.923876+00:00
465,1765395649.944751,2025-12-10T19:40:49.944754+00:00
466,1765395649.961539,2025-12-10T19:40:49.961544+00:00
467,1765395649.97926,2025-12-10T19:40:49.979262+00:00
468,1765395650.000124,2025-12-10T19:40:50.000127+00:00
469,1765395650.021004,2025-12-10T19:40:50.021010+00:00
470,1765395650.041767,2025-12-10T19:40:50.041772+00:00
471,1765395650.058691,2025-12-10T19:40:50.058695+00:00
472,1765395650.077173,2025-12-10T19:40:50.077177+00:00
473,1765395650.098044,2025-12-10T19:40:50.098048+00:00
474,1765395650.1174788,2025-12-10T19:40:50.117499+00:00
475,1765395650.138386,2025-12-10T19:40:50.138394+00:00
476,1765395650.159206,2025-12-10T19:40:50.159211+00:00
477,1765395650.180098,2025-12-10T19:40:50.180105+00:00
478,1765395650.201028,2025-12-10T19:40:50.201045+00:00
479,1765395650.219481,2025-12-10T19:40:50.219484+00:00
480,1765395650.2403579,2025-12-10T19:40:50.240361+00:00
481,1765395650.25933,2025-12-10T19:40:50.259334+00:00
482,1765395650.2802072,2025-12-10T19:40:50.280210+00:00
483,1765395650.3010402,2025-12-10T19:40:50.301042+00:00
484,1765395650.321909,2025-12-10T19:40:50.321911+00:00
485,1765395650.342533,2025-12-10T19:40:50.342534+00:00
486,1765395650.363383,2025-12-10T19:40:50.363386+00:00
487,1765395650.380833,2025-12-10T19:40:50.380836+00:00
488,1765395650.401032,2025-12-10T19:40:50.401033+00:00
489,1765395650.420861,2025-12-10T19:40:50.420864+00:00
490,1765395650.44175,2025-12-10T19:40:50.441751+00:00
491,1765395650.462377,2025-12-10T19:40:50.462378+00:00
492,1765395650.483238,2025-12-10T19:40:50.483241+00:00
493,1765395650.5007548,2025-12-10T19:40:50.500760+00:00
494,1765395650.521114,2025-12-10T19:40:50.521122+00:00
495,1765395650.5420249,2025-12-10T19:40:50.542028+00:00
496,1765395650.559361,2025-12-10T19:40:50.559364+00:00
497,1765395650.580128,2025-12-10T19:40:50.580131+00:00
498,1765395650.601009,2025-12-10T19:40:50.601016+00:00
499,1765395650.621957,2025-12-10T19:40:50.621964+00:00
500,1765395650.640474,2025-12-10T19:40:50.640476+00:00
501,1765395650.661344,2025-12-10T19:40:50.661349+00:00
502,1765395650.682243,2025-12-10T19:40:50.682247+00:00
503,1765395650.700254,2025-12-10T19:40:50.700257+00:00
504,1765395650.721162,2025-12-10T19:40:50.721164+00:00
505,1765395650.7396019,2025-12-10T19:40:50.739604+00:00
506,1765395650.760473,2025-12-10T19:40:50.760478+00:00
507,1765395650.781404,2025-12-10T19:40:50.781412+00:00
508,1765395650.802324,2025-12-10T19:40:50.802329+00:00
509,1765395650.820601,2025-12-10T19:40:50.820603+00:00
510,1765395650.8414762,2025-12-10T19:40:50.841482+00:00
511,1765395650.85903,2025-12-10T19:40:50.859032+00:00
512,1765395650.879894,2025-12-10T19:40:50.879897+00:00
513,1765395650.899947,2025-12-10T19:40:50.899952+00:00
514,1765395650.916776,2025-12-10T19:40:50.916780+00:00
515,1765395650.936933,2025-12-10T19:40:50.936935+00:00
516,1765395650.957802,2025-12-10T19:40:50.957806+00:00
517,1765395650.9749,2025-12-10T19:40:50.974903+00:00
518,1765395650.992648,2025-12-10T19:40:50.992655+00:00
519,1765395651.013553,2025-12-10T19:40:51.013557+00:00
520,1765395651.0331688,2025-12-10T19:40:51.033177+00:00
521,1765395651.0540879,2025-12-10T19:40:51.054094+00:00
522,1765395651.071209,2025-12-10T19:40:51.071210+00:00
523,1765395651.088108,2025-12-10T19:40:51.088110+00:00
524,1765395651.1089852,2025-12-10T19:40:51.108987+00:00
525,1765395651.128473,2025-12-10T19:40:51.128475+00:00
526,1765395651.149399,2025-12-10T19:40:51.149400+00:00
527,1765395651.168679,2025-12-10T19:40:51.168688+00:00
528,1765395651.188447,2025-12-10T19:40:51.188449+00:00
529,1765395651.209311,2025-12-10T19:40:51.209312+00:00
530,1765395651.2260952,2025-12-10T19:40:51.226099+00:00
531,1765395651.246957,2025-12-10T19:40:51.246958+00:00
532,1765395651.267831,2025-12-10T19:40:51.267835+00:00
533,1765395651.287287,2025-12-10T19:40:51.287290+00:00
534,1765395651.308152,2025-12-10T19:40:51.308153+00:00
535,1765395651.326354,2025-12-10T19:40:51.326359+00:00
536,1765395651.3472471,2025-12-10T19:40:51.347252+00:00
537,1765395651.3641322,2025-12-10T19:40:51.364136+00:00
538,1765395651.3843899,2025-12-10T19:40:51.384417+00:00
539,1765395651.405324,2025-12-10T19:40:51.405328+00:00
540,1765395651.42379,2025-12-10T19:40:51.423797+00:00
541,1765395651.442711,2025-12-10T19:40:51.442713+00:00
542,1765395651.4611251,2025-12-10T19:40:51.461127+00:00
543,1765395651.4808059,2025-12-10T19:40:51.480810+00:00
544,1765395651.500802,2025-12-10T19:40:51.500803+00:00
545,1765395651.517714,2025-12-10T19:40:51.517716+00:00
546,1765395651.5385962,2025-12-10T19:40:51.538600+00:00
547,1765395651.558536,2025-12-10T19:40:51.558541+00:00
548,1765395651.579445,2025-12-10T19:40:51.579448+00:00
549,1765395651.600323,2025-12-10T19:40:51.600325+00:00
550,1765395651.6211882,2025-12-10T19:40:51.621191+00:00
551,1765395651.6405509,2025-12-10T19:40:51.640553+00:00
552,1765395651.658991,2025-12-10T19:40:51.658995+00:00
553,1765395651.679861,2025-12-10T19:40:51.679863+00:00
554,1765395651.69957,2025-12-10T19:40:51.699579+00:00
555,1765395651.72048,2025-12-10T19:40:51.720483+00:00
556,1765395651.7381608,2025-12-10T19:40:51.738163+00:00
557,1765395651.758796,2025-12-10T19:40:51.758798+00:00
558,1765395651.776479,2025-12-10T19:40:51.776486+00:00
559,1765395651.7973912,2025-12-10T19:40:51.797395+00:00
560,1765395651.818275,2025-12-10T19:40:51.818280+00:00
561,1765395651.835328,2025-12-10T19:40:51.835331+00:00
562,1765395651.8561978,2025-12-10T19:40:51.856199+00:00
563,1765395651.8733282,2025-12-10T19:40:51.873333+00:00
564,1765395651.894225,2025-12-10T19:40:51.894226+00:00
565,1765395651.9151082,2025-12-10T19:40:51.915113+00:00
566,1765395651.9329338,2025-12-10T19:40:51.932936+00:00
567,1765395651.953804,2025-12-10T19:40:51.953805+00:00
568,1765395651.972342,2025-12-10T19:40:51.972345+00:00
569,1765395651.9932091,2025-12-10T19:40:51.993211+00:00
570,1765395652.013845,2025-12-10T19:40:52.013849+00:00
571,1765395652.034752,2025-12-10T19:40:52.034756+00:00
572,1765395652.05308,2025-12-10T19:40:52.053084+00:00
573,1765395652.071889,2025-12-10T19:40:52.071893+00:00
574,1765395652.089637,2025-12-10T19:40:52.089638+00:00
575,1765395652.1104908,2025-12-10T19:40:52.110491+00:00
576,1765395652.1313531,2025-12-10T19:40:52.131355+00:00
577,1765395652.1519518,2025-12-10T19:40:52.151957+00:00
578,1765395652.1707819,2025-12-10T19:40:52.170785+00:00
579,1765395652.189014,2025-12-10T19:40:52.189015+00:00
580,1765395652.207107,2025-12-10T19:40:52.207108+00:00
581,1765395652.227968,2025-12-10T19:40:52.227970+00:00
582,1765395652.2468889,2025-12-10T19:40:52.246892+00:00
583,1765395652.267703,2025-12-10T19:40:52.267706+00:00
584,1765395652.287652,2025-12-10T19:40:52.287654+00:00
585,1765395652.307619,2025-12-10T19:40:52.307620+00:00
586,1765395652.324468,2025-12-10T19:40:52.324473+00:00
587,1765395652.3445399,2025-12-10T19:40:52.344543+00:00
588,1765395652.365419,2025-12-10T19:40:52.365421+00:00
589,1765395652.386284,2025-12-10T19:40:52.386290+00:00
590,1765395652.406232,2025-12-10T19:40:52.406236+00:00
591,1765395652.4271538,2025-12-10T19:40:52.427161+00:00
592,1765395652.448044,2025-12-10T19:40:52.448050+00:00
593,1765395652.4679492,2025-12-10T19:40:52.467953+00:00
594,1765395652.4885519,2025-12-10T19:40:52.488563+00:00
595,1765395652.505433,2025-12-10T19:40:52.505437+00:00
596,1765395652.523529,2025-12-10T19:40:52.523536+00:00
597,1765395652.5444422,2025-12-10T19:40:52.544447+00:00
598,1765395652.564733,2025-12-10T19:40:52.564740+00:00
599,1765395652.585644,2025-12-10T19:40:52.585647+00:00
600,1765395652.6065228,2025-12-10T19:40:52.606528+00:00
601,1765395652.627429,2025-12-10T19:40:52.627434+00:00
602,1765395652.64833,2025-12-10T19:40:52.648331+00:00
603,1765395652.666738,2025-12-10T19:40:52.666741+00:00
604,1765395652.686858,2025-12-10T19:40:52.686860+00:00
605,1765395652.707733,2025-12-10T19:40:52.707736+00:00
606,1765395652.7286222,2025-12-10T19:40:52.728624+00:00
607,1765395652.749495,2025-12-10T19:40:52.749498+00:00
608,1765395652.767683,2025-12-10T19:40:52.767683+00:00
609,1765395652.78582,2025-12-10T19:40:52.785821+00:00
610,1765395652.8066812,2025-12-10T19:40:52.806683+00:00
611,1765395652.823736,2025-12-10T19:40:52.823738+00:00
612,1765395652.842751,2025-12-10T19:40:52.842752+00:00
613,1765395652.8595,2025-12-10T19:40:52.859505+00:00
614,1765395652.876705,2025-12-10T19:40:52.876710+00:00
615,1765395652.895956,2025-12-10T19:40:52.895961+00:00
616,1765395652.915672,2025-12-10T19:40:52.915676+00:00
617,1765395652.934845,2025-12-10T19:40:52.934850+00:00
618,1765395652.955742,2025-12-10T19:40:52.955745+00:00
619,1765395652.976183,2025-12-10T19:40:52.976186+00:00
620,1765395652.997067,2025-12-10T19:40:52.997074+00:00
621,1765395653.015519,2025-12-10T19:40:53.015522+00:00
622,1765395653.034306,2025-12-10T19:40:53.034312+00:00
623,1765395653.0513248,2025-12-10T19:40:53.051328+00:00
624,1765395653.071198,2025-12-10T19:40:53.071202+00:00
625,1765395653.092077,2025-12-10T19:40:53.092082+00:00
626,1765395653.113966,2025-12-10T19:40:53.113975+00:00
627,1765395653.1325371,2025-12-10T19:40:53.132543+00:00
628,1765395653.153454,2025-12-10T19:40:53.153463+00:00
629,1765395653.174366,2025-12-10T19:40:53.174370+00:00
630,1765395653.194918,2025-12-10T19:40:53.194921+00:00
631,1765395653.21532,2025-12-10T19:40:53.215324+00:00
632,1765395653.236223,2025-12-10T19:40:53.236229+00:00
633,1765395653.255496,2025-12-10T19:40:53.255501+00:00
634,1765395653.27642,2025-12-10T19:40:53.276424+00:00
635,1765395653.296504,2025-12-10T19:40:53.296510+00:00
636,1765395653.315576,2025-12-10T19:40:53.315579+00:00
637,1765395653.336448,2025-12-10T19:40:53.336450+00:00
638,1765395653.357312,2025-12-10T19:40:53.357315+00:00
639,1765395653.376739,2025-12-10T19:40:53.376744+00:00
640,1765395653.397606,2025-12-10T19:40:53.397607+00:00
641,1765395653.415045,2025-12-10T19:40:53.415047+00:00
642,1765395653.435947,2025-12-10T19:40:53.435955+00:00
643,1765395653.456834,2025-12-10T19:40:53.456835+00:00
644,1765395653.477589,2025-12-10T19:40:53.477592+00:00
645,1765395653.496396,2025-12-10T19:40:53.496397+00:00
646,1765395653.5134752,2025-12-10T19:40:53.513477+00:00
647,1765395653.531029,2025-12-10T19:40:53.531035+00:00
648,1765395653.55025,2025-12-10T19:40:53.550254+00:00
649,1765395653.568508,2025-12-10T19:40:53.568512+00:00
650,1765395653.589356,2025-12-10T19:40:53.589362+00:00
651,1765395653.608983,2025-12-10T19:40:53.608990+00:00
652,1765395653.6260512,2025-12-10T19:40:53.626054+00:00
653,1765395653.642868,2025-12-10T19:40:53.642872+00:00
654,1765395653.663769,2025-12-10T19:40:53.663771+00:00
655,1765395653.6830819,2025-12-10T19:40:53.683086+00:00
656,1765395653.701072,2025-12-10T19:40:53.701074+00:00
657,1765395653.7180622,2025-12-10T19:40:53.718063+00:00
658,1765395653.737609,2025-12-10T19:40:53.737610+00:00
659,1765395653.758469,2025-12-10T19:40:53.758471+00:00
660,1765395653.77565,2025-12-10T19:40:53.775651+00:00
661,1765395653.796511,2025-12-10T19:40:53.796515+00:00
662,1765395653.816728,2025-12-10T19:40:53.816730+00:00
663,1765395653.834402,2025-12-10T19:40:53.834406+00:00
664,1765395653.855296,2025-12-10T19:40:53.855300+00:00
665,1765395653.876169,2025-12-10T19:40:53.876172+00:00
666,1765395653.897048,2025-12-10T19:40:53.897051+00:00
667,1765395653.917328,2025-12-10T19:40:53.917335+00:00
668,1765395653.93667,2025-12-10T19:40:53.936673+00:00
669,1765395653.955803,2025-12-10T19:40:53.955809+00:00
670,1765395653.973685,2025-12-10T19:40:53.973690+00:00
671,1765395653.9945831,2025-12-10T19:40:53.994585+00:00
672,1765395654.012494,2025-12-10T19:40:54.012499+00:00
673,1765395654.030839,2025-12-10T19:40:54.030843+00:00
674,1765395654.048233,2025-12-10T19:40:54.048238+00:00
675,1765395654.067282,2025-12-10T19:40:54.067288+00:00
676,1765395654.088187,2025-12-10T19:40:54.088191+00:00
677,1765395654.108994,2025-12-10T19:40:54.108999+00:00
678,1765395654.127228,2025-12-10T19:40:54.127234+00:00
679,1765395654.148139,2025-12-10T19:40:54.148145+00:00
680,1765395654.1672242,2025-12-10T19:40:54.167243+00:00
681,1765395654.186302,2025-12-10T19:40:54.186305+00:00
682,1765395654.206101,2025-12-10T19:40:54.206122+00:00
683,1765395654.22594,2025-12-10T19:40:54.225944+00:00
684,1765395654.24685,2025-12-10T19:40:54.246855+00:00
685,1765395654.266449,2025-12-10T19:40:54.266454+00:00
686,1765395654.287352,2025-12-10T19:40:54.287354+00:00
687,1765395654.3084679,2025-12-10T19:40:54.308472+00:00
688,1765395654.329351,2025-12-10T19:40:54.329355+00:00
689,1765395654.350239,2025-12-10T19:40:54.350240+00:00
690,1765395654.367276,2025-12-10T19:40:54.367277+00:00
691,1765395654.38813,2025-12-10T19:40:54.388134+00:00
692,1765395654.409006,2025-12-10T19:40:54.409010+00:00
693,1765395654.426259,2025-12-10T19:40:54.426262+00:00
694,1765395654.4471428,2025-12-10T19:40:54.447148+00:00
695,1765395654.468051,2025-12-10T19:40:54.468056+00:00
696,1765395654.485895,2025-12-10T19:40:54.485897+00:00
697,1765395654.50676,2025-12-10T19:40:54.506763+00:00
698,1765395654.525849,2025-12-10T19:40:54.525851+00:00
699,1765395654.5427358,2025-12-10T19:40:54.542739+00:00
700,1765395654.563623,2025-12-10T19:40:54.563629+00:00
701,1765395654.583549,2025-12-10T19:40:54.583553+00:00
702,1765395654.6011689,2025-12-10T19:40:54.601174+00:00
703,1765395654.620994,2025-12-10T19:40:54.621001+00:00
704,1765395654.6419241,2025-12-10T19:40:54.641931+00:00
705,1765395654.659262,2025-12-10T19:40:54.659267+00:00
706,1765395654.676078,2025-12-10T19:40:54.676085+00:00
707,1765395654.695741,2025-12-10T19:40:54.695751+00:00
708,1765395654.7166662,2025-12-10T19:40:54.716669+00:00
709,1765395654.735297,2025-12-10T19:40:54.735299+00:00
710,1765395654.755641,2025-12-10T19:40:54.755647+00:00
711,1765395654.7725492,2025-12-10T19:40:54.772554+00:00
712,1765395654.7928588,2025-12-10T19:40:54.792863+00:00
713,1765395654.809855,2025-12-10T19:40:54.809859+00:00
714,1765395654.8289092,2025-12-10T19:40:54.828912+00:00
715,1765395654.846211,2025-12-10T19:40:54.846218+00:00
716,1765395654.8633769,2025-12-10T19:40:54.863380+00:00
717,1765395654.8842518,2025-12-10T19:40:54.884255+00:00
718,1765395654.901488,2025-12-10T19:40:54.901492+00:00
719,1765395654.922386,2025-12-10T19:40:54.922388+00:00
720,1765395654.9395359,2025-12-10T19:40:54.939539+00:00
721,1765395654.960413,2025-12-10T19:40:54.960417+00:00
722,1765395654.980552,2025-12-10T19:40:54.980555+00:00
723,1765395654.998868,2025-12-10T19:40:54.998890+00:00
724,1765395655.017521,2025-12-10T19:40:55.017525+00:00
725,1765395655.038404,2025-12-10T19:40:55.038409+00:00
726,1765395655.0570502,2025-12-10T19:40:55.057053+00:00
727,1765395655.0765781,2025-12-10T19:40:55.076584+00:00
728,1765395655.0970712,2025-12-10T19:40:55.097080+00:00
729,1765395655.1139998,2025-12-10T19:40:55.114005+00:00
730,1765395655.133986,2025-12-10T19:40:55.133993+00:00
731,1765395655.155312,2025-12-10T19:40:55.155318+00:00
732,1765395655.172239,2025-12-10T19:40:55.172243+00:00
733,1765395655.193016,2025-12-10T19:40:55.193023+00:00
734,1765395655.2137651,2025-12-10T19:40:55.213769+00:00
735,1765395655.23128,2025-12-10T19:40:55.231284+00:00
736,1765395655.2489758,2025-12-10T19:40:55.248981+00:00
737,1765395655.268063,2025-12-10T19:40:55.268070+00:00
738,1765395655.288974,2025-12-10T19:40:55.288975+00:00
739,1765395655.307313,2025-12-10T19:40:55.307316+00:00
740,1765395655.3259299,2025-12-10T19:40:55.325932+00:00
741,1765395655.344233,2025-12-10T19:40:55.344242+00:00
742,1765395655.36514,2025-12-10T19:40:55.365142+00:00
743,1765395655.3870132,2025-12-10T19:40:55.387016+00:00
744,1765395655.4047968,2025-12-10T19:40:55.404805+00:00
745,1765395655.425718,2025-12-10T19:40:55.425722+00:00
746,1765395655.448331,2025-12-10T19:40:55.448496+00:00
747,1765395655.467937,2025-12-10T19:40:55.467941+00:00
748,1765395655.486153,2025-12-10T19:40:55.486158+00:00
749,1765395655.507058,2025-12-10T19:40:55.507068+00:00
750,1765395655.526371,2025-12-10T19:40:55.526382+00:00
751,1765395655.547314,2025-12-10T19:40:55.547317+00:00
752,1765395655.5681841,2025-12-10T19:40:55.568185+00:00
753,1765395655.586911,2025-12-10T19:40:55.586915+00:00
754,1765395655.6041532,2025-12-10T19:40:55.604158+00:00
755,1765395655.624733,2025-12-10T19:40:55.624737+00:00
756,1765395655.64363,2025-12-10T19:40:55.643633+00:00
757,1765395655.66317,2025-12-10T19:40:55.663173+00:00
758,1765395655.6804721,2025-12-10T19:40:55.680478+00:00
759,1765395655.701403,2025-12-10T19:40:55.701411+00:00
760,1765395655.72149,2025-12-10T19:40:55.721493+00:00
761,1765395655.742392,2025-12-10T19:40:55.742409+00:00
762,1765395655.762065,2025-12-10T19:40:55.762072+00:00
763,1765395655.7819579,2025-12-10T19:40:55.781961+00:00
764,1765395655.801603,2025-12-10T19:40:55.801611+00:00
765,1765395655.818968,2025-12-10T19:40:55.818969+00:00
766,1765395655.8394492,2025-12-10T19:40:55.839452+00:00
767,1765395655.860328,2025-12-10T19:40:55.860332+00:00
768,1765395655.8812292,2025-12-10T19:40:55.881232+00:00
769,1765395655.902106,2025-12-10T19:40:55.902108+00:00
770,1765395655.919481,2025-12-10T19:40:55.919484+00:00
771,1765395655.9403672,2025-12-10T19:40:55.940373+00:00
772,1765395655.961281,2025-12-10T19:40:55.961285+00:00
773,1765395655.982163,2025-12-10T19:40:55.982165+00:00
774,1765395656.0030332,2025-12-10T19:40:56.003036+00:00
775,1765395656.020212,2025-12-10T19:40:56.020214+00:00
776,1765395656.0391,2025-12-10T19:40:56.039109+00:00
777,1765395656.0559921,2025-12-10T19:40:56.055994+00:00
778,1765395656.073056,2025-12-10T19:40:56.073057+00:00
779,1765395656.0898979,2025-12-10T19:40:56.089899+00:00
780,1765395656.1107788,2025-12-10T19:40:56.110785+00:00
781,1765395656.1316879,2025-12-10T19:40:56.131690+00:00
782,1765395656.1525471,2025-12-10T19:40:56.152550+00:00
783,1765395656.171477,2025-12-10T19:40:56.171479+00:00
784,1765395656.192333,2025-12-10T19:40:56.192335+00:00
785,1765395656.209297,2025-12-10T19:40:56.209299+00:00
786,1765395656.230175,2025-12-10T19:40:56.230180+00:00
787,1765395656.2488708,2025-12-10T19:40:56.248873+00:00
788,1765395656.2656882,2025-12-10T19:40:56.265690+00:00
789,1765395656.286571,2025-12-10T19:40:56.286575+00:00
790,1765395656.3047621,2025-12-10T19:40:56.304764+00:00
791,1765395656.32563,2025-12-10T19:40:56.325631+00:00
792,1765395656.3435571,2025-12-10T19:40:56.343557+00:00
793,1765395656.362943,2025-12-10T19:40:56.362945+00:00
794,1765395656.3838131,2025-12-10T19:40:56.383813+00:00
795,1765395656.4043598,2025-12-10T19:40:56.404375+00:00
796,1765395656.425277,2025-12-10T19:40:56.425281+00:00
797,1765395656.446149,2025-12-10T19:40:56.446149+00:00
798,1765395656.4644532,2025-12-10T19:40:56.464455+00:00
799,1765395656.484965,2025-12-10T19:40:56.484968+00:00
800,1765395656.503006,2025-12-10T19:40:56.503010+00:00
801,1765395656.520229,2025-12-10T19:40:56.520229+00:00
802,1765395656.538626,2025-12-10T19:40:56.538629+00:00
803,1765395656.559503,2025-12-10T19:40:56.559508+00:00
804,1765395656.580409,2025-12-10T19:40:56.580414+00:00
805,1765395656.6012878,2025-12-10T19:40:56.601293+00:00
806,1765395656.622189,2025-12-10T19:40:56.622194+00:00
807,1765395656.642061,2025-12-10T19:40:56.642067+00:00
808,1765395656.662986,2025-12-10T19:40:56.662990+00:00
809,1765395656.683251,2025-12-10T19:40:56.683255+00:00
810,1765395656.702718,2025-12-10T19:40:56.702722+00:00
811,1765395656.7200232,2025-12-10T19:40:56.720029+00:00
812,1765395656.7409449,2025-12-10T19:40:56.740953+00:00
813,1765395656.761195,2025-12-10T19:40:56.761198+00:00
814,1765395656.7781172,2025-12-10T19:40:56.778120+00:00
815,1765395656.7948859,2025-12-10T19:40:56.794892+00:00
816,1765395656.815776,2025-12-10T19:40:56.815783+00:00
817,1765395656.8355489,2025-12-10T19:40:56.835553+00:00
818,1765395656.856467,2025-12-10T19:40:56.856475+00:00
819,1765395656.877374,2025-12-10T19:40:56.877377+00:00
820,1765395656.898255,2025-12-10T19:40:56.898261+00:00
821,1765395656.9159129,2025-12-10T19:40:56.915920+00:00
822,1765395656.9365141,2025-12-10T19:40:56.936525+00:00
823,1765395656.957438,2025-12-10T19:40:56.957446+00:00
824,1765395656.978349,2025-12-10T19:40:56.978351+00:00
825,1765395656.9954371,2025-12-10T19:40:56.995441+00:00
826,1765395657.015584,2025-12-10T19:40:57.015586+00:00
827,1765395657.034265,2025-12-10T19:40:57.034271+00:00
828,1765395657.053309,2025-12-10T19:40:57.053312+00:00
829,1765395657.074191,2025-12-10T19:40:57.074197+00:00
830,1765395657.092719,2025-12-10T19:40:57.092723+00:00
831,1765395657.113605,2025-12-10T19:40:57.113607+00:00
832,1765395657.134434,2025-12-10T19:40:57.134437+00:00
833,1765395657.155314,2025-12-10T19:40:57.155318+00:00
834,1765395657.1729228,2025-12-10T19:40:57.172928+00:00
835,1765395657.191324,2025-12-10T19:40:57.191330+00:00
836,1765395657.210271,2025-12-10T19:40:57.210277+00:00
837,1765395657.2297359,2025-12-10T19:40:57.229741+00:00
838,1765395657.248397,2025-12-10T19:40:57.248409+00:00
839,1765395657.267915,2025-12-10T19:40:57.267920+00:00
840,1765395657.28882,2025-12-10T19:40:57.288825+00:00
841,1765395657.3066702,2025-12-10T19:40:57.306680+00:00
842,1765395657.3275871,2025-12-10T19:40:57.327590+00:00
843,1765395657.348474,2025-12-10T19:40:57.348482+00:00
844,1765395657.365304,2025-12-10T19:40:57.365310+00:00
845,1765395657.386218,2025-12-10T19:40:57.386221+00:00
846,1765395657.407082,2025-12-10T19:40:57.407083+00:00
847,1765395657.425298,2025-12-10T19:40:57.425301+00:00
848,1765395657.44618,2025-12-10T19:40:57.446185+00:00
849,1765395657.46683,2025-12-10T19:40:57.466834+00:00
850,1765395657.4862819,2025-12-10T19:40:57.486290+00:00
851,1765395657.507173,2025-12-10T19:40:57.507176+00:00
852,1765395657.52563,2025-12-10T19:40:57.525636+00:00
853,1765395657.546556,2025-12-10T19:40:57.546562+00:00
854,1765395657.56378,2025-12-10T19:40:57.563784+00:00
855,1765395657.584658,2025-12-10T19:40:57.584661+00:00
856,1765395657.605265,2025-12-10T19:40:57.605268+00:00
857,1765395657.626147,2025-12-10T19:40:57.626150+00:00
858,1765395657.6470459,2025-12-10T19:40:57.647049+00:00
859,1765395657.6637728,2025-12-10T19:40:57.663776+00:00
860,1765395657.684653,2025-12-10T19:40:57.684658+00:00
861,1765395657.70166,2025-12-10T19:40:57.701670+00:00
862,1765395657.719458,2025-12-10T19:40:57.719460+00:00
863,1765395657.737806,2025-12-10T19:40:57.737809+00:00
864,1765395657.7552772,2025-12-10T19:40:57.755282+00:00
865,1765395657.77538,2025-12-10T19:40:57.775382+00:00
866,1765395657.796266,2025-12-10T19:40:57.796273+00:00
867,1765395657.817177,2025-12-10T19:40:57.817182+00:00
868,1765395657.836375,2025-12-10T19:40:57.836382+00:00
869,1765395657.857295,2025-12-10T19:40:57.857298+00:00
870,1765395657.875684,2025-12-10T19:40:57.875690+00:00
871,1765395657.896588,2025-12-10T19:40:57.896590+00:00
872,1765395657.917451,2025-12-10T19:40:57.917455+00:00
873,1765395657.9341938,2025-12-10T19:40:57.934198+00:00
874,1765395657.952995,2025-12-10T19:40:57.953003+00:00
875,1765395657.97171,2025-12-10T19:40:57.971712+00:00
876,1765395657.9896479,2025-12-10T19:40:57.989652+00:00
877,1765395658.0064929,2025-12-10T19:40:58.006495+00:00
878,1765395658.026059,2025-12-10T19:40:58.026062+00:00
879,1765395658.046965,2025-12-10T19:40:58.046972+00:00
880,1765395658.0678751,2025-12-10T19:40:58.067877+00:00
881,1765395658.087054,2025-12-10T19:40:58.087057+00:00
882,1765395658.104334,2025-12-10T19:40:58.104337+00:00
883,1765395658.122252,2025-12-10T19:40:58.122256+00:00
884,1765395658.1429179,2025-12-10T19:40:58.142922+00:00
885,1765395658.161579,2025-12-10T19:40:58.161581+00:00
886,1765395658.178442,2025-12-10T19:40:58.178446+00:00
887,1765395658.199119,2025-12-10T19:40:58.199123+00:00
888,1765395658.220031,2025-12-10T19:40:58.220036+00:00
889,1765395658.2397041,2025-12-10T19:40:58.239706+00:00
890,1765395658.2596219,2025-12-10T19:40:58.259625+00:00
891,1765395658.28051,2025-12-10T19:40:58.280514+00:00
892,1765395658.301238,2025-12-10T19:40:58.301240+00:00
893,1765395658.321037,2025-12-10T19:40:58.321046+00:00
894,1765395658.342026,2025-12-10T19:40:58.342030+00:00
895,1765395658.360831,2025-12-10T19:40:58.360833+00:00
896,1765395658.377725,2025-12-10T19:40:58.377728+00:00
897,1765395658.3965151,2025-12-10T19:40:58.396522+00:00
898,1765395658.41744,2025-12-10T19:40:58.417444+00:00
899,1765395658.4383261,2025-12-10T19:40:58.438331+00:00
900,1765395658.459237,2025-12-10T19:40:58.459243+00:00
901,1765395658.4759839,2025-12-10T19:40:58.475990+00:00
902,1765395658.493391,2025-12-10T19:40:58.493397+00:00
903,1765395658.510507,2025-12-10T19:40:58.510512+00:00
904,1765395658.531421,2025-12-10T19:40:58.531423+00:00
905,1765395658.548547,2025-12-10T19:40:58.548555+00:00
906,1765395658.567786,2025-12-10T19:40:58.567788+00:00
907,1765395658.5879738,2025-12-10T19:40:58.587976+00:00
908,1765395658.606669,2025-12-10T19:40:58.606670+00:00
909,1765395658.627541,2025-12-10T19:40:58.627547+00:00
910,1765395658.6455228,2025-12-10T19:40:58.645535+00:00
911,1765395658.662742,2025-12-10T19:40:58.662748+00:00
912,1765395658.683651,2025-12-10T19:40:58.683654+00:00
913,1765395658.7045178,2025-12-10T19:40:58.704521+00:00
914,1765395658.723868,2025-12-10T19:40:58.723871+00:00
915,1765395658.742775,2025-12-10T19:40:58.742781+00:00
916,1765395658.759763,2025-12-10T19:40:58.759770+00:00
917,1765395658.7782059,2025-12-10T19:40:58.778208+00:00
918,1765395658.7956429,2025-12-10T19:40:58.795646+00:00
919,1765395658.813992,2025-12-10T19:40:58.813994+00:00
920,1765395658.830781,2025-12-10T19:40:58.830784+00:00
921,1765395658.85166,2025-12-10T19:40:58.851662+00:00
922,1765395658.8713028,2025-12-10T19:40:58.871305+00:00
923,1765395658.891955,2025-12-10T19:40:58.891956+00:00
924,1765395658.912821,2025-12-10T19:40:58.912822+00:00
925,1765395658.933683,2025-12-10T19:40:58.933684+00:00
926,1765395658.954528,2025-12-10T19:40:58.954528+00:00
927,1765395658.9753768,2025-12-10T19:40:58.975380+00:00
928,1765395658.996015,2025-12-10T19:40:58.996020+00:00
929,1765395659.0128262,2025-12-10T19:40:59.012832+00:00
930,1765395659.033566,2025-12-10T19:40:59.033566+00:00
931,1765395659.054421,2025-12-10T19:40:59.054426+00:00
932,1765395659.075315,2025-12-10T19:40:59.075318+00:00
933,1765395659.095747,2025-12-10T19:40:59.095753+00:00
934,1765395659.1126258,2025-12-10T19:40:59.112630+00:00
935,1765395659.132554,2025-12-10T19:40:59.132560+00:00
936,1765395659.151307,2025-12-10T19:40:59.151312+00:00
937,1765395659.171766,2025-12-10T19:40:59.171767+00:00
938,1765395659.192506,2025-12-10T19:40:59.192509+00:00
939,1765395659.213391,2025-12-10T19:40:59.213396+00:00
940,1765395659.234292,2025-12-10T19:40:59.234296+00:00
941,1765395659.255181,2025-12-10T19:40:59.255185+00:00
942,1765395659.2751832,2025-12-10T19:40:59.275187+00:00
943,1765395659.296062,2025-12-10T19:40:59.296068+00:00
944,1765395659.3169658,2025-12-10T19:40:59.316972+00:00
945,1765395659.3378618,2025-12-10T19:40:59.337866+00:00
946,1765395659.35851,2025-12-10T19:40:59.358513+00:00
947,1765395659.377399,2025-12-10T19:40:59.377405+00:00
948,1765395659.398313,2025-12-10T19:40:59.398320+00:00
949,1765395659.419224,2025-12-10T19:40:59.419230+00:00
950,1765395659.4401028,2025-12-10T19:40:59.440105+00:00
951,1765395659.460203,2025-12-10T19:40:59.460210+00:00
952,1765395659.480727,2025-12-10T19:40:59.480736+00:00
953,1765395659.501119,2025-12-10T19:40:59.501121+00:00
954,1765395659.5188081,2025-12-10T19:40:59.518811+00:00
955,1765395659.539692,2025-12-10T19:40:59.539701+00:00
956,1765395659.5594711,2025-12-10T19:40:59.559474+00:00
957,1765395659.57756,2025-12-10T19:40:59.577562+00:00
958,1765395659.5984378,2025-12-10T19:40:59.598446+00:00
959,1765395659.6172822,2025-12-10T19:40:59.617293+00:00
960,1765395659.636199,2025-12-10T19:40:59.636203+00:00
961,1765395659.656333,2025-12-10T19:40:59.656339+00:00
962,1765395659.673825,2025-12-10T19:40:59.673829+00:00
963,1765395659.6947358,2025-12-10T19:40:59.694740+00:00
964,1765395659.7129421,2025-12-10T19:40:59.712945+00:00
965,1765395659.7338219,2025-12-10T19:40:59.733823+00:00
966,1765395659.753563,2025-12-10T19:40:59.753565+00:00
967,1765395659.7744262,2025-12-10T19:40:59.774430+00:00
968,1765395659.7928,2025-12-10T19:40:59.792805+00:00
969,1765395659.8136919,2025-12-10T19:40:59.813697+00:00
970,1765395659.831973,2025-12-10T19:40:59.831981+00:00
971,1765395659.852882,2025-12-10T19:40:59.852883+00:00
972,1765395659.873749,2025-12-10T19:40:59.873754+00:00
973,1765395659.89442,2025-12-10T19:40:59.894423+00:00
974,1765395659.9135082,2025-12-10T19:40:59.913510+00:00
975,1765395659.9343748,2025-12-10T19:40:59.934377+00:00
976,1765395659.954147,2025-12-10T19:40:59.954149+00:00
977,1765395659.975032,2025-12-10T19:40:59.975041+00:00
978,1765395659.9959419,2025-12-10T19:40:59.995945+00:00
979,1765395660.0168052,2025-12-10T19:41:00.016808+00:00
980,1765395660.035383,2025-12-10T19:41:00.035390+00:00
981,1765395660.055161,2025-12-10T19:41:00.055170+00:00
982,1765395660.0760808,2025-12-10T19:41:00.076085+00:00
983,1765395660.094084,2025-12-10T19:41:00.094088+00:00
984,1765395660.113964,2025-12-10T19:41:00.113970+00:00
985,1765395660.1344619,2025-12-10T19:41:00.134470+00:00
986,1765395660.155373,2025-12-10T19:41:00.155375+00:00
987,1765395660.176245,2025-12-10T19:41:00.176250+00:00
988,1765395660.19623,2025-12-10T19:41:00.196237+00:00
989,1765395660.213056,2025-12-10T19:41:00.213062+00:00
990,1765395660.233529,2025-12-10T19:41:00.233537+00:00
991,1765395660.254445,2025-12-10T19:41:00.254447+00:00
992,1765395660.2726989,2025-12-10T19:41:00.272703+00:00
993,1765395660.293588,2025-12-10T19:41:00.293593+00:00
994,1765395660.314294,2025-12-10T19:41:00.314298+00:00
995,1765395660.3335161,2025-12-10T19:41:00.333522+00:00
996,1765395660.354433,2025-12-10T19:41:00.354437+00:00
997,1765395660.375328,2025-12-10T19:41:00.375331+00:00
998,1765395660.393517,2025-12-10T19:41:00.393522+00:00
999,1765395660.414439,2025-12-10T19:41:00.414443+00:00
1000,1765395660.433572,2025-12-10T19:41:00.433575+00:00
1001,1765395660.4526799,2025-12-10T19:41:00.452682+00:00
1002,1765395660.473553,2025-12-10T19:41:00.473556+00:00
1003,1765395660.494451,2025-12-10T19:41:00.494457+00:00
1004,1765395660.512796,2025-12-10T19:41:00.512798+00:00
1005,1765395660.532087,2025-12-10T19:41:00.532089+00:00
1006,1765395660.552972,2025-12-10T19:41:00.552977+00:00
1007,1765395660.570442,2025-12-10T19:41:00.570446+00:00
1008,1765395660.59133,2025-12-10T19:41:00.591334+00:00
1009,1765395660.61165,2025-12-10T19:41:00.611656+00:00
1010,1765395660.6283991,2025-12-10T19:41:00.628401+00:00
1011,1765395660.645351,2025-12-10T19:41:00.645354+00:00
1012,1765395660.6621811,2025-12-10T19:41:00.662182+00:00
1013,1765395660.6830451,2025-12-10T19:41:00.683052+00:00
1014,1765395660.703956,2025-12-10T19:41:00.703960+00:00
1015,1765395660.7248452,2025-12-10T19:41:00.724850+00:00
1016,1765395660.7418659,2025-12-10T19:41:00.741872+00:00
1017,1765395660.76276,2025-12-10T19:41:00.762764+00:00
1018,1765395660.780977,2025-12-10T19:41:00.780982+00:00
1019,1765395660.7981708,2025-12-10T19:41:00.798173+00:00
1020,1765395660.819038,2025-12-10T19:41:00.819042+00:00
1021,1765395660.839257,2025-12-10T19:41:00.839259+00:00
1022,1765395660.8563762,2025-12-10T19:41:00.856381+00:00
1023,1765395660.877356,2025-12-10T19:41:00.877362+00:00
1024,1765395660.895356,2025-12-10T19:41:00.895360+00:00
1025,1765395660.9162502,2025-12-10T19:41:00.916252+00:00
1026,1765395660.933731,2025-12-10T19:41:00.933734+00:00
1027,1765395660.95104,2025-12-10T19:41:00.951045+00:00
1028,1765395660.969182,2025-12-10T19:41:00.969184+00:00
1029,1765395660.9900532,2025-12-10T19:41:00.990056+00:00
1030,1765395661.010942,2025-12-10T19:41:01.010944+00:00
1031,1765395661.031808,2025-12-10T19:41:01.031814+00:00
1032,1765395661.0502,2025-12-10T19:41:01.050207+00:00
1033,1765395661.068536,2025-12-10T19:41:01.068538+00:00
1034,1765395661.086875,2025-12-10T19:41:01.086880+00:00
1035,1765395661.1077812,2025-12-10T19:41:01.107786+00:00
1036,1765395661.126864,2025-12-10T19:41:01.126866+00:00
1037,1765395661.144703,2025-12-10T19:41:01.144704+00:00
1038,1765395661.162255,2025-12-10T19:41:01.162274+00:00
1039,1765395661.1831522,2025-12-10T19:41:01.183153+00:00
1040,1765395661.20401,2025-12-10T19:41:01.204013+00:00
1041,1765395661.224894,2025-12-10T19:41:01.224899+00:00
1042,1765395661.2438872,2025-12-10T19:41:01.243890+00:00
1043,1765395661.2647629,2025-12-10T19:41:01.264770+00:00
1044,1765395661.28362,2025-12-10T19:41:01.283628+00:00
1045,1765395661.300398,2025-12-10T19:41:01.300403+00:00
1046,1765395661.31885,2025-12-10T19:41:01.318854+00:00
1047,1765395661.339541,2025-12-10T19:41:01.339542+00:00
1048,1765395661.358708,2025-12-10T19:41:01.358708+00:00
1049,1765395661.376075,2025-12-10T19:41:01.376075+00:00
1050,1765395661.39693,2025-12-10T19:41:01.396934+00:00
1051,1765395661.416696,2025-12-10T19:41:01.416698+00:00
1052,1765395661.434877,2025-12-10T19:41:01.434878+00:00
1053,1765395661.45573,2025-12-10T19:41:01.455732+00:00
1054,1765395661.476384,2025-12-10T19:41:01.476386+00:00
1055,1765395661.4972491,2025-12-10T19:41:01.497251+00:00
1056,1765395661.5166469,2025-12-10T19:41:01.516651+00:00
1057,1765395661.537533,2025-12-10T19:41:01.537538+00:00
1058,1765395661.556156,2025-12-10T19:41:01.556160+00:00
1059,1765395661.5743139,2025-12-10T19:41:01.574316+00:00
1060,1765395661.5922182,2025-12-10T19:41:01.592229+00:00
1061,1765395661.61315,2025-12-10T19:41:01.613155+00:00
1062,1765395661.6320572,2025-12-10T19:41:01.632058+00:00
1063,1765395661.652927,2025-12-10T19:41:01.652934+00:00
1064,1765395661.6731231,2025-12-10T19:41:01.673128+00:00
1065,1765395661.6907861,2025-12-10T19:41:01.690791+00:00
1066,1765395661.7116952,2025-12-10T19:41:01.711702+00:00
1067,1765395661.731581,2025-12-10T19:41:01.731583+00:00
1068,1765395661.750967,2025-12-10T19:41:01.750971+00:00
1069,1765395661.767806,2025-12-10T19:41:01.767808+00:00
1070,1765395661.7858508,2025-12-10T19:41:01.785853+00:00
1071,1765395661.806716,2025-12-10T19:41:01.806719+00:00
1072,1765395661.8269498,2025-12-10T19:41:01.826956+00:00
1073,1765395661.847881,2025-12-10T19:41:01.847886+00:00
1074,1765395661.8684008,2025-12-10T19:41:01.868409+00:00
1075,1765395661.889323,2025-12-10T19:41:01.889328+00:00
1076,1765395661.909473,2025-12-10T19:41:01.909477+00:00
1077,1765395661.927107,2025-12-10T19:41:01.927112+00:00
1078,1765395661.945708,2025-12-10T19:41:01.945716+00:00
1079,1765395661.965846,2025-12-10T19:41:01.965849+00:00
1080,1765395661.98285,2025-12-10T19:41:01.982860+00:00
1081,1765395662.001146,2025-12-10T19:41:02.001151+00:00
1082,1765395662.02206,2025-12-10T19:41:02.022064+00:00
1083,1765395662.042795,2025-12-10T19:41:02.042798+00:00
1084,1765395662.059853,2025-12-10T19:41:02.059856+00:00
1085,1765395662.076919,2025-12-10T19:41:02.076921+00:00
1086,1765395662.094864,2025-12-10T19:41:02.094867+00:00
1087,1765395662.115732,2025-12-10T19:41:02.115735+00:00
1088,1765395662.136605,2025-12-10T19:41:02.136607+00:00
1089,1765395662.1568608,2025-12-10T19:41:02.156864+00:00
1090,1765395662.177727,2025-12-10T19:41:02.177731+00:00
1091,1765395662.1965098,2025-12-10T19:41:02.196513+00:00
1092,1765395662.217388,2025-12-10T19:41:02.217392+00:00
1093,1765395662.237706,2025-12-10T19:41:02.237714+00:00
1094,1765395662.255459,2025-12-10T19:41:02.255463+00:00
1095,1765395662.276352,2025-12-10T19:41:02.276356+00:00
1096,1765395662.2957,2025-12-10T19:41:02.295705+00:00
1097,1765395662.316593,2025-12-10T19:41:02.316596+00:00
1098,1765395662.337472,2025-12-10T19:41:02.337476+00:00
1099,1765395662.35552,2025-12-10T19:41:02.355526+00:00
1100,1765395662.376431,2025-12-10T19:41:02.376432+00:00
1101,1765395662.397291,2025-12-10T19:41:02.397292+00:00
1102,1765395662.418165,2025-12-10T19:41:02.418166+00:00
1103,1765395662.439033,2025-12-10T19:41:02.439034+00:00
1104,1765395662.45666,2025-12-10T19:41:02.456667+00:00
1105,1765395662.473674,2025-12-10T19:41:02.473680+00:00
1106,1765395662.490942,2025-12-10T19:41:02.490945+00:00
1107,1765395662.511887,2025-12-10T19:41:02.511893+00:00
1108,1765395662.529516,2025-12-10T19:41:02.529519+00:00
1109,1765395662.549379,2025-12-10T19:41:02.549382+00:00
1110,1765395662.5702531,2025-12-10T19:41:02.570256+00:00
1111,1765395662.590462,2025-12-10T19:41:02.590466+00:00
1112,1765395662.607651,2025-12-10T19:41:02.607658+00:00
1113,1765395662.628553,2025-12-10T19:41:02.628555+00:00
1114,1765395662.6485069,2025-12-10T19:41:02.648511+00:00
1115,1765395662.669378,2025-12-10T19:41:02.669388+00:00
1116,1765395662.690263,2025-12-10T19:41:02.690266+00:00
1117,1765395662.711136,2025-12-10T19:41:02.711139+00:00
1118,1765395662.731329,2025-12-10T19:41:02.731332+00:00
1119,1765395662.752192,2025-12-10T19:41:02.752195+00:00
1120,1765395662.77156,2025-12-10T19:41:02.771565+00:00
1121,1765395662.788631,2025-12-10T19:41:02.788632+00:00
1122,1765395662.809485,2025-12-10T19:41:02.809486+00:00
1123,1765395662.830312,2025-12-10T19:41:02.830315+00:00
1124,1765395662.848599,2025-12-10T19:41:02.848603+00:00
1125,1765395662.866357,2025-12-10T19:41:02.866364+00:00
1126,1765395662.887302,2025-12-10T19:41:02.887304+00:00
1127,1765395662.907573,2025-12-10T19:41:02.907577+00:00
1128,1765395662.9284658,2025-12-10T19:41:02.928468+00:00
1129,1765395662.949208,2025-12-10T19:41:02.949216+00:00
1130,1765395662.969028,2025-12-10T19:41:02.969029+00:00
1131,1765395662.986888,2025-12-10T19:41:02.986890+00:00
1132,1765395663.007788,2025-12-10T19:41:03.007802+00:00
1133,1765395663.024616,2025-12-10T19:41:03.024620+00:00
1134,1765395663.045501,2025-12-10T19:41:03.045507+00:00
1135,1765395663.063651,2025-12-10T19:41:03.063656+00:00
1136,1765395663.083565,2025-12-10T19:41:03.083571+00:00
1137,1765395663.104476,2025-12-10T19:41:03.104479+00:00
1138,1765395663.123631,2025-12-10T19:41:03.123633+00:00
1139,1765395663.1444988,2025-12-10T19:41:03.144502+00:00
1140,1765395663.1636539,2025-12-10T19:41:03.163656+00:00
1141,1765395663.181159,2025-12-10T19:41:03.181160+00:00
1142,1765395663.1993449,2025-12-10T19:41:03.199345+00:00
1143,1765395663.220195,2025-12-10T19:41:03.220197+00:00
1144,1765395663.237211,2025-12-10T19:41:03.237219+00:00
1145,1765395663.256814,2025-12-10T19:41:03.256950+00:00
1146,1765395663.273759,2025-12-10T19:41:03.273765+00:00
1147,1765395663.293067,2025-12-10T19:41:03.293072+00:00
1148,1765395663.310729,2025-12-10T19:41:03.310734+00:00
1149,1765395663.331531,2025-12-10T19:41:03.331533+00:00
1150,1765395663.3523939,2025-12-10T19:41:03.352397+00:00
1151,1765395663.373125,2025-12-10T19:41:03.373129+00:00
1152,1765395663.390521,2025-12-10T19:41:03.390524+00:00
1153,1765395663.4113972,2025-12-10T19:41:03.411401+00:00
1154,1765395663.432294,2025-12-10T19:41:03.432300+00:00
1155,1765395663.4531798,2025-12-10T19:41:03.453182+00:00
1156,1765395663.4719949,2025-12-10T19:41:03.471999+00:00
1157,1765395663.492873,2025-12-10T19:41:03.492895+00:00
1158,1765395663.513771,2025-12-10T19:41:03.513772+00:00
1159,1765395663.5346339,2025-12-10T19:41:03.534639+00:00
1160,1765395663.5557919,2025-12-10T19:41:03.555796+00:00
1161,1765395663.5766752,2025-12-10T19:41:03.576679+00:00
1162,1765395663.5975628,2025-12-10T19:41:03.597566+00:00
1163,1765395663.618261,2025-12-10T19:41:03.618267+00:00
1164,1765395663.638648,2025-12-10T19:41:03.638652+00:00
1165,1765395663.656686,2025-12-10T19:41:03.656687+00:00
1166,1765395663.67756,2025-12-10T19:41:03.677564+00:00
1167,1765395663.699202,2025-12-10T19:41:03.699204+00:00
1168,1765395663.7200608,2025-12-10T19:41:03.720064+00:00
1169,1765395663.738622,2025-12-10T19:41:03.738627+00:00
1170,1765395663.7573261,2025-12-10T19:41:03.757330+00:00
1171,1765395663.776412,2025-12-10T19:41:03.776417+00:00
1172,1765395663.7973208,2025-12-10T19:41:03.797326+00:00
1173,1765395663.8160572,2025-12-10T19:41:03.816058+00:00
1174,1765395663.8337688,2025-12-10T19:41:03.833773+00:00
1175,1765395663.85067,2025-12-10T19:41:03.850674+00:00
1176,1765395663.8691158,2025-12-10T19:41:03.869119+00:00
1177,1765395663.8872519,2025-12-10T19:41:03.887254+00:00
1178,1765395663.907831,2025-12-10T19:41:03.907835+00:00
1179,1765395663.928734,2025-12-10T19:41:03.928739+00:00
1180,1765395663.946056,2025-12-10T19:41:03.946062+00:00
1181,1765395663.9655108,2025-12-10T19:41:03.965514+00:00
1182,1765395663.986408,2025-12-10T19:41:03.986409+00:00
1183,1765395664.0053031,2025-12-10T19:41:04.005305+00:00
1184,1765395664.025044,2025-12-10T19:41:04.025046+00:00
1185,1765395664.0437062,2025-12-10T19:41:04.043707+00:00
1186,1765395664.064328,2025-12-10T19:41:04.064332+00:00
1187,1765395664.085189,2025-12-10T19:41:04.085191+00:00
1188,1765395664.105661,2025-12-10T19:41:04.105664+00:00
1189,1765395664.1240609,2025-12-10T19:41:04.124064+00:00
1190,1765395664.1429172,2025-12-10T19:41:04.142921+00:00
1191,1765395664.162847,2025-12-10T19:41:04.162851+00:00
1192,1765395664.181243,2025-12-10T19:41:04.181245+00:00
1193,1765395664.202108,2025-12-10T19:41:04.202111+00:00
1194,1765395664.222843,2025-12-10T19:41:04.222846+00:00
1195,1765395664.243726,2025-12-10T19:41:04.243732+00:00
1196,1765395664.264642,2025-12-10T19:41:04.264649+00:00
1197,1765395664.283284,2025-12-10T19:41:04.283309+00:00
1198,1765395664.304182,2025-12-10T19:41:04.304186+00:00
1199,1765395664.325047,2025-12-10T19:41:04.325048+00:00
1200,1765395664.345906,2025-12-10T19:41:04.345908+00:00
1201,1765395664.3667688,2025-12-10T19:41:04.366772+00:00
1202,1765395664.3876412,2025-12-10T19:41:04.387644+00:00
1203,1765395664.40851,2025-12-10T19:41:04.408512+00:00
1204,1765395664.4293911,2025-12-10T19:41:04.429397+00:00
1205,1765395664.447822,2025-12-10T19:41:04.447831+00:00
1206,1765395664.46875,2025-12-10T19:41:04.468753+00:00
1207,1765395664.489633,2025-12-10T19:41:04.489638+00:00
1208,1765395664.510338,2025-12-10T19:41:04.510342+00:00
1209,1765395664.52877,2025-12-10T19:41:04.528774+00:00
1210,1765395664.547908,2025-12-10T19:41:04.547921+00:00
1211,1765395664.568863,2025-12-10T19:41:04.568865+00:00
1212,1765395664.586354,2025-12-10T19:41:04.586358+00:00
1213,1765395664.6072671,2025-12-10T19:41:04.607270+00:00
1214,1765395664.628144,2025-12-10T19:41:04.628149+00:00
1215,1765395664.648767,2025-12-10T19:41:04.648771+00:00
1216,1765395664.6688771,2025-12-10T19:41:04.668882+00:00
1217,1765395664.688419,2025-12-10T19:41:04.688420+00:00
1218,1765395664.7081962,2025-12-10T19:41:04.708200+00:00
1219,1765395664.726689,2025-12-10T19:41:04.726690+00:00
1220,1765395664.7467399,2025-12-10T19:41:04.746744+00:00
1221,1765395664.76434,2025-12-10T19:41:04.764344+00:00
1222,1765395664.785235,2025-12-10T19:41:04.785237+00:00
1223,1765395664.8049111,2025-12-10T19:41:04.804914+00:00
1224,1765395664.825794,2025-12-10T19:41:04.825796+00:00
1225,1765395664.8432,2025-12-10T19:41:04.843205+00:00
1226,1765395664.8636081,2025-12-10T19:41:04.863609+00:00
1227,1765395664.884475,2025-12-10T19:41:04.884480+00:00
1228,1765395664.905368,2025-12-10T19:41:04.905374+00:00
1229,1765395664.9221492,2025-12-10T19:41:04.922150+00:00
1230,1765395664.9408882,2025-12-10T19:41:04.940891+00:00
1231,1765395664.961758,2025-12-10T19:41:04.961761+00:00
1232,1765395664.979977,2025-12-10T19:41:04.979985+00:00
1233,1765395665.000494,2025-12-10T19:41:05.000503+00:00
1234,1765395665.0200331,2025-12-10T19:41:05.020034+00:00
1235,1765395665.039644,2025-12-10T19:41:05.039647+00:00
1236,1765395665.060454,2025-12-10T19:41:05.060460+00:00
1237,1765395665.081366,2025-12-10T19:41:05.081370+00:00
1238,1765395665.102258,2025-12-10T19:41:05.102263+00:00
1239,1765395665.123141,2025-12-10T19:41:05.123145+00:00
1240,1765395665.142761,2025-12-10T19:41:05.142768+00:00
1241,1765395665.1636732,2025-12-10T19:41:05.163675+00:00
1242,1765395665.1844952,2025-12-10T19:41:05.184498+00:00
1243,1765395665.204929,2025-12-10T19:41:05.204931+00:00
1244,1765395665.2249842,2025-12-10T19:41:05.224990+00:00
1245,1765395665.243895,2025-12-10T19:41:05.243899+00:00
1246,1765395665.2648058,2025-12-10T19:41:05.264811+00:00
1247,1765395665.283681,2025-12-10T19:41:05.283689+00:00
1248,1765395665.30092,2025-12-10T19:41:05.300925+00:00
1249,1765395665.321836,2025-12-10T19:41:05.321862+00:00
1250,1765395665.340964,2025-12-10T19:41:05.340968+00:00
1251,1765395665.361849,2025-12-10T19:41:05.361852+00:00
1252,1765395665.381644,2025-12-10T19:41:05.381647+00:00
1253,1765395665.399789,2025-12-10T19:41:05.399796+00:00
1254,1765395665.420693,2025-12-10T19:41:05.420698+00:00
1255,1765395665.4379652,2025-12-10T19:41:05.437971+00:00
1256,1765395665.459358,2025-12-10T19:41:05.459365+00:00
1257,1765395665.479404,2025-12-10T19:41:05.479409+00:00
1258,1765395665.5002828,2025-12-10T19:41:05.500285+00:00
1259,1765395665.5185568,2025-12-10T19:41:05.518558+00:00
1260,1765395665.53943,2025-12-10T19:41:05.539439+00:00
1261,1765395665.560341,2025-12-10T19:41:05.560344+00:00
1262,1765395665.5778491,2025-12-10T19:41:05.577852+00:00
1263,1765395665.598721,2025-12-10T19:41:05.598725+00:00
1264,1765395665.619602,2025-12-10T19:41:05.619607+00:00
1265,1765395665.6405041,2025-12-10T19:41:05.640509+00:00
1266,1765395665.659538,2025-12-10T19:41:05.659540+00:00
1267,1765395665.6768892,2025-12-10T19:41:05.676893+00:00
1268,1765395665.697782,2025-12-10T19:41:05.697787+00:00
1269,1765395665.717868,2025-12-10T19:41:05.717871+00:00
1270,1765395665.7387478,2025-12-10T19:41:05.738754+00:00
1271,1765395665.7596521,2025-12-10T19:41:05.759654+00:00
1272,1765395665.777824,2025-12-10T19:41:05.777828+00:00
1273,1765395665.798176,2025-12-10T19:41:05.798181+00:00
1274,1765395665.817882,2025-12-10T19:41:05.817888+00:00
1275,1765395665.837753,2025-12-10T19:41:05.837759+00:00
1276,1765395665.8586812,2025-12-10T19:41:05.858686+00:00
1277,1765395665.8793979,2025-12-10T19:41:05.879403+00:00
1278,1765395665.896826,2025-12-10T19:41:05.896833+00:00
1279,1765395665.917739,2025-12-10T19:41:05.917742+00:00
1280,1765395665.9345,2025-12-10T19:41:05.934504+00:00
1281,1765395665.9553962,2025-12-10T19:41:05.955404+00:00
1282,1765395665.976313,2025-12-10T19:41:05.976318+00:00
1283,1765395665.993403,2025-12-10T19:41:05.993409+00:00
1284,1765395666.0119581,2025-12-10T19:41:06.011960+00:00
1285,1765395666.032835,2025-12-10T19:41:06.032839+00:00
1286,1765395666.0537322,2025-12-10T19:41:06.053737+00:00
1287,1765395666.0746298,2025-12-10T19:41:06.074639+00:00
1288,1765395666.09315,2025-12-10T19:41:06.093154+00:00
1289,1765395666.110205,2025-12-10T19:41:06.110208+00:00
1290,1765395666.13108,2025-12-10T19:41:06.131081+00:00
1291,1765395666.15116,2025-12-10T19:41:06.151161+00:00
1292,1765395666.172023,2025-12-10T19:41:06.172025+00:00
1293,1765395666.192894,2025-12-10T19:41:06.192896+00:00
1294,1765395666.2099829,2025-12-10T19:41:06.209990+00:00
1295,1765395666.230922,2025-12-10T19:41:06.230928+00:00
1296,1765395666.2518332,2025-12-10T19:41:06.251836+00:00
1297,1765395666.272322,2025-12-10T19:41:06.272328+00:00
1298,1765395666.2929542,2025-12-10T19:41:06.292961+00:00
1299,1765395666.3138611,2025-12-10T19:41:06.313862+00:00
1300,1765395666.3330822,2025-12-10T19:41:06.333090+00:00
1301,1765395666.351069,2025-12-10T19:41:06.351070+00:00
1302,1765395666.36977,2025-12-10T19:41:06.369775+00:00
1303,1765395666.386882,2025-12-10T19:41:06.386882+00:00
1304,1765395666.4071481,2025-12-10T19:41:06.407149+00:00
1305,1765395666.4280162,2025-12-10T19:41:06.428017+00:00
1306,1765395666.445251,2025-12-10T19:41:06.445252+00:00
1307,1765395666.466012,2025-12-10T19:41:06.466014+00:00
1308,1765395666.4838881,2025-12-10T19:41:06.483891+00:00
1309,1765395666.504131,2025-12-10T19:41:06.504133+00:00
1310,1765395666.5226932,2025-12-10T19:41:06.522699+00:00
1311,1765395666.5403872,2025-12-10T19:41:06.540393+00:00
1312,1765395666.560878,2025-12-10T19:41:06.560880+00:00
1313,1765395666.580244,2025-12-10T19:41:06.580247+00:00
1314,1765395666.6011362,2025-12-10T19:41:06.601144+00:00
1315,1765395666.6220531,2025-12-10T19:41:06.622058+00:00
1316,1765395666.642951,2025-12-10T19:41:06.642957+00:00
1317,1765395666.661881,2025-12-10T19:41:06.661884+00:00
1318,1765395666.681947,2025-12-10T19:41:06.681949+00:00
1319,1765395666.702715,2025-12-10T19:41:06.702718+00:00
1320,1765395666.722008,2025-12-10T19:41:06.722011+00:00
1321,1765395666.7428842,2025-12-10T19:41:06.742890+00:00
1322,1765395666.761733,2025-12-10T19:41:06.761737+00:00
1323,1765395666.7803369,2025-12-10T19:41:06.780340+00:00
1324,1765395666.801213,2025-12-10T19:41:06.801215+00:00
1325,1765395666.82201,2025-12-10T19:41:06.822016+00:00
1326,1765395666.8414001,2025-12-10T19:41:06.841403+00:00
1327,1765395666.858434,2025-12-10T19:41:06.858435+00:00
1328,1765395666.879301,2025-12-10T19:41:06.879304+00:00
1329,1765395666.896888,2025-12-10T19:41:06.896891+00:00
1330,1765395666.917773,2025-12-10T19:41:06.917779+00:00
1331,1765395666.934565,2025-12-10T19:41:06.934569+00:00
1332,1765395666.953037,2025-12-10T19:41:06.953042+00:00
1333,1765395666.971037,2025-12-10T19:41:06.971041+00:00
1334,1765395666.9896479,2025-12-10T19:41:06.989651+00:00
1335,1765395667.009397,2025-12-10T19:41:07.009405+00:00
1336,1765395667.027297,2025-12-10T19:41:07.027301+00:00
1337,1765395667.044128,2025-12-10T19:41:07.044132+00:00
1338,1765395667.062099,2025-12-10T19:41:07.062104+00:00
1339,1765395667.08196,2025-12-10T19:41:07.081964+00:00
1340,1765395667.1009789,2025-12-10T19:41:07.100985+00:00
1341,1765395667.12188,2025-12-10T19:41:07.121883+00:00
1342,1765395667.140424,2025-12-10T19:41:07.140431+00:00
1343,1765395667.15827,2025-12-10T19:41:07.158272+00:00
1344,1765395667.1755142,2025-12-10T19:41:07.175515+00:00
1345,1765395667.196366,2025-12-10T19:41:07.196366+00:00
1346,1765395667.2156851,2025-12-10T19:41:07.215689+00:00
1347,1765395667.232564,2025-12-10T19:41:07.232567+00:00
1348,1765395667.2510562,2025-12-10T19:41:07.251058+00:00
1349,1765395667.2719412,2025-12-10T19:41:07.271944+00:00
1350,1765395667.292816,2025-12-10T19:41:07.292819+00:00
1351,1765395667.3100312,2025-12-10T19:41:07.310032+00:00
1352,1765395667.3308978,2025-12-10T19:41:07.330901+00:00
1353,1765395667.3479722,2025-12-10T19:41:07.347975+00:00
1354,1765395667.3688462,2025-12-10T19:41:07.368847+00:00
1355,1765395667.389031,2025-12-10T19:41:07.389034+00:00
1356,1765395667.4099069,2025-12-10T19:41:07.409908+00:00
1357,1765395667.430781,2025-12-10T19:41:07.430786+00:00
1358,1765395667.4517,2025-12-10T19:41:07.451704+00:00
1359,1765395667.472058,2025-12-10T19:41:07.472061+00:00
1360,1765395667.492954,2025-12-10T19:41:07.492957+00:00
1361,1765395667.5134468,2025-12-10T19:41:07.513451+00:00
1362,1765395667.533667,2025-12-10T19:41:07.533672+00:00
1363,1765395667.550692,2025-12-10T19:41:07.550692+00:00
1364,1765395667.571559,2025-12-10T19:41:07.571561+00:00
1365,1765395667.5915341,2025-12-10T19:41:07.591538+00:00
1366,1765395667.6108959,2025-12-10T19:41:07.610899+00:00
1367,1765395667.631778,2025-12-10T19:41:07.631779+00:00
1368,1765395667.65264,2025-12-10T19:41:07.652642+00:00
1369,1765395667.670393,2025-12-10T19:41:07.670400+00:00
1370,1765395667.688952,2025-12-10T19:41:07.688954+00:00
1371,1765395667.7098298,2025-12-10T19:41:07.709835+00:00
1372,1765395667.7289972,2025-12-10T19:41:07.729000+00:00
1373,1765395667.7498581,2025-12-10T19:41:07.749860+00:00
1374,1765395667.770733,2025-12-10T19:41:07.770738+00:00
1375,1765395667.7877529,2025-12-10T19:41:07.787757+00:00
1376,1765395667.8081129,2025-12-10T19:41:07.808120+00:00
1377,1765395667.827562,2025-12-10T19:41:07.827565+00:00
1378,1765395667.8489192,2025-12-10T19:41:07.848925+00:00
1379,1765395667.872319,2025-12-10T19:41:07.872325+00:00
1380,1765395667.893271,2025-12-10T19:41:07.893275+00:00
1381,1765395667.9112298,2025-12-10T19:41:07.911235+00:00
1382,1765395667.932138,2025-12-10T19:41:07.932141+00:00
1383,1765395667.953015,2025-12-10T19:41:07.953026+00:00
1384,1765395667.970098,2025-12-10T19:41:07.970100+00:00
1385,1765395667.988543,2025-12-10T19:41:07.988547+00:00
1386,1765395668.009436,2025-12-10T19:41:08.009438+00:00
1387,1765395668.0303109,2025-12-10T19:41:08.030314+00:00
1388,1765395668.0509171,2025-12-10T19:41:08.050924+00:00
1389,1765395668.068201,2025-12-10T19:41:08.068205+00:00
1390,1765395668.089074,2025-12-10T19:41:08.089078+00:00
1391,1765395668.109954,2025-12-10T19:41:08.109956+00:00
1392,1765395668.130434,2025-12-10T19:41:08.130437+00:00
1393,1765395668.149119,2025-12-10T19:41:08.149122+00:00
1394,1765395668.1670349,2025-12-10T19:41:08.167040+00:00
1395,1765395668.1879401,2025-12-10T19:41:08.187942+00:00
1396,1765395668.2053492,2025-12-10T19:41:08.205353+00:00
1397,1765395668.2262368,2025-12-10T19:41:08.226243+00:00
1398,1765395668.247029,2025-12-10T19:41:08.247035+00:00
1399,1765395668.267297,2025-12-10T19:41:08.267300+00:00
1400,1765395668.288179,2025-12-10T19:41:08.288186+00:00
1401,1765395668.309091,2025-12-10T19:41:08.309096+00:00
1402,1765395668.329984,2025-12-10T19:41:08.329986+00:00
1403,1765395668.350847,2025-12-10T19:41:08.350849+00:00
1404,1765395668.371716,2025-12-10T19:41:08.371721+00:00
1405,1765395668.3919191,2025-12-10T19:41:08.391921+00:00
1406,1765395668.411716,2025-12-10T19:41:08.411760+00:00
1407,1765395668.4326909,2025-12-10T19:41:08.432695+00:00
1408,1765395668.4528909,2025-12-10T19:41:08.452897+00:00
1409,1765395668.47087,2025-12-10T19:41:08.470875+00:00
1410,1765395668.491777,2025-12-10T19:41:08.491782+00:00
1411,1765395668.512676,2025-12-10T19:41:08.512678+00:00
1412,1765395668.5330691,2025-12-10T19:41:08.533071+00:00
1413,1765395668.552035,2025-12-10T19:41:08.552038+00:00
1414,1765395668.568864,2025-12-10T19:41:08.568866+00:00
1415,1765395668.585706,2025-12-10T19:41:08.585711+00:00
1416,1765395668.605264,2025-12-10T19:41:08.605269+00:00
1417,1765395668.626164,2025-12-10T19:41:08.626165+00:00
1418,1765395668.64703,2025-12-10T19:41:08.647035+00:00
1419,1765395668.665365,2025-12-10T19:41:08.665368+00:00
1420,1765395668.682443,2025-12-10T19:41:08.682444+00:00
1421,1765395668.69933,2025-12-10T19:41:08.699334+00:00
1422,1765395668.720222,2025-12-10T19:41:08.720223+00:00
1423,1765395668.737342,2025-12-10T19:41:08.737344+00:00
1424,1765395668.758223,2025-12-10T19:41:08.758224+00:00
1425,1765395668.779109,2025-12-10T19:41:08.779114+00:00
1426,1765395668.796093,2025-12-10T19:41:08.796098+00:00
1427,1765395668.816991,2025-12-10T19:41:08.817000+00:00
1428,1765395668.834151,2025-12-10T19:41:08.834152+00:00
1429,1765395668.8512042,2025-12-10T19:41:08.851205+00:00
1430,1765395668.872087,2025-12-10T19:41:08.872096+00:00
1431,1765395668.892997,2025-12-10T19:41:08.893000+00:00
1432,1765395668.910861,2025-12-10T19:41:08.910862+00:00
1433,1765395668.9317172,2025-12-10T19:41:08.931719+00:00
1434,1765395668.952587,2025-12-10T19:41:08.952591+00:00
1435,1765395668.9704058,2025-12-10T19:41:08.970409+00:00
1436,1765395668.991271,2025-12-10T19:41:08.991273+00:00
1437,1765395669.011511,2025-12-10T19:41:09.011512+00:00
1438,1765395669.0317519,2025-12-10T19:41:09.031754+00:00
1439,1765395669.052617,2025-12-10T19:41:09.052620+00:00
1440,1765395669.071111,2025-12-10T19:41:09.071116+00:00
1441,1765395669.088702,2025-12-10T19:41:09.088709+00:00
1442,1765395669.109621,2025-12-10T19:41:09.109626+00:00
1443,1765395669.130521,2025-12-10T19:41:09.130522+00:00
1444,1765395669.149537,2025-12-10T19:41:09.149546+00:00
1445,1765395669.1682298,2025-12-10T19:41:09.168236+00:00
1446,1765395669.189132,2025-12-10T19:41:09.189135+00:00
1447,1765395669.208097,2025-12-10T19:41:09.208102+00:00
1448,1765395669.225257,2025-12-10T19:41:09.225259+00:00
1449,1765395669.246119,2025-12-10T19:41:09.246121+00:00
1450,1765395669.264757,2025-12-10T19:41:09.264763+00:00
1451,1765395669.28434,2025-12-10T19:41:09.284348+00:00
1452,1765395669.305256,2025-12-10T19:41:09.305259+00:00
1453,1765395669.326123,2025-12-10T19:41:09.326125+00:00
1454,1765395669.346991,2025-12-10T19:41:09.346994+00:00
1455,1765395669.364172,2025-12-10T19:41:09.364176+00:00
1456,1765395669.381056,2025-12-10T19:41:09.381059+00:00
1457,1765395669.401004,2025-12-10T19:41:09.401006+00:00
1458,1765395669.4218721,2025-12-10T19:41:09.421876+00:00
1459,1765395669.4404852,2025-12-10T19:41:09.440493+00:00
1460,1765395669.461417,2025-12-10T19:41:09.461421+00:00
1461,1765395669.481965,2025-12-10T19:41:09.481967+00:00
1462,1765395669.498843,2025-12-10T19:41:09.498846+00:00
1463,1765395669.519713,2025-12-10T19:41:09.519713+00:00
1464,1765395669.5405781,2025-12-10T19:41:09.540583+00:00
1465,1765395669.5585978,2025-12-10T19:41:09.558601+00:00
1466,1765395669.575364,2025-12-10T19:41:09.575368+00:00
1467,1765395669.596241,2025-12-10T19:41:09.596243+00:00
1468,1765395669.61641,2025-12-10T19:41:09.616414+00:00
1469,1765395669.635984,2025-12-10T19:41:09.635988+00:00
1470,1765395669.6568792,2025-12-10T19:41:09.656882+00:00
1471,1765395669.677752,2025-12-10T19:41:09.677753+00:00
1472,1765395669.69731,2025-12-10T19:41:09.697313+00:00
1473,1765395669.7156749,2025-12-10T19:41:09.715677+00:00
1474,1765395669.733533,2025-12-10T19:41:09.733536+00:00
1475,1765395669.75441,2025-12-10T19:41:09.754413+00:00
1476,1765395669.775282,2025-12-10T19:41:09.775286+00:00
1477,1765395669.7959628,2025-12-10T19:41:09.795970+00:00
1478,1765395669.8168662,2025-12-10T19:41:09.816870+00:00
1479,1765395669.834961,2025-12-10T19:41:09.834972+00:00
1480,1765395669.854305,2025-12-10T19:41:09.854312+00:00
1481,1765395669.875196,2025-12-10T19:41:09.875201+00:00
1482,1765395669.896082,2025-12-10T19:41:09.896086+00:00
1483,1765395669.9157271,2025-12-10T19:41:09.915732+00:00
1484,1765395669.936625,2025-12-10T19:41:09.936627+00:00
1485,1765395669.956044,2025-12-10T19:41:09.956049+00:00
1486,1765395669.975221,2025-12-10T19:41:09.975225+00:00
1487,1765395669.9941728,2025-12-10T19:41:09.994181+00:00
1488,1765395670.015091,2025-12-10T19:41:10.015098+00:00
1489,1765395670.036022,2025-12-10T19:41:10.036035+00:00
1490,1765395670.056839,2025-12-10T19:41:10.056848+00:00
1491,1765395670.075524,2025-12-10T19:41:10.075528+00:00
1492,1765395670.096173,2025-12-10T19:41:10.096175+00:00
1493,1765395670.117056,2025-12-10T19:41:10.117063+00:00
1494,1765395670.137971,2025-12-10T19:41:10.137978+00:00
1495,1765395670.156418,2025-12-10T19:41:10.156421+00:00
1496,1765395670.177299,2025-12-10T19:41:10.177307+00:00
1497,1765395670.1976461,2025-12-10T19:41:10.197658+00:00
1498,1765395670.218133,2025-12-10T19:41:10.218137+00:00
1499,1765395670.239011,2025-12-10T19:41:10.239016+00:00
1500,1765395670.259904,2025-12-10T19:41:10.259909+00:00
1501,1765395670.28061,2025-12-10T19:41:10.280613+00:00
1502,1765395670.298253,2025-12-10T19:41:10.298258+00:00
1503,1765395670.3191738,2025-12-10T19:41:10.319185+00:00
1504,1765395670.340107,2025-12-10T19:41:10.340109+00:00
1505,1765395670.360978,2025-12-10T19:41:10.360982+00:00
1506,1765395670.381875,2025-12-10T19:41:10.381877+00:00
1507,1765395670.4027462,2025-12-10T19:41:10.402748+00:00
1508,1765395670.4200761,2025-12-10T19:41:10.420079+00:00
1509,1765395670.438591,2025-12-10T19:41:10.438593+00:00
1510,1765395670.456557,2025-12-10T19:41:10.456559+00:00
1511,1765395670.4753332,2025-12-10T19:41:10.475336+00:00
1512,1765395670.4962041,2025-12-10T19:41:10.496209+00:00
1513,1765395670.5161102,2025-12-10T19:41:10.516113+00:00
1514,1765395670.536546,2025-12-10T19:41:10.536551+00:00
1515,1765395670.557567,2025-12-10T19:41:10.557575+00:00
1516,1765395670.574355,2025-12-10T19:41:10.574360+00:00
1517,1765395670.595239,2025-12-10T19:41:10.595246+00:00
1518,1765395670.6148,2025-12-10T19:41:10.614811+00:00
1519,1765395670.6357272,2025-12-10T19:41:10.635732+00:00
1520,1765395670.656678,2025-12-10T19:41:10.656685+00:00
1521,1765395670.675499,2025-12-10T19:41:10.675509+00:00
1522,1765395670.696418,2025-12-10T19:41:10.696424+00:00
1523,1765395670.7169652,2025-12-10T19:41:10.716971+00:00
1524,1765395670.737872,2025-12-10T19:41:10.737875+00:00
1525,1765395670.758739,2025-12-10T19:41:10.758741+00:00
1526,1765395670.7767522,2025-12-10T19:41:10.776757+00:00
1527,1765395670.7976608,2025-12-10T19:41:10.797664+00:00
1528,1765395670.8168561,2025-12-10T19:41:10.816868+00:00
1529,1765395670.835998,2025-12-10T19:41:10.836002+00:00
1530,1765395670.853906,2025-12-10T19:41:10.853907+00:00
1531,1765395670.8742368,2025-12-10T19:41:10.874240+00:00
1532,1765395670.895114,2025-12-10T19:41:10.895117+00:00
1533,1765395670.915988,2025-12-10T19:41:10.915992+00:00
1534,1765395670.9336178,2025-12-10T19:41:10.933622+00:00
1535,1765395670.952824,2025-12-10T19:41:10.952827+00:00
1536,1765395670.9708889,2025-12-10T19:41:10.970895+00:00
1537,1765395670.9917812,2025-12-10T19:41:10.991785+00:00
1538,1765395671.0115159,2025-12-10T19:41:11.011526+00:00
1539,1765395671.0283442,2025-12-10T19:41:11.028348+00:00
1540,1765395671.046554,2025-12-10T19:41:11.046558+00:00
1541,1765395671.067431,2025-12-10T19:41:11.067436+00:00
1542,1765395671.0883079,2025-12-10T19:41:11.088312+00:00
1543,1765395671.109184,2025-12-10T19:41:11.109189+00:00
1544,1765395671.12995,2025-12-10T19:41:11.129954+00:00
1545,1765395671.147027,2025-12-10T19:41:11.147031+00:00
1546,1765395671.1642702,2025-12-10T19:41:11.164273+00:00
1547,1765395671.18343,2025-12-10T19:41:11.183432+00:00
1548,1765395671.204295,2025-12-10T19:41:11.204296+00:00
1549,1765395671.225143,2025-12-10T19:41:11.225144+00:00
1550,1765395671.244682,2025-12-10T19:41:11.244685+00:00
1551,1765395671.2640471,2025-12-10T19:41:11.264050+00:00
1552,1765395671.284957,2025-12-10T19:41:11.284964+00:00
1553,1765395671.305872,2025-12-10T19:41:11.305878+00:00
1554,1765395671.32531,2025-12-10T19:41:11.325320+00:00
1555,1765395671.342499,2025-12-10T19:41:11.342513+00:00
1556,1765395671.363424,2025-12-10T19:41:11.363431+00:00
1557,1765395671.383111,2025-12-10T19:41:11.383121+00:00
1558,1765395671.4023209,2025-12-10T19:41:11.402335+00:00
1559,1765395671.4193852,2025-12-10T19:41:11.419389+00:00
1560,1765395671.4385622,2025-12-10T19:41:11.438570+00:00
1561,1765395671.459473,2025-12-10T19:41:11.459476+00:00
1562,1765395671.477857,2025-12-10T19:41:11.477861+00:00
1563,1765395671.49874,2025-12-10T19:41:11.498744+00:00
1564,1765395671.518731,2025-12-10T19:41:11.518734+00:00
1565,1765395671.535448,2025-12-10T19:41:11.535451+00:00
1566,1765395671.553858,2025-12-10T19:41:11.553863+00:00
1567,1765395671.571137,2025-12-10T19:41:11.571144+00:00
1568,1765395671.592044,2025-12-10T19:41:11.592049+00:00
1569,1765395671.612517,2025-12-10T19:41:11.612523+00:00
1570,1765395671.633419,2025-12-10T19:41:11.633421+00:00
1571,1765395671.652787,2025-12-10T19:41:11.652794+00:00
1572,1765395671.6736362,2025-12-10T19:41:11.673643+00:00
1573,1765395671.694548,2025-12-10T19:41:11.694565+00:00
1574,1765395671.7131698,2025-12-10T19:41:11.713178+00:00
1575,1765395671.73129,2025-12-10T19:41:11.731295+00:00
1576,1765395671.7494469,2025-12-10T19:41:11.749452+00:00
1577,1765395671.768735,2025-12-10T19:41:11.768739+00:00
1578,1765395671.788289,2025-12-10T19:41:11.788294+00:00
1579,1765395671.809164,2025-12-10T19:41:11.809167+00:00
1580,1765395671.8289988,2025-12-10T19:41:11.829005+00:00
1581,1765395671.849718,2025-12-10T19:41:11.849723+00:00
1582,1765395671.868973,2025-12-10T19:41:11.868983+00:00
1583,1765395671.887528,2025-12-10T19:41:11.887530+00:00
1584,1765395671.9083982,2025-12-10T19:41:11.908400+00:00
1585,1765395671.9290109,2025-12-10T19:41:11.929017+00:00
1586,1765395671.9499369,2025-12-10T19:41:11.949940+00:00
1587,1765395671.970825,2025-12-10T19:41:11.970834+00:00
1588,1765395671.990516,2025-12-10T19:41:11.990522+00:00
1589,1765395672.011414,2025-12-10T19:41:12.011421+00:00
1590,1765395672.0323358,2025-12-10T19:41:12.032340+00:00
1591,1765395672.05006,2025-12-10T19:41:12.050068+00:00
1592,1765395672.068884,2025-12-10T19:41:12.068889+00:00
1593,1765395672.08977,2025-12-10T19:41:12.089775+00:00
1594,1765395672.1079261,2025-12-10T19:41:12.107931+00:00
1595,1765395672.127454,2025-12-10T19:41:12.127459+00:00
1596,1765395672.1483562,2025-12-10T19:41:12.148361+00:00
1597,1765395672.1670241,2025-12-10T19:41:12.167039+00:00
1598,1765395672.187979,2025-12-10T19:41:12.187985+00:00
1599,1765395672.208987,2025-12-10T19:41:12.208992+00:00
1600,1765395672.225909,2025-12-10T19:41:12.225915+00:00
1601,1765395672.246828,2025-12-10T19:41:12.246845+00:00
1602,1765395672.263869,2025-12-10T19:41:12.263872+00:00
1603,1765395672.284744,2025-12-10T19:41:12.284754+00:00
1604,1765395672.30254,2025-12-10T19:41:12.302546+00:00
1605,1765395672.319904,2025-12-10T19:41:12.319910+00:00
1606,1765395672.336684,2025-12-10T19:41:12.336697+00:00
1607,1765395672.35676,2025-12-10T19:41:12.356766+00:00
1608,1765395672.377528,2025-12-10T19:41:12.377534+00:00
1609,1765395672.394648,2025-12-10T19:41:12.394652+00:00
1610,1765395672.415048,2025-12-10T19:41:12.415055+00:00
1611,1765395672.435786,2025-12-10T19:41:12.435791+00:00
1612,1765395672.4527822,2025-12-10T19:41:12.452786+00:00
1613,1765395672.4696782,2025-12-10T19:41:12.469684+00:00
1614,1765395672.4904058,2025-12-10T19:41:12.490408+00:00
1615,1765395672.511264,2025-12-10T19:41:12.511266+00:00
1616,1765395672.5330188,2025-12-10T19:41:12.533212+00:00
1617,1765395672.557597,2025-12-10T19:41:12.557602+00:00
1618,1765395672.5795488,2025-12-10T19:41:12.579775+00:00
1619,1765395672.625961,2025-12-10T19:41:12.625983+00:00
1620,1765395672.646912,2025-12-10T19:41:12.646916+00:00
1621,1765395672.668043,2025-12-10T19:41:12.668046+00:00
1622,1765395672.6889222,2025-12-10T19:41:12.688924+00:00
1623,1765395672.707371,2025-12-10T19:41:12.707373+00:00
1624,1765395672.7253592,2025-12-10T19:41:12.725359+00:00
1625,1765395672.746221,2025-12-10T19:41:12.746224+00:00
1626,1765395672.767128,2025-12-10T19:41:12.767133+00:00
1627,1765395672.7880268,2025-12-10T19:41:12.788030+00:00
1628,1765395672.808918,2025-12-10T19:41:12.808922+00:00
1629,1765395672.8294919,2025-12-10T19:41:12.829496+00:00
1630,1765395672.849671,2025-12-10T19:41:12.849688+00:00
1631,1765395672.867512,2025-12-10T19:41:12.867520+00:00
1632,1765395672.8886578,2025-12-10T19:41:12.888662+00:00
1633,1765395672.909523,2025-12-10T19:41:12.909527+00:00
1634,1765395672.930548,2025-12-10T19:41:12.930556+00:00
1635,1765395672.951253,2025-12-10T19:41:12.951260+00:00
1636,1765395672.971355,2025-12-10T19:41:12.971359+00:00
1637,1765395672.9922931,2025-12-10T19:41:12.992299+00:00
1638,1765395673.0115788,2025-12-10T19:41:13.011582+00:00
1639,1765395673.032469,2025-12-10T19:41:13.032477+00:00
1640,1765395673.049718,2025-12-10T19:41:13.049720+00:00
1641,1765395673.068317,2025-12-10T19:41:13.068322+00:00
1642,1765395673.086333,2025-12-10T19:41:13.086334+00:00
1643,1765395673.103894,2025-12-10T19:41:13.103897+00:00
1644,1765395673.124316,2025-12-10T19:41:13.124321+00:00
1645,1765395673.143022,2025-12-10T19:41:13.143026+00:00
1646,1765395673.163551,2025-12-10T19:41:13.163554+00:00
1647,1765395673.184417,2025-12-10T19:41:13.184420+00:00
1648,1765395673.2045069,2025-12-10T19:41:13.204510+00:00
1649,1765395673.225397,2025-12-10T19:41:13.225405+00:00
1650,1765395673.2444081,2025-12-10T19:41:13.244414+00:00
1651,1765395673.261536,2025-12-10T19:41:13.261542+00:00
1652,1765395673.279125,2025-12-10T19:41:13.279130+00:00
1653,1765395673.29648,2025-12-10T19:41:13.296487+00:00
1654,1765395673.3141062,2025-12-10T19:41:13.314114+00:00
1655,1765395673.33133,2025-12-10T19:41:13.331337+00:00
1656,1765395673.3519921,2025-12-10T19:41:13.351998+00:00
1657,1765395673.369152,2025-12-10T19:41:13.369158+00:00
1658,1765395673.387852,2025-12-10T19:41:13.387857+00:00
1659,1765395673.404654,2025-12-10T19:41:13.404657+00:00
1660,1765395673.425529,2025-12-10T19:41:13.425532+00:00
1661,1765395673.444433,2025-12-10T19:41:13.444436+00:00
1662,1765395673.465617,2025-12-10T19:41:13.465621+00:00
1663,1765395673.4831629,2025-12-10T19:41:13.483169+00:00
1664,1765395673.5037398,2025-12-10T19:41:13.503743+00:00
1665,1765395673.524616,2025-12-10T19:41:13.524620+00:00
1666,1765395673.5437,2025-12-10T19:41:13.543704+00:00
1667,1765395673.562119,2025-12-10T19:41:13.562122+00:00
1668,1765395673.5821629,2025-12-10T19:41:13.582167+00:00
1669,1765395673.600558,2025-12-10T19:41:13.600564+00:00
1670,1765395673.6188312,2025-12-10T19:41:13.618838+00:00
1671,1765395673.639756,2025-12-10T19:41:13.639763+00:00
1672,1765395673.6577191,2025-12-10T19:41:13.657724+00:00
1673,1765395673.674835,2025-12-10T19:41:13.674839+00:00
1674,1765395673.695711,2025-12-10T19:41:13.695714+00:00
1675,1765395673.713757,2025-12-10T19:41:13.713759+00:00
1676,1765395673.7325282,2025-12-10T19:41:13.732533+00:00
1677,1765395673.7534158,2025-12-10T19:41:13.753418+00:00
1678,1765395673.770593,2025-12-10T19:41:13.770596+00:00
1679,1765395673.79148,2025-12-10T19:41:13.791487+00:00
1680,1765395673.8087502,2025-12-10T19:41:13.808753+00:00
1681,1765395673.828911,2025-12-10T19:41:13.828919+00:00
1682,1765395673.8493829,2025-12-10T19:41:13.849386+00:00
1683,1765395673.86637,2025-12-10T19:41:13.866377+00:00
1684,1765395673.883256,2025-12-10T19:41:13.883260+00:00
1685,1765395673.9041321,2025-12-10T19:41:13.904137+00:00
1686,1765395673.925032,2025-12-10T19:41:13.925036+00:00
1687,1765395673.945911,2025-12-10T19:41:13.945914+00:00
1688,1765395673.966793,2025-12-10T19:41:13.966798+00:00
1689,1765395673.9876952,2025-12-10T19:41:13.987701+00:00
1690,1765395674.008589,2025-12-10T19:41:14.008596+00:00
1691,1765395674.029542,2025-12-10T19:41:14.029547+00:00
1692,1765395674.047198,2025-12-10T19:41:14.047208+00:00
1693,1765395674.064804,2025-12-10T19:41:14.064812+00:00
1694,1765395674.085727,2025-12-10T19:41:14.085732+00:00
1695,1765395674.1066308,2025-12-10T19:41:14.106634+00:00
1696,1765395674.126307,2025-12-10T19:41:14.126309+00:00
1697,1765395674.147167,2025-12-10T19:41:14.147169+00:00
1698,1765395674.167912,2025-12-10T19:41:14.167933+00:00
1699,1765395674.1888158,2025-12-10T19:41:14.188818+00:00
1700,1765395674.209562,2025-12-10T19:41:14.209563+00:00
1701,1765395674.229085,2025-12-10T19:41:14.229087+00:00
1702,1765395674.24996,2025-12-10T19:41:14.249961+00:00
1703,1765395674.2708218,2025-12-10T19:41:14.270825+00:00
1704,1765395674.291718,2025-12-10T19:41:14.291730+00:00
1705,1765395674.312649,2025-12-10T19:41:14.312653+00:00
1706,1765395674.329945,2025-12-10T19:41:14.329951+00:00
1707,1765395674.3508081,2025-12-10T19:41:14.350811+00:00
1708,1765395674.371598,2025-12-10T19:41:14.371603+00:00
1709,1765395674.388682,2025-12-10T19:41:14.388695+00:00
1710,1765395674.405834,2025-12-10T19:41:14.405837+00:00
1711,1765395674.426717,2025-12-10T19:41:14.426724+00:00
1712,1765395674.447618,2025-12-10T19:41:14.447621+00:00
1713,1765395674.468493,2025-12-10T19:41:14.468498+00:00
1714,1765395674.488239,2025-12-10T19:41:14.488244+00:00
1715,1765395674.5091531,2025-12-10T19:41:14.509157+00:00
1716,1765395674.528252,2025-12-10T19:41:14.528253+00:00
1717,1765395674.547082,2025-12-10T19:41:14.547085+00:00
1718,1765395674.563963,2025-12-10T19:41:14.563965+00:00
1719,1765395674.584832,2025-12-10T19:41:14.584835+00:00
1720,1765395674.604506,2025-12-10T19:41:14.604512+00:00
1721,1765395674.621587,2025-12-10T19:41:14.621591+00:00
1722,1765395674.6383371,2025-12-10T19:41:14.638340+00:00
1723,1765395674.655322,2025-12-10T19:41:14.655325+00:00
1724,1765395674.676202,2025-12-10T19:41:14.676208+00:00
1725,1765395674.697087,2025-12-10T19:41:14.697089+00:00
1726,1765395674.717967,2025-12-10T19:41:14.717970+00:00
1727,1765395674.734835,2025-12-10T19:41:14.734837+00:00
1728,1765395674.7554061,2025-12-10T19:41:14.755408+00:00
1729,1765395674.772796,2025-12-10T19:41:14.772805+00:00
1730,1765395674.793677,2025-12-10T19:41:14.793678+00:00
1731,1765395674.8110368,2025-12-10T19:41:14.811041+00:00
1732,1765395674.828717,2025-12-10T19:41:14.828718+00:00
1733,1765395674.847136,2025-12-10T19:41:14.847138+00:00
1734,1765395674.865497,2025-12-10T19:41:14.865498+00:00
1735,1765395674.886384,2025-12-10T19:41:14.886389+00:00
1736,1765395674.9053838,2025-12-10T19:41:14.905386+00:00
1737,1765395674.926238,2025-12-10T19:41:14.926239+00:00
1738,1765395674.9434738,2025-12-10T19:41:14.943478+00:00
1739,1765395674.963734,2025-12-10T19:41:14.963738+00:00
1740,1765395674.982114,2025-12-10T19:41:14.982117+00:00
1741,1765395675.0029938,2025-12-10T19:41:15.003003+00:00
1742,1765395675.0238988,2025-12-10T19:41:15.023903+00:00
1743,1765395675.044359,2025-12-10T19:41:15.044377+00:00
1744,1765395675.063871,2025-12-10T19:41:15.063881+00:00
1745,1765395675.084811,2025-12-10T19:41:15.084814+00:00
1746,1765395675.102607,2025-12-10T19:41:15.102615+00:00
1747,1765395675.122234,2025-12-10T19:41:15.122241+00:00
1748,1765395675.142848,2025-12-10T19:41:15.142856+00:00
1749,1765395675.163738,2025-12-10T19:41:15.163740+00:00
1750,1765395675.184607,2025-12-10T19:41:15.184609+00:00
1751,1765395675.2054248,2025-12-10T19:41:15.205432+00:00
1752,1765395675.2263281,2025-12-10T19:41:15.226331+00:00
1753,1765395675.2471979,2025-12-10T19:41:15.247202+00:00
1754,1765395675.2673988,2025-12-10T19:41:15.267406+00:00
1755,1765395675.2883022,2025-12-10T19:41:15.288304+00:00
1756,1765395675.3054159,2025-12-10T19:41:15.305420+00:00
1757,1765395675.326284,2025-12-10T19:41:15.326287+00:00
1758,1765395675.347164,2025-12-10T19:41:15.347168+00:00
1759,1765395675.3681018,2025-12-10T19:41:15.368105+00:00
1760,1765395675.3889668,2025-12-10T19:41:15.388969+00:00
1761,1765395675.4098291,2025-12-10T19:41:15.409831+00:00
1762,1765395675.4304068,2025-12-10T19:41:15.430409+00:00
1763,1765395675.451286,2025-12-10T19:41:15.451291+00:00
1764,1765395675.472183,2025-12-10T19:41:15.472188+00:00
1765,1765395675.493026,2025-12-10T19:41:15.493029+00:00
1766,1765395675.513899,2025-12-10T19:41:15.513903+00:00
1767,1765395675.5336509,2025-12-10T19:41:15.533656+00:00
1768,1765395675.554574,2025-12-10T19:41:15.554583+00:00
1769,1765395675.5720608,2025-12-10T19:41:15.572065+00:00
1770,1765395675.592941,2025-12-10T19:41:15.592946+00:00
1771,1765395675.610698,2025-12-10T19:41:15.610700+00:00
1772,1765395675.63041,2025-12-10T19:41:15.630413+00:00
1773,1765395675.651337,2025-12-10T19:41:15.651343+00:00
1774,1765395675.672077,2025-12-10T19:41:15.672081+00:00
1775,1765395675.689843,2025-12-10T19:41:15.689851+00:00
1776,1765395675.710749,2025-12-10T19:41:15.710750+00:00
1777,1765395675.731616,2025-12-10T19:41:15.731619+00:00
1778,1765395675.7517629,2025-12-10T19:41:15.751767+00:00
1779,1765395675.77005,2025-12-10T19:41:15.770055+00:00
1780,1765395675.78882,2025-12-10T19:41:15.788821+00:00
1781,1765395675.8075452,2025-12-10T19:41:15.807545+00:00
1782,1765395675.8283908,2025-12-10T19:41:15.828392+00:00
1783,1765395675.8492439,2025-12-10T19:41:15.849246+00:00
1784,1765395675.8667562,2025-12-10T19:41:15.866758+00:00
1785,1765395675.8845131,2025-12-10T19:41:15.884514+00:00
1786,1765395675.903444,2025-12-10T19:41:15.903447+00:00
1787,1765395675.92207,2025-12-10T19:41:15.922070+00:00
1788,1765395675.942933,2025-12-10T19:41:15.942939+00:00
1789,1765395675.963834,2025-12-10T19:41:15.963838+00:00
1790,1765395675.981886,2025-12-10T19:41:15.981887+00:00
1791,1765395676.002744,2025-12-10T19:41:16.002748+00:00
1792,1765395676.0231838,2025-12-10T19:41:16.023186+00:00
1793,1765395676.0408099,2025-12-10T19:41:16.040813+00:00
1794,1765395676.058626,2025-12-10T19:41:16.058631+00:00
1795,1765395676.079539,2025-12-10T19:41:16.079546+00:00
1796,1765395676.1002932,2025-12-10T19:41:16.100296+00:00
1797,1765395676.121164,2025-12-10T19:41:16.121166+00:00
1798,1765395676.142035,2025-12-10T19:41:16.142036+00:00
1799,1765395676.160834,2025-12-10T19:41:16.160837+00:00
1800,1765395676.181741,2025-12-10T19:41:16.181745+00:00
1801,1765395676.202626,2025-12-10T19:41:16.202630+00:00
1802,1765395676.2221,2025-12-10T19:41:16.222106+00:00
1803,1765395676.240514,2025-12-10T19:41:16.240519+00:00
1804,1765395676.261399,2025-12-10T19:41:16.261401+00:00
1805,1765395676.2817652,2025-12-10T19:41:16.281766+00:00
1806,1765395676.302619,2025-12-10T19:41:16.302625+00:00
1807,1765395676.323164,2025-12-10T19:41:16.323169+00:00
1808,1765395676.344069,2025-12-10T19:41:16.344072+00:00
1809,1765395676.362562,2025-12-10T19:41:16.362563+00:00
1810,1765395676.383428,2025-12-10T19:41:16.383429+00:00
1811,1765395676.4043038,2025-12-10T19:41:16.404305+00:00
1812,1765395676.425169,2025-12-10T19:41:16.425170+00:00
1813,1765395676.446024,2025-12-10T19:41:16.446034+00:00
1814,1765395676.464329,2025-12-10T19:41:16.464333+00:00
1815,1765395676.485207,2025-12-10T19:41:16.485211+00:00
1816,1765395676.503037,2025-12-10T19:41:16.503040+00:00
1817,1765395676.521749,2025-12-10T19:41:16.521755+00:00
1818,1765395676.5426571,2025-12-10T19:41:16.542666+00:00
1819,1765395676.5635781,2025-12-10T19:41:16.563583+00:00
1820,1765395676.5827909,2025-12-10T19:41:16.582794+00:00
1821,1765395676.6036842,2025-12-10T19:41:16.603694+00:00
1822,1765395676.624594,2025-12-10T19:41:16.624596+00:00
1823,1765395676.643834,2025-12-10T19:41:16.643840+00:00
1824,1765395676.663748,2025-12-10T19:41:16.663749+00:00
1825,1765395676.6811268,2025-12-10T19:41:16.681130+00:00
1826,1765395676.702029,2025-12-10T19:41:16.702034+00:00
1827,1765395676.722927,2025-12-10T19:41:16.722930+00:00
1828,1765395676.743794,2025-12-10T19:41:16.743798+00:00
1829,1765395676.763579,2025-12-10T19:41:16.763581+00:00
1830,1765395676.7837498,2025-12-10T19:41:16.783753+00:00
1831,1765395676.8046222,2025-12-10T19:41:16.804627+00:00
1832,1765395676.825324,2025-12-10T19:41:16.825328+00:00
1833,1765395676.8462,2025-12-10T19:41:16.846203+00:00
1834,1765395676.867069,2025-12-10T19:41:16.867073+00:00
1835,1765395676.887821,2025-12-10T19:41:16.887825+00:00
1836,1765395676.905429,2025-12-10T19:41:16.905434+00:00
1837,1765395676.925343,2025-12-10T19:41:16.925350+00:00
1838,1765395676.944402,2025-12-10T19:41:16.944406+00:00
1839,1765395676.963768,2025-12-10T19:41:16.963771+00:00
1840,1765395676.984638,2025-12-10T19:41:16.984641+00:00
1841,1765395677.0055318,2025-12-10T19:41:17.005535+00:00
1842,1765395677.026423,2025-12-10T19:41:17.026428+00:00
1843,1765395677.0470872,2025-12-10T19:41:17.047091+00:00
1844,1765395677.066856,2025-12-10T19:41:17.066859+00:00
1845,1765395677.087689,2025-12-10T19:41:17.087693+00:00
1846,1765395677.10557,2025-12-10T19:41:17.105581+00:00
1847,1765395677.126476,2025-12-10T19:41:17.126480+00:00
1848,1765395677.147093,2025-12-10T19:41:17.147094+00:00
1849,1765395677.167957,2025-12-10T19:41:17.167958+00:00
1850,1765395677.188763,2025-12-10T19:41:17.188765+00:00
1851,1765395677.2096782,2025-12-10T19:41:17.209683+00:00
1852,1765395677.227406,2025-12-10T19:41:17.227408+00:00
1853,1765395677.24786,2025-12-10T19:41:17.247861+00:00
1854,1765395677.2676082,2025-12-10T19:41:17.267610+00:00
1855,1765395677.289634,2025-12-10T19:41:17.289639+00:00
1856,1765395677.310571,2025-12-10T19:41:17.310576+00:00
1857,1765395677.331486,2025-12-10T19:41:17.331492+00:00
1858,1765395677.352382,2025-12-10T19:41:17.352384+00:00
1859,1765395677.3720908,2025-12-10T19:41:17.372092+00:00
1860,1765395677.390777,2025-12-10T19:41:17.390778+00:00
1861,1765395677.411624,2025-12-10T19:41:17.411625+00:00
1862,1765395677.4304378,2025-12-10T19:41:17.430461+00:00
1863,1765395677.45078,2025-12-10T19:41:17.450782+00:00
1864,1765395677.469564,2025-12-10T19:41:17.469565+00:00
1865,1765395677.490426,2025-12-10T19:41:17.490430+00:00
1866,1765395677.511334,2025-12-10T19:41:17.511336+00:00
1867,1765395677.529664,2025-12-10T19:41:17.529664+00:00
1868,1765395677.5505269,2025-12-10T19:41:17.550533+00:00
1869,1765395677.571414,2025-12-10T19:41:17.571417+00:00
1870,1765395677.5907662,2025-12-10T19:41:17.590768+00:00
1871,1765395677.611629,2025-12-10T19:41:17.611630+00:00
1872,1765395677.632498,2025-12-10T19:41:17.632499+00:00
1873,1765395677.651542,2025-12-10T19:41:17.651545+00:00
1874,1765395677.672086,2025-12-10T19:41:17.672087+00:00
1875,1765395677.688771,2025-12-10T19:41:17.688772+00:00
1876,1765395677.709624,2025-12-10T19:41:17.709625+00:00
1877,1765395677.730491,2025-12-10T19:41:17.730493+00:00
1878,1765395677.751348,2025-12-10T19:41:17.751349+00:00
1879,1765395677.772206,2025-12-10T19:41:17.772206+00:00
1880,1765395677.791691,2025-12-10T19:41:17.791691+00:00
1881,1765395677.812087,2025-12-10T19:41:17.812087+00:00
1882,1765395677.830422,2025-12-10T19:41:17.830423+00:00
1883,1765395677.851282,2025-12-10T19:41:17.851288+00:00
1884,1765395677.87218,2025-12-10T19:41:17.872194+00:00
1885,1765395677.891505,2025-12-10T19:41:17.891510+00:00
1886,1765395677.912411,2025-12-10T19:41:17.912415+00:00
1887,1765395677.930052,2025-12-10T19:41:17.930054+00:00
1888,1765395677.9498491,2025-12-10T19:41:17.949853+00:00
1889,1765395677.970433,2025-12-10T19:41:17.970436+00:00
1890,1765395677.9887612,2025-12-10T19:41:17.988761+00:00
1891,1765395678.0096152,2025-12-10T19:41:18.009616+00:00
1892,1765395678.030425,2025-12-10T19:41:18.030426+00:00
1893,1765395678.048306,2025-12-10T19:41:18.048311+00:00
1894,1765395678.0692039,2025-12-10T19:41:18.069207+00:00
1895,1765395678.089611,2025-12-10T19:41:18.089613+00:00
1896,1765395678.1104798,2025-12-10T19:41:18.110483+00:00
1897,1765395678.131371,2025-12-10T19:41:18.131373+00:00
1898,1765395678.152241,2025-12-10T19:41:18.152242+00:00
1899,1765395678.173095,2025-12-10T19:41:18.173096+00:00
1900,1765395678.194189,2025-12-10T19:41:18.194190+00:00
1901,1765395678.212933,2025-12-10T19:41:18.212935+00:00
1902,1765395678.2304692,2025-12-10T19:41:18.230476+00:00
1903,1765395678.2513611,2025-12-10T19:41:18.251361+00:00
1904,1765395678.2722318,2025-12-10T19:41:18.272233+00:00
1905,1765395678.293063,2025-12-10T19:41:18.293069+00:00
1906,1765395678.313966,2025-12-10T19:41:18.313971+00:00
1907,1765395678.334889,2025-12-10T19:41:18.334896+00:00
1908,1765395678.355772,2025-12-10T19:41:18.355774+00:00
1909,1765395678.375905,2025-12-10T19:41:18.375909+00:00
1910,1765395678.3967931,2025-12-10T19:41:18.396795+00:00
1911,1765395678.413773,2025-12-10T19:41:18.413774+00:00
1912,1765395678.432183,2025-12-10T19:41:18.432183+00:00
1913,1765395678.4521248,2025-12-10T19:41:18.452127+00:00
1914,1765395678.472974,2025-12-10T19:41:18.472975+00:00
1915,1765395678.493817,2025-12-10T19:41:18.493818+00:00
1916,1765395678.513769,2025-12-10T19:41:18.513785+00:00
1917,1765395678.534657,2025-12-10T19:41:18.534661+00:00
1918,1765395678.553812,2025-12-10T19:41:18.553817+00:00
1919,1765395678.574713,2025-12-10T19:41:18.574715+00:00
1920,1765395678.593138,2025-12-10T19:41:18.593140+00:00
1921,1765395678.613777,2025-12-10T19:41:18.613779+00:00
1922,1765395678.6346502,2025-12-10T19:41:18.634651+00:00
1923,1765395678.655515,2025-12-10T19:41:18.655519+00:00
1924,1765395678.676399,2025-12-10T19:41:18.676400+00:00
1925,1765395678.6972501,2025-12-10T19:41:18.697251+00:00
1926,1765395678.718105,2025-12-10T19:41:18.718109+00:00
1927,1765395678.7389922,2025-12-10T19:41:18.738993+00:00
1928,1765395678.757353,2025-12-10T19:41:18.757355+00:00
1929,1765395678.778242,2025-12-10T19:41:18.778245+00:00
1930,1765395678.797917,2025-12-10T19:41:18.797919+00:00
1931,1765395678.815787,2025-12-10T19:41:18.815787+00:00
1932,1765395678.83665,2025-12-10T19:41:18.836654+00:00
1933,1765395678.857538,2025-12-10T19:41:18.857542+00:00
1934,1765395678.876443,2025-12-10T19:41:18.876445+00:00
1935,1765395678.8952389,2025-12-10T19:41:18.895240+00:00
1936,1765395678.915693,2025-12-10T19:41:18.915695+00:00
1937,1765395678.934459,2025-12-10T19:41:18.934462+00:00
1938,1765395678.955379,2025-12-10T19:41:18.955381+00:00
1939,1765395678.975318,2025-12-10T19:41:18.975319+00:00
1940,1765395678.996174,2025-12-10T19:41:18.996178+00:00
1941,1765395679.0137768,2025-12-10T19:41:19.013778+00:00
1942,1765395679.0342138,2025-12-10T19:41:19.034217+00:00
1943,1765395679.054566,2025-12-10T19:41:19.054569+00:00
1944,1765395679.075453,2025-12-10T19:41:19.075454+00:00
1945,1765395679.092479,2025-12-10T19:41:19.092484+00:00
1946,1765395679.110358,2025-12-10T19:41:19.110361+00:00
1947,1765395679.13101,2025-12-10T19:41:19.131016+00:00
1948,1765395679.1518972,2025-12-10T19:41:19.151902+00:00
1949,1765395679.1727831,2025-12-10T19:41:19.172785+00:00
1950,1765395679.1936681,2025-12-10T19:41:19.193674+00:00
1951,1765395679.21395,2025-12-10T19:41:19.213953+00:00
1952,1765395679.234561,2025-12-10T19:41:19.234568+00:00
1953,1765395679.254432,2025-12-10T19:41:19.254438+00:00
1954,1765395679.2753348,2025-12-10T19:41:19.275341+00:00
1955,1765395679.2931159,2025-12-10T19:41:19.293123+00:00
1956,1765395679.312456,2025-12-10T19:41:19.312461+00:00
1957,1765395679.3326871,2025-12-10T19:41:19.332694+00:00
1958,1765395679.3535948,2025-12-10T19:41:19.353598+00:00
1959,1765395679.370375,2025-12-10T19:41:19.370379+00:00
1960,1765395679.391242,2025-12-10T19:41:19.391243+00:00
1961,1765395679.4121048,2025-12-10T19:41:19.412108+00:00
1962,1765395679.432982,2025-12-10T19:41:19.432984+00:00
1963,1765395679.453664,2025-12-10T19:41:19.453669+00:00
1964,1765395679.4733162,2025-12-10T19:41:19.473321+00:00
1965,1765395679.4942238,2025-12-10T19:41:19.494230+00:00
1966,1765395679.513793,2025-12-10T19:41:19.513798+00:00
1967,1765395679.533939,2025-12-10T19:41:19.533945+00:00
1968,1765395679.553456,2025-12-10T19:41:19.553464+00:00
1969,1765395679.5730162,2025-12-10T19:41:19.573019+00:00
1970,1765395679.593885,2025-12-10T19:41:19.593889+00:00
1971,1765395679.6147609,2025-12-10T19:41:19.614763+00:00
1972,1765395679.635623,2025-12-10T19:41:19.635627+00:00
1973,1765395679.6550632,2025-12-10T19:41:19.655067+00:00
1974,1765395679.6737049,2025-12-10T19:41:19.673709+00:00
1975,1765395679.6945732,2025-12-10T19:41:19.694575+00:00
1976,1765395679.713804,2025-12-10T19:41:19.713811+00:00
1977,1765395679.734709,2025-12-10T19:41:19.734710+00:00
1978,1765395679.756381,2025-12-10T19:41:19.756401+00:00
1979,1765395679.7773812,2025-12-10T19:41:19.777390+00:00
1980,1765395679.7971,2025-12-10T19:41:19.797103+00:00
1981,1765395679.8175218,2025-12-10T19:41:19.817525+00:00
1982,1765395679.838399,2025-12-10T19:41:19.838407+00:00
1983,1765395679.859312,2025-12-10T19:41:19.859315+00:00
1984,1765395679.880221,2025-12-10T19:41:19.880227+00:00
1985,1765395679.89713,2025-12-10T19:41:19.897139+00:00
1986,1765395679.9146519,2025-12-10T19:41:19.914655+00:00
1987,1765395679.933631,2025-12-10T19:41:19.933635+00:00
1988,1765395679.951824,2025-12-10T19:41:19.951831+00:00
1989,1765395679.972754,2025-12-10T19:41:19.972757+00:00
1990,1765395679.9895418,2025-12-10T19:41:19.989545+00:00
1991,1765395680.010422,2025-12-10T19:41:20.010423+00:00
1992,1765395680.031285,2025-12-10T19:41:20.031289+00:00
1993,1765395680.052254,2025-12-10T19:41:20.052260+00:00
1994,1765395680.0700958,2025-12-10T19:41:20.070100+00:00
1995,1765395680.0878541,2025-12-10T19:41:20.087857+00:00
1996,1765395680.108725,2025-12-10T19:41:20.108727+00:00
1997,1765395680.127854,2025-12-10T19:41:20.127855+00:00
1998,1765395680.148724,2025-12-10T19:41:20.148728+00:00
1999,1765395680.1680179,2025-12-10T19:41:20.168030+00:00
2000,1765395680.188937,2025-12-10T19:41:20.188941+00:00
2001,1765395680.209839,2025-12-10T19:41:20.209846+00:00
2002,1765395680.228477,2025-12-10T19:41:20.228482+00:00
2003,1765395680.247262,2025-12-10T19:41:20.247266+00:00
2004,1765395680.268152,2025-12-10T19:41:20.268157+00:00
2005,1765395680.286119,2025-12-10T19:41:20.286125+00:00
2006,1765395680.30546,2025-12-10T19:41:20.305470+00:00
2007,1765395680.32638,2025-12-10T19:41:20.326387+00:00
2008,1765395680.347284,2025-12-10T19:41:20.347288+00:00
2009,1765395680.368165,2025-12-10T19:41:20.368171+00:00
2010,1765395680.386347,2025-12-10T19:41:20.386351+00:00
2011,1765395680.4055,2025-12-10T19:41:20.405508+00:00
2012,1765395680.426443,2025-12-10T19:41:20.426449+00:00
2013,1765395680.443337,2025-12-10T19:41:20.443342+00:00
2014,1765395680.4627662,2025-12-10T19:41:20.462769+00:00
2015,1765395680.48364,2025-12-10T19:41:20.483644+00:00
2016,1765395680.504525,2025-12-10T19:41:20.504532+00:00
2017,1765395680.52487,2025-12-10T19:41:20.524875+00:00
2018,1765395680.545581,2025-12-10T19:41:20.545590+00:00
2019,1765395680.565004,2025-12-10T19:41:20.565006+00:00
2020,1765395680.585222,2025-12-10T19:41:20.585228+00:00
2021,1765395680.6061409,2025-12-10T19:41:20.606148+00:00
2022,1765395680.6270452,2025-12-10T19:41:20.627051+00:00
2023,1765395680.646506,2025-12-10T19:41:20.646510+00:00
2024,1765395680.6659682,2025-12-10T19:41:20.665973+00:00
2025,1765395680.686846,2025-12-10T19:41:20.686851+00:00
2026,1765395680.7055502,2025-12-10T19:41:20.705555+00:00
2027,1765395680.726039,2025-12-10T19:41:20.726046+00:00
2028,1765395680.746957,2025-12-10T19:41:20.746959+00:00
2029,1765395680.7681081,2025-12-10T19:41:20.768112+00:00
2030,1765395680.789381,2025-12-10T19:41:20.789384+00:00
2031,1765395680.810289,2025-12-10T19:41:20.810290+00:00
2032,1765395680.831155,2025-12-10T19:41:20.831159+00:00
2033,1765395680.848882,2025-12-10T19:41:20.848889+00:00
2034,1765395680.8697758,2025-12-10T19:41:20.869778+00:00
2035,1765395680.889886,2025-12-10T19:41:20.889890+00:00
2036,1765395680.910764,2025-12-10T19:41:20.910769+00:00
2037,1765395680.931639,2025-12-10T19:41:20.931640+00:00
2038,1765395680.952493,2025-12-10T19:41:20.952496+00:00
2039,1765395680.9733608,2025-12-10T19:41:20.973363+00:00
2040,1765395680.990867,2025-12-10T19:41:20.990869+00:00
2041,1765395681.0117471,2025-12-10T19:41:21.011749+00:00
2042,1765395681.028896,2025-12-10T19:41:21.028901+00:00
2043,1765395681.0482318,2025-12-10T19:41:21.048236+00:00
2044,1765395681.069109,2025-12-10T19:41:21.069113+00:00
2045,1765395681.087847,2025-12-10T19:41:21.087852+00:00
2046,1765395681.108732,2025-12-10T19:41:21.108739+00:00
2047,1765395681.129848,2025-12-10T19:41:21.129852+00:00
2048,1765395681.146739,2025-12-10T19:41:21.146742+00:00
2049,1765395681.167464,2025-12-10T19:41:21.168406+00:00
2050,1765395681.187608,2025-12-10T19:41:21.187613+00:00
2051,1765395681.206761,2025-12-10T19:41:21.206766+00:00
2052,1765395681.226409,2025-12-10T19:41:21.226412+00:00
2053,1765395681.247297,2025-12-10T19:41:21.247301+00:00
2054,1765395681.268184,2025-12-10T19:41:21.268187+00:00
2055,1765395681.286591,2025-12-10T19:41:21.286598+00:00
2056,1765395681.307487,2025-12-10T19:41:21.307497+00:00
2057,1765395681.3257332,2025-12-10T19:41:21.325738+00:00
2058,1765395681.344343,2025-12-10T19:41:21.344345+00:00
2059,1765395681.3652182,2025-12-10T19:41:21.365222+00:00
2060,1765395681.3839219,2025-12-10T19:41:21.383925+00:00
2061,1765395681.4020321,2025-12-10T19:41:21.402037+00:00
2062,1765395681.4202812,2025-12-10T19:41:21.420285+00:00
2063,1765395681.438855,2025-12-10T19:41:21.438861+00:00
2064,1765395681.459795,2025-12-10T19:41:21.459803+00:00
2065,1765395681.47934,2025-12-10T19:41:21.479343+00:00
2066,1765395681.4993842,2025-12-10T19:41:21.499386+00:00
2067,1765395681.520258,2025-12-10T19:41:21.520264+00:00
2068,1765395681.54118,2025-12-10T19:41:21.541189+00:00
2069,1765395681.562093,2025-12-10T19:41:21.562097+00:00
2070,1765395681.582498,2025-12-10T19:41:21.582505+00:00
2071,1765395681.603425,2025-12-10T19:41:21.603431+00:00
2072,1765395681.6243358,2025-12-10T19:41:21.624337+00:00
2073,1765395681.642647,2025-12-10T19:41:21.642650+00:00
2074,1765395681.6635141,2025-12-10T19:41:21.663518+00:00
2075,1765395681.682368,2025-12-10T19:41:21.682375+00:00
2076,1765395681.703289,2025-12-10T19:41:21.703293+00:00
2077,1765395681.724054,2025-12-10T19:41:21.724055+00:00
2078,1765395681.741067,2025-12-10T19:41:21.741068+00:00
2079,1765395681.758859,2025-12-10T19:41:21.758859+00:00
2080,1765395681.779715,2025-12-10T19:41:21.779717+00:00
2081,1765395681.800596,2025-12-10T19:41:21.800601+00:00
2082,1765395681.820479,2025-12-10T19:41:21.820480+00:00
2083,1765395681.840254,2025-12-10T19:41:21.840255+00:00
2084,1765395681.8611221,2025-12-10T19:41:21.861126+00:00
2085,1765395681.881238,2025-12-10T19:41:21.881244+00:00
2086,1765395681.900368,2025-12-10T19:41:21.900370+00:00
2087,1765395681.9212391,2025-12-10T19:41:21.921242+00:00
2088,1765395681.941612,2025-12-10T19:41:21.941617+00:00
2089,1765395681.962543,2025-12-10T19:41:21.962548+00:00
2090,1765395681.983104,2025-12-10T19:41:21.983106+00:00
2091,1765395682.001077,2025-12-10T19:41:22.001078+00:00
2092,1765395682.0199392,2025-12-10T19:41:22.019942+00:00
2093,1765395682.038805,2025-12-10T19:41:22.038808+00:00
2094,1765395682.05857,2025-12-10T19:41:22.058571+00:00
2095,1765395682.079421,2025-12-10T19:41:22.079422+00:00
2096,1765395682.100089,2025-12-10T19:41:22.100095+00:00
2097,1765395682.1210089,2025-12-10T19:41:22.121014+00:00
2098,1765395682.1409652,2025-12-10T19:41:22.140967+00:00
2099,1765395682.161833,2025-12-10T19:41:22.161836+00:00
2100,1765395682.1827068,2025-12-10T19:41:22.182711+00:00
2101,1765395682.203605,2025-12-10T19:41:22.203607+00:00
2102,1765395682.223899,2025-12-10T19:41:22.223900+00:00
2103,1765395682.24064,2025-12-10T19:41:22.240642+00:00
2104,1765395682.2615008,2025-12-10T19:41:22.261502+00:00
2105,1765395682.2812438,2025-12-10T19:41:22.281245+00:00
2106,1765395682.3021052,2025-12-10T19:41:22.302107+00:00
2107,1765395682.322979,2025-12-10T19:41:22.322984+00:00
2108,1765395682.340682,2025-12-10T19:41:22.340687+00:00
2109,1765395682.358091,2025-12-10T19:41:22.358098+00:00
2110,1765395682.376554,2025-12-10T19:41:22.376560+00:00
2111,1765395682.3937778,2025-12-10T19:41:22.393783+00:00
2112,1765395682.411583,2025-12-10T19:41:22.411587+00:00
2113,1765395682.430281,2025-12-10T19:41:22.430288+00:00
2114,1765395682.4471302,2025-12-10T19:41:22.447146+00:00
2115,1765395682.466489,2025-12-10T19:41:22.466492+00:00
2116,1765395682.483468,2025-12-10T19:41:22.483473+00:00
2117,1765395682.501089,2025-12-10T19:41:22.501094+00:00
2118,1765395682.52193,2025-12-10T19:41:22.521935+00:00
2119,1765395682.542018,2025-12-10T19:41:22.542024+00:00
2120,1765395682.562954,2025-12-10T19:41:22.562958+00:00
2121,1765395682.5838249,2025-12-10T19:41:22.583829+00:00
2122,1765395682.602155,2025-12-10T19:41:22.602160+00:00
2123,1765395682.6220758,2025-12-10T19:41:22.622078+00:00
2124,1765395682.6387992,2025-12-10T19:41:22.638803+00:00
2125,1765395682.657185,2025-12-10T19:41:22.657189+00:00
2126,1765395682.678061,2025-12-10T19:41:22.678065+00:00
2127,1765395682.698944,2025-12-10T19:41:22.698950+00:00
2128,1765395682.717633,2025-12-10T19:41:22.717636+00:00
2129,1765395682.739897,2025-12-10T19:41:22.739902+00:00
2130,1765395682.765971,2025-12-10T19:41:22.765997+00:00
2131,1765395682.783378,2025-12-10T19:41:22.783384+00:00
2132,1765395682.804352,2025-12-10T19:41:22.804355+00:00
2133,1765395682.828613,2025-12-10T19:41:22.828616+00:00
2134,1765395682.845473,2025-12-10T19:41:22.845479+00:00
2135,1765395682.863195,2025-12-10T19:41:22.863489+00:00
2136,1765395682.885282,2025-12-10T19:41:22.885286+00:00
2137,1765395682.9038348,2025-12-10T19:41:22.903842+00:00
2138,1765395682.933888,2025-12-10T19:41:22.933894+00:00
2139,1765395682.9547899,2025-12-10T19:41:22.954796+00:00
2140,1765395682.976823,2025-12-10T19:41:22.976827+00:00
2141,1765395682.997299,2025-12-10T19:41:22.997304+00:00
2142,1765395683.0169642,2025-12-10T19:41:23.016969+00:00
2143,1765395683.037387,2025-12-10T19:41:23.037392+00:00
2144,1765395683.054962,2025-12-10T19:41:23.054966+00:00
2145,1765395683.0744069,2025-12-10T19:41:23.074412+00:00
2146,1765395683.092032,2025-12-10T19:41:23.092037+00:00
2147,1765395683.108897,2025-12-10T19:41:23.108903+00:00
2148,1765395683.129807,2025-12-10T19:41:23.129811+00:00
2149,1765395683.146671,2025-12-10T19:41:23.146674+00:00
2150,1765395683.1634948,2025-12-10T19:41:23.163500+00:00
2151,1765395683.184392,2025-12-10T19:41:23.184395+00:00
2152,1765395683.204691,2025-12-10T19:41:23.204704+00:00
2153,1765395683.225617,2025-12-10T19:41:23.225623+00:00
2154,1765395683.2465549,2025-12-10T19:41:23.246560+00:00
2155,1765395683.265404,2025-12-10T19:41:23.265409+00:00
2156,1765395683.2908092,2025-12-10T19:41:23.290815+00:00
2157,1765395683.311767,2025-12-10T19:41:23.311771+00:00
2158,1765395683.33266,2025-12-10T19:41:23.332668+00:00
2159,1765395683.3535879,2025-12-10T19:41:23.353591+00:00
2160,1765395683.372643,2025-12-10T19:41:23.372644+00:00
2161,1765395683.389546,2025-12-10T19:41:23.389549+00:00
2162,1765395683.4091678,2025-12-10T19:41:23.409174+00:00
2163,1765395683.4300249,2025-12-10T19:41:23.430030+00:00
2164,1765395683.447642,2025-12-10T19:41:23.447646+00:00
2165,1765395683.468528,2025-12-10T19:41:23.468533+00:00
2166,1765395683.4886389,2025-12-10T19:41:23.488644+00:00
2167,1765395683.509525,2025-12-10T19:41:23.509528+00:00
2168,1765395683.529032,2025-12-10T19:41:23.529047+00:00
2169,1765395683.5499678,2025-12-10T19:41:23.549973+00:00
2170,1765395683.570653,2025-12-10T19:41:23.570655+00:00
2171,1765395683.5880818,2025-12-10T19:41:23.588083+00:00
2172,1765395683.60895,2025-12-10T19:41:23.608952+00:00
2173,1765395683.629824,2025-12-10T19:41:23.629825+00:00
2174,1765395683.6506739,2025-12-10T19:41:23.650676+00:00
2175,1765395683.667858,2025-12-10T19:41:23.667860+00:00
2176,1765395683.6846552,2025-12-10T19:41:23.684658+00:00
2177,1765395683.7035031,2025-12-10T19:41:23.703505+00:00
2178,1765395683.721643,2025-12-10T19:41:23.721647+00:00
2179,1765395683.7425559,2025-12-10T19:41:23.742559+00:00
2180,1765395683.7602859,2025-12-10T19:41:23.760286+00:00
2181,1765395683.780191,2025-12-10T19:41:23.780207+00:00
2182,1765395683.801128,2025-12-10T19:41:23.801132+00:00
2183,1765395683.822013,2025-12-10T19:41:23.822014+00:00
2184,1765395683.839007,2025-12-10T19:41:23.839008+00:00
2185,1765395683.859863,2025-12-10T19:41:23.859865+00:00
2186,1765395683.880735,2025-12-10T19:41:23.880740+00:00
2187,1765395683.9005032,2025-12-10T19:41:23.900510+00:00
2188,1765395683.9196138,2025-12-10T19:41:23.919618+00:00
2189,1765395683.940481,2025-12-10T19:41:23.940485+00:00
2190,1765395683.9596422,2025-12-10T19:41:23.959645+00:00
2191,1765395683.981101,2025-12-10T19:41:23.981104+00:00
2192,1765395684.0018492,2025-12-10T19:41:24.001851+00:00
2193,1765395684.0217888,2025-12-10T19:41:24.021791+00:00
2194,1765395684.045014,2025-12-10T19:41:24.045018+00:00
2195,1765395684.0645068,2025-12-10T19:41:24.064510+00:00
2196,1765395684.081735,2025-12-10T19:41:24.081740+00:00
2197,1765395684.1006138,2025-12-10T19:41:24.100619+00:00
2198,1765395684.119412,2025-12-10T19:41:24.119414+00:00
2199,1765395684.140289,2025-12-10T19:41:24.140293+00:00
2200,1765395684.1611772,2025-12-10T19:41:24.161178+00:00
2201,1765395684.1820428,2025-12-10T19:41:24.182047+00:00
2202,1765395684.2029572,2025-12-10T19:41:24.202961+00:00
2203,1765395684.2238321,2025-12-10T19:41:24.223832+00:00
2204,1765395684.244697,2025-12-10T19:41:24.244701+00:00
2205,1765395684.263503,2025-12-10T19:41:24.263505+00:00
2206,1765395684.284371,2025-12-10T19:41:24.284372+00:00
2207,1765395684.303749,2025-12-10T19:41:24.303754+00:00
2208,1765395684.3212318,2025-12-10T19:41:24.321233+00:00
2209,1765395684.341227,2025-12-10T19:41:24.341232+00:00
2210,1765395684.36214,2025-12-10T19:41:24.362142+00:00
2211,1765395684.379194,2025-12-10T19:41:24.379194+00:00
2212,1765395684.39822,2025-12-10T19:41:24.398221+00:00
2213,1765395684.41726,2025-12-10T19:41:24.417262+00:00
2214,1765395684.434641,2025-12-10T19:41:24.434650+00:00
2215,1765395684.455515,2025-12-10T19:41:24.455518+00:00
2216,1765395684.476384,2025-12-10T19:41:24.476389+00:00
2217,1765395684.494946,2025-12-10T19:41:24.494949+00:00
2218,1765395684.515809,2025-12-10T19:41:24.515811+00:00
2219,1765395684.5331929,2025-12-10T19:41:24.533198+00:00
2220,1765395684.550399,2025-12-10T19:41:24.550403+00:00
2221,1765395684.571276,2025-12-10T19:41:24.571281+00:00
2222,1765395684.590781,2025-12-10T19:41:24.590784+00:00
2223,1765395684.609673,2025-12-10T19:41:24.609677+00:00
2224,1765395684.6264489,2025-12-10T19:41:24.626452+00:00
2225,1765395684.643326,2025-12-10T19:41:24.643331+00:00
2226,1765395684.6641989,2025-12-10T19:41:24.664201+00:00
2227,1765395684.684652,2025-12-10T19:41:24.684655+00:00
2228,1765395684.70481,2025-12-10T19:41:24.704813+00:00
2229,1765395684.7228851,2025-12-10T19:41:24.722889+00:00
2230,1765395684.7437599,2025-12-10T19:41:24.743763+00:00
2231,1765395684.764658,2025-12-10T19:41:24.764831+00:00
2232,1765395684.785728,2025-12-10T19:41:24.785733+00:00
2233,1765395684.8035681,2025-12-10T19:41:24.803573+00:00
2234,1765395684.822348,2025-12-10T19:41:24.822354+00:00
2235,1765395684.84325,2025-12-10T19:41:24.843257+00:00
2236,1765395684.861793,2025-12-10T19:41:24.861798+00:00
2237,1765395684.88049,2025-12-10T19:41:24.880494+00:00
2238,1765395684.9013371,2025-12-10T19:41:24.901344+00:00
2239,1765395684.918775,2025-12-10T19:41:24.918779+00:00
2240,1765395684.9396758,2025-12-10T19:41:24.939681+00:00
2241,1765395684.9596522,2025-12-10T19:41:24.959654+00:00
2242,1765395684.9763799,2025-12-10T19:41:24.976383+00:00
2243,1765395684.9955251,2025-12-10T19:41:24.995549+00:00
2244,1765395685.0164669,2025-12-10T19:41:25.016472+00:00
2245,1765395685.037375,2025-12-10T19:41:25.037378+00:00
2246,1765395685.0574238,2025-12-10T19:41:25.057428+00:00
2247,1765395685.075308,2025-12-10T19:41:25.075311+00:00
2248,1765395685.0961778,2025-12-10T19:41:25.096180+00:00
2249,1765395685.1170518,2025-12-10T19:41:25.117117+00:00
2250,1765395685.134374,2025-12-10T19:41:25.134375+00:00
2251,1765395685.155233,2025-12-10T19:41:25.155234+00:00
2252,1765395685.1761112,2025-12-10T19:41:25.176113+00:00
2253,1765395685.194697,2025-12-10T19:41:25.194698+00:00
2254,1765395685.215551,2025-12-10T19:41:25.215551+00:00
2255,1765395685.236402,2025-12-10T19:41:25.236402+00:00
2256,1765395685.253311,2025-12-10T19:41:25.253311+00:00
2257,1765395685.270062,2025-12-10T19:41:25.270063+00:00
2258,1765395685.289802,2025-12-10T19:41:25.289805+00:00
2259,1765395685.310678,2025-12-10T19:41:25.310680+00:00
2260,1765395685.3287098,2025-12-10T19:41:25.328711+00:00
2261,1765395685.349576,2025-12-10T19:41:25.349578+00:00
2262,1765395685.3704581,2025-12-10T19:41:25.370459+00:00
2263,1765395685.3913112,2025-12-10T19:41:25.391311+00:00
2264,1765395685.4117498,2025-12-10T19:41:25.411754+00:00
2265,1765395685.4292579,2025-12-10T19:41:25.429261+00:00
2266,1765395685.45012,2025-12-10T19:41:25.450122+00:00
2267,1765395685.470988,2025-12-10T19:41:25.470990+00:00
2268,1765395685.4919071,2025-12-10T19:41:25.491909+00:00
2269,1765395685.512776,2025-12-10T19:41:25.512777+00:00
2270,1765395685.5298061,2025-12-10T19:41:25.529809+00:00
2271,1765395685.550693,2025-12-10T19:41:25.550695+00:00
2272,1765395685.5732732,2025-12-10T19:41:25.573278+00:00
2273,1765395685.593153,2025-12-10T19:41:25.593160+00:00
2274,1765395685.610114,2025-12-10T19:41:25.610120+00:00
2275,1765395685.627671,2025-12-10T19:41:25.627673+00:00
2276,1765395685.644423,2025-12-10T19:41:25.644424+00:00
2277,1765395685.66528,2025-12-10T19:41:25.665283+00:00
2278,1765395685.6834612,2025-12-10T19:41:25.683465+00:00
2279,1765395685.703176,2025-12-10T19:41:25.703181+00:00
2280,1765395685.722778,2025-12-10T19:41:25.722783+00:00
2281,1765395685.743674,2025-12-10T19:41:25.743677+00:00
2282,1765395685.761726,2025-12-10T19:41:25.761730+00:00
2283,1765395685.782629,2025-12-10T19:41:25.782632+00:00
2284,1765395685.803572,2025-12-10T19:41:25.803577+00:00
2285,1765395685.821035,2025-12-10T19:41:25.821036+00:00
2286,1765395685.8418958,2025-12-10T19:41:25.841899+00:00
2287,1765395685.860078,2025-12-10T19:41:25.860080+00:00
2288,1765395685.878224,2025-12-10T19:41:25.878228+00:00
2289,1765395685.899145,2025-12-10T19:41:25.899149+00:00
2290,1765395685.91956,2025-12-10T19:41:25.919563+00:00
2291,1765395685.9369652,2025-12-10T19:41:25.936969+00:00
2292,1765395685.953792,2025-12-10T19:41:25.953795+00:00
2293,1765395685.9722722,2025-12-10T19:41:25.972273+00:00
2294,1765395685.99314,2025-12-10T19:41:25.993141+00:00
2295,1765395686.0124118,2025-12-10T19:41:26.012414+00:00
2296,1765395686.0295098,2025-12-10T19:41:26.029521+00:00
2297,1765395686.0504189,2025-12-10T19:41:26.050423+00:00
2298,1765395686.071296,2025-12-10T19:41:26.071299+00:00
2299,1765395686.088095,2025-12-10T19:41:26.088097+00:00
2300,1765395686.1089568,2025-12-10T19:41:26.108960+00:00
2301,1765395686.127137,2025-12-10T19:41:26.127139+00:00
2302,1765395686.1480021,2025-12-10T19:41:26.148003+00:00
2303,1765395686.168858,2025-12-10T19:41:26.168859+00:00
2304,1765395686.185784,2025-12-10T19:41:26.185786+00:00
2305,1765395686.206666,2025-12-10T19:41:26.206668+00:00
2306,1765395686.227544,2025-12-10T19:41:26.227547+00:00
2307,1765395686.24442,2025-12-10T19:41:26.244424+00:00
2308,1765395686.261902,2025-12-10T19:41:26.261905+00:00
2309,1765395686.282783,2025-12-10T19:41:26.282784+00:00
2310,1765395686.3042119,2025-12-10T19:41:26.304218+00:00
2311,1765395686.3216991,2025-12-10T19:41:26.321830+00:00
2312,1765395686.351392,2025-12-10T19:41:26.351398+00:00
2313,1765395686.37811,2025-12-10T19:41:26.378117+00:00
2314,1765395686.397235,2025-12-10T19:41:26.397571+00:00
2315,1765395686.415173,2025-12-10T19:41:26.415273+00:00
2316,1765395686.438292,2025-12-10T19:41:26.438298+00:00
2317,1765395686.4580522,2025-12-10T19:41:26.458058+00:00
2318,1765395686.4789371,2025-12-10T19:41:26.478940+00:00
2319,1765395686.499957,2025-12-10T19:41:26.499963+00:00
2320,1765395686.5208662,2025-12-10T19:41:26.520872+00:00
2321,1765395686.541043,2025-12-10T19:41:26.541048+00:00
2322,1765395686.558144,2025-12-10T19:41:26.558147+00:00
2323,1765395686.578851,2025-12-10T19:41:26.578857+00:00
2324,1765395686.599634,2025-12-10T19:41:26.599638+00:00
2325,1765395686.619283,2025-12-10T19:41:26.619286+00:00
2326,1765395686.6401541,2025-12-10T19:41:26.640159+00:00
2327,1765395686.661078,2025-12-10T19:41:26.661085+00:00
2328,1765395686.681996,2025-12-10T19:41:26.682002+00:00
2329,1765395686.701343,2025-12-10T19:41:26.701346+00:00
2330,1765395686.719244,2025-12-10T19:41:26.719247+00:00
2331,1765395686.740125,2025-12-10T19:41:26.740129+00:00
2332,1765395686.7610419,2025-12-10T19:41:26.761046+00:00
2333,1765395686.781932,2025-12-10T19:41:26.781933+00:00
2334,1765395686.799259,2025-12-10T19:41:26.799262+00:00
2335,1765395686.816779,2025-12-10T19:41:26.816780+00:00
2336,1765395686.837197,2025-12-10T19:41:26.837203+00:00
2337,1765395686.8574662,2025-12-10T19:41:26.857469+00:00
2338,1765395686.874207,2025-12-10T19:41:26.874211+00:00
2339,1765395686.892339,2025-12-10T19:41:26.892344+00:00
2340,1765395686.9141839,2025-12-10T19:41:26.914190+00:00
2341,1765395686.932155,2025-12-10T19:41:26.932161+00:00
2342,1765395686.9511812,2025-12-10T19:41:26.951185+00:00
2343,1765395686.9680378,2025-12-10T19:41:26.968044+00:00
2344,1765395686.9889421,2025-12-10T19:41:26.988945+00:00
2345,1765395687.009661,2025-12-10T19:41:27.009664+00:00
2346,1765395687.0279932,2025-12-10T19:41:27.027995+00:00
2347,1765395687.045388,2025-12-10T19:41:27.045394+00:00
2348,1765395687.066283,2025-12-10T19:41:27.066286+00:00
2349,1765395687.0858612,2025-12-10T19:41:27.085862+00:00
2350,1765395687.10593,2025-12-10T19:41:27.105941+00:00
2351,1765395687.1268501,2025-12-10T19:41:27.126853+00:00
2352,1765395687.14775,2025-12-10T19:41:27.147755+00:00
2353,1765395687.1684039,2025-12-10T19:41:27.168408+00:00
2354,1765395687.18589,2025-12-10T19:41:27.185892+00:00
2355,1765395687.206756,2025-12-10T19:41:27.206758+00:00
2356,1765395687.226336,2025-12-10T19:41:27.226337+00:00
2357,1765395687.244765,2025-12-10T19:41:27.244771+00:00
2358,1765395687.262642,2025-12-10T19:41:27.262648+00:00
2359,1765395687.28032,2025-12-10T19:41:27.280325+00:00
2360,1765395687.30321,2025-12-10T19:41:27.303217+00:00
2361,1765395687.326986,2025-12-10T19:41:27.326991+00:00
2362,1765395687.3469539,2025-12-10T19:41:27.346959+00:00
2363,1765395687.367836,2025-12-10T19:41:27.367840+00:00
2364,1765395687.387122,2025-12-10T19:41:27.387146+00:00
2365,1765395687.404556,2025-12-10T19:41:27.404572+00:00
2366,1765395687.4225779,2025-12-10T19:41:27.422584+00:00
2367,1765395687.4421,2025-12-10T19:41:27.442104+00:00
2368,1765395687.4606159,2025-12-10T19:41:27.460618+00:00
2369,1765395687.478823,2025-12-10T19:41:27.478825+00:00
2370,1765395687.495789,2025-12-10T19:41:27.495795+00:00
2371,1765395687.5141299,2025-12-10T19:41:27.514133+00:00
2372,1765395687.532296,2025-12-10T19:41:27.532299+00:00
2373,1765395687.552883,2025-12-10T19:41:27.552888+00:00
2374,1765395687.573799,2025-12-10T19:41:27.573802+00:00
2375,1765395687.5930712,2025-12-10T19:41:27.593075+00:00
2376,1765395687.610789,2025-12-10T19:41:27.610790+00:00
2377,1765395687.627566,2025-12-10T19:41:27.627569+00:00
2378,1765395687.648464,2025-12-10T19:41:27.648466+00:00
2379,1765395687.669183,2025-12-10T19:41:27.669183+00:00
2380,1765395687.689186,2025-12-10T19:41:27.689188+00:00
2381,1765395687.710051,2025-12-10T19:41:27.710053+00:00
2382,1765395687.730905,2025-12-10T19:41:27.730906+00:00
2383,1765395687.750131,2025-12-10T19:41:27.750140+00:00
2384,1765395687.769901,2025-12-10T19:41:27.769902+00:00
2385,1765395687.789514,2025-12-10T19:41:27.789516+00:00
2386,1765395687.808366,2025-12-10T19:41:27.808367+00:00
2387,1765395687.828526,2025-12-10T19:41:27.828528+00:00
2388,1765395687.845284,2025-12-10T19:41:27.845288+00:00
2389,1765395687.8620448,2025-12-10T19:41:27.862056+00:00
2390,1765395687.882171,2025-12-10T19:41:27.882174+00:00
2391,1765395687.9030452,2025-12-10T19:41:27.903050+00:00
2392,1765395687.924011,2025-12-10T19:41:27.924015+00:00
2393,1765395687.9441931,2025-12-10T19:41:27.944198+00:00
2394,1765395687.965121,2025-12-10T19:41:27.965132+00:00
2395,1765395687.9824908,2025-12-10T19:41:27.982495+00:00
2396,1765395688.000032,2025-12-10T19:41:28.000036+00:00
2397,1765395688.020906,2025-12-10T19:41:28.020908+00:00
2398,1765395688.041515,2025-12-10T19:41:28.041520+00:00
2399,1765395688.058335,2025-12-10T19:41:28.058341+00:00
2400,1765395688.0752609,2025-12-10T19:41:28.075266+00:00
2401,1765395688.0930262,2025-12-10T19:41:28.093029+00:00
2402,1765395688.110739,2025-12-10T19:41:28.110746+00:00
2403,1765395688.1316328,2025-12-10T19:41:28.131636+00:00
2404,1765395688.15253,2025-12-10T19:41:28.152536+00:00
2405,1765395688.169452,2025-12-10T19:41:28.169458+00:00
2406,1765395688.190331,2025-12-10T19:41:28.190332+00:00
2407,1765395688.211195,2025-12-10T19:41:28.211199+00:00
2408,1765395688.232102,2025-12-10T19:41:28.232109+00:00
2409,1765395688.251358,2025-12-10T19:41:28.251370+00:00
2410,1765395688.2722461,2025-12-10T19:41:28.272250+00:00
2411,1765395688.293138,2025-12-10T19:41:28.293140+00:00
2412,1765395688.312288,2025-12-10T19:41:28.312294+00:00
2413,1765395688.333188,2025-12-10T19:41:28.333191+00:00
2414,1765395688.350812,2025-12-10T19:41:28.350814+00:00
2415,1765395688.37147,2025-12-10T19:41:28.371476+00:00
2416,1765395688.392363,2025-12-10T19:41:28.392365+00:00
2417,1765395688.444215,2025-12-10T19:41:28.444232+00:00
2418,1765395688.470328,2025-12-10T19:41:28.470349+00:00
2419,1765395688.514426,2025-12-10T19:41:28.514431+00:00
2420,1765395688.599262,2025-12-10T19:41:28.599282+00:00
2421,1765395688.677088,2025-12-10T19:41:28.677093+00:00
2422,1765395688.699373,2025-12-10T19:41:28.699378+00:00
2423,1765395688.753349,2025-12-10T19:41:28.753354+00:00
2424,1765395688.840829,2025-12-10T19:41:28.840844+00:00
2425,1765395688.8698082,2025-12-10T19:41:28.869812+00:00
2426,1765395688.8865972,2025-12-10T19:41:28.886605+00:00
2427,1765395688.904585,2025-12-10T19:41:28.904590+00:00
2428,1765395688.92392,2025-12-10T19:41:28.923927+00:00
2429,1765395688.944515,2025-12-10T19:41:28.944519+00:00
2430,1765395688.964139,2025-12-10T19:41:28.964143+00:00
2431,1765395688.9821079,2025-12-10T19:41:28.982113+00:00
2432,1765395689.001385,2025-12-10T19:41:29.001394+00:00
2433,1765395689.022294,2025-12-10T19:41:29.022298+00:00
2434,1765395689.0403378,2025-12-10T19:41:29.040342+00:00
2435,1765395689.061219,2025-12-10T19:41:29.061224+00:00
2436,1765395689.081907,2025-12-10T19:41:29.081910+00:00
2437,1765395689.098716,2025-12-10T19:41:29.098721+00:00
2438,1765395689.119358,2025-12-10T19:41:29.119361+00:00
2439,1765395689.139633,2025-12-10T19:41:29.139636+00:00
2440,1765395689.160515,2025-12-10T19:41:29.160519+00:00
2441,1765395689.1808152,2025-12-10T19:41:29.180818+00:00
2442,1765395689.201679,2025-12-10T19:41:29.201682+00:00
2443,1765395689.221786,2025-12-10T19:41:29.221791+00:00
2444,1765395689.241078,2025-12-10T19:41:29.241082+00:00
2445,1765395689.2619698,2025-12-10T19:41:29.261974+00:00
2446,1765395689.280512,2025-12-10T19:41:29.280517+00:00
2447,1765395689.303885,2025-12-10T19:41:29.304605+00:00
2448,1765395689.3240058,2025-12-10T19:41:29.324009+00:00
2449,1765395689.3440168,2025-12-10T19:41:29.344023+00:00
2450,1765395689.363817,2025-12-10T19:41:29.363819+00:00
2451,1765395689.3846772,2025-12-10T19:41:29.384679+00:00
2452,1765395689.403729,2025-12-10T19:41:29.403751+00:00
2453,1765395689.42464,2025-12-10T19:41:29.424647+00:00
2454,1765395689.446217,2025-12-10T19:41:29.446221+00:00
2455,1765395689.4675388,2025-12-10T19:41:29.467545+00:00
2456,1765395689.488276,2025-12-10T19:41:29.488286+00:00
2457,1765395689.509202,2025-12-10T19:41:29.509216+00:00
2458,1765395689.5269608,2025-12-10T19:41:29.526965+00:00
2459,1765395689.547888,2025-12-10T19:41:29.547897+00:00
2460,1765395689.568467,2025-12-10T19:41:29.568469+00:00
2461,1765395689.587612,2025-12-10T19:41:29.587615+00:00
2462,1765395689.608495,2025-12-10T19:41:29.608499+00:00
2463,1765395689.626878,2025-12-10T19:41:29.626881+00:00
2464,1765395689.643639,2025-12-10T19:41:29.643643+00:00
2465,1765395689.664528,2025-12-10T19:41:29.664535+00:00
2466,1765395689.685436,2025-12-10T19:41:29.685440+00:00
2467,1765395689.706313,2025-12-10T19:41:29.706316+00:00
2468,1765395689.723397,2025-12-10T19:41:29.723401+00:00
2469,1765395689.744283,2025-12-10T19:41:29.744287+00:00
2470,1765395689.7651572,2025-12-10T19:41:29.765159+00:00
2471,1765395689.784704,2025-12-10T19:41:29.784710+00:00
2472,1765395689.802024,2025-12-10T19:41:29.802028+00:00
2473,1765395689.822926,2025-12-10T19:41:29.822931+00:00
2474,1765395689.843039,2025-12-10T19:41:29.843043+00:00
2475,1765395689.860961,2025-12-10T19:41:29.860965+00:00
2476,1765395689.8818402,2025-12-10T19:41:29.881845+00:00
2477,1765395689.902743,2025-12-10T19:41:29.902747+00:00
2478,1765395689.920939,2025-12-10T19:41:29.920944+00:00
2479,1765395689.9418461,2025-12-10T19:41:29.941848+00:00
2480,1765395689.958721,2025-12-10T19:41:29.958726+00:00
2481,1765395689.9775832,2025-12-10T19:41:29.977588+00:00
2482,1765395689.996263,2025-12-10T19:41:29.996266+00:00
2483,1765395690.0171351,2025-12-10T19:41:30.017137+00:00
2484,1765395690.035902,2025-12-10T19:41:30.035908+00:00
2485,1765395690.055449,2025-12-10T19:41:30.055452+00:00
2486,1765395690.0735412,2025-12-10T19:41:30.073544+00:00
2487,1765395690.094199,2025-12-10T19:41:30.094202+00:00
2488,1765395690.115069,2025-12-10T19:41:30.115072+00:00
2489,1765395690.1359448,2025-12-10T19:41:30.135949+00:00
2490,1765395690.1537569,2025-12-10T19:41:30.153760+00:00
2491,1765395690.1709802,2025-12-10T19:41:30.170982+00:00
2492,1765395690.191849,2025-12-10T19:41:30.191853+00:00
2493,1765395690.2109299,2025-12-10T19:41:30.210934+00:00
2494,1765395690.2287202,2025-12-10T19:41:30.228725+00:00
2495,1765395690.247355,2025-12-10T19:41:30.247362+00:00
2496,1765395690.264683,2025-12-10T19:41:30.264684+00:00
2497,1765395690.285589,2025-12-10T19:41:30.285594+00:00
2498,1765395690.3047628,2025-12-10T19:41:30.304766+00:00
2499,1765395690.3243809,2025-12-10T19:41:30.324385+00:00
2500,1765395690.3448792,2025-12-10T19:41:30.344884+00:00
2501,1765395690.3657768,2025-12-10T19:41:30.365784+00:00
2502,1765395690.386667,2025-12-10T19:41:30.386669+00:00
2503,1765395690.405652,2025-12-10T19:41:30.405658+00:00
2504,1765395690.426568,2025-12-10T19:41:30.426570+00:00
2505,1765395690.447401,2025-12-10T19:41:30.447403+00:00
2506,1765395690.467819,2025-12-10T19:41:30.467829+00:00
2507,1765395690.488769,2025-12-10T19:41:30.488775+00:00
2508,1765395690.509684,2025-12-10T19:41:30.509688+00:00
2509,1765395690.528036,2025-12-10T19:41:30.528044+00:00
2510,1765395690.545336,2025-12-10T19:41:30.545346+00:00
2511,1765395690.5655339,2025-12-10T19:41:30.565537+00:00
2512,1765395690.583499,2025-12-10T19:41:30.583503+00:00
2513,1765395690.6029382,2025-12-10T19:41:30.602947+00:00
2514,1765395690.62386,2025-12-10T19:41:30.623864+00:00
2515,1765395690.644755,2025-12-10T19:41:30.644758+00:00
2516,1765395690.665658,2025-12-10T19:41:30.665661+00:00
2517,1765395690.686529,2025-12-10T19:41:30.686530+00:00
2518,1765395690.703601,2025-12-10T19:41:30.703601+00:00
2519,1765395690.7244449,2025-12-10T19:41:30.724446+00:00
2520,1765395690.744593,2025-12-10T19:41:30.744599+00:00
2521,1765395690.765486,2025-12-10T19:41:30.765489+00:00
2522,1765395690.784817,2025-12-10T19:41:30.784824+00:00
2523,1765395690.804458,2025-12-10T19:41:30.804462+00:00
2524,1765395690.8253381,2025-12-10T19:41:30.825339+00:00
2525,1765395690.845001,2025-12-10T19:41:30.845016+00:00
2526,1765395690.8658938,2025-12-10T19:41:30.865899+00:00
2527,1765395690.886782,2025-12-10T19:41:30.886784+00:00
2528,1765395690.907706,2025-12-10T19:41:30.907707+00:00
2529,1765395690.9285681,2025-12-10T19:41:30.928573+00:00
2530,1765395690.949455,2025-12-10T19:41:30.949457+00:00
2531,1765395690.970321,2025-12-10T19:41:30.970323+00:00
2532,1765395690.991173,2025-12-10T19:41:30.991176+00:00
2533,1765395691.0082839,2025-12-10T19:41:31.008285+00:00
2534,1765395691.029093,2025-12-10T19:41:31.029096+00:00
2535,1765395691.048262,2025-12-10T19:41:31.048267+00:00
2536,1765395691.065274,2025-12-10T19:41:31.065276+00:00
2537,1765395691.082648,2025-12-10T19:41:31.082653+00:00
2538,1765395691.1035368,2025-12-10T19:41:31.103539+00:00
2539,1765395691.122466,2025-12-10T19:41:31.122469+00:00
2540,1765395691.14336,2025-12-10T19:41:31.143361+00:00
2541,1765395691.1642308,2025-12-10T19:41:31.164236+00:00
2542,1765395691.182283,2025-12-10T19:41:31.182285+00:00
2543,1765395691.201378,2025-12-10T19:41:31.201380+00:00
2544,1765395691.219449,2025-12-10T19:41:31.219451+00:00
2545,1765395691.240314,2025-12-10T19:41:31.240315+00:00
2546,1765395691.2611651,2025-12-10T19:41:31.261166+00:00
2547,1765395691.282024,2025-12-10T19:41:31.282026+00:00
2548,1765395691.300475,2025-12-10T19:41:31.300475+00:00
2549,1765395691.321333,2025-12-10T19:41:31.321336+00:00
2550,1765395691.3422022,2025-12-10T19:41:31.342203+00:00
2551,1765395691.363062,2025-12-10T19:41:31.363063+00:00
2552,1765395691.383162,2025-12-10T19:41:31.383165+00:00
2553,1765395691.404043,2025-12-10T19:41:31.404046+00:00
2554,1765395691.424578,2025-12-10T19:41:31.424580+00:00
2555,1765395691.445396,2025-12-10T19:41:31.445397+00:00
2556,1765395691.462156,2025-12-10T19:41:31.462159+00:00
2557,1765395691.481334,2025-12-10T19:41:31.481337+00:00
2558,1765395691.4981,2025-12-10T19:41:31.498105+00:00
2559,1765395691.518804,2025-12-10T19:41:31.518809+00:00
2560,1765395691.53717,2025-12-10T19:41:31.537175+00:00
2561,1765395691.5580668,2025-12-10T19:41:31.558072+00:00
2562,1765395691.5779352,2025-12-10T19:41:31.577937+00:00
2563,1765395691.5954251,2025-12-10T19:41:31.595430+00:00
2564,1765395691.6129448,2025-12-10T19:41:31.612949+00:00
2565,1765395691.631757,2025-12-10T19:41:31.631758+00:00
2566,1765395691.6514292,2025-12-10T19:41:31.651433+00:00
2567,1765395691.670294,2025-12-10T19:41:31.670297+00:00
2568,1765395691.6911209,2025-12-10T19:41:31.691122+00:00
2569,1765395691.7119858,2025-12-10T19:41:31.711987+00:00
2570,1765395691.7326562,2025-12-10T19:41:31.732661+00:00
2571,1765395691.7528589,2025-12-10T19:41:31.752861+00:00
2572,1765395691.7737489,2025-12-10T19:41:31.773751+00:00
2573,1765395691.794611,2025-12-10T19:41:31.794612+00:00
2574,1765395691.811483,2025-12-10T19:41:31.811486+00:00
2575,1765395691.828554,2025-12-10T19:41:31.828577+00:00
2576,1765395691.849469,2025-12-10T19:41:31.849470+00:00
2577,1765395691.869597,2025-12-10T19:41:31.869598+00:00
2578,1765395691.8871198,2025-12-10T19:41:31.887121+00:00
2579,1765395691.907975,2025-12-10T19:41:31.907978+00:00
2580,1765395691.928643,2025-12-10T19:41:31.928644+00:00
2581,1765395691.949504,2025-12-10T19:41:31.949506+00:00
2582,1765395691.9702458,2025-12-10T19:41:31.970249+00:00
2583,1765395691.9880729,2025-12-10T19:41:31.988074+00:00
2584,1765395692.0079942,2025-12-10T19:41:32.008000+00:00
2585,1765395692.028008,2025-12-10T19:41:32.028009+00:00
2586,1765395692.045346,2025-12-10T19:41:32.045354+00:00
2587,1765395692.066249,2025-12-10T19:41:32.066250+00:00
2588,1765395692.0839481,2025-12-10T19:41:32.083949+00:00
2589,1765395692.104813,2025-12-10T19:41:32.104816+00:00
2590,1765395692.125694,2025-12-10T19:41:32.125695+00:00
2591,1765395692.1440918,2025-12-10T19:41:32.144093+00:00
2592,1765395692.164978,2025-12-10T19:41:32.164979+00:00
2593,1765395692.18538,2025-12-10T19:41:32.185381+00:00
2594,1765395692.2062411,2025-12-10T19:41:32.206243+00:00
2595,1765395692.223247,2025-12-10T19:41:32.223251+00:00
2596,1765395692.243053,2025-12-10T19:41:32.243054+00:00
2597,1765395692.263925,2025-12-10T19:41:32.263928+00:00
2598,1765395692.284798,2025-12-10T19:41:32.284800+00:00
2599,1765395692.303582,2025-12-10T19:41:32.303584+00:00
2600,1765395692.324458,2025-12-10T19:41:32.324462+00:00
2601,1765395692.341378,2025-12-10T19:41:32.341383+00:00
2602,1765395692.3622699,2025-12-10T19:41:32.362278+00:00
2603,1765395692.383132,2025-12-10T19:41:32.383133+00:00
2604,1765395692.401424,2025-12-10T19:41:32.401427+00:00
2605,1765395692.4223099,2025-12-10T19:41:32.422311+00:00
2606,1765395692.4431858,2025-12-10T19:41:32.443191+00:00
2607,1765395692.462074,2025-12-10T19:41:32.462078+00:00
2608,1765395692.482953,2025-12-10T19:41:32.482955+00:00
2609,1765395692.5004659,2025-12-10T19:41:32.500470+00:00
2610,1765395692.520213,2025-12-10T19:41:32.520216+00:00
2611,1765395692.5402749,2025-12-10T19:41:32.540282+00:00
2612,1765395692.5610251,2025-12-10T19:41:32.561029+00:00
2613,1765395692.581942,2025-12-10T19:41:32.581945+00:00
2614,1765395692.602817,2025-12-10T19:41:32.602818+00:00
2615,1765395692.623677,2025-12-10T19:41:32.623679+00:00
2616,1765395692.644545,2025-12-10T19:41:32.644545+00:00
2617,1765395692.6653938,2025-12-10T19:41:32.665395+00:00
2618,1765395692.6862452,2025-12-10T19:41:32.686248+00:00
2619,1765395692.7066538,2025-12-10T19:41:32.706657+00:00
2620,1765395692.727551,2025-12-10T19:41:32.727556+00:00
2621,1765395692.745642,2025-12-10T19:41:32.745647+00:00
2622,1765395692.766568,2025-12-10T19:41:32.766571+00:00
2623,1765395692.7863228,2025-12-10T19:41:32.786326+00:00
2624,1765395692.807206,2025-12-10T19:41:32.807207+00:00
2625,1765395692.8280818,2025-12-10T19:41:32.828084+00:00
2626,1765395692.8489559,2025-12-10T19:41:32.848958+00:00
2627,1765395692.866105,2025-12-10T19:41:32.866107+00:00
2628,1765395692.883732,2025-12-10T19:41:32.883738+00:00
2629,1765395692.9007978,2025-12-10T19:41:32.900903+00:00
2630,1765395692.91972,2025-12-10T19:41:32.919726+00:00
2631,1765395692.9369211,2025-12-10T19:41:32.936923+00:00
2632,1765395692.95725,2025-12-10T19:41:32.957253+00:00
2633,1765395692.976036,2025-12-10T19:41:32.976040+00:00
2634,1765395692.996924,2025-12-10T19:41:32.996928+00:00
2635,1765395693.017802,2025-12-10T19:41:33.017804+00:00
2636,1765395693.0386739,2025-12-10T19:41:33.038680+00:00
2637,1765395693.05863,2025-12-10T19:41:33.058639+00:00
2638,1765395693.077236,2025-12-10T19:41:33.077239+00:00
2639,1765395693.097934,2025-12-10T19:41:33.097937+00:00
2640,1765395693.1188211,2025-12-10T19:41:33.118823+00:00
2641,1765395693.1396768,2025-12-10T19:41:33.139679+00:00
2642,1765395693.15669,2025-12-10T19:41:33.156695+00:00
2643,1765395693.176384,2025-12-10T19:41:33.176385+00:00
2644,1765395693.194963,2025-12-10T19:41:33.194963+00:00
2645,1765395693.2117481,2025-12-10T19:41:33.211750+00:00
2646,1765395693.231231,2025-12-10T19:41:33.231232+00:00
2647,1765395693.24829,2025-12-10T19:41:33.248293+00:00
2648,1765395693.269024,2025-12-10T19:41:33.269030+00:00
2649,1765395693.288107,2025-12-10T19:41:33.288118+00:00
2650,1765395693.306348,2025-12-10T19:41:33.306350+00:00
2651,1765395693.327206,2025-12-10T19:41:33.327208+00:00
2652,1765395693.344515,2025-12-10T19:41:33.344516+00:00
2653,1765395693.365382,2025-12-10T19:41:33.365385+00:00
2654,1765395693.386257,2025-12-10T19:41:33.386257+00:00
2655,1765395693.407116,2025-12-10T19:41:33.407119+00:00
2656,1765395693.425677,2025-12-10T19:41:33.425680+00:00
2657,1765395693.44477,2025-12-10T19:41:33.444773+00:00
2658,1765395693.4644291,2025-12-10T19:41:33.464430+00:00
2659,1765395693.485291,2025-12-10T19:41:33.485292+00:00
2660,1765395693.503492,2025-12-10T19:41:33.503498+00:00
2661,1765395693.5243719,2025-12-10T19:41:33.524375+00:00
2662,1765395693.545246,2025-12-10T19:41:33.545251+00:00
2663,1765395693.565087,2025-12-10T19:41:33.565092+00:00
2664,1765395693.585968,2025-12-10T19:41:33.585970+00:00
2665,1765395693.606827,2025-12-10T19:41:33.606830+00:00
2666,1765395693.6263921,2025-12-10T19:41:33.626394+00:00
2667,1765395693.647282,2025-12-10T19:41:33.647283+00:00
2668,1765395693.6680691,2025-12-10T19:41:33.668072+00:00
2669,1765395693.688941,2025-12-10T19:41:33.688941+00:00
2670,1765395693.709743,2025-12-10T19:41:33.709750+00:00
2671,1765395693.7276568,2025-12-10T19:41:33.727658+00:00
2672,1765395693.744404,2025-12-10T19:41:33.744405+00:00
2673,1765395693.7652721,2025-12-10T19:41:33.765276+00:00
2674,1765395693.783849,2025-12-10T19:41:33.783852+00:00
2675,1765395693.802953,2025-12-10T19:41:33.802953+00:00
2676,1765395693.8238132,2025-12-10T19:41:33.823816+00:00
2677,1765395693.844704,2025-12-10T19:41:33.844705+00:00
2678,1765395693.865558,2025-12-10T19:41:33.865561+00:00
2679,1765395693.885513,2025-12-10T19:41:33.885515+00:00
2680,1765395693.904929,2025-12-10T19:41:33.904934+00:00
2681,1765395693.925817,2025-12-10T19:41:33.925821+00:00
2682,1765395693.942963,2025-12-10T19:41:33.942966+00:00
2683,1765395693.961432,2025-12-10T19:41:33.961493+00:00
2684,1765395693.982356,2025-12-10T19:41:33.982357+00:00
2685,1765395693.999997,2025-12-10T19:41:34.000002+00:00
2686,1765395694.019039,2025-12-10T19:41:34.019044+00:00
2687,1765395694.039932,2025-12-10T19:41:34.039936+00:00
2688,1765395694.060821,2025-12-10T19:41:34.060824+00:00
2689,1765395694.0817049,2025-12-10T19:41:34.081708+00:00
2690,1765395694.1009972,2025-12-10T19:41:34.101002+00:00
2691,1765395694.121292,2025-12-10T19:41:34.121295+00:00
2692,1765395694.1399932,2025-12-10T19:41:34.139994+00:00
2693,1765395694.160504,2025-12-10T19:41:34.160506+00:00
2694,1765395694.181372,2025-12-10T19:41:34.181374+00:00
2695,1765395694.1983612,2025-12-10T19:41:34.198363+00:00
2696,1765395694.217613,2025-12-10T19:41:34.217613+00:00
2697,1765395694.2348979,2025-12-10T19:41:34.234899+00:00
2698,1765395694.252556,2025-12-10T19:41:34.252557+00:00
2699,1765395694.273408,2025-12-10T19:41:34.273411+00:00
2700,1765395694.294293,2025-12-10T19:41:34.294294+00:00
2701,1765395694.314812,2025-12-10T19:41:34.314813+00:00
2702,1765395694.3356779,2025-12-10T19:41:34.335697+00:00
2703,1765395694.356582,2025-12-10T19:41:34.356585+00:00
2704,1765395694.377478,2025-12-10T19:41:34.377481+00:00
2705,1765395694.398358,2025-12-10T19:41:34.398358+00:00
2706,1765395694.419214,2025-12-10T19:41:34.419215+00:00
2707,1765395694.437827,2025-12-10T19:41:34.437829+00:00
2708,1765395694.4587069,2025-12-10T19:41:34.458708+00:00
2709,1765395694.477555,2025-12-10T19:41:34.477555+00:00
2710,1765395694.4970071,2025-12-10T19:41:34.497007+00:00
2711,1765395694.517872,2025-12-10T19:41:34.517878+00:00
2712,1765395694.536156,2025-12-10T19:41:34.536168+00:00
2713,1765395694.557048,2025-12-10T19:41:34.557053+00:00
2714,1765395694.5738182,2025-12-10T19:41:34.573820+00:00
2715,1765395694.5946949,2025-12-10T19:41:34.594700+00:00
2716,1765395694.613687,2025-12-10T19:41:34.613691+00:00
2717,1765395694.634608,2025-12-10T19:41:34.634611+00:00
2718,1765395694.651409,2025-12-10T19:41:34.651412+00:00
2719,1765395694.67228,2025-12-10T19:41:34.672281+00:00
2720,1765395694.693059,2025-12-10T19:41:34.693060+00:00
2721,1765395694.713919,2025-12-10T19:41:34.713923+00:00
2722,1765395694.7334201,2025-12-10T19:41:34.733421+00:00
2723,1765395694.752274,2025-12-10T19:41:34.752275+00:00
2724,1765395694.773152,2025-12-10T19:41:34.773161+00:00
2725,1765395694.794066,2025-12-10T19:41:34.794070+00:00
2726,1765395694.8108459,2025-12-10T19:41:34.810848+00:00
2727,1765395694.831723,2025-12-10T19:41:34.831724+00:00
2728,1765395694.852584,2025-12-10T19:41:34.852587+00:00
2729,1765395694.872446,2025-12-10T19:41:34.872453+00:00
2730,1765395694.8908758,2025-12-10T19:41:34.890878+00:00
2731,1765395694.911731,2025-12-10T19:41:34.911732+00:00
2732,1765395694.932579,2025-12-10T19:41:34.932580+00:00
2733,1765395694.9534311,2025-12-10T19:41:34.953431+00:00
2734,1765395694.974286,2025-12-10T19:41:34.974290+00:00
2735,1765395694.995081,2025-12-10T19:41:34.995083+00:00
2736,1765395695.013694,2025-12-10T19:41:35.013696+00:00
2737,1765395695.03456,2025-12-10T19:41:35.034563+00:00
2738,1765395695.05373,2025-12-10T19:41:35.053736+00:00
2739,1765395695.074641,2025-12-10T19:41:35.074643+00:00
2740,1765395695.092546,2025-12-10T19:41:35.092549+00:00
2741,1765395695.1134248,2025-12-10T19:41:35.113427+00:00
2742,1765395695.134304,2025-12-10T19:41:35.134305+00:00
2743,1765395695.151401,2025-12-10T19:41:35.151406+00:00
2744,1765395695.1681888,2025-12-10T19:41:35.168190+00:00
2745,1765395695.189041,2025-12-10T19:41:35.189043+00:00
2746,1765395695.2099042,2025-12-10T19:41:35.209906+00:00
2747,1765395695.230755,2025-12-10T19:41:35.230755+00:00
2748,1765395695.2515981,2025-12-10T19:41:35.251599+00:00
2749,1765395695.27246,2025-12-10T19:41:35.272464+00:00
2750,1765395695.291935,2025-12-10T19:41:35.291938+00:00
2751,1765395695.3128629,2025-12-10T19:41:35.312864+00:00
2752,1765395695.333709,2025-12-10T19:41:35.333709+00:00
2753,1765395695.3546271,2025-12-10T19:41:35.354633+00:00
2754,1765395695.375516,2025-12-10T19:41:35.375517+00:00
2755,1765395695.3963819,2025-12-10T19:41:35.396383+00:00
2756,1765395695.417244,2025-12-10T19:41:35.417248+00:00
2757,1765395695.434178,2025-12-10T19:41:35.434180+00:00
2758,1765395695.453407,2025-12-10T19:41:35.453409+00:00
2759,1765395695.474305,2025-12-10T19:41:35.474306+00:00
2760,1765395695.4925718,2025-12-10T19:41:35.492577+00:00
2761,1765395695.5127392,2025-12-10T19:41:35.512742+00:00
2762,1765395695.532299,2025-12-10T19:41:35.532313+00:00
2763,1765395695.553215,2025-12-10T19:41:35.553220+00:00
2764,1765395695.574094,2025-12-10T19:41:35.574097+00:00
2765,1765395695.594953,2025-12-10T19:41:35.594956+00:00
2766,1765395695.615813,2025-12-10T19:41:35.615814+00:00
2767,1765395695.634752,2025-12-10T19:41:35.634755+00:00
2768,1765395695.6537678,2025-12-10T19:41:35.653770+00:00
2769,1765395695.674624,2025-12-10T19:41:35.674624+00:00
2770,1765395695.69486,2025-12-10T19:41:35.694861+00:00
2771,1765395695.71185,2025-12-10T19:41:35.711852+00:00
2772,1765395695.732734,2025-12-10T19:41:35.732738+00:00
2773,1765395695.752712,2025-12-10T19:41:35.752714+00:00
2774,1765395695.769792,2025-12-10T19:41:35.769796+00:00
2775,1765395695.790093,2025-12-10T19:41:35.790094+00:00
2776,1765395695.810955,2025-12-10T19:41:35.810957+00:00
2777,1765395695.8280551,2025-12-10T19:41:35.828060+00:00
2778,1765395695.848939,2025-12-10T19:41:35.848942+00:00
2779,1765395695.869832,2025-12-10T19:41:35.869838+00:00
2780,1765395695.889209,2025-12-10T19:41:35.889213+00:00
2781,1765395695.909902,2025-12-10T19:41:35.909903+00:00
2782,1765395695.9307818,2025-12-10T19:41:35.930788+00:00
2783,1765395695.949137,2025-12-10T19:41:35.949139+00:00
2784,1765395695.970006,2025-12-10T19:41:35.970008+00:00
2785,1765395695.990867,2025-12-10T19:41:35.990868+00:00
2786,1765395696.009805,2025-12-10T19:41:36.009808+00:00
2787,1765395696.0306659,2025-12-10T19:41:36.030667+00:00
2788,1765395696.0514219,2025-12-10T19:41:36.051425+00:00
2789,1765395696.069241,2025-12-10T19:41:36.069246+00:00
2790,1765395696.090154,2025-12-10T19:41:36.090161+00:00
2791,1765395696.109749,2025-12-10T19:41:36.109751+00:00
2792,1765395696.127224,2025-12-10T19:41:36.127225+00:00
2793,1765395696.148083,2025-12-10T19:41:36.148084+00:00
2794,1765395696.1680782,2025-12-10T19:41:36.168079+00:00
2795,1765395696.185778,2025-12-10T19:41:36.185779+00:00
2796,1765395696.206641,2025-12-10T19:41:36.206642+00:00
2797,1765395696.226499,2025-12-10T19:41:36.226502+00:00
2798,1765395696.244332,2025-12-10T19:41:36.244335+00:00
2799,1765395696.264022,2025-12-10T19:41:36.264024+00:00
2800,1765395696.281465,2025-12-10T19:41:36.281468+00:00
2801,1765395696.300511,2025-12-10T19:41:36.300515+00:00
2802,1765395696.319422,2025-12-10T19:41:36.319423+00:00
2803,1765395696.336326,2025-12-10T19:41:36.336332+00:00
2804,1765395696.357238,2025-12-10T19:41:36.357243+00:00
2805,1765395696.376477,2025-12-10T19:41:36.376483+00:00
2806,1765395696.397405,2025-12-10T19:41:36.397410+00:00
2807,1765395696.418305,2025-12-10T19:41:36.418307+00:00
2808,1765395696.437136,2025-12-10T19:41:36.437138+00:00
2809,1765395696.458001,2025-12-10T19:41:36.458003+00:00
2810,1765395696.475368,2025-12-10T19:41:36.475374+00:00
2811,1765395696.496286,2025-12-10T19:41:36.496293+00:00
2812,1765395696.517193,2025-12-10T19:41:36.517202+00:00
2813,1765395696.5366552,2025-12-10T19:41:36.536671+00:00
2814,1765395696.5546649,2025-12-10T19:41:36.554667+00:00
2815,1765395696.575522,2025-12-10T19:41:36.575524+00:00
2816,1765395696.5956721,2025-12-10T19:41:36.595673+00:00
2817,1765395696.616534,2025-12-10T19:41:36.616535+00:00
2818,1765395696.637401,2025-12-10T19:41:36.637406+00:00
2819,1765395696.658313,2025-12-10T19:41:36.658316+00:00
2820,1765395696.677084,2025-12-10T19:41:36.677088+00:00
2821,1765395696.6968992,2025-12-10T19:41:36.696901+00:00
2822,1765395696.7170691,2025-12-10T19:41:36.717070+00:00
2823,1765395696.735959,2025-12-10T19:41:36.735962+00:00
2824,1765395696.756843,2025-12-10T19:41:36.756845+00:00
2825,1765395696.774403,2025-12-10T19:41:36.774408+00:00
2826,1765395696.794514,2025-12-10T19:41:36.794516+00:00
2827,1765395696.815399,2025-12-10T19:41:36.815404+00:00
2828,1765395696.833204,2025-12-10T19:41:36.833207+00:00
2829,1765395696.854093,2025-12-10T19:41:36.854097+00:00
2830,1765395696.874431,2025-12-10T19:41:36.874434+00:00
2831,1765395696.8969102,2025-12-10T19:41:36.896914+00:00
2832,1765395696.9375832,2025-12-10T19:41:36.938560+00:00
2833,1765395696.963447,2025-12-10T19:41:36.963453+00:00
2834,1765395696.9817889,2025-12-10T19:41:36.981796+00:00
2835,1765395697.002739,2025-12-10T19:41:37.002746+00:00
2836,1765395697.023249,2025-12-10T19:41:37.023252+00:00
2837,1765395697.0441222,2025-12-10T19:41:37.044127+00:00
2838,1765395697.063515,2025-12-10T19:41:37.063522+00:00
2839,1765395697.0810628,2025-12-10T19:41:37.081065+00:00
2840,1765395697.101922,2025-12-10T19:41:37.101926+00:00
2841,1765395697.12121,2025-12-10T19:41:37.121211+00:00
2842,1765395697.140525,2025-12-10T19:41:37.140528+00:00
2843,1765395697.16066,2025-12-10T19:41:37.160662+00:00
2844,1765395697.178133,2025-12-10T19:41:37.178133+00:00
2845,1765395697.198129,2025-12-10T19:41:37.198130+00:00
2846,1765395697.2181041,2025-12-10T19:41:37.218109+00:00
2847,1765395697.237189,2025-12-10T19:41:37.237190+00:00
2848,1765395697.25804,2025-12-10T19:41:37.258042+00:00
2849,1765395697.2777228,2025-12-10T19:41:37.277726+00:00
2850,1765395697.295926,2025-12-10T19:41:37.295928+00:00
2851,1765395697.315383,2025-12-10T19:41:37.315386+00:00
2852,1765395697.336402,2025-12-10T19:41:37.336403+00:00
2853,1765395697.357257,2025-12-10T19:41:37.357259+00:00
2854,1765395697.37813,2025-12-10T19:41:37.378133+00:00
2855,1765395697.398995,2025-12-10T19:41:37.398996+00:00
2856,1765395697.417156,2025-12-10T19:41:37.417156+00:00
2857,1765395697.43661,2025-12-10T19:41:37.436612+00:00
2858,1765395697.457474,2025-12-10T19:41:37.457475+00:00
2859,1765395697.4748569,2025-12-10T19:41:37.474859+00:00
2860,1765395697.493234,2025-12-10T19:41:37.493235+00:00
2861,1765395697.512681,2025-12-10T19:41:37.512682+00:00
2862,1765395697.531861,2025-12-10T19:41:37.531863+00:00
2863,1765395697.551359,2025-12-10T19:41:37.551362+00:00
2864,1765395697.571715,2025-12-10T19:41:37.571720+00:00
2865,1765395697.589121,2025-12-10T19:41:37.589124+00:00
2866,1765395697.6069388,2025-12-10T19:41:37.606941+00:00
2867,1765395697.627809,2025-12-10T19:41:37.627811+00:00
2868,1765395697.647676,2025-12-10T19:41:37.647678+00:00
2869,1765395697.665795,2025-12-10T19:41:37.665797+00:00
2870,1765395697.684085,2025-12-10T19:41:37.684088+00:00
2871,1765395697.704968,2025-12-10T19:41:37.704973+00:00
2872,1765395697.722431,2025-12-10T19:41:37.722432+00:00
2873,1765395697.743297,2025-12-10T19:41:37.743301+00:00
2874,1765395697.7606962,2025-12-10T19:41:37.760698+00:00
2875,1765395697.7815602,2025-12-10T19:41:37.781561+00:00
2876,1765395697.799362,2025-12-10T19:41:37.799363+00:00
2877,1765395697.817875,2025-12-10T19:41:37.817875+00:00
2878,1765395697.838735,2025-12-10T19:41:37.838738+00:00
2879,1765395697.856826,2025-12-10T19:41:37.856827+00:00
2880,1765395697.876801,2025-12-10T19:41:37.876806+00:00
2881,1765395697.897714,2025-12-10T19:41:37.897717+00:00
2882,1765395697.917206,2025-12-10T19:41:37.917211+00:00
2883,1765395697.937614,2025-12-10T19:41:37.937619+00:00
2884,1765395697.9585211,2025-12-10T19:41:37.958525+00:00
2885,1765395697.979399,2025-12-10T19:41:37.979400+00:00
2886,1765395698.000248,2025-12-10T19:41:38.000249+00:00
2887,1765395698.0191529,2025-12-10T19:41:38.019156+00:00
2888,1765395698.0400178,2025-12-10T19:41:38.040020+00:00
2889,1765395698.059904,2025-12-10T19:41:38.059906+00:00
2890,1765395698.080767,2025-12-10T19:41:38.080768+00:00
2891,1765395698.101449,2025-12-10T19:41:38.101450+00:00
2892,1765395698.122315,2025-12-10T19:41:38.122317+00:00
2893,1765395698.143103,2025-12-10T19:41:38.143105+00:00
2894,1765395698.1606028,2025-12-10T19:41:38.160603+00:00
2895,1765395698.1815438,2025-12-10T19:41:38.181544+00:00
2896,1765395698.2014341,2025-12-10T19:41:38.201435+00:00
2897,1765395698.219239,2025-12-10T19:41:38.219241+00:00
2898,1765395698.238865,2025-12-10T19:41:38.238868+00:00
2899,1765395698.259739,2025-12-10T19:41:38.259740+00:00
2900,1765395698.280607,2025-12-10T19:41:38.280613+00:00
2901,1765395698.299547,2025-12-10T19:41:38.299548+00:00
2902,1765395698.3192399,2025-12-10T19:41:38.319241+00:00
2903,1765395698.336014,2025-12-10T19:41:38.336015+00:00
2904,1765395698.3527172,2025-12-10T19:41:38.352717+00:00
2905,1765395698.3694458,2025-12-10T19:41:38.369447+00:00
2906,1765395698.389156,2025-12-10T19:41:38.389162+00:00
2907,1765395698.41007,2025-12-10T19:41:38.410071+00:00
2908,1765395698.4309278,2025-12-10T19:41:38.430929+00:00
2909,1765395698.451782,2025-12-10T19:41:38.451786+00:00
2910,1765395698.472682,2025-12-10T19:41:38.472684+00:00
2911,1765395698.489516,2025-12-10T19:41:38.489520+00:00
2912,1765395698.510433,2025-12-10T19:41:38.510435+00:00
2913,1765395698.531306,2025-12-10T19:41:38.531309+00:00
2914,1765395698.551462,2025-12-10T19:41:38.551465+00:00
2915,1765395698.569234,2025-12-10T19:41:38.569236+00:00
2916,1765395698.590105,2025-12-10T19:41:38.590106+00:00
2917,1765395698.608129,2025-12-10T19:41:38.608131+00:00
2918,1765395698.629005,2025-12-10T19:41:38.629007+00:00
2919,1765395698.649856,2025-12-10T19:41:38.649857+00:00
2920,1765395698.6691499,2025-12-10T19:41:38.669153+00:00
2921,1765395698.68866,2025-12-10T19:41:38.688661+00:00
2922,1765395698.709253,2025-12-10T19:41:38.709258+00:00
2923,1765395698.728906,2025-12-10T19:41:38.728907+00:00
2924,1765395698.749752,2025-12-10T19:41:38.749753+00:00
2925,1765395698.7697449,2025-12-10T19:41:38.769746+00:00
2926,1765395698.7905998,2025-12-10T19:41:38.790601+00:00
2927,1765395698.811465,2025-12-10T19:41:38.811469+00:00
2928,1765395698.829206,2025-12-10T19:41:38.829207+00:00
2929,1765395698.850053,2025-12-10T19:41:38.850055+00:00
2930,1765395698.869975,2025-12-10T19:41:38.869977+00:00
2931,1765395698.890707,2025-12-10T19:41:38.890707+00:00
2932,1765395698.9115572,2025-12-10T19:41:38.911558+00:00
2933,1765395698.931366,2025-12-10T19:41:38.931366+00:00
2934,1765395698.95221,2025-12-10T19:41:38.952211+00:00
2935,1765395698.97155,2025-12-10T19:41:38.971554+00:00
2936,1765395698.989816,2025-12-10T19:41:38.989817+00:00
2937,1765395699.0106728,2025-12-10T19:41:39.010675+00:00
2938,1765395699.028925,2025-12-10T19:41:39.028929+00:00
2939,1765395699.049797,2025-12-10T19:41:39.049800+00:00
2940,1765395699.070666,2025-12-10T19:41:39.070679+00:00
2941,1765395699.0915241,2025-12-10T19:41:39.091528+00:00
2942,1765395699.1098912,2025-12-10T19:41:39.109896+00:00
2943,1765395699.130969,2025-12-10T19:41:39.130972+00:00
2944,1765395699.151836,2025-12-10T19:41:39.151838+00:00
2945,1765395699.170718,2025-12-10T19:41:39.170720+00:00
2946,1765395699.1890838,2025-12-10T19:41:39.189085+00:00
2947,1765395699.20994,2025-12-10T19:41:39.209941+00:00
2948,1765395699.229275,2025-12-10T19:41:39.229278+00:00
2949,1765395699.248127,2025-12-10T19:41:39.248128+00:00
2950,1765395699.268383,2025-12-10T19:41:39.268387+00:00
2951,1765395699.2857778,2025-12-10T19:41:39.285779+00:00
2952,1765395699.3066409,2025-12-10T19:41:39.306645+00:00
2953,1765395699.323562,2025-12-10T19:41:39.323563+00:00
2954,1765395699.3444102,2025-12-10T19:41:39.344410+00:00
2955,1765395699.364628,2025-12-10T19:41:39.364630+00:00
2956,1765395699.381564,2025-12-10T19:41:39.381565+00:00
2957,1765395699.40242,2025-12-10T19:41:39.402421+00:00
2958,1765395699.423284,2025-12-10T19:41:39.423284+00:00
2959,1765395699.4441369,2025-12-10T19:41:39.444141+00:00
2960,1765395699.4650712,2025-12-10T19:41:39.465075+00:00
2961,1765395699.481954,2025-12-10T19:41:39.481954+00:00
2962,1765395699.50282,2025-12-10T19:41:39.502823+00:00
2963,1765395699.5218759,2025-12-10T19:41:39.522015+00:00
2964,1765395699.539037,2025-12-10T19:41:39.539046+00:00
2965,1765395699.5599518,2025-12-10T19:41:39.559957+00:00
2966,1765395699.58092,2025-12-10T19:41:39.580925+00:00
2967,1765395699.5983849,2025-12-10T19:41:39.598388+00:00
2968,1765395699.619241,2025-12-10T19:41:39.619242+00:00
2969,1765395699.638956,2025-12-10T19:41:39.638960+00:00
2970,1765395699.6598668,2025-12-10T19:41:39.659870+00:00
2971,1765395699.680744,2025-12-10T19:41:39.680745+00:00
2972,1765395699.701615,2025-12-10T19:41:39.701618+00:00
2973,1765395699.719834,2025-12-10T19:41:39.719835+00:00
2974,1765395699.7389498,2025-12-10T19:41:39.738961+00:00
2975,1765395699.756556,2025-12-10T19:41:39.756558+00:00
2976,1765395699.777434,2025-12-10T19:41:39.777437+00:00
2977,1765395699.798335,2025-12-10T19:41:39.798338+00:00
2978,1765395699.815082,2025-12-10T19:41:39.815083+00:00
2979,1765395699.835947,2025-12-10T19:41:39.835948+00:00
2980,1765395699.8568141,2025-12-10T19:41:39.856815+00:00
2981,1765395699.8776698,2025-12-10T19:41:39.877670+00:00
2982,1765395699.8985229,2025-12-10T19:41:39.898524+00:00
2983,1765395699.919399,2025-12-10T19:41:39.919403+00:00
2984,1765395699.939501,2025-12-10T19:41:39.939504+00:00
2985,1765395699.957373,2025-12-10T19:41:39.957379+00:00
2986,1765395699.977279,2025-12-10T19:41:39.977280+00:00
2987,1765395699.997036,2025-12-10T19:41:39.997040+00:00
2988,1765395700.015883,2025-12-10T19:41:40.015885+00:00
2989,1765395700.035813,2025-12-10T19:41:40.035820+00:00
2990,1765395700.053417,2025-12-10T19:41:40.053423+00:00
2991,1765395700.072916,2025-12-10T19:41:40.072918+00:00
2992,1765395700.0937972,2025-12-10T19:41:40.093801+00:00
2993,1765395700.113955,2025-12-10T19:41:40.113959+00:00
2994,1765395700.131095,2025-12-10T19:41:40.131097+00:00
2995,1765395700.1486669,2025-12-10T19:41:40.148670+00:00
2996,1765395700.169548,2025-12-10T19:41:40.169551+00:00
2997,1765395700.189567,2025-12-10T19:41:40.189570+00:00
2998,1765395700.2085278,2025-12-10T19:41:40.208529+00:00
2999,1765395700.228153,2025-12-10T19:41:40.228153+00:00
3000,1765395700.2451599,2025-12-10T19:41:40.245164+00:00
3001,1765395700.264637,2025-12-10T19:41:40.264641+00:00
3002,1765395700.2855208,2025-12-10T19:41:40.285522+00:00
3003,1765395700.303103,2025-12-10T19:41:40.303108+00:00
3004,1765395700.324022,2025-12-10T19:41:40.324024+00:00
3005,1765395700.344914,2025-12-10T19:41:40.344918+00:00
3006,1765395700.36331,2025-12-10T19:41:40.363312+00:00
3007,1765395700.384181,2025-12-10T19:41:40.384186+00:00
3008,1765395700.405192,2025-12-10T19:41:40.405194+00:00
3009,1765395700.424767,2025-12-10T19:41:40.424769+00:00
3010,1765395700.4434528,2025-12-10T19:41:40.443456+00:00
3011,1765395700.4617238,2025-12-10T19:41:40.461727+00:00
3012,1765395700.478591,2025-12-10T19:41:40.478595+00:00
3013,1765395700.4994738,2025-12-10T19:41:40.499475+00:00
3014,1765395700.5166988,2025-12-10T19:41:40.516701+00:00
3015,1765395700.5375822,2025-12-10T19:41:40.537586+00:00
3016,1765395700.555629,2025-12-10T19:41:40.555631+00:00
3017,1765395700.5764868,2025-12-10T19:41:40.576489+00:00
3018,1765395700.596721,2025-12-10T19:41:40.596723+00:00
3019,1765395700.614283,2025-12-10T19:41:40.614285+00:00
3020,1765395700.632134,2025-12-10T19:41:40.632135+00:00
3021,1765395700.648881,2025-12-10T19:41:40.648885+00:00
3022,1765395700.669769,2025-12-10T19:41:40.669771+00:00
3023,1765395700.690648,2025-12-10T19:41:40.690650+00:00
3024,1765395700.711531,2025-12-10T19:41:40.711533+00:00
3025,1765395700.730131,2025-12-10T19:41:40.730132+00:00
3026,1765395700.750988,2025-12-10T19:41:40.750992+00:00
3027,1765395700.7696462,2025-12-10T19:41:40.769648+00:00
3028,1765395700.79052,2025-12-10T19:41:40.790522+00:00
3029,1765395700.8078961,2025-12-10T19:41:40.807899+00:00
3030,1765395700.828764,2025-12-10T19:41:40.828765+00:00
3031,1765395700.849626,2025-12-10T19:41:40.849627+00:00
3032,1765395700.870481,2025-12-10T19:41:40.870482+00:00
3033,1765395700.89134,2025-12-10T19:41:40.891340+00:00
3034,1765395700.912184,2025-12-10T19:41:40.912184+00:00
3035,1765395700.932068,2025-12-10T19:41:40.932070+00:00
3036,1765395700.950058,2025-12-10T19:41:40.950058+00:00
3037,1765395700.966799,2025-12-10T19:41:40.966800+00:00
3038,1765395700.9865038,2025-12-10T19:41:40.986510+00:00
3039,1765395701.007754,2025-12-10T19:41:41.007756+00:00
3040,1765395701.024808,2025-12-10T19:41:41.024810+00:00
3041,1765395701.04569,2025-12-10T19:41:41.045699+00:00
3042,1765395701.0653608,2025-12-10T19:41:41.065362+00:00
3043,1765395701.083665,2025-12-10T19:41:41.083666+00:00
3044,1765395701.104528,2025-12-10T19:41:41.104531+00:00
3045,1765395701.123271,2025-12-10T19:41:41.123275+00:00
3046,1765395701.1441731,2025-12-10T19:41:41.144176+00:00
3047,1765395701.163027,2025-12-10T19:41:41.163027+00:00
3048,1765395701.183873,2025-12-10T19:41:41.183873+00:00
3049,1765395701.2009249,2025-12-10T19:41:41.200927+00:00
3050,1765395701.220942,2025-12-10T19:41:41.220942+00:00
3051,1765395701.2400022,2025-12-10T19:41:41.240003+00:00
3052,1765395701.260864,2025-12-10T19:41:41.260867+00:00
3053,1765395701.281742,2025-12-10T19:41:41.281743+00:00
3054,1765395701.302604,2025-12-10T19:41:41.302608+00:00
3055,1765395701.320866,2025-12-10T19:41:41.320867+00:00
3056,1765395701.339499,2025-12-10T19:41:41.339502+00:00
3057,1765395701.357753,2025-12-10T19:41:41.357754+00:00
3058,1765395701.378627,2025-12-10T19:41:41.378632+00:00
3059,1765395701.3954618,2025-12-10T19:41:41.395464+00:00
3060,1765395701.4163342,2025-12-10T19:41:41.416337+00:00
3061,1765395701.435313,2025-12-10T19:41:41.435315+00:00
3062,1765395701.4558442,2025-12-10T19:41:41.455846+00:00
3063,1765395701.476713,2025-12-10T19:41:41.476717+00:00
3064,1765395701.494959,2025-12-10T19:41:41.494961+00:00
3065,1765395701.515866,2025-12-10T19:41:41.515870+00:00
3066,1765395701.53676,2025-12-10T19:41:41.536764+00:00
3067,1765395701.557643,2025-12-10T19:41:41.557648+00:00
3068,1765395701.578528,2025-12-10T19:41:41.578528+00:00
3069,1765395701.59939,2025-12-10T19:41:41.599393+00:00
3070,1765395701.617203,2025-12-10T19:41:41.617205+00:00
3071,1765395701.637957,2025-12-10T19:41:41.637960+00:00
3072,1765395701.654706,2025-12-10T19:41:41.654710+00:00
3073,1765395701.6729972,2025-12-10T19:41:41.672998+00:00
3074,1765395701.6905851,2025-12-10T19:41:41.690586+00:00
3075,1765395701.707327,2025-12-10T19:41:41.707327+00:00
3076,1765395701.724054,2025-12-10T19:41:41.724054+00:00
3077,1765395701.744906,2025-12-10T19:41:41.744908+00:00
3078,1765395701.765783,2025-12-10T19:41:41.765786+00:00
3079,1765395701.786654,2025-12-10T19:41:41.786654+00:00
3080,1765395701.803356,2025-12-10T19:41:41.803357+00:00
3081,1765395701.824212,2025-12-10T19:41:41.824212+00:00
3082,1765395701.841173,2025-12-10T19:41:41.841179+00:00
3083,1765395701.861481,2025-12-10T19:41:41.861483+00:00
3084,1765395701.882355,2025-12-10T19:41:41.882361+00:00
3085,1765395701.899221,2025-12-10T19:41:41.899222+00:00
3086,1765395701.920067,2025-12-10T19:41:41.920067+00:00
3087,1765395701.938782,2025-12-10T19:41:41.938783+00:00
3088,1765395701.958302,2025-12-10T19:41:41.958308+00:00
3089,1765395701.975126,2025-12-10T19:41:41.975138+00:00
3090,1765395701.996022,2025-12-10T19:41:41.996026+00:00
3091,1765395702.013076,2025-12-10T19:41:42.013081+00:00
3092,1765395702.0339541,2025-12-10T19:41:42.033957+00:00
3093,1765395702.054825,2025-12-10T19:41:42.054828+00:00
3094,1765395702.0756109,2025-12-10T19:41:42.075612+00:00
3095,1765395702.0962791,2025-12-10T19:41:42.096286+00:00
3096,1765395702.1171782,2025-12-10T19:41:42.117182+00:00
3097,1765395702.138048,2025-12-10T19:41:42.138051+00:00
3098,1765395702.155402,2025-12-10T19:41:42.155407+00:00
3099,1765395702.1737752,2025-12-10T19:41:42.173776+00:00
3100,1765395702.191571,2025-12-10T19:41:42.191572+00:00
3101,1765395702.212425,2025-12-10T19:41:42.212426+00:00
3102,1765395702.229134,2025-12-10T19:41:42.229139+00:00
3103,1765395702.247319,2025-12-10T19:41:42.247323+00:00
3104,1765395702.265103,2025-12-10T19:41:42.265104+00:00
3105,1765395702.285957,2025-12-10T19:41:42.285958+00:00
3106,1765395702.3028722,2025-12-10T19:41:42.302875+00:00
3107,1765395702.323667,2025-12-10T19:41:42.323669+00:00
3108,1765395702.344537,2025-12-10T19:41:42.344537+00:00
3109,1765395702.3640409,2025-12-10T19:41:42.364042+00:00
3110,1765395702.384896,2025-12-10T19:41:42.384897+00:00
3111,1765395702.405774,2025-12-10T19:41:42.405779+00:00
3112,1765395702.422737,2025-12-10T19:41:42.422737+00:00
3113,1765395702.440765,2025-12-10T19:41:42.440765+00:00
3114,1765395702.4574988,2025-12-10T19:41:42.457500+00:00
3115,1765395702.4781199,2025-12-10T19:41:42.478122+00:00
3116,1765395702.4990048,2025-12-10T19:41:42.499007+00:00
3117,1765395702.5159118,2025-12-10T19:41:42.515915+00:00
3118,1765395702.536721,2025-12-10T19:41:42.536724+00:00
3119,1765395702.557672,2025-12-10T19:41:42.557675+00:00
3120,1765395702.57855,2025-12-10T19:41:42.578555+00:00
3121,1765395702.597267,2025-12-10T19:41:42.597268+00:00
3122,1765395702.6139772,2025-12-10T19:41:42.613983+00:00
3123,1765395702.634221,2025-12-10T19:41:42.634223+00:00
3124,1765395702.6550798,2025-12-10T19:41:42.655081+00:00
3125,1765395702.673298,2025-12-10T19:41:42.673302+00:00
3126,1765395702.694182,2025-12-10T19:41:42.694183+00:00
3127,1765395702.7110882,2025-12-10T19:41:42.711090+00:00
3128,1765395702.7318132,2025-12-10T19:41:42.731815+00:00
3129,1765395702.748904,2025-12-10T19:41:42.748904+00:00
3130,1765395702.767649,2025-12-10T19:41:42.767650+00:00
3131,1765395702.788512,2025-12-10T19:41:42.788517+00:00
3132,1765395702.8091142,2025-12-10T19:41:42.809117+00:00
3133,1765395702.829983,2025-12-10T19:41:42.829984+00:00
3134,1765395702.850838,2025-12-10T19:41:42.850841+00:00
3135,1765395702.868129,2025-12-10T19:41:42.868135+00:00
3136,1765395702.889048,2025-12-10T19:41:42.889054+00:00
3137,1765395702.9088771,2025-12-10T19:41:42.908881+00:00
3138,1765395702.925884,2025-12-10T19:41:42.925893+00:00
3139,1765395702.9444811,2025-12-10T19:41:42.944485+00:00
3140,1765395702.963938,2025-12-10T19:41:42.963952+00:00
3141,1765395702.981868,2025-12-10T19:41:42.981873+00:00
3142,1765395702.999477,2025-12-10T19:41:42.999485+00:00
3143,1765395703.0175638,2025-12-10T19:41:43.017567+00:00
3144,1765395703.0363789,2025-12-10T19:41:43.036383+00:00
3145,1765395703.055634,2025-12-10T19:41:43.055637+00:00
3146,1765395703.074032,2025-12-10T19:41:43.074050+00:00
3147,1765395703.094924,2025-12-10T19:41:43.094928+00:00
3148,1765395703.113993,2025-12-10T19:41:43.113998+00:00
3149,1765395703.1314418,2025-12-10T19:41:43.131445+00:00
3150,1765395703.152329,2025-12-10T19:41:43.152336+00:00
3151,1765395703.171766,2025-12-10T19:41:43.171772+00:00
3152,1765395703.188976,2025-12-10T19:41:43.188981+00:00
3153,1765395703.2063859,2025-12-10T19:41:43.206390+00:00
3154,1765395703.226136,2025-12-10T19:41:43.226139+00:00
3155,1765395703.247021,2025-12-10T19:41:43.247024+00:00
3156,1765395703.264926,2025-12-10T19:41:43.264928+00:00
3157,1765395703.281936,2025-12-10T19:41:43.281957+00:00
3158,1765395703.30185,2025-12-10T19:41:43.301855+00:00
3159,1765395703.318678,2025-12-10T19:41:43.318685+00:00
3160,1765395703.335841,2025-12-10T19:41:43.335845+00:00
3161,1765395703.356745,2025-12-10T19:41:43.356748+00:00
3162,1765395703.3776262,2025-12-10T19:41:43.377628+00:00
3163,1765395703.3969128,2025-12-10T19:41:43.396916+00:00
3164,1765395703.4177952,2025-12-10T19:41:43.417798+00:00
3165,1765395703.4345322,2025-12-10T19:41:43.434544+00:00
3166,1765395703.455467,2025-12-10T19:41:43.455472+00:00
3167,1765395703.476379,2025-12-10T19:41:43.476383+00:00
3168,1765395703.494424,2025-12-10T19:41:43.494425+00:00
3169,1765395703.515278,2025-12-10T19:41:43.515280+00:00
3170,1765395703.5325902,2025-12-10T19:41:43.532595+00:00
3171,1765395703.55157,2025-12-10T19:41:43.551572+00:00
3172,1765395703.5723362,2025-12-10T19:41:43.572342+00:00
3173,1765395703.592723,2025-12-10T19:41:43.592743+00:00
3174,1765395703.6136692,2025-12-10T19:41:43.613674+00:00
3175,1765395703.6307242,2025-12-10T19:41:43.630728+00:00
3176,1765395703.6516101,2025-12-10T19:41:43.651615+00:00
3177,1765395703.67231,2025-12-10T19:41:43.672314+00:00
3178,1765395703.6891038,2025-12-10T19:41:43.689115+00:00
3179,1765395703.710044,2025-12-10T19:41:43.710049+00:00
3180,1765395703.730645,2025-12-10T19:41:43.730648+00:00
3181,1765395703.75119,2025-12-10T19:41:43.751197+00:00
3182,1765395703.772126,2025-12-10T19:41:43.772129+00:00
3183,1765395703.7921312,2025-12-10T19:41:43.792135+00:00
3184,1765395703.813031,2025-12-10T19:41:43.813036+00:00
3185,1765395703.830644,2025-12-10T19:41:43.830646+00:00
3186,1765395703.8515468,2025-12-10T19:41:43.851549+00:00
3187,1765395703.8724139,2025-12-10T19:41:43.872419+00:00
3188,1765395703.8895428,2025-12-10T19:41:43.889545+00:00
3189,1765395703.910146,2025-12-10T19:41:43.910150+00:00
3190,1765395703.9310431,2025-12-10T19:41:43.931047+00:00
3191,1765395703.951921,2025-12-10T19:41:43.951923+00:00
3192,1765395703.97157,2025-12-10T19:41:43.971574+00:00
3193,1765395703.988411,2025-12-10T19:41:43.988413+00:00
3194,1765395704.00656,2025-12-10T19:41:44.006561+00:00
3195,1765395704.027364,2025-12-10T19:41:44.027367+00:00
3196,1765395704.04739,2025-12-10T19:41:44.047393+00:00
3197,1765395704.0682611,2025-12-10T19:41:44.068265+00:00
3198,1765395704.089173,2025-12-10T19:41:44.089183+00:00
3199,1765395704.1060932,2025-12-10T19:41:44.106097+00:00
3200,1765395704.126653,2025-12-10T19:41:44.126658+00:00
3201,1765395704.14474,2025-12-10T19:41:44.144742+00:00
3202,1765395704.1639948,2025-12-10T19:41:44.163996+00:00
3203,1765395704.181246,2025-12-10T19:41:44.181247+00:00
3204,1765395704.202104,2025-12-10T19:41:44.202106+00:00
3205,1765395704.22298,2025-12-10T19:41:44.222981+00:00
3206,1765395704.2397618,2025-12-10T19:41:44.239764+00:00
3207,1765395704.260631,2025-12-10T19:41:44.260633+00:00
3208,1765395704.281504,2025-12-10T19:41:44.281509+00:00
3209,1765395704.2982771,2025-12-10T19:41:44.298281+00:00
3210,1765395704.319167,2025-12-10T19:41:44.319171+00:00
3211,1765395704.336673,2025-12-10T19:41:44.336676+00:00
3212,1765395704.35677,2025-12-10T19:41:44.356771+00:00
3213,1765395704.3776278,2025-12-10T19:41:44.377629+00:00
3214,1765395704.398489,2025-12-10T19:41:44.398491+00:00
3215,1765395704.4154508,2025-12-10T19:41:44.415455+00:00
3216,1765395704.43633,2025-12-10T19:41:44.436334+00:00
3217,1765395704.457217,2025-12-10T19:41:44.457220+00:00
3218,1765395704.475578,2025-12-10T19:41:44.475585+00:00
3219,1765395704.496491,2025-12-10T19:41:44.496492+00:00
3220,1765395704.515648,2025-12-10T19:41:44.515650+00:00
3221,1765395704.536509,2025-12-10T19:41:44.536512+00:00
3222,1765395704.554333,2025-12-10T19:41:44.554337+00:00
3223,1765395704.5742831,2025-12-10T19:41:44.574285+00:00
3224,1765395704.593291,2025-12-10T19:41:44.593295+00:00
3225,1765395704.6130712,2025-12-10T19:41:44.613076+00:00
3226,1765395704.630042,2025-12-10T19:41:44.630045+00:00
3227,1765395704.650935,2025-12-10T19:41:44.650939+00:00
3228,1765395704.670548,2025-12-10T19:41:44.670553+00:00
3229,1765395704.688237,2025-12-10T19:41:44.688243+00:00
3230,1765395704.709059,2025-12-10T19:41:44.709063+00:00
3231,1765395704.726173,2025-12-10T19:41:44.726178+00:00
3232,1765395704.74634,2025-12-10T19:41:44.746342+00:00
3233,1765395704.7631612,2025-12-10T19:41:44.763162+00:00
3234,1765395704.7840152,2025-12-10T19:41:44.784016+00:00
3235,1765395704.804373,2025-12-10T19:41:44.804377+00:00
3236,1765395704.822508,2025-12-10T19:41:44.822511+00:00
3237,1765395704.8409228,2025-12-10T19:41:44.840923+00:00
3238,1765395704.857878,2025-12-10T19:41:44.857881+00:00
3239,1765395704.878765,2025-12-10T19:41:44.878765+00:00
3240,1765395704.896359,2025-12-10T19:41:44.896365+00:00
3241,1765395704.91396,2025-12-10T19:41:44.913966+00:00
3242,1765395704.932937,2025-12-10T19:41:44.932941+00:00
3243,1765395704.953421,2025-12-10T19:41:44.953422+00:00
3244,1765395704.971811,2025-12-10T19:41:44.971813+00:00
3245,1765395704.98899,2025-12-10T19:41:44.988995+00:00
3246,1765395705.006906,2025-12-10T19:41:45.006912+00:00
3247,1765395705.027785,2025-12-10T19:41:45.027786+00:00
3248,1765395705.048657,2025-12-10T19:41:45.048660+00:00
3249,1765395705.067088,2025-12-10T19:41:45.067094+00:00
3250,1765395705.084082,2025-12-10T19:41:45.084086+00:00
3251,1765395705.103132,2025-12-10T19:41:45.103137+00:00
3252,1765395705.122327,2025-12-10T19:41:45.122333+00:00
3253,1765395705.143038,2025-12-10T19:41:45.143040+00:00
3254,1765395705.1639302,2025-12-10T19:41:45.163938+00:00
3255,1765395705.184829,2025-12-10T19:41:45.184831+00:00
3256,1765395705.20479,2025-12-10T19:41:45.204791+00:00
3257,1765395705.221689,2025-12-10T19:41:45.221691+00:00
3258,1765395705.239004,2025-12-10T19:41:45.239008+00:00
3259,1765395705.257293,2025-12-10T19:41:45.257293+00:00
3260,1765395705.274793,2025-12-10T19:41:45.274795+00:00
3261,1765395705.2956538,2025-12-10T19:41:45.295655+00:00
3262,1765395705.31408,2025-12-10T19:41:45.314083+00:00
3263,1765395705.33293,2025-12-10T19:41:45.332931+00:00
3264,1765395705.353801,2025-12-10T19:41:45.353801+00:00
3265,1765395705.3735921,2025-12-10T19:41:45.373595+00:00
3266,1765395705.3932312,2025-12-10T19:41:45.393232+00:00
3267,1765395705.4103591,2025-12-10T19:41:45.410362+00:00
3268,1765395705.4312372,2025-12-10T19:41:45.431239+00:00
3269,1765395705.45227,2025-12-10T19:41:45.452274+00:00
3270,1765395705.470439,2025-12-10T19:41:45.470448+00:00
3271,1765395705.4888089,2025-12-10T19:41:45.488811+00:00
3272,1765395705.508826,2025-12-10T19:41:45.508829+00:00
3273,1765395705.528815,2025-12-10T19:41:45.528822+00:00
3274,1765395705.549284,2025-12-10T19:41:45.549288+00:00
3275,1765395705.568406,2025-12-10T19:41:45.568409+00:00
3276,1765395705.589002,2025-12-10T19:41:45.589006+00:00
3277,1765395705.606613,2025-12-10T19:41:45.606619+00:00
3278,1765395705.627517,2025-12-10T19:41:45.627520+00:00
3279,1765395705.6484091,2025-12-10T19:41:45.648411+00:00
3280,1765395705.665262,2025-12-10T19:41:45.665268+00:00
3281,1765395705.6861708,2025-12-10T19:41:45.686172+00:00
3282,1765395705.70593,2025-12-10T19:41:45.705932+00:00
3283,1765395705.7242382,2025-12-10T19:41:45.724243+00:00
3284,1765395705.741813,2025-12-10T19:41:45.741814+00:00
3285,1765395705.7626722,2025-12-10T19:41:45.762674+00:00
3286,1765395705.781877,2025-12-10T19:41:45.781879+00:00
3287,1765395705.802763,2025-12-10T19:41:45.802765+00:00
3288,1765395705.8236318,2025-12-10T19:41:45.823633+00:00
3289,1765395705.8436081,2025-12-10T19:41:45.843609+00:00
3290,1765395705.864481,2025-12-10T19:41:45.864482+00:00
3291,1765395705.8853471,2025-12-10T19:41:45.885348+00:00
3292,1765395705.9061959,2025-12-10T19:41:45.906197+00:00
3293,1765395705.9270568,2025-12-10T19:41:45.927059+00:00
3294,1765395705.947909,2025-12-10T19:41:45.947909+00:00
3295,1765395705.968757,2025-12-10T19:41:45.968757+00:00
3296,1765395705.9896169,2025-12-10T19:41:45.989621+00:00
3297,1765395706.010518,2025-12-10T19:41:46.010521+00:00
3298,1765395706.031384,2025-12-10T19:41:46.031388+00:00
3299,1765395706.048901,2025-12-10T19:41:46.048902+00:00
3300,1765395706.065956,2025-12-10T19:41:46.065957+00:00
3301,1765395706.086827,2025-12-10T19:41:46.086833+00:00
3302,1765395706.1077518,2025-12-10T19:41:46.107759+00:00
3303,1765395706.128078,2025-12-10T19:41:46.128079+00:00
3304,1765395706.148583,2025-12-10T19:41:46.148585+00:00
3305,1765395706.1653252,2025-12-10T19:41:46.165331+00:00
3306,1765395706.186228,2025-12-10T19:41:46.186232+00:00
3307,1765395706.204727,2025-12-10T19:41:46.204728+00:00
3308,1765395706.222705,2025-12-10T19:41:46.222706+00:00
3309,1765395706.243562,2025-12-10T19:41:46.243564+00:00
3310,1765395706.2640011,2025-12-10T19:41:46.264001+00:00
3311,1765395706.284856,2025-12-10T19:41:46.284857+00:00
3312,1765395706.3056781,2025-12-10T19:41:46.305679+00:00
3313,1765395706.3237278,2025-12-10T19:41:46.323730+00:00
3314,1765395706.340439,2025-12-10T19:41:46.340441+00:00
3315,1765395706.3613372,2025-12-10T19:41:46.361342+00:00
3316,1765395706.382252,2025-12-10T19:41:46.382254+00:00
3317,1765395706.4031181,2025-12-10T19:41:46.403118+00:00
3318,1765395706.4239721,2025-12-10T19:41:46.423973+00:00
3319,1765395706.440823,2025-12-10T19:41:46.440825+00:00
3320,1765395706.460088,2025-12-10T19:41:46.460089+00:00
3321,1765395706.4809442,2025-12-10T19:41:46.480946+00:00
3322,1765395706.501805,2025-12-10T19:41:46.501806+00:00
3323,1765395706.522666,2025-12-10T19:41:46.522671+00:00
3324,1765395706.5409431,2025-12-10T19:41:46.540945+00:00
3325,1765395706.559081,2025-12-10T19:41:46.559087+00:00
3326,1765395706.579983,2025-12-10T19:41:46.579995+00:00
3327,1765395706.59712,2025-12-10T19:41:46.597128+00:00
3328,1765395706.6172931,2025-12-10T19:41:46.617298+00:00
3329,1765395706.637398,2025-12-10T19:41:46.637403+00:00
3330,1765395706.655679,2025-12-10T19:41:46.655685+00:00
3331,1765395706.676585,2025-12-10T19:41:46.676588+00:00
3332,1765395706.697461,2025-12-10T19:41:46.697461+00:00
3333,1765395706.715189,2025-12-10T19:41:46.715190+00:00
3334,1765395706.736049,2025-12-10T19:41:46.736051+00:00
3335,1765395706.7567842,2025-12-10T19:41:46.756785+00:00
3336,1765395706.773505,2025-12-10T19:41:46.773506+00:00
3337,1765395706.7943559,2025-12-10T19:41:46.794357+00:00
3338,1765395706.813758,2025-12-10T19:41:46.813759+00:00
3339,1765395706.833691,2025-12-10T19:41:46.833692+00:00
3340,1765395706.852486,2025-12-10T19:41:46.852489+00:00
3341,1765395706.8699431,2025-12-10T19:41:46.869944+00:00
3342,1765395706.890789,2025-12-10T19:41:46.890789+00:00
3343,1765395706.910815,2025-12-10T19:41:46.910816+00:00
3344,1765395706.9294121,2025-12-10T19:41:46.929412+00:00
3345,1765395706.9491682,2025-12-10T19:41:46.949182+00:00
3346,1765395706.9675038,2025-12-10T19:41:46.967506+00:00
3347,1765395706.987861,2025-12-10T19:41:46.987866+00:00
3348,1765395707.0077288,2025-12-10T19:41:47.007735+00:00
3349,1765395707.02525,2025-12-10T19:41:47.025251+00:00
3350,1765395707.046109,2025-12-10T19:41:47.046113+00:00
3351,1765395707.067011,2025-12-10T19:41:47.067014+00:00
3352,1765395707.087907,2025-12-10T19:41:47.087913+00:00
3353,1765395707.1088269,2025-12-10T19:41:47.108834+00:00
3354,1765395707.129756,2025-12-10T19:41:47.129761+00:00
3355,1765395707.149441,2025-12-10T19:41:47.149445+00:00
3356,1765395707.167843,2025-12-10T19:41:47.167847+00:00
3357,1765395707.1887171,2025-12-10T19:41:47.188721+00:00
3358,1765395707.206589,2025-12-10T19:41:47.206591+00:00
3359,1765395707.2261739,2025-12-10T19:41:47.226176+00:00
3360,1765395707.2469928,2025-12-10T19:41:47.246997+00:00
3361,1765395707.264501,2025-12-10T19:41:47.264506+00:00
3362,1765395707.285254,2025-12-10T19:41:47.285257+00:00
3363,1765395707.305975,2025-12-10T19:41:47.305978+00:00
3364,1765395707.324001,2025-12-10T19:41:47.324004+00:00
3365,1765395707.343772,2025-12-10T19:41:47.343776+00:00
3366,1765395707.3640478,2025-12-10T19:41:47.364052+00:00
3367,1765395707.3810291,2025-12-10T19:41:47.381033+00:00
3368,1765395707.400435,2025-12-10T19:41:47.400439+00:00
3369,1765395707.418394,2025-12-10T19:41:47.418408+00:00
3370,1765395707.4381151,2025-12-10T19:41:47.438119+00:00
3371,1765395707.456374,2025-12-10T19:41:47.456381+00:00
3372,1765395707.4764748,2025-12-10T19:41:47.476479+00:00
3373,1765395707.4974332,2025-12-10T19:41:47.497435+00:00
3374,1765395707.518301,2025-12-10T19:41:47.518303+00:00
3375,1765395707.5391822,2025-12-10T19:41:47.539187+00:00
3376,1765395707.5559628,2025-12-10T19:41:47.555970+00:00
3377,1765395707.5768871,2025-12-10T19:41:47.576892+00:00
3378,1765395707.595865,2025-12-10T19:41:47.595870+00:00
3379,1765395707.614005,2025-12-10T19:41:47.614006+00:00
3380,1765395707.632621,2025-12-10T19:41:47.632622+00:00
3381,1765395707.653482,2025-12-10T19:41:47.653488+00:00
3382,1765395707.6743639,2025-12-10T19:41:47.674366+00:00
3383,1765395707.695219,2025-12-10T19:41:47.695220+00:00
3384,1765395707.714921,2025-12-10T19:41:47.714923+00:00
3385,1765395707.735788,2025-12-10T19:41:47.735789+00:00
3386,1765395707.756635,2025-12-10T19:41:47.756643+00:00
3387,1765395707.773612,2025-12-10T19:41:47.773615+00:00
3388,1765395707.790925,2025-12-10T19:41:47.790927+00:00
3389,1765395707.811792,2025-12-10T19:41:47.811794+00:00
3390,1765395707.831955,2025-12-10T19:41:47.831959+00:00
3391,1765395707.852858,2025-12-10T19:41:47.852859+00:00
3392,1765395707.873715,2025-12-10T19:41:47.873716+00:00
3393,1765395707.8923872,2025-12-10T19:41:47.892389+00:00
3394,1765395707.913253,2025-12-10T19:41:47.913253+00:00
3395,1765395707.934104,2025-12-10T19:41:47.934106+00:00
3396,1765395707.952749,2025-12-10T19:41:47.952750+00:00
3397,1765395707.9736161,2025-12-10T19:41:47.973622+00:00
3398,1765395707.99168,2025-12-10T19:41:47.991681+00:00
3399,1765395708.0125508,2025-12-10T19:41:48.012557+00:00
3400,1765395708.0327199,2025-12-10T19:41:48.032722+00:00
3401,1765395708.04945,2025-12-10T19:41:48.049452+00:00
3402,1765395708.070327,2025-12-10T19:41:48.070327+00:00
3403,1765395708.0888472,2025-12-10T19:41:48.088854+00:00
3404,1765395708.1076,2025-12-10T19:41:48.107602+00:00
3405,1765395708.124371,2025-12-10T19:41:48.124374+00:00
3406,1765395708.1438222,2025-12-10T19:41:48.143824+00:00
3407,1765395708.163323,2025-12-10T19:41:48.163329+00:00
3408,1765395708.1803699,2025-12-10T19:41:48.180373+00:00
3409,1765395708.1986701,2025-12-10T19:41:48.198670+00:00
3410,1765395708.2181451,2025-12-10T19:41:48.218147+00:00
3411,1765395708.239012,2025-12-10T19:41:48.239013+00:00
3412,1765395708.2598789,2025-12-10T19:41:48.259883+00:00
3413,1765395708.279965,2025-12-10T19:41:48.279971+00:00
3414,1765395708.29977,2025-12-10T19:41:48.299771+00:00
3415,1765395708.3206248,2025-12-10T19:41:48.320625+00:00
3416,1765395708.340458,2025-12-10T19:41:48.340461+00:00
3417,1765395708.361335,2025-12-10T19:41:48.361339+00:00
3418,1765395708.3820999,2025-12-10T19:41:48.382104+00:00
3419,1765395708.402996,2025-12-10T19:41:48.403001+00:00
3420,1765395708.421931,2025-12-10T19:41:48.421936+00:00
3421,1765395708.4428558,2025-12-10T19:41:48.442861+00:00
3422,1765395708.463775,2025-12-10T19:41:48.463786+00:00
3423,1765395708.484709,2025-12-10T19:41:48.484719+00:00
3424,1765395708.505633,2025-12-10T19:41:48.505640+00:00
3425,1765395708.526536,2025-12-10T19:41:48.526539+00:00
3426,1765395708.5474198,2025-12-10T19:41:48.547426+00:00
3427,1765395708.56832,2025-12-10T19:41:48.568325+00:00
3428,1765395708.589228,2025-12-10T19:41:48.589235+00:00
3429,1765395708.6101272,2025-12-10T19:41:48.610134+00:00
3430,1765395708.631038,2025-12-10T19:41:48.631042+00:00
3431,1765395708.651928,2025-12-10T19:41:48.651932+00:00
3432,1765395708.671434,2025-12-10T19:41:48.671437+00:00
3433,1765395708.692299,2025-12-10T19:41:48.692303+00:00
3434,1765395708.709263,2025-12-10T19:41:48.709272+00:00
3435,1765395708.7265139,2025-12-10T19:41:48.726518+00:00
3436,1765395708.7464519,2025-12-10T19:41:48.746461+00:00
3437,1765395708.7673862,2025-12-10T19:41:48.767391+00:00
3438,1765395708.7951128,2025-12-10T19:41:48.795119+00:00
3439,1765395708.8216782,2025-12-10T19:41:48.821682+00:00
3440,1765395708.841316,2025-12-10T19:41:48.841318+00:00
3441,1765395708.8621829,2025-12-10T19:41:48.862189+00:00
3442,1765395708.883073,2025-12-10T19:41:48.883076+00:00
3443,1765395708.903957,2025-12-10T19:41:48.903960+00:00
3444,1765395708.924842,2025-12-10T19:41:48.924847+00:00
3445,1765395708.9446158,2025-12-10T19:41:48.944618+00:00
3446,1765395708.9654741,2025-12-10T19:41:48.965477+00:00
3447,1765395708.985426,2025-12-10T19:41:48.985428+00:00
3448,1765395709.002184,2025-12-10T19:41:49.002185+00:00
3449,1765395709.020525,2025-12-10T19:41:49.020527+00:00
3450,1765395709.041408,2025-12-10T19:41:49.041409+00:00
3451,1765395709.060618,2025-12-10T19:41:49.060621+00:00
3452,1765395709.081532,2025-12-10T19:41:49.081538+00:00
3453,1765395709.100554,2025-12-10T19:41:49.100557+00:00
3454,1765395709.118965,2025-12-10T19:41:49.118968+00:00
3455,1765395709.139832,2025-12-10T19:41:49.139835+00:00
3456,1765395709.160735,2025-12-10T19:41:49.160738+00:00
3457,1765395709.17916,2025-12-10T19:41:49.179166+00:00
3458,1765395709.198795,2025-12-10T19:41:49.198800+00:00
3459,1765395709.219687,2025-12-10T19:41:49.219689+00:00
3460,1765395709.237707,2025-12-10T19:41:49.237708+00:00
3461,1765395709.2577121,2025-12-10T19:41:49.257712+00:00
3462,1765395709.276748,2025-12-10T19:41:49.276748+00:00
3463,1765395709.296457,2025-12-10T19:41:49.296459+00:00
3464,1765395709.317339,2025-12-10T19:41:49.317343+00:00
3465,1765395709.334382,2025-12-10T19:41:49.334383+00:00
3466,1765395709.354026,2025-12-10T19:41:49.354030+00:00
3467,1765395709.374938,2025-12-10T19:41:49.374940+00:00
3468,1765395709.3940322,2025-12-10T19:41:49.394037+00:00
3469,1765395709.411241,2025-12-10T19:41:49.411244+00:00
3470,1765395709.4321358,2025-12-10T19:41:49.432141+00:00
3471,1765395709.4527612,2025-12-10T19:41:49.452762+00:00
3472,1765395709.4734359,2025-12-10T19:41:49.473439+00:00
3473,1765395709.493796,2025-12-10T19:41:49.493802+00:00
3474,1765395709.514703,2025-12-10T19:41:49.514706+00:00
3475,1765395709.535569,2025-12-10T19:41:49.535569+00:00
3476,1765395709.553973,2025-12-10T19:41:49.553975+00:00
3477,1765395709.57361,2025-12-10T19:41:49.573612+00:00
3478,1765395709.5910132,2025-12-10T19:41:49.591019+00:00
3479,1765395709.612021,2025-12-10T19:41:49.612030+00:00
3480,1765395709.632942,2025-12-10T19:41:49.632943+00:00
3481,1765395709.6537971,2025-12-10T19:41:49.653804+00:00
3482,1765395709.6712651,2025-12-10T19:41:49.671268+00:00
3483,1765395709.6901178,2025-12-10T19:41:49.690119+00:00
3484,1765395709.709854,2025-12-10T19:41:49.709855+00:00
3485,1765395709.729111,2025-12-10T19:41:49.729111+00:00
3486,1765395709.7487512,2025-12-10T19:41:49.748753+00:00
3487,1765395709.768333,2025-12-10T19:41:49.768335+00:00
3488,1765395709.787325,2025-12-10T19:41:49.787327+00:00
3489,1765395709.808182,2025-12-10T19:41:49.808184+00:00
3490,1765395709.827462,2025-12-10T19:41:49.827465+00:00
3491,1765395709.8483589,2025-12-10T19:41:49.848363+00:00
3492,1765395709.866517,2025-12-10T19:41:49.866518+00:00
