frame_index,timestamp_unix,timestamp_iso
0,1765397147.048754,2025-12-10T20:05:47.048757+00:00
1,1765397147.069632,2025-12-10T20:05:47.069639+00:00
2,1765397147.090553,2025-12-10T20:05:47.090558+00:00
3,1765397147.11081,2025-12-10T20:05:47.110820+00:00
4,1765397147.1301591,2025-12-10T20:05:47.130163+00:00
5,1765397147.1567411,2025-12-10T20:05:47.156746+00:00
6,1765397147.178126,2025-12-10T20:05:47.178218+00:00
7,1765397147.1994581,2025-12-10T20:05:47.199462+00:00
8,1765397147.2227662,2025-12-10T20:05:47.222771+00:00
9,1765397147.24371,2025-12-10T20:05:47.243714+00:00
10,1765397147.260641,2025-12-10T20:05:47.260645+00:00
11,1765397147.277426,2025-12-10T20:05:47.277445+00:00
12,1765397147.298321,2025-12-10T20:05:47.298326+00:00
13,1765397147.3192,2025-12-10T20:05:47.319204+00:00
14,1765397147.340076,2025-12-10T20:05:47.340080+00:00
15,1765397147.377877,2025-12-10T20:05:47.377884+00:00
16,1765397147.3976378,2025-12-10T20:05:47.397641+00:00
17,1765397147.419165,2025-12-10T20:05:47.419169+00:00
18,1765397147.4376209,2025-12-10T20:05:47.437626+00:00
19,1765397147.4552052,2025-12-10T20:05:47.455208+00:00
20,1765397147.472522,2025-12-10T20:05:47.472528+00:00
21,1765397147.492942,2025-12-10T20:05:47.492947+00:00
22,1765397147.511486,2025-12-10T20:05:47.511491+00:00
23,1765397147.533186,2025-12-10T20:05:47.533192+00:00
24,1765397147.553109,2025-12-10T20:05:47.553117+00:00
25,1765397147.570431,2025-12-10T20:05:47.570436+00:00
26,1765397147.587224,2025-12-10T20:05:47.587231+00:00
27,1765397147.608168,2025-12-10T20:05:47.608173+00:00
28,1765397147.629094,2025-12-10T20:05:47.629100+00:00
29,1765397147.6500108,2025-12-10T20:05:47.650028+00:00
30,1765397147.670924,2025-12-10T20:05:47.670925+00:00
31,1765397147.691801,2025-12-10T20:05:47.691807+00:00
32,1765397147.712745,2025-12-10T20:05:47.712748+00:00
33,1765397147.733643,2025-12-10T20:05:47.733644+00:00
34,1765397147.754516,2025-12-10T20:05:47.754518+00:00
35,1765397147.775399,2025-12-10T20:05:47.775400+00:00
36,1765397147.796267,2025-12-10T20:05:47.796269+00:00
37,1765397147.817133,2025-12-10T20:05:47.817136+00:00
38,1765397147.835001,2025-12-10T20:05:47.835009+00:00
39,1765397147.853169,2025-12-10T20:05:47.853180+00:00
40,1765397147.8741271,2025-12-10T20:05:47.874134+00:00
41,1765397147.891401,2025-12-10T20:05:47.891406+00:00
42,1765397147.911495,2025-12-10T20:05:47.911511+00:00
43,1765397147.932412,2025-12-10T20:05:47.932416+00:00
44,1765397147.953064,2025-12-10T20:05:47.953066+00:00
45,1765397147.973973,2025-12-10T20:05:47.973977+00:00
46,1765397147.9948711,2025-12-10T20:05:47.994875+00:00
47,1765397148.015765,2025-12-10T20:05:48.015769+00:00
48,1765397148.036674,2025-12-10T20:05:48.036677+00:00
49,1765397148.057499,2025-12-10T20:05:48.057503+00:00
50,1765397148.07794,2025-12-10T20:05:48.077942+00:00
51,1765397148.096746,2025-12-10T20:05:48.096749+00:00
52,1765397148.117652,2025-12-10T20:05:48.117655+00:00
53,1765397148.138166,2025-12-10T20:05:48.138168+00:00
54,1765397148.159032,2025-12-10T20:05:48.159033+00:00
55,1765397148.179053,2025-12-10T20:05:48.179058+00:00
56,1765397148.1974568,2025-12-10T20:05:48.197461+00:00
57,1765397148.218005,2025-12-10T20:05:48.218012+00:00
58,1765397148.236192,2025-12-10T20:05:48.236198+00:00
59,1765397148.25316,2025-12-10T20:05:48.253166+00:00
60,1765397148.269946,2025-12-10T20:05:48.269953+00:00
61,1765397148.289925,2025-12-10T20:05:48.289932+00:00
62,1765397148.3088799,2025-12-10T20:05:48.308886+00:00
63,1765397148.326868,2025-12-10T20:05:48.326871+00:00
64,1765397148.347517,2025-12-10T20:05:48.347521+00:00
65,1765397148.3646898,2025-12-10T20:05:48.364695+00:00
66,1765397148.3855941,2025-12-10T20:05:48.385598+00:00
67,1765397148.405826,2025-12-10T20:05:48.405830+00:00
68,1765397148.422969,2025-12-10T20:05:48.422974+00:00
69,1765397148.44109,2025-12-10T20:05:48.441094+00:00
70,1765397148.457856,2025-12-10T20:05:48.457860+00:00
71,1765397148.478744,2025-12-10T20:05:48.478756+00:00
72,1765397148.495906,2025-12-10T20:05:48.495912+00:00
73,1765397148.51311,2025-12-10T20:05:48.513116+00:00
74,1765397148.53019,2025-12-10T20:05:48.530194+00:00
75,1765397148.54889,2025-12-10T20:05:48.548900+00:00
76,1765397148.567277,2025-12-10T20:05:48.567290+00:00
77,1765397148.586613,2025-12-10T20:05:48.586619+00:00
78,1765397148.604662,2025-12-10T20:05:48.604667+00:00
79,1765397148.624429,2025-12-10T20:05:48.624433+00:00
80,1765397148.6450088,2025-12-10T20:05:48.645012+00:00
81,1765397148.665344,2025-12-10T20:05:48.665347+00:00
82,1765397148.686222,2025-12-10T20:05:48.686225+00:00
83,1765397148.707097,2025-12-10T20:05:48.707101+00:00
84,1765397148.724942,2025-12-10T20:05:48.724945+00:00
85,1765397148.745543,2025-12-10T20:05:48.745547+00:00
86,1765397148.766013,2025-12-10T20:05:48.766015+00:00
87,1765397148.786273,2025-12-10T20:05:48.786274+00:00
88,1765397148.8071308,2025-12-10T20:05:48.807134+00:00
89,1765397148.8280692,2025-12-10T20:05:48.828074+00:00
90,1765397148.844886,2025-12-10T20:05:48.844890+00:00
91,1765397148.864612,2025-12-10T20:05:48.864766+00:00
92,1765397148.883731,2025-12-10T20:05:48.883734+00:00
93,1765397148.902883,2025-12-10T20:05:48.902887+00:00
94,1765397148.921634,2025-12-10T20:05:48.921637+00:00
95,1765397148.940928,2025-12-10T20:05:48.940933+00:00
96,1765397148.961834,2025-12-10T20:05:48.961837+00:00
97,1765397148.982702,2025-12-10T20:05:48.982704+00:00
98,1765397149.003575,2025-12-10T20:05:49.003577+00:00
99,1765397149.02444,2025-12-10T20:05:49.024444+00:00
100,1765397149.044658,2025-12-10T20:05:49.044664+00:00
101,1765397149.0655448,2025-12-10T20:05:49.065548+00:00
102,1765397149.086119,2025-12-10T20:05:49.086121+00:00
103,1765397149.106981,2025-12-10T20:05:49.106982+00:00
104,1765397149.126494,2025-12-10T20:05:49.126503+00:00
105,1765397149.1442182,2025-12-10T20:05:49.144223+00:00
106,1765397149.162805,2025-12-10T20:05:49.162813+00:00
107,1765397149.181812,2025-12-10T20:05:49.181817+00:00
108,1765397149.2027462,2025-12-10T20:05:49.202752+00:00
109,1765397149.223594,2025-12-10T20:05:49.223598+00:00
110,1765397149.241788,2025-12-10T20:05:49.241790+00:00
111,1765397149.2615411,2025-12-10T20:05:49.261544+00:00
112,1765397149.279695,2025-12-10T20:05:49.279696+00:00
113,1765397149.2976818,2025-12-10T20:05:49.297683+00:00
114,1765397149.3185432,2025-12-10T20:05:49.318544+00:00
115,1765397149.3369138,2025-12-10T20:05:49.336915+00:00
116,1765397149.3577752,2025-12-10T20:05:49.357777+00:00
117,1765397149.378647,2025-12-10T20:05:49.378650+00:00
118,1765397149.395797,2025-12-10T20:05:49.395801+00:00
119,1765397149.4167209,2025-12-10T20:05:49.416725+00:00
120,1765397149.437623,2025-12-10T20:05:49.437628+00:00
121,1765397149.458528,2025-12-10T20:05:49.458531+00:00
122,1765397149.4780211,2025-12-10T20:05:49.478022+00:00
123,1765397149.498883,2025-12-10T20:05:49.498887+00:00
124,1765397149.5196722,2025-12-10T20:05:49.519676+00:00
125,1765397149.539169,2025-12-10T20:05:49.539175+00:00
126,1765397149.557172,2025-12-10T20:05:49.557174+00:00
127,1765397149.578049,2025-12-10T20:05:49.578050+00:00
128,1765397149.598905,2025-12-10T20:05:49.598909+00:00
129,1765397149.6160781,2025-12-10T20:05:49.616079+00:00
130,1765397149.6366878,2025-12-10T20:05:49.636689+00:00
131,1765397149.656022,2025-12-10T20:05:49.656026+00:00
132,1765397149.6736279,2025-12-10T20:05:49.673630+00:00
133,1765397149.6904058,2025-12-10T20:05:49.690412+00:00
134,1765397149.7087529,2025-12-10T20:05:49.708756+00:00
135,1765397149.728207,2025-12-10T20:05:49.728211+00:00
136,1765397149.747909,2025-12-10T20:05:49.747916+00:00
137,1765397149.767421,2025-12-10T20:05:49.767425+00:00
138,1765397149.784866,2025-12-10T20:05:49.784869+00:00
139,1765397149.804904,2025-12-10T20:05:49.804907+00:00
140,1765397149.825582,2025-12-10T20:05:49.825585+00:00
141,1765397149.8451269,2025-12-10T20:05:49.845132+00:00
142,1765397149.866574,2025-12-10T20:05:49.866577+00:00
143,1765397149.8864782,2025-12-10T20:05:49.886479+00:00
144,1765397149.907352,2025-12-10T20:05:49.907355+00:00
145,1765397149.927274,2025-12-10T20:05:49.927278+00:00
146,1765397149.948182,2025-12-10T20:05:49.948186+00:00
147,1765397149.968097,2025-12-10T20:05:49.968102+00:00
148,1765397149.986114,2025-12-10T20:05:49.986117+00:00
149,1765397150.007013,2025-12-10T20:05:50.007016+00:00
150,1765397150.0278962,2025-12-10T20:05:50.027896+00:00
151,1765397150.046179,2025-12-10T20:05:50.046184+00:00
152,1765397150.064769,2025-12-10T20:05:50.064772+00:00
153,1765397150.085643,2025-12-10T20:05:50.085647+00:00
154,1765397150.106435,2025-12-10T20:05:50.106438+00:00
155,1765397150.1273248,2025-12-10T20:05:50.127330+00:00
156,1765397150.14825,2025-12-10T20:05:50.148252+00:00
157,1765397150.167455,2025-12-10T20:05:50.167459+00:00
158,1765397150.188353,2025-12-10T20:05:50.188355+00:00
159,1765397150.207222,2025-12-10T20:05:50.207226+00:00
160,1765397150.228116,2025-12-10T20:05:50.228119+00:00
161,1765397150.2489831,2025-12-10T20:05:50.248983+00:00
162,1765397150.269431,2025-12-10T20:05:50.269436+00:00
163,1765397150.287068,2025-12-10T20:05:50.287070+00:00
164,1765397150.3079329,2025-12-10T20:05:50.307933+00:00
165,1765397150.3277152,2025-12-10T20:05:50.327718+00:00
166,1765397150.348598,2025-12-10T20:05:50.348599+00:00
167,1765397150.369452,2025-12-10T20:05:50.369453+00:00
168,1765397150.390303,2025-12-10T20:05:50.390304+00:00
169,1765397150.4109812,2025-12-10T20:05:50.410982+00:00
170,1765397150.428208,2025-12-10T20:05:50.428208+00:00
171,1765397150.449065,2025-12-10T20:05:50.449067+00:00
172,1765397150.469943,2025-12-10T20:05:50.469946+00:00
173,1765397150.48846,2025-12-10T20:05:50.488461+00:00
174,1765397150.505524,2025-12-10T20:05:50.505527+00:00
175,1765397150.5264058,2025-12-10T20:05:50.526408+00:00
176,1765397150.5442839,2025-12-10T20:05:50.544289+00:00
177,1765397150.563095,2025-12-10T20:05:50.563103+00:00
178,1765397150.584,2025-12-10T20:05:50.584001+00:00
179,1765397150.603221,2025-12-10T20:05:50.603225+00:00
180,1765397150.624116,2025-12-10T20:05:50.624119+00:00
181,1765397150.644395,2025-12-10T20:05:50.644407+00:00
182,1765397150.665262,2025-12-10T20:05:50.665265+00:00
183,1765397150.686134,2025-12-10T20:05:50.686138+00:00
184,1765397150.7070239,2025-12-10T20:05:50.707029+00:00
185,1765397150.7265248,2025-12-10T20:05:50.726529+00:00
186,1765397150.746677,2025-12-10T20:05:50.746678+00:00
187,1765397150.765532,2025-12-10T20:05:50.765534+00:00
188,1765397150.783584,2025-12-10T20:05:50.783584+00:00
189,1765397150.8044522,2025-12-10T20:05:50.804457+00:00
190,1765397150.82263,2025-12-10T20:05:50.822631+00:00
191,1765397150.843491,2025-12-10T20:05:50.843491+00:00
192,1765397150.862366,2025-12-10T20:05:50.862367+00:00
193,1765397150.883223,2025-12-10T20:05:50.883223+00:00
194,1765397150.9007308,2025-12-10T20:05:50.900734+00:00
195,1765397150.9216042,2025-12-10T20:05:50.921605+00:00
196,1765397150.9424691,2025-12-10T20:05:50.942474+00:00
197,1765397150.962214,2025-12-10T20:05:50.962216+00:00
198,1765397150.9830852,2025-12-10T20:05:50.983086+00:00
199,1765397151.002481,2025-12-10T20:05:51.002483+00:00
200,1765397151.0233548,2025-12-10T20:05:51.023356+00:00
201,1765397151.0435278,2025-12-10T20:05:51.043528+00:00
202,1765397151.064394,2025-12-10T20:05:51.064399+00:00
203,1765397151.085284,2025-12-10T20:05:51.085286+00:00
204,1765397151.1061618,2025-12-10T20:05:51.106167+00:00
205,1765397151.124477,2025-12-10T20:05:51.124481+00:00
206,1765397151.1446311,2025-12-10T20:05:51.144633+00:00
207,1765397151.161556,2025-12-10T20:05:51.161558+00:00
208,1765397151.182423,2025-12-10T20:05:51.182425+00:00
209,1765397151.2032409,2025-12-10T20:05:51.203244+00:00
210,1765397151.22135,2025-12-10T20:05:51.221351+00:00
211,1765397151.24223,2025-12-10T20:05:51.242236+00:00
212,1765397151.263135,2025-12-10T20:05:51.263137+00:00
213,1765397151.283998,2025-12-10T20:05:51.284001+00:00
214,1765397151.302861,2025-12-10T20:05:51.302865+00:00
215,1765397151.32377,2025-12-10T20:05:51.323776+00:00
216,1765397151.340687,2025-12-10T20:05:51.340689+00:00
217,1765397151.361111,2025-12-10T20:05:51.361115+00:00
218,1765397151.3794932,2025-12-10T20:05:51.379493+00:00
219,1765397151.400347,2025-12-10T20:05:51.400350+00:00
220,1765397151.421248,2025-12-10T20:05:51.421249+00:00
221,1765397151.442114,2025-12-10T20:05:51.442114+00:00
222,1765397151.4609962,2025-12-10T20:05:51.460996+00:00
223,1765397151.4813719,2025-12-10T20:05:51.481372+00:00
224,1765397151.498482,2025-12-10T20:05:51.498488+00:00
225,1765397151.519371,2025-12-10T20:05:51.519373+00:00
226,1765397151.540224,2025-12-10T20:05:51.540224+00:00
227,1765397151.5610828,2025-12-10T20:05:51.561088+00:00
228,1765397151.5786161,2025-12-10T20:05:51.578618+00:00
229,1765397151.599203,2025-12-10T20:05:51.599204+00:00
230,1765397151.6191459,2025-12-10T20:05:51.619148+00:00
231,1765397151.635913,2025-12-10T20:05:51.635918+00:00
232,1765397151.656801,2025-12-10T20:05:51.656802+00:00
233,1765397151.677664,2025-12-10T20:05:51.677665+00:00
234,1765397151.698549,2025-12-10T20:05:51.698554+00:00
235,1765397151.716437,2025-12-10T20:05:51.716440+00:00
236,1765397151.736043,2025-12-10T20:05:51.736047+00:00
237,1765397151.75432,2025-12-10T20:05:51.754324+00:00
238,1765397151.7751942,2025-12-10T20:05:51.775199+00:00
239,1765397151.7960992,2025-12-10T20:05:51.796106+00:00
240,1765397151.814079,2025-12-10T20:05:51.814080+00:00
241,1765397151.8349388,2025-12-10T20:05:51.834940+00:00
242,1765397151.854248,2025-12-10T20:05:51.854250+00:00
243,1765397151.875136,2025-12-10T20:05:51.875136+00:00
244,1765397151.895992,2025-12-10T20:05:51.895994+00:00
245,1765397151.916874,2025-12-10T20:05:51.916876+00:00
246,1765397151.935206,2025-12-10T20:05:51.935207+00:00
247,1765397151.9560692,2025-12-10T20:05:51.956071+00:00
248,1765397151.976937,2025-12-10T20:05:51.976939+00:00
249,1765397151.9941509,2025-12-10T20:05:51.994153+00:00
250,1765397152.015028,2025-12-10T20:05:52.015029+00:00
251,1765397152.035891,2025-12-10T20:05:52.035892+00:00
252,1765397152.054728,2025-12-10T20:05:52.054729+00:00
253,1765397152.075595,2025-12-10T20:05:52.075598+00:00
254,1765397152.096496,2025-12-10T20:05:52.096502+00:00
255,1765397152.117409,2025-12-10T20:05:52.117414+00:00
256,1765397152.13462,2025-12-10T20:05:52.134624+00:00
257,1765397152.1541371,2025-12-10T20:05:52.154140+00:00
258,1765397152.175027,2025-12-10T20:05:52.175028+00:00
259,1765397152.195883,2025-12-10T20:05:52.195888+00:00
260,1765397152.2165608,2025-12-10T20:05:52.216563+00:00
261,1765397152.237438,2025-12-10T20:05:52.237439+00:00
262,1765397152.254344,2025-12-10T20:05:52.254347+00:00
263,1765397152.2752252,2025-12-10T20:05:52.275225+00:00
264,1765397152.296078,2025-12-10T20:05:52.296079+00:00
265,1765397152.315257,2025-12-10T20:05:52.315261+00:00
266,1765397152.3361359,2025-12-10T20:05:52.336137+00:00
267,1765397152.3569942,2025-12-10T20:05:52.356997+00:00
268,1765397152.374547,2025-12-10T20:05:52.374548+00:00
269,1765397152.395413,2025-12-10T20:05:52.395414+00:00
270,1765397152.4162712,2025-12-10T20:05:52.416275+00:00
271,1765397152.4342778,2025-12-10T20:05:52.434278+00:00
272,1765397152.4533849,2025-12-10T20:05:52.453390+00:00
273,1765397152.473174,2025-12-10T20:05:52.473176+00:00
274,1765397152.494057,2025-12-10T20:05:52.494061+00:00
275,1765397152.514959,2025-12-10T20:05:52.514963+00:00
276,1765397152.535554,2025-12-10T20:05:52.535559+00:00
277,1765397152.55649,2025-12-10T20:05:52.556493+00:00
278,1765397152.5773818,2025-12-10T20:05:52.577387+00:00
279,1765397152.595265,2025-12-10T20:05:52.595269+00:00
280,1765397152.615084,2025-12-10T20:05:52.615089+00:00
281,1765397152.636008,2025-12-10T20:05:52.636014+00:00
282,1765397152.652875,2025-12-10T20:05:52.652876+00:00
283,1765397152.669923,2025-12-10T20:05:52.669927+00:00
284,1765397152.6907918,2025-12-10T20:05:52.690795+00:00
285,1765397152.7116742,2025-12-10T20:05:52.711675+00:00
286,1765397152.7285671,2025-12-10T20:05:52.728570+00:00
287,1765397152.749441,2025-12-10T20:05:52.749442+00:00
288,1765397152.7692401,2025-12-10T20:05:52.769240+00:00
289,1765397152.7900999,2025-12-10T20:05:52.790101+00:00
290,1765397152.810962,2025-12-10T20:05:52.810963+00:00
291,1765397152.831831,2025-12-10T20:05:52.831836+00:00
292,1765397152.849758,2025-12-10T20:05:52.849760+00:00
293,1765397152.867753,2025-12-10T20:05:52.867758+00:00
294,1765397152.886355,2025-12-10T20:05:52.886356+00:00
295,1765397152.907213,2025-12-10T20:05:52.907216+00:00
296,1765397152.9274821,2025-12-10T20:05:52.927483+00:00
297,1765397152.9483361,2025-12-10T20:05:52.948338+00:00
298,1765397152.969196,2025-12-10T20:05:52.969197+00:00
299,1765397152.990058,2025-12-10T20:05:52.990061+00:00
300,1765397153.010921,2025-12-10T20:05:53.010923+00:00
301,1765397153.031828,2025-12-10T20:05:53.031829+00:00
302,1765397153.0526762,2025-12-10T20:05:53.052677+00:00
303,1765397153.06971,2025-12-10T20:05:53.069715+00:00
304,1765397153.0904791,2025-12-10T20:05:53.090486+00:00
305,1765397153.1110919,2025-12-10T20:05:53.111094+00:00
306,1765397153.131967,2025-12-10T20:05:53.131972+00:00
307,1765397153.152079,2025-12-10T20:05:53.152086+00:00
308,1765397153.172286,2025-12-10T20:05:53.172287+00:00
309,1765397153.191951,2025-12-10T20:05:53.191952+00:00
310,1765397153.21095,2025-12-10T20:05:53.210952+00:00
311,1765397153.231819,2025-12-10T20:05:53.231820+00:00
312,1765397153.2525911,2025-12-10T20:05:53.252596+00:00
313,1765397153.2734861,2025-12-10T20:05:53.273490+00:00
314,1765397153.2942579,2025-12-10T20:05:53.294267+00:00
315,1765397153.315209,2025-12-10T20:05:53.315210+00:00
316,1765397153.3324149,2025-12-10T20:05:53.332419+00:00
317,1765397153.350386,2025-12-10T20:05:53.350387+00:00
318,1765397153.371252,2025-12-10T20:05:53.371256+00:00
319,1765397153.391853,2025-12-10T20:05:53.391869+00:00
320,1765397153.4127738,2025-12-10T20:05:53.412780+00:00
321,1765397153.433686,2025-12-10T20:05:53.433689+00:00
322,1765397153.454576,2025-12-10T20:05:53.454581+00:00
323,1765397153.4733,2025-12-10T20:05:53.473302+00:00
324,1765397153.493593,2025-12-10T20:05:53.493597+00:00
325,1765397153.5144691,2025-12-10T20:05:53.514477+00:00
326,1765397153.533782,2025-12-10T20:05:53.533794+00:00
327,1765397153.552972,2025-12-10T20:05:53.552977+00:00
328,1765397153.573751,2025-12-10T20:05:53.573760+00:00
329,1765397153.594599,2025-12-10T20:05:53.594606+00:00
330,1765397153.615496,2025-12-10T20:05:53.615499+00:00
331,1765397153.633701,2025-12-10T20:05:53.633705+00:00
332,1765397153.653001,2025-12-10T20:05:53.653002+00:00
333,1765397153.672974,2025-12-10T20:05:53.672975+00:00
334,1765397153.693536,2025-12-10T20:05:53.693537+00:00
335,1765397153.711314,2025-12-10T20:05:53.711316+00:00
336,1765397153.7309408,2025-12-10T20:05:53.730943+00:00
337,1765397153.747819,2025-12-10T20:05:53.747824+00:00
338,1765397153.7687209,2025-12-10T20:05:53.768724+00:00
339,1765397153.789597,2025-12-10T20:05:53.789602+00:00
340,1765397153.809758,2025-12-10T20:05:53.809761+00:00
341,1765397153.828674,2025-12-10T20:05:53.828676+00:00
342,1765397153.8473768,2025-12-10T20:05:53.847382+00:00
343,1765397153.8677602,2025-12-10T20:05:53.867762+00:00
344,1765397153.8886242,2025-12-10T20:05:53.888625+00:00
345,1765397153.909461,2025-12-10T20:05:53.909465+00:00
346,1765397153.927136,2025-12-10T20:05:53.927138+00:00
347,1765397153.94801,2025-12-10T20:05:53.948012+00:00
348,1765397153.965277,2025-12-10T20:05:53.965301+00:00
349,1765397153.985844,2025-12-10T20:05:53.985848+00:00
350,1765397154.006737,2025-12-10T20:05:54.006740+00:00
351,1765397154.024769,2025-12-10T20:05:54.024770+00:00
352,1765397154.045632,2025-12-10T20:05:54.045634+00:00
353,1765397154.064009,2025-12-10T20:05:54.064013+00:00
354,1765397154.0848799,2025-12-10T20:05:54.084884+00:00
355,1765397154.103293,2025-12-10T20:05:54.103295+00:00
356,1765397154.123903,2025-12-10T20:05:54.123908+00:00
357,1765397154.1445088,2025-12-10T20:05:54.144511+00:00
358,1765397154.161841,2025-12-10T20:05:54.161844+00:00
359,1765397154.182734,2025-12-10T20:05:54.182736+00:00
360,1765397154.2028139,2025-12-10T20:05:54.202816+00:00
361,1765397154.223691,2025-12-10T20:05:54.223692+00:00
362,1765397154.244114,2025-12-10T20:05:54.244116+00:00
363,1765397154.266518,2025-12-10T20:05:54.266518+00:00
364,1765397154.286583,2025-12-10T20:05:54.286586+00:00
365,1765397154.307472,2025-12-10T20:05:54.307477+00:00
366,1765397154.328376,2025-12-10T20:05:54.328380+00:00
367,1765397154.345877,2025-12-10T20:05:54.345881+00:00
368,1765397154.363882,2025-12-10T20:05:54.363884+00:00
369,1765397154.384695,2025-12-10T20:05:54.384696+00:00
370,1765397154.405571,2025-12-10T20:05:54.405573+00:00
371,1765397154.42374,2025-12-10T20:05:54.423740+00:00
372,1765397154.441699,2025-12-10T20:05:54.441700+00:00
373,1765397154.461015,2025-12-10T20:05:54.461016+00:00
374,1765397154.481666,2025-12-10T20:05:54.481667+00:00
375,1765397154.502527,2025-12-10T20:05:54.502530+00:00
376,1765397154.519725,2025-12-10T20:05:54.519727+00:00
377,1765397154.540587,2025-12-10T20:05:54.540589+00:00
378,1765397154.561451,2025-12-10T20:05:54.561451+00:00
379,1765397154.582315,2025-12-10T20:05:54.582321+00:00
380,1765397154.6007612,2025-12-10T20:05:54.600763+00:00
381,1765397154.618807,2025-12-10T20:05:54.618810+00:00
382,1765397154.636116,2025-12-10T20:05:54.636119+00:00
383,1765397154.656789,2025-12-10T20:05:54.656791+00:00
384,1765397154.675143,2025-12-10T20:05:54.675144+00:00
385,1765397154.694418,2025-12-10T20:05:54.694420+00:00
386,1765397154.714745,2025-12-10T20:05:54.714745+00:00
387,1765397154.735609,2025-12-10T20:05:54.735613+00:00
388,1765397154.755914,2025-12-10T20:05:54.755916+00:00
389,1765397154.773969,2025-12-10T20:05:54.773971+00:00
390,1765397154.7943628,2025-12-10T20:05:54.794365+00:00
391,1765397154.8141718,2025-12-10T20:05:54.814174+00:00
392,1765397154.8335512,2025-12-10T20:05:54.833557+00:00
393,1765397154.854471,2025-12-10T20:05:54.854472+00:00
394,1765397154.8753338,2025-12-10T20:05:54.875337+00:00
395,1765397154.894403,2025-12-10T20:05:54.894407+00:00
396,1765397154.915303,2025-12-10T20:05:54.915305+00:00
397,1765397154.934073,2025-12-10T20:05:54.934075+00:00
398,1765397154.9549341,2025-12-10T20:05:54.954936+00:00
399,1765397154.9758,2025-12-10T20:05:54.975801+00:00
400,1765397154.9966688,2025-12-10T20:05:54.996670+00:00
401,1765397155.017547,2025-12-10T20:05:55.017550+00:00
402,1765397155.038431,2025-12-10T20:05:55.038433+00:00
403,1765397155.0551949,2025-12-10T20:05:55.055201+00:00
404,1765397155.072115,2025-12-10T20:05:55.072116+00:00
405,1765397155.092982,2025-12-10T20:05:55.092992+00:00
406,1765397155.110707,2025-12-10T20:05:55.110711+00:00
407,1765397155.131597,2025-12-10T20:05:55.131600+00:00
408,1765397155.15251,2025-12-10T20:05:55.152515+00:00
409,1765397155.172909,2025-12-10T20:05:55.172911+00:00
410,1765397155.193793,2025-12-10T20:05:55.193796+00:00
411,1765397155.2146728,2025-12-10T20:05:55.214674+00:00
412,1765397155.2318301,2025-12-10T20:05:55.231832+00:00
413,1765397155.252713,2025-12-10T20:05:55.252716+00:00
414,1765397155.2727191,2025-12-10T20:05:55.272723+00:00
415,1765397155.290879,2025-12-10T20:05:55.290879+00:00
416,1765397155.3105888,2025-12-10T20:05:55.310593+00:00
417,1765397155.328713,2025-12-10T20:05:55.328716+00:00
418,1765397155.347726,2025-12-10T20:05:55.347729+00:00
419,1765397155.3666902,2025-12-10T20:05:55.366691+00:00
420,1765397155.386209,2025-12-10T20:05:55.386211+00:00
421,1765397155.4070709,2025-12-10T20:05:55.407072+00:00
422,1765397155.427943,2025-12-10T20:05:55.427945+00:00
423,1765397155.448807,2025-12-10T20:05:55.448811+00:00
424,1765397155.469697,2025-12-10T20:05:55.469698+00:00
425,1765397155.490552,2025-12-10T20:05:55.490554+00:00
426,1765397155.511143,2025-12-10T20:05:55.511144+00:00
427,1765397155.53201,2025-12-10T20:05:55.532014+00:00
428,1765397155.55279,2025-12-10T20:05:55.552793+00:00
429,1765397155.573654,2025-12-10T20:05:55.573660+00:00
430,1765397155.59445,2025-12-10T20:05:55.594454+00:00
431,1765397155.611661,2025-12-10T20:05:55.611663+00:00
432,1765397155.6325262,2025-12-10T20:05:55.632529+00:00
433,1765397155.653347,2025-12-10T20:05:55.653348+00:00
434,1765397155.674207,2025-12-10T20:05:55.674211+00:00
435,1765397155.693784,2025-12-10T20:05:55.693787+00:00
436,1765397155.714664,2025-12-10T20:05:55.714669+00:00
437,1765397155.735565,2025-12-10T20:05:55.735570+00:00
438,1765397155.756479,2025-12-10T20:05:55.756482+00:00
439,1765397155.7742841,2025-12-10T20:05:55.774286+00:00
440,1765397155.795609,2025-12-10T20:05:55.795613+00:00
441,1765397155.816523,2025-12-10T20:05:55.816525+00:00
442,1765397155.835414,2025-12-10T20:05:55.835414+00:00
443,1765397155.855393,2025-12-10T20:05:55.855397+00:00
444,1765397155.8736799,2025-12-10T20:05:55.873680+00:00
445,1765397155.89445,2025-12-10T20:05:55.894456+00:00
446,1765397155.913183,2025-12-10T20:05:55.913183+00:00
447,1765397155.932341,2025-12-10T20:05:55.932345+00:00
448,1765397155.95326,2025-12-10T20:05:55.953261+00:00
449,1765397155.9741251,2025-12-10T20:05:55.974126+00:00
450,1765397155.994357,2025-12-10T20:05:55.994359+00:00
451,1765397156.015218,2025-12-10T20:05:56.015219+00:00
452,1765397156.036085,2025-12-10T20:05:56.036086+00:00
453,1765397156.0569549,2025-12-10T20:05:56.056956+00:00
454,1765397156.077821,2025-12-10T20:05:56.077823+00:00
455,1765397156.095305,2025-12-10T20:05:56.095308+00:00
456,1765397156.1162162,2025-12-10T20:05:56.116223+00:00
457,1765397156.136683,2025-12-10T20:05:56.136695+00:00
458,1765397156.154523,2025-12-10T20:05:56.154530+00:00
459,1765397156.175296,2025-12-10T20:05:56.175301+00:00
460,1765397156.192495,2025-12-10T20:05:56.192498+00:00
461,1765397156.211412,2025-12-10T20:05:56.211416+00:00
462,1765397156.230828,2025-12-10T20:05:56.230830+00:00
463,1765397156.25031,2025-12-10T20:05:56.250311+00:00
464,1765397156.271165,2025-12-10T20:05:56.271168+00:00
465,1765397156.2920299,2025-12-10T20:05:56.292033+00:00
466,1765397156.310654,2025-12-10T20:05:56.310659+00:00
467,1765397156.330674,2025-12-10T20:05:56.330682+00:00
468,1765397156.3515918,2025-12-10T20:05:56.351597+00:00
469,1765397156.368522,2025-12-10T20:05:56.368526+00:00
470,1765397156.389427,2025-12-10T20:05:56.389430+00:00
471,1765397156.410311,2025-12-10T20:05:56.410314+00:00
472,1765397156.430743,2025-12-10T20:05:56.430744+00:00
473,1765397156.451595,2025-12-10T20:05:56.451596+00:00
474,1765397156.469634,2025-12-10T20:05:56.469635+00:00
475,1765397156.490488,2025-12-10T20:05:56.490489+00:00
476,1765397156.507806,2025-12-10T20:05:56.507808+00:00
477,1765397156.52746,2025-12-10T20:05:56.527463+00:00
478,1765397156.544508,2025-12-10T20:05:56.544511+00:00
479,1765397156.565384,2025-12-10T20:05:56.565386+00:00
480,1765397156.582269,2025-12-10T20:05:56.582275+00:00
481,1765397156.599364,2025-12-10T20:05:56.599369+00:00
482,1765397156.620019,2025-12-10T20:05:56.620021+00:00
483,1765397156.6408918,2025-12-10T20:05:56.640895+00:00
484,1765397156.66125,2025-12-10T20:05:56.661254+00:00
485,1765397156.6783512,2025-12-10T20:05:56.678352+00:00
486,1765397156.697948,2025-12-10T20:05:56.697949+00:00
487,1765397156.718804,2025-12-10T20:05:56.718805+00:00
488,1765397156.736198,2025-12-10T20:05:56.736204+00:00
489,1765397156.756128,2025-12-10T20:05:56.756133+00:00
490,1765397156.775938,2025-12-10T20:05:56.775940+00:00
491,1765397156.795233,2025-12-10T20:05:56.795234+00:00
492,1765397156.816103,2025-12-10T20:05:56.816107+00:00
493,1765397156.835776,2025-12-10T20:05:56.835781+00:00
494,1765397156.8526871,2025-12-10T20:05:56.852695+00:00
495,1765397156.873603,2025-12-10T20:05:56.873606+00:00
496,1765397156.8945038,2025-12-10T20:05:56.894510+00:00
497,1765397156.9146821,2025-12-10T20:05:56.914686+00:00
498,1765397156.935562,2025-12-10T20:05:56.935565+00:00
499,1765397156.953324,2025-12-10T20:05:56.953328+00:00
500,1765397156.971155,2025-12-10T20:05:56.971158+00:00
501,1765397156.99054,2025-12-10T20:05:56.990547+00:00
502,1765397157.0114481,2025-12-10T20:05:57.011454+00:00
503,1765397157.028406,2025-12-10T20:05:57.028410+00:00
504,1765397157.046561,2025-12-10T20:05:57.046564+00:00
505,1765397157.067441,2025-12-10T20:05:57.067445+00:00
506,1765397157.08612,2025-12-10T20:05:57.086126+00:00
507,1765397157.103331,2025-12-10T20:05:57.103337+00:00
508,1765397157.124256,2025-12-10T20:05:57.124260+00:00
509,1765397157.1451578,2025-12-10T20:05:57.145160+00:00
510,1765397157.1620638,2025-12-10T20:05:57.162066+00:00
511,1765397157.1829429,2025-12-10T20:05:57.182948+00:00
512,1765397157.201782,2025-12-10T20:05:57.201785+00:00
513,1765397157.219935,2025-12-10T20:05:57.219939+00:00
514,1765397157.24085,2025-12-10T20:05:57.240855+00:00
515,1765397157.261578,2025-12-10T20:05:57.261581+00:00
516,1765397157.28246,2025-12-10T20:05:57.282465+00:00
517,1765397157.299951,2025-12-10T20:05:57.299959+00:00
518,1765397157.319903,2025-12-10T20:05:57.319905+00:00
519,1765397157.339366,2025-12-10T20:05:57.339373+00:00
520,1765397157.360298,2025-12-10T20:05:57.360301+00:00
521,1765397157.381171,2025-12-10T20:05:57.381176+00:00
522,1765397157.402137,2025-12-10T20:05:57.402147+00:00
523,1765397157.42283,2025-12-10T20:05:57.422835+00:00
524,1765397157.4437308,2025-12-10T20:05:57.443733+00:00
525,1765397157.461557,2025-12-10T20:05:57.461559+00:00
526,1765397157.482442,2025-12-10T20:05:57.482443+00:00
527,1765397157.502795,2025-12-10T20:05:57.502799+00:00
528,1765397157.523675,2025-12-10T20:05:57.523680+00:00
529,1765397157.54302,2025-12-10T20:05:57.543025+00:00
530,1765397157.563363,2025-12-10T20:05:57.563368+00:00
531,1765397157.584262,2025-12-10T20:05:57.584266+00:00
532,1765397157.602411,2025-12-10T20:05:57.602417+00:00
533,1765397157.619812,2025-12-10T20:05:57.619816+00:00
534,1765397157.640694,2025-12-10T20:05:57.640698+00:00
535,1765397157.660806,2025-12-10T20:05:57.660814+00:00
536,1765397157.678818,2025-12-10T20:05:57.678823+00:00
537,1765397157.699729,2025-12-10T20:05:57.699732+00:00
538,1765397157.7193651,2025-12-10T20:05:57.719368+00:00
539,1765397157.740245,2025-12-10T20:05:57.740249+00:00
540,1765397157.760403,2025-12-10T20:05:57.760407+00:00
541,1765397157.78128,2025-12-10T20:05:57.781281+00:00
542,1765397157.8021262,2025-12-10T20:05:57.802126+00:00
543,1765397157.819752,2025-12-10T20:05:57.819752+00:00
544,1765397157.839474,2025-12-10T20:05:57.839475+00:00
545,1765397157.860346,2025-12-10T20:05:57.860347+00:00
546,1765397157.8774679,2025-12-10T20:05:57.877471+00:00
547,1765397157.897716,2025-12-10T20:05:57.897717+00:00
548,1765397157.9185889,2025-12-10T20:05:57.918594+00:00
549,1765397157.938999,2025-12-10T20:05:57.939000+00:00
550,1765397157.9560199,2025-12-10T20:05:57.956027+00:00
551,1765397157.976937,2025-12-10T20:05:57.976940+00:00
552,1765397157.9978108,2025-12-10T20:05:57.997813+00:00
553,1765397158.01867,2025-12-10T20:05:58.018673+00:00
554,1765397158.035411,2025-12-10T20:05:58.035413+00:00
555,1765397158.052984,2025-12-10T20:05:58.052987+00:00
556,1765397158.0739121,2025-12-10T20:05:58.073916+00:00
557,1765397158.0938392,2025-12-10T20:05:58.093843+00:00
558,1765397158.114101,2025-12-10T20:05:58.114105+00:00
559,1765397158.1349719,2025-12-10T20:05:58.134976+00:00
560,1765397158.153383,2025-12-10T20:05:58.153389+00:00
561,1765397158.174291,2025-12-10T20:05:58.174296+00:00
562,1765397158.195055,2025-12-10T20:05:58.195091+00:00
563,1765397158.216,2025-12-10T20:05:58.216004+00:00
564,1765397158.236717,2025-12-10T20:05:58.236721+00:00
565,1765397158.2575989,2025-12-10T20:05:58.257605+00:00
566,1765397158.277784,2025-12-10T20:05:58.277791+00:00
567,1765397158.298691,2025-12-10T20:05:58.298696+00:00
568,1765397158.319592,2025-12-10T20:05:58.319597+00:00
569,1765397158.337899,2025-12-10T20:05:58.337903+00:00
570,1765397158.3564448,2025-12-10T20:05:58.356449+00:00
571,1765397158.373589,2025-12-10T20:05:58.373596+00:00
572,1765397158.394486,2025-12-10T20:05:58.394492+00:00
573,1765397158.415394,2025-12-10T20:05:58.415400+00:00
574,1765397158.4362938,2025-12-10T20:05:58.436299+00:00
575,1765397158.456924,2025-12-10T20:05:58.456927+00:00
576,1765397158.47485,2025-12-10T20:05:58.474853+00:00
577,1765397158.4948878,2025-12-10T20:05:58.494890+00:00
578,1765397158.512108,2025-12-10T20:05:58.512112+00:00
579,1765397158.5288808,2025-12-10T20:05:58.528883+00:00
580,1765397158.549767,2025-12-10T20:05:58.549771+00:00
581,1765397158.566817,2025-12-10T20:05:58.566820+00:00
582,1765397158.587703,2025-12-10T20:05:58.587706+00:00
583,1765397158.607611,2025-12-10T20:05:58.607618+00:00
584,1765397158.6285162,2025-12-10T20:05:58.628518+00:00
585,1765397158.6494038,2025-12-10T20:05:58.649407+00:00
586,1765397158.669664,2025-12-10T20:05:58.669668+00:00
587,1765397158.686751,2025-12-10T20:05:58.686755+00:00
588,1765397158.706937,2025-12-10T20:05:58.706939+00:00
589,1765397158.72385,2025-12-10T20:05:58.723854+00:00
590,1765397158.741195,2025-12-10T20:05:58.741197+00:00
591,1765397158.761808,2025-12-10T20:05:58.761811+00:00
592,1765397158.781641,2025-12-10T20:05:58.781644+00:00
593,1765397158.799232,2025-12-10T20:05:58.799237+00:00
594,1765397158.8164349,2025-12-10T20:05:58.816438+00:00
595,1765397158.837335,2025-12-10T20:05:58.837342+00:00
596,1765397158.8580108,2025-12-10T20:05:58.858016+00:00
597,1765397158.87871,2025-12-10T20:05:58.878716+00:00
598,1765397158.8992481,2025-12-10T20:05:58.899255+00:00
599,1765397158.9201438,2025-12-10T20:05:58.920150+00:00
600,1765397158.94082,2025-12-10T20:05:58.940824+00:00
601,1765397158.9617002,2025-12-10T20:05:58.961704+00:00
602,1765397158.982603,2025-12-10T20:05:58.982608+00:00
603,1765397159.0006778,2025-12-10T20:05:59.000683+00:00
604,1765397159.0215821,2025-12-10T20:05:59.021586+00:00
605,1765397159.041932,2025-12-10T20:05:59.041952+00:00
606,1765397159.060828,2025-12-10T20:05:59.060835+00:00
607,1765397159.0816581,2025-12-10T20:05:59.081664+00:00
608,1765397159.1025338,2025-12-10T20:05:59.102536+00:00
609,1765397159.1217752,2025-12-10T20:05:59.121781+00:00
610,1765397159.1412559,2025-12-10T20:05:59.141261+00:00
611,1765397159.162136,2025-12-10T20:05:59.162138+00:00
612,1765397159.183006,2025-12-10T20:05:59.183009+00:00
613,1765397159.2036438,2025-12-10T20:05:59.203648+00:00
614,1765397159.22062,2025-12-10T20:05:59.220623+00:00
615,1765397159.2409542,2025-12-10T20:05:59.240961+00:00
616,1765397159.261867,2025-12-10T20:05:59.261874+00:00
617,1765397159.2825851,2025-12-10T20:05:59.282592+00:00
618,1765397159.299967,2025-12-10T20:05:59.299969+00:00
619,1765397159.317759,2025-12-10T20:05:59.317764+00:00
620,1765397159.338662,2025-12-10T20:05:59.338664+00:00
621,1765397159.3595378,2025-12-10T20:05:59.359539+00:00
622,1765397159.3779368,2025-12-10T20:05:59.377939+00:00
623,1765397159.3955798,2025-12-10T20:05:59.395582+00:00
624,1765397159.415957,2025-12-10T20:05:59.415959+00:00
625,1765397159.4368262,2025-12-10T20:05:59.436830+00:00
626,1765397159.455727,2025-12-10T20:05:59.455728+00:00
627,1765397159.476591,2025-12-10T20:05:59.476595+00:00
628,1765397159.497493,2025-12-10T20:05:59.497496+00:00
629,1765397159.518365,2025-12-10T20:05:59.518367+00:00
630,1765397159.53716,2025-12-10T20:05:59.537162+00:00
631,1765397159.557419,2025-12-10T20:05:59.557421+00:00
632,1765397159.5750341,2025-12-10T20:05:59.575036+00:00
633,1765397159.595895,2025-12-10T20:05:59.595898+00:00
634,1765397159.615886,2025-12-10T20:05:59.615891+00:00
635,1765397159.636807,2025-12-10T20:05:59.636813+00:00
636,1765397159.657098,2025-12-10T20:05:59.657106+00:00
637,1765397159.6741571,2025-12-10T20:05:59.674164+00:00
638,1765397159.690923,2025-12-10T20:05:59.690925+00:00
639,1765397159.711788,2025-12-10T20:05:59.711791+00:00
640,1765397159.728881,2025-12-10T20:05:59.728886+00:00
641,1765397159.749782,2025-12-10T20:05:59.749785+00:00
642,1765397159.769172,2025-12-10T20:05:59.769176+00:00
643,1765397159.790093,2025-12-10T20:05:59.790100+00:00
644,1765397159.8100858,2025-12-10T20:05:59.810092+00:00
645,1765397159.829407,2025-12-10T20:05:59.829409+00:00
646,1765397159.8491662,2025-12-10T20:05:59.849169+00:00
647,1765397159.869168,2025-12-10T20:05:59.869169+00:00
648,1765397159.890039,2025-12-10T20:05:59.890043+00:00
649,1765397159.9075189,2025-12-10T20:05:59.907530+00:00
650,1765397159.92753,2025-12-10T20:05:59.927541+00:00
651,1765397159.946646,2025-12-10T20:05:59.946652+00:00
652,1765397159.965941,2025-12-10T20:05:59.965947+00:00
653,1765397159.986384,2025-12-10T20:05:59.986386+00:00
654,1765397160.0072582,2025-12-10T20:06:00.007262+00:00
655,1765397160.028165,2025-12-10T20:06:00.028179+00:00
656,1765397160.049088,2025-12-10T20:06:00.049092+00:00
657,1765397160.068202,2025-12-10T20:06:00.068207+00:00
658,1765397160.089098,2025-12-10T20:06:00.089100+00:00
659,1765397160.109975,2025-12-10T20:06:00.109978+00:00
660,1765397160.130862,2025-12-10T20:06:00.130867+00:00
661,1765397160.149225,2025-12-10T20:06:00.149227+00:00
662,1765397160.170086,2025-12-10T20:06:00.170089+00:00
663,1765397160.19095,2025-12-10T20:06:00.190959+00:00
664,1765397160.211843,2025-12-10T20:06:00.211848+00:00
665,1765397160.229434,2025-12-10T20:06:00.229439+00:00
666,1765397160.249019,2025-12-10T20:06:00.249022+00:00
667,1765397160.266003,2025-12-10T20:06:00.266008+00:00
668,1765397160.286805,2025-12-10T20:06:00.286810+00:00
669,1765397160.3077152,2025-12-10T20:06:00.307719+00:00
670,1765397160.328591,2025-12-10T20:06:00.328592+00:00
671,1765397160.349205,2025-12-10T20:06:00.349206+00:00
672,1765397160.370068,2025-12-10T20:06:00.370072+00:00
673,1765397160.39087,2025-12-10T20:06:00.390873+00:00
674,1765397160.410105,2025-12-10T20:06:00.410108+00:00
675,1765397160.429981,2025-12-10T20:06:00.429983+00:00
676,1765397160.449187,2025-12-10T20:06:00.449188+00:00
677,1765397160.470111,2025-12-10T20:06:00.470115+00:00
678,1765397160.490994,2025-12-10T20:06:00.490997+00:00
679,1765397160.5108402,2025-12-10T20:06:00.510845+00:00
680,1765397160.531732,2025-12-10T20:06:00.531735+00:00
681,1765397160.55263,2025-12-10T20:06:00.552633+00:00
682,1765397160.570457,2025-12-10T20:06:00.570460+00:00
683,1765397160.5913448,2025-12-10T20:06:00.591348+00:00
684,1765397160.6122482,2025-12-10T20:06:00.612250+00:00
685,1765397160.632694,2025-12-10T20:06:00.632698+00:00
686,1765397160.649657,2025-12-10T20:06:00.649659+00:00
687,1765397160.670539,2025-12-10T20:06:00.670543+00:00
688,1765397160.691432,2025-12-10T20:06:00.691433+00:00
689,1765397160.7122922,2025-12-10T20:06:00.712295+00:00
690,1765397160.729228,2025-12-10T20:06:00.729229+00:00
691,1765397160.749228,2025-12-10T20:06:00.749230+00:00
692,1765397160.770113,2025-12-10T20:06:00.770114+00:00
693,1765397160.7908092,2025-12-10T20:06:00.790811+00:00
694,1765397160.811689,2025-12-10T20:06:00.811690+00:00
695,1765397160.8313699,2025-12-10T20:06:00.831372+00:00
696,1765397160.8491352,2025-12-10T20:06:00.849138+00:00
697,1765397160.870035,2025-12-10T20:06:00.870036+00:00
698,1765397160.8908968,2025-12-10T20:06:00.890897+00:00
699,1765397160.9117582,2025-12-10T20:06:00.911764+00:00
700,1765397160.929538,2025-12-10T20:06:00.929539+00:00
701,1765397160.950388,2025-12-10T20:06:00.950389+00:00
702,1765397160.971243,2025-12-10T20:06:00.971244+00:00
703,1765397160.99052,2025-12-10T20:06:00.990522+00:00
704,1765397161.011415,2025-12-10T20:06:01.011420+00:00
705,1765397161.028988,2025-12-10T20:06:01.028992+00:00
706,1765397161.049085,2025-12-10T20:06:01.049088+00:00
707,1765397161.0699651,2025-12-10T20:06:01.069968+00:00
708,1765397161.090752,2025-12-10T20:06:01.090756+00:00
709,1765397161.111638,2025-12-10T20:06:01.111642+00:00
710,1765397161.132513,2025-12-10T20:06:01.132516+00:00
711,1765397161.1520178,2025-12-10T20:06:01.152021+00:00
712,1765397161.172943,2025-12-10T20:06:01.172946+00:00
713,1765397161.189947,2025-12-10T20:06:01.189948+00:00
714,1765397161.2076411,2025-12-10T20:06:01.207643+00:00
715,1765397161.228524,2025-12-10T20:06:01.228528+00:00
716,1765397161.249428,2025-12-10T20:06:01.249429+00:00
717,1765397161.2703009,2025-12-10T20:06:01.270307+00:00
718,1765397161.291222,2025-12-10T20:06:01.291227+00:00
719,1765397161.3108659,2025-12-10T20:06:01.310873+00:00
720,1765397161.3317811,2025-12-10T20:06:01.331788+00:00
721,1765397161.352656,2025-12-10T20:06:01.352661+00:00
722,1765397161.373541,2025-12-10T20:06:01.373543+00:00
723,1765397161.395097,2025-12-10T20:06:01.395102+00:00
724,1765397161.416002,2025-12-10T20:06:01.416011+00:00
725,1765397161.436895,2025-12-10T20:06:01.436898+00:00
726,1765397161.45748,2025-12-10T20:06:01.457486+00:00
727,1765397161.478391,2025-12-10T20:06:01.478396+00:00
728,1765397161.4993112,2025-12-10T20:06:01.499313+00:00
729,1765397161.519339,2025-12-10T20:06:01.519345+00:00
730,1765397161.540247,2025-12-10T20:06:01.540251+00:00
731,1765397161.560381,2025-12-10T20:06:01.560384+00:00
732,1765397161.581255,2025-12-10T20:06:01.581258+00:00
733,1765397161.599723,2025-12-10T20:06:01.599730+00:00
734,1765397161.616866,2025-12-10T20:06:01.616867+00:00
735,1765397161.636564,2025-12-10T20:06:01.636576+00:00
736,1765397161.657516,2025-12-10T20:06:01.657521+00:00
737,1765397161.678418,2025-12-10T20:06:01.678423+00:00
738,1765397161.698401,2025-12-10T20:06:01.698407+00:00
739,1765397161.7157671,2025-12-10T20:06:01.715769+00:00
740,1765397161.732464,2025-12-10T20:06:01.732465+00:00
741,1765397161.753332,2025-12-10T20:06:01.753335+00:00
742,1765397161.771977,2025-12-10T20:06:01.771979+00:00
743,1765397161.790983,2025-12-10T20:06:01.790995+00:00
744,1765397161.8110971,2025-12-10T20:06:01.811097+00:00
745,1765397161.8319612,2025-12-10T20:06:01.831965+00:00
746,1765397161.8502898,2025-12-10T20:06:01.850291+00:00
747,1765397161.870294,2025-12-10T20:06:01.870296+00:00
748,1765397161.8907251,2025-12-10T20:06:01.890726+00:00
749,1765397161.9116,2025-12-10T20:06:01.911606+00:00
750,1765397161.928999,2025-12-10T20:06:01.929000+00:00
751,1765397161.9490461,2025-12-10T20:06:01.949046+00:00
752,1765397161.96651,2025-12-10T20:06:01.966510+00:00
753,1765397161.987363,2025-12-10T20:06:01.987364+00:00
754,1765397162.007377,2025-12-10T20:06:02.007378+00:00
755,1765397162.026983,2025-12-10T20:06:02.026988+00:00
756,1765397162.046093,2025-12-10T20:06:02.046096+00:00
757,1765397162.066977,2025-12-10T20:06:02.066978+00:00
758,1765397162.087851,2025-12-10T20:06:02.087856+00:00
759,1765397162.107429,2025-12-10T20:06:02.107433+00:00
760,1765397162.12656,2025-12-10T20:06:02.126564+00:00
761,1765397162.146084,2025-12-10T20:06:02.146093+00:00
762,1765397162.165774,2025-12-10T20:06:02.165789+00:00
763,1765397162.185514,2025-12-10T20:06:02.185520+00:00
764,1765397162.2064168,2025-12-10T20:06:02.206419+00:00
765,1765397162.2272809,2025-12-10T20:06:02.227282+00:00
766,1765397162.248144,2025-12-10T20:06:02.248147+00:00
767,1765397162.269035,2025-12-10T20:06:02.269042+00:00
768,1765397162.289975,2025-12-10T20:06:02.289978+00:00
769,1765397162.309215,2025-12-10T20:06:02.309220+00:00
770,1765397162.3271549,2025-12-10T20:06:02.327163+00:00
771,1765397162.348067,2025-12-10T20:06:02.348072+00:00
772,1765397162.3680089,2025-12-10T20:06:02.368012+00:00
773,1765397162.388878,2025-12-10T20:06:02.388882+00:00
774,1765397162.411508,2025-12-10T20:06:02.411511+00:00
775,1765397162.435505,2025-12-10T20:06:02.443636+00:00
776,1765397162.466342,2025-12-10T20:06:02.466348+00:00
777,1765397162.487256,2025-12-10T20:06:02.487262+00:00
778,1765397162.5080929,2025-12-10T20:06:02.508098+00:00
779,1765397162.526439,2025-12-10T20:06:02.526451+00:00
780,1765397162.544773,2025-12-10T20:06:02.544776+00:00
781,1765397162.565643,2025-12-10T20:06:02.565646+00:00
782,1765397162.5859258,2025-12-10T20:06:02.585930+00:00
783,1765397162.606833,2025-12-10T20:06:02.606898+00:00
784,1765397162.6276128,2025-12-10T20:06:02.627625+00:00
785,1765397162.645758,2025-12-10T20:06:02.645762+00:00
786,1765397162.6666272,2025-12-10T20:06:02.666629+00:00
787,1765397162.6874828,2025-12-10T20:06:02.687484+00:00
788,1765397162.708357,2025-12-10T20:06:02.708360+00:00
789,1765397162.725209,2025-12-10T20:06:02.725215+00:00
790,1765397162.748071,2025-12-10T20:06:02.748144+00:00
791,1765397162.766578,2025-12-10T20:06:02.766581+00:00
792,1765397162.787463,2025-12-10T20:06:02.787468+00:00
793,1765397162.80757,2025-12-10T20:06:02.807572+00:00
794,1765397162.824333,2025-12-10T20:06:02.824333+00:00
795,1765397162.843381,2025-12-10T20:06:02.843382+00:00
796,1765397162.8624918,2025-12-10T20:06:02.862494+00:00
797,1765397162.882567,2025-12-10T20:06:02.882569+00:00
798,1765397162.9011571,2025-12-10T20:06:02.901160+00:00
799,1765397162.919808,2025-12-10T20:06:02.919811+00:00
800,1765397162.940723,2025-12-10T20:06:02.940732+00:00
801,1765397162.9620638,2025-12-10T20:06:02.962079+00:00
802,1765397162.982982,2025-12-10T20:06:02.982992+00:00
803,1765397163.000246,2025-12-10T20:06:03.000249+00:00
804,1765397163.018463,2025-12-10T20:06:03.018467+00:00
805,1765397163.0393531,2025-12-10T20:06:03.039360+00:00
806,1765397163.058176,2025-12-10T20:06:03.058180+00:00
807,1765397163.079374,2025-12-10T20:06:03.079377+00:00
808,1765397163.099346,2025-12-10T20:06:03.099354+00:00
809,1765397163.1197069,2025-12-10T20:06:03.119714+00:00
810,1765397163.13999,2025-12-10T20:06:03.139993+00:00
811,1765397163.1576488,2025-12-10T20:06:03.157651+00:00
812,1765397163.178507,2025-12-10T20:06:03.178511+00:00
813,1765397163.1993852,2025-12-10T20:06:03.199388+00:00
814,1765397163.219747,2025-12-10T20:06:03.219749+00:00
815,1765397163.2406101,2025-12-10T20:06:03.240613+00:00
816,1765397163.257998,2025-12-10T20:06:03.258003+00:00
817,1765397163.275902,2025-12-10T20:06:03.275907+00:00
818,1765397163.294453,2025-12-10T20:06:03.294458+00:00
819,1765397163.3153448,2025-12-10T20:06:03.315349+00:00
820,1765397163.336215,2025-12-10T20:06:03.336217+00:00
821,1765397163.353798,2025-12-10T20:06:03.353800+00:00
822,1765397163.37261,2025-12-10T20:06:03.372612+00:00
823,1765397163.392166,2025-12-10T20:06:03.392170+00:00
824,1765397163.4130292,2025-12-10T20:06:03.413031+00:00
825,1765397163.433892,2025-12-10T20:06:03.433895+00:00
826,1765397163.4548259,2025-12-10T20:06:03.454829+00:00
827,1765397163.47202,2025-12-10T20:06:03.472024+00:00
828,1765397163.4928901,2025-12-10T20:06:03.492892+00:00
829,1765397163.5137548,2025-12-10T20:06:03.513756+00:00
830,1765397163.534606,2025-12-10T20:06:03.534607+00:00
831,1765397163.5554812,2025-12-10T20:06:03.555485+00:00
832,1765397163.576284,2025-12-10T20:06:03.576288+00:00
833,1765397163.595171,2025-12-10T20:06:03.595180+00:00
834,1765397163.6160681,2025-12-10T20:06:03.616073+00:00
835,1765397163.637117,2025-12-10T20:06:03.637131+00:00
836,1765397163.657789,2025-12-10T20:06:03.657799+00:00
837,1765397163.678715,2025-12-10T20:06:03.678719+00:00
838,1765397163.697472,2025-12-10T20:06:03.697480+00:00
839,1765397163.716096,2025-12-10T20:06:03.716100+00:00
840,1765397163.7369978,2025-12-10T20:06:03.737006+00:00
841,1765397163.757678,2025-12-10T20:06:03.757684+00:00
842,1765397163.778665,2025-12-10T20:06:03.778671+00:00
843,1765397163.799932,2025-12-10T20:06:03.799937+00:00
844,1765397163.820804,2025-12-10T20:06:03.820807+00:00
845,1765397163.841005,2025-12-10T20:06:03.841008+00:00
846,1765397163.8597991,2025-12-10T20:06:03.859806+00:00
847,1765397163.880705,2025-12-10T20:06:03.880707+00:00
848,1765397163.9005592,2025-12-10T20:06:03.900682+00:00
849,1765397163.9177651,2025-12-10T20:06:03.917776+00:00
850,1765397163.944879,2025-12-10T20:06:03.944882+00:00
851,1765397163.965764,2025-12-10T20:06:03.965768+00:00
852,1765397163.986649,2025-12-10T20:06:03.986650+00:00
853,1765397164.007509,2025-12-10T20:06:04.007513+00:00
854,1765397164.025457,2025-12-10T20:06:04.025466+00:00
855,1765397164.046365,2025-12-10T20:06:04.046370+00:00
856,1765397164.068373,2025-12-10T20:06:04.068378+00:00
857,1765397164.086905,2025-12-10T20:06:04.086911+00:00
858,1765397164.107199,2025-12-10T20:06:04.107203+00:00
859,1765397164.128077,2025-12-10T20:06:04.128081+00:00
860,1765397164.1489549,2025-12-10T20:06:04.148960+00:00
861,1765397164.169832,2025-12-10T20:06:04.169835+00:00
862,1765397164.186928,2025-12-10T20:06:04.186931+00:00
863,1765397164.207814,2025-12-10T20:06:04.207818+00:00
864,1765397164.228711,2025-12-10T20:06:04.228722+00:00
865,1765397164.2496262,2025-12-10T20:06:04.249631+00:00
866,1765397164.270337,2025-12-10T20:06:04.270349+00:00
867,1765397164.2912588,2025-12-10T20:06:04.291265+00:00
868,1765397164.312156,2025-12-10T20:06:04.312160+00:00
869,1765397164.3295171,2025-12-10T20:06:04.329521+00:00
870,1765397164.34716,2025-12-10T20:06:04.347164+00:00
871,1765397164.368036,2025-12-10T20:06:04.368041+00:00
872,1765397164.388928,2025-12-10T20:06:04.388931+00:00
873,1765397164.407495,2025-12-10T20:06:04.407499+00:00
874,1765397164.428374,2025-12-10T20:06:04.428378+00:00
875,1765397164.448926,2025-12-10T20:06:04.448934+00:00
876,1765397164.469847,2025-12-10T20:06:04.469852+00:00
877,1765397164.486783,2025-12-10T20:06:04.486792+00:00
878,1765397164.507714,2025-12-10T20:06:04.507717+00:00
879,1765397164.529067,2025-12-10T20:06:04.529072+00:00
880,1765397164.546284,2025-12-10T20:06:04.546286+00:00
881,1765397164.56397,2025-12-10T20:06:04.563974+00:00
882,1765397164.584866,2025-12-10T20:06:04.584869+00:00
883,1765397164.604206,2025-12-10T20:06:04.604211+00:00
884,1765397164.621683,2025-12-10T20:06:04.621687+00:00
885,1765397164.6392498,2025-12-10T20:06:04.639255+00:00
886,1765397164.660171,2025-12-10T20:06:04.660177+00:00
887,1765397164.679265,2025-12-10T20:06:04.679270+00:00
888,1765397164.6974661,2025-12-10T20:06:04.697471+00:00
889,1765397164.7184,2025-12-10T20:06:04.718407+00:00
890,1765397164.737876,2025-12-10T20:06:04.737885+00:00
891,1765397164.758794,2025-12-10T20:06:04.758797+00:00
892,1765397164.7755919,2025-12-10T20:06:04.775597+00:00
893,1765397164.794223,2025-12-10T20:06:04.794226+00:00
894,1765397164.812941,2025-12-10T20:06:04.812946+00:00
895,1765397164.83328,2025-12-10T20:06:04.833289+00:00
896,1765397164.854197,2025-12-10T20:06:04.854200+00:00
897,1765397164.8713899,2025-12-10T20:06:04.871394+00:00
898,1765397164.890856,2025-12-10T20:06:04.890857+00:00
899,1765397164.910178,2025-12-10T20:06:04.910179+00:00
900,1765397164.9299,2025-12-10T20:06:04.929905+00:00
901,1765397164.950476,2025-12-10T20:06:04.950480+00:00
902,1765397164.971305,2025-12-10T20:06:04.971309+00:00
903,1765397164.9902442,2025-12-10T20:06:04.990256+00:00
904,1765397165.00945,2025-12-10T20:06:05.009458+00:00
905,1765397165.028436,2025-12-10T20:06:05.028442+00:00
906,1765397165.0493598,2025-12-10T20:06:05.049365+00:00
907,1765397165.070245,2025-12-10T20:06:05.070248+00:00
908,1765397165.0884402,2025-12-10T20:06:05.088445+00:00
909,1765397165.106325,2025-12-10T20:06:05.106329+00:00
910,1765397165.1250381,2025-12-10T20:06:05.125050+00:00
911,1765397165.143463,2025-12-10T20:06:05.143468+00:00
912,1765397165.163699,2025-12-10T20:06:05.163703+00:00
913,1765397165.184577,2025-12-10T20:06:05.184580+00:00
914,1765397165.204917,2025-12-10T20:06:05.204922+00:00
915,1765397165.225704,2025-12-10T20:06:05.225710+00:00
916,1765397165.245408,2025-12-10T20:06:05.245412+00:00
917,1765397165.266297,2025-12-10T20:06:05.266304+00:00
918,1765397165.2872179,2025-12-10T20:06:05.287239+00:00
919,1765397165.3067892,2025-12-10T20:06:05.306793+00:00
920,1765397165.327582,2025-12-10T20:06:05.327587+00:00
921,1765397165.348476,2025-12-10T20:06:05.348493+00:00
922,1765397165.369411,2025-12-10T20:06:05.369421+00:00
923,1765397165.386914,2025-12-10T20:06:05.386917+00:00
924,1765397165.407267,2025-12-10T20:06:05.407274+00:00
925,1765397165.4282281,2025-12-10T20:06:05.428233+00:00
926,1765397165.4457312,2025-12-10T20:06:05.445736+00:00
927,1765397165.465119,2025-12-10T20:06:05.465122+00:00
928,1765397165.4847639,2025-12-10T20:06:05.484769+00:00
929,1765397165.5042481,2025-12-10T20:06:05.504327+00:00
930,1765397165.523607,2025-12-10T20:06:05.523613+00:00
931,1765397165.544502,2025-12-10T20:06:05.544507+00:00
932,1765397165.5626938,2025-12-10T20:06:05.562699+00:00
933,1765397165.5835211,2025-12-10T20:06:05.583527+00:00
934,1765397165.604407,2025-12-10T20:06:05.604412+00:00
935,1765397165.624607,2025-12-10T20:06:05.624612+00:00
936,1765397165.6417,2025-12-10T20:06:05.641705+00:00
937,1765397165.658724,2025-12-10T20:06:05.658734+00:00
938,1765397165.6796522,2025-12-10T20:06:05.679658+00:00
939,1765397165.699693,2025-12-10T20:06:05.699697+00:00
940,1765397165.716701,2025-12-10T20:06:05.716705+00:00
941,1765397165.7375941,2025-12-10T20:06:05.737596+00:00
942,1765397165.758463,2025-12-10T20:06:05.758467+00:00
943,1765397165.777521,2025-12-10T20:06:05.777525+00:00
944,1765397165.798421,2025-12-10T20:06:05.798429+00:00
945,1765397165.817301,2025-12-10T20:06:05.817315+00:00
946,1765397165.83411,2025-12-10T20:06:05.834117+00:00
947,1765397165.8550231,2025-12-10T20:06:05.855027+00:00
948,1765397165.875167,2025-12-10T20:06:05.875170+00:00
949,1765397165.8924758,2025-12-10T20:06:05.892481+00:00
950,1765397165.910516,2025-12-10T20:06:05.910520+00:00
951,1765397165.9305239,2025-12-10T20:06:05.930529+00:00
952,1765397165.951607,2025-12-10T20:06:05.951611+00:00
953,1765397165.9716191,2025-12-10T20:06:05.971623+00:00
954,1765397165.990918,2025-12-10T20:06:05.990920+00:00
955,1765397166.011573,2025-12-10T20:06:06.011575+00:00
956,1765397166.032442,2025-12-10T20:06:06.032444+00:00
957,1765397166.053304,2025-12-10T20:06:06.053308+00:00
958,1765397166.0728168,2025-12-10T20:06:06.072821+00:00
959,1765397166.090548,2025-12-10T20:06:06.090800+00:00
960,1765397166.108278,2025-12-10T20:06:06.108283+00:00
961,1765397166.129178,2025-12-10T20:06:06.129182+00:00
962,1765397166.1499069,2025-12-10T20:06:06.149912+00:00
963,1765397166.166815,2025-12-10T20:06:06.166816+00:00
964,1765397166.186305,2025-12-10T20:06:06.186308+00:00
965,1765397166.207187,2025-12-10T20:06:06.207191+00:00
966,1765397166.228064,2025-12-10T20:06:06.228068+00:00
967,1765397166.24842,2025-12-10T20:06:06.248427+00:00
968,1765397166.267373,2025-12-10T20:06:06.267378+00:00
969,1765397166.2882712,2025-12-10T20:06:06.288276+00:00
970,1765397166.308696,2025-12-10T20:06:06.308701+00:00
971,1765397166.329598,2025-12-10T20:06:06.329604+00:00
972,1765397166.347789,2025-12-10T20:06:06.347791+00:00
973,1765397166.368669,2025-12-10T20:06:06.368674+00:00
974,1765397166.3881001,2025-12-10T20:06:06.388110+00:00
975,1765397166.407547,2025-12-10T20:06:06.407551+00:00
976,1765397166.4276302,2025-12-10T20:06:06.427635+00:00
977,1765397166.4483159,2025-12-10T20:06:06.448326+00:00
978,1765397166.46927,2025-12-10T20:06:06.469277+00:00
979,1765397166.490176,2025-12-10T20:06:06.490178+00:00
980,1765397166.510126,2025-12-10T20:06:06.510130+00:00
981,1765397166.531008,2025-12-10T20:06:06.531018+00:00
982,1765397166.551904,2025-12-10T20:06:06.551906+00:00
983,1765397166.572772,2025-12-10T20:06:06.572776+00:00
984,1765397166.593673,2025-12-10T20:06:06.593677+00:00
985,1765397166.614563,2025-12-10T20:06:06.614566+00:00
986,1765397166.6341062,2025-12-10T20:06:06.634109+00:00
987,1765397166.6537411,2025-12-10T20:06:06.653746+00:00
988,1765397166.67352,2025-12-10T20:06:06.673529+00:00
989,1765397166.6944551,2025-12-10T20:06:06.694457+00:00
990,1765397166.711811,2025-12-10T20:06:06.711812+00:00
991,1765397166.7326798,2025-12-10T20:06:06.732684+00:00
992,1765397166.7535748,2025-12-10T20:06:06.753581+00:00
993,1765397166.7744992,2025-12-10T20:06:06.774505+00:00
994,1765397166.795062,2025-12-10T20:06:06.795068+00:00
995,1765397166.815964,2025-12-10T20:06:06.815968+00:00
996,1765397166.836846,2025-12-10T20:06:06.836853+00:00
997,1765397166.856897,2025-12-10T20:06:06.856904+00:00
998,1765397166.875096,2025-12-10T20:06:06.875101+00:00
999,1765397166.895993,2025-12-10T20:06:06.895999+00:00
1000,1765397166.916882,2025-12-10T20:06:06.916884+00:00
1001,1765397166.9338849,2025-12-10T20:06:06.933891+00:00
1002,1765397166.9515011,2025-12-10T20:06:06.951502+00:00
1003,1765397166.970618,2025-12-10T20:06:06.970620+00:00
1004,1765397166.991502,2025-12-10T20:06:06.991503+00:00
1005,1765397167.01238,2025-12-10T20:06:07.012386+00:00
1006,1765397167.033281,2025-12-10T20:06:07.033285+00:00
1007,1765397167.0505311,2025-12-10T20:06:07.050533+00:00
1008,1765397167.067393,2025-12-10T20:06:07.067399+00:00
1009,1765397167.088303,2025-12-10T20:06:07.088306+00:00
1010,1765397167.108563,2025-12-10T20:06:07.108570+00:00
1011,1765397167.129478,2025-12-10T20:06:07.129487+00:00
1012,1765397167.1476421,2025-12-10T20:06:07.147643+00:00
1013,1765397167.168502,2025-12-10T20:06:07.168505+00:00
1014,1765397167.185994,2025-12-10T20:06:07.185998+00:00
1015,1765397167.2055092,2025-12-10T20:06:07.205510+00:00
1016,1765397167.226381,2025-12-10T20:06:07.226384+00:00
1017,1765397167.247273,2025-12-10T20:06:07.247277+00:00
1018,1765397167.268188,2025-12-10T20:06:07.268193+00:00
1019,1765397167.28525,2025-12-10T20:06:07.285251+00:00
1020,1765397167.302096,2025-12-10T20:06:07.302099+00:00
1021,1765397167.319917,2025-12-10T20:06:07.319922+00:00
1022,1765397167.340833,2025-12-10T20:06:07.340837+00:00
1023,1765397167.3617249,2025-12-10T20:06:07.361727+00:00
1024,1765397167.382594,2025-12-10T20:06:07.382598+00:00
1025,1765397167.403583,2025-12-10T20:06:07.403584+00:00
1026,1765397167.424453,2025-12-10T20:06:07.424460+00:00
1027,1765397167.445909,2025-12-10T20:06:07.445913+00:00
1028,1765397167.465587,2025-12-10T20:06:07.465589+00:00
1029,1765397167.486461,2025-12-10T20:06:07.486467+00:00
1030,1765397167.5074198,2025-12-10T20:06:07.507427+00:00
1031,1765397167.527688,2025-12-10T20:06:07.527693+00:00
1032,1765397167.5461838,2025-12-10T20:06:07.546188+00:00
1033,1765397167.567074,2025-12-10T20:06:07.567080+00:00
1034,1765397167.5838552,2025-12-10T20:06:07.583859+00:00
1035,1765397167.6029708,2025-12-10T20:06:07.602976+00:00
1036,1765397167.6238751,2025-12-10T20:06:07.623878+00:00
1037,1765397167.644783,2025-12-10T20:06:07.644788+00:00
1038,1765397167.665688,2025-12-10T20:06:07.665691+00:00
1039,1765397167.686551,2025-12-10T20:06:07.686553+00:00
1040,1765397167.707413,2025-12-10T20:06:07.707418+00:00
1041,1765397167.728307,2025-12-10T20:06:07.728308+00:00
1042,1765397167.749177,2025-12-10T20:06:07.749181+00:00
1043,1765397167.7700741,2025-12-10T20:06:07.770081+00:00
1044,1765397167.790987,2025-12-10T20:06:07.790994+00:00
1045,1765397167.808241,2025-12-10T20:06:07.808248+00:00
1046,1765397167.828063,2025-12-10T20:06:07.828069+00:00
1047,1765397167.848886,2025-12-10T20:06:07.848890+00:00
1048,1765397167.866164,2025-12-10T20:06:07.866176+00:00
1049,1765397167.886357,2025-12-10T20:06:07.886364+00:00
1050,1765397167.907248,2025-12-10T20:06:07.907250+00:00
1051,1765397167.9244301,2025-12-10T20:06:07.924431+00:00
1052,1765397167.941534,2025-12-10T20:06:07.941537+00:00
1053,1765397167.9588869,2025-12-10T20:06:07.958893+00:00
1054,1765397167.9790452,2025-12-10T20:06:07.979050+00:00
1055,1765397167.999962,2025-12-10T20:06:07.999978+00:00
1056,1765397168.0168629,2025-12-10T20:06:08.016869+00:00
1057,1765397168.037266,2025-12-10T20:06:08.037270+00:00
1058,1765397168.057964,2025-12-10T20:06:08.057974+00:00
1059,1765397168.078892,2025-12-10T20:06:08.078899+00:00
1060,1765397168.0998049,2025-12-10T20:06:08.099808+00:00
1061,1765397168.1165318,2025-12-10T20:06:08.116536+00:00
1062,1765397168.137404,2025-12-10T20:06:08.137408+00:00
1063,1765397168.158038,2025-12-10T20:06:08.158041+00:00
1064,1765397168.178497,2025-12-10T20:06:08.178500+00:00
1065,1765397168.19937,2025-12-10T20:06:08.199373+00:00
1066,1765397168.216637,2025-12-10T20:06:08.216644+00:00
1067,1765397168.237549,2025-12-10T20:06:08.237557+00:00
1068,1765397168.255594,2025-12-10T20:06:08.255601+00:00
1069,1765397168.276543,2025-12-10T20:06:08.276570+00:00
1070,1765397168.29529,2025-12-10T20:06:08.295294+00:00
1071,1765397168.3161201,2025-12-10T20:06:08.316125+00:00
1072,1765397168.337025,2025-12-10T20:06:08.337031+00:00
1073,1765397168.356715,2025-12-10T20:06:08.356719+00:00
1074,1765397168.3750348,2025-12-10T20:06:08.375041+00:00
1075,1765397168.395936,2025-12-10T20:06:08.395938+00:00
1076,1765397168.416802,2025-12-10T20:06:08.416805+00:00
1077,1765397168.435016,2025-12-10T20:06:08.435018+00:00
1078,1765397168.4538639,2025-12-10T20:06:08.453867+00:00
1079,1765397168.47328,2025-12-10T20:06:08.473283+00:00
1080,1765397168.494029,2025-12-10T20:06:08.494034+00:00
1081,1765397168.511668,2025-12-10T20:06:08.511674+00:00
1082,1765397168.5319219,2025-12-10T20:06:08.531951+00:00
1083,1765397168.552873,2025-12-10T20:06:08.552875+00:00
1084,1765397168.573741,2025-12-10T20:06:08.573745+00:00
1085,1765397168.591927,2025-12-10T20:06:08.591932+00:00
1086,1765397168.612848,2025-12-10T20:06:08.612852+00:00
1087,1765397168.632842,2025-12-10T20:06:08.632847+00:00
1088,1765397168.653761,2025-12-10T20:06:08.653768+00:00
1089,1765397168.674679,2025-12-10T20:06:08.674684+00:00
1090,1765397168.694386,2025-12-10T20:06:08.694389+00:00
1091,1765397168.715256,2025-12-10T20:06:08.715257+00:00
1092,1765397168.736125,2025-12-10T20:06:08.736128+00:00
1093,1765397168.753898,2025-12-10T20:06:08.753902+00:00
1094,1765397168.770703,2025-12-10T20:06:08.770706+00:00
1095,1765397168.7916071,2025-12-10T20:06:08.791609+00:00
1096,1765397168.81125,2025-12-10T20:06:08.811251+00:00
1097,1765397168.832114,2025-12-10T20:06:08.832118+00:00
1098,1765397168.852733,2025-12-10T20:06:08.852740+00:00
1099,1765397168.873626,2025-12-10T20:06:08.873629+00:00
1100,1765397168.89121,2025-12-10T20:06:08.891217+00:00
1101,1765397168.912145,2025-12-10T20:06:08.912148+00:00
1102,1765397168.933088,2025-12-10T20:06:08.933093+00:00
1103,1765397168.949904,2025-12-10T20:06:08.949908+00:00
1104,1765397168.9699972,2025-12-10T20:06:08.970001+00:00
1105,1765397168.9887302,2025-12-10T20:06:08.988744+00:00
1106,1765397169.00937,2025-12-10T20:06:09.009378+00:00
1107,1765397169.0280619,2025-12-10T20:06:09.028072+00:00
1108,1765397169.045606,2025-12-10T20:06:09.045611+00:00
1109,1765397169.0665119,2025-12-10T20:06:09.066518+00:00
1110,1765397169.085349,2025-12-10T20:06:09.085357+00:00
1111,1765397169.10407,2025-12-10T20:06:09.104075+00:00
1112,1765397169.125126,2025-12-10T20:06:09.125135+00:00
1113,1765397169.146053,2025-12-10T20:06:09.146056+00:00
1114,1765397169.166882,2025-12-10T20:06:09.166884+00:00
1115,1765397169.187623,2025-12-10T20:06:09.187633+00:00
1116,1765397169.2085829,2025-12-10T20:06:09.208587+00:00
1117,1765397169.228569,2025-12-10T20:06:09.228572+00:00
1118,1765397169.247469,2025-12-10T20:06:09.247472+00:00
1119,1765397169.265513,2025-12-10T20:06:09.265517+00:00
1120,1765397169.2863941,2025-12-10T20:06:09.286398+00:00
1121,1765397169.30729,2025-12-10T20:06:09.307294+00:00
1122,1765397169.32624,2025-12-10T20:06:09.326246+00:00
1123,1765397169.345819,2025-12-10T20:06:09.345822+00:00
1124,1765397169.363507,2025-12-10T20:06:09.363509+00:00
1125,1765397169.3812711,2025-12-10T20:06:09.381275+00:00
1126,1765397169.398977,2025-12-10T20:06:09.398979+00:00
1127,1765397169.417193,2025-12-10T20:06:09.417197+00:00
1128,1765397169.434976,2025-12-10T20:06:09.434977+00:00
1129,1765397169.45525,2025-12-10T20:06:09.455256+00:00
1130,1765397169.473061,2025-12-10T20:06:09.473063+00:00
1131,1765397169.4920661,2025-12-10T20:06:09.492068+00:00
1132,1765397169.5129259,2025-12-10T20:06:09.512928+00:00
1133,1765397169.531981,2025-12-10T20:06:09.531988+00:00
1134,1765397169.550379,2025-12-10T20:06:09.550384+00:00
1135,1765397169.571286,2025-12-10T20:06:09.571291+00:00
1136,1765397169.591187,2025-12-10T20:06:09.591193+00:00
1137,1765397169.61067,2025-12-10T20:06:09.610671+00:00
1138,1765397169.631547,2025-12-10T20:06:09.631552+00:00
1139,1765397169.6524448,2025-12-10T20:06:09.652447+00:00
1140,1765397169.6692932,2025-12-10T20:06:09.669298+00:00
1141,1765397169.6884081,2025-12-10T20:06:09.688413+00:00
1142,1765397169.706549,2025-12-10T20:06:09.706551+00:00
1143,1765397169.725999,2025-12-10T20:06:09.726002+00:00
1144,1765397169.746913,2025-12-10T20:06:09.746919+00:00
1145,1765397169.7639081,2025-12-10T20:06:09.763912+00:00
1146,1765397169.781905,2025-12-10T20:06:09.781907+00:00
1147,1765397169.801907,2025-12-10T20:06:09.801913+00:00
1148,1765397169.8228202,2025-12-10T20:06:09.822826+00:00
1149,1765397169.84369,2025-12-10T20:06:09.843692+00:00
1150,1765397169.860868,2025-12-10T20:06:09.860876+00:00
1151,1765397169.8817978,2025-12-10T20:06:09.881803+00:00
1152,1765397169.902696,2025-12-10T20:06:09.902699+00:00
1153,1765397169.9235861,2025-12-10T20:06:09.923591+00:00
1154,1765397169.941324,2025-12-10T20:06:09.941331+00:00
1155,1765397169.9623098,2025-12-10T20:06:09.962316+00:00
1156,1765397169.979605,2025-12-10T20:06:09.979608+00:00
1157,1765397170.0005178,2025-12-10T20:06:10.000522+00:00
1158,1765397170.0213969,2025-12-10T20:06:10.021400+00:00
1159,1765397170.041186,2025-12-10T20:06:10.041188+00:00
1160,1765397170.0620642,2025-12-10T20:06:10.062070+00:00
1161,1765397170.082979,2025-12-10T20:06:10.082984+00:00
1162,1765397170.102762,2025-12-10T20:06:10.102768+00:00
1163,1765397170.1228008,2025-12-10T20:06:10.122803+00:00
1164,1765397170.1436758,2025-12-10T20:06:10.143680+00:00
1165,1765397170.162286,2025-12-10T20:06:10.162288+00:00
1166,1765397170.1805792,2025-12-10T20:06:10.180584+00:00
1167,1765397170.197933,2025-12-10T20:06:10.197936+00:00
1168,1765397170.2173219,2025-12-10T20:06:10.217329+00:00
1169,1765397170.237015,2025-12-10T20:06:10.237021+00:00
1170,1765397170.257934,2025-12-10T20:06:10.257941+00:00
1171,1765397170.277073,2025-12-10T20:06:10.277077+00:00
1172,1765397170.295527,2025-12-10T20:06:10.295533+00:00
1173,1765397170.316431,2025-12-10T20:06:10.316438+00:00
1174,1765397170.337017,2025-12-10T20:06:10.337024+00:00
1175,1765397170.357913,2025-12-10T20:06:10.357915+00:00
1176,1765397170.378772,2025-12-10T20:06:10.378774+00:00
1177,1765397170.399772,2025-12-10T20:06:10.399777+00:00
1178,1765397170.420654,2025-12-10T20:06:10.420657+00:00
1179,1765397170.437741,2025-12-10T20:06:10.437746+00:00
1180,1765397170.45698,2025-12-10T20:06:10.456985+00:00
1181,1765397170.47624,2025-12-10T20:06:10.476251+00:00
1182,1765397170.4953558,2025-12-10T20:06:10.495360+00:00
1183,1765397170.514574,2025-12-10T20:06:10.514576+00:00
1184,1765397170.535263,2025-12-10T20:06:10.535267+00:00
1185,1765397170.556139,2025-12-10T20:06:10.556144+00:00
1186,1765397170.573604,2025-12-10T20:06:10.573608+00:00
1187,1765397170.592145,2025-12-10T20:06:10.592150+00:00
1188,1765397170.611165,2025-12-10T20:06:10.611167+00:00
1189,1765397170.629329,2025-12-10T20:06:10.629330+00:00
1190,1765397170.6499572,2025-12-10T20:06:10.649960+00:00
1191,1765397170.6708229,2025-12-10T20:06:10.670826+00:00
1192,1765397170.688493,2025-12-10T20:06:10.688497+00:00
1193,1765397170.7082,2025-12-10T20:06:10.708207+00:00
1194,1765397170.729096,2025-12-10T20:06:10.729100+00:00
1195,1765397170.7495182,2025-12-10T20:06:10.749525+00:00
1196,1765397170.767822,2025-12-10T20:06:10.767824+00:00
1197,1765397170.787207,2025-12-10T20:06:10.787210+00:00
1198,1765397170.8054469,2025-12-10T20:06:10.805448+00:00
1199,1765397170.825109,2025-12-10T20:06:10.825111+00:00
1200,1765397170.845837,2025-12-10T20:06:10.845840+00:00
1201,1765397170.862932,2025-12-10T20:06:10.862933+00:00
1202,1765397170.8806489,2025-12-10T20:06:10.880657+00:00
1203,1765397170.901578,2025-12-10T20:06:10.901583+00:00
1204,1765397170.922612,2025-12-10T20:06:10.922615+00:00
1205,1765397170.943488,2025-12-10T20:06:10.943492+00:00
1206,1765397170.964393,2025-12-10T20:06:10.964394+00:00
1207,1765397170.98178,2025-12-10T20:06:10.981781+00:00
1208,1765397171.000934,2025-12-10T20:06:11.000937+00:00
1209,1765397171.0194392,2025-12-10T20:06:11.019442+00:00
1210,1765397171.037673,2025-12-10T20:06:11.037683+00:00
1211,1765397171.054431,2025-12-10T20:06:11.054438+00:00
1212,1765397171.072312,2025-12-10T20:06:11.072316+00:00
1213,1765397171.0930612,2025-12-10T20:06:11.093066+00:00
1214,1765397171.1139572,2025-12-10T20:06:11.113961+00:00
1215,1765397171.134827,2025-12-10T20:06:11.134832+00:00
1216,1765397171.1557388,2025-12-10T20:06:11.155743+00:00
1217,1765397171.173695,2025-12-10T20:06:11.173697+00:00
1218,1765397171.19456,2025-12-10T20:06:11.194566+00:00
1219,1765397171.21547,2025-12-10T20:06:11.215474+00:00
1220,1765397171.2326488,2025-12-10T20:06:11.232654+00:00
1221,1765397171.253563,2025-12-10T20:06:11.253567+00:00
1222,1765397171.272494,2025-12-10T20:06:11.272497+00:00
1223,1765397171.293377,2025-12-10T20:06:11.293381+00:00
1224,1765397171.312052,2025-12-10T20:06:11.312063+00:00
1225,1765397171.329472,2025-12-10T20:06:11.329475+00:00
1226,1765397171.3484092,2025-12-10T20:06:11.348412+00:00
1227,1765397171.369283,2025-12-10T20:06:11.369285+00:00
1228,1765397171.390162,2025-12-10T20:06:11.390162+00:00
1229,1765397171.411008,2025-12-10T20:06:11.411009+00:00
1230,1765397171.4318562,2025-12-10T20:06:11.431857+00:00
1231,1765397171.448705,2025-12-10T20:06:11.448705+00:00
1232,1765397171.4665852,2025-12-10T20:06:11.466585+00:00
1233,1765397171.487443,2025-12-10T20:06:11.487446+00:00
1234,1765397171.508358,2025-12-10T20:06:11.508360+00:00
1235,1765397171.529226,2025-12-10T20:06:11.529229+00:00
1236,1765397171.54959,2025-12-10T20:06:11.549591+00:00
1237,1765397171.5704598,2025-12-10T20:06:11.570463+00:00
1238,1765397171.587488,2025-12-10T20:06:11.587492+00:00
1239,1765397171.608376,2025-12-10T20:06:11.608378+00:00
1240,1765397171.625684,2025-12-10T20:06:11.625685+00:00
1241,1765397171.646546,2025-12-10T20:06:11.646548+00:00
1242,1765397171.667413,2025-12-10T20:06:11.667416+00:00
1243,1765397171.68469,2025-12-10T20:06:11.684696+00:00
1244,1765397171.702143,2025-12-10T20:06:11.702151+00:00
1245,1765397171.720275,2025-12-10T20:06:11.720278+00:00
1246,1765397171.741151,2025-12-10T20:06:11.741155+00:00
1247,1765397171.762052,2025-12-10T20:06:11.762055+00:00
1248,1765397171.780328,2025-12-10T20:06:11.780332+00:00
1249,1765397171.797719,2025-12-10T20:06:11.797721+00:00
1250,1765397171.8185978,2025-12-10T20:06:11.818603+00:00
1251,1765397171.83893,2025-12-10T20:06:11.838932+00:00
1252,1765397171.8597991,2025-12-10T20:06:11.859801+00:00
1253,1765397171.880687,2025-12-10T20:06:11.880688+00:00
1254,1765397171.901559,2025-12-10T20:06:11.901563+00:00
1255,1765397171.9203782,2025-12-10T20:06:11.920381+00:00
1256,1765397171.9412649,2025-12-10T20:06:11.941269+00:00
1257,1765397171.961739,2025-12-10T20:06:11.961743+00:00
1258,1765397171.978766,2025-12-10T20:06:11.978769+00:00
1259,1765397171.997395,2025-12-10T20:06:11.997397+00:00
1260,1765397172.014987,2025-12-10T20:06:12.014992+00:00
1261,1765397172.031971,2025-12-10T20:06:12.031982+00:00
1262,1765397172.05293,2025-12-10T20:06:12.052934+00:00
1263,1765397172.071189,2025-12-10T20:06:12.071192+00:00
1264,1765397172.0920808,2025-12-10T20:06:12.092087+00:00
1265,1765397172.1126962,2025-12-10T20:06:12.112701+00:00
1266,1765397172.133394,2025-12-10T20:06:12.133398+00:00
1267,1765397172.151105,2025-12-10T20:06:12.151114+00:00
1268,1765397172.171286,2025-12-10T20:06:12.171291+00:00
1269,1765397172.1909068,2025-12-10T20:06:12.190912+00:00
1270,1765397172.2117288,2025-12-10T20:06:12.211733+00:00
1271,1765397172.2287831,2025-12-10T20:06:12.228787+00:00
1272,1765397172.249658,2025-12-10T20:06:12.249661+00:00
1273,1765397172.270391,2025-12-10T20:06:12.270402+00:00
1274,1765397172.290098,2025-12-10T20:06:12.290103+00:00
1275,1765397172.306952,2025-12-10T20:06:12.306955+00:00
1276,1765397172.3278232,2025-12-10T20:06:12.327826+00:00
1277,1765397172.346998,2025-12-10T20:06:12.347000+00:00
1278,1765397172.367886,2025-12-10T20:06:12.367890+00:00
1279,1765397172.388787,2025-12-10T20:06:12.388792+00:00
1280,1765397172.406322,2025-12-10T20:06:12.406323+00:00
1281,1765397172.4256158,2025-12-10T20:06:12.425617+00:00
1282,1765397172.445062,2025-12-10T20:06:12.445062+00:00
1283,1765397172.462053,2025-12-10T20:06:12.462055+00:00
1284,1765397172.4822888,2025-12-10T20:06:12.482290+00:00
1285,1765397172.503137,2025-12-10T20:06:12.503138+00:00
1286,1765397172.523993,2025-12-10T20:06:12.523997+00:00
1287,1765397172.5417988,2025-12-10T20:06:12.541801+00:00
1288,1765397172.5626528,2025-12-10T20:06:12.562654+00:00
1289,1765397172.5817611,2025-12-10T20:06:12.581766+00:00
1290,1765397172.602667,2025-12-10T20:06:12.602669+00:00
1291,1765397172.622698,2025-12-10T20:06:12.622701+00:00
1292,1765397172.642462,2025-12-10T20:06:12.642462+00:00
1293,1765397172.659321,2025-12-10T20:06:12.659322+00:00
1294,1765397172.6762838,2025-12-10T20:06:12.676285+00:00
1295,1765397172.695885,2025-12-10T20:06:12.695886+00:00
1296,1765397172.7167392,2025-12-10T20:06:12.716742+00:00
1297,1765397172.737601,2025-12-10T20:06:12.737603+00:00
1298,1765397172.7584891,2025-12-10T20:06:12.758490+00:00
1299,1765397172.779347,2025-12-10T20:06:12.779349+00:00
1300,1765397172.797943,2025-12-10T20:06:12.797946+00:00
1301,1765397172.818816,2025-12-10T20:06:12.818817+00:00
1302,1765397172.839155,2025-12-10T20:06:12.839161+00:00
1303,1765397172.8576992,2025-12-10T20:06:12.857700+00:00
1304,1765397172.8785658,2025-12-10T20:06:12.878571+00:00
1305,1765397172.898308,2025-12-10T20:06:12.898310+00:00
1306,1765397172.919179,2025-12-10T20:06:12.919180+00:00
1307,1765397172.9400399,2025-12-10T20:06:12.940044+00:00
1308,1765397172.9609332,2025-12-10T20:06:12.960935+00:00
1309,1765397172.9807649,2025-12-10T20:06:12.980766+00:00
1310,1765397172.997611,2025-12-10T20:06:12.997616+00:00
1311,1765397173.018514,2025-12-10T20:06:13.018516+00:00
1312,1765397173.0393898,2025-12-10T20:06:13.039392+00:00
1313,1765397173.0603678,2025-12-10T20:06:13.060372+00:00
1314,1765397173.080176,2025-12-10T20:06:13.080177+00:00
1315,1765397173.1010509,2025-12-10T20:06:13.101052+00:00
1316,1765397173.12127,2025-12-10T20:06:13.121273+00:00
1317,1765397173.142165,2025-12-10T20:06:13.142170+00:00
1318,1765397173.16305,2025-12-10T20:06:13.163052+00:00
1319,1765397173.183917,2025-12-10T20:06:13.183919+00:00
1320,1765397173.2017589,2025-12-10T20:06:13.201760+00:00
1321,1765397173.219598,2025-12-10T20:06:13.219603+00:00
1322,1765397173.24052,2025-12-10T20:06:13.240524+00:00
1323,1765397173.259259,2025-12-10T20:06:13.259260+00:00
1324,1765397173.280131,2025-12-10T20:06:13.280136+00:00
1325,1765397173.3003788,2025-12-10T20:06:13.300381+00:00
1326,1765397173.3212411,2025-12-10T20:06:13.321244+00:00
1327,1765397173.342123,2025-12-10T20:06:13.342129+00:00
1328,1765397173.361324,2025-12-10T20:06:13.361331+00:00
1329,1765397173.380856,2025-12-10T20:06:13.380857+00:00
1330,1765397173.401716,2025-12-10T20:06:13.401719+00:00
1331,1765397173.4196951,2025-12-10T20:06:13.419696+00:00
1332,1765397173.4405499,2025-12-10T20:06:13.440551+00:00
1333,1765397173.461419,2025-12-10T20:06:13.461424+00:00
1334,1765397173.4783518,2025-12-10T20:06:13.478358+00:00
1335,1765397173.504332,2025-12-10T20:06:13.504336+00:00
1336,1765397173.524967,2025-12-10T20:06:13.524997+00:00
1337,1765397173.545877,2025-12-10T20:06:13.545883+00:00
1338,1765397173.5639958,2025-12-10T20:06:13.564007+00:00
1339,1765397173.583626,2025-12-10T20:06:13.583630+00:00
1340,1765397173.604535,2025-12-10T20:06:13.604539+00:00
1341,1765397173.6222248,2025-12-10T20:06:13.622227+00:00
1342,1765397173.641887,2025-12-10T20:06:13.641888+00:00
1343,1765397173.659425,2025-12-10T20:06:13.659426+00:00
1344,1765397173.680293,2025-12-10T20:06:13.680294+00:00
1345,1765397173.699718,2025-12-10T20:06:13.699724+00:00
1346,1765397173.720636,2025-12-10T20:06:13.720642+00:00
1347,1765397173.74152,2025-12-10T20:06:13.741521+00:00
1348,1765397173.762093,2025-12-10T20:06:13.762094+00:00
1349,1765397173.7829518,2025-12-10T20:06:13.782954+00:00
1350,1765397173.802979,2025-12-10T20:06:13.802980+00:00
1351,1765397173.820417,2025-12-10T20:06:13.820421+00:00
1352,1765397173.839829,2025-12-10T20:06:13.839830+00:00
1353,1765397173.858249,2025-12-10T20:06:13.858252+00:00
1354,1765397173.8791192,2025-12-10T20:06:13.879119+00:00
1355,1765397173.895913,2025-12-10T20:06:13.895914+00:00
1356,1765397173.9150872,2025-12-10T20:06:13.915087+00:00
1357,1765397173.932405,2025-12-10T20:06:13.932409+00:00
1358,1765397173.949617,2025-12-10T20:06:13.949625+00:00
1359,1765397173.969322,2025-12-10T20:06:13.969329+00:00
1360,1765397173.990197,2025-12-10T20:06:13.990198+00:00
1361,1765397174.01105,2025-12-10T20:06:14.011052+00:00
1362,1765397174.031904,2025-12-10T20:06:14.031904+00:00
1363,1765397174.0511239,2025-12-10T20:06:14.051125+00:00
1364,1765397174.072018,2025-12-10T20:06:14.072020+00:00
1365,1765397174.0891662,2025-12-10T20:06:14.089168+00:00
1366,1765397174.107539,2025-12-10T20:06:14.107542+00:00
1367,1765397174.124883,2025-12-10T20:06:14.124885+00:00
1368,1765397174.145609,2025-12-10T20:06:14.145610+00:00
1369,1765397174.166466,2025-12-10T20:06:14.166468+00:00
1370,1765397174.18352,2025-12-10T20:06:14.183525+00:00
1371,1765397174.203124,2025-12-10T20:06:14.203125+00:00
1372,1765397174.22298,2025-12-10T20:06:14.222984+00:00
1373,1765397174.240245,2025-12-10T20:06:14.240251+00:00
1374,1765397174.257225,2025-12-10T20:06:14.257231+00:00
1375,1765397174.27542,2025-12-10T20:06:14.275421+00:00
1376,1765397174.293599,2025-12-10T20:06:14.293601+00:00
1377,1765397174.312095,2025-12-10T20:06:14.312095+00:00
1378,1765397174.332646,2025-12-10T20:06:14.332650+00:00
1379,1765397174.351228,2025-12-10T20:06:14.351231+00:00
1380,1765397174.372087,2025-12-10T20:06:14.372088+00:00
1381,1765397174.3929322,2025-12-10T20:06:14.392933+00:00
1382,1765397174.413412,2025-12-10T20:06:14.413414+00:00
1383,1765397174.430743,2025-12-10T20:06:14.430744+00:00
1384,1765397174.4516091,2025-12-10T20:06:14.451613+00:00
1385,1765397174.471529,2025-12-10T20:06:14.471531+00:00
1386,1765397174.489214,2025-12-10T20:06:14.489219+00:00
1387,1765397174.507872,2025-12-10T20:06:14.507873+00:00
1388,1765397174.528171,2025-12-10T20:06:14.528173+00:00
1389,1765397174.5471191,2025-12-10T20:06:14.547122+00:00
1390,1765397174.565004,2025-12-10T20:06:14.565005+00:00
1391,1765397174.585857,2025-12-10T20:06:14.585858+00:00
1392,1765397174.6067111,2025-12-10T20:06:14.606712+00:00
1393,1765397174.623988,2025-12-10T20:06:14.623989+00:00
1394,1765397174.64082,2025-12-10T20:06:14.640821+00:00
1395,1765397174.6603892,2025-12-10T20:06:14.660392+00:00
1396,1765397174.677398,2025-12-10T20:06:14.677399+00:00
1397,1765397174.6977139,2025-12-10T20:06:14.697716+00:00
1398,1765397174.716609,2025-12-10T20:06:14.716610+00:00
1399,1765397174.735851,2025-12-10T20:06:14.735856+00:00
1400,1765397174.756747,2025-12-10T20:06:14.756750+00:00
1401,1765397174.773834,2025-12-10T20:06:14.773837+00:00
1402,1765397174.794719,2025-12-10T20:06:14.794721+00:00
1403,1765397174.8155892,2025-12-10T20:06:14.815593+00:00
1404,1765397174.8364952,2025-12-10T20:06:14.836498+00:00
1405,1765397174.8558981,2025-12-10T20:06:14.855898+00:00
1406,1765397174.872757,2025-12-10T20:06:14.872758+00:00
1407,1765397174.8936162,2025-12-10T20:06:14.893617+00:00
1408,1765397174.911635,2025-12-10T20:06:14.911639+00:00
1409,1765397174.928406,2025-12-10T20:06:14.928408+00:00
1410,1765397174.948552,2025-12-10T20:06:14.948553+00:00
1411,1765397174.96659,2025-12-10T20:06:14.966591+00:00
1412,1765397174.987453,2025-12-10T20:06:14.987457+00:00
1413,1765397175.006156,2025-12-10T20:06:15.006159+00:00
1414,1765397175.023974,2025-12-10T20:06:15.023974+00:00
1415,1765397175.044839,2025-12-10T20:06:15.044842+00:00
1416,1765397175.06404,2025-12-10T20:06:15.064041+00:00
1417,1765397175.083314,2025-12-10T20:06:15.083324+00:00
1418,1765397175.100136,2025-12-10T20:06:15.100136+00:00
1419,1765397175.118398,2025-12-10T20:06:15.118402+00:00
1420,1765397175.135189,2025-12-10T20:06:15.135199+00:00
1421,1765397175.152019,2025-12-10T20:06:15.152021+00:00
1422,1765397175.17291,2025-12-10T20:06:15.172911+00:00
1423,1765397175.192244,2025-12-10T20:06:15.192245+00:00
1424,1765397175.213109,2025-12-10T20:06:15.213111+00:00
1425,1765397175.231724,2025-12-10T20:06:15.231731+00:00
1426,1765397175.252619,2025-12-10T20:06:15.252623+00:00
1427,1765397175.271886,2025-12-10T20:06:15.271891+00:00
1428,1765397175.29279,2025-12-10T20:06:15.292793+00:00
1429,1765397175.3121312,2025-12-10T20:06:15.312134+00:00
1430,1765397175.333014,2025-12-10T20:06:15.333015+00:00
1431,1765397175.352101,2025-12-10T20:06:15.352103+00:00
1432,1765397175.368938,2025-12-10T20:06:15.368938+00:00
1433,1765397175.385782,2025-12-10T20:06:15.385783+00:00
1434,1765397175.402692,2025-12-10T20:06:15.402692+00:00
1435,1765397175.419466,2025-12-10T20:06:15.419467+00:00
1436,1765397175.4403179,2025-12-10T20:06:15.440320+00:00
1437,1765397175.457259,2025-12-10T20:06:15.457260+00:00
1438,1765397175.478055,2025-12-10T20:06:15.478059+00:00
1439,1765397175.495884,2025-12-10T20:06:15.495886+00:00
1440,1765397175.514935,2025-12-10T20:06:15.514935+00:00
1441,1765397175.535816,2025-12-10T20:06:15.535818+00:00
1442,1765397175.554205,2025-12-10T20:06:15.554206+00:00
1443,1765397175.5730822,2025-12-10T20:06:15.573086+00:00
1444,1765397175.593984,2025-12-10T20:06:15.593986+00:00
1445,1765397175.613163,2025-12-10T20:06:15.613165+00:00
1446,1765397175.6340349,2025-12-10T20:06:15.634039+00:00
1447,1765397175.6516092,2025-12-10T20:06:15.651610+00:00
1448,1765397175.6721122,2025-12-10T20:06:15.672113+00:00
1449,1765397175.6929832,2025-12-10T20:06:15.692985+00:00
1450,1765397175.7106931,2025-12-10T20:06:15.710694+00:00
1451,1765397175.731565,2025-12-10T20:06:15.731574+00:00
1452,1765397175.752545,2025-12-10T20:06:15.752550+00:00
1453,1765397175.770408,2025-12-10T20:06:15.770409+00:00
1454,1765397175.791265,2025-12-10T20:06:15.791266+00:00
1455,1765397175.812166,2025-12-10T20:06:15.812171+00:00
1456,1765397175.831316,2025-12-10T20:06:15.831318+00:00
1457,1765397175.852885,2025-12-10T20:06:15.852890+00:00
1458,1765397175.8737931,2025-12-10T20:06:15.873798+00:00
1459,1765397175.892954,2025-12-10T20:06:15.892956+00:00
1460,1765397175.913824,2025-12-10T20:06:15.913825+00:00
1461,1765397175.93469,2025-12-10T20:06:15.934694+00:00
1462,1765397175.955599,2025-12-10T20:06:15.955602+00:00
1463,1765397175.972495,2025-12-10T20:06:15.972496+00:00
1464,1765397175.993409,2025-12-10T20:06:15.993410+00:00
1465,1765397176.014287,2025-12-10T20:06:16.014291+00:00
1466,1765397176.035424,2025-12-10T20:06:16.035425+00:00
1467,1765397176.056281,2025-12-10T20:06:16.056283+00:00
1468,1765397176.077297,2025-12-10T20:06:16.077301+00:00
1469,1765397176.094923,2025-12-10T20:06:16.094926+00:00
1470,1765397176.115788,2025-12-10T20:06:16.115791+00:00
1471,1765397176.133424,2025-12-10T20:06:16.133425+00:00
1472,1765397176.150632,2025-12-10T20:06:16.150635+00:00
1473,1765397176.171536,2025-12-10T20:06:16.171540+00:00
1474,1765397176.1924238,2025-12-10T20:06:16.192426+00:00
1475,1765397176.213289,2025-12-10T20:06:16.213292+00:00
1476,1765397176.2305589,2025-12-10T20:06:16.230562+00:00
1477,1765397176.249751,2025-12-10T20:06:16.249764+00:00
1478,1765397176.270637,2025-12-10T20:06:16.270642+00:00
1479,1765397176.290644,2025-12-10T20:06:16.290649+00:00
1480,1765397176.3094552,2025-12-10T20:06:16.309459+00:00
1481,1765397176.3299992,2025-12-10T20:06:16.330001+00:00
1482,1765397176.350872,2025-12-10T20:06:16.350877+00:00
1483,1765397176.36799,2025-12-10T20:06:16.367992+00:00
1484,1765397176.3848152,2025-12-10T20:06:16.384816+00:00
1485,1765397176.405679,2025-12-10T20:06:16.405681+00:00
1486,1765397176.4253461,2025-12-10T20:06:16.425350+00:00
1487,1765397176.444232,2025-12-10T20:06:16.444235+00:00
1488,1765397176.464224,2025-12-10T20:06:16.464225+00:00
1489,1765397176.482611,2025-12-10T20:06:16.482613+00:00
1490,1765397176.500424,2025-12-10T20:06:16.500425+00:00
1491,1765397176.517973,2025-12-10T20:06:16.517974+00:00
1492,1765397176.5388741,2025-12-10T20:06:16.538880+00:00
1493,1765397176.557031,2025-12-10T20:06:16.557035+00:00
1494,1765397176.576917,2025-12-10T20:06:16.576920+00:00
1495,1765397176.596462,2025-12-10T20:06:16.596467+00:00
1496,1765397176.614551,2025-12-10T20:06:16.614552+00:00
1497,1765397176.6354198,2025-12-10T20:06:16.635422+00:00
1498,1765397176.656348,2025-12-10T20:06:16.656353+00:00
1499,1765397176.673119,2025-12-10T20:06:16.673123+00:00
1500,1765397176.6941671,2025-12-10T20:06:16.694170+00:00
1501,1765397176.7150679,2025-12-10T20:06:16.715073+00:00
1502,1765397176.732276,2025-12-10T20:06:16.732282+00:00
1503,1765397176.752365,2025-12-10T20:06:16.752369+00:00
1504,1765397176.771968,2025-12-10T20:06:16.771972+00:00
1505,1765397176.7899919,2025-12-10T20:06:16.789996+00:00
1506,1765397176.809036,2025-12-10T20:06:16.809038+00:00
1507,1765397176.8284538,2025-12-10T20:06:16.828456+00:00
1508,1765397176.84734,2025-12-10T20:06:16.847341+00:00
1509,1765397176.8663301,2025-12-10T20:06:16.866332+00:00
1510,1765397176.884814,2025-12-10T20:06:16.884815+00:00
1511,1765397176.905666,2025-12-10T20:06:16.905667+00:00
1512,1765397176.926523,2025-12-10T20:06:16.926525+00:00
1513,1765397176.947399,2025-12-10T20:06:16.947401+00:00
1514,1765397176.9642189,2025-12-10T20:06:16.964223+00:00
1515,1765397176.985118,2025-12-10T20:06:16.985123+00:00
1516,1765397177.006002,2025-12-10T20:06:17.006002+00:00
1517,1765397177.022971,2025-12-10T20:06:17.022973+00:00
1518,1765397177.039933,2025-12-10T20:06:17.039936+00:00
1519,1765397177.0608299,2025-12-10T20:06:17.060831+00:00
1520,1765397177.081692,2025-12-10T20:06:17.081692+00:00
1521,1765397177.102554,2025-12-10T20:06:17.102560+00:00
1522,1765397177.121403,2025-12-10T20:06:17.121404+00:00
1523,1765397177.142266,2025-12-10T20:06:17.142268+00:00
1524,1765397177.1629739,2025-12-10T20:06:17.162975+00:00
1525,1765397177.183146,2025-12-10T20:06:17.183149+00:00
1526,1765397177.2040331,2025-12-10T20:06:17.204035+00:00
1527,1765397177.221619,2025-12-10T20:06:17.221622+00:00
1528,1765397177.2420979,2025-12-10T20:06:17.242102+00:00
1529,1765397177.262987,2025-12-10T20:06:17.262992+00:00
1530,1765397177.28318,2025-12-10T20:06:17.283182+00:00
1531,1765397177.304061,2025-12-10T20:06:17.304064+00:00
1532,1765397177.324934,2025-12-10T20:06:17.324935+00:00
1533,1765397177.345796,2025-12-10T20:06:17.345799+00:00
1534,1765397177.366664,2025-12-10T20:06:17.366666+00:00
1535,1765397177.385589,2025-12-10T20:06:17.385600+00:00
1536,1765397177.406487,2025-12-10T20:06:17.406489+00:00
1537,1765397177.427347,2025-12-10T20:06:17.427348+00:00
1538,1765397177.448305,2025-12-10T20:06:17.448308+00:00
1539,1765397177.466557,2025-12-10T20:06:17.466559+00:00
1540,1765397177.4874282,2025-12-10T20:06:17.487432+00:00
1541,1765397177.504496,2025-12-10T20:06:17.504498+00:00
1542,1765397177.525358,2025-12-10T20:06:17.525361+00:00
1543,1765397177.54623,2025-12-10T20:06:17.546235+00:00
1544,1765397177.565033,2025-12-10T20:06:17.565040+00:00
1545,1765397177.583658,2025-12-10T20:06:17.583660+00:00
1546,1765397177.600576,2025-12-10T20:06:17.600580+00:00
1547,1765397177.620693,2025-12-10T20:06:17.620698+00:00
1548,1765397177.6403,2025-12-10T20:06:17.640305+00:00
1549,1765397177.661195,2025-12-10T20:06:17.661200+00:00
1550,1765397177.678574,2025-12-10T20:06:17.678579+00:00
1551,1765397177.696726,2025-12-10T20:06:17.696728+00:00
1552,1765397177.716939,2025-12-10T20:06:17.716941+00:00
1553,1765397177.737843,2025-12-10T20:06:17.737849+00:00
1554,1765397177.758785,2025-12-10T20:06:17.758789+00:00
1555,1765397177.779422,2025-12-10T20:06:17.779429+00:00
1556,1765397177.79968,2025-12-10T20:06:17.799681+00:00
1557,1765397177.819635,2025-12-10T20:06:17.819638+00:00
1558,1765397177.839893,2025-12-10T20:06:17.839895+00:00
1559,1765397177.860472,2025-12-10T20:06:17.860476+00:00
1560,1765397177.87785,2025-12-10T20:06:17.877850+00:00
1561,1765397177.898705,2025-12-10T20:06:17.898707+00:00
1562,1765397177.918834,2025-12-10T20:06:17.918837+00:00
1563,1765397177.936007,2025-12-10T20:06:17.936012+00:00
1564,1765397177.956929,2025-12-10T20:06:17.956932+00:00
1565,1765397177.9778152,2025-12-10T20:06:17.977816+00:00
1566,1765397177.9954078,2025-12-10T20:06:17.995411+00:00
1567,1765397178.0131478,2025-12-10T20:06:18.013149+00:00
1568,1765397178.03012,2025-12-10T20:06:18.030121+00:00
1569,1765397178.0509949,2025-12-10T20:06:18.050996+00:00
1570,1765397178.071862,2025-12-10T20:06:18.071865+00:00
1571,1765397178.092745,2025-12-10T20:06:18.092750+00:00
1572,1765397178.112681,2025-12-10T20:06:18.112681+00:00
1573,1765397178.13237,2025-12-10T20:06:18.132374+00:00
1574,1765397178.150903,2025-12-10T20:06:18.150906+00:00
1575,1765397178.17178,2025-12-10T20:06:18.171786+00:00
1576,1765397178.191388,2025-12-10T20:06:18.191390+00:00
1577,1765397178.212256,2025-12-10T20:06:18.212258+00:00
1578,1765397178.2311401,2025-12-10T20:06:18.231140+00:00
1579,1765397178.252003,2025-12-10T20:06:18.252007+00:00
1580,1765397178.2699862,2025-12-10T20:06:18.269995+00:00
1581,1765397178.287189,2025-12-10T20:06:18.287191+00:00
1582,1765397178.308067,2025-12-10T20:06:18.308072+00:00
1583,1765397178.328964,2025-12-10T20:06:18.328966+00:00
1584,1765397178.349819,2025-12-10T20:06:18.349820+00:00
1585,1765397178.3706791,2025-12-10T20:06:18.370683+00:00
1586,1765397178.388431,2025-12-10T20:06:18.388432+00:00
1587,1765397178.409302,2025-12-10T20:06:18.409303+00:00
1588,1765397178.430172,2025-12-10T20:06:18.430176+00:00
1589,1765397178.451064,2025-12-10T20:06:18.451066+00:00
1590,1765397178.471927,2025-12-10T20:06:18.471928+00:00
1591,1765397178.490716,2025-12-10T20:06:18.490720+00:00
1592,1765397178.5075588,2025-12-10T20:06:18.507562+00:00
1593,1765397178.527055,2025-12-10T20:06:18.527056+00:00
1594,1765397178.547916,2025-12-10T20:06:18.547917+00:00
1595,1765397178.56549,2025-12-10T20:06:18.565493+00:00
1596,1765397178.586377,2025-12-10T20:06:18.586378+00:00
1597,1765397178.607229,2025-12-10T20:06:18.607232+00:00
1598,1765397178.6275551,2025-12-10T20:06:18.627558+00:00
1599,1765397178.64843,2025-12-10T20:06:18.648431+00:00
1600,1765397178.669296,2025-12-10T20:06:18.669300+00:00
1601,1765397178.690281,2025-12-10T20:06:18.690283+00:00
1602,1765397178.708682,2025-12-10T20:06:18.708683+00:00
1603,1765397178.726347,2025-12-10T20:06:18.726347+00:00
1604,1765397178.747205,2025-12-10T20:06:18.747211+00:00
1605,1765397178.767721,2025-12-10T20:06:18.767728+00:00
1606,1765397178.78862,2025-12-10T20:06:18.788623+00:00
1607,1765397178.809504,2025-12-10T20:06:18.809506+00:00
1608,1765397178.827722,2025-12-10T20:06:18.827723+00:00
1609,1765397178.848583,2025-12-10T20:06:18.848584+00:00
1610,1765397178.8694599,2025-12-10T20:06:18.869464+00:00
1611,1765397178.8874612,2025-12-10T20:06:18.887462+00:00
1612,1765397178.9070761,2025-12-10T20:06:18.907076+00:00
1613,1765397178.92793,2025-12-10T20:06:18.927935+00:00
1614,1765397178.945225,2025-12-10T20:06:18.945227+00:00
1615,1765397178.964604,2025-12-10T20:06:18.964607+00:00
1616,1765397178.983925,2025-12-10T20:06:18.983926+00:00
1617,1765397179.002599,2025-12-10T20:06:19.002599+00:00
1618,1765397179.023461,2025-12-10T20:06:19.023463+00:00
1619,1765397179.040606,2025-12-10T20:06:19.040608+00:00
1620,1765397179.06003,2025-12-10T20:06:19.060031+00:00
1621,1765397179.078358,2025-12-10T20:06:19.078360+00:00
1622,1765397179.09922,2025-12-10T20:06:19.099220+00:00
1623,1765397179.119427,2025-12-10T20:06:19.119432+00:00
1624,1765397179.139207,2025-12-10T20:06:19.139209+00:00
1625,1765397179.157151,2025-12-10T20:06:19.157155+00:00
1626,1765397179.176509,2025-12-10T20:06:19.176512+00:00
1627,1765397179.197379,2025-12-10T20:06:19.197382+00:00
1628,1765397179.214218,2025-12-10T20:06:19.214220+00:00
1629,1765397179.235094,2025-12-10T20:06:19.235096+00:00
1630,1765397179.255137,2025-12-10T20:06:19.255140+00:00
1631,1765397179.273893,2025-12-10T20:06:19.273896+00:00
1632,1765397179.294774,2025-12-10T20:06:19.294777+00:00
1633,1765397179.31566,2025-12-10T20:06:19.315665+00:00
1634,1765397179.3337128,2025-12-10T20:06:19.333714+00:00
1635,1765397179.3545752,2025-12-10T20:06:19.354579+00:00
1636,1765397179.37258,2025-12-10T20:06:19.372584+00:00
1637,1765397179.392627,2025-12-10T20:06:19.392632+00:00
1638,1765397179.4135191,2025-12-10T20:06:19.413521+00:00
1639,1765397179.4343832,2025-12-10T20:06:19.434399+00:00
1640,1765397179.455269,2025-12-10T20:06:19.455273+00:00
1641,1765397179.47559,2025-12-10T20:06:19.475590+00:00
1642,1765397179.492735,2025-12-10T20:06:19.492740+00:00
1643,1765397179.512867,2025-12-10T20:06:19.512868+00:00
1644,1765397179.533741,2025-12-10T20:06:19.533742+00:00
1645,1765397179.5545988,2025-12-10T20:06:19.554602+00:00
1646,1765397179.573338,2025-12-10T20:06:19.573341+00:00
1647,1765397179.5904279,2025-12-10T20:06:19.590432+00:00
1648,1765397179.6083798,2025-12-10T20:06:19.608382+00:00
1649,1765397179.626178,2025-12-10T20:06:19.626181+00:00
1650,1765397179.647062,2025-12-10T20:06:19.647064+00:00
1651,1765397179.6679292,2025-12-10T20:06:19.667929+00:00
1652,1765397179.6887848,2025-12-10T20:06:19.688789+00:00
1653,1765397179.708304,2025-12-10T20:06:19.708305+00:00
1654,1765397179.7291808,2025-12-10T20:06:19.729182+00:00
1655,1765397179.7500951,2025-12-10T20:06:19.750097+00:00
1656,1765397179.77064,2025-12-10T20:06:19.770644+00:00
1657,1765397179.791543,2025-12-10T20:06:19.791548+00:00
1658,1765397179.8113291,2025-12-10T20:06:19.811333+00:00
1659,1765397179.829576,2025-12-10T20:06:19.829576+00:00
1660,1765397179.847115,2025-12-10T20:06:19.847117+00:00
1661,1765397179.8655841,2025-12-10T20:06:19.865586+00:00
1662,1765397179.8851562,2025-12-10T20:06:19.885174+00:00
1663,1765397179.9060822,2025-12-10T20:06:19.906085+00:00
1664,1765397179.9269571,2025-12-10T20:06:19.926962+00:00
1665,1765397179.947907,2025-12-10T20:06:19.947910+00:00
1666,1765397179.968244,2025-12-10T20:06:19.968248+00:00
1667,1765397179.989142,2025-12-10T20:06:19.989143+00:00
1668,1765397180.0066571,2025-12-10T20:06:20.006658+00:00
1669,1765397180.0272262,2025-12-10T20:06:20.027230+00:00
1670,1765397180.048107,2025-12-10T20:06:20.048111+00:00
1671,1765397180.066491,2025-12-10T20:06:20.066492+00:00
1672,1765397180.087362,2025-12-10T20:06:20.087366+00:00
1673,1765397180.1061718,2025-12-10T20:06:20.106175+00:00
1674,1765397180.1237602,2025-12-10T20:06:20.123762+00:00
1675,1765397180.144633,2025-12-10T20:06:20.144634+00:00
1676,1765397180.164195,2025-12-10T20:06:20.164196+00:00
1677,1765397180.185056,2025-12-10T20:06:20.185059+00:00
1678,1765397180.202407,2025-12-10T20:06:20.202409+00:00
1679,1765397180.223267,2025-12-10T20:06:20.223269+00:00
1680,1765397180.243417,2025-12-10T20:06:20.243419+00:00
1681,1765397180.264297,2025-12-10T20:06:20.264307+00:00
1682,1765397180.2812061,2025-12-10T20:06:20.281211+00:00
1683,1765397180.302115,2025-12-10T20:06:20.302117+00:00
1684,1765397180.320579,2025-12-10T20:06:20.320641+00:00
1685,1765397180.338567,2025-12-10T20:06:20.338569+00:00
1686,1765397180.358043,2025-12-10T20:06:20.358047+00:00
1687,1765397180.375534,2025-12-10T20:06:20.375535+00:00
1688,1765397180.39639,2025-12-10T20:06:20.396391+00:00
1689,1765397180.416873,2025-12-10T20:06:20.416875+00:00
1690,1765397180.437769,2025-12-10T20:06:20.437774+00:00
1691,1765397180.458645,2025-12-10T20:06:20.458646+00:00
1692,1765397180.4794948,2025-12-10T20:06:20.479496+00:00
1693,1765397180.5003579,2025-12-10T20:06:20.500363+00:00
1694,1765397180.5182688,2025-12-10T20:06:20.518271+00:00
1695,1765397180.5391412,2025-12-10T20:06:20.539142+00:00
1696,1765397180.559998,2025-12-10T20:06:20.560003+00:00
1697,1765397180.578586,2025-12-10T20:06:20.578589+00:00
1698,1765397180.599477,2025-12-10T20:06:20.599482+00:00
1699,1765397180.617101,2025-12-10T20:06:20.617102+00:00
1700,1765397180.63796,2025-12-10T20:06:20.637962+00:00
1701,1765397180.656289,2025-12-10T20:06:20.656291+00:00
1702,1765397180.6755898,2025-12-10T20:06:20.675591+00:00
1703,1765397180.69645,2025-12-10T20:06:20.696453+00:00
1704,1765397180.717349,2025-12-10T20:06:20.717351+00:00
1705,1765397180.736662,2025-12-10T20:06:20.736666+00:00
1706,1765397180.755139,2025-12-10T20:06:20.755141+00:00
1707,1765397180.776018,2025-12-10T20:06:20.776025+00:00
1708,1765397180.796012,2025-12-10T20:06:20.796014+00:00
1709,1765397180.8166451,2025-12-10T20:06:20.816649+00:00
1710,1765397180.837088,2025-12-10T20:06:20.837090+00:00
1711,1765397180.856104,2025-12-10T20:06:20.856105+00:00
1712,1765397180.874033,2025-12-10T20:06:20.874033+00:00
1713,1765397180.8948889,2025-12-10T20:06:20.894891+00:00
1714,1765397180.914998,2025-12-10T20:06:20.915000+00:00
1715,1765397180.933127,2025-12-10T20:06:20.933127+00:00
1716,1765397180.952976,2025-12-10T20:06:20.952980+00:00
1717,1765397180.9734888,2025-12-10T20:06:20.973492+00:00
1718,1765397180.99107,2025-12-10T20:06:20.991071+00:00
1719,1765397181.0079832,2025-12-10T20:06:21.007986+00:00
1720,1765397181.026858,2025-12-10T20:06:21.026859+00:00
1721,1765397181.0442119,2025-12-10T20:06:21.044218+00:00
1722,1765397181.0651379,2025-12-10T20:06:21.065140+00:00
1723,1765397181.0860002,2025-12-10T20:06:21.086000+00:00
1724,1765397181.106861,2025-12-10T20:06:21.106865+00:00
1725,1765397181.1273742,2025-12-10T20:06:21.127374+00:00
1726,1765397181.1482291,2025-12-10T20:06:21.148230+00:00
1727,1765397181.1679842,2025-12-10T20:06:21.167985+00:00
1728,1765397181.188848,2025-12-10T20:06:21.188850+00:00
1729,1765397181.20663,2025-12-10T20:06:21.206632+00:00
1730,1765397181.2275252,2025-12-10T20:06:21.227525+00:00
1731,1765397181.248377,2025-12-10T20:06:21.248377+00:00
1732,1765397181.269238,2025-12-10T20:06:21.269242+00:00
1733,1765397181.2865658,2025-12-10T20:06:21.286568+00:00
1734,1765397181.305212,2025-12-10T20:06:21.305217+00:00
1735,1765397181.3261068,2025-12-10T20:06:21.326111+00:00
1736,1765397181.342978,2025-12-10T20:06:21.342983+00:00
1737,1765397181.363877,2025-12-10T20:06:21.363880+00:00
1738,1765397181.3814132,2025-12-10T20:06:21.381416+00:00
1739,1765397181.402279,2025-12-10T20:06:21.402280+00:00
1740,1765397181.420589,2025-12-10T20:06:21.420591+00:00
1741,1765397181.440373,2025-12-10T20:06:21.440378+00:00
1742,1765397181.46128,2025-12-10T20:06:21.461285+00:00
1743,1765397181.482173,2025-12-10T20:06:21.482173+00:00
1744,1765397181.50223,2025-12-10T20:06:21.502232+00:00
1745,1765397181.523206,2025-12-10T20:06:21.523208+00:00
1746,1765397181.540807,2025-12-10T20:06:21.540808+00:00
1747,1765397181.5581498,2025-12-10T20:06:21.558152+00:00
1748,1765397181.579044,2025-12-10T20:06:21.579050+00:00
1749,1765397181.5999548,2025-12-10T20:06:21.599957+00:00
1750,1765397181.617113,2025-12-10T20:06:21.617117+00:00
1751,1765397181.633903,2025-12-10T20:06:21.633905+00:00
1752,1765397181.654788,2025-12-10T20:06:21.654794+00:00
1753,1765397181.675714,2025-12-10T20:06:21.675717+00:00
1754,1765397181.69662,2025-12-10T20:06:21.696626+00:00
1755,1765397181.716668,2025-12-10T20:06:21.716669+00:00
1756,1765397181.7375202,2025-12-10T20:06:21.737521+00:00
1757,1765397181.7568378,2025-12-10T20:06:21.756839+00:00
1758,1765397181.7776918,2025-12-10T20:06:21.777697+00:00
1759,1765397181.794695,2025-12-10T20:06:21.794700+00:00
1760,1765397181.8142111,2025-12-10T20:06:21.814214+00:00
1761,1765397181.835092,2025-12-10T20:06:21.835094+00:00
1762,1765397181.855956,2025-12-10T20:06:21.855959+00:00
1763,1765397181.876818,2025-12-10T20:06:21.876819+00:00
1764,1765397181.893965,2025-12-10T20:06:21.893966+00:00
1765,1765397181.914498,2025-12-10T20:06:21.914500+00:00
1766,1765397181.93536,2025-12-10T20:06:21.935360+00:00
1767,1765397181.952888,2025-12-10T20:06:21.952890+00:00
1768,1765397181.9737651,2025-12-10T20:06:21.973766+00:00
1769,1765397181.994648,2025-12-10T20:06:21.994653+00:00
1770,1765397182.01166,2025-12-10T20:06:22.011662+00:00
1771,1765397182.032526,2025-12-10T20:06:22.032527+00:00
1772,1765397182.053386,2025-12-10T20:06:22.053387+00:00
1773,1765397182.074251,2025-12-10T20:06:22.074251+00:00
1774,1765397182.095119,2025-12-10T20:06:22.095124+00:00
1775,1765397182.112162,2025-12-10T20:06:22.112164+00:00
1776,1765397182.133031,2025-12-10T20:06:22.133031+00:00
1777,1765397182.150739,2025-12-10T20:06:22.150741+00:00
1778,1765397182.167843,2025-12-10T20:06:22.167844+00:00
1779,1765397182.1887,2025-12-10T20:06:22.188701+00:00
1780,1765397182.2095602,2025-12-10T20:06:22.209563+00:00
1781,1765397182.2295208,2025-12-10T20:06:22.229523+00:00
1782,1765397182.2503932,2025-12-10T20:06:22.250394+00:00
1783,1765397182.268563,2025-12-10T20:06:22.268564+00:00
1784,1765397182.2889102,2025-12-10T20:06:22.288914+00:00
1785,1765397182.309817,2025-12-10T20:06:22.309823+00:00
1786,1765397182.329567,2025-12-10T20:06:22.329568+00:00
1787,1765397182.3504262,2025-12-10T20:06:22.350427+00:00
1788,1765397182.370615,2025-12-10T20:06:22.370616+00:00
1789,1765397182.389565,2025-12-10T20:06:22.389568+00:00
1790,1765397182.4066381,2025-12-10T20:06:22.406638+00:00
1791,1765397182.423468,2025-12-10T20:06:22.423469+00:00
1792,1765397182.444323,2025-12-10T20:06:22.444325+00:00
1793,1765397182.465201,2025-12-10T20:06:22.465205+00:00
1794,1765397182.483903,2025-12-10T20:06:22.483903+00:00
1795,1765397182.5047512,2025-12-10T20:06:22.504752+00:00
1796,1765397182.524457,2025-12-10T20:06:22.524457+00:00
1797,1765397182.5413601,2025-12-10T20:06:22.541363+00:00
1798,1765397182.562251,2025-12-10T20:06:22.562254+00:00
1799,1765397182.5831301,2025-12-10T20:06:22.583131+00:00
1800,1765397182.603987,2025-12-10T20:06:22.603989+00:00
1801,1765397182.624151,2025-12-10T20:06:22.624153+00:00
1802,1765397182.645035,2025-12-10T20:06:22.645039+00:00
1803,1765397182.665937,2025-12-10T20:06:22.665940+00:00
1804,1765397182.686808,2025-12-10T20:06:22.686810+00:00
1805,1765397182.7056608,2025-12-10T20:06:22.705663+00:00
1806,1765397182.724732,2025-12-10T20:06:22.724733+00:00
1807,1765397182.743244,2025-12-10T20:06:22.743245+00:00
1808,1765397182.760075,2025-12-10T20:06:22.760076+00:00
1809,1765397182.77699,2025-12-10T20:06:22.776996+00:00
1810,1765397182.797892,2025-12-10T20:06:22.797894+00:00
1811,1765397182.817869,2025-12-10T20:06:22.817871+00:00
1812,1765397182.8347242,2025-12-10T20:06:22.834725+00:00
1813,1765397182.853311,2025-12-10T20:06:22.853313+00:00
1814,1765397182.873802,2025-12-10T20:06:22.873803+00:00
1815,1765397182.8913379,2025-12-10T20:06:22.891340+00:00
1816,1765397182.911954,2025-12-10T20:06:22.911955+00:00
1817,1765397182.932831,2025-12-10T20:06:22.932832+00:00
1818,1765397182.950561,2025-12-10T20:06:22.950562+00:00
1819,1765397182.971422,2025-12-10T20:06:22.971422+00:00
1820,1765397182.990838,2025-12-10T20:06:22.990839+00:00
1821,1765397183.0075672,2025-12-10T20:06:23.007568+00:00
1822,1765397183.028424,2025-12-10T20:06:23.028425+00:00
1823,1765397183.049286,2025-12-10T20:06:23.049287+00:00
1824,1765397183.06647,2025-12-10T20:06:23.066470+00:00
1825,1765397183.083731,2025-12-10T20:06:23.083731+00:00
1826,1765397183.104588,2025-12-10T20:06:23.104590+00:00
1827,1765397183.1213288,2025-12-10T20:06:23.121334+00:00
1828,1765397183.140714,2025-12-10T20:06:23.140717+00:00
1829,1765397183.161598,2025-12-10T20:06:23.161599+00:00
1830,1765397183.179321,2025-12-10T20:06:23.179323+00:00
1831,1765397183.200198,2025-12-10T20:06:23.200199+00:00
1832,1765397183.221075,2025-12-10T20:06:23.221078+00:00
1833,1765397183.239049,2025-12-10T20:06:23.239051+00:00
1834,1765397183.2586849,2025-12-10T20:06:23.258686+00:00
1835,1765397183.278683,2025-12-10T20:06:23.278684+00:00
1836,1765397183.299551,2025-12-10T20:06:23.299553+00:00
1837,1765397183.316531,2025-12-10T20:06:23.316533+00:00
1838,1765397183.337408,2025-12-10T20:06:23.337410+00:00
1839,1765397183.358268,2025-12-10T20:06:23.358272+00:00
1840,1765397183.3776588,2025-12-10T20:06:23.377662+00:00
1841,1765397183.396826,2025-12-10T20:06:23.396829+00:00
1842,1765397183.414387,2025-12-10T20:06:23.414388+00:00
1843,1765397183.4352489,2025-12-10T20:06:23.435253+00:00
1844,1765397183.45599,2025-12-10T20:06:23.455994+00:00
1845,1765397183.4766169,2025-12-10T20:06:23.476623+00:00
1846,1765397183.4956732,2025-12-10T20:06:23.495678+00:00
1847,1765397183.515187,2025-12-10T20:06:23.515201+00:00
1848,1765397183.535176,2025-12-10T20:06:23.535177+00:00
1849,1765397183.556045,2025-12-10T20:06:23.556047+00:00
1850,1765397183.574024,2025-12-10T20:06:23.574026+00:00
1851,1765397183.59491,2025-12-10T20:06:23.594913+00:00
1852,1765397183.615813,2025-12-10T20:06:23.615814+00:00
1853,1765397183.6332932,2025-12-10T20:06:23.633295+00:00
1854,1765397183.6541471,2025-12-10T20:06:23.654148+00:00
1855,1765397183.674997,2025-12-10T20:06:23.674997+00:00
1856,1765397183.695859,2025-12-10T20:06:23.695861+00:00
1857,1765397183.7167318,2025-12-10T20:06:23.716736+00:00
1858,1765397183.737387,2025-12-10T20:06:23.737388+00:00
1859,1765397183.758255,2025-12-10T20:06:23.758259+00:00
1860,1765397183.7759922,2025-12-10T20:06:23.775996+00:00
1861,1765397183.7956579,2025-12-10T20:06:23.795664+00:00
1862,1765397183.81422,2025-12-10T20:06:23.814226+00:00
1863,1765397183.831403,2025-12-10T20:06:23.831404+00:00
1864,1765397183.8505442,2025-12-10T20:06:23.850545+00:00
1865,1765397183.87066,2025-12-10T20:06:23.870662+00:00
1866,1765397183.888185,2025-12-10T20:06:23.888189+00:00
1867,1765397183.9049401,2025-12-10T20:06:23.904941+00:00
1868,1765397183.9233541,2025-12-10T20:06:23.923355+00:00
1869,1765397183.94057,2025-12-10T20:06:23.940576+00:00
1870,1765397183.959876,2025-12-10T20:06:23.959882+00:00
1871,1765397183.980858,2025-12-10T20:06:23.980860+00:00
1872,1765397183.999438,2025-12-10T20:06:23.999439+00:00
1873,1765397184.016193,2025-12-10T20:06:24.016197+00:00
1874,1765397184.037324,2025-12-10T20:06:24.037325+00:00
1875,1765397184.057945,2025-12-10T20:06:24.057945+00:00
1876,1765397184.077595,2025-12-10T20:06:24.077601+00:00
1877,1765397184.096052,2025-12-10T20:06:24.096055+00:00
1878,1765397184.1169322,2025-12-10T20:06:24.116932+00:00
1879,1765397184.134345,2025-12-10T20:06:24.134346+00:00
1880,1765397184.154897,2025-12-10T20:06:24.154899+00:00
1881,1765397184.175779,2025-12-10T20:06:24.175784+00:00
1882,1765397184.196887,2025-12-10T20:06:24.196890+00:00
1883,1765397184.2177489,2025-12-10T20:06:24.217751+00:00
1884,1765397184.234936,2025-12-10T20:06:24.234937+00:00
1885,1765397184.2558029,2025-12-10T20:06:24.255808+00:00
1886,1765397184.276701,2025-12-10T20:06:24.276703+00:00
1887,1765397184.29845,2025-12-10T20:06:24.298455+00:00
1888,1765397184.318989,2025-12-10T20:06:24.318996+00:00
1889,1765397184.33735,2025-12-10T20:06:24.337351+00:00
1890,1765397184.358103,2025-12-10T20:06:24.358106+00:00
1891,1765397184.379004,2025-12-10T20:06:24.379006+00:00
1892,1765397184.399889,2025-12-10T20:06:24.399892+00:00
1893,1765397184.419756,2025-12-10T20:06:24.419757+00:00
1894,1765397184.436645,2025-12-10T20:06:24.436646+00:00
1895,1765397184.454004,2025-12-10T20:06:24.454006+00:00
1896,1765397184.473732,2025-12-10T20:06:24.473736+00:00
1897,1765397184.49202,2025-12-10T20:06:24.492023+00:00
1898,1765397184.511988,2025-12-10T20:06:24.511991+00:00
1899,1765397184.530995,2025-12-10T20:06:24.530997+00:00
1900,1765397184.548671,2025-12-10T20:06:24.548675+00:00
1901,1765397184.567211,2025-12-10T20:06:24.567213+00:00
1902,1765397184.586166,2025-12-10T20:06:24.586168+00:00
1903,1765397184.6029902,2025-12-10T20:06:24.602991+00:00
1904,1765397184.623234,2025-12-10T20:06:24.623235+00:00
1905,1765397184.64412,2025-12-10T20:06:24.644126+00:00
1906,1765397184.66379,2025-12-10T20:06:24.663790+00:00
1907,1765397184.684014,2025-12-10T20:06:24.684014+00:00
1908,1765397184.703935,2025-12-10T20:06:24.703936+00:00
1909,1765397184.7228212,2025-12-10T20:06:24.722822+00:00
1910,1765397184.743683,2025-12-10T20:06:24.743683+00:00
1911,1765397184.762826,2025-12-10T20:06:24.762828+00:00
1912,1765397184.7837088,2025-12-10T20:06:24.783710+00:00
1913,1765397184.8045912,2025-12-10T20:06:24.804595+00:00
1914,1765397184.825491,2025-12-10T20:06:24.825495+00:00
1915,1765397184.84638,2025-12-10T20:06:24.846381+00:00
1916,1765397184.86725,2025-12-10T20:06:24.867255+00:00
1917,1765397184.8881621,2025-12-10T20:06:24.888165+00:00
1918,1765397184.9074829,2025-12-10T20:06:24.907484+00:00
1919,1765397184.9271948,2025-12-10T20:06:24.927197+00:00
1920,1765397184.9480588,2025-12-10T20:06:24.948061+00:00
1921,1765397184.9689322,2025-12-10T20:06:24.968934+00:00
1922,1765397184.9897962,2025-12-10T20:06:24.989797+00:00
1923,1765397185.0075462,2025-12-10T20:06:25.007546+00:00
1924,1765397185.02785,2025-12-10T20:06:25.027853+00:00
1925,1765397185.047215,2025-12-10T20:06:25.047216+00:00
1926,1765397185.06752,2025-12-10T20:06:25.067521+00:00
1927,1765397185.088393,2025-12-10T20:06:25.088398+00:00
1928,1765397185.1065862,2025-12-10T20:06:25.106587+00:00
1929,1765397185.12687,2025-12-10T20:06:25.126875+00:00
1930,1765397185.147799,2025-12-10T20:06:25.147802+00:00
1931,1765397185.1654809,2025-12-10T20:06:25.165485+00:00
1932,1765397185.186026,2025-12-10T20:06:25.186028+00:00
1933,1765397185.2069068,2025-12-10T20:06:25.206910+00:00
1934,1765397185.2277818,2025-12-10T20:06:25.227783+00:00
1935,1765397185.248649,2025-12-10T20:06:25.248649+00:00
1936,1765397185.268642,2025-12-10T20:06:25.268643+00:00
1937,1765397185.2861109,2025-12-10T20:06:25.286112+00:00
1938,1765397185.303791,2025-12-10T20:06:25.303796+00:00
1939,1765397185.320776,2025-12-10T20:06:25.320782+00:00
1940,1765397185.341679,2025-12-10T20:06:25.341681+00:00
1941,1765397185.358437,2025-12-10T20:06:25.358440+00:00
1942,1765397185.379102,2025-12-10T20:06:25.379103+00:00
1943,1765397185.3999581,2025-12-10T20:06:25.399960+00:00
1944,1765397185.420025,2025-12-10T20:06:25.420026+00:00
1945,1765397185.439166,2025-12-10T20:06:25.439167+00:00
1946,1765397185.456039,2025-12-10T20:06:25.456043+00:00
1947,1765397185.473851,2025-12-10T20:06:25.473854+00:00
1948,1765397185.4926999,2025-12-10T20:06:25.492700+00:00
1949,1765397185.511172,2025-12-10T20:06:25.511173+00:00
1950,1765397185.531018,2025-12-10T20:06:25.531018+00:00
1951,1765397185.5507169,2025-12-10T20:06:25.550721+00:00
1952,1765397185.570068,2025-12-10T20:06:25.570079+00:00
1953,1765397185.58899,2025-12-10T20:06:25.588998+00:00
1954,1765397185.6098838,2025-12-10T20:06:25.609886+00:00
1955,1765397185.630765,2025-12-10T20:06:25.630768+00:00
1956,1765397185.6516612,2025-12-10T20:06:25.651664+00:00
1957,1765397185.6714811,2025-12-10T20:06:25.671482+00:00
1958,1765397185.692333,2025-12-10T20:06:25.692334+00:00
1959,1765397185.7131891,2025-12-10T20:06:25.713193+00:00
1960,1765397185.7336261,2025-12-10T20:06:25.733631+00:00
1961,1765397185.754507,2025-12-10T20:06:25.754508+00:00
1962,1765397185.771845,2025-12-10T20:06:25.771846+00:00
1963,1765397185.791135,2025-12-10T20:06:25.791136+00:00
1964,1765397185.811998,2025-12-10T20:06:25.812000+00:00
1965,1765397185.830273,2025-12-10T20:06:25.830276+00:00
1966,1765397185.850422,2025-12-10T20:06:25.850423+00:00
1967,1765397185.8712819,2025-12-10T20:06:25.871285+00:00
1968,1765397185.892181,2025-12-10T20:06:25.892184+00:00
1969,1765397185.912363,2025-12-10T20:06:25.912363+00:00
1970,1765397185.9332218,2025-12-10T20:06:25.933227+00:00
1971,1765397185.951735,2025-12-10T20:06:25.951739+00:00
1972,1765397185.972618,2025-12-10T20:06:25.972619+00:00
1973,1765397185.993472,2025-12-10T20:06:25.993474+00:00
1974,1765397186.014335,2025-12-10T20:06:26.014336+00:00
1975,1765397186.032266,2025-12-10T20:06:26.032276+00:00
1976,1765397186.053178,2025-12-10T20:06:26.053180+00:00
1977,1765397186.074054,2025-12-10T20:06:26.074058+00:00
1978,1765397186.094775,2025-12-10T20:06:26.094781+00:00
1979,1765397186.1117089,2025-12-10T20:06:26.111716+00:00
1980,1765397186.1298401,2025-12-10T20:06:26.129847+00:00
1981,1765397186.1507342,2025-12-10T20:06:26.150736+00:00
1982,1765397186.169297,2025-12-10T20:06:26.169301+00:00
1983,1765397186.190217,2025-12-10T20:06:26.190221+00:00
1984,1765397186.2111192,2025-12-10T20:06:26.211121+00:00
1985,1765397186.2304718,2025-12-10T20:06:26.230476+00:00
1986,1765397186.251374,2025-12-10T20:06:26.251378+00:00
1987,1765397186.2702222,2025-12-10T20:06:26.270222+00:00
1988,1765397186.290825,2025-12-10T20:06:26.290827+00:00
1989,1765397186.308094,2025-12-10T20:06:26.308100+00:00
1990,1765397186.328861,2025-12-10T20:06:26.328868+00:00
1991,1765397186.3497941,2025-12-10T20:06:26.349803+00:00
1992,1765397186.3680232,2025-12-10T20:06:26.368024+00:00
1993,1765397186.384855,2025-12-10T20:06:26.384858+00:00
1994,1765397186.404634,2025-12-10T20:06:26.404638+00:00
1995,1765397186.425567,2025-12-10T20:06:26.425719+00:00
1996,1765397186.44502,2025-12-10T20:06:26.445147+00:00
1997,1765397186.469641,2025-12-10T20:06:26.469646+00:00
1998,1765397186.495564,2025-12-10T20:06:26.495570+00:00
1999,1765397186.5151591,2025-12-10T20:06:26.515165+00:00
2000,1765397186.532254,2025-12-10T20:06:26.532263+00:00
2001,1765397186.549818,2025-12-10T20:06:26.549825+00:00
2002,1765397186.570862,2025-12-10T20:06:26.570867+00:00
2003,1765397186.588932,2025-12-10T20:06:26.588937+00:00
2004,1765397186.609906,2025-12-10T20:06:26.609912+00:00
2005,1765397186.6287591,2025-12-10T20:06:26.628778+00:00
2006,1765397186.6496792,2025-12-10T20:06:26.649684+00:00
2007,1765397186.6705852,2025-12-10T20:06:26.670590+00:00
2008,1765397186.689934,2025-12-10T20:06:26.689939+00:00
2009,1765397186.709057,2025-12-10T20:06:26.709060+00:00
2010,1765397186.725811,2025-12-10T20:06:26.725815+00:00
2011,1765397186.745644,2025-12-10T20:06:26.745651+00:00
2012,1765397186.762424,2025-12-10T20:06:26.762427+00:00
2013,1765397186.783303,2025-12-10T20:06:26.783306+00:00
2014,1765397186.8041978,2025-12-10T20:06:26.804202+00:00
2015,1765397186.822408,2025-12-10T20:06:26.822410+00:00
2016,1765397186.84211,2025-12-10T20:06:26.842113+00:00
2017,1765397186.858975,2025-12-10T20:06:26.858976+00:00
2018,1765397186.877082,2025-12-10T20:06:26.877084+00:00
2019,1765397186.895786,2025-12-10T20:06:26.895787+00:00
2020,1765397186.916639,2025-12-10T20:06:26.916639+00:00
2021,1765397186.9343271,2025-12-10T20:06:26.934329+00:00
2022,1765397186.954735,2025-12-10T20:06:26.954736+00:00
2023,1765397186.975599,2025-12-10T20:06:26.975604+00:00
2024,1765397186.99649,2025-12-10T20:06:26.996494+00:00
2025,1765397187.016729,2025-12-10T20:06:27.016735+00:00
2026,1765397187.035299,2025-12-10T20:06:27.035304+00:00
2027,1765397187.05616,2025-12-10T20:06:27.056165+00:00
2028,1765397187.077056,2025-12-10T20:06:27.077062+00:00
2029,1765397187.097791,2025-12-10T20:06:27.097799+00:00
2030,1765397187.118678,2025-12-10T20:06:27.118689+00:00
2031,1765397187.140028,2025-12-10T20:06:27.140033+00:00
2032,1765397187.1609359,2025-12-10T20:06:27.160942+00:00
2033,1765397187.181959,2025-12-10T20:06:27.181962+00:00
2034,1765397187.2028348,2025-12-10T20:06:27.202838+00:00
2035,1765397187.221977,2025-12-10T20:06:27.221980+00:00
2036,1765397187.242857,2025-12-10T20:06:27.242860+00:00
2037,1765397187.263734,2025-12-10T20:06:27.263736+00:00
2038,1765397187.2846148,2025-12-10T20:06:27.284618+00:00
2039,1765397187.3043299,2025-12-10T20:06:27.304332+00:00
2040,1765397187.325212,2025-12-10T20:06:27.325219+00:00
2041,1765397187.346122,2025-12-10T20:06:27.346126+00:00
2042,1765397187.365429,2025-12-10T20:06:27.365435+00:00
2043,1765397187.387507,2025-12-10T20:06:27.387509+00:00
2044,1765397187.407032,2025-12-10T20:06:27.407036+00:00
2045,1765397187.427906,2025-12-10T20:06:27.427908+00:00
2046,1765397187.445421,2025-12-10T20:06:27.445425+00:00
2047,1765397187.466295,2025-12-10T20:06:27.466298+00:00
2048,1765397187.4871738,2025-12-10T20:06:27.487180+00:00
2049,1765397187.504856,2025-12-10T20:06:27.504864+00:00
2050,1765397187.525748,2025-12-10T20:06:27.525757+00:00
2051,1765397187.544231,2025-12-10T20:06:27.544236+00:00
2052,1765397187.565119,2025-12-10T20:06:27.565121+00:00
2053,1765397187.586007,2025-12-10T20:06:27.586012+00:00
2054,1765397187.603898,2025-12-10T20:06:27.603900+00:00
2055,1765397187.627605,2025-12-10T20:06:27.627610+00:00
2056,1765397187.644872,2025-12-10T20:06:27.644876+00:00
2057,1765397187.665747,2025-12-10T20:06:27.665750+00:00
2058,1765397187.686624,2025-12-10T20:06:27.686626+00:00
2059,1765397187.707505,2025-12-10T20:06:27.707507+00:00
2060,1765397187.727335,2025-12-10T20:06:27.727338+00:00
2061,1765397187.7444391,2025-12-10T20:06:27.744440+00:00
2062,1765397187.765302,2025-12-10T20:06:27.765303+00:00
2063,1765397187.782218,2025-12-10T20:06:27.782218+00:00
2064,1765397187.8020322,2025-12-10T20:06:27.802033+00:00
2065,1765397187.822004,2025-12-10T20:06:27.822007+00:00
2066,1765397187.84053,2025-12-10T20:06:27.840536+00:00
2067,1765397187.861433,2025-12-10T20:06:27.861435+00:00
2068,1765397187.878242,2025-12-10T20:06:27.878245+00:00
2069,1765397187.895759,2025-12-10T20:06:27.895761+00:00
2070,1765397187.916647,2025-12-10T20:06:27.916648+00:00
2071,1765397187.937516,2025-12-10T20:06:27.937517+00:00
2072,1765397187.9580002,2025-12-10T20:06:27.958001+00:00
2073,1765397187.9784489,2025-12-10T20:06:27.978452+00:00
2074,1765397187.995745,2025-12-10T20:06:27.995746+00:00
2075,1765397188.012768,2025-12-10T20:06:28.012771+00:00
2076,1765397188.03125,2025-12-10T20:06:28.031251+00:00
2077,1765397188.052098,2025-12-10T20:06:28.052098+00:00
2078,1765397188.071616,2025-12-10T20:06:28.071617+00:00
2079,1765397188.0884328,2025-12-10T20:06:28.088433+00:00
2080,1765397188.105257,2025-12-10T20:06:28.105258+00:00
2081,1765397188.123043,2025-12-10T20:06:28.123044+00:00
2082,1765397188.13983,2025-12-10T20:06:28.139834+00:00
2083,1765397188.1576672,2025-12-10T20:06:28.157670+00:00
2084,1765397188.178035,2025-12-10T20:06:28.178038+00:00
2085,1765397188.1989062,2025-12-10T20:06:28.198909+00:00
2086,1765397188.217325,2025-12-10T20:06:28.217326+00:00
2087,1765397188.238192,2025-12-10T20:06:28.238197+00:00
2088,1765397188.255012,2025-12-10T20:06:28.255014+00:00
2089,1765397188.273432,2025-12-10T20:06:28.273442+00:00
2090,1765397188.294346,2025-12-10T20:06:28.294347+00:00
2091,1765397188.312431,2025-12-10T20:06:28.312436+00:00
2092,1765397188.3333492,2025-12-10T20:06:28.333351+00:00
2093,1765397188.3541062,2025-12-10T20:06:28.354108+00:00
2094,1765397188.3749719,2025-12-10T20:06:28.374975+00:00
2095,1765397188.3940449,2025-12-10T20:06:28.394049+00:00
2096,1765397188.414928,2025-12-10T20:06:28.414932+00:00
2097,1765397188.435829,2025-12-10T20:06:28.435835+00:00
2098,1765397188.456752,2025-12-10T20:06:28.456755+00:00
2099,1765397188.476047,2025-12-10T20:06:28.476049+00:00
2100,1765397188.4928708,2025-12-10T20:06:28.492881+00:00
2101,1765397188.5204139,2025-12-10T20:06:28.520418+00:00
2102,1765397188.541823,2025-12-10T20:06:28.541845+00:00
2103,1765397188.561855,2025-12-10T20:06:28.562388+00:00
2104,1765397188.5965319,2025-12-10T20:06:28.596537+00:00
2105,1765397188.629218,2025-12-10T20:06:28.629223+00:00
2106,1765397188.6529028,2025-12-10T20:06:28.652909+00:00
2107,1765397188.694222,2025-12-10T20:06:28.694228+00:00
2108,1765397188.7344031,2025-12-10T20:06:28.734408+00:00
2109,1765397188.7543411,2025-12-10T20:06:28.754347+00:00
2110,1765397188.797021,2025-12-10T20:06:28.797026+00:00
2111,1765397188.845443,2025-12-10T20:06:28.845448+00:00
2112,1765397188.8678558,2025-12-10T20:06:28.867862+00:00
2113,1765397188.887516,2025-12-10T20:06:28.887521+00:00
2114,1765397188.90844,2025-12-10T20:06:28.908445+00:00
2115,1765397188.9273238,2025-12-10T20:06:28.927329+00:00
2116,1765397188.94625,2025-12-10T20:06:28.946256+00:00
2117,1765397188.96421,2025-12-10T20:06:28.964214+00:00
2118,1765397188.9815412,2025-12-10T20:06:28.981546+00:00
2119,1765397188.999692,2025-12-10T20:06:28.999695+00:00
2120,1765397189.018479,2025-12-10T20:06:29.018484+00:00
2121,1765397189.037895,2025-12-10T20:06:29.037901+00:00
2122,1765397189.055948,2025-12-10T20:06:29.055954+00:00
2123,1765397189.0769868,2025-12-10T20:06:29.076990+00:00
2124,1765397189.097045,2025-12-10T20:06:29.097049+00:00
2125,1765397189.117942,2025-12-10T20:06:29.117946+00:00
2126,1765397189.138829,2025-12-10T20:06:29.138833+00:00
2127,1765397189.159721,2025-12-10T20:06:29.159724+00:00
2128,1765397189.17819,2025-12-10T20:06:29.178194+00:00
2129,1765397189.199075,2025-12-10T20:06:29.199077+00:00
2130,1765397189.219955,2025-12-10T20:06:29.219956+00:00
2131,1765397189.237047,2025-12-10T20:06:29.237050+00:00
2132,1765397189.257946,2025-12-10T20:06:29.257947+00:00
2133,1765397189.2774222,2025-12-10T20:06:29.277424+00:00
2134,1765397189.29829,2025-12-10T20:06:29.298291+00:00
2135,1765397189.318808,2025-12-10T20:06:29.318809+00:00
2136,1765397189.337827,2025-12-10T20:06:29.337829+00:00
2137,1765397189.35731,2025-12-10T20:06:29.357311+00:00
2138,1765397189.374681,2025-12-10T20:06:29.374687+00:00
2139,1765397189.392906,2025-12-10T20:06:29.392910+00:00
2140,1765397189.4148638,2025-12-10T20:06:29.414868+00:00
2141,1765397189.432658,2025-12-10T20:06:29.432661+00:00
2142,1765397189.451811,2025-12-10T20:06:29.451812+00:00
2143,1765397189.4715981,2025-12-10T20:06:29.471598+00:00
2144,1765397189.492466,2025-12-10T20:06:29.492470+00:00
2145,1765397189.5097659,2025-12-10T20:06:29.509771+00:00
2146,1765397189.530654,2025-12-10T20:06:29.530655+00:00
2147,1765397189.54815,2025-12-10T20:06:29.548151+00:00
2148,1765397189.5690172,2025-12-10T20:06:29.569019+00:00
2149,1765397189.589055,2025-12-10T20:06:29.589060+00:00
2150,1765397189.609946,2025-12-10T20:06:29.609947+00:00
2151,1765397189.630835,2025-12-10T20:06:29.630837+00:00
2152,1765397189.649996,2025-12-10T20:06:29.650000+00:00
2153,1765397189.6721642,2025-12-10T20:06:29.672168+00:00
2154,1765397189.690732,2025-12-10T20:06:29.690734+00:00
2155,1765397189.7115939,2025-12-10T20:06:29.711597+00:00
2156,1765397189.7298298,2025-12-10T20:06:29.729833+00:00
2157,1765397189.7501838,2025-12-10T20:06:29.750187+00:00
2158,1765397189.770659,2025-12-10T20:06:29.770662+00:00
2159,1765397189.789077,2025-12-10T20:06:29.789079+00:00
2160,1765397189.8083572,2025-12-10T20:06:29.808362+00:00
2161,1765397189.8292632,2025-12-10T20:06:29.829266+00:00
2162,1765397189.8501859,2025-12-10T20:06:29.850192+00:00
2163,1765397189.8683882,2025-12-10T20:06:29.868391+00:00
2164,1765397189.888372,2025-12-10T20:06:29.888375+00:00
2165,1765397189.907531,2025-12-10T20:06:29.907534+00:00
2166,1765397189.9284291,2025-12-10T20:06:29.928436+00:00
2167,1765397189.9493382,2025-12-10T20:06:29.949340+00:00
2168,1765397189.970207,2025-12-10T20:06:29.970212+00:00
2169,1765397189.9911191,2025-12-10T20:06:29.991126+00:00
2170,1765397190.0120199,2025-12-10T20:06:30.012023+00:00
2171,1765397190.032902,2025-12-10T20:06:30.032907+00:00
2172,1765397190.0537732,2025-12-10T20:06:30.053777+00:00
2173,1765397190.071018,2025-12-10T20:06:30.071023+00:00
2174,1765397190.091212,2025-12-10T20:06:30.091217+00:00
2175,1765397190.112045,2025-12-10T20:06:30.112070+00:00
2176,1765397190.1330051,2025-12-10T20:06:30.133010+00:00
2177,1765397190.1543481,2025-12-10T20:06:30.154354+00:00
2178,1765397190.1752682,2025-12-10T20:06:30.175273+00:00
2179,1765397190.196191,2025-12-10T20:06:30.196194+00:00
2180,1765397190.2162309,2025-12-10T20:06:30.216234+00:00
2181,1765397190.237115,2025-12-10T20:06:30.237115+00:00
2182,1765397190.254957,2025-12-10T20:06:30.254958+00:00
2183,1765397190.2758121,2025-12-10T20:06:30.275813+00:00
2184,1765397190.296053,2025-12-10T20:06:30.296070+00:00
2185,1765397190.316929,2025-12-10T20:06:30.316932+00:00
2186,1765397190.337802,2025-12-10T20:06:30.337804+00:00
2187,1765397190.356925,2025-12-10T20:06:30.356929+00:00
2188,1765397190.376787,2025-12-10T20:06:30.376795+00:00
2189,1765397190.3945029,2025-12-10T20:06:30.394507+00:00
2190,1765397190.415405,2025-12-10T20:06:30.415412+00:00
2191,1765397190.433525,2025-12-10T20:06:30.433533+00:00
2192,1765397190.4505758,2025-12-10T20:06:30.450580+00:00
2193,1765397190.468948,2025-12-10T20:06:30.468953+00:00
2194,1765397190.487062,2025-12-10T20:06:30.487069+00:00
2195,1765397190.507447,2025-12-10T20:06:30.507450+00:00
2196,1765397190.528333,2025-12-10T20:06:30.528345+00:00
2197,1765397190.5492659,2025-12-10T20:06:30.549274+00:00
2198,1765397190.569982,2025-12-10T20:06:30.569986+00:00
2199,1765397190.590883,2025-12-10T20:06:30.590886+00:00
2200,1765397190.611785,2025-12-10T20:06:30.611794+00:00
2201,1765397190.632721,2025-12-10T20:06:30.632723+00:00
2202,1765397190.6536121,2025-12-10T20:06:30.653617+00:00
2203,1765397190.67452,2025-12-10T20:06:30.674530+00:00
2204,1765397190.694645,2025-12-10T20:06:30.694648+00:00
2205,1765397190.715528,2025-12-10T20:06:30.715533+00:00
2206,1765397190.7357671,2025-12-10T20:06:30.735775+00:00
2207,1765397190.756683,2025-12-10T20:06:30.756684+00:00
2208,1765397190.7737741,2025-12-10T20:06:30.773780+00:00
2209,1765397190.79168,2025-12-10T20:06:30.791686+00:00
2210,1765397190.809061,2025-12-10T20:06:30.809065+00:00
2211,1765397190.829969,2025-12-10T20:06:30.829974+00:00
2212,1765397190.849992,2025-12-10T20:06:30.849996+00:00
2213,1765397190.870889,2025-12-10T20:06:30.870895+00:00
2214,1765397190.891804,2025-12-10T20:06:30.891807+00:00
2215,1765397190.912131,2025-12-10T20:06:30.912137+00:00
2216,1765397190.929833,2025-12-10T20:06:30.929838+00:00
2217,1765397190.9522262,2025-12-10T20:06:30.952230+00:00
2218,1765397190.969894,2025-12-10T20:06:30.969898+00:00
2219,1765397190.9874618,2025-12-10T20:06:30.987466+00:00
2220,1765397191.007499,2025-12-10T20:06:31.007507+00:00
2221,1765397191.028457,2025-12-10T20:06:31.028463+00:00
2222,1765397191.048946,2025-12-10T20:06:31.048948+00:00
2223,1765397191.069817,2025-12-10T20:06:31.069819+00:00
2224,1765397191.090722,2025-12-10T20:06:31.090726+00:00
2225,1765397191.111341,2025-12-10T20:06:31.111343+00:00
2226,1765397191.132225,2025-12-10T20:06:31.132227+00:00
2227,1765397191.152076,2025-12-10T20:06:31.152081+00:00
2228,1765397191.172987,2025-12-10T20:06:31.172988+00:00
2229,1765397191.193853,2025-12-10T20:06:31.193855+00:00
2230,1765397191.214732,2025-12-10T20:06:31.214737+00:00
2231,1765397191.235647,2025-12-10T20:06:31.235652+00:00
2232,1765397191.256533,2025-12-10T20:06:31.256536+00:00
2233,1765397191.2774,2025-12-10T20:06:31.277403+00:00
2234,1765397191.2983072,2025-12-10T20:06:31.298312+00:00
2235,1765397191.319197,2025-12-10T20:06:31.319199+00:00
2236,1765397191.3398871,2025-12-10T20:06:31.339892+00:00
2237,1765397191.360785,2025-12-10T20:06:31.360789+00:00
2238,1765397191.381679,2025-12-10T20:06:31.381682+00:00
2239,1765397191.401593,2025-12-10T20:06:31.401596+00:00
2240,1765397191.4224699,2025-12-10T20:06:31.422477+00:00
2241,1765397191.443376,2025-12-10T20:06:31.443381+00:00
2242,1765397191.461385,2025-12-10T20:06:31.461387+00:00
2243,1765397191.4822521,2025-12-10T20:06:31.482254+00:00
2244,1765397191.503127,2025-12-10T20:06:31.503130+00:00
2245,1765397191.522461,2025-12-10T20:06:31.522467+00:00
2246,1765397191.541665,2025-12-10T20:06:31.541668+00:00
2247,1765397191.5625331,2025-12-10T20:06:31.562536+00:00
2248,1765397191.583529,2025-12-10T20:06:31.583533+00:00
2249,1765397191.601989,2025-12-10T20:06:31.601995+00:00
2250,1765397191.618966,2025-12-10T20:06:31.618968+00:00
2251,1765397191.636371,2025-12-10T20:06:31.636375+00:00
2252,1765397191.653729,2025-12-10T20:06:31.653732+00:00
2253,1765397191.672066,2025-12-10T20:06:31.672068+00:00
2254,1765397191.689512,2025-12-10T20:06:31.689517+00:00
2255,1765397191.7099142,2025-12-10T20:06:31.710029+00:00
2256,1765397191.730912,2025-12-10T20:06:31.730915+00:00
2257,1765397191.74981,2025-12-10T20:06:31.749813+00:00
2258,1765397191.770682,2025-12-10T20:06:31.770686+00:00
2259,1765397191.791563,2025-12-10T20:06:31.791566+00:00
2260,1765397191.812438,2025-12-10T20:06:31.812441+00:00
2261,1765397191.829343,2025-12-10T20:06:31.829345+00:00
2262,1765397191.850226,2025-12-10T20:06:31.850229+00:00
2263,1765397191.871139,2025-12-10T20:06:31.871141+00:00
2264,1765397191.8920052,2025-12-10T20:06:31.892010+00:00
2265,1765397191.9129002,2025-12-10T20:06:31.912906+00:00
2266,1765397191.9297988,2025-12-10T20:06:31.929801+00:00
2267,1765397191.950023,2025-12-10T20:06:31.950033+00:00
2268,1765397191.9709508,2025-12-10T20:06:31.970954+00:00
2269,1765397191.988501,2025-12-10T20:06:31.988505+00:00
2270,1765397192.008357,2025-12-10T20:06:32.008365+00:00
2271,1765397192.025822,2025-12-10T20:06:32.025829+00:00
2272,1765397192.0467432,2025-12-10T20:06:32.046750+00:00
2273,1765397192.0676632,2025-12-10T20:06:32.067668+00:00
2274,1765397192.087151,2025-12-10T20:06:32.087154+00:00
2275,1765397192.104684,2025-12-10T20:06:32.104688+00:00
2276,1765397192.1270258,2025-12-10T20:06:32.127030+00:00
2277,1765397192.144537,2025-12-10T20:06:32.144542+00:00
2278,1765397192.1634161,2025-12-10T20:06:32.163422+00:00
2279,1765397192.180358,2025-12-10T20:06:32.180361+00:00
2280,1765397192.201238,2025-12-10T20:06:32.201243+00:00
2281,1765397192.2199712,2025-12-10T20:06:32.219974+00:00
2282,1765397192.240862,2025-12-10T20:06:32.240867+00:00
2283,1765397192.261785,2025-12-10T20:06:32.261794+00:00
2284,1765397192.282701,2025-12-10T20:06:32.282703+00:00
2285,1765397192.301952,2025-12-10T20:06:32.301955+00:00
2286,1765397192.322391,2025-12-10T20:06:32.322394+00:00
2287,1765397192.343293,2025-12-10T20:06:32.343297+00:00
2288,1765397192.362933,2025-12-10T20:06:32.362938+00:00
2289,1765397192.38383,2025-12-10T20:06:32.383833+00:00
2290,1765397192.4022322,2025-12-10T20:06:32.402238+00:00
2291,1765397192.4231339,2025-12-10T20:06:32.423139+00:00
2292,1765397192.4440231,2025-12-10T20:06:32.444032+00:00
2293,1765397192.460833,2025-12-10T20:06:32.460841+00:00
2294,1765397192.478438,2025-12-10T20:06:32.478440+00:00
2295,1765397192.499309,2025-12-10T20:06:32.499312+00:00
2296,1765397192.5201879,2025-12-10T20:06:32.520189+00:00
2297,1765397192.5390341,2025-12-10T20:06:32.539036+00:00
2298,1765397192.559328,2025-12-10T20:06:32.559332+00:00
2299,1765397192.578617,2025-12-10T20:06:32.578619+00:00
2300,1765397192.5994759,2025-12-10T20:06:32.599477+00:00
2301,1765397192.620343,2025-12-10T20:06:32.620347+00:00
2302,1765397192.640766,2025-12-10T20:06:32.640768+00:00
2303,1765397192.660434,2025-12-10T20:06:32.660434+00:00
2304,1765397192.681278,2025-12-10T20:06:32.681278+00:00
2305,1765397192.698588,2025-12-10T20:06:32.698588+00:00
2306,1765397192.718687,2025-12-10T20:06:32.718689+00:00
2307,1765397192.737278,2025-12-10T20:06:32.737282+00:00
2308,1765397192.757032,2025-12-10T20:06:32.757036+00:00
2309,1765397192.7771819,2025-12-10T20:06:32.777184+00:00
2310,1765397192.79515,2025-12-10T20:06:32.795153+00:00
2311,1765397192.816064,2025-12-10T20:06:32.816067+00:00
2312,1765397192.836938,2025-12-10T20:06:32.836940+00:00
2313,1765397192.854639,2025-12-10T20:06:32.854641+00:00
2314,1765397192.873833,2025-12-10T20:06:32.873836+00:00
2315,1765397192.894712,2025-12-10T20:06:32.894718+00:00
2316,1765397192.912585,2025-12-10T20:06:32.912589+00:00
2317,1765397192.933482,2025-12-10T20:06:32.933487+00:00
2318,1765397192.954387,2025-12-10T20:06:32.954394+00:00
2319,1765397192.9721029,2025-12-10T20:06:32.972104+00:00
2320,1765397192.991731,2025-12-10T20:06:32.991735+00:00
2321,1765397193.012643,2025-12-10T20:06:33.012647+00:00
2322,1765397193.033534,2025-12-10T20:06:33.033539+00:00
2323,1765397193.05468,2025-12-10T20:06:33.054681+00:00
2324,1765397193.075546,2025-12-10T20:06:33.075547+00:00
2325,1765397193.096427,2025-12-10T20:06:33.096431+00:00
2326,1765397193.117318,2025-12-10T20:06:33.117322+00:00
2327,1765397193.1376362,2025-12-10T20:06:33.137641+00:00
2328,1765397193.156877,2025-12-10T20:06:33.156882+00:00
2329,1765397193.1770382,2025-12-10T20:06:33.177040+00:00
2330,1765397193.1959739,2025-12-10T20:06:33.195975+00:00
2331,1765397193.21563,2025-12-10T20:06:33.215632+00:00
2332,1765397193.232758,2025-12-10T20:06:33.232763+00:00
2333,1765397193.253294,2025-12-10T20:06:33.253296+00:00
2334,1765397193.270991,2025-12-10T20:06:33.270992+00:00
2335,1765397193.2918458,2025-12-10T20:06:33.291847+00:00
2336,1765397193.3127098,2025-12-10T20:06:33.312711+00:00
2337,1765397193.3301618,2025-12-10T20:06:33.330166+00:00
2338,1765397193.351066,2025-12-10T20:06:33.351070+00:00
2339,1765397193.371951,2025-12-10T20:06:33.371952+00:00
2340,1765397193.3922691,2025-12-10T20:06:33.392276+00:00
2341,1765397193.412621,2025-12-10T20:06:33.412624+00:00
2342,1765397193.431361,2025-12-10T20:06:33.431366+00:00
2343,1765397193.4515011,2025-12-10T20:06:33.451504+00:00
2344,1765397193.472404,2025-12-10T20:06:33.472409+00:00
2345,1765397193.4915562,2025-12-10T20:06:33.491560+00:00
2346,1765397193.510057,2025-12-10T20:06:33.510062+00:00
2347,1765397193.5317361,2025-12-10T20:06:33.531811+00:00
2348,1765397193.549201,2025-12-10T20:06:33.549205+00:00
2349,1765397193.5691829,2025-12-10T20:06:33.569186+00:00
2350,1765397193.590084,2025-12-10T20:06:33.590088+00:00
2351,1765397193.609605,2025-12-10T20:06:33.609608+00:00
2352,1765397193.629662,2025-12-10T20:06:33.629664+00:00
2353,1765397193.6505432,2025-12-10T20:06:33.650548+00:00
2354,1765397193.669916,2025-12-10T20:06:33.669917+00:00
2355,1765397193.690746,2025-12-10T20:06:33.690751+00:00
2356,1765397193.707604,2025-12-10T20:06:33.707606+00:00
2357,1765397193.7281961,2025-12-10T20:06:33.728201+00:00
2358,1765397193.74669,2025-12-10T20:06:33.746691+00:00
2359,1765397193.763422,2025-12-10T20:06:33.763426+00:00
2360,1765397193.783694,2025-12-10T20:06:33.783698+00:00
2361,1765397193.804584,2025-12-10T20:06:33.804586+00:00
2362,1765397193.825472,2025-12-10T20:06:33.825473+00:00
2363,1765397193.8463428,2025-12-10T20:06:33.846344+00:00
2364,1765397193.8672352,2025-12-10T20:06:33.867236+00:00
2365,1765397193.887236,2025-12-10T20:06:33.887240+00:00
2366,1765397193.905377,2025-12-10T20:06:33.905381+00:00
2367,1765397193.925111,2025-12-10T20:06:33.925126+00:00
2368,1765397193.946003,2025-12-10T20:06:33.946005+00:00
2369,1765397193.964947,2025-12-10T20:06:33.964961+00:00
2370,1765397193.982493,2025-12-10T20:06:33.982503+00:00
2371,1765397194.003416,2025-12-10T20:06:34.003417+00:00
2372,1765397194.0222652,2025-12-10T20:06:34.022269+00:00
2373,1765397194.043162,2025-12-10T20:06:34.043163+00:00
2374,1765397194.060359,2025-12-10T20:06:34.060361+00:00
2375,1765397194.0807328,2025-12-10T20:06:34.080734+00:00
2376,1765397194.097453,2025-12-10T20:06:34.097454+00:00
2377,1765397194.118313,2025-12-10T20:06:34.118313+00:00
2378,1765397194.139167,2025-12-10T20:06:34.139169+00:00
2379,1765397194.159373,2025-12-10T20:06:34.159376+00:00
2380,1765397194.180265,2025-12-10T20:06:34.180269+00:00
2381,1765397194.199283,2025-12-10T20:06:34.199287+00:00
2382,1765397194.216854,2025-12-10T20:06:34.216855+00:00
2383,1765397194.234057,2025-12-10T20:06:34.234058+00:00
2384,1765397194.25491,2025-12-10T20:06:34.254911+00:00
2385,1765397194.272903,2025-12-10T20:06:34.272906+00:00
2386,1765397194.293836,2025-12-10T20:06:34.293837+00:00
2387,1765397194.314695,2025-12-10T20:06:34.314699+00:00
2388,1765397194.335583,2025-12-10T20:06:34.335588+00:00
2389,1765397194.35647,2025-12-10T20:06:34.356472+00:00
2390,1765397194.377336,2025-12-10T20:06:34.377341+00:00
2391,1765397194.395856,2025-12-10T20:06:34.395859+00:00
2392,1765397194.414928,2025-12-10T20:06:34.414933+00:00
2393,1765397194.435097,2025-12-10T20:06:34.435107+00:00
2394,1765397194.456019,2025-12-10T20:06:34.456026+00:00
2395,1765397194.473564,2025-12-10T20:06:34.473566+00:00
2396,1765397194.4925828,2025-12-10T20:06:34.492588+00:00
2397,1765397194.512696,2025-12-10T20:06:34.512699+00:00
2398,1765397194.533268,2025-12-10T20:06:34.533270+00:00
2399,1765397194.550016,2025-12-10T20:06:34.550020+00:00
2400,1765397194.5708978,2025-12-10T20:06:34.570911+00:00
2401,1765397194.589828,2025-12-10T20:06:34.589832+00:00
2402,1765397194.61071,2025-12-10T20:06:34.610713+00:00
2403,1765397194.628407,2025-12-10T20:06:34.628411+00:00
2404,1765397194.645476,2025-12-10T20:06:34.645479+00:00
2405,1765397194.666348,2025-12-10T20:06:34.666353+00:00
2406,1765397194.684309,2025-12-10T20:06:34.684311+00:00
2407,1765397194.703407,2025-12-10T20:06:34.703413+00:00
2408,1765397194.7267148,2025-12-10T20:06:34.726719+00:00
2409,1765397194.744129,2025-12-10T20:06:34.744133+00:00
2410,1765397194.772275,2025-12-10T20:06:34.772279+00:00
2411,1765397194.791415,2025-12-10T20:06:34.791419+00:00
2412,1765397194.8096561,2025-12-10T20:06:34.809661+00:00
2413,1765397194.8297532,2025-12-10T20:06:34.829758+00:00
2414,1765397194.849073,2025-12-10T20:06:34.849078+00:00
2415,1765397194.865987,2025-12-10T20:06:34.865992+00:00
2416,1765397194.886668,2025-12-10T20:06:34.886675+00:00
2417,1765397194.9075232,2025-12-10T20:06:34.907528+00:00
2418,1765397194.924503,2025-12-10T20:06:34.924508+00:00
2419,1765397194.945784,2025-12-10T20:06:34.945788+00:00
2420,1765397194.966702,2025-12-10T20:06:34.966708+00:00
2421,1765397194.9876301,2025-12-10T20:06:34.987636+00:00
2422,1765397195.008369,2025-12-10T20:06:35.008373+00:00
2423,1765397195.0283442,2025-12-10T20:06:35.028352+00:00
2424,1765397195.0492558,2025-12-10T20:06:35.049257+00:00
2425,1765397195.070122,2025-12-10T20:06:35.070127+00:00
2426,1765397195.08973,2025-12-10T20:06:35.089741+00:00
2427,1765397195.106949,2025-12-10T20:06:35.106954+00:00
2428,1765397195.123832,2025-12-10T20:06:35.123845+00:00
2429,1765397195.140853,2025-12-10T20:06:35.140855+00:00
2430,1765397195.1617332,2025-12-10T20:06:35.161743+00:00
2431,1765397195.182653,2025-12-10T20:06:35.182658+00:00
2432,1765397195.203563,2025-12-10T20:06:35.203567+00:00
2433,1765397195.224473,2025-12-10T20:06:35.224478+00:00
2434,1765397195.241961,2025-12-10T20:06:35.241961+00:00
2435,1765397195.2628338,2025-12-10T20:06:35.262838+00:00
2436,1765397195.280021,2025-12-10T20:06:35.280024+00:00
2437,1765397195.3008482,2025-12-10T20:06:35.300849+00:00
2438,1765397195.321713,2025-12-10T20:06:35.321714+00:00
2439,1765397195.3397079,2025-12-10T20:06:35.339708+00:00
2440,1765397195.359474,2025-12-10T20:06:35.359475+00:00
2441,1765397195.380331,2025-12-10T20:06:35.380332+00:00
2442,1765397195.398253,2025-12-10T20:06:35.398258+00:00
2443,1765397195.4176362,2025-12-10T20:06:35.417640+00:00
2444,1765397195.4376,2025-12-10T20:06:35.437607+00:00
2445,1765397195.4583318,2025-12-10T20:06:35.458335+00:00
2446,1765397195.479221,2025-12-10T20:06:35.479224+00:00
2447,1765397195.5001018,2025-12-10T20:06:35.500104+00:00
2448,1765397195.520931,2025-12-10T20:06:35.520932+00:00
2449,1765397195.539383,2025-12-10T20:06:35.539386+00:00
2450,1765397195.560281,2025-12-10T20:06:35.560286+00:00
2451,1765397195.578736,2025-12-10T20:06:35.578738+00:00
2452,1765397195.59809,2025-12-10T20:06:35.598092+00:00
2453,1765397195.616331,2025-12-10T20:06:35.616333+00:00
2454,1765397195.6371999,2025-12-10T20:06:35.637203+00:00
2455,1765397195.6558568,2025-12-10T20:06:35.655858+00:00
2456,1765397195.673057,2025-12-10T20:06:35.673059+00:00
2457,1765397195.6939242,2025-12-10T20:06:35.693924+00:00
2458,1765397195.7114408,2025-12-10T20:06:35.711443+00:00
2459,1765397195.7315211,2025-12-10T20:06:35.731521+00:00
2460,1765397195.752387,2025-12-10T20:06:35.752393+00:00
2461,1765397195.771368,2025-12-10T20:06:35.771371+00:00
2462,1765397195.790012,2025-12-10T20:06:35.790015+00:00
2463,1765397195.810889,2025-12-10T20:06:35.810891+00:00
2464,1765397195.827957,2025-12-10T20:06:35.827961+00:00
2465,1765397195.849591,2025-12-10T20:06:35.849596+00:00
2466,1765397195.870474,2025-12-10T20:06:35.870474+00:00
2467,1765397195.8913321,2025-12-10T20:06:35.891336+00:00
2468,1765397195.909608,2025-12-10T20:06:35.909611+00:00
2469,1765397195.9292521,2025-12-10T20:06:35.929254+00:00
2470,1765397195.947972,2025-12-10T20:06:35.947976+00:00
2471,1765397195.9674811,2025-12-10T20:06:35.967485+00:00
2472,1765397195.988367,2025-12-10T20:06:35.988368+00:00
2473,1765397196.0092318,2025-12-10T20:06:36.009237+00:00
2474,1765397196.029595,2025-12-10T20:06:36.029598+00:00
2475,1765397196.04915,2025-12-10T20:06:36.049152+00:00
2476,1765397196.069089,2025-12-10T20:06:36.069089+00:00
2477,1765397196.0899358,2025-12-10T20:06:36.089938+00:00
2478,1765397196.110788,2025-12-10T20:06:36.110789+00:00
2479,1765397196.1297731,2025-12-10T20:06:36.129777+00:00
2480,1765397196.1499379,2025-12-10T20:06:36.149943+00:00
2481,1765397196.167569,2025-12-10T20:06:36.167575+00:00
2482,1765397196.185462,2025-12-10T20:06:36.185468+00:00
2483,1765397196.2063591,2025-12-10T20:06:36.206363+00:00
2484,1765397196.223665,2025-12-10T20:06:36.223671+00:00
2485,1765397196.2445629,2025-12-10T20:06:36.244564+00:00
2486,1765397196.262004,2025-12-10T20:06:36.262006+00:00
2487,1765397196.282901,2025-12-10T20:06:36.282901+00:00
2488,1765397196.303756,2025-12-10T20:06:36.303760+00:00
2489,1765397196.3220081,2025-12-10T20:06:36.322012+00:00
2490,1765397196.3429,2025-12-10T20:06:36.342901+00:00
2491,1765397196.3637629,2025-12-10T20:06:36.363766+00:00
2492,1765397196.380553,2025-12-10T20:06:36.380557+00:00
2493,1765397196.40144,2025-12-10T20:06:36.401441+00:00
2494,1765397196.422305,2025-12-10T20:06:36.422308+00:00
2495,1765397196.443176,2025-12-10T20:06:36.443178+00:00
2496,1765397196.463319,2025-12-10T20:06:36.463322+00:00
2497,1765397196.4842188,2025-12-10T20:06:36.484224+00:00
2498,1765397196.5013828,2025-12-10T20:06:36.501386+00:00
2499,1765397196.522273,2025-12-10T20:06:36.522277+00:00
2500,1765397196.5398211,2025-12-10T20:06:36.539822+00:00
2501,1765397196.5607018,2025-12-10T20:06:36.560707+00:00
2502,1765397196.580034,2025-12-10T20:06:36.580036+00:00
2503,1765397196.5985699,2025-12-10T20:06:36.598571+00:00
2504,1765397196.619422,2025-12-10T20:06:36.619423+00:00
2505,1765397196.6402829,2025-12-10T20:06:36.640284+00:00
2506,1765397196.66115,2025-12-10T20:06:36.661153+00:00
2507,1765397196.6779509,2025-12-10T20:06:36.677956+00:00
2508,1765397196.698103,2025-12-10T20:06:36.698107+00:00
2509,1765397196.718981,2025-12-10T20:06:36.718981+00:00
2510,1765397196.7357,2025-12-10T20:06:36.735702+00:00
2511,1765397196.756572,2025-12-10T20:06:36.756574+00:00
2512,1765397196.777436,2025-12-10T20:06:36.777439+00:00
2513,1765397196.7983308,2025-12-10T20:06:36.798334+00:00
2514,1765397196.817782,2025-12-10T20:06:36.817784+00:00
2515,1765397196.838646,2025-12-10T20:06:36.838647+00:00
2516,1765397196.859493,2025-12-10T20:06:36.859494+00:00
2517,1765397196.8795788,2025-12-10T20:06:36.879581+00:00
2518,1765397196.90045,2025-12-10T20:06:36.900450+00:00
2519,1765397196.92131,2025-12-10T20:06:36.921314+00:00
2520,1765397196.939803,2025-12-10T20:06:36.939811+00:00
2521,1765397196.9606981,2025-12-10T20:06:36.960700+00:00
2522,1765397196.9793012,2025-12-10T20:06:36.979304+00:00
2523,1765397197.000196,2025-12-10T20:06:37.000198+00:00
2524,1765397197.019729,2025-12-10T20:06:37.019729+00:00
2525,1765397197.037353,2025-12-10T20:06:37.037354+00:00
2526,1765397197.058204,2025-12-10T20:06:37.058205+00:00
2527,1765397197.079061,2025-12-10T20:06:37.079063+00:00
2528,1765397197.098851,2025-12-10T20:06:37.098851+00:00
2529,1765397197.1197078,2025-12-10T20:06:37.119712+00:00
2530,1765397197.136641,2025-12-10T20:06:37.136645+00:00
2531,1765397197.157161,2025-12-10T20:06:37.157165+00:00
2532,1765397197.1775758,2025-12-10T20:06:37.177578+00:00
2533,1765397197.1957738,2025-12-10T20:06:37.195776+00:00
2534,1765397197.216639,2025-12-10T20:06:37.216642+00:00
2535,1765397197.237518,2025-12-10T20:06:37.237520+00:00
2536,1765397197.25839,2025-12-10T20:06:37.258391+00:00
2537,1765397197.27926,2025-12-10T20:06:37.279261+00:00
2538,1765397197.300138,2025-12-10T20:06:37.300141+00:00
2539,1765397197.321033,2025-12-10T20:06:37.321035+00:00
2540,1765397197.341923,2025-12-10T20:06:37.341927+00:00
2541,1765397197.3628101,2025-12-10T20:06:37.362811+00:00
2542,1765397197.383671,2025-12-10T20:06:37.383672+00:00
2543,1765397197.4045491,2025-12-10T20:06:37.404551+00:00
2544,1765397197.4251919,2025-12-10T20:06:37.425199+00:00
2545,1765397197.446141,2025-12-10T20:06:37.446144+00:00
2546,1765397197.4670222,2025-12-10T20:06:37.467026+00:00
2547,1765397197.487782,2025-12-10T20:06:37.487786+00:00
2548,1765397197.508724,2025-12-10T20:06:37.508731+00:00
2549,1765397197.526856,2025-12-10T20:06:37.526859+00:00
2550,1765397197.5477278,2025-12-10T20:06:37.547731+00:00
2551,1765397197.568616,2025-12-10T20:06:37.568618+00:00
2552,1765397197.589492,2025-12-10T20:06:37.589493+00:00
2553,1765397197.610353,2025-12-10T20:06:37.610354+00:00
2554,1765397197.6279528,2025-12-10T20:06:37.627955+00:00
2555,1765397197.64882,2025-12-10T20:06:37.648821+00:00
2556,1765397197.6692212,2025-12-10T20:06:37.669223+00:00
2557,1765397197.690119,2025-12-10T20:06:37.690121+00:00
2558,1765397197.707343,2025-12-10T20:06:37.707343+00:00
2559,1765397197.7282,2025-12-10T20:06:37.728202+00:00
2560,1765397197.7490602,2025-12-10T20:06:37.749060+00:00
2561,1765397197.769902,2025-12-10T20:06:37.769902+00:00
2562,1765397197.7870662,2025-12-10T20:06:37.787067+00:00
2563,1765397197.8079202,2025-12-10T20:06:37.807923+00:00
2564,1765397197.8288362,2025-12-10T20:06:37.828838+00:00
2565,1765397197.849708,2025-12-10T20:06:37.849709+00:00
2566,1765397197.8691258,2025-12-10T20:06:37.869129+00:00
2567,1765397197.8885329,2025-12-10T20:06:37.888535+00:00
2568,1765397197.9069629,2025-12-10T20:06:37.906965+00:00
2569,1765397197.927845,2025-12-10T20:06:37.927849+00:00
2570,1765397197.948451,2025-12-10T20:06:37.948456+00:00
2571,1765397197.969504,2025-12-10T20:06:37.969506+00:00
2572,1765397197.989588,2025-12-10T20:06:37.989591+00:00
2573,1765397198.0068538,2025-12-10T20:06:38.006856+00:00
2574,1765397198.0277262,2025-12-10T20:06:38.027727+00:00
2575,1765397198.048574,2025-12-10T20:06:38.048576+00:00
2576,1765397198.0692658,2025-12-10T20:06:38.069271+00:00
2577,1765397198.090166,2025-12-10T20:06:38.090168+00:00
2578,1765397198.111032,2025-12-10T20:06:38.111034+00:00
2579,1765397198.131912,2025-12-10T20:06:38.131917+00:00
2580,1765397198.152813,2025-12-10T20:06:38.152814+00:00
2581,1765397198.1711218,2025-12-10T20:06:38.171124+00:00
2582,1765397198.1915672,2025-12-10T20:06:38.191568+00:00
2583,1765397198.212426,2025-12-10T20:06:38.212427+00:00
2584,1765397198.233288,2025-12-10T20:06:38.233289+00:00
2585,1765397198.254142,2025-12-10T20:06:38.254146+00:00
2586,1765397198.2733598,2025-12-10T20:06:38.273362+00:00
2587,1765397198.294241,2025-12-10T20:06:38.294245+00:00
2588,1765397198.3112252,2025-12-10T20:06:38.311226+00:00
2589,1765397198.331771,2025-12-10T20:06:38.331773+00:00
2590,1765397198.351456,2025-12-10T20:06:38.351456+00:00
2591,1765397198.372299,2025-12-10T20:06:38.372299+00:00
2592,1765397198.390713,2025-12-10T20:06:38.390715+00:00
2593,1765397198.410775,2025-12-10T20:06:38.410776+00:00
2594,1765397198.431657,2025-12-10T20:06:38.431662+00:00
2595,1765397198.4486148,2025-12-10T20:06:38.448618+00:00
2596,1765397198.465708,2025-12-10T20:06:38.465710+00:00
2597,1765397198.486567,2025-12-10T20:06:38.486568+00:00
2598,1765397198.503835,2025-12-10T20:06:38.503837+00:00
2599,1765397198.5216708,2025-12-10T20:06:38.521672+00:00
2600,1765397198.538471,2025-12-10T20:06:38.538474+00:00
2601,1765397198.559366,2025-12-10T20:06:38.559367+00:00
2602,1765397198.579349,2025-12-10T20:06:38.579353+00:00
2603,1765397198.59969,2025-12-10T20:06:38.599694+00:00
2604,1765397198.620571,2025-12-10T20:06:38.620572+00:00
2605,1765397198.640554,2025-12-10T20:06:38.640565+00:00
2606,1765397198.6614552,2025-12-10T20:06:38.661457+00:00
2607,1765397198.679787,2025-12-10T20:06:38.679791+00:00
2608,1765397198.69805,2025-12-10T20:06:38.698050+00:00
2609,1765397198.7157319,2025-12-10T20:06:38.715734+00:00
2610,1765397198.735759,2025-12-10T20:06:38.735761+00:00
2611,1765397198.755695,2025-12-10T20:06:38.755700+00:00
2612,1765397198.774008,2025-12-10T20:06:38.774010+00:00
2613,1765397198.794875,2025-12-10T20:06:38.794876+00:00
2614,1765397198.8157299,2025-12-10T20:06:38.815731+00:00
2615,1765397198.8366022,2025-12-10T20:06:38.836603+00:00
2616,1765397198.8574579,2025-12-10T20:06:38.857458+00:00
2617,1765397198.876794,2025-12-10T20:06:38.876796+00:00
2618,1765397198.897689,2025-12-10T20:06:38.897690+00:00
2619,1765397198.91473,2025-12-10T20:06:38.914735+00:00
2620,1765397198.934485,2025-12-10T20:06:38.934491+00:00
2621,1765397198.954325,2025-12-10T20:06:38.954327+00:00
2622,1765397198.9724648,2025-12-10T20:06:38.972471+00:00
2623,1765397198.9893131,2025-12-10T20:06:38.989318+00:00
2624,1765397199.007893,2025-12-10T20:06:39.007896+00:00
2625,1765397199.0250309,2025-12-10T20:06:39.025033+00:00
2626,1765397199.044721,2025-12-10T20:06:39.044727+00:00
2627,1765397199.06562,2025-12-10T20:06:39.065621+00:00
2628,1765397199.08396,2025-12-10T20:06:39.083961+00:00
2629,1765397199.102237,2025-12-10T20:06:39.102239+00:00
2630,1765397199.123101,2025-12-10T20:06:39.123102+00:00
2631,1765397199.1438122,2025-12-10T20:06:39.143816+00:00
2632,1765397199.1627111,2025-12-10T20:06:39.162712+00:00
2633,1765397199.181279,2025-12-10T20:06:39.181280+00:00
2634,1765397199.1979961,2025-12-10T20:06:39.197998+00:00
2635,1765397199.218878,2025-12-10T20:06:39.218879+00:00
2636,1765397199.239748,2025-12-10T20:06:39.239758+00:00
2637,1765397199.258074,2025-12-10T20:06:39.258076+00:00
2638,1765397199.2788842,2025-12-10T20:06:39.278888+00:00
2639,1765397199.2959502,2025-12-10T20:06:39.295954+00:00
2640,1765397199.316129,2025-12-10T20:06:39.316131+00:00
2641,1765397199.3332212,2025-12-10T20:06:39.333225+00:00
2642,1765397199.350288,2025-12-10T20:06:39.350289+00:00
2643,1765397199.371135,2025-12-10T20:06:39.371136+00:00
2644,1765397199.391999,2025-12-10T20:06:39.392001+00:00
2645,1765397199.4127529,2025-12-10T20:06:39.412754+00:00
2646,1765397199.433624,2025-12-10T20:06:39.433630+00:00
2647,1765397199.4545221,2025-12-10T20:06:39.454525+00:00
2648,1765397199.473624,2025-12-10T20:06:39.473628+00:00
2649,1765397199.494512,2025-12-10T20:06:39.494515+00:00
2650,1765397199.5135381,2025-12-10T20:06:39.513539+00:00
2651,1765397199.534415,2025-12-10T20:06:39.534417+00:00
2652,1765397199.554341,2025-12-10T20:06:39.554342+00:00
2653,1765397199.571094,2025-12-10T20:06:39.571095+00:00
2654,1765397199.5919518,2025-12-10T20:06:39.591956+00:00
2655,1765397199.612766,2025-12-10T20:06:39.612770+00:00
2656,1765397199.633663,2025-12-10T20:06:39.633670+00:00
2657,1765397199.654444,2025-12-10T20:06:39.654452+00:00
2658,1765397199.675382,2025-12-10T20:06:39.675385+00:00
2659,1765397199.6962602,2025-12-10T20:06:39.696261+00:00
2660,1765397199.71712,2025-12-10T20:06:39.717121+00:00
2661,1765397199.7377658,2025-12-10T20:06:39.737771+00:00
2662,1765397199.755562,2025-12-10T20:06:39.755569+00:00
2663,1765397199.7756958,2025-12-10T20:06:39.775702+00:00
2664,1765397199.796088,2025-12-10T20:06:39.796091+00:00
2665,1765397199.8135822,2025-12-10T20:06:39.813586+00:00
2666,1765397199.834455,2025-12-10T20:06:39.834456+00:00
2667,1765397199.851418,2025-12-10T20:06:39.851420+00:00
2668,1765397199.8723001,2025-12-10T20:06:39.872303+00:00
2669,1765397199.8931751,2025-12-10T20:06:39.893175+00:00
2670,1765397199.910593,2025-12-10T20:06:39.910596+00:00
2671,1765397199.928519,2025-12-10T20:06:39.928520+00:00
2672,1765397199.9493928,2025-12-10T20:06:39.949398+00:00
2673,1765397199.9703019,2025-12-10T20:06:39.970303+00:00
2674,1765397199.991173,2025-12-10T20:06:39.991176+00:00
2675,1765397200.0120478,2025-12-10T20:06:40.012050+00:00
2676,1765397200.029359,2025-12-10T20:06:40.029361+00:00
2677,1765397200.050239,2025-12-10T20:06:40.050240+00:00
2678,1765397200.067414,2025-12-10T20:06:40.067418+00:00
2679,1765397200.087733,2025-12-10T20:06:40.087739+00:00
2680,1765397200.108591,2025-12-10T20:06:40.108591+00:00
2681,1765397200.1294148,2025-12-10T20:06:40.129417+00:00
2682,1765397200.1502879,2025-12-10T20:06:40.150289+00:00
2683,1765397200.167113,2025-12-10T20:06:40.167116+00:00
2684,1765397200.187996,2025-12-10T20:06:40.187998+00:00
2685,1765397200.208867,2025-12-10T20:06:40.208868+00:00
2686,1765397200.2297459,2025-12-10T20:06:40.229749+00:00
2687,1765397200.2506208,2025-12-10T20:06:40.250622+00:00
2688,1765397200.2690508,2025-12-10T20:06:40.269052+00:00
2689,1765397200.28741,2025-12-10T20:06:40.287411+00:00
2690,1765397200.308285,2025-12-10T20:06:40.308286+00:00
2691,1765397200.3291578,2025-12-10T20:06:40.329162+00:00
2692,1765397200.350083,2025-12-10T20:06:40.350086+00:00
2693,1765397200.367697,2025-12-10T20:06:40.367701+00:00
2694,1765397200.38674,2025-12-10T20:06:40.386742+00:00
2695,1765397200.407615,2025-12-10T20:06:40.407616+00:00
2696,1765397200.4284632,2025-12-10T20:06:40.428463+00:00
2697,1765397200.446582,2025-12-10T20:06:40.446587+00:00
2698,1765397200.467482,2025-12-10T20:06:40.467487+00:00
2699,1765397200.486772,2025-12-10T20:06:40.486776+00:00
2700,1765397200.504398,2025-12-10T20:06:40.504399+00:00
2701,1765397200.521586,2025-12-10T20:06:40.521588+00:00
2702,1765397200.542464,2025-12-10T20:06:40.542465+00:00
2703,1765397200.563464,2025-12-10T20:06:40.563465+00:00
2704,1765397200.5843189,2025-12-10T20:06:40.584321+00:00
2705,1765397200.6050491,2025-12-10T20:06:40.605052+00:00
2706,1765397200.625931,2025-12-10T20:06:40.625935+00:00
2707,1765397200.6456032,2025-12-10T20:06:40.645605+00:00
2708,1765397200.6635368,2025-12-10T20:06:40.663538+00:00
2709,1765397200.6844008,2025-12-10T20:06:40.684403+00:00
2710,1765397200.7052789,2025-12-10T20:06:40.705281+00:00
2711,1765397200.7261581,2025-12-10T20:06:40.726163+00:00
2712,1765397200.747071,2025-12-10T20:06:40.747076+00:00
2713,1765397200.7679439,2025-12-10T20:06:40.767945+00:00
2714,1765397200.788667,2025-12-10T20:06:40.788668+00:00
2715,1765397200.809528,2025-12-10T20:06:40.809529+00:00
2716,1765397200.830401,2025-12-10T20:06:40.830402+00:00
2717,1765397200.851059,2025-12-10T20:06:40.851065+00:00
2718,1765397200.8717172,2025-12-10T20:06:40.871723+00:00
2719,1765397200.892661,2025-12-10T20:06:40.892664+00:00
2720,1765397200.912158,2025-12-10T20:06:40.912163+00:00
2721,1765397200.93132,2025-12-10T20:06:40.931321+00:00
2722,1765397200.952176,2025-12-10T20:06:40.952179+00:00
2723,1765397200.972043,2025-12-10T20:06:40.972047+00:00
2724,1765397200.991104,2025-12-10T20:06:40.991109+00:00
2725,1765397201.012009,2025-12-10T20:06:41.012014+00:00
2726,1765397201.03191,2025-12-10T20:06:41.031912+00:00
2727,1765397201.0527759,2025-12-10T20:06:41.052777+00:00
2728,1765397201.073637,2025-12-10T20:06:41.073642+00:00
2729,1765397201.0945458,2025-12-10T20:06:41.094548+00:00
2730,1765397201.113962,2025-12-10T20:06:41.113963+00:00
2731,1765397201.13483,2025-12-10T20:06:41.134835+00:00
2732,1765397201.1555562,2025-12-10T20:06:41.155560+00:00
2733,1765397201.172308,2025-12-10T20:06:41.172308+00:00
2734,1765397201.192746,2025-12-10T20:06:41.192749+00:00
2735,1765397201.2136478,2025-12-10T20:06:41.213650+00:00
2736,1765397201.232859,2025-12-10T20:06:41.232863+00:00
2737,1765397201.2537758,2025-12-10T20:06:41.253777+00:00
2738,1765397201.274645,2025-12-10T20:06:41.274646+00:00
2739,1765397201.291447,2025-12-10T20:06:41.291450+00:00
2740,1765397201.312326,2025-12-10T20:06:41.312329+00:00
2741,1765397201.330967,2025-12-10T20:06:41.330977+00:00
2742,1765397201.351902,2025-12-10T20:06:41.351904+00:00
2743,1765397201.372611,2025-12-10T20:06:41.372615+00:00
2744,1765397201.391585,2025-12-10T20:06:41.391587+00:00
2745,1765397201.4124491,2025-12-10T20:06:41.412450+00:00
2746,1765397201.43279,2025-12-10T20:06:41.432791+00:00
2747,1765397201.452638,2025-12-10T20:06:41.452642+00:00
2748,1765397201.472283,2025-12-10T20:06:41.472288+00:00
2749,1765397201.491442,2025-12-10T20:06:41.491446+00:00
2750,1765397201.512322,2025-12-10T20:06:41.512323+00:00
2751,1765397201.5312262,2025-12-10T20:06:41.531227+00:00
2752,1765397201.552104,2025-12-10T20:06:41.552106+00:00
2753,1765397201.572416,2025-12-10T20:06:41.572417+00:00
2754,1765397201.589975,2025-12-10T20:06:41.589976+00:00
2755,1765397201.610844,2025-12-10T20:06:41.610845+00:00
2756,1765397201.630841,2025-12-10T20:06:41.630842+00:00
2757,1765397201.649089,2025-12-10T20:06:41.649091+00:00
2758,1765397201.669951,2025-12-10T20:06:41.669952+00:00
2759,1765397201.687005,2025-12-10T20:06:41.687007+00:00
2760,1765397201.706031,2025-12-10T20:06:41.706032+00:00
2761,1765397201.7268941,2025-12-10T20:06:41.726896+00:00
2762,1765397201.747759,2025-12-10T20:06:41.747760+00:00
2763,1765397201.7686138,2025-12-10T20:06:41.768616+00:00
2764,1765397201.78949,2025-12-10T20:06:41.789491+00:00
2765,1765397201.809128,2025-12-10T20:06:41.809130+00:00
2766,1765397201.830036,2025-12-10T20:06:41.830041+00:00
2767,1765397201.8480651,2025-12-10T20:06:41.848066+00:00
2768,1765397201.8689148,2025-12-10T20:06:41.868919+00:00
2769,1765397201.8871129,2025-12-10T20:06:41.887115+00:00
2770,1765397201.906274,2025-12-10T20:06:41.906279+00:00
2771,1765397201.927011,2025-12-10T20:06:41.927011+00:00
2772,1765397201.947867,2025-12-10T20:06:41.947872+00:00
2773,1765397201.9679208,2025-12-10T20:06:41.967926+00:00
2774,1765397201.986809,2025-12-10T20:06:41.986813+00:00
2775,1765397202.0068521,2025-12-10T20:06:42.006857+00:00
2776,1765397202.02776,2025-12-10T20:06:42.027764+00:00
2777,1765397202.04863,2025-12-10T20:06:42.048632+00:00
2778,1765397202.069493,2025-12-10T20:06:42.069494+00:00
2779,1765397202.090347,2025-12-10T20:06:42.090351+00:00
2780,1765397202.108129,2025-12-10T20:06:42.108129+00:00
2781,1765397202.128908,2025-12-10T20:06:42.128909+00:00
2782,1765397202.14774,2025-12-10T20:06:42.147741+00:00
2783,1765397202.16859,2025-12-10T20:06:42.168590+00:00
2784,1765397202.1866739,2025-12-10T20:06:42.186674+00:00
2785,1765397202.207128,2025-12-10T20:06:42.207129+00:00
2786,1765397202.2280152,2025-12-10T20:06:42.228020+00:00
2787,1765397202.248409,2025-12-10T20:06:42.248413+00:00
2788,1765397202.2693288,2025-12-10T20:06:42.269331+00:00
2789,1765397202.288546,2025-12-10T20:06:42.288552+00:00
2790,1765397202.30605,2025-12-10T20:06:42.306053+00:00
2791,1765397202.324804,2025-12-10T20:06:42.324809+00:00
2792,1765397202.343405,2025-12-10T20:06:42.343405+00:00
2793,1765397202.364253,2025-12-10T20:06:42.364255+00:00
2794,1765397202.3834429,2025-12-10T20:06:42.383445+00:00
2795,1765397202.404313,2025-12-10T20:06:42.404313+00:00
2796,1765397202.423854,2025-12-10T20:06:42.423856+00:00
2797,1765397202.444719,2025-12-10T20:06:42.444719+00:00
2798,1765397202.464801,2025-12-10T20:06:42.464808+00:00
2799,1765397202.4837172,2025-12-10T20:06:42.483723+00:00
2800,1765397202.5044181,2025-12-10T20:06:42.504419+00:00
2801,1765397202.5225348,2025-12-10T20:06:42.522536+00:00
2802,1765397202.539273,2025-12-10T20:06:42.539273+00:00
2803,1765397202.55966,2025-12-10T20:06:42.559661+00:00
2804,1765397202.580528,2025-12-10T20:06:42.580530+00:00
2805,1765397202.5977118,2025-12-10T20:06:42.597713+00:00
2806,1765397202.618588,2025-12-10T20:06:42.618592+00:00
2807,1765397202.63928,2025-12-10T20:06:42.639284+00:00
2808,1765397202.660165,2025-12-10T20:06:42.660167+00:00
2809,1765397202.679391,2025-12-10T20:06:42.679396+00:00
2810,1765397202.69913,2025-12-10T20:06:42.699133+00:00
2811,1765397202.720001,2025-12-10T20:06:42.720003+00:00
2812,1765397202.739736,2025-12-10T20:06:42.739738+00:00
2813,1765397202.760606,2025-12-10T20:06:42.760608+00:00
2814,1765397202.779211,2025-12-10T20:06:42.779213+00:00
2815,1765397202.8000991,2025-12-10T20:06:42.800101+00:00
2816,1765397202.8209732,2025-12-10T20:06:42.820976+00:00
2817,1765397202.8389099,2025-12-10T20:06:42.838910+00:00
2818,1765397202.859759,2025-12-10T20:06:42.859759+00:00
2819,1765397202.880623,2025-12-10T20:06:42.880625+00:00
2820,1765397202.901527,2025-12-10T20:06:42.901528+00:00
2821,1765397202.918546,2025-12-10T20:06:42.918548+00:00
2822,1765397202.93941,2025-12-10T20:06:42.939410+00:00
2823,1765397202.9602702,2025-12-10T20:06:42.960277+00:00
2824,1765397202.979993,2025-12-10T20:06:42.979998+00:00
2825,1765397202.9988658,2025-12-10T20:06:42.998870+00:00
2826,1765397203.0197508,2025-12-10T20:06:43.019751+00:00
2827,1765397203.039264,2025-12-10T20:06:43.039266+00:00
2828,1765397203.05625,2025-12-10T20:06:43.056252+00:00
2829,1765397203.0771048,2025-12-10T20:06:43.077106+00:00
2830,1765397203.096101,2025-12-10T20:06:43.096104+00:00
2831,1765397203.11437,2025-12-10T20:06:43.114372+00:00
2832,1765397203.135238,2025-12-10T20:06:43.135239+00:00
2833,1765397203.152964,2025-12-10T20:06:43.152966+00:00
2834,1765397203.171116,2025-12-10T20:06:43.171117+00:00
2835,1765397203.1887748,2025-12-10T20:06:43.188776+00:00
2836,1765397203.206458,2025-12-10T20:06:43.206460+00:00
2837,1765397203.2273269,2025-12-10T20:06:43.227328+00:00
2838,1765397203.248001,2025-12-10T20:06:43.248004+00:00
2839,1765397203.268564,2025-12-10T20:06:43.268564+00:00
2840,1765397203.286206,2025-12-10T20:06:43.286207+00:00
2841,1765397203.307064,2025-12-10T20:06:43.307065+00:00
2842,1765397203.327928,2025-12-10T20:06:43.327929+00:00
2843,1765397203.348779,2025-12-10T20:06:43.348779+00:00
2844,1765397203.368457,2025-12-10T20:06:43.368457+00:00
2845,1765397203.389057,2025-12-10T20:06:43.389059+00:00
2846,1765397203.409255,2025-12-10T20:06:43.409260+00:00
2847,1765397203.426898,2025-12-10T20:06:43.426899+00:00
2848,1765397203.447486,2025-12-10T20:06:43.447499+00:00
2849,1765397203.468391,2025-12-10T20:06:43.468395+00:00
2850,1765397203.4892612,2025-12-10T20:06:43.489263+00:00
2851,1765397203.5085409,2025-12-10T20:06:43.508545+00:00
2852,1765397203.525383,2025-12-10T20:06:43.525386+00:00
2853,1765397203.544512,2025-12-10T20:06:43.544513+00:00
2854,1765397203.563382,2025-12-10T20:06:43.563385+00:00
2855,1765397203.584275,2025-12-10T20:06:43.584277+00:00
2856,1765397203.6051068,2025-12-10T20:06:43.605110+00:00
2857,1765397203.622685,2025-12-10T20:06:43.622686+00:00
2858,1765397203.643563,2025-12-10T20:06:43.643567+00:00
2859,1765397203.664437,2025-12-10T20:06:43.664441+00:00
2860,1765397203.681962,2025-12-10T20:06:43.681964+00:00
2861,1765397203.7028291,2025-12-10T20:06:43.702833+00:00
2862,1765397203.719997,2025-12-10T20:06:43.719997+00:00
2863,1765397203.73838,2025-12-10T20:06:43.738383+00:00
2864,1765397203.756257,2025-12-10T20:06:43.756258+00:00
2865,1765397203.7758489,2025-12-10T20:06:43.775849+00:00
2866,1765397203.796691,2025-12-10T20:06:43.796692+00:00
2867,1765397203.813483,2025-12-10T20:06:43.813486+00:00
2868,1765397203.8343601,2025-12-10T20:06:43.834362+00:00
2869,1765397203.854367,2025-12-10T20:06:43.854367+00:00
2870,1765397203.873562,2025-12-10T20:06:43.873563+00:00
2871,1765397203.894439,2025-12-10T20:06:43.894440+00:00
2872,1765397203.91362,2025-12-10T20:06:43.913622+00:00
2873,1765397203.9324899,2025-12-10T20:06:43.932496+00:00
2874,1765397203.952806,2025-12-10T20:06:43.952811+00:00
2875,1765397203.972041,2025-12-10T20:06:43.972046+00:00
2876,1765397203.9929469,2025-12-10T20:06:43.992953+00:00
2877,1765397204.013844,2025-12-10T20:06:44.013846+00:00
2878,1765397204.0347211,2025-12-10T20:06:44.034723+00:00
2879,1765397204.054401,2025-12-10T20:06:44.054406+00:00
2880,1765397204.0721421,2025-12-10T20:06:44.072146+00:00
2881,1765397204.0930471,2025-12-10T20:06:44.093054+00:00
2882,1765397204.113418,2025-12-10T20:06:44.113421+00:00
2883,1765397204.1328251,2025-12-10T20:06:44.132828+00:00
2884,1765397204.152818,2025-12-10T20:06:44.152821+00:00
2885,1765397204.173695,2025-12-10T20:06:44.173696+00:00
2886,1765397204.19456,2025-12-10T20:06:44.194563+00:00
2887,1765397204.211622,2025-12-10T20:06:44.211623+00:00
2888,1765397204.2301729,2025-12-10T20:06:44.230176+00:00
2889,1765397204.2510521,2025-12-10T20:06:44.251053+00:00
2890,1765397204.268554,2025-12-10T20:06:44.268556+00:00
2891,1765397204.289414,2025-12-10T20:06:44.289415+00:00
2892,1765397204.310285,2025-12-10T20:06:44.310290+00:00
2893,1765397204.330457,2025-12-10T20:06:44.330460+00:00
2894,1765397204.3513348,2025-12-10T20:06:44.351338+00:00
2895,1765397204.372056,2025-12-10T20:06:44.372061+00:00
2896,1765397204.390947,2025-12-10T20:06:44.390949+00:00
2897,1765397204.413237,2025-12-10T20:06:44.413242+00:00
2898,1765397204.434148,2025-12-10T20:06:44.434154+00:00
2899,1765397204.453266,2025-12-10T20:06:44.453269+00:00
2900,1765397204.472189,2025-12-10T20:06:44.472191+00:00
2901,1765397204.493052,2025-12-10T20:06:44.493054+00:00
2902,1765397204.512807,2025-12-10T20:06:44.512813+00:00
2903,1765397204.5303302,2025-12-10T20:06:44.530333+00:00
2904,1765397204.551219,2025-12-10T20:06:44.551224+00:00
2905,1765397204.5711281,2025-12-10T20:06:44.571129+00:00
2906,1765397204.58845,2025-12-10T20:06:44.588451+00:00
2907,1765397204.608475,2025-12-10T20:06:44.608476+00:00
2908,1765397204.626184,2025-12-10T20:06:44.626188+00:00
2909,1765397204.647296,2025-12-10T20:06:44.647297+00:00
2910,1765397204.668166,2025-12-10T20:06:44.668168+00:00
2911,1765397204.6884139,2025-12-10T20:06:44.688419+00:00
2912,1765397204.7092931,2025-12-10T20:06:44.709297+00:00
2913,1765397204.726231,2025-12-10T20:06:44.726232+00:00
2914,1765397204.74659,2025-12-10T20:06:44.746592+00:00
2915,1765397204.7674508,2025-12-10T20:06:44.767451+00:00
2916,1765397204.78847,2025-12-10T20:06:44.788474+00:00
2917,1765397204.806758,2025-12-10T20:06:44.806758+00:00
2918,1765397204.8276072,2025-12-10T20:06:44.827607+00:00
2919,1765397204.847678,2025-12-10T20:06:44.847678+00:00
2920,1765397204.864483,2025-12-10T20:06:44.864488+00:00
2921,1765397204.881995,2025-12-10T20:06:44.881996+00:00
2922,1765397204.901322,2025-12-10T20:06:44.901328+00:00
2923,1765397204.9213262,2025-12-10T20:06:44.921328+00:00
2924,1765397204.939827,2025-12-10T20:06:44.939830+00:00
2925,1765397204.959889,2025-12-10T20:06:44.959890+00:00
2926,1765397204.9795241,2025-12-10T20:06:44.979527+00:00
2927,1765397204.998812,2025-12-10T20:06:44.998814+00:00
2928,1765397205.019682,2025-12-10T20:06:45.019685+00:00
2929,1765397205.040564,2025-12-10T20:06:45.040567+00:00
2930,1765397205.060271,2025-12-10T20:06:45.060274+00:00
2931,1765397205.07741,2025-12-10T20:06:45.077415+00:00
2932,1765397205.096847,2025-12-10T20:06:45.096852+00:00
2933,1765397205.1177258,2025-12-10T20:06:45.117727+00:00
2934,1765397205.1379042,2025-12-10T20:06:45.137905+00:00
2935,1765397205.1577432,2025-12-10T20:06:45.157744+00:00
2936,1765397205.1785989,2025-12-10T20:06:45.178601+00:00
2937,1765397205.199467,2025-12-10T20:06:45.199469+00:00
2938,1765397205.220342,2025-12-10T20:06:45.220344+00:00
2939,1765397205.241211,2025-12-10T20:06:45.241213+00:00
2940,1765397205.2599528,2025-12-10T20:06:45.259955+00:00
2941,1765397205.280829,2025-12-10T20:06:45.280833+00:00
2942,1765397205.299294,2025-12-10T20:06:45.299297+00:00
2943,1765397205.317046,2025-12-10T20:06:45.317050+00:00
2944,1765397205.337816,2025-12-10T20:06:45.337818+00:00
2945,1765397205.358698,2025-12-10T20:06:45.358699+00:00
2946,1765397205.379581,2025-12-10T20:06:45.379601+00:00
2947,1765397205.4005198,2025-12-10T20:06:45.400524+00:00
2948,1765397205.421408,2025-12-10T20:06:45.421410+00:00
2949,1765397205.439754,2025-12-10T20:06:45.439755+00:00
2950,1765397205.4573572,2025-12-10T20:06:45.457358+00:00
2951,1765397205.474827,2025-12-10T20:06:45.474830+00:00
2952,1765397205.49317,2025-12-10T20:06:45.493174+00:00
2953,1765397205.5134919,2025-12-10T20:06:45.513498+00:00
2954,1765397205.531947,2025-12-10T20:06:45.531950+00:00
2955,1765397205.5514271,2025-12-10T20:06:45.551430+00:00
2956,1765397205.571914,2025-12-10T20:06:45.571914+00:00
2957,1765397205.5899131,2025-12-10T20:06:45.589915+00:00
2958,1765397205.60736,2025-12-10T20:06:45.607373+00:00
2959,1765397205.6263711,2025-12-10T20:06:45.626372+00:00
2960,1765397205.644387,2025-12-10T20:06:45.644387+00:00
2961,1765397205.663288,2025-12-10T20:06:45.663290+00:00
2962,1765397205.6842098,2025-12-10T20:06:45.684212+00:00
2963,1765397205.7050931,2025-12-10T20:06:45.705098+00:00
2964,1765397205.723618,2025-12-10T20:06:45.723620+00:00
2965,1765397205.744502,2025-12-10T20:06:45.744506+00:00
2966,1765397205.763849,2025-12-10T20:06:45.763851+00:00
2967,1765397205.7847302,2025-12-10T20:06:45.784733+00:00
2968,1765397205.805619,2025-12-10T20:06:45.805621+00:00
2969,1765397205.8224719,2025-12-10T20:06:45.822472+00:00
2970,1765397205.840611,2025-12-10T20:06:45.840613+00:00
2971,1765397205.8599942,2025-12-10T20:06:45.859995+00:00
2972,1765397205.880859,2025-12-10T20:06:45.880863+00:00
2973,1765397205.897894,2025-12-10T20:06:45.897896+00:00
2974,1765397205.916354,2025-12-10T20:06:45.916354+00:00
2975,1765397205.935839,2025-12-10T20:06:45.935842+00:00
2976,1765397205.9556851,2025-12-10T20:06:45.955686+00:00
2977,1765397205.973571,2025-12-10T20:06:45.973575+00:00
2978,1765397205.991081,2025-12-10T20:06:45.991091+00:00
2979,1765397206.0088608,2025-12-10T20:06:46.008864+00:00
2980,1765397206.029747,2025-12-10T20:06:46.029749+00:00
2981,1765397206.050603,2025-12-10T20:06:46.050603+00:00
2982,1765397206.0706189,2025-12-10T20:06:46.070620+00:00
2983,1765397206.08789,2025-12-10T20:06:46.087893+00:00
2984,1765397206.108772,2025-12-10T20:06:46.108776+00:00
2985,1765397206.126697,2025-12-10T20:06:46.126705+00:00
2986,1765397206.147365,2025-12-10T20:06:46.147370+00:00
2987,1765397206.166205,2025-12-10T20:06:46.166206+00:00
2988,1765397206.187055,2025-12-10T20:06:46.187055+00:00
2989,1765397206.205778,2025-12-10T20:06:46.205780+00:00
2990,1765397206.2266948,2025-12-10T20:06:46.226696+00:00
2991,1765397206.247489,2025-12-10T20:06:46.247489+00:00
2992,1765397206.264189,2025-12-10T20:06:46.264191+00:00
2993,1765397206.285054,2025-12-10T20:06:46.285055+00:00
2994,1765397206.302571,2025-12-10T20:06:46.302574+00:00
2995,1765397206.3201401,2025-12-10T20:06:46.320142+00:00
2996,1765397206.337012,2025-12-10T20:06:46.337019+00:00
2997,1765397206.357912,2025-12-10T20:06:46.357913+00:00
2998,1765397206.378765,2025-12-10T20:06:46.378766+00:00
2999,1765397206.399629,2025-12-10T20:06:46.399630+00:00
3000,1765397206.417553,2025-12-10T20:06:46.417556+00:00
3001,1765397206.438443,2025-12-10T20:06:46.438447+00:00
3002,1765397206.459344,2025-12-10T20:06:46.459345+00:00
3003,1765397206.479161,2025-12-10T20:06:46.479165+00:00
3004,1765397206.4978461,2025-12-10T20:06:46.497853+00:00
3005,1765397206.51876,2025-12-10T20:06:46.518763+00:00
3006,1765397206.53907,2025-12-10T20:06:46.539074+00:00
3007,1765397206.559955,2025-12-10T20:06:46.559957+00:00
3008,1765397206.580812,2025-12-10T20:06:46.580813+00:00
3009,1765397206.601662,2025-12-10T20:06:46.601662+00:00
3010,1765397206.622517,2025-12-10T20:06:46.622519+00:00
3011,1765397206.643379,2025-12-10T20:06:46.643381+00:00
3012,1765397206.664286,2025-12-10T20:06:46.664289+00:00
3013,1765397206.685225,2025-12-10T20:06:46.685340+00:00
3014,1765397206.705664,2025-12-10T20:06:46.705667+00:00
3015,1765397206.722634,2025-12-10T20:06:46.722637+00:00
3016,1765397206.743516,2025-12-10T20:06:46.743518+00:00
3017,1765397206.764385,2025-12-10T20:06:46.764387+00:00
3018,1765397206.7852511,2025-12-10T20:06:46.785254+00:00
3019,1765397206.802697,2025-12-10T20:06:46.802698+00:00
3020,1765397206.822759,2025-12-10T20:06:46.822761+00:00
3021,1765397206.840214,2025-12-10T20:06:46.840215+00:00
3022,1765397206.86109,2025-12-10T20:06:46.861091+00:00
3023,1765397206.881261,2025-12-10T20:06:46.881263+00:00
3024,1765397206.902148,2025-12-10T20:06:46.902150+00:00
3025,1765397206.9230149,2025-12-10T20:06:46.923018+00:00
3026,1765397206.943905,2025-12-10T20:06:46.943907+00:00
3027,1765397206.960625,2025-12-10T20:06:46.960629+00:00
3028,1765397206.980439,2025-12-10T20:06:46.980444+00:00
3029,1765397207.001327,2025-12-10T20:06:47.001330+00:00
3030,1765397207.020329,2025-12-10T20:06:47.020331+00:00
3031,1765397207.03915,2025-12-10T20:06:47.039152+00:00
3032,1765397207.058363,2025-12-10T20:06:47.058369+00:00
3033,1765397207.079267,2025-12-10T20:06:47.079271+00:00
3034,1765397207.096112,2025-12-10T20:06:47.096117+00:00
3035,1765397207.1155531,2025-12-10T20:06:47.115556+00:00
3036,1765397207.1364338,2025-12-10T20:06:47.136438+00:00
3037,1765397207.156231,2025-12-10T20:06:47.156233+00:00
3038,1765397207.177141,2025-12-10T20:06:47.177144+00:00
3039,1765397207.1980102,2025-12-10T20:06:47.198013+00:00
3040,1765397207.21872,2025-12-10T20:06:47.218725+00:00
3041,1765397207.237149,2025-12-10T20:06:47.237153+00:00
3042,1765397207.254088,2025-12-10T20:06:47.254092+00:00
3043,1765397207.274987,2025-12-10T20:06:47.274988+00:00
3044,1765397207.2928882,2025-12-10T20:06:47.292889+00:00
3045,1765397207.312955,2025-12-10T20:06:47.312955+00:00
3046,1765397207.3308501,2025-12-10T20:06:47.330852+00:00
3047,1765397207.349401,2025-12-10T20:06:47.349402+00:00
3048,1765397207.366702,2025-12-10T20:06:47.366702+00:00
3049,1765397207.387556,2025-12-10T20:06:47.387560+00:00
3050,1765397207.406188,2025-12-10T20:06:47.406190+00:00
3051,1765397207.425306,2025-12-10T20:06:47.425309+00:00
3052,1765397207.446176,2025-12-10T20:06:47.446181+00:00
3053,1765397207.467073,2025-12-10T20:06:47.467078+00:00
3054,1765397207.487448,2025-12-10T20:06:47.487451+00:00
3055,1765397207.5080588,2025-12-10T20:06:47.508064+00:00
3056,1765397207.525267,2025-12-10T20:06:47.525272+00:00
3057,1765397207.546175,2025-12-10T20:06:47.546180+00:00
3058,1765397207.570292,2025-12-10T20:06:47.570297+00:00
3059,1765397207.607925,2025-12-10T20:06:47.607938+00:00
3060,1765397207.634049,2025-12-10T20:06:47.634056+00:00
3061,1765397207.725157,2025-12-10T20:06:47.725162+00:00
3062,1765397207.758794,2025-12-10T20:06:47.758800+00:00
3063,1765397207.7767339,2025-12-10T20:06:47.776739+00:00
3064,1765397207.802646,2025-12-10T20:06:47.802651+00:00
3065,1765397207.822776,2025-12-10T20:06:47.822781+00:00
3066,1765397207.8441029,2025-12-10T20:06:47.844108+00:00
3067,1765397207.8614998,2025-12-10T20:06:47.861504+00:00
3068,1765397207.879221,2025-12-10T20:06:47.879226+00:00
3069,1765397207.896141,2025-12-10T20:06:47.896146+00:00
3070,1765397207.917034,2025-12-10T20:06:47.917037+00:00
3071,1765397207.936398,2025-12-10T20:06:47.936402+00:00
3072,1765397207.957275,2025-12-10T20:06:47.957279+00:00
3073,1765397207.978215,2025-12-10T20:06:47.978220+00:00
3074,1765397207.997958,2025-12-10T20:06:47.998061+00:00
3075,1765397208.017889,2025-12-10T20:06:48.017892+00:00
3076,1765397208.0380108,2025-12-10T20:06:48.038016+00:00
3077,1765397208.058903,2025-12-10T20:06:48.058906+00:00
3078,1765397208.079781,2025-12-10T20:06:48.079784+00:00
3079,1765397208.1006641,2025-12-10T20:06:48.100668+00:00
3080,1765397208.1175098,2025-12-10T20:06:48.117513+00:00
3081,1765397208.13609,2025-12-10T20:06:48.136094+00:00
3082,1765397208.1530619,2025-12-10T20:06:48.153064+00:00
3083,1765397208.1739311,2025-12-10T20:06:48.173934+00:00
3084,1765397208.191659,2025-12-10T20:06:48.191662+00:00
3085,1765397208.212539,2025-12-10T20:06:48.212542+00:00
3086,1765397208.230056,2025-12-10T20:06:48.230061+00:00
3087,1765397208.250029,2025-12-10T20:06:48.250032+00:00
3088,1765397208.268619,2025-12-10T20:06:48.268621+00:00
3089,1765397208.289261,2025-12-10T20:06:48.289264+00:00
3090,1765397208.310127,2025-12-10T20:06:48.310130+00:00
3091,1765397208.331,2025-12-10T20:06:48.331004+00:00
3092,1765397208.3519092,2025-12-10T20:06:48.351913+00:00
3093,1765397208.372833,2025-12-10T20:06:48.372847+00:00
3094,1765397208.3896499,2025-12-10T20:06:48.389655+00:00
3095,1765397208.4105442,2025-12-10T20:06:48.410548+00:00
3096,1765397208.42836,2025-12-10T20:06:48.428364+00:00
3097,1765397208.447696,2025-12-10T20:06:48.447701+00:00
3098,1765397208.468601,2025-12-10T20:06:48.468604+00:00
3099,1765397208.48609,2025-12-10T20:06:48.486094+00:00
3100,1765397208.5033898,2025-12-10T20:06:48.503396+00:00
3101,1765397208.525781,2025-12-10T20:06:48.525785+00:00
3102,1765397208.5437398,2025-12-10T20:06:48.543753+00:00
3103,1765397208.563454,2025-12-10T20:06:48.563460+00:00
3104,1765397208.583039,2025-12-10T20:06:48.583044+00:00
3105,1765397208.608596,2025-12-10T20:06:48.608602+00:00
3106,1765397208.704273,2025-12-10T20:06:48.704281+00:00
3107,1765397208.725208,2025-12-10T20:06:48.725213+00:00
3108,1765397208.742715,2025-12-10T20:06:48.742721+00:00
3109,1765397208.761997,2025-12-10T20:06:48.762004+00:00
3110,1765397208.77876,2025-12-10T20:06:48.778770+00:00
3111,1765397208.797287,2025-12-10T20:06:48.797290+00:00
3112,1765397208.8168461,2025-12-10T20:06:48.816850+00:00
3113,1765397208.837754,2025-12-10T20:06:48.837755+00:00
3114,1765397208.858618,2025-12-10T20:06:48.858619+00:00
3115,1765397208.879467,2025-12-10T20:06:48.879467+00:00
3116,1765397208.900321,2025-12-10T20:06:48.900322+00:00
3117,1765397208.921181,2025-12-10T20:06:48.921182+00:00
3118,1765397208.941781,2025-12-10T20:06:48.941783+00:00
3119,1765397208.962646,2025-12-10T20:06:48.962648+00:00
3120,1765397208.983509,2025-12-10T20:06:48.983510+00:00
3121,1765397209.001526,2025-12-10T20:06:49.001530+00:00
3122,1765397209.021313,2025-12-10T20:06:49.021317+00:00
3123,1765397209.039403,2025-12-10T20:06:49.039405+00:00
3124,1765397209.057745,2025-12-10T20:06:49.057749+00:00
3125,1765397209.078646,2025-12-10T20:06:49.078650+00:00
3126,1765397209.099299,2025-12-10T20:06:49.099301+00:00
3127,1765397209.116895,2025-12-10T20:06:49.116898+00:00
3128,1765397209.137793,2025-12-10T20:06:49.137797+00:00
3129,1765397209.158595,2025-12-10T20:06:49.158598+00:00
3130,1765397209.179469,2025-12-10T20:06:49.179472+00:00
3131,1765397209.200361,2025-12-10T20:06:49.200364+00:00
3132,1765397209.221257,2025-12-10T20:06:49.221259+00:00
3133,1765397209.239084,2025-12-10T20:06:49.239088+00:00
3134,1765397209.2599869,2025-12-10T20:06:49.259989+00:00
3135,1765397209.2801468,2025-12-10T20:06:49.280149+00:00
3136,1765397209.301023,2025-12-10T20:06:49.301030+00:00
3137,1765397209.3219469,2025-12-10T20:06:49.321950+00:00
3138,1765397209.338837,2025-12-10T20:06:49.338840+00:00
3139,1765397209.359551,2025-12-10T20:06:49.359553+00:00
3140,1765397209.379447,2025-12-10T20:06:49.379447+00:00
3141,1765397209.398962,2025-12-10T20:06:49.398963+00:00
3142,1765397209.417057,2025-12-10T20:06:49.417061+00:00
3143,1765397209.435045,2025-12-10T20:06:49.435047+00:00
3144,1765397209.455914,2025-12-10T20:06:49.455919+00:00
3145,1765397209.473732,2025-12-10T20:06:49.473734+00:00
3146,1765397209.4926279,2025-12-10T20:06:49.492631+00:00
3147,1765397209.512705,2025-12-10T20:06:49.512716+00:00
3148,1765397209.5304341,2025-12-10T20:06:49.530439+00:00
3149,1765397209.551332,2025-12-10T20:06:49.551336+00:00
3150,1765397209.5717251,2025-12-10T20:06:49.571729+00:00
3151,1765397209.592628,2025-12-10T20:06:49.592632+00:00
3152,1765397209.613516,2025-12-10T20:06:49.613518+00:00
3153,1765397209.634401,2025-12-10T20:06:49.634405+00:00
3154,1765397209.6532202,2025-12-10T20:06:49.653222+00:00
3155,1765397209.674081,2025-12-10T20:06:49.674082+00:00
3156,1765397209.694966,2025-12-10T20:06:49.694971+00:00
3157,1765397209.7139971,2025-12-10T20:06:49.714001+00:00
3158,1765397209.734889,2025-12-10T20:06:49.734895+00:00
3159,1765397209.752701,2025-12-10T20:06:49.752702+00:00
3160,1765397209.772458,2025-12-10T20:06:49.772459+00:00
3161,1765397209.7891572,2025-12-10T20:06:49.789161+00:00
3162,1765397209.8100438,2025-12-10T20:06:49.810046+00:00
3163,1765397209.8278568,2025-12-10T20:06:49.827859+00:00
3164,1765397209.847554,2025-12-10T20:06:49.847555+00:00
3165,1765397209.868201,2025-12-10T20:06:49.868203+00:00
3166,1765397209.887538,2025-12-10T20:06:49.887538+00:00
3167,1765397209.908402,2025-12-10T20:06:49.908407+00:00
3168,1765397209.925761,2025-12-10T20:06:49.925765+00:00
3169,1765397209.942611,2025-12-10T20:06:49.942615+00:00
3170,1765397209.963517,2025-12-10T20:06:49.963520+00:00
3171,1765397209.984153,2025-12-10T20:06:49.984154+00:00
3172,1765397210.0021162,2025-12-10T20:06:50.002120+00:00
3173,1765397210.02107,2025-12-10T20:06:50.021078+00:00
3174,1765397210.039961,2025-12-10T20:06:50.039967+00:00
3175,1765397210.056866,2025-12-10T20:06:50.056870+00:00
3176,1765397210.07407,2025-12-10T20:06:50.074076+00:00
3177,1765397210.0948548,2025-12-10T20:06:50.094862+00:00
3178,1765397210.113345,2025-12-10T20:06:50.113365+00:00
3179,1765397210.133836,2025-12-10T20:06:50.133842+00:00
3180,1765397210.1547241,2025-12-10T20:06:50.154727+00:00
3181,1765397210.175602,2025-12-10T20:06:50.175606+00:00
3182,1765397210.192383,2025-12-10T20:06:50.192387+00:00
3183,1765397210.2105222,2025-12-10T20:06:50.210524+00:00
3184,1765397210.230127,2025-12-10T20:06:50.230128+00:00
3185,1765397210.251889,2025-12-10T20:06:50.251891+00:00
3186,1765397210.272764,2025-12-10T20:06:50.272766+00:00
3187,1765397210.290586,2025-12-10T20:06:50.290589+00:00
3188,1765397210.309442,2025-12-10T20:06:50.309447+00:00
3189,1765397210.327126,2025-12-10T20:06:50.327134+00:00
3190,1765397210.3469388,2025-12-10T20:06:50.346941+00:00
3191,1765397210.367815,2025-12-10T20:06:50.367817+00:00
3192,1765397210.3886888,2025-12-10T20:06:50.388690+00:00
3193,1765397210.409544,2025-12-10T20:06:50.409545+00:00
3194,1765397210.42925,2025-12-10T20:06:50.429252+00:00
3195,1765397210.450135,2025-12-10T20:06:50.450136+00:00
3196,1765397210.471004,2025-12-10T20:06:50.471007+00:00
3197,1765397210.488357,2025-12-10T20:06:50.488358+00:00
3198,1765397210.505472,2025-12-10T20:06:50.505473+00:00
3199,1765397210.522368,2025-12-10T20:06:50.522370+00:00
3200,1765397210.543241,2025-12-10T20:06:50.543246+00:00
3201,1765397210.563649,2025-12-10T20:06:50.563652+00:00
3202,1765397210.584522,2025-12-10T20:06:50.584525+00:00
3203,1765397210.605407,2025-12-10T20:06:50.605408+00:00
3204,1765397210.62592,2025-12-10T20:06:50.625922+00:00
3205,1765397210.645391,2025-12-10T20:06:50.645392+00:00
3206,1765397210.665142,2025-12-10T20:06:50.665146+00:00
3207,1765397210.68256,2025-12-10T20:06:50.682561+00:00
3208,1765397210.701615,2025-12-10T20:06:50.701621+00:00
3209,1765397210.721735,2025-12-10T20:06:50.721739+00:00
3210,1765397210.738857,2025-12-10T20:06:50.738860+00:00
3211,1765397210.759747,2025-12-10T20:06:50.759748+00:00
3212,1765397210.7806091,2025-12-10T20:06:50.780609+00:00
3213,1765397210.7973251,2025-12-10T20:06:50.797326+00:00
3214,1765397210.8167958,2025-12-10T20:06:50.816800+00:00
3215,1765397210.837686,2025-12-10T20:06:50.837687+00:00
3216,1765397210.85566,2025-12-10T20:06:50.855660+00:00
3217,1765397210.872344,2025-12-10T20:06:50.872344+00:00
3218,1765397210.890591,2025-12-10T20:06:50.890591+00:00
3219,1765397210.911434,2025-12-10T20:06:50.911434+00:00
3220,1765397210.928566,2025-12-10T20:06:50.928568+00:00
3221,1765397210.947497,2025-12-10T20:06:50.947497+00:00
3222,1765397210.968359,2025-12-10T20:06:50.968365+00:00
3223,1765397210.989137,2025-12-10T20:06:50.989139+00:00
3224,1765397211.008147,2025-12-10T20:06:51.008147+00:00
3225,1765397211.0290189,2025-12-10T20:06:51.029030+00:00
3226,1765397211.04996,2025-12-10T20:06:51.049962+00:00
3227,1765397211.070822,2025-12-10T20:06:51.070824+00:00
3228,1765397211.087639,2025-12-10T20:06:51.087640+00:00
3229,1765397211.108494,2025-12-10T20:06:51.108497+00:00
3230,1765397211.1254458,2025-12-10T20:06:51.125450+00:00
3231,1765397211.14628,2025-12-10T20:06:51.146281+00:00
3232,1765397211.16715,2025-12-10T20:06:51.167153+00:00
3233,1765397211.1867268,2025-12-10T20:06:51.186729+00:00
3234,1765397211.2076092,2025-12-10T20:06:51.207611+00:00
3235,1765397211.2275789,2025-12-10T20:06:51.227581+00:00
3236,1765397211.248445,2025-12-10T20:06:51.248446+00:00
3237,1765397211.269325,2025-12-10T20:06:51.269327+00:00
3238,1765397211.29019,2025-12-10T20:06:51.290191+00:00
3239,1765397211.31105,2025-12-10T20:06:51.311055+00:00
3240,1765397211.3288908,2025-12-10T20:06:51.328894+00:00
3241,1765397211.34922,2025-12-10T20:06:51.349225+00:00
3242,1765397211.367981,2025-12-10T20:06:51.367987+00:00
3243,1765397211.3888772,2025-12-10T20:06:51.388878+00:00
3244,1765397211.409739,2025-12-10T20:06:51.409744+00:00
3245,1765397211.4303942,2025-12-10T20:06:51.430396+00:00
3246,1765397211.4512699,2025-12-10T20:06:51.451270+00:00
3247,1765397211.4721339,2025-12-10T20:06:51.472140+00:00
3248,1765397211.493034,2025-12-10T20:06:51.493035+00:00
3249,1765397211.5138829,2025-12-10T20:06:51.513884+00:00
3250,1765397211.531167,2025-12-10T20:06:51.531172+00:00
3251,1765397211.547873,2025-12-10T20:06:51.547875+00:00
3252,1765397211.568641,2025-12-10T20:06:51.568646+00:00
3253,1765397211.586572,2025-12-10T20:06:51.586575+00:00
3254,1765397211.6050959,2025-12-10T20:06:51.605100+00:00
3255,1765397211.626004,2025-12-10T20:06:51.626007+00:00
3256,1765397211.64689,2025-12-10T20:06:51.646894+00:00
3257,1765397211.6657689,2025-12-10T20:06:51.665771+00:00
3258,1765397211.6866329,2025-12-10T20:06:51.686633+00:00
3259,1765397211.705927,2025-12-10T20:06:51.705929+00:00
3260,1765397211.726808,2025-12-10T20:06:51.726810+00:00
3261,1765397211.747691,2025-12-10T20:06:51.747706+00:00
3262,1765397211.766557,2025-12-10T20:06:51.766559+00:00
3263,1765397211.787421,2025-12-10T20:06:51.787422+00:00
3264,1765397211.806049,2025-12-10T20:06:51.806051+00:00
3265,1765397211.826923,2025-12-10T20:06:51.826925+00:00
3266,1765397211.845046,2025-12-10T20:06:51.845047+00:00
3267,1765397211.864456,2025-12-10T20:06:51.864457+00:00
3268,1765397211.885317,2025-12-10T20:06:51.885317+00:00
3269,1765397211.906164,2025-12-10T20:06:51.906165+00:00
3270,1765397211.927026,2025-12-10T20:06:51.927029+00:00
3271,1765397211.947435,2025-12-10T20:06:51.947437+00:00
3272,1765397211.968315,2025-12-10T20:06:51.968320+00:00
3273,1765397211.9874828,2025-12-10T20:06:51.987484+00:00
3274,1765397212.005825,2025-12-10T20:06:52.005830+00:00
3275,1765397212.0257611,2025-12-10T20:06:52.025764+00:00
3276,1765397212.04629,2025-12-10T20:06:52.046292+00:00
3277,1765397212.063333,2025-12-10T20:06:52.063335+00:00
3278,1765397212.08419,2025-12-10T20:06:52.084191+00:00
3279,1765397212.10225,2025-12-10T20:06:52.102253+00:00
3280,1765397212.1231391,2025-12-10T20:06:52.123142+00:00
3281,1765397212.144017,2025-12-10T20:06:52.144020+00:00
3282,1765397212.164889,2025-12-10T20:06:52.164890+00:00
3283,1765397212.185743,2025-12-10T20:06:52.185745+00:00
3284,1765397212.2059991,2025-12-10T20:06:52.206002+00:00
3285,1765397212.226887,2025-12-10T20:06:52.226891+00:00
3286,1765397212.247782,2025-12-10T20:06:52.247784+00:00
3287,1765397212.268656,2025-12-10T20:06:52.268657+00:00
3288,1765397212.28723,2025-12-10T20:06:52.287231+00:00
3289,1765397212.308073,2025-12-10T20:06:52.308073+00:00
3290,1765397212.328005,2025-12-10T20:06:52.328009+00:00
3291,1765397212.348916,2025-12-10T20:06:52.348919+00:00
3292,1765397212.3678,2025-12-10T20:06:52.367804+00:00
3293,1765397212.388696,2025-12-10T20:06:52.388698+00:00
3294,1765397212.406232,2025-12-10T20:06:52.406233+00:00
3295,1765397212.427091,2025-12-10T20:06:52.427093+00:00
3296,1765397212.4479659,2025-12-10T20:06:52.447968+00:00
3297,1765397212.46885,2025-12-10T20:06:52.468855+00:00
3298,1765397212.489076,2025-12-10T20:06:52.489077+00:00
3299,1765397212.50637,2025-12-10T20:06:52.506375+00:00
3300,1765397212.526158,2025-12-10T20:06:52.526160+00:00
3301,1765397212.5470269,2025-12-10T20:06:52.547029+00:00
3302,1765397212.567887,2025-12-10T20:06:52.567889+00:00
3303,1765397212.5887492,2025-12-10T20:06:52.588751+00:00
3304,1765397212.6071522,2025-12-10T20:06:52.607156+00:00
3305,1765397212.626344,2025-12-10T20:06:52.626346+00:00
3306,1765397212.6463392,2025-12-10T20:06:52.646341+00:00
3307,1765397212.664347,2025-12-10T20:06:52.664349+00:00
3308,1765397212.683497,2025-12-10T20:06:52.683498+00:00
3309,1765397212.7035708,2025-12-10T20:06:52.703573+00:00
3310,1765397212.722692,2025-12-10T20:06:52.722697+00:00
3311,1765397212.743208,2025-12-10T20:06:52.743211+00:00
3312,1765397212.763019,2025-12-10T20:06:52.763021+00:00
3313,1765397212.7838879,2025-12-10T20:06:52.783892+00:00
3314,1765397212.804487,2025-12-10T20:06:52.804488+00:00
3315,1765397212.821444,2025-12-10T20:06:52.821444+00:00
3316,1765397212.83835,2025-12-10T20:06:52.838352+00:00
3317,1765397212.8592188,2025-12-10T20:06:52.859219+00:00
3318,1765397212.880064,2025-12-10T20:06:52.880065+00:00
3319,1765397212.897053,2025-12-10T20:06:52.897058+00:00
3320,1765397212.9180841,2025-12-10T20:06:52.918086+00:00
3321,1765397212.938953,2025-12-10T20:06:52.938957+00:00
3322,1765397212.957673,2025-12-10T20:06:52.957678+00:00
3323,1765397212.9764018,2025-12-10T20:06:52.976405+00:00
3324,1765397212.997324,2025-12-10T20:06:52.997325+00:00
3325,1765397213.0181818,2025-12-10T20:06:53.018183+00:00
3326,1765397213.0362508,2025-12-10T20:06:53.036258+00:00
3327,1765397213.05568,2025-12-10T20:06:53.055685+00:00
3328,1765397213.076575,2025-12-10T20:06:53.076577+00:00
3329,1765397213.0963242,2025-12-10T20:06:53.096326+00:00
3330,1765397213.1171799,2025-12-10T20:06:53.117182+00:00
3331,1765397213.1380548,2025-12-10T20:06:53.138056+00:00
3332,1765397213.158905,2025-12-10T20:06:53.158908+00:00
3333,1765397213.179671,2025-12-10T20:06:53.179674+00:00
3334,1765397213.1970491,2025-12-10T20:06:53.197050+00:00
3335,1765397213.216224,2025-12-10T20:06:53.216226+00:00
3336,1765397213.237097,2025-12-10T20:06:53.237098+00:00
3337,1765397213.255455,2025-12-10T20:06:53.255456+00:00
3338,1765397213.2763069,2025-12-10T20:06:53.276308+00:00
3339,1765397213.297157,2025-12-10T20:06:53.297164+00:00
3340,1765397213.318039,2025-12-10T20:06:53.318040+00:00
3341,1765397213.335354,2025-12-10T20:06:53.335360+00:00
3342,1765397213.355573,2025-12-10T20:06:53.355575+00:00
3343,1765397213.376451,2025-12-10T20:06:53.376454+00:00
3344,1765397213.3972769,2025-12-10T20:06:53.397281+00:00
3345,1765397213.418167,2025-12-10T20:06:53.418171+00:00
3346,1765397213.439048,2025-12-10T20:06:53.439049+00:00
3347,1765397213.459903,2025-12-10T20:06:53.459904+00:00
3348,1765397213.48077,2025-12-10T20:06:53.480771+00:00
3349,1765397213.4976552,2025-12-10T20:06:53.497659+00:00
3350,1765397213.514464,2025-12-10T20:06:53.514562+00:00
3351,1765397213.5329049,2025-12-10T20:06:53.532908+00:00
3352,1765397213.551743,2025-12-10T20:06:53.551747+00:00
3353,1765397213.571337,2025-12-10T20:06:53.571338+00:00
3354,1765397213.5922089,2025-12-10T20:06:53.592214+00:00
3355,1765397213.612406,2025-12-10T20:06:53.612416+00:00
3356,1765397213.6332219,2025-12-10T20:06:53.633225+00:00
3357,1765397213.652622,2025-12-10T20:06:53.652624+00:00
3358,1765397213.673501,2025-12-10T20:06:53.673503+00:00
3359,1765397213.690567,2025-12-10T20:06:53.690568+00:00
3360,1765397213.711425,2025-12-10T20:06:53.711426+00:00
3361,1765397213.7322931,2025-12-10T20:06:53.732295+00:00
3362,1765397213.749619,2025-12-10T20:06:53.749621+00:00
3363,1765397213.770483,2025-12-10T20:06:53.770484+00:00
3364,1765397213.791358,2025-12-10T20:06:53.791362+00:00
3365,1765397213.811595,2025-12-10T20:06:53.811596+00:00
3366,1765397213.832457,2025-12-10T20:06:53.832459+00:00
3367,1765397213.853338,2025-12-10T20:06:53.853339+00:00
3368,1765397213.8741949,2025-12-10T20:06:53.874196+00:00
3369,1765397213.895057,2025-12-10T20:06:53.895063+00:00
3370,1765397213.9136288,2025-12-10T20:06:53.913632+00:00
3371,1765397213.930785,2025-12-10T20:06:53.930786+00:00
3372,1765397213.95026,2025-12-10T20:06:53.950263+00:00
3373,1765397213.969485,2025-12-10T20:06:53.969495+00:00
3374,1765397213.9887831,2025-12-10T20:06:53.988787+00:00
3375,1765397214.009692,2025-12-10T20:06:54.009702+00:00
3376,1765397214.027523,2025-12-10T20:06:54.027528+00:00
3377,1765397214.048435,2025-12-10T20:06:54.048442+00:00
3378,1765397214.069334,2025-12-10T20:06:54.069337+00:00
3379,1765397214.088025,2025-12-10T20:06:54.088027+00:00
3380,1765397214.1062772,2025-12-10T20:06:54.106278+00:00
3381,1765397214.127145,2025-12-10T20:06:54.127148+00:00
3382,1765397214.143921,2025-12-10T20:06:54.143924+00:00
3383,1765397214.1630442,2025-12-10T20:06:54.163045+00:00
3384,1765397214.180405,2025-12-10T20:06:54.180408+00:00
3385,1765397214.2013052,2025-12-10T20:06:54.201309+00:00
3386,1765397214.22221,2025-12-10T20:06:54.222211+00:00
3387,1765397214.243076,2025-12-10T20:06:54.243077+00:00
3388,1765397214.263951,2025-12-10T20:06:54.263955+00:00
3389,1765397214.284853,2025-12-10T20:06:54.284855+00:00
3390,1765397214.305577,2025-12-10T20:06:54.305584+00:00
3391,1765397214.3264818,2025-12-10T20:06:54.326487+00:00
3392,1765397214.344481,2025-12-10T20:06:54.344482+00:00
3393,1765397214.365352,2025-12-10T20:06:54.365354+00:00
3394,1765397214.386253,2025-12-10T20:06:54.386254+00:00
3395,1765397214.406234,2025-12-10T20:06:54.406236+00:00
3396,1765397214.423787,2025-12-10T20:06:54.423790+00:00
3397,1765397214.443102,2025-12-10T20:06:54.443103+00:00
3398,1765397214.4639611,2025-12-10T20:06:54.463962+00:00
3399,1765397214.480711,2025-12-10T20:06:54.480712+00:00
3400,1765397214.4983969,2025-12-10T20:06:54.498397+00:00
3401,1765397214.519257,2025-12-10T20:06:54.519261+00:00
3402,1765397214.539114,2025-12-10T20:06:54.539122+00:00
3403,1765397214.55938,2025-12-10T20:06:54.559383+00:00
3404,1765397214.576597,2025-12-10T20:06:54.576599+00:00
3405,1765397214.597473,2025-12-10T20:06:54.597477+00:00
3406,1765397214.615436,2025-12-10T20:06:54.615440+00:00
3407,1765397214.636317,2025-12-10T20:06:54.636319+00:00
3408,1765397214.654778,2025-12-10T20:06:54.654780+00:00
3409,1765397214.675659,2025-12-10T20:06:54.675663+00:00
3410,1765397214.6965601,2025-12-10T20:06:54.696561+00:00
3411,1765397214.714079,2025-12-10T20:06:54.714079+00:00
3412,1765397214.7349398,2025-12-10T20:06:54.734943+00:00
3413,1765397214.755826,2025-12-10T20:06:54.755829+00:00
3414,1765397214.776706,2025-12-10T20:06:54.776710+00:00
3415,1765397214.794414,2025-12-10T20:06:54.794416+00:00
3416,1765397214.815279,2025-12-10T20:06:54.815281+00:00
3417,1765397214.836143,2025-12-10T20:06:54.836143+00:00
