frame_index,timestamp_unix,timestamp_iso
0,1765926713.0078762,2025-12-16T23:11:53.007880+00:00
1,1765926713.026572,2025-12-16T23:11:53.026577+00:00
2,1765926713.047565,2025-12-16T23:11:53.047569+00:00
3,1765926713.06758,2025-12-16T23:11:53.067586+00:00
4,1765926713.088494,2025-12-16T23:11:53.088498+00:00
5,1765926713.1092942,2025-12-16T23:11:53.109298+00:00
6,1765926713.130186,2025-12-16T23:11:53.130189+00:00
7,1765926713.15105,2025-12-16T23:11:53.151051+00:00
8,1765926713.169888,2025-12-16T23:11:53.169891+00:00
9,1765926713.190772,2025-12-16T23:11:53.190778+00:00
10,1765926713.209336,2025-12-16T23:11:53.209339+00:00
11,1765926713.230211,2025-12-16T23:11:53.230215+00:00
12,1765926713.248733,2025-12-16T23:11:53.248737+00:00
13,1765926713.267584,2025-12-16T23:11:53.267587+00:00
14,1765926713.288492,2025-12-16T23:11:53.288495+00:00
15,1765926713.30928,2025-12-16T23:11:53.309281+00:00
16,1765926713.329878,2025-12-16T23:11:53.329879+00:00
17,1765926713.3507562,2025-12-16T23:11:53.350758+00:00
18,1765926713.367554,2025-12-16T23:11:53.367561+00:00
19,1765926713.384606,2025-12-16T23:11:53.384612+00:00
20,1765926713.401644,2025-12-16T23:11:53.401649+00:00
21,1765926713.42166,2025-12-16T23:11:53.421665+00:00
22,1765926713.438477,2025-12-16T23:11:53.438482+00:00
23,1765926713.459376,2025-12-16T23:11:53.459381+00:00
24,1765926713.480287,2025-12-16T23:11:53.480293+00:00
25,1765926713.500813,2025-12-16T23:11:53.500815+00:00
26,1765926713.522487,2025-12-16T23:11:53.522493+00:00
27,1765926713.54204,2025-12-16T23:11:53.542046+00:00
28,1765926713.562572,2025-12-16T23:11:53.562578+00:00
29,1765926713.583466,2025-12-16T23:11:53.583475+00:00
30,1765926713.603831,2025-12-16T23:11:53.603838+00:00
31,1765926713.6247969,2025-12-16T23:11:53.624824+00:00
32,1765926713.6450438,2025-12-16T23:11:53.645051+00:00
33,1765926713.663981,2025-12-16T23:11:53.663987+00:00
34,1765926713.6836731,2025-12-16T23:11:53.683703+00:00
35,1765926713.7031639,2025-12-16T23:11:53.703168+00:00
36,1765926713.722115,2025-12-16T23:11:53.722120+00:00
37,1765926713.74302,2025-12-16T23:11:53.743026+00:00
38,1765926713.760839,2025-12-16T23:11:53.760871+00:00
39,1765926713.779226,2025-12-16T23:11:53.779233+00:00
40,1765926713.7968588,2025-12-16T23:11:53.796865+00:00
41,1765926713.8163042,2025-12-16T23:11:53.816307+00:00
42,1765926713.8354251,2025-12-16T23:11:53.835430+00:00
43,1765926713.8563359,2025-12-16T23:11:53.856339+00:00
44,1765926713.8752441,2025-12-16T23:11:53.875248+00:00
45,1765926713.892564,2025-12-16T23:11:53.892605+00:00
46,1765926713.913484,2025-12-16T23:11:53.913486+00:00
47,1765926713.934381,2025-12-16T23:11:53.934382+00:00
48,1765926713.95524,2025-12-16T23:11:53.955241+00:00
49,1765926713.9761002,2025-12-16T23:11:53.976101+00:00
50,1765926713.9969568,2025-12-16T23:11:53.996958+00:00
51,1765926714.017836,2025-12-16T23:11:54.017843+00:00
52,1765926714.0381892,2025-12-16T23:11:54.038196+00:00
53,1765926714.0559402,2025-12-16T23:11:54.055945+00:00
54,1765926714.0768268,2025-12-16T23:11:54.076833+00:00
55,1765926714.097773,2025-12-16T23:11:54.097779+00:00
56,1765926714.118143,2025-12-16T23:11:54.118151+00:00
57,1765926714.1390789,2025-12-16T23:11:54.139085+00:00
58,1765926714.160053,2025-12-16T23:11:54.160063+00:00
59,1765926714.179771,2025-12-16T23:11:54.179777+00:00
60,1765926714.196723,2025-12-16T23:11:54.196727+00:00
61,1765926714.216634,2025-12-16T23:11:54.216644+00:00
62,1765926714.237563,2025-12-16T23:11:54.237567+00:00
63,1765926714.2549682,2025-12-16T23:11:54.254973+00:00
64,1765926714.2718499,2025-12-16T23:11:54.271856+00:00
65,1765926714.29021,2025-12-16T23:11:54.290215+00:00
66,1765926714.309281,2025-12-16T23:11:54.309287+00:00
67,1765926714.330113,2025-12-16T23:11:54.330118+00:00
68,1765926714.346859,2025-12-16T23:11:54.346866+00:00
69,1765926714.367965,2025-12-16T23:11:54.367969+00:00
70,1765926714.388858,2025-12-16T23:11:54.388863+00:00
71,1765926714.4093492,2025-12-16T23:11:54.409352+00:00
72,1765926714.426195,2025-12-16T23:11:54.426220+00:00
73,1765926714.447186,2025-12-16T23:11:54.447190+00:00
74,1765926714.466356,2025-12-16T23:11:54.466362+00:00
75,1765926714.4872751,2025-12-16T23:11:54.487279+00:00
76,1765926714.507673,2025-12-16T23:11:54.507679+00:00
77,1765926714.533646,2025-12-16T23:11:54.533652+00:00
78,1765926714.5547671,2025-12-16T23:11:54.554774+00:00
79,1765926714.58288,2025-12-16T23:11:54.582884+00:00
80,1765926714.60023,2025-12-16T23:11:54.600235+00:00
81,1765926714.617884,2025-12-16T23:11:54.617889+00:00
82,1765926714.636106,2025-12-16T23:11:54.636112+00:00
83,1765926714.656492,2025-12-16T23:11:54.656496+00:00
84,1765926714.6754718,2025-12-16T23:11:54.675475+00:00
85,1765926714.69634,2025-12-16T23:11:54.696347+00:00
86,1765926714.716685,2025-12-16T23:11:54.716688+00:00
87,1765926714.7340438,2025-12-16T23:11:54.734048+00:00
88,1765926714.7549381,2025-12-16T23:11:54.754941+00:00
89,1765926714.774914,2025-12-16T23:11:54.774918+00:00
90,1765926714.795797,2025-12-16T23:11:54.795801+00:00
91,1765926714.8163068,2025-12-16T23:11:54.816313+00:00
92,1765926714.8356621,2025-12-16T23:11:54.835669+00:00
93,1765926714.854443,2025-12-16T23:11:54.854447+00:00
94,1765926714.875333,2025-12-16T23:11:54.875338+00:00
95,1765926714.895853,2025-12-16T23:11:54.895858+00:00
96,1765926714.916686,2025-12-16T23:11:54.916690+00:00
97,1765926714.934363,2025-12-16T23:11:54.934379+00:00
98,1765926714.9549599,2025-12-16T23:11:54.954969+00:00
99,1765926714.974103,2025-12-16T23:11:54.974296+00:00
100,1765926714.9926898,2025-12-16T23:11:54.992692+00:00
101,1765926715.011001,2025-12-16T23:11:55.011007+00:00
102,1765926715.031904,2025-12-16T23:11:55.031912+00:00
103,1765926715.0509539,2025-12-16T23:11:55.050963+00:00
104,1765926715.069686,2025-12-16T23:11:55.069690+00:00
105,1765926715.090643,2025-12-16T23:11:55.090649+00:00
106,1765926715.107498,2025-12-16T23:11:55.107499+00:00
107,1765926715.128363,2025-12-16T23:11:55.128376+00:00
108,1765926715.1452658,2025-12-16T23:11:55.145268+00:00
109,1765926715.165195,2025-12-16T23:11:55.165200+00:00
110,1765926715.182688,2025-12-16T23:11:55.182693+00:00
111,1765926715.200923,2025-12-16T23:11:55.200928+00:00
112,1765926715.2218199,2025-12-16T23:11:55.221820+00:00
113,1765926715.2402902,2025-12-16T23:11:55.240291+00:00
114,1765926715.2573628,2025-12-16T23:11:55.257365+00:00
115,1765926715.2757351,2025-12-16T23:11:55.275738+00:00
116,1765926715.292615,2025-12-16T23:11:55.292617+00:00
117,1765926715.3134809,2025-12-16T23:11:55.313483+00:00
118,1765926715.334249,2025-12-16T23:11:55.334250+00:00
119,1765926715.350961,2025-12-16T23:11:55.350964+00:00
120,1765926715.3708642,2025-12-16T23:11:55.370871+00:00
121,1765926715.389224,2025-12-16T23:11:55.389237+00:00
122,1765926715.410107,2025-12-16T23:11:55.410109+00:00
123,1765926715.4291258,2025-12-16T23:11:55.429129+00:00
124,1765926715.448239,2025-12-16T23:11:55.448245+00:00
125,1765926715.468682,2025-12-16T23:11:55.468687+00:00
126,1765926715.489582,2025-12-16T23:11:55.489586+00:00
127,1765926715.510171,2025-12-16T23:11:55.510179+00:00
128,1765926715.5305312,2025-12-16T23:11:55.530536+00:00
129,1765926715.5509,2025-12-16T23:11:55.550906+00:00
130,1765926715.5731058,2025-12-16T23:11:55.573133+00:00
131,1765926715.593578,2025-12-16T23:11:55.593583+00:00
132,1765926715.611511,2025-12-16T23:11:55.611516+00:00
133,1765926715.629119,2025-12-16T23:11:55.629121+00:00
134,1765926715.647876,2025-12-16T23:11:55.647880+00:00
135,1765926715.668758,2025-12-16T23:11:55.668765+00:00
136,1765926715.6862311,2025-12-16T23:11:55.686235+00:00
137,1765926715.70376,2025-12-16T23:11:55.703768+00:00
138,1765926715.7247,2025-12-16T23:11:55.724705+00:00
139,1765926715.742529,2025-12-16T23:11:55.742531+00:00
140,1765926715.759477,2025-12-16T23:11:55.759482+00:00
141,1765926715.776323,2025-12-16T23:11:55.776326+00:00
142,1765926715.7948139,2025-12-16T23:11:55.794818+00:00
143,1765926715.811659,2025-12-16T23:11:55.811664+00:00
144,1765926715.831886,2025-12-16T23:11:55.831887+00:00
145,1765926715.850825,2025-12-16T23:11:55.850829+00:00
146,1765926715.86889,2025-12-16T23:11:55.868895+00:00
147,1765926715.887039,2025-12-16T23:11:55.887042+00:00
148,1765926715.908214,2025-12-16T23:11:55.908217+00:00
149,1765926715.9281762,2025-12-16T23:11:55.928179+00:00
150,1765926715.949057,2025-12-16T23:11:55.949058+00:00
151,1765926715.9675899,2025-12-16T23:11:55.967605+00:00
152,1765926715.9846652,2025-12-16T23:11:55.984696+00:00
153,1765926716.0056782,2025-12-16T23:11:56.005685+00:00
154,1765926716.02446,2025-12-16T23:11:56.024465+00:00
155,1765926716.0418382,2025-12-16T23:11:56.041844+00:00
156,1765926716.058833,2025-12-16T23:11:56.058967+00:00
157,1765926716.075855,2025-12-16T23:11:56.075878+00:00
158,1765926716.09678,2025-12-16T23:11:56.096782+00:00
159,1765926716.1168041,2025-12-16T23:11:56.116808+00:00
160,1765926716.137674,2025-12-16T23:11:56.137676+00:00
161,1765926716.1544619,2025-12-16T23:11:56.154466+00:00
162,1765926716.173471,2025-12-16T23:11:56.173476+00:00
163,1765926716.192489,2025-12-16T23:11:56.192492+00:00
164,1765926716.213373,2025-12-16T23:11:56.213377+00:00
165,1765926716.2342021,2025-12-16T23:11:56.234206+00:00
166,1765926716.251986,2025-12-16T23:11:56.251987+00:00
167,1765926716.271502,2025-12-16T23:11:56.271506+00:00
168,1765926716.2916539,2025-12-16T23:11:56.291659+00:00
169,1765926716.311141,2025-12-16T23:11:56.311149+00:00
170,1765926716.328923,2025-12-16T23:11:56.328926+00:00
171,1765926716.347559,2025-12-16T23:11:56.347564+00:00
172,1765926716.366373,2025-12-16T23:11:56.366376+00:00
173,1765926716.3868,2025-12-16T23:11:56.386802+00:00
174,1765926716.403511,2025-12-16T23:11:56.403512+00:00
175,1765926716.423939,2025-12-16T23:11:56.423942+00:00
176,1765926716.444824,2025-12-16T23:11:56.444830+00:00
177,1765926716.461941,2025-12-16T23:11:56.461945+00:00
178,1765926716.482822,2025-12-16T23:11:56.482824+00:00
179,1765926716.5009332,2025-12-16T23:11:56.500935+00:00
180,1765926716.5217972,2025-12-16T23:11:56.521800+00:00
181,1765926716.544041,2025-12-16T23:11:56.544046+00:00
182,1765926716.5651278,2025-12-16T23:11:56.565132+00:00
183,1765926716.58401,2025-12-16T23:11:56.584016+00:00
184,1765926716.601068,2025-12-16T23:11:56.601072+00:00
185,1765926716.621954,2025-12-16T23:11:56.621958+00:00
186,1765926716.6429,2025-12-16T23:11:56.642902+00:00
187,1765926716.66376,2025-12-16T23:11:56.663760+00:00
188,1765926716.6840918,2025-12-16T23:11:56.684093+00:00
189,1765926716.704961,2025-12-16T23:11:56.704961+00:00
190,1765926716.725826,2025-12-16T23:11:56.725827+00:00
191,1765926716.7450812,2025-12-16T23:11:56.745083+00:00
192,1765926716.76594,2025-12-16T23:11:56.765940+00:00
193,1765926716.7840881,2025-12-16T23:11:56.784094+00:00
194,1765926716.805012,2025-12-16T23:11:56.805017+00:00
195,1765926716.823118,2025-12-16T23:11:56.823121+00:00
196,1765926716.8399591,2025-12-16T23:11:56.839964+00:00
197,1765926716.8609438,2025-12-16T23:11:56.860951+00:00
198,1765926716.8797681,2025-12-16T23:11:56.879769+00:00
199,1765926716.900676,2025-12-16T23:11:56.900678+00:00
200,1765926716.9195368,2025-12-16T23:11:56.919544+00:00
201,1765926716.94046,2025-12-16T23:11:56.940465+00:00
202,1765926716.959316,2025-12-16T23:11:56.959361+00:00
203,1765926716.9760818,2025-12-16T23:11:56.976104+00:00
204,1765926716.995711,2025-12-16T23:11:56.995716+00:00
205,1765926717.01659,2025-12-16T23:11:57.016593+00:00
206,1765926717.034284,2025-12-16T23:11:57.034289+00:00
207,1765926717.0551171,2025-12-16T23:11:57.055120+00:00
208,1765926717.0764742,2025-12-16T23:11:57.076480+00:00
209,1765926717.096728,2025-12-16T23:11:57.096733+00:00
210,1765926717.114521,2025-12-16T23:11:57.114524+00:00
211,1765926717.134443,2025-12-16T23:11:57.134448+00:00
212,1765926717.1547909,2025-12-16T23:11:57.154795+00:00
213,1765926717.172779,2025-12-16T23:11:57.172798+00:00
214,1765926717.193393,2025-12-16T23:11:57.193396+00:00
215,1765926717.2133272,2025-12-16T23:11:57.213331+00:00
216,1765926717.2342038,2025-12-16T23:11:57.234207+00:00
217,1765926717.251907,2025-12-16T23:11:57.251911+00:00
218,1765926717.272086,2025-12-16T23:11:57.272089+00:00
219,1765926717.289715,2025-12-16T23:11:57.289719+00:00
220,1765926717.3106182,2025-12-16T23:11:57.310625+00:00
221,1765926717.331529,2025-12-16T23:11:57.331531+00:00
222,1765926717.351433,2025-12-16T23:11:57.351436+00:00
223,1765926717.372303,2025-12-16T23:11:57.372307+00:00
224,1765926717.392638,2025-12-16T23:11:57.392641+00:00
225,1765926717.413541,2025-12-16T23:11:57.413548+00:00
226,1765926717.43429,2025-12-16T23:11:57.434294+00:00
227,1765926717.4551969,2025-12-16T23:11:57.455204+00:00
228,1765926717.476104,2025-12-16T23:11:57.476105+00:00
229,1765926717.494399,2025-12-16T23:11:57.494400+00:00
230,1765926717.520948,2025-12-16T23:11:57.520952+00:00
231,1765926717.5414422,2025-12-16T23:11:57.541448+00:00
232,1765926717.56145,2025-12-16T23:11:57.561454+00:00
233,1765926717.582386,2025-12-16T23:11:57.582390+00:00
234,1765926717.5992472,2025-12-16T23:11:57.599285+00:00
235,1765926717.620717,2025-12-16T23:11:57.620722+00:00
236,1765926717.652213,2025-12-16T23:11:57.652221+00:00
237,1765926717.6726148,2025-12-16T23:11:57.672620+00:00
238,1765926717.701175,2025-12-16T23:11:57.701180+00:00
239,1765926717.722357,2025-12-16T23:11:57.723530+00:00
240,1765926717.752171,2025-12-16T23:11:57.752176+00:00
241,1765926717.7792,2025-12-16T23:11:57.779206+00:00
242,1765926717.7986639,2025-12-16T23:11:57.798671+00:00
243,1765926717.818363,2025-12-16T23:11:57.818368+00:00
244,1765926717.8371682,2025-12-16T23:11:57.837171+00:00
245,1765926717.854062,2025-12-16T23:11:57.854066+00:00
246,1765926717.874636,2025-12-16T23:11:57.874640+00:00
247,1765926717.892848,2025-12-16T23:11:57.892865+00:00
248,1765926717.910031,2025-12-16T23:11:57.910037+00:00
249,1765926717.929697,2025-12-16T23:11:57.929701+00:00
250,1765926717.9464939,2025-12-16T23:11:57.946499+00:00
251,1765926717.9668071,2025-12-16T23:11:57.966811+00:00
252,1765926717.984482,2025-12-16T23:11:57.984487+00:00
253,1765926718.005375,2025-12-16T23:11:58.005381+00:00
254,1765926718.026777,2025-12-16T23:11:58.026782+00:00
255,1765926718.045058,2025-12-16T23:11:58.045063+00:00
256,1765926718.066904,2025-12-16T23:11:58.066909+00:00
257,1765926718.0850198,2025-12-16T23:11:58.085026+00:00
258,1765926718.1021068,2025-12-16T23:11:58.102112+00:00
259,1765926718.1199858,2025-12-16T23:11:58.119990+00:00
260,1765926718.137414,2025-12-16T23:11:58.137420+00:00
261,1765926718.154183,2025-12-16T23:11:58.154187+00:00
262,1765926718.173208,2025-12-16T23:11:58.173223+00:00
263,1765926718.194114,2025-12-16T23:11:58.194121+00:00
264,1765926718.21365,2025-12-16T23:11:58.213653+00:00
265,1765926718.231898,2025-12-16T23:11:58.231902+00:00
266,1765926718.2530408,2025-12-16T23:11:58.253046+00:00
267,1765926718.274007,2025-12-16T23:11:58.274013+00:00
268,1765926718.293859,2025-12-16T23:11:58.293863+00:00
269,1765926718.310591,2025-12-16T23:11:58.310596+00:00
270,1765926718.3286579,2025-12-16T23:11:58.328668+00:00
271,1765926718.34956,2025-12-16T23:11:58.349566+00:00
272,1765926718.3677068,2025-12-16T23:11:58.367712+00:00
273,1765926718.38588,2025-12-16T23:11:58.385885+00:00
274,1765926718.406812,2025-12-16T23:11:58.406816+00:00
275,1765926718.425921,2025-12-16T23:11:58.425931+00:00
276,1765926718.446861,2025-12-16T23:11:58.446874+00:00
277,1765926718.4651132,2025-12-16T23:11:58.465118+00:00
278,1765926718.4842958,2025-12-16T23:11:58.484297+00:00
279,1765926718.503875,2025-12-16T23:11:58.503880+00:00
280,1765926718.5215738,2025-12-16T23:11:58.521577+00:00
281,1765926718.543457,2025-12-16T23:11:58.543461+00:00
282,1765926718.5801868,2025-12-16T23:11:58.580192+00:00
283,1765926718.6177988,2025-12-16T23:11:58.617804+00:00
284,1765926718.6558988,2025-12-16T23:11:58.655907+00:00
285,1765926718.6782348,2025-12-16T23:11:58.678242+00:00
286,1765926718.695564,2025-12-16T23:11:58.695569+00:00
287,1765926718.7161,2025-12-16T23:11:58.716105+00:00
288,1765926718.734186,2025-12-16T23:11:58.734201+00:00
289,1765926718.7548459,2025-12-16T23:11:58.754856+00:00
290,1765926718.775244,2025-12-16T23:11:58.775249+00:00
291,1765926718.7925172,2025-12-16T23:11:58.792520+00:00
292,1765926718.8117068,2025-12-16T23:11:58.811753+00:00
293,1765926718.829899,2025-12-16T23:11:58.829901+00:00
294,1765926718.84992,2025-12-16T23:11:58.849925+00:00
295,1765926718.867533,2025-12-16T23:11:58.867568+00:00
296,1765926718.8845341,2025-12-16T23:11:58.884539+00:00
297,1765926718.9054668,2025-12-16T23:11:58.905471+00:00
298,1765926718.925005,2025-12-16T23:11:58.925011+00:00
299,1765926718.945,2025-12-16T23:11:58.945004+00:00
300,1765926718.9658911,2025-12-16T23:11:58.965894+00:00
301,1765926718.984442,2025-12-16T23:11:58.984445+00:00
302,1765926719.005378,2025-12-16T23:11:59.005380+00:00
303,1765926719.025857,2025-12-16T23:11:59.025863+00:00
304,1765926719.046752,2025-12-16T23:11:59.046757+00:00
305,1765926719.063982,2025-12-16T23:11:59.063996+00:00
306,1765926719.08424,2025-12-16T23:11:59.084263+00:00
307,1765926719.105143,2025-12-16T23:11:59.105145+00:00
308,1765926719.125879,2025-12-16T23:11:59.125883+00:00
309,1765926719.1426141,2025-12-16T23:11:59.142618+00:00
310,1765926719.163541,2025-12-16T23:11:59.163553+00:00
311,1765926719.184473,2025-12-16T23:11:59.184479+00:00
312,1765926719.2030149,2025-12-16T23:11:59.203021+00:00
313,1765926719.223876,2025-12-16T23:11:59.223881+00:00
314,1765926719.2436512,2025-12-16T23:11:59.243661+00:00
315,1765926719.2618308,2025-12-16T23:11:59.261833+00:00
316,1765926719.280684,2025-12-16T23:11:59.280688+00:00
317,1765926719.300844,2025-12-16T23:11:59.300854+00:00
318,1765926719.319508,2025-12-16T23:11:59.319512+00:00
319,1765926719.340389,2025-12-16T23:11:59.340393+00:00
320,1765926719.3610308,2025-12-16T23:11:59.361034+00:00
321,1765926719.379254,2025-12-16T23:11:59.379257+00:00
322,1765926719.3959732,2025-12-16T23:11:59.395978+00:00
323,1765926719.414208,2025-12-16T23:11:59.414606+00:00
324,1765926719.4378781,2025-12-16T23:11:59.437897+00:00
325,1765926719.4640799,2025-12-16T23:11:59.464084+00:00
326,1765926719.4843001,2025-12-16T23:11:59.484312+00:00
327,1765926719.505315,2025-12-16T23:11:59.505321+00:00
328,1765926719.524888,2025-12-16T23:11:59.524893+00:00
329,1765926719.5420349,2025-12-16T23:11:59.542041+00:00
330,1765926719.562952,2025-12-16T23:11:59.562958+00:00
331,1765926719.584748,2025-12-16T23:11:59.584752+00:00
332,1765926719.602031,2025-12-16T23:11:59.602038+00:00
333,1765926719.6196768,2025-12-16T23:11:59.619683+00:00
334,1765926719.639728,2025-12-16T23:11:59.639733+00:00
335,1765926719.657685,2025-12-16T23:11:59.657689+00:00
336,1765926719.675874,2025-12-16T23:11:59.675875+00:00
337,1765926719.693517,2025-12-16T23:11:59.693518+00:00
338,1765926719.71438,2025-12-16T23:11:59.714383+00:00
339,1765926719.734399,2025-12-16T23:11:59.735052+00:00
340,1765926719.7562869,2025-12-16T23:11:59.756293+00:00
341,1765926719.776802,2025-12-16T23:11:59.776808+00:00
342,1765926719.794794,2025-12-16T23:11:59.794802+00:00
343,1765926719.812128,2025-12-16T23:11:59.812131+00:00
344,1765926719.8319979,2025-12-16T23:11:59.832002+00:00
345,1765926719.85287,2025-12-16T23:11:59.852871+00:00
346,1765926719.8702898,2025-12-16T23:11:59.870299+00:00
347,1765926719.887748,2025-12-16T23:11:59.887750+00:00
348,1765926719.908347,2025-12-16T23:11:59.908349+00:00
349,1765926719.925847,2025-12-16T23:11:59.925849+00:00
350,1765926719.945513,2025-12-16T23:11:59.945517+00:00
351,1765926719.966403,2025-12-16T23:11:59.966404+00:00
352,1765926719.984174,2025-12-16T23:11:59.984174+00:00
353,1765926720.000989,2025-12-16T23:12:00.000991+00:00
354,1765926720.019508,2025-12-16T23:12:00.019512+00:00
355,1765926720.036408,2025-12-16T23:12:00.036418+00:00
356,1765926720.0551932,2025-12-16T23:12:00.055203+00:00
357,1765926720.0732758,2025-12-16T23:12:00.073281+00:00
358,1765926720.0941608,2025-12-16T23:12:00.094163+00:00
359,1765926720.115045,2025-12-16T23:12:00.115049+00:00
360,1765926720.13226,2025-12-16T23:12:00.132266+00:00
361,1765926720.1509929,2025-12-16T23:12:00.150996+00:00
362,1765926720.1718771,2025-12-16T23:12:00.171879+00:00
363,1765926720.19268,2025-12-16T23:12:00.192680+00:00
364,1765926720.209722,2025-12-16T23:12:00.209725+00:00
365,1765926720.227794,2025-12-16T23:12:00.227796+00:00
366,1765926720.2485602,2025-12-16T23:12:00.248563+00:00
367,1765926720.26768,2025-12-16T23:12:00.267683+00:00
368,1765926720.284399,2025-12-16T23:12:00.284400+00:00
369,1765926720.3042939,2025-12-16T23:12:00.304296+00:00
370,1765926720.325081,2025-12-16T23:12:00.325084+00:00
371,1765926720.342514,2025-12-16T23:12:00.342515+00:00
372,1765926720.359267,2025-12-16T23:12:00.359271+00:00
373,1765926720.3801541,2025-12-16T23:12:00.380156+00:00
374,1765926720.401014,2025-12-16T23:12:00.401016+00:00
375,1765926720.41918,2025-12-16T23:12:00.419183+00:00
376,1765926720.437933,2025-12-16T23:12:00.437936+00:00
377,1765926720.456374,2025-12-16T23:12:00.456377+00:00
378,1765926720.477254,2025-12-16T23:12:00.477261+00:00
379,1765926720.494993,2025-12-16T23:12:00.494996+00:00
380,1765926720.514124,2025-12-16T23:12:00.514125+00:00
381,1765926720.534988,2025-12-16T23:12:00.535000+00:00
382,1765926720.554092,2025-12-16T23:12:00.554096+00:00
383,1765926720.5722508,2025-12-16T23:12:00.572257+00:00
384,1765926720.589534,2025-12-16T23:12:00.589539+00:00
385,1765926720.609653,2025-12-16T23:12:00.609657+00:00
386,1765926720.643817,2025-12-16T23:12:00.643822+00:00
387,1765926720.693281,2025-12-16T23:12:00.693286+00:00
388,1765926720.724011,2025-12-16T23:12:00.724018+00:00
389,1765926720.75398,2025-12-16T23:12:00.753986+00:00
390,1765926720.77278,2025-12-16T23:12:00.772786+00:00
391,1765926720.792298,2025-12-16T23:12:00.792307+00:00
392,1765926720.813893,2025-12-16T23:12:00.813899+00:00
393,1765926720.833909,2025-12-16T23:12:00.833924+00:00
394,1765926720.8636642,2025-12-16T23:12:00.863668+00:00
395,1765926720.886176,2025-12-16T23:12:00.886181+00:00
396,1765926720.910711,2025-12-16T23:12:00.910718+00:00
397,1765926720.933195,2025-12-16T23:12:00.933202+00:00
398,1765926720.9653509,2025-12-16T23:12:00.965356+00:00
399,1765926720.986445,2025-12-16T23:12:00.986449+00:00
400,1765926721.0073369,2025-12-16T23:12:01.007357+00:00
401,1765926721.0274482,2025-12-16T23:12:01.027455+00:00
402,1765926721.045263,2025-12-16T23:12:01.045269+00:00
403,1765926721.063074,2025-12-16T23:12:01.063079+00:00
404,1765926721.081043,2025-12-16T23:12:01.081049+00:00
405,1765926721.101951,2025-12-16T23:12:01.101956+00:00
406,1765926721.1221051,2025-12-16T23:12:01.122112+00:00
407,1765926721.142022,2025-12-16T23:12:01.142027+00:00
408,1765926721.162946,2025-12-16T23:12:01.162956+00:00
409,1765926721.183876,2025-12-16T23:12:01.183881+00:00
410,1765926721.20172,2025-12-16T23:12:01.201722+00:00
411,1765926721.2205539,2025-12-16T23:12:01.220558+00:00
412,1765926721.2414432,2025-12-16T23:12:01.241449+00:00
413,1765926721.260931,2025-12-16T23:12:01.260935+00:00
414,1765926721.281812,2025-12-16T23:12:01.281816+00:00
415,1765926721.298657,2025-12-16T23:12:01.298659+00:00
416,1765926721.319534,2025-12-16T23:12:01.319538+00:00
417,1765926721.3404522,2025-12-16T23:12:01.340456+00:00
418,1765926721.3590689,2025-12-16T23:12:01.359070+00:00
419,1765926721.375913,2025-12-16T23:12:01.375914+00:00
420,1765926721.394801,2025-12-16T23:12:01.394810+00:00
421,1765926721.41364,2025-12-16T23:12:01.413646+00:00
422,1765926721.433334,2025-12-16T23:12:01.433337+00:00
423,1765926721.450824,2025-12-16T23:12:01.450826+00:00
424,1765926721.4716978,2025-12-16T23:12:01.471700+00:00
425,1765926721.492544,2025-12-16T23:12:01.492545+00:00
426,1765926721.509258,2025-12-16T23:12:01.509259+00:00
427,1765926721.5314949,2025-12-16T23:12:01.531986+00:00
428,1765926721.552344,2025-12-16T23:12:01.552348+00:00
429,1765926721.570146,2025-12-16T23:12:01.570149+00:00
430,1765926721.5869598,2025-12-16T23:12:01.586967+00:00
431,1765926721.605268,2025-12-16T23:12:01.605280+00:00
432,1765926721.6241548,2025-12-16T23:12:01.624160+00:00
433,1765926721.6450691,2025-12-16T23:12:01.645072+00:00
434,1765926721.664215,2025-12-16T23:12:01.664229+00:00
435,1765926721.683479,2025-12-16T23:12:01.683482+00:00
436,1765926721.700887,2025-12-16T23:12:01.700888+00:00
437,1765926721.7188811,2025-12-16T23:12:01.718883+00:00
438,1765926721.7379022,2025-12-16T23:12:01.737907+00:00
439,1765926721.758823,2025-12-16T23:12:01.758827+00:00
440,1765926721.778066,2025-12-16T23:12:01.778070+00:00
441,1765926721.79663,2025-12-16T23:12:01.796634+00:00
442,1765926721.817109,2025-12-16T23:12:01.817113+00:00
443,1765926721.835608,2025-12-16T23:12:01.835611+00:00
444,1765926721.856477,2025-12-16T23:12:01.856478+00:00
445,1765926721.875849,2025-12-16T23:12:01.875921+00:00
446,1765926721.896863,2025-12-16T23:12:01.896871+00:00
447,1765926721.9177759,2025-12-16T23:12:01.917780+00:00
448,1765926721.9360158,2025-12-16T23:12:01.936019+00:00
449,1765926721.955945,2025-12-16T23:12:01.955950+00:00
450,1765926721.976844,2025-12-16T23:12:01.976846+00:00
451,1765926721.997729,2025-12-16T23:12:01.997732+00:00
452,1765926722.0151381,2025-12-16T23:12:02.015139+00:00
453,1765926722.0327501,2025-12-16T23:12:02.032753+00:00
454,1765926722.050751,2025-12-16T23:12:02.050765+00:00
455,1765926722.0675452,2025-12-16T23:12:02.067548+00:00
456,1765926722.088421,2025-12-16T23:12:02.088424+00:00
457,1765926722.107489,2025-12-16T23:12:02.107492+00:00
458,1765926722.1283789,2025-12-16T23:12:02.128381+00:00
459,1765926722.149159,2025-12-16T23:12:02.149160+00:00
460,1765926722.1677198,2025-12-16T23:12:02.167721+00:00
461,1765926722.185448,2025-12-16T23:12:02.185451+00:00
462,1765926722.2037601,2025-12-16T23:12:02.203762+00:00
463,1765926722.222007,2025-12-16T23:12:02.222011+00:00
464,1765926722.2428958,2025-12-16T23:12:02.242898+00:00
465,1765926722.2637792,2025-12-16T23:12:02.263784+00:00
466,1765926722.2814279,2025-12-16T23:12:02.281437+00:00
467,1765926722.302331,2025-12-16T23:12:02.302332+00:00
468,1765926722.3231812,2025-12-16T23:12:02.323182+00:00
469,1765926722.340141,2025-12-16T23:12:02.340144+00:00
470,1765926722.361056,2025-12-16T23:12:02.361060+00:00
471,1765926722.378287,2025-12-16T23:12:02.378288+00:00
472,1765926722.399144,2025-12-16T23:12:02.399147+00:00
473,1765926722.418348,2025-12-16T23:12:02.418352+00:00
474,1765926722.4393148,2025-12-16T23:12:02.439320+00:00
475,1765926722.456811,2025-12-16T23:12:02.456815+00:00
476,1765926722.4744508,2025-12-16T23:12:02.474453+00:00
477,1765926722.4925451,2025-12-16T23:12:02.492546+00:00
478,1765926722.509324,2025-12-16T23:12:02.509325+00:00
479,1765926722.531198,2025-12-16T23:12:02.531206+00:00
480,1765926722.548447,2025-12-16T23:12:02.549842+00:00
481,1765926722.5682402,2025-12-16T23:12:02.568245+00:00
482,1765926722.5891252,2025-12-16T23:12:02.589128+00:00
483,1765926722.607789,2025-12-16T23:12:02.607797+00:00
484,1765926722.625867,2025-12-16T23:12:02.625872+00:00
485,1765926722.6461298,2025-12-16T23:12:02.646133+00:00
486,1765926722.666375,2025-12-16T23:12:02.666377+00:00
487,1765926722.6842,2025-12-16T23:12:02.684203+00:00
488,1765926722.7051141,2025-12-16T23:12:02.705121+00:00
489,1765926722.7256489,2025-12-16T23:12:02.725661+00:00
490,1765926722.746512,2025-12-16T23:12:02.746513+00:00
491,1765926722.767193,2025-12-16T23:12:02.767193+00:00
492,1765926722.78748,2025-12-16T23:12:02.787481+00:00
493,1765926722.8082922,2025-12-16T23:12:02.808293+00:00
494,1765926722.827646,2025-12-16T23:12:02.827648+00:00
495,1765926722.847693,2025-12-16T23:12:02.847696+00:00
496,1765926722.8675468,2025-12-16T23:12:02.867548+00:00
497,1765926722.8883998,2025-12-16T23:12:02.888403+00:00
498,1765926722.9092128,2025-12-16T23:12:02.909221+00:00
499,1765926722.928784,2025-12-16T23:12:02.928790+00:00
500,1765926722.9463758,2025-12-16T23:12:02.946381+00:00
501,1765926722.967273,2025-12-16T23:12:02.967276+00:00
502,1765926722.987087,2025-12-16T23:12:02.987090+00:00
503,1765926723.005758,2025-12-16T23:12:03.005761+00:00
504,1765926723.023781,2025-12-16T23:12:03.023783+00:00
505,1765926723.042529,2025-12-16T23:12:03.042534+00:00
506,1765926723.0592918,2025-12-16T23:12:03.059297+00:00
507,1765926723.076886,2025-12-16T23:12:03.076897+00:00
508,1765926723.09521,2025-12-16T23:12:03.095213+00:00
509,1765926723.116092,2025-12-16T23:12:03.116097+00:00
510,1765926723.135956,2025-12-16T23:12:03.135961+00:00
511,1765926723.1538439,2025-12-16T23:12:03.153850+00:00
512,1765926723.173225,2025-12-16T23:12:03.173229+00:00
513,1765926723.1909251,2025-12-16T23:12:03.190928+00:00
514,1765926723.208632,2025-12-16T23:12:03.208635+00:00
515,1765926723.2298172,2025-12-16T23:12:03.229821+00:00
516,1765926723.247562,2025-12-16T23:12:03.247567+00:00
517,1765926723.2678452,2025-12-16T23:12:03.267847+00:00
518,1765926723.288712,2025-12-16T23:12:03.288715+00:00
519,1765926723.3092082,2025-12-16T23:12:03.309229+00:00
520,1765926723.330123,2025-12-16T23:12:03.330127+00:00
521,1765926723.3508532,2025-12-16T23:12:03.350855+00:00
522,1765926723.3717551,2025-12-16T23:12:03.371758+00:00
523,1765926723.389004,2025-12-16T23:12:03.389007+00:00
524,1765926723.408651,2025-12-16T23:12:03.408656+00:00
525,1765926723.426883,2025-12-16T23:12:03.426908+00:00
526,1765926723.4458659,2025-12-16T23:12:03.445869+00:00
527,1765926723.465363,2025-12-16T23:12:03.465367+00:00
528,1765926723.4842181,2025-12-16T23:12:03.484221+00:00
529,1765926723.50099,2025-12-16T23:12:03.500992+00:00
530,1765926723.5218508,2025-12-16T23:12:03.521854+00:00
531,1765926723.5405529,2025-12-16T23:12:03.540557+00:00
532,1765926723.55739,2025-12-16T23:12:03.557391+00:00
533,1765926723.5745761,2025-12-16T23:12:03.574579+00:00
534,1765926723.5926871,2025-12-16T23:12:03.592687+00:00
535,1765926723.613547,2025-12-16T23:12:03.613550+00:00
536,1765926723.634447,2025-12-16T23:12:03.634452+00:00
537,1765926723.6541471,2025-12-16T23:12:03.654163+00:00
538,1765926723.6733,2025-12-16T23:12:03.673304+00:00
539,1765926723.690426,2025-12-16T23:12:03.690429+00:00
540,1765926723.711326,2025-12-16T23:12:03.711334+00:00
541,1765926723.729915,2025-12-16T23:12:03.729920+00:00
542,1765926723.748246,2025-12-16T23:12:03.748253+00:00
543,1765926723.7691572,2025-12-16T23:12:03.769165+00:00
544,1765926723.790069,2025-12-16T23:12:03.790070+00:00
545,1765926723.8109288,2025-12-16T23:12:03.810932+00:00
546,1765926723.829557,2025-12-16T23:12:03.829564+00:00
547,1765926723.850357,2025-12-16T23:12:03.850362+00:00
548,1765926723.869879,2025-12-16T23:12:03.869886+00:00
549,1765926723.8908212,2025-12-16T23:12:03.890823+00:00
550,1765926723.908409,2025-12-16T23:12:03.908414+00:00
551,1765926723.929313,2025-12-16T23:12:03.929318+00:00
552,1765926723.946353,2025-12-16T23:12:03.946359+00:00
553,1765926723.965649,2025-12-16T23:12:03.965652+00:00
554,1765926723.983526,2025-12-16T23:12:03.983527+00:00
555,1765926724.000951,2025-12-16T23:12:04.000951+00:00
556,1765926724.021801,2025-12-16T23:12:04.021802+00:00
557,1765926724.03867,2025-12-16T23:12:04.038674+00:00
558,1765926724.059199,2025-12-16T23:12:04.059205+00:00
559,1765926724.080116,2025-12-16T23:12:04.080121+00:00
560,1765926724.1010182,2025-12-16T23:12:04.101021+00:00
561,1765926724.1219049,2025-12-16T23:12:04.121908+00:00
562,1765926724.142794,2025-12-16T23:12:04.142817+00:00
563,1765926724.161456,2025-12-16T23:12:04.161460+00:00
564,1765926724.182336,2025-12-16T23:12:04.182338+00:00
565,1765926724.200147,2025-12-16T23:12:04.200150+00:00
566,1765926724.217858,2025-12-16T23:12:04.217859+00:00
567,1765926724.236216,2025-12-16T23:12:04.236218+00:00
568,1765926724.25416,2025-12-16T23:12:04.254164+00:00
569,1765926724.2749388,2025-12-16T23:12:04.274942+00:00
570,1765926724.292493,2025-12-16T23:12:04.292496+00:00
571,1765926724.313382,2025-12-16T23:12:04.313383+00:00
572,1765926724.3342452,2025-12-16T23:12:04.334247+00:00
573,1765926724.355119,2025-12-16T23:12:04.355120+00:00
574,1765926724.371958,2025-12-16T23:12:04.371961+00:00
575,1765926724.392533,2025-12-16T23:12:04.392535+00:00
576,1765926724.41341,2025-12-16T23:12:04.413413+00:00
577,1765926724.434231,2025-12-16T23:12:04.434235+00:00
578,1765926724.454804,2025-12-16T23:12:04.454805+00:00
579,1765926724.475664,2025-12-16T23:12:04.475667+00:00
580,1765926724.4925828,2025-12-16T23:12:04.492588+00:00
581,1765926724.510009,2025-12-16T23:12:04.510011+00:00
582,1765926724.5273962,2025-12-16T23:12:04.527399+00:00
583,1765926724.548286,2025-12-16T23:12:04.548287+00:00
584,1765926724.5676281,2025-12-16T23:12:04.567639+00:00
585,1765926724.5884988,2025-12-16T23:12:04.588500+00:00
586,1765926724.609335,2025-12-16T23:12:04.609336+00:00
587,1765926724.630181,2025-12-16T23:12:04.630182+00:00
588,1765926724.651158,2025-12-16T23:12:04.651159+00:00
589,1765926724.669385,2025-12-16T23:12:04.669387+00:00
590,1765926724.690281,2025-12-16T23:12:04.690285+00:00
591,1765926724.7088928,2025-12-16T23:12:04.708894+00:00
592,1765926724.729783,2025-12-16T23:12:04.729813+00:00
593,1765926724.7506628,2025-12-16T23:12:04.750664+00:00
594,1765926724.7715142,2025-12-16T23:12:04.771515+00:00
595,1765926724.788362,2025-12-16T23:12:04.788365+00:00
596,1765926724.809199,2025-12-16T23:12:04.809202+00:00
597,1765926724.830337,2025-12-16T23:12:04.830344+00:00
598,1765926724.851234,2025-12-16T23:12:04.851239+00:00
599,1765926724.871615,2025-12-16T23:12:04.871619+00:00
600,1765926724.891331,2025-12-16T23:12:04.891336+00:00
601,1765926724.910196,2025-12-16T23:12:04.910202+00:00
602,1765926724.929195,2025-12-16T23:12:04.929198+00:00
603,1765926724.950071,2025-12-16T23:12:04.950075+00:00
604,1765926724.96765,2025-12-16T23:12:04.967653+00:00
605,1765926724.988553,2025-12-16T23:12:04.988554+00:00
606,1765926725.009376,2025-12-16T23:12:05.009378+00:00
607,1765926725.0302699,2025-12-16T23:12:05.030274+00:00
608,1765926725.048376,2025-12-16T23:12:05.048385+00:00
609,1765926725.065877,2025-12-16T23:12:05.065883+00:00
610,1765926725.086785,2025-12-16T23:12:05.086786+00:00
611,1765926725.107643,2025-12-16T23:12:05.107644+00:00
612,1765926725.125844,2025-12-16T23:12:05.125845+00:00
613,1765926725.142546,2025-12-16T23:12:05.142550+00:00
614,1765926725.163441,2025-12-16T23:12:05.163444+00:00
615,1765926725.182932,2025-12-16T23:12:05.182936+00:00
616,1765926725.200865,2025-12-16T23:12:05.200866+00:00
617,1765926725.220872,2025-12-16T23:12:05.220877+00:00
618,1765926725.239278,2025-12-16T23:12:05.239284+00:00
619,1765926725.259171,2025-12-16T23:12:05.259174+00:00
620,1765926725.2800589,2025-12-16T23:12:05.280063+00:00
621,1765926725.3004212,2025-12-16T23:12:05.300424+00:00
622,1765926725.3212612,2025-12-16T23:12:05.321267+00:00
623,1765926725.34016,2025-12-16T23:12:05.340166+00:00
624,1765926725.3610308,2025-12-16T23:12:05.361033+00:00
625,1765926725.381887,2025-12-16T23:12:05.381888+00:00
626,1765926725.400949,2025-12-16T23:12:05.400973+00:00
627,1765926725.421619,2025-12-16T23:12:05.421626+00:00
628,1765926725.442535,2025-12-16T23:12:05.442537+00:00
629,1765926725.459557,2025-12-16T23:12:05.459559+00:00
630,1765926725.477986,2025-12-16T23:12:05.477989+00:00
631,1765926725.498862,2025-12-16T23:12:05.498867+00:00
632,1765926725.519766,2025-12-16T23:12:05.519770+00:00
633,1765926725.53836,2025-12-16T23:12:05.538364+00:00
634,1765926725.559256,2025-12-16T23:12:05.559261+00:00
635,1765926725.580147,2025-12-16T23:12:05.580152+00:00
636,1765926725.6009972,2025-12-16T23:12:05.601005+00:00
637,1765926725.621987,2025-12-16T23:12:05.621988+00:00
638,1765926725.642594,2025-12-16T23:12:05.642606+00:00
639,1765926725.6605382,2025-12-16T23:12:05.660554+00:00
640,1765926725.681417,2025-12-16T23:12:05.681422+00:00
641,1765926725.701634,2025-12-16T23:12:05.701636+00:00
642,1765926725.722502,2025-12-16T23:12:05.722506+00:00
643,1765926725.742084,2025-12-16T23:12:05.742089+00:00
644,1765926725.763049,2025-12-16T23:12:05.763051+00:00
645,1765926725.780977,2025-12-16T23:12:05.780980+00:00
646,1765926725.7984169,2025-12-16T23:12:05.798422+00:00
647,1765926725.8173518,2025-12-16T23:12:05.817360+00:00
648,1765926725.8347058,2025-12-16T23:12:05.834711+00:00
649,1765926725.855392,2025-12-16T23:12:05.855396+00:00
650,1765926725.87627,2025-12-16T23:12:05.876272+00:00
651,1765926725.897162,2025-12-16T23:12:05.897164+00:00
652,1765926725.917585,2025-12-16T23:12:05.917603+00:00
653,1765926725.937629,2025-12-16T23:12:05.937636+00:00
654,1765926725.95651,2025-12-16T23:12:05.956511+00:00
655,1765926725.977411,2025-12-16T23:12:05.977416+00:00
656,1765926725.995519,2025-12-16T23:12:05.995535+00:00
657,1765926726.016843,2025-12-16T23:12:06.016968+00:00
658,1765926726.039249,2025-12-16T23:12:06.039254+00:00
659,1765926726.0591848,2025-12-16T23:12:06.059196+00:00
660,1765926726.0759869,2025-12-16T23:12:06.076008+00:00
661,1765926726.094273,2025-12-16T23:12:06.094274+00:00
662,1765926726.1120708,2025-12-16T23:12:06.112076+00:00
663,1765926726.132989,2025-12-16T23:12:06.132990+00:00
664,1765926726.150012,2025-12-16T23:12:06.150013+00:00
665,1765926726.167539,2025-12-16T23:12:06.167541+00:00
666,1765926726.187513,2025-12-16T23:12:06.187519+00:00
667,1765926726.208389,2025-12-16T23:12:06.208390+00:00
668,1765926726.229244,2025-12-16T23:12:06.229245+00:00
669,1765926726.2485602,2025-12-16T23:12:06.248561+00:00
670,1765926726.265325,2025-12-16T23:12:06.265328+00:00
671,1765926726.2837272,2025-12-16T23:12:06.283729+00:00
672,1765926726.302028,2025-12-16T23:12:06.302041+00:00
673,1765926726.321455,2025-12-16T23:12:06.321456+00:00
674,1765926726.339801,2025-12-16T23:12:06.339802+00:00
675,1765926726.3591738,2025-12-16T23:12:06.359175+00:00
676,1765926726.380041,2025-12-16T23:12:06.380046+00:00
677,1765926726.4042099,2025-12-16T23:12:06.404217+00:00
678,1765926726.424204,2025-12-16T23:12:06.424207+00:00
679,1765926726.441322,2025-12-16T23:12:06.441326+00:00
680,1765926726.461668,2025-12-16T23:12:06.461673+00:00
681,1765926726.478747,2025-12-16T23:12:06.478750+00:00
682,1765926726.4996202,2025-12-16T23:12:06.499621+00:00
683,1765926726.517524,2025-12-16T23:12:06.517529+00:00
684,1765926726.537185,2025-12-16T23:12:06.537189+00:00
685,1765926726.554757,2025-12-16T23:12:06.554762+00:00
686,1765926726.575648,2025-12-16T23:12:06.575653+00:00
687,1765926726.596525,2025-12-16T23:12:06.596529+00:00
688,1765926726.614808,2025-12-16T23:12:06.614812+00:00
689,1765926726.6332679,2025-12-16T23:12:06.633269+00:00
690,1765926726.6536589,2025-12-16T23:12:06.653660+00:00
691,1765926726.6745112,2025-12-16T23:12:06.674512+00:00
692,1765926726.69537,2025-12-16T23:12:06.695372+00:00
693,1765926726.716254,2025-12-16T23:12:06.716258+00:00
694,1765926726.737155,2025-12-16T23:12:06.737159+00:00
695,1765926726.758091,2025-12-16T23:12:06.758096+00:00
696,1765926726.779003,2025-12-16T23:12:06.779006+00:00
697,1765926726.7964742,2025-12-16T23:12:06.796478+00:00
698,1765926726.815213,2025-12-16T23:12:06.815217+00:00
699,1765926726.83311,2025-12-16T23:12:06.833113+00:00
700,1765926726.850832,2025-12-16T23:12:06.850843+00:00
701,1765926726.870191,2025-12-16T23:12:06.870194+00:00
702,1765926726.888493,2025-12-16T23:12:06.888496+00:00
703,1765926726.909395,2025-12-16T23:12:06.909397+00:00
704,1765926726.9302762,2025-12-16T23:12:06.930284+00:00
705,1765926726.948511,2025-12-16T23:12:06.948514+00:00
706,1765926726.969386,2025-12-16T23:12:06.969389+00:00
707,1765926726.99027,2025-12-16T23:12:06.990273+00:00
708,1765926727.013925,2025-12-16T23:12:07.013930+00:00
709,1765926727.034325,2025-12-16T23:12:07.034329+00:00
710,1765926727.0565708,2025-12-16T23:12:07.056576+00:00
711,1765926727.0740821,2025-12-16T23:12:07.074087+00:00
712,1765926727.094754,2025-12-16T23:12:07.094759+00:00
713,1765926727.112788,2025-12-16T23:12:07.112792+00:00
714,1765926727.1336792,2025-12-16T23:12:07.133681+00:00
715,1765926727.151402,2025-12-16T23:12:07.151405+00:00
716,1765926727.16907,2025-12-16T23:12:07.169073+00:00
717,1765926727.187218,2025-12-16T23:12:07.187219+00:00
718,1765926727.2064059,2025-12-16T23:12:07.206407+00:00
719,1765926727.226091,2025-12-16T23:12:07.226095+00:00
720,1765926727.246091,2025-12-16T23:12:07.246095+00:00
721,1765926727.266977,2025-12-16T23:12:07.266981+00:00
722,1765926727.287891,2025-12-16T23:12:07.287895+00:00
723,1765926727.307544,2025-12-16T23:12:07.307550+00:00
724,1765926727.325799,2025-12-16T23:12:07.325802+00:00
725,1765926727.346315,2025-12-16T23:12:07.346317+00:00
726,1765926727.364696,2025-12-16T23:12:07.364697+00:00
727,1765926727.38556,2025-12-16T23:12:07.385562+00:00
728,1765926727.403924,2025-12-16T23:12:07.403927+00:00
729,1765926727.4236119,2025-12-16T23:12:07.423614+00:00
730,1765926727.44384,2025-12-16T23:12:07.443845+00:00
731,1765926727.464714,2025-12-16T23:12:07.464717+00:00
732,1765926727.485282,2025-12-16T23:12:07.485285+00:00
733,1765926727.506155,2025-12-16T23:12:07.506160+00:00
734,1765926727.526689,2025-12-16T23:12:07.526696+00:00
735,1765926727.544276,2025-12-16T23:12:07.544281+00:00
736,1765926727.5637581,2025-12-16T23:12:07.563762+00:00
737,1765926727.584249,2025-12-16T23:12:07.584252+00:00
738,1765926727.6051168,2025-12-16T23:12:07.605118+00:00
739,1765926727.6259708,2025-12-16T23:12:07.625975+00:00
740,1765926727.646836,2025-12-16T23:12:07.646838+00:00
741,1765926727.6675541,2025-12-16T23:12:07.667558+00:00
742,1765926727.6885152,2025-12-16T23:12:07.688519+00:00
743,1765926727.709396,2025-12-16T23:12:07.709398+00:00
744,1765926727.730266,2025-12-16T23:12:07.730268+00:00
745,1765926727.751137,2025-12-16T23:12:07.751138+00:00
746,1765926727.771998,2025-12-16T23:12:07.772000+00:00
747,1765926727.792573,2025-12-16T23:12:07.792573+00:00
748,1765926727.811115,2025-12-16T23:12:07.811116+00:00
749,1765926727.831979,2025-12-16T23:12:07.831981+00:00
750,1765926727.852847,2025-12-16T23:12:07.852850+00:00
751,1765926727.873751,2025-12-16T23:12:07.873757+00:00
752,1765926727.891823,2025-12-16T23:12:07.891824+00:00
753,1765926727.908639,2025-12-16T23:12:07.908641+00:00
754,1765926727.927073,2025-12-16T23:12:07.927077+00:00
755,1765926727.948003,2025-12-16T23:12:07.948010+00:00
756,1765926727.967627,2025-12-16T23:12:07.967635+00:00
757,1765926727.987626,2025-12-16T23:12:07.987628+00:00
758,1765926728.008506,2025-12-16T23:12:08.008509+00:00
759,1765926728.025965,2025-12-16T23:12:08.025968+00:00
760,1765926728.0455449,2025-12-16T23:12:08.045548+00:00
761,1765926728.063669,2025-12-16T23:12:08.063674+00:00
762,1765926728.0843048,2025-12-16T23:12:08.084309+00:00
763,1765926728.102705,2025-12-16T23:12:08.102718+00:00
764,1765926728.121907,2025-12-16T23:12:08.121910+00:00
765,1765926728.1388009,2025-12-16T23:12:08.138803+00:00
766,1765926728.159188,2025-12-16T23:12:08.159188+00:00
767,1765926728.176157,2025-12-16T23:12:08.176158+00:00
768,1765926728.197013,2025-12-16T23:12:08.197013+00:00
769,1765926728.2178571,2025-12-16T23:12:08.217858+00:00
770,1765926728.238715,2025-12-16T23:12:08.238718+00:00
771,1765926728.258757,2025-12-16T23:12:08.258760+00:00
772,1765926728.276191,2025-12-16T23:12:08.276197+00:00
773,1765926728.299094,2025-12-16T23:12:08.299099+00:00
774,1765926728.3161721,2025-12-16T23:12:08.316176+00:00
775,1765926728.337049,2025-12-16T23:12:08.337052+00:00
776,1765926728.357928,2025-12-16T23:12:08.357930+00:00
777,1765926728.3758981,2025-12-16T23:12:08.375904+00:00
778,1765926728.3968189,2025-12-16T23:12:08.396823+00:00
779,1765926728.417495,2025-12-16T23:12:08.417497+00:00
780,1765926728.434292,2025-12-16T23:12:08.434297+00:00
781,1765926728.454315,2025-12-16T23:12:08.454317+00:00
782,1765926728.471444,2025-12-16T23:12:08.471450+00:00
783,1765926728.490797,2025-12-16T23:12:08.490807+00:00
784,1765926728.513279,2025-12-16T23:12:08.513281+00:00
785,1765926728.53329,2025-12-16T23:12:08.533294+00:00
786,1765926728.550279,2025-12-16T23:12:08.550291+00:00
787,1765926728.5712152,2025-12-16T23:12:08.571218+00:00
788,1765926728.592107,2025-12-16T23:12:08.592113+00:00
789,1765926728.610476,2025-12-16T23:12:08.610479+00:00
790,1765926728.631382,2025-12-16T23:12:08.631390+00:00
791,1765926728.648681,2025-12-16T23:12:08.648684+00:00
792,1765926728.666395,2025-12-16T23:12:08.666399+00:00
793,1765926728.687278,2025-12-16T23:12:08.687279+00:00
794,1765926728.706759,2025-12-16T23:12:08.706761+00:00
795,1765926728.725114,2025-12-16T23:12:08.725115+00:00
796,1765926728.742625,2025-12-16T23:12:08.742626+00:00
797,1765926728.760797,2025-12-16T23:12:08.760799+00:00
798,1765926728.777643,2025-12-16T23:12:08.777643+00:00
799,1765926728.7971241,2025-12-16T23:12:08.797124+00:00
800,1765926728.814983,2025-12-16T23:12:08.814987+00:00
801,1765926728.834213,2025-12-16T23:12:08.834216+00:00
802,1765926728.854677,2025-12-16T23:12:08.854680+00:00
803,1765926728.875576,2025-12-16T23:12:08.875580+00:00
804,1765926728.894026,2025-12-16T23:12:08.894028+00:00
805,1765926728.914912,2025-12-16T23:12:08.914915+00:00
806,1765926728.933502,2025-12-16T23:12:08.933521+00:00
807,1765926728.954421,2025-12-16T23:12:08.954426+00:00
808,1765926728.9753249,2025-12-16T23:12:08.975328+00:00
809,1765926728.9957461,2025-12-16T23:12:08.995748+00:00
810,1765926729.016611,2025-12-16T23:12:09.016613+00:00
811,1765926729.0375092,2025-12-16T23:12:09.037512+00:00
812,1765926729.058388,2025-12-16T23:12:09.058389+00:00
813,1765926729.07587,2025-12-16T23:12:09.075871+00:00
814,1765926729.0926158,2025-12-16T23:12:09.092618+00:00
815,1765926729.1104698,2025-12-16T23:12:09.110474+00:00
816,1765926729.1299222,2025-12-16T23:12:09.129926+00:00
817,1765926729.1492548,2025-12-16T23:12:09.149259+00:00
818,1765926729.1701388,2025-12-16T23:12:09.170141+00:00
819,1765926729.191009,2025-12-16T23:12:09.191011+00:00
820,1765926729.209206,2025-12-16T23:12:09.209209+00:00
821,1765926729.2278569,2025-12-16T23:12:09.227861+00:00
822,1765926729.2463129,2025-12-16T23:12:09.246317+00:00
823,1765926729.263959,2025-12-16T23:12:09.263964+00:00
824,1765926729.2841868,2025-12-16T23:12:09.284192+00:00
825,1765926729.303643,2025-12-16T23:12:09.303646+00:00
826,1765926729.32397,2025-12-16T23:12:09.323973+00:00
827,1765926729.342208,2025-12-16T23:12:09.342215+00:00
828,1765926729.363133,2025-12-16T23:12:09.363138+00:00
829,1765926729.384035,2025-12-16T23:12:09.384038+00:00
830,1765926729.4035761,2025-12-16T23:12:09.403581+00:00
831,1765926729.423028,2025-12-16T23:12:09.423032+00:00
832,1765926729.443906,2025-12-16T23:12:09.443910+00:00
833,1765926729.464791,2025-12-16T23:12:09.464795+00:00
834,1765926729.4842188,2025-12-16T23:12:09.484222+00:00
835,1765926729.5050828,2025-12-16T23:12:09.505084+00:00
836,1765926729.5259311,2025-12-16T23:12:09.525936+00:00
837,1765926729.545177,2025-12-16T23:12:09.545181+00:00
838,1765926729.566068,2025-12-16T23:12:09.566071+00:00
839,1765926729.5843241,2025-12-16T23:12:09.584338+00:00
840,1765926729.6052349,2025-12-16T23:12:09.605240+00:00
841,1765926729.626116,2025-12-16T23:12:09.626120+00:00
842,1765926729.6440718,2025-12-16T23:12:09.644081+00:00
843,1765926729.662391,2025-12-16T23:12:09.662395+00:00
844,1765926729.6833322,2025-12-16T23:12:09.683339+00:00
845,1765926729.7036061,2025-12-16T23:12:09.703610+00:00
846,1765926729.721765,2025-12-16T23:12:09.721769+00:00
847,1765926729.742676,2025-12-16T23:12:09.742680+00:00
848,1765926729.7635598,2025-12-16T23:12:09.763562+00:00
849,1765926729.784368,2025-12-16T23:12:09.784370+00:00
850,1765926729.8019588,2025-12-16T23:12:09.801962+00:00
851,1765926729.822856,2025-12-16T23:12:09.822859+00:00
852,1765926729.8437288,2025-12-16T23:12:09.843730+00:00
853,1765926729.8640509,2025-12-16T23:12:09.864053+00:00
854,1765926729.884276,2025-12-16T23:12:09.884277+00:00
855,1765926729.902147,2025-12-16T23:12:09.902148+00:00
856,1765926729.921692,2025-12-16T23:12:09.921694+00:00
857,1765926729.942409,2025-12-16T23:12:09.942413+00:00
858,1765926729.963288,2025-12-16T23:12:09.963291+00:00
859,1765926729.983691,2025-12-16T23:12:09.983693+00:00
860,1765926730.004556,2025-12-16T23:12:10.004556+00:00
861,1765926730.0220559,2025-12-16T23:12:10.022056+00:00
862,1765926730.042631,2025-12-16T23:12:10.042632+00:00
863,1765926730.060092,2025-12-16T23:12:10.060095+00:00
864,1765926730.079714,2025-12-16T23:12:10.079719+00:00
865,1765926730.100543,2025-12-16T23:12:10.100552+00:00
866,1765926730.1198678,2025-12-16T23:12:10.119872+00:00
867,1765926730.14077,2025-12-16T23:12:10.140776+00:00
868,1765926730.15923,2025-12-16T23:12:10.159231+00:00
869,1765926730.1802409,2025-12-16T23:12:10.180243+00:00
870,1765926730.200585,2025-12-16T23:12:10.200587+00:00
871,1765926730.217613,2025-12-16T23:12:10.217614+00:00
872,1765926730.238552,2025-12-16T23:12:10.238563+00:00
873,1765926730.257764,2025-12-16T23:12:10.257766+00:00
874,1765926730.275865,2025-12-16T23:12:10.275868+00:00
875,1765926730.296735,2025-12-16T23:12:10.296736+00:00
876,1765926730.317564,2025-12-16T23:12:10.317565+00:00
877,1765926730.338422,2025-12-16T23:12:10.338425+00:00
878,1765926730.360057,2025-12-16T23:12:10.360065+00:00
879,1765926730.379058,2025-12-16T23:12:10.379061+00:00
880,1765926730.3976152,2025-12-16T23:12:10.397618+00:00
881,1765926730.418046,2025-12-16T23:12:10.418048+00:00
882,1765926730.4365811,2025-12-16T23:12:10.436583+00:00
883,1765926730.456795,2025-12-16T23:12:10.456798+00:00
884,1765926730.47767,2025-12-16T23:12:10.477673+00:00
885,1765926730.4985442,2025-12-16T23:12:10.498547+00:00
886,1765926730.517076,2025-12-16T23:12:10.517080+00:00
887,1765926730.534317,2025-12-16T23:12:10.534322+00:00
888,1765926730.554394,2025-12-16T23:12:10.554398+00:00
889,1765926730.575268,2025-12-16T23:12:10.575272+00:00
890,1765926730.5961401,2025-12-16T23:12:10.596144+00:00
891,1765926730.6159801,2025-12-16T23:12:10.615985+00:00
892,1765926730.636878,2025-12-16T23:12:10.636879+00:00
893,1765926730.657772,2025-12-16T23:12:10.657775+00:00
894,1765926730.6771479,2025-12-16T23:12:10.677150+00:00
895,1765926730.698015,2025-12-16T23:12:10.698016+00:00
896,1765926730.717982,2025-12-16T23:12:10.717983+00:00
897,1765926730.7388349,2025-12-16T23:12:10.738836+00:00
898,1765926730.759299,2025-12-16T23:12:10.759302+00:00
899,1765926730.779534,2025-12-16T23:12:10.779537+00:00
900,1765926730.797055,2025-12-16T23:12:10.797077+00:00
901,1765926730.817826,2025-12-16T23:12:10.817835+00:00
902,1765926730.8387399,2025-12-16T23:12:10.838744+00:00
903,1765926730.8563,2025-12-16T23:12:10.856301+00:00
904,1765926730.875293,2025-12-16T23:12:10.875296+00:00
905,1765926730.894463,2025-12-16T23:12:10.894468+00:00
906,1765926730.915373,2025-12-16T23:12:10.915376+00:00
907,1765926730.933821,2025-12-16T23:12:10.933823+00:00
908,1765926730.954689,2025-12-16T23:12:10.954695+00:00
909,1765926730.975306,2025-12-16T23:12:10.975311+00:00
910,1765926730.9962182,2025-12-16T23:12:10.996220+00:00
911,1765926731.016799,2025-12-16T23:12:11.016800+00:00
912,1765926731.037674,2025-12-16T23:12:11.037678+00:00
913,1765926731.05477,2025-12-16T23:12:11.054772+00:00
914,1765926731.0756302,2025-12-16T23:12:11.075631+00:00
915,1765926731.095892,2025-12-16T23:12:11.095896+00:00
916,1765926731.116778,2025-12-16T23:12:11.116779+00:00
917,1765926731.1343,2025-12-16T23:12:11.134301+00:00
918,1765926731.155147,2025-12-16T23:12:11.155147+00:00
919,1765926731.1759932,2025-12-16T23:12:11.175993+00:00
920,1765926731.196842,2025-12-16T23:12:11.196843+00:00
921,1765926731.2176929,2025-12-16T23:12:11.217693+00:00
922,1765926731.238545,2025-12-16T23:12:11.238548+00:00
923,1765926731.255789,2025-12-16T23:12:11.255791+00:00
924,1765926731.275497,2025-12-16T23:12:11.275501+00:00
925,1765926731.2950568,2025-12-16T23:12:11.295061+00:00
926,1765926731.315957,2025-12-16T23:12:11.315960+00:00
927,1765926731.3342311,2025-12-16T23:12:11.334236+00:00
928,1765926731.3551219,2025-12-16T23:12:11.355123+00:00
929,1765926731.373893,2025-12-16T23:12:11.373898+00:00
930,1765926731.394808,2025-12-16T23:12:11.394809+00:00
931,1765926731.415669,2025-12-16T23:12:11.415673+00:00
932,1765926731.433604,2025-12-16T23:12:11.433607+00:00
933,1765926731.4517078,2025-12-16T23:12:11.451711+00:00
934,1765926731.4715772,2025-12-16T23:12:11.471580+00:00
935,1765926731.488459,2025-12-16T23:12:11.488461+00:00
936,1765926731.509325,2025-12-16T23:12:11.509328+00:00
937,1765926731.530209,2025-12-16T23:12:11.530214+00:00
938,1765926731.5500128,2025-12-16T23:12:11.550032+00:00
939,1765926731.5709178,2025-12-16T23:12:11.570922+00:00
940,1765926731.5907469,2025-12-16T23:12:11.590751+00:00
941,1765926731.609214,2025-12-16T23:12:11.609218+00:00
942,1765926731.629363,2025-12-16T23:12:11.629367+00:00
943,1765926731.650283,2025-12-16T23:12:11.650286+00:00
944,1765926731.671156,2025-12-16T23:12:11.671160+00:00
945,1765926731.6920252,2025-12-16T23:12:11.692029+00:00
946,1765926731.712903,2025-12-16T23:12:11.712914+00:00
947,1765926731.7332811,2025-12-16T23:12:11.733303+00:00
948,1765926731.751256,2025-12-16T23:12:11.751258+00:00
949,1765926731.771379,2025-12-16T23:12:11.771381+00:00
950,1765926731.7893171,2025-12-16T23:12:11.789318+00:00
951,1765926731.807371,2025-12-16T23:12:11.807374+00:00
952,1765926731.825637,2025-12-16T23:12:11.825639+00:00
953,1765926731.84287,2025-12-16T23:12:11.842872+00:00
954,1765926731.863737,2025-12-16T23:12:11.863739+00:00
955,1765926731.8842182,2025-12-16T23:12:11.884223+00:00
956,1765926731.90512,2025-12-16T23:12:11.905123+00:00
957,1765926731.924577,2025-12-16T23:12:11.924583+00:00
958,1765926731.941607,2025-12-16T23:12:11.941612+00:00
959,1765926731.962496,2025-12-16T23:12:11.962500+00:00
960,1765926731.983397,2025-12-16T23:12:11.983402+00:00
961,1765926732.0042949,2025-12-16T23:12:12.004304+00:00
962,1765926732.0241039,2025-12-16T23:12:12.024108+00:00
963,1765926732.043654,2025-12-16T23:12:12.043659+00:00
964,1765926732.064672,2025-12-16T23:12:12.064683+00:00
965,1765926732.08334,2025-12-16T23:12:12.083347+00:00
966,1765926732.1012878,2025-12-16T23:12:12.101293+00:00
967,1765926732.122209,2025-12-16T23:12:12.122215+00:00
968,1765926732.1426198,2025-12-16T23:12:12.142654+00:00
969,1765926732.163531,2025-12-16T23:12:12.163533+00:00
970,1765926732.181407,2025-12-16T23:12:12.181410+00:00
971,1765926732.202275,2025-12-16T23:12:12.202278+00:00
972,1765926732.2230248,2025-12-16T23:12:12.223030+00:00
973,1765926732.243039,2025-12-16T23:12:12.243042+00:00
974,1765926732.26278,2025-12-16T23:12:12.262783+00:00
975,1765926732.283699,2025-12-16T23:12:12.283704+00:00
976,1765926732.30237,2025-12-16T23:12:12.302374+00:00
977,1765926732.323244,2025-12-16T23:12:12.323246+00:00
978,1765926732.340231,2025-12-16T23:12:12.340234+00:00
979,1765926732.359253,2025-12-16T23:12:12.359256+00:00
980,1765926732.376544,2025-12-16T23:12:12.376547+00:00
981,1765926732.3950772,2025-12-16T23:12:12.395079+00:00
982,1765926732.4159439,2025-12-16T23:12:12.415949+00:00
983,1765926732.436838,2025-12-16T23:12:12.436841+00:00
984,1765926732.454632,2025-12-16T23:12:12.454637+00:00
985,1765926732.475511,2025-12-16T23:12:12.475515+00:00
986,1765926732.4963892,2025-12-16T23:12:12.496391+00:00
987,1765926732.5172749,2025-12-16T23:12:12.517278+00:00
988,1765926732.535842,2025-12-16T23:12:12.535847+00:00
989,1765926732.555231,2025-12-16T23:12:12.555244+00:00
990,1765926732.574938,2025-12-16T23:12:12.574942+00:00
991,1765926732.592549,2025-12-16T23:12:12.592555+00:00
992,1765926732.611757,2025-12-16T23:12:12.611761+00:00
993,1765926732.630537,2025-12-16T23:12:12.630540+00:00
994,1765926732.650871,2025-12-16T23:12:12.650875+00:00
995,1765926732.670327,2025-12-16T23:12:12.670329+00:00
996,1765926732.687168,2025-12-16T23:12:12.687173+00:00
997,1765926732.7120051,2025-12-16T23:12:12.712013+00:00
998,1765926732.738743,2025-12-16T23:12:12.738748+00:00
999,1765926732.759226,2025-12-16T23:12:12.759229+00:00
1000,1765926732.776891,2025-12-16T23:12:12.776894+00:00
1001,1765926732.7950609,2025-12-16T23:12:12.795065+00:00
1002,1765926732.813239,2025-12-16T23:12:12.813244+00:00
1003,1765926732.832955,2025-12-16T23:12:12.832960+00:00
1004,1765926732.852683,2025-12-16T23:12:12.852686+00:00
1005,1765926732.8702788,2025-12-16T23:12:12.870281+00:00
1006,1765926732.8874822,2025-12-16T23:12:12.887509+00:00
1007,1765926732.908872,2025-12-16T23:12:12.908875+00:00
1008,1765926732.928823,2025-12-16T23:12:12.928827+00:00
1009,1765926732.9486258,2025-12-16T23:12:12.948629+00:00
1010,1765926732.9676,2025-12-16T23:12:12.967609+00:00
1011,1765926732.988503,2025-12-16T23:12:12.988505+00:00
1012,1765926733.0093682,2025-12-16T23:12:13.009370+00:00
1013,1765926733.0302389,2025-12-16T23:12:13.030242+00:00
1014,1765926733.0488908,2025-12-16T23:12:13.048908+00:00
1015,1765926733.0694668,2025-12-16T23:12:13.069472+00:00
1016,1765926733.090397,2025-12-16T23:12:13.090405+00:00
1017,1765926733.1113129,2025-12-16T23:12:13.111316+00:00
1018,1765926733.1321988,2025-12-16T23:12:13.132204+00:00
1019,1765926733.152958,2025-12-16T23:12:13.152964+00:00
1020,1765926733.1732411,2025-12-16T23:12:13.173244+00:00
1021,1765926733.19254,2025-12-16T23:12:13.192544+00:00
1022,1765926733.212074,2025-12-16T23:12:13.212076+00:00
1023,1765926733.229429,2025-12-16T23:12:13.229434+00:00
1024,1765926733.24683,2025-12-16T23:12:13.246835+00:00
1025,1765926733.267553,2025-12-16T23:12:13.267557+00:00
1026,1765926733.2884521,2025-12-16T23:12:13.288456+00:00
1027,1765926733.307555,2025-12-16T23:12:13.307557+00:00
1028,1765926733.327179,2025-12-16T23:12:13.327183+00:00
1029,1765926733.3476229,2025-12-16T23:12:13.347629+00:00
1030,1765926733.366049,2025-12-16T23:12:13.366050+00:00
1031,1765926733.387093,2025-12-16T23:12:13.387096+00:00
1032,1765926733.407978,2025-12-16T23:12:13.407983+00:00
1033,1765926733.429065,2025-12-16T23:12:13.429070+00:00
1034,1765926733.449965,2025-12-16T23:12:13.449968+00:00
1035,1765926733.4699059,2025-12-16T23:12:13.469911+00:00
1036,1765926733.488371,2025-12-16T23:12:13.488374+00:00
1037,1765926733.507384,2025-12-16T23:12:13.507385+00:00
1038,1765926733.52597,2025-12-16T23:12:13.525976+00:00
1039,1765926733.546886,2025-12-16T23:12:13.546891+00:00
1040,1765926733.566707,2025-12-16T23:12:13.566712+00:00
1041,1765926733.584301,2025-12-16T23:12:13.584305+00:00
1042,1765926733.605185,2025-12-16T23:12:13.605188+00:00
1043,1765926733.626079,2025-12-16T23:12:13.626081+00:00
1044,1765926733.646976,2025-12-16T23:12:13.646982+00:00
1045,1765926733.664073,2025-12-16T23:12:13.664078+00:00
1046,1765926733.681768,2025-12-16T23:12:13.681774+00:00
1047,1765926733.6992488,2025-12-16T23:12:13.699253+00:00
1048,1765926733.720122,2025-12-16T23:12:13.720122+00:00
1049,1765926733.73742,2025-12-16T23:12:13.737423+00:00
1050,1765926733.754482,2025-12-16T23:12:13.754486+00:00
1051,1765926733.773006,2025-12-16T23:12:13.773008+00:00
1052,1765926733.793888,2025-12-16T23:12:13.793892+00:00
1053,1765926733.814784,2025-12-16T23:12:13.814793+00:00
1054,1765926733.832164,2025-12-16T23:12:13.832167+00:00
1055,1765926733.850816,2025-12-16T23:12:13.850825+00:00
1056,1765926733.870365,2025-12-16T23:12:13.870370+00:00
1057,1765926733.888094,2025-12-16T23:12:13.888097+00:00
1058,1765926733.908963,2025-12-16T23:12:13.908967+00:00
1059,1765926733.9298282,2025-12-16T23:12:13.929831+00:00
1060,1765926733.950742,2025-12-16T23:12:13.950748+00:00
1061,1765926733.967545,2025-12-16T23:12:13.967548+00:00
1062,1765926733.986777,2025-12-16T23:12:13.986782+00:00
1063,1765926734.0065029,2025-12-16T23:12:14.006508+00:00
1064,1765926734.027395,2025-12-16T23:12:14.027398+00:00
1065,1765926734.04537,2025-12-16T23:12:14.045374+00:00
1066,1765926734.062572,2025-12-16T23:12:14.062575+00:00
1067,1765926734.079828,2025-12-16T23:12:14.079832+00:00
1068,1765926734.0972219,2025-12-16T23:12:14.097227+00:00
1069,1765926734.1180182,2025-12-16T23:12:14.118023+00:00
1070,1765926734.136102,2025-12-16T23:12:14.136106+00:00
1071,1765926734.156995,2025-12-16T23:12:14.156998+00:00
1072,1765926734.1758988,2025-12-16T23:12:14.175902+00:00
1073,1765926734.1931462,2025-12-16T23:12:14.193149+00:00
1074,1765926734.2111151,2025-12-16T23:12:14.211120+00:00
1075,1765926734.231998,2025-12-16T23:12:14.232000+00:00
1076,1765926734.252873,2025-12-16T23:12:14.252876+00:00
1077,1765926734.270489,2025-12-16T23:12:14.270494+00:00
1078,1765926734.291368,2025-12-16T23:12:14.291370+00:00
1079,1765926734.308534,2025-12-16T23:12:14.308536+00:00
1080,1765926734.32941,2025-12-16T23:12:14.329412+00:00
1081,1765926734.350288,2025-12-16T23:12:14.350289+00:00
1082,1765926734.371138,2025-12-16T23:12:14.371138+00:00
1083,1765926734.391684,2025-12-16T23:12:14.391687+00:00
1084,1765926734.412568,2025-12-16T23:12:14.412569+00:00
1085,1765926734.4293919,2025-12-16T23:12:14.429394+00:00
1086,1765926734.44987,2025-12-16T23:12:14.449872+00:00
1087,1765926734.4696078,2025-12-16T23:12:14.469610+00:00
1088,1765926734.490487,2025-12-16T23:12:14.490492+00:00
1089,1765926734.510617,2025-12-16T23:12:14.510620+00:00
1090,1765926734.531868,2025-12-16T23:12:14.531872+00:00
1091,1765926734.550584,2025-12-16T23:12:14.550589+00:00
1092,1765926734.5714712,2025-12-16T23:12:14.571474+00:00
1093,1765926734.588896,2025-12-16T23:12:14.588900+00:00
1094,1765926734.609388,2025-12-16T23:12:14.609392+00:00
1095,1765926734.626629,2025-12-16T23:12:14.626631+00:00
1096,1765926734.647486,2025-12-16T23:12:14.647486+00:00
1097,1765926734.667619,2025-12-16T23:12:14.667620+00:00
1098,1765926734.687177,2025-12-16T23:12:14.687185+00:00
1099,1765926734.704043,2025-12-16T23:12:14.704045+00:00
1100,1765926734.723582,2025-12-16T23:12:14.723585+00:00
1101,1765926734.742581,2025-12-16T23:12:14.742594+00:00
1102,1765926734.761609,2025-12-16T23:12:14.761612+00:00
1103,1765926734.7798688,2025-12-16T23:12:14.779870+00:00
1104,1765926734.799383,2025-12-16T23:12:14.799385+00:00
1105,1765926734.81763,2025-12-16T23:12:14.817631+00:00
1106,1765926734.835904,2025-12-16T23:12:14.835909+00:00
1107,1765926734.856823,2025-12-16T23:12:14.856826+00:00
1108,1765926734.8763578,2025-12-16T23:12:14.876362+00:00
1109,1765926734.8972669,2025-12-16T23:12:14.897272+00:00
1110,1765926734.918151,2025-12-16T23:12:14.918154+00:00
1111,1765926734.938575,2025-12-16T23:12:14.938581+00:00
1112,1765926734.956059,2025-12-16T23:12:14.956065+00:00
1113,1765926734.9758751,2025-12-16T23:12:14.975879+00:00
1114,1765926734.995877,2025-12-16T23:12:14.995879+00:00
1115,1765926735.01318,2025-12-16T23:12:15.013184+00:00
1116,1765926735.033374,2025-12-16T23:12:15.033378+00:00
1117,1765926735.054286,2025-12-16T23:12:15.054291+00:00
1118,1765926735.073827,2025-12-16T23:12:15.073839+00:00
1119,1765926735.092661,2025-12-16T23:12:15.092665+00:00
1120,1765926735.1135738,2025-12-16T23:12:15.113575+00:00
1121,1765926735.134229,2025-12-16T23:12:15.134231+00:00
1122,1765926735.151065,2025-12-16T23:12:15.151066+00:00
1123,1765926735.171937,2025-12-16T23:12:15.171939+00:00
1124,1765926735.192624,2025-12-16T23:12:15.192624+00:00
1125,1765926735.21348,2025-12-16T23:12:15.213483+00:00
1126,1765926735.233073,2025-12-16T23:12:15.233074+00:00
1127,1765926735.253936,2025-12-16T23:12:15.253937+00:00
1128,1765926735.274067,2025-12-16T23:12:15.274068+00:00
1129,1765926735.294924,2025-12-16T23:12:15.294926+00:00
1130,1765926735.315797,2025-12-16T23:12:15.315800+00:00
1131,1765926735.3358479,2025-12-16T23:12:15.335851+00:00
1132,1765926735.355798,2025-12-16T23:12:15.355800+00:00
1133,1765926735.375371,2025-12-16T23:12:15.375375+00:00
1134,1765926735.394678,2025-12-16T23:12:15.394681+00:00
1135,1765926735.4119701,2025-12-16T23:12:15.411974+00:00
1136,1765926735.431384,2025-12-16T23:12:15.431387+00:00
1137,1765926735.452307,2025-12-16T23:12:15.452312+00:00
1138,1765926735.475471,2025-12-16T23:12:15.475474+00:00
1139,1765926735.49614,2025-12-16T23:12:15.496144+00:00
1140,1765926735.515842,2025-12-16T23:12:15.515848+00:00
1141,1765926735.5352771,2025-12-16T23:12:15.535288+00:00
1142,1765926735.55636,2025-12-16T23:12:15.556378+00:00
1143,1765926735.573961,2025-12-16T23:12:15.573968+00:00
1144,1765926735.591855,2025-12-16T23:12:15.591859+00:00
1145,1765926735.611786,2025-12-16T23:12:15.611790+00:00
1146,1765926735.635634,2025-12-16T23:12:15.635646+00:00
1147,1765926735.65653,2025-12-16T23:12:15.656533+00:00
1148,1765926735.675884,2025-12-16T23:12:15.675889+00:00
1149,1765926735.6951208,2025-12-16T23:12:15.695127+00:00
1150,1765926735.7130089,2025-12-16T23:12:15.713023+00:00
1151,1765926735.73174,2025-12-16T23:12:15.731744+00:00
1152,1765926735.7526069,2025-12-16T23:12:15.752610+00:00
1153,1765926735.77331,2025-12-16T23:12:15.773315+00:00
1154,1765926735.7935722,2025-12-16T23:12:15.793987+00:00
1155,1765926735.8151062,2025-12-16T23:12:15.815112+00:00
1156,1765926735.835575,2025-12-16T23:12:15.835579+00:00
1157,1765926735.8534741,2025-12-16T23:12:15.853476+00:00
1158,1765926735.8705988,2025-12-16T23:12:15.870601+00:00
1159,1765926735.888862,2025-12-16T23:12:15.888873+00:00
1160,1765926735.909794,2025-12-16T23:12:15.909799+00:00
1161,1765926735.928659,2025-12-16T23:12:15.928664+00:00
1162,1765926735.949552,2025-12-16T23:12:15.949557+00:00
1163,1765926735.9688792,2025-12-16T23:12:15.968881+00:00
1164,1765926735.988074,2025-12-16T23:12:15.988091+00:00
1165,1765926736.006764,2025-12-16T23:12:16.006767+00:00
1166,1765926736.027654,2025-12-16T23:12:16.027660+00:00
1167,1765926736.048793,2025-12-16T23:12:16.048962+00:00
1168,1765926736.070561,2025-12-16T23:12:16.070571+00:00
1169,1765926736.091172,2025-12-16T23:12:16.091176+00:00
1170,1765926736.108184,2025-12-16T23:12:16.108239+00:00
1171,1765926736.12915,2025-12-16T23:12:16.129156+00:00
1172,1765926736.149028,2025-12-16T23:12:16.149033+00:00
1173,1765926736.169924,2025-12-16T23:12:16.169927+00:00
1174,1765926736.187028,2025-12-16T23:12:16.187042+00:00
1175,1765926736.2041621,2025-12-16T23:12:16.204169+00:00
1176,1765926736.222153,2025-12-16T23:12:16.222157+00:00
1177,1765926736.244073,2025-12-16T23:12:16.244506+00:00
1178,1765926736.2666051,2025-12-16T23:12:16.266610+00:00
1179,1765926736.283679,2025-12-16T23:12:16.283681+00:00
1180,1765926736.304659,2025-12-16T23:12:16.304663+00:00
1181,1765926736.325529,2025-12-16T23:12:16.325529+00:00
1182,1765926736.34238,2025-12-16T23:12:16.342383+00:00
1183,1765926736.363263,2025-12-16T23:12:16.363265+00:00
1184,1765926736.382118,2025-12-16T23:12:16.382122+00:00
1185,1765926736.4005098,2025-12-16T23:12:16.400516+00:00
1186,1765926736.4210958,2025-12-16T23:12:16.421100+00:00
1187,1765926736.441987,2025-12-16T23:12:16.441988+00:00
1188,1765926736.459243,2025-12-16T23:12:16.459251+00:00
1189,1765926736.478209,2025-12-16T23:12:16.478236+00:00
1190,1765926736.4975739,2025-12-16T23:12:16.497585+00:00
1191,1765926736.5184808,2025-12-16T23:12:16.518487+00:00
1192,1765926736.539381,2025-12-16T23:12:16.539385+00:00
1193,1765926736.558327,2025-12-16T23:12:16.558383+00:00
1194,1765926736.576719,2025-12-16T23:12:16.576724+00:00
1195,1765926736.596063,2025-12-16T23:12:16.596066+00:00
1196,1765926736.615755,2025-12-16T23:12:16.615757+00:00
1197,1765926736.636619,2025-12-16T23:12:16.636621+00:00
1198,1765926736.6574779,2025-12-16T23:12:16.657482+00:00
1199,1765926736.675018,2025-12-16T23:12:16.675023+00:00
1200,1765926736.691969,2025-12-16T23:12:16.691973+00:00
1201,1765926736.712119,2025-12-16T23:12:16.712124+00:00
1202,1765926736.729075,2025-12-16T23:12:16.729078+00:00
1203,1765926736.74683,2025-12-16T23:12:16.746833+00:00
1204,1765926736.767461,2025-12-16T23:12:16.767463+00:00
1205,1765926736.784726,2025-12-16T23:12:16.784728+00:00
1206,1765926736.805587,2025-12-16T23:12:16.805589+00:00
1207,1765926736.826454,2025-12-16T23:12:16.826459+00:00
1208,1765926736.8462908,2025-12-16T23:12:16.846296+00:00
1209,1765926736.867757,2025-12-16T23:12:16.867761+00:00
1210,1765926736.888366,2025-12-16T23:12:16.888370+00:00
1211,1765926736.905427,2025-12-16T23:12:16.905432+00:00
1212,1765926736.9252732,2025-12-16T23:12:16.925276+00:00
1213,1765926736.946151,2025-12-16T23:12:16.946156+00:00
1214,1765926736.964428,2025-12-16T23:12:16.964431+00:00
1215,1765926736.997372,2025-12-16T23:12:16.997375+00:00
1216,1765926737.020274,2025-12-16T23:12:17.020278+00:00
1217,1765926737.041162,2025-12-16T23:12:17.041168+00:00
1218,1765926737.062058,2025-12-16T23:12:17.062061+00:00
1219,1765926737.0829282,2025-12-16T23:12:17.082930+00:00
1220,1765926737.1014242,2025-12-16T23:12:17.101432+00:00
1221,1765926737.118401,2025-12-16T23:12:17.118405+00:00
1222,1765926737.136172,2025-12-16T23:12:17.136178+00:00
1223,1765926737.1556811,2025-12-16T23:12:17.155686+00:00
1224,1765926737.1743228,2025-12-16T23:12:17.174326+00:00
1225,1765926737.192008,2025-12-16T23:12:17.192013+00:00
1226,1765926737.210807,2025-12-16T23:12:17.210811+00:00
1227,1765926737.2317572,2025-12-16T23:12:17.231847+00:00
1228,1765926737.248987,2025-12-16T23:12:17.248993+00:00
1229,1765926737.27988,2025-12-16T23:12:17.279891+00:00
1230,1765926737.3608792,2025-12-16T23:12:17.360885+00:00
1231,1765926737.381834,2025-12-16T23:12:17.381846+00:00
1232,1765926737.4119601,2025-12-16T23:12:17.411966+00:00
1233,1765926737.430331,2025-12-16T23:12:17.430334+00:00
1234,1765926737.45088,2025-12-16T23:12:17.450885+00:00
1235,1765926737.471793,2025-12-16T23:12:17.471798+00:00
1236,1765926737.491445,2025-12-16T23:12:17.491452+00:00
1237,1765926737.512186,2025-12-16T23:12:17.512191+00:00
1238,1765926737.531924,2025-12-16T23:12:17.531930+00:00
1239,1765926737.550953,2025-12-16T23:12:17.550959+00:00
1240,1765926737.569407,2025-12-16T23:12:17.569422+00:00
1241,1765926737.5933518,2025-12-16T23:12:17.593373+00:00
1242,1765926737.61301,2025-12-16T23:12:17.613037+00:00
1243,1765926737.632289,2025-12-16T23:12:17.632295+00:00
1244,1765926737.653171,2025-12-16T23:12:17.653174+00:00
1245,1765926737.674114,2025-12-16T23:12:17.674119+00:00
1246,1765926737.695095,2025-12-16T23:12:17.695112+00:00
1247,1765926737.715988,2025-12-16T23:12:17.716013+00:00
1248,1765926737.736916,2025-12-16T23:12:17.736920+00:00
1249,1765926737.757592,2025-12-16T23:12:17.757598+00:00
1250,1765926737.7747898,2025-12-16T23:12:17.774795+00:00
1251,1765926737.793628,2025-12-16T23:12:17.793633+00:00
1252,1765926737.812263,2025-12-16T23:12:17.812269+00:00
1253,1765926737.833174,2025-12-16T23:12:17.833178+00:00
1254,1765926737.854056,2025-12-16T23:12:17.854062+00:00
1255,1765926737.875016,2025-12-16T23:12:17.875022+00:00
1256,1765926737.894298,2025-12-16T23:12:17.894307+00:00
1257,1765926737.9117491,2025-12-16T23:12:17.911753+00:00
1258,1765926737.932597,2025-12-16T23:12:17.932603+00:00
1259,1765926737.950899,2025-12-16T23:12:17.950904+00:00
1260,1765926737.971853,2025-12-16T23:12:17.971858+00:00
1261,1765926737.992064,2025-12-16T23:12:17.992068+00:00
1262,1765926738.012277,2025-12-16T23:12:18.012281+00:00
1263,1765926738.0329118,2025-12-16T23:12:18.032916+00:00
1264,1765926738.051064,2025-12-16T23:12:18.051069+00:00
1265,1765926738.071984,2025-12-16T23:12:18.071999+00:00
1266,1765926738.092952,2025-12-16T23:12:18.092957+00:00
1267,1765926738.113753,2025-12-16T23:12:18.113760+00:00
1268,1765926738.1312041,2025-12-16T23:12:18.131211+00:00
1269,1765926738.1509728,2025-12-16T23:12:18.150986+00:00
1270,1765926738.167713,2025-12-16T23:12:18.167715+00:00
1271,1765926738.1885839,2025-12-16T23:12:18.188588+00:00
1272,1765926738.209482,2025-12-16T23:12:18.209486+00:00
1273,1765926738.2291892,2025-12-16T23:12:18.229191+00:00
1274,1765926738.2483149,2025-12-16T23:12:18.248319+00:00
1275,1765926738.267576,2025-12-16T23:12:18.267590+00:00
1276,1765926738.287402,2025-12-16T23:12:18.287409+00:00
1277,1765926738.304481,2025-12-16T23:12:18.304484+00:00
1278,1765926738.3241012,2025-12-16T23:12:18.324102+00:00
1279,1765926738.3425338,2025-12-16T23:12:18.342537+00:00
1280,1765926738.361933,2025-12-16T23:12:18.361935+00:00
1281,1765926738.382803,2025-12-16T23:12:18.382809+00:00
1282,1765926738.4037492,2025-12-16T23:12:18.403752+00:00
1283,1765926738.424628,2025-12-16T23:12:18.424632+00:00
1284,1765926738.445523,2025-12-16T23:12:18.445526+00:00
1285,1765926738.466006,2025-12-16T23:12:18.466011+00:00
1286,1765926738.486923,2025-12-16T23:12:18.486950+00:00
1287,1765926738.505535,2025-12-16T23:12:18.505538+00:00
1288,1765926738.526794,2025-12-16T23:12:18.526799+00:00
1289,1765926738.549511,2025-12-16T23:12:18.549516+00:00
1290,1765926738.566721,2025-12-16T23:12:18.566726+00:00
1291,1765926738.586977,2025-12-16T23:12:18.586981+00:00
1292,1765926738.6046479,2025-12-16T23:12:18.604651+00:00
1293,1765926738.621894,2025-12-16T23:12:18.621899+00:00
1294,1765926738.642645,2025-12-16T23:12:18.642647+00:00
1295,1765926738.663509,2025-12-16T23:12:18.663511+00:00
1296,1765926738.6842299,2025-12-16T23:12:18.684233+00:00
1297,1765926738.702441,2025-12-16T23:12:18.702444+00:00
1298,1765926738.723315,2025-12-16T23:12:18.723319+00:00
1299,1765926738.7426748,2025-12-16T23:12:18.742680+00:00
1300,1765926738.7636118,2025-12-16T23:12:18.763616+00:00
1301,1765926738.784498,2025-12-16T23:12:18.784499+00:00
1302,1765926738.8044102,2025-12-16T23:12:18.804411+00:00
1303,1765926738.82387,2025-12-16T23:12:18.823873+00:00
1304,1765926738.8447511,2025-12-16T23:12:18.844753+00:00
1305,1765926738.8656619,2025-12-16T23:12:18.865667+00:00
1306,1765926738.885958,2025-12-16T23:12:18.885960+00:00
1307,1765926738.905354,2025-12-16T23:12:18.905357+00:00
1308,1765926738.925793,2025-12-16T23:12:18.925794+00:00
1309,1765926738.946487,2025-12-16T23:12:18.946490+00:00
1310,1765926738.967359,2025-12-16T23:12:18.967360+00:00
1311,1765926738.9882271,2025-12-16T23:12:18.988232+00:00
1312,1765926739.00862,2025-12-16T23:12:19.008622+00:00
1313,1765926739.0287519,2025-12-16T23:12:19.028756+00:00
1314,1765926739.0496728,2025-12-16T23:12:19.049677+00:00
1315,1765926739.070592,2025-12-16T23:12:19.070598+00:00
1316,1765926739.091381,2025-12-16T23:12:19.091384+00:00
1317,1765926739.109004,2025-12-16T23:12:19.109006+00:00
1318,1765926739.129865,2025-12-16T23:12:19.129865+00:00
1319,1765926739.150718,2025-12-16T23:12:19.150719+00:00
1320,1765926739.1674292,2025-12-16T23:12:19.167431+00:00
1321,1765926739.1843,2025-12-16T23:12:19.184303+00:00
1322,1765926739.2032268,2025-12-16T23:12:19.203229+00:00
1323,1765926739.224082,2025-12-16T23:12:19.224084+00:00
1324,1765926739.2449431,2025-12-16T23:12:19.244946+00:00
1325,1765926739.2658749,2025-12-16T23:12:19.265882+00:00
1326,1765926739.284257,2025-12-16T23:12:19.284258+00:00
1327,1765926739.30386,2025-12-16T23:12:19.303861+00:00
1328,1765926739.324747,2025-12-16T23:12:19.324749+00:00
1329,1765926739.3456168,2025-12-16T23:12:19.345618+00:00
1330,1765926739.3644428,2025-12-16T23:12:19.364444+00:00
1331,1765926739.384172,2025-12-16T23:12:19.384174+00:00
1332,1765926739.405042,2025-12-16T23:12:19.405047+00:00
1333,1765926739.425925,2025-12-16T23:12:19.425926+00:00
1334,1765926739.446773,2025-12-16T23:12:19.446773+00:00
1335,1765926739.467575,2025-12-16T23:12:19.467637+00:00
1336,1765926739.488491,2025-12-16T23:12:19.488493+00:00
1337,1765926739.50936,2025-12-16T23:12:19.509361+00:00
1338,1765926739.528575,2025-12-16T23:12:19.528642+00:00
1339,1765926739.548266,2025-12-16T23:12:19.548271+00:00
1340,1765926739.567093,2025-12-16T23:12:19.567098+00:00
1341,1765926739.5880032,2025-12-16T23:12:19.588008+00:00
1342,1765926739.60891,2025-12-16T23:12:19.608922+00:00
1343,1765926739.627851,2025-12-16T23:12:19.627857+00:00
1344,1765926739.646764,2025-12-16T23:12:19.646769+00:00
1345,1765926739.667357,2025-12-16T23:12:19.667360+00:00
1346,1765926739.6843038,2025-12-16T23:12:19.684308+00:00
1347,1765926739.701838,2025-12-16T23:12:19.701840+00:00
1348,1765926739.7211268,2025-12-16T23:12:19.721131+00:00
1349,1765926739.7379,2025-12-16T23:12:19.737903+00:00
1350,1765926739.756918,2025-12-16T23:12:19.756922+00:00
1351,1765926739.776408,2025-12-16T23:12:19.776410+00:00
1352,1765926739.7972832,2025-12-16T23:12:19.797285+00:00
1353,1765926739.816131,2025-12-16T23:12:19.816133+00:00
1354,1765926739.836988,2025-12-16T23:12:19.836988+00:00
1355,1765926739.854037,2025-12-16T23:12:19.854040+00:00
1356,1765926739.87295,2025-12-16T23:12:19.872951+00:00
1357,1765926739.892554,2025-12-16T23:12:19.892557+00:00
1358,1765926739.913441,2025-12-16T23:12:19.913445+00:00
1359,1765926739.9338071,2025-12-16T23:12:19.933811+00:00
1360,1765926739.954279,2025-12-16T23:12:19.954283+00:00
1361,1765926739.975169,2025-12-16T23:12:19.975171+00:00
1362,1765926739.9960608,2025-12-16T23:12:19.996064+00:00
1363,1765926740.015551,2025-12-16T23:12:20.015555+00:00
1364,1765926740.0364401,2025-12-16T23:12:20.036443+00:00
1365,1765926740.053642,2025-12-16T23:12:20.053649+00:00
1366,1765926740.074538,2025-12-16T23:12:20.074540+00:00
1367,1765926740.0926442,2025-12-16T23:12:20.092646+00:00
1368,1765926740.11356,2025-12-16T23:12:20.113563+00:00
1369,1765926740.1342568,2025-12-16T23:12:20.134262+00:00
1370,1765926740.1551921,2025-12-16T23:12:20.155193+00:00
1371,1765926740.175935,2025-12-16T23:12:20.175940+00:00
1372,1765926740.196853,2025-12-16T23:12:20.196854+00:00
1373,1765926740.2175848,2025-12-16T23:12:20.217589+00:00
1374,1765926740.238484,2025-12-16T23:12:20.238488+00:00
1375,1765926740.2569668,2025-12-16T23:12:20.256970+00:00
1376,1765926740.276439,2025-12-16T23:12:20.276442+00:00
1377,1765926740.297348,2025-12-16T23:12:20.297354+00:00
1378,1765926740.31823,2025-12-16T23:12:20.318233+00:00
1379,1765926740.339088,2025-12-16T23:12:20.339089+00:00
1380,1765926740.359327,2025-12-16T23:12:20.359329+00:00
1381,1765926740.377559,2025-12-16T23:12:20.377562+00:00
1382,1765926740.398443,2025-12-16T23:12:20.398448+00:00
1383,1765926740.419331,2025-12-16T23:12:20.419332+00:00
1384,1765926740.440185,2025-12-16T23:12:20.440186+00:00
1385,1765926740.461052,2025-12-16T23:12:20.461057+00:00
1386,1765926740.480033,2025-12-16T23:12:20.480039+00:00
1387,1765926740.498507,2025-12-16T23:12:20.498507+00:00
1388,1765926740.5177479,2025-12-16T23:12:20.517763+00:00
1389,1765926740.5363,2025-12-16T23:12:20.536304+00:00
1390,1765926740.557172,2025-12-16T23:12:20.557176+00:00
1391,1765926740.5779378,2025-12-16T23:12:20.577949+00:00
1392,1765926740.597234,2025-12-16T23:12:20.597236+00:00
1393,1765926740.6216168,2025-12-16T23:12:20.621620+00:00
1394,1765926740.642495,2025-12-16T23:12:20.642501+00:00
1395,1765926740.6620018,2025-12-16T23:12:20.662012+00:00
1396,1765926740.681684,2025-12-16T23:12:20.681691+00:00
1397,1765926740.701659,2025-12-16T23:12:20.701662+00:00
1398,1765926740.7187111,2025-12-16T23:12:20.718714+00:00
1399,1765926740.739582,2025-12-16T23:12:20.739586+00:00
1400,1765926740.760473,2025-12-16T23:12:20.760480+00:00
1401,1765926740.780698,2025-12-16T23:12:20.780723+00:00
1402,1765926740.801229,2025-12-16T23:12:20.801231+00:00
1403,1765926740.8220952,2025-12-16T23:12:20.822099+00:00
1404,1765926740.8433971,2025-12-16T23:12:20.843402+00:00
1405,1765926740.861469,2025-12-16T23:12:20.861475+00:00
1406,1765926740.88306,2025-12-16T23:12:20.883065+00:00
1407,1765926740.9025762,2025-12-16T23:12:20.902584+00:00
1408,1765926740.920577,2025-12-16T23:12:20.920581+00:00
1409,1765926740.9397702,2025-12-16T23:12:20.939801+00:00
1410,1765926740.959233,2025-12-16T23:12:20.959237+00:00
1411,1765926740.97698,2025-12-16T23:12:20.976987+00:00
1412,1765926740.996962,2025-12-16T23:12:20.996967+00:00
1413,1765926741.017868,2025-12-16T23:12:21.017872+00:00
1414,1765926741.035912,2025-12-16T23:12:21.035916+00:00
1415,1765926741.056684,2025-12-16T23:12:21.056689+00:00
1416,1765926741.077017,2025-12-16T23:12:21.077022+00:00
1417,1765926741.0945868,2025-12-16T23:12:21.094591+00:00
1418,1765926741.1120682,2025-12-16T23:12:21.112074+00:00
1419,1765926741.132968,2025-12-16T23:12:21.132971+00:00
1420,1765926741.15058,2025-12-16T23:12:21.150604+00:00
1421,1765926741.167535,2025-12-16T23:12:21.167539+00:00
1422,1765926741.184723,2025-12-16T23:12:21.184726+00:00
1423,1765926741.2034292,2025-12-16T23:12:21.203434+00:00
1424,1765926741.2243478,2025-12-16T23:12:21.224353+00:00
1425,1765926741.244498,2025-12-16T23:12:21.244502+00:00
1426,1765926741.2615821,2025-12-16T23:12:21.261585+00:00
1427,1765926741.279915,2025-12-16T23:12:21.279919+00:00
1428,1765926741.297856,2025-12-16T23:12:21.297857+00:00
1429,1765926741.317615,2025-12-16T23:12:21.317618+00:00
1430,1765926741.336875,2025-12-16T23:12:21.336877+00:00
1431,1765926741.357749,2025-12-16T23:12:21.357756+00:00
1432,1765926741.3764281,2025-12-16T23:12:21.376433+00:00
1433,1765926741.3955781,2025-12-16T23:12:21.395582+00:00
1434,1765926741.41647,2025-12-16T23:12:21.416474+00:00
1435,1765926741.4370298,2025-12-16T23:12:21.437037+00:00
1436,1765926741.457946,2025-12-16T23:12:21.457950+00:00
1437,1765926741.478814,2025-12-16T23:12:21.478819+00:00
1438,1765926741.496211,2025-12-16T23:12:21.496214+00:00
1439,1765926741.5170932,2025-12-16T23:12:21.517097+00:00
1440,1765926741.537987,2025-12-16T23:12:21.537992+00:00
1441,1765926741.555773,2025-12-16T23:12:21.555776+00:00
1442,1765926741.5760021,2025-12-16T23:12:21.576010+00:00
1443,1765926741.596863,2025-12-16T23:12:21.596866+00:00
1444,1765926741.617594,2025-12-16T23:12:21.617599+00:00
1445,1765926741.634304,2025-12-16T23:12:21.634306+00:00
1446,1765926741.655168,2025-12-16T23:12:21.655172+00:00
1447,1765926741.67201,2025-12-16T23:12:21.672021+00:00
1448,1765926741.692693,2025-12-16T23:12:21.692696+00:00
1449,1765926741.714869,2025-12-16T23:12:21.714871+00:00
1450,1765926741.734315,2025-12-16T23:12:21.734320+00:00
1451,1765926741.7529118,2025-12-16T23:12:21.752917+00:00
1452,1765926741.7738008,2025-12-16T23:12:21.773805+00:00
1453,1765926741.7929668,2025-12-16T23:12:21.792971+00:00
1454,1765926741.8109171,2025-12-16T23:12:21.810922+00:00
1455,1765926741.829739,2025-12-16T23:12:21.829742+00:00
1456,1765926741.8487942,2025-12-16T23:12:21.848797+00:00
1457,1765926741.867234,2025-12-16T23:12:21.867239+00:00
1458,1765926741.88849,2025-12-16T23:12:21.888496+00:00
1459,1765926741.9094121,2025-12-16T23:12:21.909424+00:00
1460,1765926741.929138,2025-12-16T23:12:21.929142+00:00
1461,1765926741.9466581,2025-12-16T23:12:21.946662+00:00
1462,1765926741.9637382,2025-12-16T23:12:21.963743+00:00
1463,1765926741.9825768,2025-12-16T23:12:21.982580+00:00
1464,1765926742.000905,2025-12-16T23:12:22.000908+00:00
1465,1765926742.0176268,2025-12-16T23:12:22.017632+00:00
1466,1765926742.036756,2025-12-16T23:12:22.036760+00:00
1467,1765926742.057631,2025-12-16T23:12:22.057634+00:00
1468,1765926742.07448,2025-12-16T23:12:22.074484+00:00
1469,1765926742.095391,2025-12-16T23:12:22.095398+00:00
1470,1765926742.1163,2025-12-16T23:12:22.116303+00:00
1471,1765926742.1343539,2025-12-16T23:12:22.134357+00:00
1472,1765926742.15385,2025-12-16T23:12:22.153854+00:00
1473,1765926742.170836,2025-12-16T23:12:22.170838+00:00
1474,1765926742.191705,2025-12-16T23:12:22.191707+00:00
1475,1765926742.212576,2025-12-16T23:12:22.212580+00:00
1476,1765926742.230218,2025-12-16T23:12:22.230224+00:00
1477,1765926742.24913,2025-12-16T23:12:22.249132+00:00
1478,1765926742.265894,2025-12-16T23:12:22.265904+00:00
1479,1765926742.28432,2025-12-16T23:12:22.284338+00:00
1480,1765926742.305263,2025-12-16T23:12:22.305266+00:00
1481,1765926742.322407,2025-12-16T23:12:22.322410+00:00
1482,1765926742.341855,2025-12-16T23:12:22.341857+00:00
1483,1765926742.362723,2025-12-16T23:12:22.362726+00:00
1484,1765926742.3834481,2025-12-16T23:12:22.383453+00:00
1485,1765926742.4043462,2025-12-16T23:12:22.404350+00:00
1486,1765926742.422215,2025-12-16T23:12:22.422217+00:00
1487,1765926742.442583,2025-12-16T23:12:22.442586+00:00
1488,1765926742.463521,2025-12-16T23:12:22.463526+00:00
1489,1765926742.481142,2025-12-16T23:12:22.481145+00:00
1490,1765926742.5006971,2025-12-16T23:12:22.500702+00:00
1491,1765926742.5215712,2025-12-16T23:12:22.521583+00:00
1492,1765926742.5407739,2025-12-16T23:12:22.540779+00:00
1493,1765926742.560811,2025-12-16T23:12:22.560817+00:00
1494,1765926742.578513,2025-12-16T23:12:22.578520+00:00
1495,1765926742.597731,2025-12-16T23:12:22.597743+00:00
1496,1765926742.614548,2025-12-16T23:12:22.614552+00:00
1497,1765926742.634269,2025-12-16T23:12:22.634276+00:00
1498,1765926742.653635,2025-12-16T23:12:22.653636+00:00
1499,1765926742.674496,2025-12-16T23:12:22.674498+00:00
1500,1765926742.6926541,2025-12-16T23:12:22.692655+00:00
1501,1765926742.713525,2025-12-16T23:12:22.713528+00:00
1502,1765926742.734178,2025-12-16T23:12:22.734222+00:00
1503,1765926742.7550972,2025-12-16T23:12:22.755100+00:00
1504,1765926742.775966,2025-12-16T23:12:22.775967+00:00
1505,1765926742.79683,2025-12-16T23:12:22.796834+00:00
1506,1765926742.816923,2025-12-16T23:12:22.816926+00:00
1507,1765926742.836365,2025-12-16T23:12:22.836366+00:00
1508,1765926742.857238,2025-12-16T23:12:22.857244+00:00
1509,1765926742.8781571,2025-12-16T23:12:22.878164+00:00
1510,1765926742.899062,2025-12-16T23:12:22.899063+00:00
1511,1765926742.919915,2025-12-16T23:12:22.919917+00:00
1512,1765926742.94079,2025-12-16T23:12:22.940795+00:00
1513,1765926742.959316,2025-12-16T23:12:22.959318+00:00
1514,1765926742.9801989,2025-12-16T23:12:22.980200+00:00
1515,1765926743.000906,2025-12-16T23:12:23.000910+00:00
1516,1765926743.021798,2025-12-16T23:12:23.021801+00:00
1517,1765926743.0399501,2025-12-16T23:12:23.039953+00:00
1518,1765926743.060236,2025-12-16T23:12:23.060239+00:00
1519,1765926743.078327,2025-12-16T23:12:23.078332+00:00
1520,1765926743.0992472,2025-12-16T23:12:23.099266+00:00
1521,1765926743.120275,2025-12-16T23:12:23.120277+00:00
1522,1765926743.1411572,2025-12-16T23:12:23.141160+00:00
1523,1765926743.159253,2025-12-16T23:12:23.159255+00:00
1524,1765926743.1764622,2025-12-16T23:12:23.176464+00:00
1525,1765926743.195968,2025-12-16T23:12:23.195971+00:00
1526,1765926743.214562,2025-12-16T23:12:23.214565+00:00
1527,1765926743.235442,2025-12-16T23:12:23.235444+00:00
1528,1765926743.256186,2025-12-16T23:12:23.256191+00:00
1529,1765926743.275949,2025-12-16T23:12:23.275950+00:00
1530,1765926743.293857,2025-12-16T23:12:23.293860+00:00
1531,1765926743.3147461,2025-12-16T23:12:23.314749+00:00
1532,1765926743.3356302,2025-12-16T23:12:23.335632+00:00
1533,1765926743.355057,2025-12-16T23:12:23.355060+00:00
1534,1765926743.373825,2025-12-16T23:12:23.373827+00:00
1535,1765926743.390838,2025-12-16T23:12:23.390841+00:00
1536,1765926743.411139,2025-12-16T23:12:23.411142+00:00
1537,1765926743.42978,2025-12-16T23:12:23.429786+00:00
1538,1765926743.450665,2025-12-16T23:12:23.450668+00:00
1539,1765926743.467783,2025-12-16T23:12:23.467788+00:00
1540,1765926743.48719,2025-12-16T23:12:23.487196+00:00
1541,1765926743.507092,2025-12-16T23:12:23.507095+00:00
1542,1765926743.5248609,2025-12-16T23:12:23.524865+00:00
1543,1765926743.5451531,2025-12-16T23:12:23.545157+00:00
1544,1765926743.5660312,2025-12-16T23:12:23.566033+00:00
1545,1765926743.5843651,2025-12-16T23:12:23.584368+00:00
1546,1765926743.605249,2025-12-16T23:12:23.605253+00:00
1547,1765926743.626047,2025-12-16T23:12:23.626050+00:00
1548,1765926743.643614,2025-12-16T23:12:23.643617+00:00
1549,1765926743.6610088,2025-12-16T23:12:23.661011+00:00
1550,1765926743.678066,2025-12-16T23:12:23.678070+00:00
1551,1765926743.695047,2025-12-16T23:12:23.695049+00:00
1552,1765926743.71592,2025-12-16T23:12:23.715921+00:00
1553,1765926743.7368052,2025-12-16T23:12:23.736809+00:00
1554,1765926743.7574852,2025-12-16T23:12:23.757486+00:00
1555,1765926743.774571,2025-12-16T23:12:23.774575+00:00
1556,1765926743.792578,2025-12-16T23:12:23.792579+00:00
1557,1765926743.8099232,2025-12-16T23:12:23.809926+00:00
1558,1765926743.827778,2025-12-16T23:12:23.827779+00:00
1559,1765926743.844882,2025-12-16T23:12:23.844882+00:00
1560,1765926743.865738,2025-12-16T23:12:23.865742+00:00
1561,1765926743.886671,2025-12-16T23:12:23.886677+00:00
1562,1765926743.907572,2025-12-16T23:12:23.907574+00:00
1563,1765926743.925911,2025-12-16T23:12:23.925917+00:00
1564,1765926743.946804,2025-12-16T23:12:23.946810+00:00
1565,1765926743.964334,2025-12-16T23:12:23.964342+00:00
1566,1765926743.984237,2025-12-16T23:12:23.984241+00:00
1567,1765926744.004714,2025-12-16T23:12:24.004715+00:00
1568,1765926744.0241752,2025-12-16T23:12:24.024179+00:00
1569,1765926744.042569,2025-12-16T23:12:24.042572+00:00
1570,1765926744.063502,2025-12-16T23:12:24.063509+00:00
1571,1765926744.084243,2025-12-16T23:12:24.084245+00:00
1572,1765926744.100969,2025-12-16T23:12:24.100985+00:00
1573,1765926744.121889,2025-12-16T23:12:24.121891+00:00
1574,1765926744.142743,2025-12-16T23:12:24.142744+00:00
1575,1765926744.162016,2025-12-16T23:12:24.162018+00:00
1576,1765926744.180474,2025-12-16T23:12:24.180498+00:00
1577,1765926744.199999,2025-12-16T23:12:24.200005+00:00
1578,1765926744.220901,2025-12-16T23:12:24.220903+00:00
1579,1765926744.241764,2025-12-16T23:12:24.241765+00:00
1580,1765926744.259221,2025-12-16T23:12:24.259223+00:00
1581,1765926744.280082,2025-12-16T23:12:24.280085+00:00
1582,1765926744.300125,2025-12-16T23:12:24.300138+00:00
1583,1765926744.320995,2025-12-16T23:12:24.320997+00:00
1584,1765926744.341866,2025-12-16T23:12:24.341867+00:00
1585,1765926744.361415,2025-12-16T23:12:24.361417+00:00
1586,1765926744.3783739,2025-12-16T23:12:24.378376+00:00
1587,1765926744.397385,2025-12-16T23:12:24.397387+00:00
1588,1765926744.418252,2025-12-16T23:12:24.418257+00:00
1589,1765926744.438279,2025-12-16T23:12:24.438281+00:00
1590,1765926744.458617,2025-12-16T23:12:24.458623+00:00
1591,1765926744.4787068,2025-12-16T23:12:24.478710+00:00
1592,1765926744.49905,2025-12-16T23:12:24.499052+00:00
1593,1765926744.517604,2025-12-16T23:12:24.517609+00:00
1594,1765926744.5350552,2025-12-16T23:12:24.535060+00:00
1595,1765926744.554774,2025-12-16T23:12:24.554777+00:00
1596,1765926744.5756621,2025-12-16T23:12:24.575667+00:00
1597,1765926744.592921,2025-12-16T23:12:24.592924+00:00
1598,1765926744.610566,2025-12-16T23:12:24.610567+00:00
1599,1765926744.627646,2025-12-16T23:12:24.627647+00:00
1600,1765926744.6485918,2025-12-16T23:12:24.648593+00:00
1601,1765926744.666913,2025-12-16T23:12:24.666917+00:00
1602,1765926744.685437,2025-12-16T23:12:24.685440+00:00
1603,1765926744.7056682,2025-12-16T23:12:24.705673+00:00
1604,1765926744.7259789,2025-12-16T23:12:24.725988+00:00
1605,1765926744.746878,2025-12-16T23:12:24.746881+00:00
1606,1765926744.7676852,2025-12-16T23:12:24.767685+00:00
1607,1765926744.788535,2025-12-16T23:12:24.788535+00:00
1608,1765926744.8059862,2025-12-16T23:12:24.805988+00:00
1609,1765926744.8262131,2025-12-16T23:12:24.826214+00:00
1610,1765926744.84723,2025-12-16T23:12:24.847235+00:00
1611,1765926744.865031,2025-12-16T23:12:24.865040+00:00
1612,1765926744.883616,2025-12-16T23:12:24.883622+00:00
1613,1765926744.900915,2025-12-16T23:12:24.900921+00:00
1614,1765926744.92027,2025-12-16T23:12:24.920274+00:00
1615,1765926744.941144,2025-12-16T23:12:24.941146+00:00
1616,1765926744.962013,2025-12-16T23:12:24.962014+00:00
1617,1765926744.982927,2025-12-16T23:12:24.982932+00:00
1618,1765926745.0014021,2025-12-16T23:12:25.001405+00:00
1619,1765926745.021895,2025-12-16T23:12:25.021901+00:00
1620,1765926745.0426471,2025-12-16T23:12:25.042650+00:00
1621,1765926745.063675,2025-12-16T23:12:25.063678+00:00
1622,1765926745.084336,2025-12-16T23:12:25.084357+00:00
1623,1765926745.1047392,2025-12-16T23:12:25.104740+00:00
1624,1765926745.125419,2025-12-16T23:12:25.125421+00:00
1625,1765926745.142663,2025-12-16T23:12:25.142665+00:00
1626,1765926745.1608791,2025-12-16T23:12:25.160879+00:00
1627,1765926745.181,2025-12-16T23:12:25.181005+00:00
1628,1765926745.200968,2025-12-16T23:12:25.200974+00:00
1629,1765926745.221878,2025-12-16T23:12:25.221881+00:00
1630,1765926745.242746,2025-12-16T23:12:25.242748+00:00
1631,1765926745.261612,2025-12-16T23:12:25.261615+00:00
1632,1765926745.282488,2025-12-16T23:12:25.282500+00:00
1633,1765926745.3011808,2025-12-16T23:12:25.301195+00:00
1634,1765926745.320592,2025-12-16T23:12:25.320594+00:00
1635,1765926745.341481,2025-12-16T23:12:25.341482+00:00
1636,1765926745.3623428,2025-12-16T23:12:25.362349+00:00
1637,1765926745.3832371,2025-12-16T23:12:25.383242+00:00
1638,1765926745.403873,2025-12-16T23:12:25.403875+00:00
1639,1765926745.422282,2025-12-16T23:12:25.422284+00:00
1640,1765926745.43937,2025-12-16T23:12:25.439372+00:00
1641,1765926745.4564989,2025-12-16T23:12:25.456499+00:00
1642,1765926745.475908,2025-12-16T23:12:25.475910+00:00
1643,1765926745.496761,2025-12-16T23:12:25.496763+00:00
1644,1765926745.5176132,2025-12-16T23:12:25.517616+00:00
1645,1765926745.538123,2025-12-16T23:12:25.538146+00:00
1646,1765926745.560014,2025-12-16T23:12:25.560021+00:00
1647,1765926745.5797691,2025-12-16T23:12:25.579772+00:00
1648,1765926745.598717,2025-12-16T23:12:25.598722+00:00
1649,1765926745.6188428,2025-12-16T23:12:25.618845+00:00
1650,1765926745.638457,2025-12-16T23:12:25.638462+00:00
1651,1765926745.6593149,2025-12-16T23:12:25.659320+00:00
1652,1765926745.677255,2025-12-16T23:12:25.677257+00:00
1653,1765926745.6981308,2025-12-16T23:12:25.698135+00:00
1654,1765926745.714984,2025-12-16T23:12:25.714989+00:00
1655,1765926745.735086,2025-12-16T23:12:25.735094+00:00
1656,1765926745.756016,2025-12-16T23:12:25.756017+00:00
1657,1765926745.77591,2025-12-16T23:12:25.775913+00:00
1658,1765926745.793132,2025-12-16T23:12:25.793136+00:00
1659,1765926745.814019,2025-12-16T23:12:25.814024+00:00
1660,1765926745.8348942,2025-12-16T23:12:25.834897+00:00
1661,1765926745.851663,2025-12-16T23:12:25.851667+00:00
1662,1765926745.8701031,2025-12-16T23:12:25.870164+00:00
1663,1765926745.891027,2025-12-16T23:12:25.891029+00:00
1664,1765926745.911901,2025-12-16T23:12:25.911907+00:00
1665,1765926745.929878,2025-12-16T23:12:25.929879+00:00
1666,1765926745.950756,2025-12-16T23:12:25.950759+00:00
1667,1765926745.9715378,2025-12-16T23:12:25.971541+00:00
1668,1765926745.9909708,2025-12-16T23:12:25.991011+00:00
1669,1765926746.0104551,2025-12-16T23:12:26.010460+00:00
1670,1765926746.0298398,2025-12-16T23:12:26.029862+00:00
1671,1765926746.049654,2025-12-16T23:12:26.049658+00:00
1672,1765926746.0673459,2025-12-16T23:12:26.067350+00:00
1673,1765926746.088232,2025-12-16T23:12:26.088237+00:00
1674,1765926746.1091368,2025-12-16T23:12:26.109141+00:00
1675,1765926746.130024,2025-12-16T23:12:26.130050+00:00
1676,1765926746.149366,2025-12-16T23:12:26.149370+00:00
1677,1765926746.167671,2025-12-16T23:12:26.167673+00:00
1678,1765926746.1884642,2025-12-16T23:12:26.188487+00:00
1679,1765926746.208862,2025-12-16T23:12:26.208867+00:00
1680,1765926746.225989,2025-12-16T23:12:26.225994+00:00
1681,1765926746.245091,2025-12-16T23:12:26.245098+00:00
1682,1765926746.2658958,2025-12-16T23:12:26.265898+00:00
1683,1765926746.284408,2025-12-16T23:12:26.284409+00:00
1684,1765926746.302144,2025-12-16T23:12:26.302145+00:00
1685,1765926746.319871,2025-12-16T23:12:26.319875+00:00
1686,1765926746.340765,2025-12-16T23:12:26.340772+00:00
1687,1765926746.360916,2025-12-16T23:12:26.360920+00:00
1688,1765926746.3782458,2025-12-16T23:12:26.378249+00:00
1689,1765926746.3991108,2025-12-16T23:12:26.399113+00:00
1690,1765926746.419987,2025-12-16T23:12:26.419991+00:00
1691,1765926746.438213,2025-12-16T23:12:26.438216+00:00
1692,1765926746.459091,2025-12-16T23:12:26.459096+00:00
1693,1765926746.478656,2025-12-16T23:12:26.478662+00:00
1694,1765926746.4985569,2025-12-16T23:12:26.498563+00:00
1695,1765926746.5175838,2025-12-16T23:12:26.517594+00:00
1696,1765926746.536522,2025-12-16T23:12:26.536527+00:00
1697,1765926746.55741,2025-12-16T23:12:26.557412+00:00
1698,1765926746.575913,2025-12-16T23:12:26.575917+00:00
1699,1765926746.5968158,2025-12-16T23:12:26.596818+00:00
1700,1765926746.6176882,2025-12-16T23:12:26.617689+00:00
1701,1765926746.638539,2025-12-16T23:12:26.638539+00:00
1702,1765926746.659321,2025-12-16T23:12:26.659322+00:00
1703,1765926746.6801841,2025-12-16T23:12:26.680185+00:00
1704,1765926746.701062,2025-12-16T23:12:26.701064+00:00
1705,1765926746.721235,2025-12-16T23:12:26.721238+00:00
1706,1765926746.742104,2025-12-16T23:12:26.742108+00:00
1707,1765926746.760279,2025-12-16T23:12:26.760284+00:00
1708,1765926746.780035,2025-12-16T23:12:26.780037+00:00
1709,1765926746.799871,2025-12-16T23:12:26.799874+00:00
1710,1765926746.8176,2025-12-16T23:12:26.817605+00:00
1711,1765926746.834483,2025-12-16T23:12:26.834487+00:00
1712,1765926746.851903,2025-12-16T23:12:26.851908+00:00
1713,1765926746.872787,2025-12-16T23:12:26.872789+00:00
1714,1765926746.8925881,2025-12-16T23:12:26.892590+00:00
1715,1765926746.911094,2025-12-16T23:12:26.911095+00:00
1716,1765926746.9294999,2025-12-16T23:12:26.929508+00:00
1717,1765926746.9484968,2025-12-16T23:12:26.948498+00:00
1718,1765926746.967585,2025-12-16T23:12:26.967588+00:00
1719,1765926746.987911,2025-12-16T23:12:26.987914+00:00
1720,1765926747.0065448,2025-12-16T23:12:27.006551+00:00
1721,1765926747.027447,2025-12-16T23:12:27.027450+00:00
1722,1765926747.04705,2025-12-16T23:12:27.047053+00:00
1723,1765926747.0676212,2025-12-16T23:12:27.067622+00:00
1724,1765926747.088547,2025-12-16T23:12:27.088552+00:00
1725,1765926747.108759,2025-12-16T23:12:27.108762+00:00
1726,1765926747.129659,2025-12-16T23:12:27.129671+00:00
1727,1765926747.15008,2025-12-16T23:12:27.150082+00:00
1728,1765926747.1695611,2025-12-16T23:12:27.169564+00:00
1729,1765926747.1904519,2025-12-16T23:12:27.190453+00:00
1730,1765926747.2089531,2025-12-16T23:12:27.208959+00:00
1731,1765926747.225837,2025-12-16T23:12:27.225842+00:00
1732,1765926747.2429461,2025-12-16T23:12:27.242951+00:00
1733,1765926747.261451,2025-12-16T23:12:27.261458+00:00
1734,1765926747.282361,2025-12-16T23:12:27.282366+00:00
1735,1765926747.299721,2025-12-16T23:12:27.299724+00:00
1736,1765926747.320794,2025-12-16T23:12:27.320797+00:00
1737,1765926747.337891,2025-12-16T23:12:27.337897+00:00
1738,1765926747.358239,2025-12-16T23:12:27.358244+00:00
1739,1765926747.375425,2025-12-16T23:12:27.375433+00:00
1740,1765926747.394239,2025-12-16T23:12:27.394240+00:00
1741,1765926747.415106,2025-12-16T23:12:27.415109+00:00
1742,1765926747.433391,2025-12-16T23:12:27.433396+00:00
1743,1765926747.454293,2025-12-16T23:12:27.454297+00:00
1744,1765926747.47597,2025-12-16T23:12:27.475973+00:00
1745,1765926747.494318,2025-12-16T23:12:27.494322+00:00
1746,1765926747.514347,2025-12-16T23:12:27.514352+00:00
1747,1765926747.535359,2025-12-16T23:12:27.535368+00:00
1748,1765926747.556275,2025-12-16T23:12:27.556278+00:00
1749,1765926747.5759869,2025-12-16T23:12:27.575990+00:00
1750,1765926747.594026,2025-12-16T23:12:27.594031+00:00
1751,1765926747.614939,2025-12-16T23:12:27.614947+00:00
1752,1765926747.634152,2025-12-16T23:12:27.634157+00:00
1753,1765926747.654356,2025-12-16T23:12:27.654361+00:00
1754,1765926747.675242,2025-12-16T23:12:27.675243+00:00
1755,1765926747.692708,2025-12-16T23:12:27.692712+00:00
1756,1765926747.712888,2025-12-16T23:12:27.712889+00:00
1757,1765926747.7337532,2025-12-16T23:12:27.733755+00:00
1758,1765926747.7528372,2025-12-16T23:12:27.752842+00:00
1759,1765926747.7737448,2025-12-16T23:12:27.773748+00:00
1760,1765926747.7926028,2025-12-16T23:12:27.792604+00:00
1761,1765926747.811538,2025-12-16T23:12:27.811539+00:00
1762,1765926747.831734,2025-12-16T23:12:27.831735+00:00
1763,1765926747.85261,2025-12-16T23:12:27.852614+00:00
1764,1765926747.872024,2025-12-16T23:12:27.872027+00:00
1765,1765926747.892637,2025-12-16T23:12:27.892637+00:00
1766,1765926747.913504,2025-12-16T23:12:27.913509+00:00
1767,1765926747.933158,2025-12-16T23:12:27.933161+00:00
1768,1765926747.954039,2025-12-16T23:12:27.954040+00:00
1769,1765926747.972012,2025-12-16T23:12:27.972042+00:00
1770,1765926747.992584,2025-12-16T23:12:27.992587+00:00
1771,1765926748.0134559,2025-12-16T23:12:28.013458+00:00
1772,1765926748.034325,2025-12-16T23:12:28.034329+00:00
1773,1765926748.054602,2025-12-16T23:12:28.054604+00:00
1774,1765926748.072526,2025-12-16T23:12:28.072532+00:00
1775,1765926748.0927382,2025-12-16T23:12:28.092741+00:00
1776,1765926748.1135738,2025-12-16T23:12:28.113576+00:00
1777,1765926748.134253,2025-12-16T23:12:28.134256+00:00
1778,1765926748.155144,2025-12-16T23:12:28.155151+00:00
1779,1765926748.1759129,2025-12-16T23:12:28.175914+00:00
1780,1765926748.1960452,2025-12-16T23:12:28.196050+00:00
1781,1765926748.214699,2025-12-16T23:12:28.214701+00:00
1782,1765926748.234315,2025-12-16T23:12:28.234317+00:00
1783,1765926748.251969,2025-12-16T23:12:28.251972+00:00
1784,1765926748.2699149,2025-12-16T23:12:28.269919+00:00
1785,1765926748.290844,2025-12-16T23:12:28.290846+00:00
1786,1765926748.309237,2025-12-16T23:12:28.309238+00:00
1787,1765926748.328667,2025-12-16T23:12:28.328670+00:00
1788,1765926748.349557,2025-12-16T23:12:28.349560+00:00
1789,1765926748.37043,2025-12-16T23:12:28.370430+00:00
1790,1765926748.389893,2025-12-16T23:12:28.389894+00:00
1791,1765926748.408894,2025-12-16T23:12:28.408967+00:00
1792,1765926748.425705,2025-12-16T23:12:28.425710+00:00
1793,1765926748.446337,2025-12-16T23:12:28.446337+00:00
1794,1765926748.467187,2025-12-16T23:12:28.467188+00:00
1795,1765926748.48651,2025-12-16T23:12:28.486511+00:00
1796,1765926748.5073779,2025-12-16T23:12:28.507379+00:00
1797,1765926748.528317,2025-12-16T23:12:28.528322+00:00
1798,1765926748.549265,2025-12-16T23:12:28.549273+00:00
1799,1765926748.569782,2025-12-16T23:12:28.569785+00:00
1800,1765926748.590661,2025-12-16T23:12:28.590663+00:00
1801,1765926748.607777,2025-12-16T23:12:28.607780+00:00
1802,1765926748.626024,2025-12-16T23:12:28.626027+00:00
1803,1765926748.6469278,2025-12-16T23:12:28.646932+00:00
1804,1765926748.6676538,2025-12-16T23:12:28.667657+00:00
1805,1765926748.6885278,2025-12-16T23:12:28.688529+00:00
1806,1765926748.709269,2025-12-16T23:12:28.709272+00:00
1807,1765926748.727765,2025-12-16T23:12:28.727770+00:00
1808,1765926748.746668,2025-12-16T23:12:28.746669+00:00
1809,1765926748.767516,2025-12-16T23:12:28.767517+00:00
1810,1765926748.7883909,2025-12-16T23:12:28.788392+00:00
1811,1765926748.809258,2025-12-16T23:12:28.809262+00:00
1812,1765926748.830144,2025-12-16T23:12:28.830144+00:00
1813,1765926748.850921,2025-12-16T23:12:28.850923+00:00
1814,1765926748.871861,2025-12-16T23:12:28.871864+00:00
1815,1765926748.892738,2025-12-16T23:12:28.892741+00:00
1816,1765926748.909476,2025-12-16T23:12:28.909480+00:00
1817,1765926748.928725,2025-12-16T23:12:28.928731+00:00
1818,1765926748.949636,2025-12-16T23:12:28.949641+00:00
1819,1765926748.969599,2025-12-16T23:12:28.969605+00:00
1820,1765926748.990518,2025-12-16T23:12:28.990522+00:00
1821,1765926749.0111969,2025-12-16T23:12:29.011203+00:00
1822,1765926749.0320818,2025-12-16T23:12:29.032085+00:00
1823,1765926749.050716,2025-12-16T23:12:29.050721+00:00
1824,1765926749.067573,2025-12-16T23:12:29.067576+00:00
1825,1765926749.0884569,2025-12-16T23:12:29.088459+00:00
1826,1765926749.109173,2025-12-16T23:12:29.109175+00:00
1827,1765926749.12893,2025-12-16T23:12:29.128933+00:00
1828,1765926749.1482902,2025-12-16T23:12:29.148290+00:00
1829,1765926749.1667168,2025-12-16T23:12:29.166720+00:00
1830,1765926749.184355,2025-12-16T23:12:29.184356+00:00
1831,1765926749.2052522,2025-12-16T23:12:29.205253+00:00
1832,1765926749.2261279,2025-12-16T23:12:29.226130+00:00
1833,1765926749.247037,2025-12-16T23:12:29.247042+00:00
1834,1765926749.2655191,2025-12-16T23:12:29.265520+00:00
1835,1765926749.284371,2025-12-16T23:12:29.284373+00:00
1836,1765926749.3052318,2025-12-16T23:12:29.305233+00:00
1837,1765926749.325838,2025-12-16T23:12:29.325842+00:00
1838,1765926749.344515,2025-12-16T23:12:29.344517+00:00
1839,1765926749.363189,2025-12-16T23:12:29.363192+00:00
1840,1765926749.3841019,2025-12-16T23:12:29.384103+00:00
1841,1765926749.400927,2025-12-16T23:12:29.400927+00:00
1842,1765926749.4217868,2025-12-16T23:12:29.421789+00:00
1843,1765926749.4426398,2025-12-16T23:12:29.442641+00:00
1844,1765926749.4635038,2025-12-16T23:12:29.463508+00:00
1845,1765926749.483932,2025-12-16T23:12:29.483934+00:00
1846,1765926749.5047839,2025-12-16T23:12:29.504785+00:00
1847,1765926749.523963,2025-12-16T23:12:29.523965+00:00
1848,1765926749.5425978,2025-12-16T23:12:29.542602+00:00
1849,1765926749.5606232,2025-12-16T23:12:29.560626+00:00
1850,1765926749.580995,2025-12-16T23:12:29.580997+00:00
1851,1765926749.600947,2025-12-16T23:12:29.600952+00:00
1852,1765926749.6218371,2025-12-16T23:12:29.621840+00:00
1853,1765926749.642625,2025-12-16T23:12:29.642630+00:00
1854,1765926749.662604,2025-12-16T23:12:29.662605+00:00
1855,1765926749.683472,2025-12-16T23:12:29.683474+00:00
1856,1765926749.704361,2025-12-16T23:12:29.704363+00:00
1857,1765926749.722463,2025-12-16T23:12:29.722467+00:00
1858,1765926749.7433531,2025-12-16T23:12:29.743358+00:00
1859,1765926749.76425,2025-12-16T23:12:29.764254+00:00
1860,1765926749.7823749,2025-12-16T23:12:29.782379+00:00
1861,1765926749.801186,2025-12-16T23:12:29.801189+00:00
1862,1765926749.81976,2025-12-16T23:12:29.819765+00:00
1863,1765926749.837609,2025-12-16T23:12:29.837624+00:00
1864,1765926749.857261,2025-12-16T23:12:29.857264+00:00
1865,1765926749.878177,2025-12-16T23:12:29.878180+00:00
1866,1765926749.899059,2025-12-16T23:12:29.899062+00:00
1867,1765926749.919958,2025-12-16T23:12:29.919962+00:00
1868,1765926749.939268,2025-12-16T23:12:29.939271+00:00
1869,1765926749.9600031,2025-12-16T23:12:29.960005+00:00
1870,1765926749.977259,2025-12-16T23:12:29.977261+00:00
1871,1765926749.9982631,2025-12-16T23:12:29.998263+00:00
1872,1765926750.019108,2025-12-16T23:12:30.019109+00:00
1873,1765926750.039982,2025-12-16T23:12:30.039985+00:00
1874,1765926750.056743,2025-12-16T23:12:30.056744+00:00
1875,1765926750.0759401,2025-12-16T23:12:30.075944+00:00
1876,1765926750.093506,2025-12-16T23:12:30.093509+00:00
1877,1765926750.1144068,2025-12-16T23:12:30.114408+00:00
1878,1765926750.135276,2025-12-16T23:12:30.135279+00:00
1879,1765926750.152243,2025-12-16T23:12:30.152246+00:00
1880,1765926750.1693702,2025-12-16T23:12:30.169372+00:00
1881,1765926750.189163,2025-12-16T23:12:30.189165+00:00
1882,1765926750.20925,2025-12-16T23:12:30.209251+00:00
1883,1765926750.225997,2025-12-16T23:12:30.225997+00:00
1884,1765926750.2468412,2025-12-16T23:12:30.246842+00:00
1885,1765926750.2639701,2025-12-16T23:12:30.263974+00:00
1886,1765926750.281415,2025-12-16T23:12:30.281418+00:00
1887,1765926750.300939,2025-12-16T23:12:30.300941+00:00
1888,1765926750.320235,2025-12-16T23:12:30.320240+00:00
1889,1765926750.341121,2025-12-16T23:12:30.341122+00:00
1890,1765926750.3592498,2025-12-16T23:12:30.359252+00:00
1891,1765926750.3760068,2025-12-16T23:12:30.376009+00:00
1892,1765926750.393507,2025-12-16T23:12:30.393517+00:00
1893,1765926750.4113421,2025-12-16T23:12:30.411342+00:00
1894,1765926750.432204,2025-12-16T23:12:30.432209+00:00
1895,1765926750.4516082,2025-12-16T23:12:30.451609+00:00
1896,1765926750.472471,2025-12-16T23:12:30.472476+00:00
1897,1765926750.4917738,2025-12-16T23:12:30.491776+00:00
1898,1765926750.5092359,2025-12-16T23:12:30.509237+00:00
1899,1765926750.530097,2025-12-16T23:12:30.530101+00:00
1900,1765926750.55097,2025-12-16T23:12:30.550975+00:00
1901,1765926750.570287,2025-12-16T23:12:30.570290+00:00
1902,1765926750.591169,2025-12-16T23:12:30.591174+00:00
1903,1765926750.609026,2025-12-16T23:12:30.609029+00:00
1904,1765926750.6299021,2025-12-16T23:12:30.629906+00:00
1905,1765926750.650806,2025-12-16T23:12:30.650870+00:00
1906,1765926750.6717372,2025-12-16T23:12:30.671738+00:00
1907,1765926750.6926038,2025-12-16T23:12:30.692608+00:00
1908,1765926750.7126908,2025-12-16T23:12:30.712692+00:00
1909,1765926750.7297778,2025-12-16T23:12:30.729780+00:00
1910,1765926750.749983,2025-12-16T23:12:30.749985+00:00
1911,1765926750.767849,2025-12-16T23:12:30.767853+00:00
1912,1765926750.788744,2025-12-16T23:12:30.788747+00:00
1913,1765926750.809336,2025-12-16T23:12:30.809341+00:00
1914,1765926750.830194,2025-12-16T23:12:30.830194+00:00
1915,1765926750.8510468,2025-12-16T23:12:30.851048+00:00
1916,1765926750.8697631,2025-12-16T23:12:30.869765+00:00
1917,1765926750.890643,2025-12-16T23:12:30.890645+00:00
1918,1765926750.911532,2025-12-16T23:12:30.911537+00:00
1919,1765926750.929043,2025-12-16T23:12:30.929045+00:00
1920,1765926750.9499002,2025-12-16T23:12:30.949900+00:00
1921,1765926750.968629,2025-12-16T23:12:30.968631+00:00
1922,1765926750.989459,2025-12-16T23:12:30.989459+00:00
1923,1765926751.009293,2025-12-16T23:12:31.009299+00:00
1924,1765926751.030188,2025-12-16T23:12:31.030191+00:00
1925,1765926751.051053,2025-12-16T23:12:31.051054+00:00
1926,1765926751.0719192,2025-12-16T23:12:31.071925+00:00
1927,1765926751.0897589,2025-12-16T23:12:31.089762+00:00
1928,1765926751.10957,2025-12-16T23:12:31.109603+00:00
1929,1765926751.129218,2025-12-16T23:12:31.129224+00:00
1930,1765926751.150122,2025-12-16T23:12:31.150123+00:00
1931,1765926751.167566,2025-12-16T23:12:31.167568+00:00
1932,1765926751.1884642,2025-12-16T23:12:31.188468+00:00
1933,1765926751.2080798,2025-12-16T23:12:31.208085+00:00
1934,1765926751.227713,2025-12-16T23:12:31.227717+00:00
1935,1765926751.245769,2025-12-16T23:12:31.245790+00:00
1936,1765926751.266665,2025-12-16T23:12:31.266667+00:00
1937,1765926751.2845,2025-12-16T23:12:31.284503+00:00
1938,1765926751.304375,2025-12-16T23:12:31.304377+00:00
1939,1765926751.325233,2025-12-16T23:12:31.325235+00:00
1940,1765926751.343339,2025-12-16T23:12:31.343342+00:00
1941,1765926751.361818,2025-12-16T23:12:31.361820+00:00
1942,1765926751.3788621,2025-12-16T23:12:31.378867+00:00
1943,1765926751.399762,2025-12-16T23:12:31.399764+00:00
1944,1765926751.417687,2025-12-16T23:12:31.417688+00:00
1945,1765926751.43855,2025-12-16T23:12:31.438552+00:00
1946,1765926751.4594119,2025-12-16T23:12:31.459412+00:00
1947,1765926751.477249,2025-12-16T23:12:31.477249+00:00
1948,1765926751.4978838,2025-12-16T23:12:31.497887+00:00
1949,1765926751.5189078,2025-12-16T23:12:31.519041+00:00
1950,1765926751.539948,2025-12-16T23:12:31.539952+00:00
1951,1765926751.560218,2025-12-16T23:12:31.560224+00:00
1952,1765926751.5771189,2025-12-16T23:12:31.577124+00:00
1953,1765926751.5971699,2025-12-16T23:12:31.597176+00:00
1954,1765926751.61587,2025-12-16T23:12:31.615875+00:00
1955,1765926751.635218,2025-12-16T23:12:31.635223+00:00
1956,1765926751.653427,2025-12-16T23:12:31.653431+00:00
1957,1765926751.67432,2025-12-16T23:12:31.674323+00:00
1958,1765926751.695193,2025-12-16T23:12:31.695194+00:00
1959,1765926751.713526,2025-12-16T23:12:31.713529+00:00
1960,1765926751.734259,2025-12-16T23:12:31.734262+00:00
1961,1765926751.7525592,2025-12-16T23:12:31.752563+00:00
1962,1765926751.7711942,2025-12-16T23:12:31.771199+00:00
1963,1765926751.788827,2025-12-16T23:12:31.788832+00:00
1964,1765926751.8094661,2025-12-16T23:12:31.809467+00:00
1965,1765926751.830341,2025-12-16T23:12:31.830343+00:00
1966,1765926751.8483999,2025-12-16T23:12:31.848400+00:00
1967,1765926751.867142,2025-12-16T23:12:31.867153+00:00
1968,1765926751.885012,2025-12-16T23:12:31.885014+00:00
1969,1765926751.904777,2025-12-16T23:12:31.904777+00:00
1970,1765926751.923264,2025-12-16T23:12:31.923270+00:00
1971,1765926751.940925,2025-12-16T23:12:31.940926+00:00
1972,1765926751.960895,2025-12-16T23:12:31.960898+00:00
1973,1765926751.9817972,2025-12-16T23:12:31.981799+00:00
1974,1765926752.0026948,2025-12-16T23:12:32.002696+00:00
1975,1765926752.023584,2025-12-16T23:12:32.023585+00:00
1976,1765926752.043406,2025-12-16T23:12:32.043408+00:00
1977,1765926752.063554,2025-12-16T23:12:32.063555+00:00
1978,1765926752.084278,2025-12-16T23:12:32.084279+00:00
1979,1765926752.104428,2025-12-16T23:12:32.104436+00:00
1980,1765926752.125077,2025-12-16T23:12:32.125079+00:00
1981,1765926752.1420622,2025-12-16T23:12:32.142065+00:00
1982,1765926752.1593568,2025-12-16T23:12:32.159358+00:00
1983,1765926752.1798038,2025-12-16T23:12:32.179807+00:00
1984,1765926752.199934,2025-12-16T23:12:32.199935+00:00
1985,1765926752.21777,2025-12-16T23:12:32.217774+00:00
1986,1765926752.23864,2025-12-16T23:12:32.238640+00:00
1987,1765926752.259486,2025-12-16T23:12:32.259487+00:00
1988,1765926752.280339,2025-12-16T23:12:32.280342+00:00
1989,1765926752.299715,2025-12-16T23:12:32.299716+00:00
1990,1765926752.31759,2025-12-16T23:12:32.317595+00:00
1991,1765926752.336308,2025-12-16T23:12:32.336311+00:00
1992,1765926752.3571851,2025-12-16T23:12:32.357185+00:00
1993,1765926752.376252,2025-12-16T23:12:32.376253+00:00
1994,1765926752.397102,2025-12-16T23:12:32.397102+00:00
1995,1765926752.415058,2025-12-16T23:12:32.415063+00:00
1996,1765926752.43596,2025-12-16T23:12:32.435961+00:00
1997,1765926752.456824,2025-12-16T23:12:32.456826+00:00
1998,1765926752.4755929,2025-12-16T23:12:32.475593+00:00
1999,1765926752.496445,2025-12-16T23:12:32.496446+00:00
2000,1765926752.517296,2025-12-16T23:12:32.517297+00:00
2001,1765926752.5374908,2025-12-16T23:12:32.537494+00:00
2002,1765926752.555907,2025-12-16T23:12:32.555909+00:00
2003,1765926752.5735319,2025-12-16T23:12:32.573537+00:00
2004,1765926752.592128,2025-12-16T23:12:32.592132+00:00
2005,1765926752.613011,2025-12-16T23:12:32.613014+00:00
2006,1765926752.632944,2025-12-16T23:12:32.632947+00:00
2007,1765926752.650878,2025-12-16T23:12:32.650880+00:00
2008,1765926752.6717708,2025-12-16T23:12:32.671777+00:00
2009,1765926752.692672,2025-12-16T23:12:32.692674+00:00
2010,1765926752.712204,2025-12-16T23:12:32.712206+00:00
2011,1765926752.733085,2025-12-16T23:12:32.733090+00:00
2012,1765926752.753927,2025-12-16T23:12:32.753932+00:00
2013,1765926752.7728782,2025-12-16T23:12:32.772880+00:00
2014,1765926752.7898052,2025-12-16T23:12:32.789807+00:00
2015,1765926752.8089228,2025-12-16T23:12:32.808927+00:00
2016,1765926752.8289511,2025-12-16T23:12:32.828957+00:00
2017,1765926752.848897,2025-12-16T23:12:32.848898+00:00
2018,1765926752.867108,2025-12-16T23:12:32.867113+00:00
2019,1765926752.8880079,2025-12-16T23:12:32.888009+00:00
2020,1765926752.908872,2025-12-16T23:12:32.908876+00:00
2021,1765926752.926681,2025-12-16T23:12:32.926683+00:00
2022,1765926752.944947,2025-12-16T23:12:32.944962+00:00
2023,1765926752.963904,2025-12-16T23:12:32.963906+00:00
2024,1765926752.9838479,2025-12-16T23:12:32.983848+00:00
2025,1765926753.004719,2025-12-16T23:12:33.004722+00:00
2026,1765926753.025595,2025-12-16T23:12:33.025597+00:00
2027,1765926753.0431612,2025-12-16T23:12:33.043163+00:00
2028,1765926753.0640168,2025-12-16T23:12:33.064018+00:00
2029,1765926753.082112,2025-12-16T23:12:33.082116+00:00
2030,1765926753.1010728,2025-12-16T23:12:33.101074+00:00
2031,1765926753.1192782,2025-12-16T23:12:33.119281+00:00
2032,1765926753.140161,2025-12-16T23:12:33.140162+00:00
2033,1765926753.160021,2025-12-16T23:12:33.160023+00:00
2034,1765926753.180883,2025-12-16T23:12:33.180885+00:00
2035,1765926753.2014441,2025-12-16T23:12:33.201447+00:00
2036,1765926753.222364,2025-12-16T23:12:33.222384+00:00
2037,1765926753.243304,2025-12-16T23:12:33.243307+00:00
2038,1765926753.261654,2025-12-16T23:12:33.261655+00:00
2039,1765926753.2825248,2025-12-16T23:12:33.282529+00:00
2040,1765926753.3034549,2025-12-16T23:12:33.303471+00:00
2041,1765926753.324363,2025-12-16T23:12:33.324364+00:00
2042,1765926753.342904,2025-12-16T23:12:33.342908+00:00
2043,1765926753.361256,2025-12-16T23:12:33.361257+00:00
2044,1765926753.379402,2025-12-16T23:12:33.379403+00:00
2045,1765926753.3995378,2025-12-16T23:12:33.399542+00:00
2046,1765926753.420544,2025-12-16T23:12:33.420550+00:00
2047,1765926753.440992,2025-12-16T23:12:33.440997+00:00
2048,1765926753.4615119,2025-12-16T23:12:33.461524+00:00
2049,1765926753.4823968,2025-12-16T23:12:33.482398+00:00
2050,1765926753.503266,2025-12-16T23:12:33.503270+00:00
2051,1765926753.524191,2025-12-16T23:12:33.524200+00:00
2052,1765926753.542596,2025-12-16T23:12:33.542601+00:00
2053,1765926753.563506,2025-12-16T23:12:33.563508+00:00
2054,1765926753.584377,2025-12-16T23:12:33.584379+00:00
2055,1765926753.602588,2025-12-16T23:12:33.602592+00:00
2056,1765926753.62247,2025-12-16T23:12:33.622481+00:00
2057,1765926753.6417751,2025-12-16T23:12:33.641780+00:00
2058,1765926753.662108,2025-12-16T23:12:33.662112+00:00
2059,1765926753.682448,2025-12-16T23:12:33.682451+00:00
2060,1765926753.7033348,2025-12-16T23:12:33.703336+00:00
2061,1765926753.720683,2025-12-16T23:12:33.720684+00:00
2062,1765926753.739883,2025-12-16T23:12:33.739884+00:00
2063,1765926753.758229,2025-12-16T23:12:33.758233+00:00
2064,1765926753.777081,2025-12-16T23:12:33.777084+00:00
2065,1765926753.797973,2025-12-16T23:12:33.797976+00:00
2066,1765926753.8176808,2025-12-16T23:12:33.817681+00:00
2067,1765926753.8369238,2025-12-16T23:12:33.836925+00:00
2068,1765926753.8577821,2025-12-16T23:12:33.857783+00:00
2069,1765926753.875934,2025-12-16T23:12:33.875935+00:00
2070,1765926753.892802,2025-12-16T23:12:33.892803+00:00
2071,1765926753.911697,2025-12-16T23:12:33.911698+00:00
2072,1765926753.9291232,2025-12-16T23:12:33.929129+00:00
2073,1765926753.946168,2025-12-16T23:12:33.946176+00:00
2074,1765926753.967071,2025-12-16T23:12:33.967072+00:00
2075,1765926753.987937,2025-12-16T23:12:33.987942+00:00
2076,1765926754.008039,2025-12-16T23:12:34.008042+00:00
2077,1765926754.025074,2025-12-16T23:12:34.025076+00:00
2078,1765926754.045957,2025-12-16T23:12:34.045960+00:00
2079,1765926754.066856,2025-12-16T23:12:34.066858+00:00
2080,1765926754.084377,2025-12-16T23:12:34.084381+00:00
2081,1765926754.1049302,2025-12-16T23:12:34.104934+00:00
2082,1765926754.125857,2025-12-16T23:12:34.125860+00:00
2083,1765926754.142786,2025-12-16T23:12:34.142787+00:00
2084,1765926754.1636438,2025-12-16T23:12:34.163645+00:00
2085,1765926754.184319,2025-12-16T23:12:34.184320+00:00
2086,1765926754.2050931,2025-12-16T23:12:34.205095+00:00
2087,1765926754.2220511,2025-12-16T23:12:34.222056+00:00
2088,1765926754.242688,2025-12-16T23:12:34.242690+00:00
2089,1765926754.2595031,2025-12-16T23:12:34.259507+00:00
2090,1765926754.278131,2025-12-16T23:12:34.278134+00:00
2091,1765926754.296459,2025-12-16T23:12:34.296461+00:00
2092,1765926754.314581,2025-12-16T23:12:34.314607+00:00
2093,1765926754.334095,2025-12-16T23:12:34.334097+00:00
2094,1765926754.351115,2025-12-16T23:12:34.351116+00:00
2095,1765926754.371968,2025-12-16T23:12:34.371969+00:00
2096,1765926754.392649,2025-12-16T23:12:34.392653+00:00
2097,1765926754.4135418,2025-12-16T23:12:34.413545+00:00
2098,1765926754.4332721,2025-12-16T23:12:34.433292+00:00
2099,1765926754.450996,2025-12-16T23:12:34.450996+00:00
2100,1765926754.471843,2025-12-16T23:12:34.471843+00:00
2101,1765926754.492597,2025-12-16T23:12:34.492626+00:00
2102,1765926754.5118132,2025-12-16T23:12:34.511818+00:00
2103,1765926754.530357,2025-12-16T23:12:34.530362+00:00
2104,1765926754.551268,2025-12-16T23:12:34.551272+00:00
2105,1765926754.5697012,2025-12-16T23:12:34.569705+00:00
2106,1765926754.59058,2025-12-16T23:12:34.590583+00:00
2107,1765926754.611446,2025-12-16T23:12:34.611447+00:00
2108,1765926754.63062,2025-12-16T23:12:34.630633+00:00
2109,1765926754.650934,2025-12-16T23:12:34.650938+00:00
2110,1765926754.669764,2025-12-16T23:12:34.669768+00:00
2111,1765926754.689901,2025-12-16T23:12:34.689903+00:00
2112,1765926754.7092822,2025-12-16T23:12:34.709284+00:00
2113,1765926754.728368,2025-12-16T23:12:34.728373+00:00
2114,1765926754.7492712,2025-12-16T23:12:34.749271+00:00
2115,1765926754.7673311,2025-12-16T23:12:34.767334+00:00
2116,1765926754.7850828,2025-12-16T23:12:34.785085+00:00
2117,1765926754.805973,2025-12-16T23:12:34.806040+00:00
2118,1765926754.823929,2025-12-16T23:12:34.823932+00:00
2119,1765926754.841231,2025-12-16T23:12:34.841245+00:00
2120,1765926754.861606,2025-12-16T23:12:34.861610+00:00
2121,1765926754.879798,2025-12-16T23:12:34.879822+00:00
2122,1765926754.89938,2025-12-16T23:12:34.899380+00:00
2123,1765926754.9176042,2025-12-16T23:12:34.917606+00:00
2124,1765926754.938465,2025-12-16T23:12:34.938469+00:00
2125,1765926754.9593868,2025-12-16T23:12:34.959391+00:00
2126,1765926754.980257,2025-12-16T23:12:34.980257+00:00
2127,1765926755.000659,2025-12-16T23:12:35.000664+00:00
2128,1765926755.021557,2025-12-16T23:12:35.021561+00:00
2129,1765926755.0419898,2025-12-16T23:12:35.041992+00:00
2130,1765926755.062878,2025-12-16T23:12:35.062879+00:00
2131,1765926755.0804212,2025-12-16T23:12:35.080480+00:00
2132,1765926755.1008599,2025-12-16T23:12:35.100866+00:00
2133,1765926755.118093,2025-12-16T23:12:35.118095+00:00
2134,1765926755.138062,2025-12-16T23:12:35.138066+00:00
2135,1765926755.158942,2025-12-16T23:12:35.158945+00:00
2136,1765926755.178303,2025-12-16T23:12:35.178306+00:00
2137,1765926755.199182,2025-12-16T23:12:35.199182+00:00
2138,1765926755.220027,2025-12-16T23:12:35.220028+00:00
2139,1765926755.2399821,2025-12-16T23:12:35.239984+00:00
2140,1765926755.259341,2025-12-16T23:12:35.259342+00:00
2141,1765926755.2761862,2025-12-16T23:12:35.276187+00:00
2142,1765926755.2939498,2025-12-16T23:12:35.293966+00:00
2143,1765926755.314854,2025-12-16T23:12:35.314858+00:00
2144,1765926755.333077,2025-12-16T23:12:35.333079+00:00
2145,1765926755.3509388,2025-12-16T23:12:35.350941+00:00
2146,1765926755.371819,2025-12-16T23:12:35.371820+00:00
2147,1765926755.392694,2025-12-16T23:12:35.392696+00:00
2148,1765926755.409438,2025-12-16T23:12:35.409451+00:00
2149,1765926755.428201,2025-12-16T23:12:35.428204+00:00
2150,1765926755.4486132,2025-12-16T23:12:35.448618+00:00
2151,1765926755.469501,2025-12-16T23:12:35.469502+00:00
2152,1765926755.490356,2025-12-16T23:12:35.490360+00:00
2153,1765926755.510551,2025-12-16T23:12:35.510553+00:00
2154,1765926755.531414,2025-12-16T23:12:35.531416+00:00
2155,1765926755.5522828,2025-12-16T23:12:35.552287+00:00
2156,1765926755.573184,2025-12-16T23:12:35.573189+00:00
2157,1765926755.594075,2025-12-16T23:12:35.594076+00:00
2158,1765926755.6149251,2025-12-16T23:12:35.614926+00:00
2159,1765926755.632551,2025-12-16T23:12:35.632556+00:00
2160,1765926755.652807,2025-12-16T23:12:35.652808+00:00
2161,1765926755.670151,2025-12-16T23:12:35.670156+00:00
2162,1765926755.6895092,2025-12-16T23:12:35.689511+00:00
2163,1765926755.707754,2025-12-16T23:12:35.707758+00:00
2164,1765926755.725964,2025-12-16T23:12:35.725970+00:00
2165,1765926755.745163,2025-12-16T23:12:35.745166+00:00
2166,1765926755.7646668,2025-12-16T23:12:35.764667+00:00
2167,1765926755.784105,2025-12-16T23:12:35.784110+00:00
2168,1765926755.804994,2025-12-16T23:12:35.804997+00:00
2169,1765926755.824939,2025-12-16T23:12:35.824942+00:00
2170,1765926755.842583,2025-12-16T23:12:35.842584+00:00
2171,1765926755.863015,2025-12-16T23:12:35.863026+00:00
2172,1765926755.8839219,2025-12-16T23:12:35.883927+00:00
2173,1765926755.904822,2025-12-16T23:12:35.904824+00:00
2174,1765926755.925683,2025-12-16T23:12:35.925693+00:00
2175,1765926755.944439,2025-12-16T23:12:35.944442+00:00
2176,1765926755.9656699,2025-12-16T23:12:35.965671+00:00
2177,1765926755.9866838,2025-12-16T23:12:35.986688+00:00
2178,1765926756.0076742,2025-12-16T23:12:36.007681+00:00
2179,1765926756.0259268,2025-12-16T23:12:36.025933+00:00
2180,1765926756.046921,2025-12-16T23:12:36.046926+00:00
2181,1765926756.066327,2025-12-16T23:12:36.066335+00:00
2182,1765926756.087242,2025-12-16T23:12:36.087243+00:00
2183,1765926756.108116,2025-12-16T23:12:36.108121+00:00
2184,1765926756.1264331,2025-12-16T23:12:36.126436+00:00
2185,1765926756.147302,2025-12-16T23:12:36.147305+00:00
2186,1765926756.1690938,2025-12-16T23:12:36.169096+00:00
2187,1765926756.1859891,2025-12-16T23:12:36.185993+00:00
2188,1765926756.206887,2025-12-16T23:12:36.206895+00:00
2189,1765926756.227798,2025-12-16T23:12:36.227803+00:00
2190,1765926756.247322,2025-12-16T23:12:36.247326+00:00
2191,1765926756.2691672,2025-12-16T23:12:36.269169+00:00
2192,1765926756.290047,2025-12-16T23:12:36.290053+00:00
2193,1765926756.3094258,2025-12-16T23:12:36.309429+00:00
2194,1765926756.3313348,2025-12-16T23:12:36.331340+00:00
2195,1765926756.3540459,2025-12-16T23:12:36.354049+00:00
2196,1765926756.3724911,2025-12-16T23:12:36.372492+00:00
2197,1765926756.393384,2025-12-16T23:12:36.393395+00:00
2198,1765926756.414294,2025-12-16T23:12:36.414298+00:00
2199,1765926756.433169,2025-12-16T23:12:36.433175+00:00
2200,1765926756.452877,2025-12-16T23:12:36.452879+00:00
2201,1765926756.4717288,2025-12-16T23:12:36.471733+00:00
2202,1765926756.492625,2025-12-16T23:12:36.492626+00:00
2203,1765926756.50955,2025-12-16T23:12:36.509552+00:00
2204,1765926756.530442,2025-12-16T23:12:36.530445+00:00
2205,1765926756.549005,2025-12-16T23:12:36.549009+00:00
2206,1765926756.5691898,2025-12-16T23:12:36.569193+00:00
2207,1765926756.5881972,2025-12-16T23:12:36.588202+00:00
2208,1765926756.6091058,2025-12-16T23:12:36.609112+00:00
2209,1765926756.62918,2025-12-16T23:12:36.629183+00:00
2210,1765926756.650048,2025-12-16T23:12:36.650051+00:00
2211,1765926756.6680589,2025-12-16T23:12:36.668061+00:00
2212,1765926756.688931,2025-12-16T23:12:36.688933+00:00
2213,1765926756.709291,2025-12-16T23:12:36.709295+00:00
2214,1765926756.7295601,2025-12-16T23:12:36.729565+00:00
2215,1765926756.750425,2025-12-16T23:12:36.750427+00:00
2216,1765926756.770793,2025-12-16T23:12:36.770794+00:00
2217,1765926756.7915251,2025-12-16T23:12:36.791528+00:00
2218,1765926756.812444,2025-12-16T23:12:36.812445+00:00
2219,1765926756.8333042,2025-12-16T23:12:36.833308+00:00
2220,1765926756.850752,2025-12-16T23:12:36.850755+00:00
2221,1765926756.8678532,2025-12-16T23:12:36.867857+00:00
2222,1765926756.888574,2025-12-16T23:12:36.888576+00:00
2223,1765926756.905323,2025-12-16T23:12:36.905326+00:00
2224,1765926756.925925,2025-12-16T23:12:36.925929+00:00
2225,1765926756.945088,2025-12-16T23:12:36.945090+00:00
2226,1765926756.9624739,2025-12-16T23:12:36.962478+00:00
2227,1765926756.98129,2025-12-16T23:12:36.981294+00:00
2228,1765926757.00102,2025-12-16T23:12:37.001023+00:00
2229,1765926757.021937,2025-12-16T23:12:37.021938+00:00
2230,1765926757.040674,2025-12-16T23:12:37.040676+00:00
2231,1765926757.061551,2025-12-16T23:12:37.061554+00:00
2232,1765926757.082471,2025-12-16T23:12:37.082475+00:00
2233,1765926757.1033568,2025-12-16T23:12:37.103362+00:00
2234,1765926757.1211221,2025-12-16T23:12:37.121132+00:00
2235,1765926757.142048,2025-12-16T23:12:37.142051+00:00
2236,1765926757.158774,2025-12-16T23:12:37.158778+00:00
2237,1765926757.1796532,2025-12-16T23:12:37.179655+00:00
2238,1765926757.197247,2025-12-16T23:12:37.197251+00:00
2239,1765926757.217566,2025-12-16T23:12:37.217571+00:00
2240,1765926757.236417,2025-12-16T23:12:37.236420+00:00
2241,1765926757.253469,2025-12-16T23:12:37.253473+00:00
2242,1765926757.2743402,2025-12-16T23:12:37.274342+00:00
2243,1765926757.2927349,2025-12-16T23:12:37.292746+00:00
2244,1765926757.3109398,2025-12-16T23:12:37.310942+00:00
2245,1765926757.331657,2025-12-16T23:12:37.331658+00:00
2246,1765926757.351139,2025-12-16T23:12:37.351143+00:00
2247,1765926757.371779,2025-12-16T23:12:37.371781+00:00
2248,1765926757.392612,2025-12-16T23:12:37.392612+00:00
2249,1765926757.413472,2025-12-16T23:12:37.413474+00:00
2250,1765926757.434291,2025-12-16T23:12:37.434292+00:00
2251,1765926757.4532301,2025-12-16T23:12:37.453231+00:00
2252,1765926757.470028,2025-12-16T23:12:37.470028+00:00
2253,1765926757.489504,2025-12-16T23:12:37.489504+00:00
2254,1765926757.5105898,2025-12-16T23:12:37.510592+00:00
2255,1765926757.5308108,2025-12-16T23:12:37.530816+00:00
2256,1765926757.549309,2025-12-16T23:12:37.549311+00:00
2257,1765926757.5674849,2025-12-16T23:12:37.567486+00:00
2258,1765926757.5849018,2025-12-16T23:12:37.584906+00:00
2259,1765926757.605781,2025-12-16T23:12:37.605786+00:00
2260,1765926757.62538,2025-12-16T23:12:37.625383+00:00
2261,1765926757.6462579,2025-12-16T23:12:37.646261+00:00
2262,1765926757.667136,2025-12-16T23:12:37.667139+00:00
2263,1765926757.684322,2025-12-16T23:12:37.684324+00:00
2264,1765926757.705198,2025-12-16T23:12:37.705203+00:00
2265,1765926757.723798,2025-12-16T23:12:37.723804+00:00
2266,1765926757.742647,2025-12-16T23:12:37.742648+00:00
2267,1765926757.763509,2025-12-16T23:12:37.763512+00:00
2268,1765926757.782103,2025-12-16T23:12:37.782108+00:00
2269,1765926757.80144,2025-12-16T23:12:37.801443+00:00
2270,1765926757.82234,2025-12-16T23:12:37.822342+00:00
2271,1765926757.842645,2025-12-16T23:12:37.842647+00:00
2272,1765926757.8635142,2025-12-16T23:12:37.863516+00:00
2273,1765926757.884392,2025-12-16T23:12:37.884396+00:00
2274,1765926757.9028878,2025-12-16T23:12:37.902890+00:00
2275,1765926757.923743,2025-12-16T23:12:37.923745+00:00
2276,1765926757.942611,2025-12-16T23:12:37.942614+00:00
2277,1765926757.9634979,2025-12-16T23:12:37.963499+00:00
2278,1765926757.9833999,2025-12-16T23:12:37.983404+00:00
2279,1765926758.004271,2025-12-16T23:12:38.004272+00:00
2280,1765926758.021278,2025-12-16T23:12:38.021280+00:00
2281,1765926758.0386188,2025-12-16T23:12:38.038646+00:00
2282,1765926758.059509,2025-12-16T23:12:38.059510+00:00
2283,1765926758.080387,2025-12-16T23:12:38.080392+00:00
2284,1765926758.100021,2025-12-16T23:12:38.100023+00:00
2285,1765926758.117671,2025-12-16T23:12:38.117676+00:00
2286,1765926758.136288,2025-12-16T23:12:38.136290+00:00
2287,1765926758.1571531,2025-12-16T23:12:38.157156+00:00
2288,1765926758.175543,2025-12-16T23:12:38.175545+00:00
2289,1765926758.196414,2025-12-16T23:12:38.196417+00:00
2290,1765926758.217184,2025-12-16T23:12:38.217188+00:00
2291,1765926758.238088,2025-12-16T23:12:38.238089+00:00
2292,1765926758.25894,2025-12-16T23:12:38.258940+00:00
2293,1765926758.276014,2025-12-16T23:12:38.276015+00:00
2294,1765926758.2967749,2025-12-16T23:12:38.296775+00:00
2295,1765926758.317631,2025-12-16T23:12:38.317651+00:00
2296,1765926758.336321,2025-12-16T23:12:38.336326+00:00
2297,1765926758.3566442,2025-12-16T23:12:38.356645+00:00
2298,1765926758.375962,2025-12-16T23:12:38.375967+00:00
2299,1765926758.396851,2025-12-16T23:12:38.396852+00:00
2300,1765926758.4177039,2025-12-16T23:12:38.417705+00:00
2301,1765926758.43858,2025-12-16T23:12:38.438583+00:00
2302,1765926758.45946,2025-12-16T23:12:38.459461+00:00
2303,1765926758.477216,2025-12-16T23:12:38.477220+00:00
2304,1765926758.498132,2025-12-16T23:12:38.498134+00:00
2305,1765926758.516856,2025-12-16T23:12:38.516860+00:00
2306,1765926758.5360188,2025-12-16T23:12:38.536022+00:00
2307,1765926758.556881,2025-12-16T23:12:38.556883+00:00
2308,1765926758.576132,2025-12-16T23:12:38.576135+00:00
2309,1765926758.59702,2025-12-16T23:12:38.597022+00:00
2310,1765926758.617652,2025-12-16T23:12:38.617653+00:00
2311,1765926758.6365561,2025-12-16T23:12:38.636560+00:00
2312,1765926758.6560798,2025-12-16T23:12:38.656085+00:00
2313,1765926758.6769862,2025-12-16T23:12:38.676993+00:00
2314,1765926758.694983,2025-12-16T23:12:38.694990+00:00
2315,1765926758.7158751,2025-12-16T23:12:38.715877+00:00
2316,1765926758.7353878,2025-12-16T23:12:38.735390+00:00
2317,1765926758.756247,2025-12-16T23:12:38.756248+00:00
2318,1765926758.775945,2025-12-16T23:12:38.775947+00:00
2319,1765926758.7968261,2025-12-16T23:12:38.796828+00:00
2320,1765926758.8149161,2025-12-16T23:12:38.814917+00:00
2321,1765926758.8357701,2025-12-16T23:12:38.835771+00:00
2322,1765926758.854958,2025-12-16T23:12:38.854962+00:00
2323,1765926758.87583,2025-12-16T23:12:38.875832+00:00
2324,1765926758.8926258,2025-12-16T23:12:38.892651+00:00
2325,1765926758.910827,2025-12-16T23:12:38.910865+00:00
2326,1765926758.928229,2025-12-16T23:12:38.928232+00:00
2327,1765926758.945225,2025-12-16T23:12:38.945230+00:00
2328,1765926758.9661682,2025-12-16T23:12:38.966170+00:00
2329,1765926758.982903,2025-12-16T23:12:38.982908+00:00
2330,1765926759.001133,2025-12-16T23:12:39.001138+00:00
2331,1765926759.0220501,2025-12-16T23:12:39.022054+00:00
2332,1765926759.0429282,2025-12-16T23:12:39.042932+00:00
2333,1765926759.0612118,2025-12-16T23:12:39.061218+00:00
2334,1765926759.078149,2025-12-16T23:12:39.078155+00:00
2335,1765926759.096628,2025-12-16T23:12:39.096630+00:00
2336,1765926759.117328,2025-12-16T23:12:39.117329+00:00
2337,1765926759.1345742,2025-12-16T23:12:39.134576+00:00
2338,1765926759.155443,2025-12-16T23:12:39.155446+00:00
2339,1765926759.176001,2025-12-16T23:12:39.176004+00:00
2340,1765926759.192726,2025-12-16T23:12:39.192728+00:00
2341,1765926759.213022,2025-12-16T23:12:39.213026+00:00
2342,1765926759.232943,2025-12-16T23:12:39.232945+00:00
2343,1765926759.250956,2025-12-16T23:12:39.250960+00:00
2344,1765926759.270508,2025-12-16T23:12:39.270510+00:00
2345,1765926759.2913752,2025-12-16T23:12:39.291375+00:00
2346,1765926759.309315,2025-12-16T23:12:39.309315+00:00
2347,1765926759.3260748,2025-12-16T23:12:39.326078+00:00
2348,1765926759.344811,2025-12-16T23:12:39.344813+00:00
2349,1765926759.364324,2025-12-16T23:12:39.364327+00:00
2350,1765926759.38422,2025-12-16T23:12:39.384223+00:00
2351,1765926759.401025,2025-12-16T23:12:39.401028+00:00
2352,1765926759.4219189,2025-12-16T23:12:39.421923+00:00
2353,1765926759.442802,2025-12-16T23:12:39.442803+00:00
2354,1765926759.4598458,2025-12-16T23:12:39.459846+00:00
2355,1765926759.47934,2025-12-16T23:12:39.479342+00:00
2356,1765926759.5002282,2025-12-16T23:12:39.500234+00:00
2357,1765926759.521129,2025-12-16T23:12:39.521132+00:00
2358,1765926759.539357,2025-12-16T23:12:39.539371+00:00
2359,1765926759.558622,2025-12-16T23:12:39.558627+00:00
2360,1765926759.575965,2025-12-16T23:12:39.575967+00:00
2361,1765926759.5958679,2025-12-16T23:12:39.595872+00:00
2362,1765926759.616778,2025-12-16T23:12:39.616779+00:00
2363,1765926759.6336918,2025-12-16T23:12:39.633696+00:00
2364,1765926759.654558,2025-12-16T23:12:39.654561+00:00
2365,1765926759.675447,2025-12-16T23:12:39.675449+00:00
2366,1765926759.6936378,2025-12-16T23:12:39.693641+00:00
2367,1765926759.7133372,2025-12-16T23:12:39.713338+00:00
2368,1765926759.73421,2025-12-16T23:12:39.734265+00:00
2369,1765926759.7526011,2025-12-16T23:12:39.752604+00:00
2370,1765926759.773481,2025-12-16T23:12:39.773481+00:00
2371,1765926759.792065,2025-12-16T23:12:39.792070+00:00
2372,1765926759.81297,2025-12-16T23:12:39.812971+00:00
2373,1765926759.8304708,2025-12-16T23:12:39.830474+00:00
2374,1765926759.8499498,2025-12-16T23:12:39.849952+00:00
2375,1765926759.867591,2025-12-16T23:12:39.867594+00:00
2376,1765926759.888453,2025-12-16T23:12:39.888455+00:00
2377,1765926759.9093142,2025-12-16T23:12:39.909316+00:00
2378,1765926759.930198,2025-12-16T23:12:39.930202+00:00
2379,1765926759.949216,2025-12-16T23:12:39.949221+00:00
2380,1765926759.967552,2025-12-16T23:12:39.967554+00:00
2381,1765926759.98823,2025-12-16T23:12:39.988234+00:00
2382,1765926760.005158,2025-12-16T23:12:40.005160+00:00
2383,1765926760.026026,2025-12-16T23:12:40.026027+00:00
2384,1765926760.046918,2025-12-16T23:12:40.046923+00:00
2385,1765926760.0669172,2025-12-16T23:12:40.066918+00:00
2386,1765926760.0844102,2025-12-16T23:12:40.084422+00:00
2387,1765926760.101959,2025-12-16T23:12:40.101961+00:00
2388,1765926760.122813,2025-12-16T23:12:40.122814+00:00
2389,1765926760.142855,2025-12-16T23:12:40.142856+00:00
2390,1765926760.163714,2025-12-16T23:12:40.163717+00:00
2391,1765926760.184572,2025-12-16T23:12:40.184574+00:00
2392,1765926760.205442,2025-12-16T23:12:40.205446+00:00
2393,1765926760.224446,2025-12-16T23:12:40.224449+00:00
2394,1765926760.24267,2025-12-16T23:12:40.242674+00:00
2395,1765926760.26236,2025-12-16T23:12:40.262363+00:00
2396,1765926760.281615,2025-12-16T23:12:40.281618+00:00
2397,1765926760.301313,2025-12-16T23:12:40.301315+00:00
2398,1765926760.318156,2025-12-16T23:12:40.318156+00:00
2399,1765926760.339013,2025-12-16T23:12:40.339016+00:00
2400,1765926760.3592792,2025-12-16T23:12:40.359280+00:00
2401,1765926760.380148,2025-12-16T23:12:40.380153+00:00
2402,1765926760.3975239,2025-12-16T23:12:40.397527+00:00
2403,1765926760.4167721,2025-12-16T23:12:40.416778+00:00
2404,1765926760.43769,2025-12-16T23:12:40.437694+00:00
2405,1765926760.457694,2025-12-16T23:12:40.457695+00:00
2406,1765926760.4763122,2025-12-16T23:12:40.476314+00:00
2407,1765926760.497178,2025-12-16T23:12:40.497179+00:00
2408,1765926760.518038,2025-12-16T23:12:40.518049+00:00
2409,1765926760.537167,2025-12-16T23:12:40.537172+00:00
2410,1765926760.556531,2025-12-16T23:12:40.556540+00:00
2411,1765926760.5747101,2025-12-16T23:12:40.574716+00:00
2412,1765926760.595625,2025-12-16T23:12:40.595629+00:00
2413,1765926760.613627,2025-12-16T23:12:40.613633+00:00
2414,1765926760.630458,2025-12-16T23:12:40.630466+00:00
2415,1765926760.6493561,2025-12-16T23:12:40.649360+00:00
2416,1765926760.670243,2025-12-16T23:12:40.670248+00:00
2417,1765926760.691146,2025-12-16T23:12:40.691154+00:00
2418,1765926760.712042,2025-12-16T23:12:40.712043+00:00
2419,1765926760.732898,2025-12-16T23:12:40.732900+00:00
2420,1765926760.753532,2025-12-16T23:12:40.753537+00:00
2421,1765926760.774422,2025-12-16T23:12:40.774423+00:00
2422,1765926760.792702,2025-12-16T23:12:40.792702+00:00
2423,1765926760.80939,2025-12-16T23:12:40.809394+00:00
2424,1765926760.8263302,2025-12-16T23:12:40.826331+00:00
2425,1765926760.8471959,2025-12-16T23:12:40.847198+00:00
2426,1765926760.868065,2025-12-16T23:12:40.868065+00:00
2427,1765926760.888921,2025-12-16T23:12:40.888922+00:00
2428,1765926760.90861,2025-12-16T23:12:40.908611+00:00
2429,1765926760.926195,2025-12-16T23:12:40.926195+00:00
2430,1765926760.9470541,2025-12-16T23:12:40.947056+00:00
2431,1765926760.968025,2025-12-16T23:12:40.968026+00:00
2432,1765926760.985356,2025-12-16T23:12:40.985358+00:00
2433,1765926761.006241,2025-12-16T23:12:41.006246+00:00
2434,1765926761.026088,2025-12-16T23:12:41.026092+00:00
2435,1765926761.0443141,2025-12-16T23:12:41.044315+00:00
2436,1765926761.0651772,2025-12-16T23:12:41.065182+00:00
2437,1765926761.085292,2025-12-16T23:12:41.085296+00:00
2438,1765926761.1061811,2025-12-16T23:12:41.106181+00:00
2439,1765926761.127007,2025-12-16T23:12:41.127008+00:00
2440,1765926761.144876,2025-12-16T23:12:41.144879+00:00
2441,1765926761.165685,2025-12-16T23:12:41.165690+00:00
2442,1765926761.1866088,2025-12-16T23:12:41.186613+00:00
2443,1765926761.2074938,2025-12-16T23:12:41.207497+00:00
2444,1765926761.2252002,2025-12-16T23:12:41.225201+00:00
2445,1765926761.246059,2025-12-16T23:12:41.246060+00:00
2446,1765926761.26305,2025-12-16T23:12:41.263053+00:00
2447,1765926761.283936,2025-12-16T23:12:41.283940+00:00
2448,1765926761.304366,2025-12-16T23:12:41.304370+00:00
2449,1765926761.325257,2025-12-16T23:12:41.325259+00:00
2450,1765926761.342714,2025-12-16T23:12:41.342715+00:00
2451,1765926761.363583,2025-12-16T23:12:41.363586+00:00
2452,1765926761.383877,2025-12-16T23:12:41.383882+00:00
2453,1765926761.4010398,2025-12-16T23:12:41.401043+00:00
2454,1765926761.4200032,2025-12-16T23:12:41.420007+00:00
2455,1765926761.438234,2025-12-16T23:12:41.438238+00:00
2456,1765926761.456887,2025-12-16T23:12:41.456890+00:00
2457,1765926761.4777658,2025-12-16T23:12:41.477767+00:00
2458,1765926761.496686,2025-12-16T23:12:41.496687+00:00
2459,1765926761.51755,2025-12-16T23:12:41.517550+00:00
2460,1765926761.5358772,2025-12-16T23:12:41.535878+00:00
2461,1765926761.55637,2025-12-16T23:12:41.556373+00:00
2462,1765926761.5761979,2025-12-16T23:12:41.576199+00:00
2463,1765926761.593089,2025-12-16T23:12:41.593091+00:00
2464,1765926761.6140742,2025-12-16T23:12:41.614075+00:00
2465,1765926761.662914,2025-12-16T23:12:41.662928+00:00
2466,1765926761.683864,2025-12-16T23:12:41.683868+00:00
2467,1765926761.705565,2025-12-16T23:12:41.705571+00:00
2468,1765926761.725035,2025-12-16T23:12:41.725040+00:00
2469,1765926761.743243,2025-12-16T23:12:41.743247+00:00
2470,1765926761.7616892,2025-12-16T23:12:41.761701+00:00
2471,1765926761.778969,2025-12-16T23:12:41.778975+00:00
2472,1765926761.7998679,2025-12-16T23:12:41.799872+00:00
2473,1765926761.81745,2025-12-16T23:12:41.817452+00:00
2474,1765926761.834414,2025-12-16T23:12:41.834435+00:00
2475,1765926761.855347,2025-12-16T23:12:41.855351+00:00
2476,1765926761.87616,2025-12-16T23:12:41.876164+00:00
2477,1765926761.8970492,2025-12-16T23:12:41.897053+00:00
2478,1765926761.916945,2025-12-16T23:12:41.916949+00:00
2479,1765926761.937813,2025-12-16T23:12:41.937814+00:00
2480,1765926761.9552808,2025-12-16T23:12:41.955284+00:00
2481,1765926761.976157,2025-12-16T23:12:41.976159+00:00
2482,1765926761.997016,2025-12-16T23:12:41.997018+00:00
2483,1765926762.015371,2025-12-16T23:12:42.015371+00:00
2484,1765926762.036219,2025-12-16T23:12:42.036220+00:00
2485,1765926762.057087,2025-12-16T23:12:42.057090+00:00
2486,1765926762.076243,2025-12-16T23:12:42.076245+00:00
2487,1765926762.095011,2025-12-16T23:12:42.095016+00:00
2488,1765926762.115944,2025-12-16T23:12:42.115946+00:00
2489,1765926762.1368341,2025-12-16T23:12:42.136835+00:00
2490,1765926762.157513,2025-12-16T23:12:42.157516+00:00
2491,1765926762.177067,2025-12-16T23:12:42.177074+00:00
2492,1765926762.197983,2025-12-16T23:12:42.197988+00:00
2493,1765926762.2174542,2025-12-16T23:12:42.217459+00:00
2494,1765926762.234307,2025-12-16T23:12:42.234314+00:00
2495,1765926762.2532768,2025-12-16T23:12:42.253279+00:00
2496,1765926762.2741382,2025-12-16T23:12:42.274138+00:00
2497,1765926762.29245,2025-12-16T23:12:42.292455+00:00
2498,1765926762.309394,2025-12-16T23:12:42.309396+00:00
2499,1765926762.328599,2025-12-16T23:12:42.328601+00:00
2500,1765926762.349463,2025-12-16T23:12:42.349464+00:00
2501,1765926762.3665578,2025-12-16T23:12:42.366563+00:00
2502,1765926762.38431,2025-12-16T23:12:42.384353+00:00
2503,1765926762.404407,2025-12-16T23:12:42.404408+00:00
2504,1765926762.4252532,2025-12-16T23:12:42.425254+00:00
2505,1765926762.446105,2025-12-16T23:12:42.446106+00:00
2506,1765926762.466968,2025-12-16T23:12:42.466978+00:00
2507,1765926762.4840908,2025-12-16T23:12:42.484091+00:00
2508,1765926762.5030148,2025-12-16T23:12:42.503019+00:00
2509,1765926762.522586,2025-12-16T23:12:42.522590+00:00
2510,1765926762.54042,2025-12-16T23:12:42.540423+00:00
2511,1765926762.561347,2025-12-16T23:12:42.561353+00:00
2512,1765926762.582252,2025-12-16T23:12:42.582255+00:00
2513,1765926762.601192,2025-12-16T23:12:42.601197+00:00
2514,1765926762.619936,2025-12-16T23:12:42.619938+00:00
2515,1765926762.640796,2025-12-16T23:12:42.640796+00:00
2516,1765926762.659151,2025-12-16T23:12:42.659157+00:00
2517,1765926762.677535,2025-12-16T23:12:42.677537+00:00
2518,1765926762.698431,2025-12-16T23:12:42.698435+00:00
2519,1765926762.717471,2025-12-16T23:12:42.717475+00:00
2520,1765926762.7355142,2025-12-16T23:12:42.735518+00:00
2521,1765926762.755815,2025-12-16T23:12:42.755822+00:00
2522,1765926762.775949,2025-12-16T23:12:42.775950+00:00
2523,1765926762.79265,2025-12-16T23:12:42.792651+00:00
2524,1765926762.813503,2025-12-16T23:12:42.813504+00:00
2525,1765926762.8343601,2025-12-16T23:12:42.834362+00:00
2526,1765926762.855231,2025-12-16T23:12:42.855234+00:00
2527,1765926762.875946,2025-12-16T23:12:42.875947+00:00
2528,1765926762.896086,2025-12-16T23:12:42.896093+00:00
2529,1765926762.91313,2025-12-16T23:12:42.913131+00:00
2530,1765926762.933992,2025-12-16T23:12:42.933993+00:00
2531,1765926762.9545028,2025-12-16T23:12:42.954504+00:00
2532,1765926762.973228,2025-12-16T23:12:42.973274+00:00
2533,1765926762.994186,2025-12-16T23:12:42.994189+00:00
2534,1765926763.0136251,2025-12-16T23:12:43.013628+00:00
2535,1765926763.034508,2025-12-16T23:12:43.034511+00:00
2536,1765926763.055407,2025-12-16T23:12:43.055412+00:00
2537,1765926763.0734751,2025-12-16T23:12:43.073478+00:00
2538,1765926763.092638,2025-12-16T23:12:43.092639+00:00
2539,1765926763.1131022,2025-12-16T23:12:43.113103+00:00
2540,1765926763.131632,2025-12-16T23:12:43.131633+00:00
2541,1765926763.151964,2025-12-16T23:12:43.151968+00:00
2542,1765926763.1691148,2025-12-16T23:12:43.169116+00:00
2543,1765926763.189991,2025-12-16T23:12:43.190021+00:00
2544,1765926763.210542,2025-12-16T23:12:43.210547+00:00
2545,1765926763.231028,2025-12-16T23:12:43.231033+00:00
2546,1765926763.248895,2025-12-16T23:12:43.248897+00:00
2547,1765926763.267617,2025-12-16T23:12:43.267620+00:00
2548,1765926763.284769,2025-12-16T23:12:43.284771+00:00
2549,1765926763.305633,2025-12-16T23:12:43.305636+00:00
2550,1765926763.326508,2025-12-16T23:12:43.326509+00:00
2551,1765926763.3473668,2025-12-16T23:12:43.347371+00:00
2552,1765926763.367712,2025-12-16T23:12:43.367714+00:00
2553,1765926763.388448,2025-12-16T23:12:43.388449+00:00
2554,1765926763.409306,2025-12-16T23:12:43.409311+00:00
2555,1765926763.4281018,2025-12-16T23:12:43.428105+00:00
2556,1765926763.448284,2025-12-16T23:12:43.448287+00:00
2557,1765926763.467627,2025-12-16T23:12:43.467632+00:00
2558,1765926763.488547,2025-12-16T23:12:43.488550+00:00
2559,1765926763.50944,2025-12-16T23:12:43.509442+00:00
2560,1765926763.530316,2025-12-16T23:12:43.530320+00:00
2561,1765926763.547601,2025-12-16T23:12:43.547605+00:00
2562,1765926763.568483,2025-12-16T23:12:43.568484+00:00
2563,1765926763.589355,2025-12-16T23:12:43.589357+00:00
2564,1765926763.609372,2025-12-16T23:12:43.609374+00:00
2565,1765926763.6302888,2025-12-16T23:12:43.630292+00:00
2566,1765926763.651026,2025-12-16T23:12:43.651028+00:00
2567,1765926763.671935,2025-12-16T23:12:43.671940+00:00
2568,1765926763.6926148,2025-12-16T23:12:43.692623+00:00
2569,1765926763.7095418,2025-12-16T23:12:43.709546+00:00
2570,1765926763.730454,2025-12-16T23:12:43.730456+00:00
2571,1765926763.750964,2025-12-16T23:12:43.750969+00:00
2572,1765926763.771958,2025-12-16T23:12:43.771960+00:00
2573,1765926763.7920508,2025-12-16T23:12:43.792053+00:00
2574,1765926763.811523,2025-12-16T23:12:43.811525+00:00
2575,1765926763.828581,2025-12-16T23:12:43.828585+00:00
2576,1765926763.849477,2025-12-16T23:12:43.849482+00:00
2577,1765926763.870086,2025-12-16T23:12:43.870088+00:00
2578,1765926763.8883631,2025-12-16T23:12:43.888367+00:00
2579,1765926763.9092531,2025-12-16T23:12:43.909256+00:00
2580,1765926763.928549,2025-12-16T23:12:43.928553+00:00
2581,1765926763.949458,2025-12-16T23:12:43.949464+00:00
2582,1765926763.969147,2025-12-16T23:12:43.969149+00:00
2583,1765926763.98833,2025-12-16T23:12:43.988333+00:00
2584,1765926764.00751,2025-12-16T23:12:44.007515+00:00
2585,1765926764.0275462,2025-12-16T23:12:44.027551+00:00
2586,1765926764.048459,2025-12-16T23:12:44.048465+00:00
2587,1765926764.067608,2025-12-16T23:12:44.067612+00:00
2588,1765926764.08851,2025-12-16T23:12:44.088513+00:00
2589,1765926764.109262,2025-12-16T23:12:44.109264+00:00
2590,1765926764.126294,2025-12-16T23:12:44.126295+00:00
2591,1765926764.147139,2025-12-16T23:12:44.147140+00:00
2592,1765926764.167993,2025-12-16T23:12:44.167996+00:00
2593,1765926764.188628,2025-12-16T23:12:44.188637+00:00
2594,1765926764.209355,2025-12-16T23:12:44.209358+00:00
2595,1765926764.228925,2025-12-16T23:12:44.228935+00:00
2596,1765926764.2498078,2025-12-16T23:12:44.249810+00:00
2597,1765926764.269232,2025-12-16T23:12:44.269235+00:00
2598,1765926764.290115,2025-12-16T23:12:44.290116+00:00
2599,1765926764.310978,2025-12-16T23:12:44.310981+00:00
2600,1765926764.331867,2025-12-16T23:12:44.331869+00:00
2601,1765926764.352747,2025-12-16T23:12:44.352750+00:00
2602,1765926764.369796,2025-12-16T23:12:44.369797+00:00
2603,1765926764.386569,2025-12-16T23:12:44.386569+00:00
2604,1765926764.405344,2025-12-16T23:12:44.405346+00:00
2605,1765926764.426229,2025-12-16T23:12:44.426232+00:00
2606,1765926764.448054,2025-12-16T23:12:44.448059+00:00
2607,1765926764.4651752,2025-12-16T23:12:44.465177+00:00
2608,1765926764.482172,2025-12-16T23:12:44.482173+00:00
2609,1765926764.5009742,2025-12-16T23:12:44.500975+00:00
2610,1765926764.521852,2025-12-16T23:12:44.521861+00:00
2611,1765926764.542762,2025-12-16T23:12:44.542765+00:00
2612,1765926764.562937,2025-12-16T23:12:44.562941+00:00
2613,1765926764.5838232,2025-12-16T23:12:44.583824+00:00
2614,1765926764.604695,2025-12-16T23:12:44.604700+00:00
2615,1765926764.622731,2025-12-16T23:12:44.622734+00:00
2616,1765926764.643594,2025-12-16T23:12:44.643595+00:00
2617,1765926764.6644459,2025-12-16T23:12:44.664447+00:00
2618,1765926764.683867,2025-12-16T23:12:44.683869+00:00
2619,1765926764.701629,2025-12-16T23:12:44.701631+00:00
2620,1765926764.719748,2025-12-16T23:12:44.719754+00:00
2621,1765926764.7380428,2025-12-16T23:12:44.738044+00:00
2622,1765926764.758909,2025-12-16T23:12:44.758911+00:00
2623,1765926764.779798,2025-12-16T23:12:44.779799+00:00
2624,1765926764.797737,2025-12-16T23:12:44.797738+00:00
2625,1765926764.814826,2025-12-16T23:12:44.814826+00:00
2626,1765926764.8332422,2025-12-16T23:12:44.833244+00:00
2627,1765926764.852374,2025-12-16T23:12:44.852378+00:00
2628,1765926764.87327,2025-12-16T23:12:44.873276+00:00
2629,1765926764.894058,2025-12-16T23:12:44.894063+00:00
2630,1765926764.91467,2025-12-16T23:12:44.914674+00:00
2631,1765926764.934273,2025-12-16T23:12:44.934274+00:00
2632,1765926764.951018,2025-12-16T23:12:44.951020+00:00
2633,1765926764.969774,2025-12-16T23:12:44.969791+00:00
2634,1765926764.990704,2025-12-16T23:12:44.990708+00:00
2635,1765926765.009294,2025-12-16T23:12:45.009295+00:00
2636,1765926765.026091,2025-12-16T23:12:45.026097+00:00
2637,1765926765.046981,2025-12-16T23:12:45.046982+00:00
2638,1765926765.067843,2025-12-16T23:12:45.067847+00:00
2639,1765926765.086453,2025-12-16T23:12:45.086458+00:00
2640,1765926765.107352,2025-12-16T23:12:45.107353+00:00
2641,1765926765.128217,2025-12-16T23:12:45.128220+00:00
2642,1765926765.146037,2025-12-16T23:12:45.146047+00:00
2643,1765926765.1630678,2025-12-16T23:12:45.163072+00:00
2644,1765926765.183703,2025-12-16T23:12:45.183706+00:00
2645,1765926765.204572,2025-12-16T23:12:45.204575+00:00
2646,1765926765.2235992,2025-12-16T23:12:45.223634+00:00
2647,1765926765.2512121,2025-12-16T23:12:45.251216+00:00
2648,1765926765.284649,2025-12-16T23:12:45.284652+00:00
2649,1765926765.305522,2025-12-16T23:12:45.305528+00:00
2650,1765926765.326418,2025-12-16T23:12:45.326422+00:00
2651,1765926765.3443542,2025-12-16T23:12:45.344359+00:00
2652,1765926765.365251,2025-12-16T23:12:45.365252+00:00
2653,1765926765.384298,2025-12-16T23:12:45.384304+00:00
2654,1765926765.405206,2025-12-16T23:12:45.405211+00:00
2655,1765926765.422936,2025-12-16T23:12:45.422938+00:00
2656,1765926765.443787,2025-12-16T23:12:45.443788+00:00
2657,1765926765.464639,2025-12-16T23:12:45.464644+00:00
2658,1765926765.4855418,2025-12-16T23:12:45.485546+00:00
2659,1765926765.506453,2025-12-16T23:12:45.506459+00:00
2660,1765926765.5259972,2025-12-16T23:12:45.526002+00:00
2661,1765926765.545266,2025-12-16T23:12:45.545271+00:00
2662,1765926765.562119,2025-12-16T23:12:45.562125+00:00
2663,1765926765.5798368,2025-12-16T23:12:45.579842+00:00
2664,1765926765.5994291,2025-12-16T23:12:45.599433+00:00
2665,1765926765.616158,2025-12-16T23:12:45.616159+00:00
2666,1765926765.637008,2025-12-16T23:12:45.637009+00:00
2667,1765926765.657771,2025-12-16T23:12:45.657772+00:00
2668,1765926765.67453,2025-12-16T23:12:45.674530+00:00
2669,1765926765.693849,2025-12-16T23:12:45.693853+00:00
2670,1765926765.711864,2025-12-16T23:12:45.711872+00:00
2671,1765926765.729277,2025-12-16T23:12:45.729280+00:00
2672,1765926765.750038,2025-12-16T23:12:45.750040+00:00
2673,1765926765.7689579,2025-12-16T23:12:45.768962+00:00
2674,1765926765.7894778,2025-12-16T23:12:45.789482+00:00
2675,1765926765.8087978,2025-12-16T23:12:45.808801+00:00
2676,1765926765.82967,2025-12-16T23:12:45.829677+00:00
2677,1765926765.847743,2025-12-16T23:12:45.847746+00:00
2678,1765926765.8679922,2025-12-16T23:12:45.867995+00:00
2679,1765926765.886176,2025-12-16T23:12:45.886179+00:00
2680,1765926765.903784,2025-12-16T23:12:45.903786+00:00
2681,1765926765.9246552,2025-12-16T23:12:45.924658+00:00
2682,1765926765.942621,2025-12-16T23:12:45.942622+00:00
2683,1765926765.963491,2025-12-16T23:12:45.963497+00:00
2684,1765926765.9844081,2025-12-16T23:12:45.984412+00:00
2685,1765926766.00115,2025-12-16T23:12:46.001154+00:00
2686,1765926766.022037,2025-12-16T23:12:46.022040+00:00
2687,1765926766.043634,2025-12-16T23:12:46.043638+00:00
2688,1765926766.062332,2025-12-16T23:12:46.062338+00:00
2689,1765926766.083241,2025-12-16T23:12:46.083246+00:00
2690,1765926766.100737,2025-12-16T23:12:46.100741+00:00
2691,1765926766.121425,2025-12-16T23:12:46.121435+00:00
2692,1765926766.141936,2025-12-16T23:12:46.141940+00:00
2693,1765926766.162847,2025-12-16T23:12:46.162848+00:00
2694,1765926766.182854,2025-12-16T23:12:46.182858+00:00
2695,1765926766.200644,2025-12-16T23:12:46.200646+00:00
2696,1765926766.221502,2025-12-16T23:12:46.221505+00:00
2697,1765926766.242372,2025-12-16T23:12:46.242375+00:00
2698,1765926766.263273,2025-12-16T23:12:46.263279+00:00
2699,1765926766.2808802,2025-12-16T23:12:46.280881+00:00
2700,1765926766.301675,2025-12-16T23:12:46.301679+00:00
2701,1765926766.3211362,2025-12-16T23:12:46.321140+00:00
2702,1765926766.342017,2025-12-16T23:12:46.342018+00:00
2703,1765926766.359267,2025-12-16T23:12:46.359273+00:00
2704,1765926766.376117,2025-12-16T23:12:46.376122+00:00
2705,1765926766.3962371,2025-12-16T23:12:46.396243+00:00
2706,1765926766.4171379,2025-12-16T23:12:46.417141+00:00
2707,1765926766.434183,2025-12-16T23:12:46.434197+00:00
2708,1765926766.4551098,2025-12-16T23:12:46.455117+00:00
2709,1765926766.4760268,2025-12-16T23:12:46.476029+00:00
2710,1765926766.4968908,2025-12-16T23:12:46.496892+00:00
2711,1765926766.516844,2025-12-16T23:12:46.516863+00:00
2712,1765926766.5367832,2025-12-16T23:12:46.536860+00:00
2713,1765926766.557376,2025-12-16T23:12:46.557380+00:00
2714,1765926766.575548,2025-12-16T23:12:46.575553+00:00
2715,1765926766.593463,2025-12-16T23:12:46.593482+00:00
2716,1765926766.614385,2025-12-16T23:12:46.614390+00:00
2717,1765926766.634283,2025-12-16T23:12:46.634287+00:00
2718,1765926766.655173,2025-12-16T23:12:46.655176+00:00
2719,1765926766.674342,2025-12-16T23:12:46.674345+00:00
2720,1765926766.692221,2025-12-16T23:12:46.692223+00:00
2721,1765926766.7105489,2025-12-16T23:12:46.710555+00:00
2722,1765926766.7305331,2025-12-16T23:12:46.730538+00:00
2723,1765926766.749304,2025-12-16T23:12:46.749309+00:00
2724,1765926766.767622,2025-12-16T23:12:46.767625+00:00
2725,1765926766.7845771,2025-12-16T23:12:46.784579+00:00
2726,1765926766.8054411,2025-12-16T23:12:46.805443+00:00
2727,1765926766.825959,2025-12-16T23:12:46.825964+00:00
2728,1765926766.8465762,2025-12-16T23:12:46.846577+00:00
2729,1765926766.863821,2025-12-16T23:12:46.863826+00:00
2730,1765926766.8841548,2025-12-16T23:12:46.884160+00:00
2731,1765926766.9019678,2025-12-16T23:12:46.901978+00:00
2732,1765926766.919275,2025-12-16T23:12:46.919280+00:00
2733,1765926766.936331,2025-12-16T23:12:46.936337+00:00
2734,1765926766.953184,2025-12-16T23:12:46.953188+00:00
2735,1765926766.974058,2025-12-16T23:12:46.974061+00:00
2736,1765926766.992616,2025-12-16T23:12:46.992623+00:00
2737,1765926767.011565,2025-12-16T23:12:47.011578+00:00
2738,1765926767.031855,2025-12-16T23:12:47.031873+00:00
2739,1765926767.0509472,2025-12-16T23:12:47.050953+00:00
2740,1765926767.0700061,2025-12-16T23:12:47.070011+00:00
2741,1765926767.089138,2025-12-16T23:12:47.089141+00:00
2742,1765926767.1090162,2025-12-16T23:12:47.109021+00:00
2743,1765926767.1264918,2025-12-16T23:12:47.126496+00:00
2744,1765926767.147174,2025-12-16T23:12:47.147179+00:00
2745,1765926767.168115,2025-12-16T23:12:47.168120+00:00
2746,1765926767.187686,2025-12-16T23:12:47.187691+00:00
2747,1765926767.2072802,2025-12-16T23:12:47.207283+00:00
2748,1765926767.225394,2025-12-16T23:12:47.225415+00:00
2749,1765926767.2448142,2025-12-16T23:12:47.244818+00:00
2750,1765926767.265712,2025-12-16T23:12:47.265718+00:00
2751,1765926767.284429,2025-12-16T23:12:47.284443+00:00
2752,1765926767.305454,2025-12-16T23:12:47.305459+00:00
2753,1765926767.325253,2025-12-16T23:12:47.325259+00:00
2754,1765926767.346168,2025-12-16T23:12:47.346172+00:00
2755,1765926767.367064,2025-12-16T23:12:47.367068+00:00
2756,1765926767.384002,2025-12-16T23:12:47.384040+00:00
2757,1765926767.4010298,2025-12-16T23:12:47.401037+00:00
2758,1765926767.4200299,2025-12-16T23:12:47.420034+00:00
2759,1765926767.439531,2025-12-16T23:12:47.439531+00:00
2760,1765926767.45929,2025-12-16T23:12:47.459292+00:00
2761,1765926767.480067,2025-12-16T23:12:47.480068+00:00
2762,1765926767.497535,2025-12-16T23:12:47.497538+00:00
2763,1765926767.518018,2025-12-16T23:12:47.518022+00:00
2764,1765926767.5421638,2025-12-16T23:12:47.542169+00:00
2765,1765926767.5592802,2025-12-16T23:12:47.559285+00:00
2766,1765926767.579798,2025-12-16T23:12:47.579802+00:00
2767,1765926767.60069,2025-12-16T23:12:47.600694+00:00
2768,1765926767.621561,2025-12-16T23:12:47.621564+00:00
2769,1765926767.643573,2025-12-16T23:12:47.643591+00:00
2770,1765926767.662858,2025-12-16T23:12:47.662863+00:00
2771,1765926767.682529,2025-12-16T23:12:47.682537+00:00
2772,1765926767.70104,2025-12-16T23:12:47.701047+00:00
2773,1765926767.720175,2025-12-16T23:12:47.720185+00:00
2774,1765926767.741118,2025-12-16T23:12:47.741125+00:00
2775,1765926767.7620292,2025-12-16T23:12:47.762030+00:00
2776,1765926767.779747,2025-12-16T23:12:47.779750+00:00
2777,1765926767.7991738,2025-12-16T23:12:47.799179+00:00
2778,1765926767.817219,2025-12-16T23:12:47.817245+00:00
2779,1765926767.8343942,2025-12-16T23:12:47.834395+00:00
2780,1765926767.855252,2025-12-16T23:12:47.855253+00:00
2781,1765926767.8749068,2025-12-16T23:12:47.874910+00:00
2782,1765926767.895774,2025-12-16T23:12:47.895775+00:00
2783,1765926767.915906,2025-12-16T23:12:47.915920+00:00
2784,1765926767.934036,2025-12-16T23:12:47.934042+00:00
2785,1765926767.9549708,2025-12-16T23:12:47.954979+00:00
2786,1765926767.975882,2025-12-16T23:12:47.975885+00:00
2787,1765926767.992806,2025-12-16T23:12:47.992808+00:00
2788,1765926768.0104609,2025-12-16T23:12:48.010463+00:00
2789,1765926768.030947,2025-12-16T23:12:48.030950+00:00
2790,1765926768.051007,2025-12-16T23:12:48.051009+00:00
2791,1765926768.071876,2025-12-16T23:12:48.071878+00:00
2792,1765926768.092611,2025-12-16T23:12:48.092614+00:00
2793,1765926768.113557,2025-12-16T23:12:48.113563+00:00
2794,1765926768.134176,2025-12-16T23:12:48.134178+00:00
2795,1765926768.1510131,2025-12-16T23:12:48.151014+00:00
2796,1765926768.168216,2025-12-16T23:12:48.168226+00:00
2797,1765926768.189141,2025-12-16T23:12:48.189146+00:00
2798,1765926768.209316,2025-12-16T23:12:48.209327+00:00
2799,1765926768.230247,2025-12-16T23:12:48.230252+00:00
2800,1765926768.250192,2025-12-16T23:12:48.250196+00:00
2801,1765926768.271103,2025-12-16T23:12:48.271106+00:00
2802,1765926768.291981,2025-12-16T23:12:48.291991+00:00
2803,1765926768.3125498,2025-12-16T23:12:48.312552+00:00
2804,1765926768.33199,2025-12-16T23:12:48.331991+00:00
2805,1765926768.351292,2025-12-16T23:12:48.351296+00:00
2806,1765926768.369257,2025-12-16T23:12:48.369259+00:00
2807,1765926768.386971,2025-12-16T23:12:48.386974+00:00
2808,1765926768.403849,2025-12-16T23:12:48.403850+00:00
2809,1765926768.423337,2025-12-16T23:12:48.423340+00:00
2810,1765926768.4442172,2025-12-16T23:12:48.444218+00:00
2811,1765926768.463645,2025-12-16T23:12:48.463645+00:00
2812,1765926768.4817421,2025-12-16T23:12:48.481746+00:00
2813,1765926768.499059,2025-12-16T23:12:48.499059+00:00
2814,1765926768.516293,2025-12-16T23:12:48.516297+00:00
2815,1765926768.535848,2025-12-16T23:12:48.535858+00:00
2816,1765926768.5554,2025-12-16T23:12:48.555403+00:00
2817,1765926768.575967,2025-12-16T23:12:48.575990+00:00
2818,1765926768.593153,2025-12-16T23:12:48.593156+00:00
2819,1765926768.6140149,2025-12-16T23:12:48.614015+00:00
2820,1765926768.6348732,2025-12-16T23:12:48.634875+00:00
2821,1765926768.655732,2025-12-16T23:12:48.655733+00:00
2822,1765926768.67606,2025-12-16T23:12:48.676063+00:00
2823,1765926768.6966631,2025-12-16T23:12:48.696664+00:00
2824,1765926768.717518,2025-12-16T23:12:48.717521+00:00
2825,1765926768.735693,2025-12-16T23:12:48.735699+00:00
2826,1765926768.753063,2025-12-16T23:12:48.753069+00:00
2827,1765926768.7714088,2025-12-16T23:12:48.771413+00:00
2828,1765926768.792316,2025-12-16T23:12:48.792318+00:00
2829,1765926768.811218,2025-12-16T23:12:48.811223+00:00
2830,1765926768.8321338,2025-12-16T23:12:48.832143+00:00
2831,1765926768.852864,2025-12-16T23:12:48.852865+00:00
2832,1765926768.8727732,2025-12-16T23:12:48.872775+00:00
2833,1765926768.8936388,2025-12-16T23:12:48.893642+00:00
2834,1765926768.911099,2025-12-16T23:12:48.911102+00:00
2835,1765926768.9295108,2025-12-16T23:12:48.929512+00:00
2836,1765926768.947328,2025-12-16T23:12:48.947329+00:00
2837,1765926768.96818,2025-12-16T23:12:48.968180+00:00
2838,1765926768.9890418,2025-12-16T23:12:48.989048+00:00
2839,1765926769.0069609,2025-12-16T23:12:49.006962+00:00
2840,1765926769.02596,2025-12-16T23:12:49.025965+00:00
2841,1765926769.046189,2025-12-16T23:12:49.046193+00:00
2842,1765926769.0670688,2025-12-16T23:12:49.067072+00:00
2843,1765926769.0876281,2025-12-16T23:12:49.087631+00:00
2844,1765926769.1085062,2025-12-16T23:12:49.108508+00:00
2845,1765926769.129088,2025-12-16T23:12:49.129090+00:00
2846,1765926769.149951,2025-12-16T23:12:49.149952+00:00
2847,1765926769.1676319,2025-12-16T23:12:49.167632+00:00
2848,1765926769.1884968,2025-12-16T23:12:49.188498+00:00
2849,1765926769.20936,2025-12-16T23:12:49.209361+00:00
2850,1765926769.230211,2025-12-16T23:12:49.230213+00:00
2851,1765926769.250956,2025-12-16T23:12:49.250960+00:00
2852,1765926769.270923,2025-12-16T23:12:49.270931+00:00
2853,1765926769.291989,2025-12-16T23:12:49.291993+00:00
2854,1765926769.3128839,2025-12-16T23:12:49.312886+00:00
2855,1765926769.331605,2025-12-16T23:12:49.331608+00:00
2856,1765926769.350997,2025-12-16T23:12:49.350998+00:00
2857,1765926769.367717,2025-12-16T23:12:49.367717+00:00
2858,1765926769.38857,2025-12-16T23:12:49.388572+00:00
2859,1765926769.409274,2025-12-16T23:12:49.409275+00:00
2860,1765926769.43013,2025-12-16T23:12:49.430130+00:00
2861,1765926769.451016,2025-12-16T23:12:49.451017+00:00
2862,1765926769.4703019,2025-12-16T23:12:49.470310+00:00
2863,1765926769.491174,2025-12-16T23:12:49.491176+00:00
2864,1765926769.509992,2025-12-16T23:12:49.509993+00:00
2865,1765926769.529886,2025-12-16T23:12:49.529889+00:00
2866,1765926769.55076,2025-12-16T23:12:49.550763+00:00
2867,1765926769.567691,2025-12-16T23:12:49.567697+00:00
2868,1765926769.588591,2025-12-16T23:12:49.588594+00:00
2869,1765926769.6094809,2025-12-16T23:12:49.609485+00:00
2870,1765926769.6324139,2025-12-16T23:12:49.633461+00:00
2871,1765926769.650958,2025-12-16T23:12:49.650972+00:00
2872,1765926769.6718788,2025-12-16T23:12:49.671881+00:00
2873,1765926769.692652,2025-12-16T23:12:49.692661+00:00
2874,1765926769.713547,2025-12-16T23:12:49.713550+00:00
2875,1765926769.7350872,2025-12-16T23:12:49.735091+00:00
2876,1765926769.753128,2025-12-16T23:12:49.753134+00:00
2877,1765926769.769923,2025-12-16T23:12:49.769926+00:00
2878,1765926769.7891939,2025-12-16T23:12:49.789196+00:00
2879,1765926769.8093581,2025-12-16T23:12:49.809359+00:00
2880,1765926769.827866,2025-12-16T23:12:49.827868+00:00
2881,1765926769.8487308,2025-12-16T23:12:49.848732+00:00
2882,1765926769.867637,2025-12-16T23:12:49.867639+00:00
2883,1765926769.8857331,2025-12-16T23:12:49.885736+00:00
2884,1765926769.904769,2025-12-16T23:12:49.904772+00:00
2885,1765926769.924973,2025-12-16T23:12:49.924979+00:00
2886,1765926769.943198,2025-12-16T23:12:49.943203+00:00
2887,1765926769.964104,2025-12-16T23:12:49.964113+00:00
2888,1765926769.9850318,2025-12-16T23:12:49.985034+00:00
2889,1765926770.004152,2025-12-16T23:12:50.004171+00:00
2890,1765926770.025126,2025-12-16T23:12:50.025131+00:00
2891,1765926770.043673,2025-12-16T23:12:50.043676+00:00
2892,1765926770.0625532,2025-12-16T23:12:50.062555+00:00
2893,1765926770.0834188,2025-12-16T23:12:50.083422+00:00
2894,1765926770.1039438,2025-12-16T23:12:50.103947+00:00
2895,1765926770.124819,2025-12-16T23:12:50.124822+00:00
2896,1765926770.1457589,2025-12-16T23:12:50.145764+00:00
2897,1765926770.166332,2025-12-16T23:12:50.166337+00:00
2898,1765926770.185088,2025-12-16T23:12:50.185096+00:00
2899,1765926770.205987,2025-12-16T23:12:50.205992+00:00
2900,1765926770.2252102,2025-12-16T23:12:50.225216+00:00
2901,1765926770.242728,2025-12-16T23:12:50.242733+00:00
2902,1765926770.259855,2025-12-16T23:12:50.259859+00:00
2903,1765926770.2807329,2025-12-16T23:12:50.280738+00:00
2904,1765926770.301627,2025-12-16T23:12:50.301632+00:00
2905,1765926770.321269,2025-12-16T23:12:50.321273+00:00
2906,1765926770.340974,2025-12-16T23:12:50.340975+00:00
2907,1765926770.360368,2025-12-16T23:12:50.360370+00:00
2908,1765926770.3798552,2025-12-16T23:12:50.379857+00:00
2909,1765926770.399959,2025-12-16T23:12:50.399962+00:00
2910,1765926770.41763,2025-12-16T23:12:50.417631+00:00
2911,1765926770.434407,2025-12-16T23:12:50.434409+00:00
2912,1765926770.455064,2025-12-16T23:12:50.455067+00:00
2913,1765926770.475945,2025-12-16T23:12:50.475951+00:00
2914,1765926770.4943612,2025-12-16T23:12:50.494365+00:00
2915,1765926770.5146098,2025-12-16T23:12:50.514614+00:00
2916,1765926770.534559,2025-12-16T23:12:50.534563+00:00
2917,1765926770.5554712,2025-12-16T23:12:50.555476+00:00
2918,1765926770.574191,2025-12-16T23:12:50.574196+00:00
2919,1765926770.595104,2025-12-16T23:12:50.595111+00:00
2920,1765926770.615983,2025-12-16T23:12:50.615984+00:00
2921,1765926770.636853,2025-12-16T23:12:50.636858+00:00
2922,1765926770.657526,2025-12-16T23:12:50.657529+00:00
2923,1765926770.678401,2025-12-16T23:12:50.678402+00:00
2924,1765926770.6958861,2025-12-16T23:12:50.695891+00:00
2925,1765926770.7138538,2025-12-16T23:12:50.713857+00:00
2926,1765926770.731822,2025-12-16T23:12:50.731827+00:00
2927,1765926770.7509649,2025-12-16T23:12:50.750967+00:00
2928,1765926770.767731,2025-12-16T23:12:50.767731+00:00
2929,1765926770.788597,2025-12-16T23:12:50.788598+00:00
2930,1765926770.8093581,2025-12-16T23:12:50.809359+00:00
2931,1765926770.829268,2025-12-16T23:12:50.829269+00:00
2932,1765926770.850122,2025-12-16T23:12:50.850124+00:00
2933,1765926770.870985,2025-12-16T23:12:50.870989+00:00
2934,1765926770.891867,2025-12-16T23:12:50.891870+00:00
2935,1765926770.9127529,2025-12-16T23:12:50.912757+00:00
2936,1765926770.931107,2025-12-16T23:12:50.931111+00:00
2937,1765926770.9520042,2025-12-16T23:12:50.952011+00:00
2938,1765926770.969801,2025-12-16T23:12:50.969805+00:00
2939,1765926770.9880729,2025-12-16T23:12:50.988074+00:00
2940,1765926771.0062752,2025-12-16T23:12:51.006279+00:00
2941,1765926771.027172,2025-12-16T23:12:51.027175+00:00
2942,1765926771.0480509,2025-12-16T23:12:51.048054+00:00
2943,1765926771.06894,2025-12-16T23:12:51.068943+00:00
2944,1765926771.086275,2025-12-16T23:12:51.086276+00:00
2945,1765926771.105443,2025-12-16T23:12:51.105447+00:00
2946,1765926771.126345,2025-12-16T23:12:51.126345+00:00
2947,1765926771.1472,2025-12-16T23:12:51.147203+00:00
2948,1765926771.168083,2025-12-16T23:12:51.168085+00:00
2949,1765926771.188962,2025-12-16T23:12:51.188968+00:00
2950,1765926771.209367,2025-12-16T23:12:51.209388+00:00
2951,1765926771.230091,2025-12-16T23:12:51.230103+00:00
2952,1765926771.2502558,2025-12-16T23:12:51.250263+00:00
2953,1765926771.26762,2025-12-16T23:12:51.267621+00:00
2954,1765926771.2862132,2025-12-16T23:12:51.286216+00:00
2955,1765926771.3033311,2025-12-16T23:12:51.303333+00:00
2956,1765926771.3207119,2025-12-16T23:12:51.320717+00:00
2957,1765926771.34109,2025-12-16T23:12:51.341097+00:00
2958,1765926771.35933,2025-12-16T23:12:51.359337+00:00
2959,1765926771.380189,2025-12-16T23:12:51.380191+00:00
2960,1765926771.4006138,2025-12-16T23:12:51.400616+00:00
2961,1765926771.421676,2025-12-16T23:12:51.421677+00:00
2962,1765926771.4425411,2025-12-16T23:12:51.442544+00:00
2963,1765926771.4592772,2025-12-16T23:12:51.459278+00:00
2964,1765926771.477182,2025-12-16T23:12:51.477185+00:00
2965,1765926771.498053,2025-12-16T23:12:51.498056+00:00
2966,1765926771.518937,2025-12-16T23:12:51.518940+00:00
2967,1765926771.539805,2025-12-16T23:12:51.539808+00:00
2968,1765926771.560509,2025-12-16T23:12:51.560512+00:00
2969,1765926771.5813801,2025-12-16T23:12:51.581384+00:00
2970,1765926771.602266,2025-12-16T23:12:51.602269+00:00
2971,1765926771.623132,2025-12-16T23:12:51.623135+00:00
2972,1765926771.640053,2025-12-16T23:12:51.640055+00:00
2973,1765926771.6596448,2025-12-16T23:12:51.659650+00:00
2974,1765926771.679708,2025-12-16T23:12:51.679710+00:00
2975,1765926771.700572,2025-12-16T23:12:51.700575+00:00
2976,1765926771.720151,2025-12-16T23:12:51.720155+00:00
2977,1765926771.741107,2025-12-16T23:12:51.741112+00:00
2978,1765926771.759715,2025-12-16T23:12:51.759718+00:00
2979,1765926771.780585,2025-12-16T23:12:51.780588+00:00
2980,1765926771.801038,2025-12-16T23:12:51.801084+00:00
2981,1765926771.821436,2025-12-16T23:12:51.821439+00:00
2982,1765926771.842303,2025-12-16T23:12:51.842306+00:00
2983,1765926771.85946,2025-12-16T23:12:51.859463+00:00
2984,1765926771.880325,2025-12-16T23:12:51.880327+00:00
2985,1765926771.900566,2025-12-16T23:12:51.900570+00:00
2986,1765926771.917621,2025-12-16T23:12:51.917624+00:00
2987,1765926771.937133,2025-12-16T23:12:51.937138+00:00
2988,1765926771.958074,2025-12-16T23:12:51.958077+00:00
2989,1765926771.978951,2025-12-16T23:12:51.978955+00:00
2990,1765926771.996185,2025-12-16T23:12:51.996188+00:00
2991,1765926772.0149498,2025-12-16T23:12:52.014953+00:00
2992,1765926772.035827,2025-12-16T23:12:52.035829+00:00
2993,1765926772.054799,2025-12-16T23:12:52.054805+00:00
2994,1765926772.072889,2025-12-16T23:12:52.072893+00:00
2995,1765926772.093805,2025-12-16T23:12:52.093806+00:00
2996,1765926772.114787,2025-12-16T23:12:52.114797+00:00
2997,1765926772.134177,2025-12-16T23:12:52.134183+00:00
2998,1765926772.153274,2025-12-16T23:12:52.153278+00:00
2999,1765926772.173837,2025-12-16T23:12:52.173841+00:00
3000,1765926772.19474,2025-12-16T23:12:52.194743+00:00
3001,1765926772.214941,2025-12-16T23:12:52.214946+00:00
3002,1765926772.232831,2025-12-16T23:12:52.232836+00:00
3003,1765926772.253473,2025-12-16T23:12:52.253478+00:00
3004,1765926772.2729259,2025-12-16T23:12:52.272930+00:00
3005,1765926772.29337,2025-12-16T23:12:52.293375+00:00
3006,1765926772.315746,2025-12-16T23:12:52.315772+00:00
3007,1765926772.3371332,2025-12-16T23:12:52.337137+00:00
3008,1765926772.358002,2025-12-16T23:12:52.358003+00:00
3009,1765926772.3759959,2025-12-16T23:12:52.375999+00:00
3010,1765926772.392811,2025-12-16T23:12:52.392813+00:00
3011,1765926772.4136808,2025-12-16T23:12:52.413684+00:00
3012,1765926772.43119,2025-12-16T23:12:52.431191+00:00
3013,1765926772.4506319,2025-12-16T23:12:52.450633+00:00
3014,1765926772.4690151,2025-12-16T23:12:52.469019+00:00
3015,1765926772.487675,2025-12-16T23:12:52.487680+00:00
3016,1765926772.505464,2025-12-16T23:12:52.505467+00:00
3017,1765926772.5263412,2025-12-16T23:12:52.526345+00:00
3018,1765926772.547241,2025-12-16T23:12:52.547247+00:00
3019,1765926772.5653062,2025-12-16T23:12:52.565321+00:00
3020,1765926772.584764,2025-12-16T23:12:52.584783+00:00
3021,1765926772.603847,2025-12-16T23:12:52.603850+00:00
3022,1765926772.624728,2025-12-16T23:12:52.624733+00:00
3023,1765926772.645625,2025-12-16T23:12:52.645630+00:00
3024,1765926772.666549,2025-12-16T23:12:52.666557+00:00
3025,1765926772.686015,2025-12-16T23:12:52.686019+00:00
3026,1765926772.702768,2025-12-16T23:12:52.702770+00:00
3027,1765926772.723624,2025-12-16T23:12:52.723627+00:00
3028,1765926772.74285,2025-12-16T23:12:52.742859+00:00
3029,1765926772.760854,2025-12-16T23:12:52.760858+00:00
3030,1765926772.7817569,2025-12-16T23:12:52.781758+00:00
3031,1765926772.7985349,2025-12-16T23:12:52.798538+00:00
3032,1765926772.819417,2025-12-16T23:12:52.819418+00:00
3033,1765926772.840298,2025-12-16T23:12:52.840300+00:00
3034,1765926772.85843,2025-12-16T23:12:52.858433+00:00
3035,1765926772.879287,2025-12-16T23:12:52.879288+00:00
3036,1765926772.900154,2025-12-16T23:12:52.900159+00:00
3037,1765926772.9176881,2025-12-16T23:12:52.917689+00:00
3038,1765926772.935251,2025-12-16T23:12:52.935253+00:00
3039,1765926772.9527411,2025-12-16T23:12:52.952744+00:00
3040,1765926772.97364,2025-12-16T23:12:52.973643+00:00
3041,1765926772.993518,2025-12-16T23:12:52.993522+00:00
3042,1765926773.01441,2025-12-16T23:12:53.014412+00:00
3043,1765926773.034305,2025-12-16T23:12:53.034310+00:00
3044,1765926773.0531268,2025-12-16T23:12:53.053127+00:00
3045,1765926773.072394,2025-12-16T23:12:53.072398+00:00
3046,1765926773.091881,2025-12-16T23:12:53.091882+00:00
3047,1765926773.1093,2025-12-16T23:12:53.109305+00:00
3048,1765926773.127439,2025-12-16T23:12:53.127441+00:00
3049,1765926773.1449852,2025-12-16T23:12:53.144988+00:00
3050,1765926773.1617112,2025-12-16T23:12:53.161713+00:00
3051,1765926773.1825762,2025-12-16T23:12:53.182580+00:00
3052,1765926773.19945,2025-12-16T23:12:53.199453+00:00
3053,1765926773.2169302,2025-12-16T23:12:53.216931+00:00
3054,1765926773.237806,2025-12-16T23:12:53.237812+00:00
3055,1765926773.257919,2025-12-16T23:12:53.257925+00:00
3056,1765926773.275073,2025-12-16T23:12:53.275077+00:00
3057,1765926773.2926478,2025-12-16T23:12:53.292653+00:00
3058,1765926773.313566,2025-12-16T23:12:53.313567+00:00
3059,1765926773.334381,2025-12-16T23:12:53.334386+00:00
3060,1765926773.3511229,2025-12-16T23:12:53.351125+00:00
3061,1765926773.3704572,2025-12-16T23:12:53.370462+00:00
3062,1765926773.3903081,2025-12-16T23:12:53.390309+00:00
3063,1765926773.409329,2025-12-16T23:12:53.409330+00:00
3064,1765926773.426965,2025-12-16T23:12:53.426970+00:00
3065,1765926773.44449,2025-12-16T23:12:53.444495+00:00
3066,1765926773.463192,2025-12-16T23:12:53.463196+00:00
3067,1765926773.4840782,2025-12-16T23:12:53.484081+00:00
3068,1765926773.504948,2025-12-16T23:12:53.504949+00:00
3069,1765926773.524223,2025-12-16T23:12:53.524226+00:00
3070,1765926773.543843,2025-12-16T23:12:53.543848+00:00
3071,1765926773.564745,2025-12-16T23:12:53.564748+00:00
3072,1765926773.585632,2025-12-16T23:12:53.585637+00:00
3073,1765926773.603401,2025-12-16T23:12:53.603404+00:00
3074,1765926773.6203089,2025-12-16T23:12:53.620315+00:00
3075,1765926773.641233,2025-12-16T23:12:53.641234+00:00
3076,1765926773.66209,2025-12-16T23:12:53.662090+00:00
3077,1765926773.682953,2025-12-16T23:12:53.682957+00:00
3078,1765926773.7009542,2025-12-16T23:12:53.700994+00:00
3079,1765926773.719145,2025-12-16T23:12:53.719149+00:00
3080,1765926773.736795,2025-12-16T23:12:53.736796+00:00
3081,1765926773.757636,2025-12-16T23:12:53.757640+00:00
3082,1765926773.77437,2025-12-16T23:12:53.774373+00:00
3083,1765926773.795278,2025-12-16T23:12:53.795281+00:00
3084,1765926773.816153,2025-12-16T23:12:53.816156+00:00
3085,1765926773.8343391,2025-12-16T23:12:53.834349+00:00
3086,1765926773.8510752,2025-12-16T23:12:53.851079+00:00
3087,1765926773.871692,2025-12-16T23:12:53.871694+00:00
3088,1765926773.892545,2025-12-16T23:12:53.892546+00:00
3089,1765926773.913394,2025-12-16T23:12:53.913396+00:00
3090,1765926773.9342651,2025-12-16T23:12:53.934270+00:00
3091,1765926773.955018,2025-12-16T23:12:53.955021+00:00
3092,1765926773.972814,2025-12-16T23:12:53.972815+00:00
3093,1765926773.992646,2025-12-16T23:12:53.992649+00:00
3094,1765926774.012269,2025-12-16T23:12:54.012269+00:00
3095,1765926774.0331368,2025-12-16T23:12:54.033141+00:00
3096,1765926774.050946,2025-12-16T23:12:54.050947+00:00
3097,1765926774.06767,2025-12-16T23:12:54.067671+00:00
3098,1765926774.0885189,2025-12-16T23:12:54.088520+00:00
3099,1765926774.109374,2025-12-16T23:12:54.109378+00:00
3100,1765926774.1275651,2025-12-16T23:12:54.127571+00:00
3101,1765926774.1474838,2025-12-16T23:12:54.147487+00:00
3102,1765926774.16661,2025-12-16T23:12:54.166613+00:00
3103,1765926774.1861372,2025-12-16T23:12:54.186139+00:00
3104,1765926774.204428,2025-12-16T23:12:54.204430+00:00
3105,1765926774.2219598,2025-12-16T23:12:54.221960+00:00
3106,1765926774.239279,2025-12-16T23:12:54.239280+00:00
3107,1765926774.258732,2025-12-16T23:12:54.258737+00:00
3108,1765926774.277017,2025-12-16T23:12:54.277019+00:00
3109,1765926774.2967591,2025-12-16T23:12:54.296760+00:00
3110,1765926774.317625,2025-12-16T23:12:54.317630+00:00
3111,1765926774.335392,2025-12-16T23:12:54.335395+00:00
3112,1765926774.3555799,2025-12-16T23:12:54.355582+00:00
3113,1765926774.3755672,2025-12-16T23:12:54.375570+00:00
3114,1765926774.3927329,2025-12-16T23:12:54.392734+00:00
3115,1765926774.41362,2025-12-16T23:12:54.413625+00:00
3116,1765926774.43058,2025-12-16T23:12:54.430583+00:00
3117,1765926774.447457,2025-12-16T23:12:54.447461+00:00
3118,1765926774.465158,2025-12-16T23:12:54.465160+00:00
3119,1765926774.484283,2025-12-16T23:12:54.484288+00:00
3120,1765926774.5051782,2025-12-16T23:12:54.505181+00:00
3121,1765926774.526728,2025-12-16T23:12:54.526741+00:00
3122,1765926774.5451992,2025-12-16T23:12:54.545203+00:00
3123,1765926774.5661151,2025-12-16T23:12:54.566118+00:00
3124,1765926774.5842,2025-12-16T23:12:54.584205+00:00
3125,1765926774.6032481,2025-12-16T23:12:54.603261+00:00
3126,1765926774.624127,2025-12-16T23:12:54.624129+00:00
3127,1765926774.6449878,2025-12-16T23:12:54.644990+00:00
3128,1765926774.663873,2025-12-16T23:12:54.663877+00:00
3129,1765926774.684292,2025-12-16T23:12:54.684293+00:00
3130,1765926774.7051468,2025-12-16T23:12:54.705148+00:00
3131,1765926774.725954,2025-12-16T23:12:54.725957+00:00
3132,1765926774.742718,2025-12-16T23:12:54.742718+00:00
3133,1765926774.7635798,2025-12-16T23:12:54.763586+00:00
3134,1765926774.78441,2025-12-16T23:12:54.784430+00:00
3135,1765926774.8042262,2025-12-16T23:12:54.804227+00:00
3136,1765926774.825113,2025-12-16T23:12:54.825125+00:00
3137,1765926774.841853,2025-12-16T23:12:54.841856+00:00
3138,1765926774.85918,2025-12-16T23:12:54.859184+00:00
3139,1765926774.8760278,2025-12-16T23:12:54.876031+00:00
3140,1765926774.8939662,2025-12-16T23:12:54.893970+00:00
3141,1765926774.914051,2025-12-16T23:12:54.914055+00:00
3142,1765926774.934359,2025-12-16T23:12:54.934364+00:00
3143,1765926774.952542,2025-12-16T23:12:54.952544+00:00
3144,1765926774.969271,2025-12-16T23:12:54.969272+00:00
3145,1765926774.987852,2025-12-16T23:12:54.987855+00:00
3146,1765926775.005942,2025-12-16T23:12:55.005948+00:00
3147,1765926775.026881,2025-12-16T23:12:55.026884+00:00
3148,1765926775.044728,2025-12-16T23:12:55.044728+00:00
3149,1765926775.0656,2025-12-16T23:12:55.065604+00:00
3150,1765926775.08347,2025-12-16T23:12:55.083474+00:00
3151,1765926775.102039,2025-12-16T23:12:55.102043+00:00
3152,1765926775.122942,2025-12-16T23:12:55.122945+00:00
3153,1765926775.1410089,2025-12-16T23:12:55.141011+00:00
3154,1765926775.161648,2025-12-16T23:12:55.161650+00:00
3155,1765926775.1825302,2025-12-16T23:12:55.182530+00:00
3156,1765926775.199498,2025-12-16T23:12:55.199499+00:00
3157,1765926775.217812,2025-12-16T23:12:55.217813+00:00
3158,1765926775.236639,2025-12-16T23:12:55.236640+00:00
3159,1765926775.2574909,2025-12-16T23:12:55.257491+00:00
3160,1765926775.276022,2025-12-16T23:12:55.276035+00:00
3161,1765926775.295386,2025-12-16T23:12:55.295392+00:00
3162,1765926775.316331,2025-12-16T23:12:55.316334+00:00
3163,1765926775.335878,2025-12-16T23:12:55.335882+00:00
3164,1765926775.352751,2025-12-16T23:12:55.352754+00:00
3165,1765926775.373615,2025-12-16T23:12:55.373617+00:00
3166,1765926775.392697,2025-12-16T23:12:55.392701+00:00
3167,1765926775.413592,2025-12-16T23:12:55.413595+00:00
3168,1765926775.432357,2025-12-16T23:12:55.432359+00:00
3169,1765926775.453239,2025-12-16T23:12:55.453241+00:00
3170,1765926775.472466,2025-12-16T23:12:55.472469+00:00
3171,1765926775.492985,2025-12-16T23:12:55.492987+00:00
3172,1765926775.510016,2025-12-16T23:12:55.510020+00:00
3173,1765926775.529383,2025-12-16T23:12:55.529388+00:00
3174,1765926775.550278,2025-12-16T23:12:55.550281+00:00
3175,1765926775.567644,2025-12-16T23:12:55.567648+00:00
3176,1765926775.588553,2025-12-16T23:12:55.588556+00:00
3177,1765926775.6081212,2025-12-16T23:12:55.608126+00:00
3178,1765926775.625955,2025-12-16T23:12:55.625960+00:00
3179,1765926775.64287,2025-12-16T23:12:55.642875+00:00
3180,1765926775.659909,2025-12-16T23:12:55.659914+00:00
3181,1765926775.6790552,2025-12-16T23:12:55.679058+00:00
3182,1765926775.696495,2025-12-16T23:12:55.696499+00:00
3183,1765926775.715869,2025-12-16T23:12:55.715872+00:00
3184,1765926775.7368069,2025-12-16T23:12:55.736810+00:00
3185,1765926775.757348,2025-12-16T23:12:55.757353+00:00
3186,1765926775.774234,2025-12-16T23:12:55.774238+00:00
3187,1765926775.793003,2025-12-16T23:12:55.793007+00:00
3188,1765926775.8113751,2025-12-16T23:12:55.811379+00:00
3189,1765926775.832288,2025-12-16T23:12:55.832293+00:00
3190,1765926775.8509812,2025-12-16T23:12:55.850986+00:00
3191,1765926775.87187,2025-12-16T23:12:55.871872+00:00
3192,1765926775.892281,2025-12-16T23:12:55.892283+00:00
3193,1765926775.9127839,2025-12-16T23:12:55.912789+00:00
3194,1765926775.932393,2025-12-16T23:12:55.932395+00:00
3195,1765926775.950956,2025-12-16T23:12:55.950957+00:00
3196,1765926775.971452,2025-12-16T23:12:55.971454+00:00
3197,1765926775.990298,2025-12-16T23:12:55.990299+00:00
3198,1765926776.008873,2025-12-16T23:12:56.008875+00:00
3199,1765926776.0259688,2025-12-16T23:12:56.025974+00:00
3200,1765926776.046885,2025-12-16T23:12:56.046891+00:00
3201,1765926776.066307,2025-12-16T23:12:56.066312+00:00
3202,1765926776.086596,2025-12-16T23:12:56.086602+00:00
3203,1765926776.107519,2025-12-16T23:12:56.107522+00:00
3204,1765926776.126527,2025-12-16T23:12:56.126532+00:00
3205,1765926776.1474078,2025-12-16T23:12:56.147410+00:00
3206,1765926776.1682749,2025-12-16T23:12:56.168278+00:00
3207,1765926776.189152,2025-12-16T23:12:56.189155+00:00
3208,1765926776.206146,2025-12-16T23:12:56.206151+00:00
3209,1765926776.227063,2025-12-16T23:12:56.227069+00:00
3210,1765926776.247236,2025-12-16T23:12:56.247239+00:00
3211,1765926776.2677,2025-12-16T23:12:56.267704+00:00
3212,1765926776.2853389,2025-12-16T23:12:56.285344+00:00
3213,1765926776.304235,2025-12-16T23:12:56.304239+00:00
3214,1765926776.324996,2025-12-16T23:12:56.324997+00:00
3215,1765926776.345206,2025-12-16T23:12:56.345211+00:00
3216,1765926776.364195,2025-12-16T23:12:56.364199+00:00
3217,1765926776.385122,2025-12-16T23:12:56.385125+00:00
3218,1765926776.405994,2025-12-16T23:12:56.405995+00:00
3219,1765926776.425641,2025-12-16T23:12:56.425646+00:00
3220,1765926776.4462929,2025-12-16T23:12:56.446295+00:00
3221,1765926776.4669619,2025-12-16T23:12:56.466965+00:00
3222,1765926776.484277,2025-12-16T23:12:56.484278+00:00
3223,1765926776.505153,2025-12-16T23:12:56.505153+00:00
3224,1765926776.522238,2025-12-16T23:12:56.522244+00:00
3225,1765926776.539432,2025-12-16T23:12:56.539434+00:00
3226,1765926776.557066,2025-12-16T23:12:56.557070+00:00
3227,1765926776.5759518,2025-12-16T23:12:56.575954+00:00
3228,1765926776.5963762,2025-12-16T23:12:56.596378+00:00
3229,1765926776.617245,2025-12-16T23:12:56.617247+00:00
3230,1765926776.63429,2025-12-16T23:12:56.634291+00:00
3231,1765926776.6536078,2025-12-16T23:12:56.653609+00:00
3232,1765926776.674475,2025-12-16T23:12:56.674475+00:00
3233,1765926776.6953359,2025-12-16T23:12:56.695340+00:00
3234,1765926776.716228,2025-12-16T23:12:56.716230+00:00
3235,1765926776.734356,2025-12-16T23:12:56.734358+00:00
3236,1765926776.75386,2025-12-16T23:12:56.753864+00:00
3237,1765926776.77125,2025-12-16T23:12:56.771255+00:00
3238,1765926776.79173,2025-12-16T23:12:56.791737+00:00
3239,1765926776.8093219,2025-12-16T23:12:56.809326+00:00
3240,1765926776.82929,2025-12-16T23:12:56.829292+00:00
3241,1765926776.850175,2025-12-16T23:12:56.850177+00:00
3242,1765926776.8676322,2025-12-16T23:12:56.867634+00:00
3243,1765926776.888494,2025-12-16T23:12:56.888499+00:00
3244,1765926776.9058938,2025-12-16T23:12:56.905898+00:00
3245,1765926776.926781,2025-12-16T23:12:56.926785+00:00
3246,1765926776.9476821,2025-12-16T23:12:56.947684+00:00
3247,1765926776.968547,2025-12-16T23:12:56.968549+00:00
3248,1765926776.9894211,2025-12-16T23:12:56.989424+00:00
3249,1765926777.009953,2025-12-16T23:12:57.009956+00:00
3250,1765926777.030829,2025-12-16T23:12:57.030831+00:00
3251,1765926777.050472,2025-12-16T23:12:57.050477+00:00
3252,1765926777.0713851,2025-12-16T23:12:57.071388+00:00
3253,1765926777.092254,2025-12-16T23:12:57.092255+00:00
3254,1765926777.108953,2025-12-16T23:12:57.108954+00:00
3255,1765926777.128163,2025-12-16T23:12:57.128165+00:00
3256,1765926777.14902,2025-12-16T23:12:57.149022+00:00
3257,1765926777.1676228,2025-12-16T23:12:57.167624+00:00
3258,1765926777.188482,2025-12-16T23:12:57.188485+00:00
3259,1765926777.207649,2025-12-16T23:12:57.207652+00:00
3260,1765926777.226002,2025-12-16T23:12:57.226012+00:00
3261,1765926777.245752,2025-12-16T23:12:57.245755+00:00
3262,1765926777.266386,2025-12-16T23:12:57.266441+00:00
3263,1765926777.2859461,2025-12-16T23:12:57.285952+00:00
3264,1765926777.306808,2025-12-16T23:12:57.306810+00:00
3265,1765926777.327829,2025-12-16T23:12:57.327831+00:00
3266,1765926777.354083,2025-12-16T23:12:57.354086+00:00
3267,1765926777.373606,2025-12-16T23:12:57.373608+00:00
3268,1765926777.39114,2025-12-16T23:12:57.391144+00:00
3269,1765926777.4094021,2025-12-16T23:12:57.409406+00:00
3270,1765926777.427638,2025-12-16T23:12:57.427646+00:00
3271,1765926777.448163,2025-12-16T23:12:57.448239+00:00
3272,1765926777.469944,2025-12-16T23:12:57.469948+00:00
3273,1765926777.48847,2025-12-16T23:12:57.488475+00:00
3274,1765926777.510504,2025-12-16T23:12:57.510508+00:00
3275,1765926777.5281851,2025-12-16T23:12:57.528189+00:00
3276,1765926777.549228,2025-12-16T23:12:57.553119+00:00
3277,1765926777.5762858,2025-12-16T23:12:57.576319+00:00
3278,1765926777.610826,2025-12-16T23:12:57.610835+00:00
3279,1765926777.6299012,2025-12-16T23:12:57.629907+00:00
3280,1765926777.6643379,2025-12-16T23:12:57.664343+00:00
3281,1765926777.6821492,2025-12-16T23:12:57.682154+00:00
3282,1765926777.701799,2025-12-16T23:12:57.701804+00:00
3283,1765926777.720195,2025-12-16T23:12:57.720200+00:00
3284,1765926777.739331,2025-12-16T23:12:57.739336+00:00
3285,1765926777.778852,2025-12-16T23:12:57.778857+00:00
3286,1765926777.8077178,2025-12-16T23:12:57.807722+00:00
3287,1765926777.83478,2025-12-16T23:12:57.834792+00:00
3288,1765926777.853792,2025-12-16T23:12:57.853796+00:00
3289,1765926777.8772962,2025-12-16T23:12:57.877300+00:00
3290,1765926777.895905,2025-12-16T23:12:57.895910+00:00
3291,1765926777.913047,2025-12-16T23:12:57.913051+00:00
3292,1765926777.9320378,2025-12-16T23:12:57.932068+00:00
3293,1765926777.951243,2025-12-16T23:12:57.951248+00:00
3294,1765926777.9719281,2025-12-16T23:12:57.971932+00:00
3295,1765926777.99146,2025-12-16T23:12:57.991467+00:00
3296,1765926778.011929,2025-12-16T23:12:58.011938+00:00
3297,1765926778.032545,2025-12-16T23:12:58.032548+00:00
3298,1765926778.050992,2025-12-16T23:12:58.050997+00:00
3299,1765926778.071928,2025-12-16T23:12:58.071932+00:00
3300,1765926778.0920691,2025-12-16T23:12:58.092073+00:00
3301,1765926778.112963,2025-12-16T23:12:58.112965+00:00
3302,1765926778.1338189,2025-12-16T23:12:58.133821+00:00
3303,1765926778.152101,2025-12-16T23:12:58.152105+00:00
3304,1765926778.172981,2025-12-16T23:12:58.172983+00:00
3305,1765926778.193852,2025-12-16T23:12:58.193856+00:00
3306,1765926778.214175,2025-12-16T23:12:58.214180+00:00
3307,1765926778.232126,2025-12-16T23:12:58.232128+00:00
3308,1765926778.253011,2025-12-16T23:12:58.253016+00:00
3309,1765926778.273303,2025-12-16T23:12:58.273308+00:00
3310,1765926778.290303,2025-12-16T23:12:58.290305+00:00
3311,1765926778.309376,2025-12-16T23:12:58.309381+00:00
3312,1765926778.328133,2025-12-16T23:12:58.328157+00:00
3313,1765926778.347628,2025-12-16T23:12:58.347632+00:00
3314,1765926778.3648121,2025-12-16T23:12:58.364815+00:00
3315,1765926778.385492,2025-12-16T23:12:58.385497+00:00
3316,1765926778.406394,2025-12-16T23:12:58.406399+00:00
3317,1765926778.4233441,2025-12-16T23:12:58.423354+00:00
3318,1765926778.442667,2025-12-16T23:12:58.442671+00:00
3319,1765926778.459553,2025-12-16T23:12:58.459577+00:00
3320,1765926778.478865,2025-12-16T23:12:58.478875+00:00
3321,1765926778.4997702,2025-12-16T23:12:58.499775+00:00
3322,1765926778.519691,2025-12-16T23:12:58.520101+00:00
3323,1765926778.5635781,2025-12-16T23:12:58.563584+00:00
3324,1765926778.5811992,2025-12-16T23:12:58.581203+00:00
3325,1765926778.60209,2025-12-16T23:12:58.602093+00:00
3326,1765926778.623002,2025-12-16T23:12:58.623013+00:00
3327,1765926778.64392,2025-12-16T23:12:58.643922+00:00
3328,1765926778.664877,2025-12-16T23:12:58.664880+00:00
3329,1765926778.68392,2025-12-16T23:12:58.683922+00:00
3330,1765926778.702587,2025-12-16T23:12:58.702593+00:00
3331,1765926778.722713,2025-12-16T23:12:58.722714+00:00
3332,1765926778.742651,2025-12-16T23:12:58.742654+00:00
3333,1765926778.7606359,2025-12-16T23:12:58.760638+00:00
3334,1765926778.7815099,2025-12-16T23:12:58.781515+00:00
3335,1765926778.800029,2025-12-16T23:12:58.800034+00:00
3336,1765926778.817076,2025-12-16T23:12:58.817088+00:00
3337,1765926778.8342621,2025-12-16T23:12:58.834329+00:00
3338,1765926778.855227,2025-12-16T23:12:58.855234+00:00
3339,1765926778.876009,2025-12-16T23:12:58.876012+00:00
3340,1765926778.89687,2025-12-16T23:12:58.896872+00:00
3341,1765926778.91765,2025-12-16T23:12:58.917677+00:00
3342,1765926778.936619,2025-12-16T23:12:58.936622+00:00
3343,1765926778.956615,2025-12-16T23:12:58.956617+00:00
3344,1765926778.9774668,2025-12-16T23:12:58.977468+00:00
3345,1765926778.9983628,2025-12-16T23:12:58.998364+00:00
3346,1765926779.017714,2025-12-16T23:12:59.017717+00:00
3347,1765926779.034728,2025-12-16T23:12:59.034728+00:00
3348,1765926779.052702,2025-12-16T23:12:59.052743+00:00
3349,1765926779.073214,2025-12-16T23:12:59.073220+00:00
3350,1765926779.092125,2025-12-16T23:12:59.092131+00:00
3351,1765926779.109212,2025-12-16T23:12:59.109224+00:00
3352,1765926779.129236,2025-12-16T23:12:59.129240+00:00
3353,1765926779.146079,2025-12-16T23:12:59.146084+00:00
3354,1765926779.163979,2025-12-16T23:12:59.163984+00:00
3355,1765926779.1845288,2025-12-16T23:12:59.184533+00:00
3356,1765926779.2027688,2025-12-16T23:12:59.202773+00:00
3357,1765926779.223645,2025-12-16T23:12:59.223647+00:00
3358,1765926779.240769,2025-12-16T23:12:59.240774+00:00
3359,1765926779.259104,2025-12-16T23:12:59.259107+00:00
3360,1765926779.27634,2025-12-16T23:12:59.276355+00:00
3361,1765926779.294989,2025-12-16T23:12:59.294991+00:00
3362,1765926779.315856,2025-12-16T23:12:59.315864+00:00
3363,1765926779.334301,2025-12-16T23:12:59.334303+00:00
3364,1765926779.3510458,2025-12-16T23:12:59.351049+00:00
3365,1765926779.368194,2025-12-16T23:12:59.368196+00:00
3366,1765926779.389063,2025-12-16T23:12:59.389068+00:00
3367,1765926779.409333,2025-12-16T23:12:59.409348+00:00
3368,1765926779.4302561,2025-12-16T23:12:59.430260+00:00
3369,1765926779.450978,2025-12-16T23:12:59.450981+00:00
3370,1765926779.4718568,2025-12-16T23:12:59.471863+00:00
3371,1765926779.49277,2025-12-16T23:12:59.492774+00:00
3372,1765926779.510693,2025-12-16T23:12:59.510694+00:00
3373,1765926779.528849,2025-12-16T23:12:59.528857+00:00
3374,1765926779.549751,2025-12-16T23:12:59.549752+00:00
3375,1765926779.570611,2025-12-16T23:12:59.570614+00:00
3376,1765926779.591489,2025-12-16T23:12:59.591494+00:00
3377,1765926779.6102452,2025-12-16T23:12:59.610247+00:00
3378,1765926779.631105,2025-12-16T23:12:59.631106+00:00
3379,1765926779.651971,2025-12-16T23:12:59.651974+00:00
3380,1765926779.672853,2025-12-16T23:12:59.672856+00:00
3381,1765926779.690357,2025-12-16T23:12:59.690362+00:00
3382,1765926779.709889,2025-12-16T23:12:59.709894+00:00
3383,1765926779.728863,2025-12-16T23:12:59.728867+00:00
3384,1765926779.748863,2025-12-16T23:12:59.748865+00:00
3385,1765926779.767622,2025-12-16T23:12:59.767624+00:00
3386,1765926779.788488,2025-12-16T23:12:59.788491+00:00
3387,1765926779.809355,2025-12-16T23:12:59.809359+00:00
3388,1765926779.826205,2025-12-16T23:12:59.826211+00:00
3389,1765926779.847098,2025-12-16T23:12:59.847099+00:00
3390,1765926779.867955,2025-12-16T23:12:59.867958+00:00
3391,1765926779.888832,2025-12-16T23:12:59.888834+00:00
3392,1765926779.9093518,2025-12-16T23:12:59.909355+00:00
3393,1765926779.927101,2025-12-16T23:12:59.927102+00:00
3394,1765926779.94657,2025-12-16T23:12:59.946571+00:00
3395,1765926779.9674282,2025-12-16T23:12:59.967430+00:00
3396,1765926779.987233,2025-12-16T23:12:59.987237+00:00
3397,1765926780.0078561,2025-12-16T23:13:00.007859+00:00
3398,1765926780.025992,2025-12-16T23:13:00.025995+00:00
3399,1765926780.042808,2025-12-16T23:13:00.042811+00:00
3400,1765926780.0636759,2025-12-16T23:13:00.063679+00:00
3401,1765926780.081074,2025-12-16T23:13:00.081075+00:00
3402,1765926780.101038,2025-12-16T23:13:00.101042+00:00
3403,1765926780.121661,2025-12-16T23:13:00.121664+00:00
3404,1765926780.13869,2025-12-16T23:13:00.138695+00:00
3405,1765926780.159598,2025-12-16T23:13:00.159600+00:00
3406,1765926780.180238,2025-12-16T23:13:00.180239+00:00
3407,1765926780.199719,2025-12-16T23:13:00.199723+00:00
3408,1765926780.220605,2025-12-16T23:13:00.220606+00:00
3409,1765926780.240182,2025-12-16T23:13:00.240183+00:00
3410,1765926780.261036,2025-12-16T23:13:00.261037+00:00
3411,1765926780.281909,2025-12-16T23:13:00.281914+00:00
3412,1765926780.299873,2025-12-16T23:13:00.299874+00:00
3413,1765926780.317657,2025-12-16T23:13:00.317662+00:00
3414,1765926780.338596,2025-12-16T23:13:00.338601+00:00
3415,1765926780.35841,2025-12-16T23:13:00.358420+00:00
3416,1765926780.3792791,2025-12-16T23:13:00.379282+00:00
3417,1765926780.3976169,2025-12-16T23:13:00.397619+00:00
3418,1765926780.418474,2025-12-16T23:13:00.418475+00:00
3419,1765926780.4363241,2025-12-16T23:13:00.436326+00:00
3420,1765926780.4572318,2025-12-16T23:13:00.457234+00:00
3421,1765926780.476044,2025-12-16T23:13:00.476048+00:00
3422,1765926780.494438,2025-12-16T23:13:00.494445+00:00
3423,1765926780.5190551,2025-12-16T23:13:00.519060+00:00
3424,1765926780.54033,2025-12-16T23:13:00.540335+00:00
3425,1765926780.557927,2025-12-16T23:13:00.557932+00:00
3426,1765926780.5768,2025-12-16T23:13:00.576803+00:00
3427,1765926780.5976682,2025-12-16T23:13:00.597671+00:00
3428,1765926780.617642,2025-12-16T23:13:00.617646+00:00
3429,1765926780.634521,2025-12-16T23:13:00.634526+00:00
3430,1765926780.651951,2025-12-16T23:13:00.651955+00:00
3431,1765926780.669625,2025-12-16T23:13:00.669629+00:00
3432,1765926780.688253,2025-12-16T23:13:00.688256+00:00
3433,1765926780.706174,2025-12-16T23:13:00.706178+00:00
3434,1765926780.72447,2025-12-16T23:13:00.724474+00:00
3435,1765926780.741802,2025-12-16T23:13:00.741806+00:00
3436,1765926780.766699,2025-12-16T23:13:00.766705+00:00
3437,1765926780.785271,2025-12-16T23:13:00.785273+00:00
3438,1765926780.806131,2025-12-16T23:13:00.806133+00:00
3439,1765926780.8259819,2025-12-16T23:13:00.825984+00:00
3440,1765926780.8467891,2025-12-16T23:13:00.846790+00:00
3441,1765926780.863944,2025-12-16T23:13:00.863945+00:00
3442,1765926780.884284,2025-12-16T23:13:00.884285+00:00
3443,1765926780.904726,2025-12-16T23:13:00.904729+00:00
3444,1765926780.9256089,2025-12-16T23:13:00.925611+00:00
3445,1765926780.943667,2025-12-16T23:13:00.943668+00:00
3446,1765926780.9631832,2025-12-16T23:13:00.963185+00:00
3447,1765926780.9840488,2025-12-16T23:13:00.984053+00:00
3448,1765926781.000957,2025-12-16T23:13:01.000959+00:00
3449,1765926781.019466,2025-12-16T23:13:01.019471+00:00
3450,1765926781.040365,2025-12-16T23:13:01.040369+00:00
3451,1765926781.06125,2025-12-16T23:13:01.061253+00:00
3452,1765926781.082134,2025-12-16T23:13:01.082136+00:00
3453,1765926781.101182,2025-12-16T23:13:01.101184+00:00
3454,1765926781.1210911,2025-12-16T23:13:01.121094+00:00
3455,1765926781.141539,2025-12-16T23:13:01.141543+00:00
3456,1765926781.1594188,2025-12-16T23:13:01.159425+00:00
3457,1765926781.18034,2025-12-16T23:13:01.180343+00:00
3458,1765926781.201066,2025-12-16T23:13:01.201078+00:00
3459,1765926781.220917,2025-12-16T23:13:01.220921+00:00
3460,1765926781.241937,2025-12-16T23:13:01.241941+00:00
3461,1765926781.262594,2025-12-16T23:13:01.262598+00:00
3462,1765926781.283488,2025-12-16T23:13:01.283511+00:00
3463,1765926781.303355,2025-12-16T23:13:01.303366+00:00
3464,1765926781.320846,2025-12-16T23:13:01.320850+00:00
3465,1765926781.3377368,2025-12-16T23:13:01.337754+00:00
3466,1765926781.360606,2025-12-16T23:13:01.360611+00:00
3467,1765926781.380224,2025-12-16T23:13:01.380266+00:00
3468,1765926781.400196,2025-12-16T23:13:01.400200+00:00
3469,1765926781.420941,2025-12-16T23:13:01.420947+00:00
3470,1765926781.4418309,2025-12-16T23:13:01.441836+00:00
3471,1765926781.462584,2025-12-16T23:13:01.462588+00:00
3472,1765926781.480774,2025-12-16T23:13:01.480778+00:00
3473,1765926781.498299,2025-12-16T23:13:01.498303+00:00
3474,1765926781.532372,2025-12-16T23:13:01.532377+00:00
3475,1765926781.55146,2025-12-16T23:13:01.551465+00:00
3476,1765926781.571904,2025-12-16T23:13:01.571908+00:00
3477,1765926781.5927942,2025-12-16T23:13:01.592799+00:00
3478,1765926781.610382,2025-12-16T23:13:01.610385+00:00
3479,1765926781.631295,2025-12-16T23:13:01.631299+00:00
3480,1765926781.651998,2025-12-16T23:13:01.652002+00:00
3481,1765926781.670571,2025-12-16T23:13:01.670578+00:00
3482,1765926781.691486,2025-12-16T23:13:01.691492+00:00
3483,1765926781.712398,2025-12-16T23:13:01.712401+00:00
3484,1765926781.729703,2025-12-16T23:13:01.729708+00:00
3485,1765926781.7506628,2025-12-16T23:13:01.750668+00:00
3486,1765926781.767679,2025-12-16T23:13:01.767694+00:00
3487,1765926781.788604,2025-12-16T23:13:01.788614+00:00
3488,1765926781.809366,2025-12-16T23:13:01.809371+00:00
3489,1765926781.830035,2025-12-16T23:13:01.830040+00:00
3490,1765926781.8500822,2025-12-16T23:13:01.850087+00:00
3491,1765926781.867098,2025-12-16T23:13:01.867102+00:00
3492,1765926781.887996,2025-12-16T23:13:01.888000+00:00
3493,1765926781.905327,2025-12-16T23:13:01.905331+00:00
3494,1765926781.9232352,2025-12-16T23:13:01.923236+00:00
3495,1765926781.942678,2025-12-16T23:13:01.942687+00:00
3496,1765926781.963605,2025-12-16T23:13:01.963613+00:00
3497,1765926781.984353,2025-12-16T23:13:01.984357+00:00
3498,1765926782.001822,2025-12-16T23:13:02.001825+00:00
3499,1765926782.020589,2025-12-16T23:13:02.020593+00:00
3500,1765926782.040533,2025-12-16T23:13:02.040539+00:00
3501,1765926782.058295,2025-12-16T23:13:02.058298+00:00
3502,1765926782.076957,2025-12-16T23:13:02.076960+00:00
3503,1765926782.096829,2025-12-16T23:13:02.096833+00:00
3504,1765926782.1155462,2025-12-16T23:13:02.115549+00:00
3505,1765926782.132861,2025-12-16T23:13:02.132865+00:00
3506,1765926782.153773,2025-12-16T23:13:02.153777+00:00
3507,1765926782.1746628,2025-12-16T23:13:02.174664+00:00
3508,1765926782.19553,2025-12-16T23:13:02.195532+00:00
3509,1765926782.213387,2025-12-16T23:13:02.213387+00:00
3510,1765926782.230606,2025-12-16T23:13:02.230609+00:00
3511,1765926782.2503822,2025-12-16T23:13:02.250385+00:00
3512,1765926782.26772,2025-12-16T23:13:02.267752+00:00
3513,1765926782.288668,2025-12-16T23:13:02.288702+00:00
3514,1765926782.309645,2025-12-16T23:13:02.309647+00:00
3515,1765926782.328319,2025-12-16T23:13:02.328321+00:00
3516,1765926782.348064,2025-12-16T23:13:02.348067+00:00
3517,1765926782.366755,2025-12-16T23:13:02.366760+00:00
3518,1765926782.384416,2025-12-16T23:13:02.384417+00:00
3519,1765926782.403601,2025-12-16T23:13:02.403604+00:00
3520,1765926782.421601,2025-12-16T23:13:02.421615+00:00
3521,1765926782.440511,2025-12-16T23:13:02.440514+00:00
3522,1765926782.459968,2025-12-16T23:13:02.459971+00:00
3523,1765926782.4783092,2025-12-16T23:13:02.478311+00:00
3524,1765926782.499259,2025-12-16T23:13:02.499261+00:00
3525,1765926782.5201302,2025-12-16T23:13:02.520132+00:00
3526,1765926782.5385852,2025-12-16T23:13:02.538593+00:00
3527,1765926782.559478,2025-12-16T23:13:02.559481+00:00
3528,1765926782.578321,2025-12-16T23:13:02.578324+00:00
3529,1765926782.5992022,2025-12-16T23:13:02.599205+00:00
3530,1765926782.615975,2025-12-16T23:13:02.615978+00:00
3531,1765926782.634637,2025-12-16T23:13:02.634669+00:00
3532,1765926782.655555,2025-12-16T23:13:02.655556+00:00
3533,1765926782.6764002,2025-12-16T23:13:02.676401+00:00
3534,1765926782.694391,2025-12-16T23:13:02.694394+00:00
3535,1765926782.713241,2025-12-16T23:13:02.713244+00:00
