frame_index,timestamp_unix,timestamp_iso
0,1765396578.826185,2025-12-10T19:56:18.826190+00:00
1,1765396578.847084,2025-12-10T19:56:18.847089+00:00
2,1765396578.867966,2025-12-10T19:56:18.867969+00:00
3,1765396578.888834,2025-12-10T19:56:18.888839+00:00
4,1765396578.909733,2025-12-10T19:56:18.909739+00:00
5,1765396578.930336,2025-12-10T19:56:18.930339+00:00
6,1765396578.9510322,2025-12-10T19:56:18.951039+00:00
7,1765396578.971919,2025-12-10T19:56:18.971923+00:00
8,1765396578.992707,2025-12-10T19:56:18.992712+00:00
9,1765396579.013578,2025-12-10T19:56:19.013584+00:00
10,1765396579.034454,2025-12-10T19:56:19.034457+00:00
11,1765396579.054044,2025-12-10T19:56:19.054053+00:00
12,1765396579.074948,2025-12-10T19:56:19.074951+00:00
13,1765396579.095816,2025-12-10T19:56:19.095818+00:00
14,1765396579.113548,2025-12-10T19:56:19.113551+00:00
15,1765396579.1343172,2025-12-10T19:56:19.134319+00:00
16,1765396579.155199,2025-12-10T19:56:19.155204+00:00
17,1765396579.175981,2025-12-10T19:56:19.175982+00:00
18,1765396579.196854,2025-12-10T19:56:19.196856+00:00
19,1765396579.2177122,2025-12-10T19:56:19.217712+00:00
20,1765396579.238579,2025-12-10T19:56:19.238586+00:00
21,1765396579.25943,2025-12-10T19:56:19.259437+00:00
22,1765396579.2789629,2025-12-10T19:56:19.278969+00:00
23,1765396579.296768,2025-12-10T19:56:19.296774+00:00
24,1765396579.317751,2025-12-10T19:56:19.317763+00:00
25,1765396579.3391218,2025-12-10T19:56:19.339129+00:00
26,1765396579.360022,2025-12-10T19:56:19.360026+00:00
27,1765396579.379605,2025-12-10T19:56:19.379611+00:00
28,1765396579.400548,2025-12-10T19:56:19.400553+00:00
29,1765396579.421437,2025-12-10T19:56:19.421440+00:00
30,1765396579.442334,2025-12-10T19:56:19.442339+00:00
31,1765396579.463073,2025-12-10T19:56:19.463081+00:00
32,1765396579.4839811,2025-12-10T19:56:19.483984+00:00
33,1765396579.502732,2025-12-10T19:56:19.502736+00:00
34,1765396579.519997,2025-12-10T19:56:19.519999+00:00
35,1765396579.540873,2025-12-10T19:56:19.540875+00:00
36,1765396579.559325,2025-12-10T19:56:19.559328+00:00
37,1765396579.5802,2025-12-10T19:56:19.580205+00:00
38,1765396579.60109,2025-12-10T19:56:19.601099+00:00
39,1765396579.618036,2025-12-10T19:56:19.618045+00:00
40,1765396579.638973,2025-12-10T19:56:19.638978+00:00
41,1765396579.659868,2025-12-10T19:56:19.659874+00:00
42,1765396579.679573,2025-12-10T19:56:19.679585+00:00
43,1765396579.6977348,2025-12-10T19:56:19.697742+00:00
44,1765396579.7167091,2025-12-10T19:56:19.716713+00:00
45,1765396579.7344,2025-12-10T19:56:19.734461+00:00
46,1765396579.7518022,2025-12-10T19:56:19.751812+00:00
47,1765396579.772714,2025-12-10T19:56:19.772715+00:00
48,1765396579.792649,2025-12-10T19:56:19.792649+00:00
49,1765396579.809359,2025-12-10T19:56:19.809359+00:00
50,1765396579.828368,2025-12-10T19:56:19.828370+00:00
51,1765396579.849233,2025-12-10T19:56:19.849234+00:00
52,1765396579.870115,2025-12-10T19:56:19.870121+00:00
53,1765396579.891003,2025-12-10T19:56:19.891006+00:00
54,1765396579.909355,2025-12-10T19:56:19.909361+00:00
55,1765396579.930233,2025-12-10T19:56:19.930235+00:00
56,1765396579.950145,2025-12-10T19:56:19.950154+00:00
57,1765396579.971044,2025-12-10T19:56:19.971052+00:00
58,1765396579.991931,2025-12-10T19:56:19.991938+00:00
59,1765396580.01283,2025-12-10T19:56:20.012843+00:00
60,1765396580.0337741,2025-12-10T19:56:20.033784+00:00
61,1765396580.0546749,2025-12-10T19:56:20.054687+00:00
62,1765396580.0716429,2025-12-10T19:56:20.071654+00:00
63,1765396580.0891452,2025-12-10T19:56:20.089151+00:00
64,1765396580.110035,2025-12-10T19:56:20.110041+00:00
65,1765396580.1318521,2025-12-10T19:56:20.131867+00:00
66,1765396580.152871,2025-12-10T19:56:20.152883+00:00
67,1765396580.173066,2025-12-10T19:56:20.173075+00:00
68,1765396580.1919029,2025-12-10T19:56:20.191911+00:00
69,1765396580.211712,2025-12-10T19:56:20.211719+00:00
70,1765396580.247745,2025-12-10T19:56:20.247752+00:00
71,1765396580.271038,2025-12-10T19:56:20.271046+00:00
72,1765396580.291352,2025-12-10T19:56:20.291360+00:00
73,1765396580.311158,2025-12-10T19:56:20.311173+00:00
74,1765396580.3285189,2025-12-10T19:56:20.328524+00:00
75,1765396580.3493938,2025-12-10T19:56:20.349398+00:00
76,1765396580.370286,2025-12-10T19:56:20.370290+00:00
77,1765396580.388682,2025-12-10T19:56:20.388685+00:00
78,1765396580.409344,2025-12-10T19:56:20.409346+00:00
79,1765396580.430197,2025-12-10T19:56:20.430199+00:00
80,1765396580.4495108,2025-12-10T19:56:20.449512+00:00
81,1765396580.4677372,2025-12-10T19:56:20.467738+00:00
82,1765396580.485811,2025-12-10T19:56:20.485813+00:00
83,1765396580.502604,2025-12-10T19:56:20.502610+00:00
84,1765396580.523492,2025-12-10T19:56:20.523498+00:00
85,1765396580.543628,2025-12-10T19:56:20.543643+00:00
86,1765396580.56423,2025-12-10T19:56:20.564235+00:00
87,1765396580.5851011,2025-12-10T19:56:20.585105+00:00
88,1765396580.6081479,2025-12-10T19:56:20.608153+00:00
89,1765396580.626896,2025-12-10T19:56:20.626902+00:00
90,1765396580.647773,2025-12-10T19:56:20.647781+00:00
91,1765396580.665173,2025-12-10T19:56:20.665178+00:00
92,1765396580.684115,2025-12-10T19:56:20.684122+00:00
93,1765396580.705028,2025-12-10T19:56:20.705033+00:00
94,1765396580.725916,2025-12-10T19:56:20.725922+00:00
95,1765396580.74577,2025-12-10T19:56:20.745788+00:00
96,1765396580.7667048,2025-12-10T19:56:20.766711+00:00
97,1765396580.783953,2025-12-10T19:56:20.783959+00:00
98,1765396580.804842,2025-12-10T19:56:20.804844+00:00
99,1765396580.821614,2025-12-10T19:56:20.821623+00:00
100,1765396580.842526,2025-12-10T19:56:20.842536+00:00
101,1765396580.859414,2025-12-10T19:56:20.859428+00:00
102,1765396580.8783638,2025-12-10T19:56:20.878365+00:00
103,1765396580.8992121,2025-12-10T19:56:20.899213+00:00
104,1765396580.91873,2025-12-10T19:56:20.918735+00:00
105,1765396580.9396129,2025-12-10T19:56:20.939614+00:00
106,1765396580.959369,2025-12-10T19:56:20.959374+00:00
107,1765396580.9802392,2025-12-10T19:56:20.980240+00:00
108,1765396580.999321,2025-12-10T19:56:20.999325+00:00
109,1765396581.016968,2025-12-10T19:56:21.016969+00:00
110,1765396581.037823,2025-12-10T19:56:21.037829+00:00
111,1765396581.058578,2025-12-10T19:56:21.058581+00:00
112,1765396581.079474,2025-12-10T19:56:21.079475+00:00
113,1765396581.099626,2025-12-10T19:56:21.099629+00:00
114,1765396581.1205068,2025-12-10T19:56:21.120510+00:00
115,1765396581.141386,2025-12-10T19:56:21.141391+00:00
116,1765396581.159332,2025-12-10T19:56:21.159339+00:00
117,1765396581.180222,2025-12-10T19:56:21.180228+00:00
118,1765396581.201055,2025-12-10T19:56:21.201060+00:00
119,1765396581.221929,2025-12-10T19:56:21.221934+00:00
120,1765396581.242662,2025-12-10T19:56:21.242670+00:00
121,1765396581.263564,2025-12-10T19:56:21.263566+00:00
122,1765396581.284318,2025-12-10T19:56:21.284336+00:00
123,1765396581.3018801,2025-12-10T19:56:21.301882+00:00
124,1765396581.322776,2025-12-10T19:56:21.322784+00:00
125,1765396581.343678,2025-12-10T19:56:21.343681+00:00
126,1765396581.3645492,2025-12-10T19:56:21.364553+00:00
127,1765396581.384365,2025-12-10T19:56:21.384372+00:00
128,1765396581.4039948,2025-12-10T19:56:21.403999+00:00
129,1765396581.424864,2025-12-10T19:56:21.424865+00:00
130,1765396581.442455,2025-12-10T19:56:21.442460+00:00
131,1765396581.4633112,2025-12-10T19:56:21.463313+00:00
132,1765396581.480263,2025-12-10T19:56:21.480266+00:00
133,1765396581.50115,2025-12-10T19:56:21.501157+00:00
134,1765396581.5220292,2025-12-10T19:56:21.522034+00:00
135,1765396581.542594,2025-12-10T19:56:21.542598+00:00
136,1765396581.563466,2025-12-10T19:56:21.563467+00:00
137,1765396581.580875,2025-12-10T19:56:21.580877+00:00
138,1765396581.6011279,2025-12-10T19:56:21.601131+00:00
139,1765396581.622006,2025-12-10T19:56:21.622008+00:00
140,1765396581.642903,2025-12-10T19:56:21.642923+00:00
141,1765396581.663575,2025-12-10T19:56:21.663579+00:00
142,1765396581.682636,2025-12-10T19:56:21.682640+00:00
143,1765396581.6996942,2025-12-10T19:56:21.699695+00:00
144,1765396581.720038,2025-12-10T19:56:21.720063+00:00
145,1765396581.736862,2025-12-10T19:56:21.736867+00:00
146,1765396581.756791,2025-12-10T19:56:21.756798+00:00
147,1765396581.776515,2025-12-10T19:56:21.776517+00:00
148,1765396581.797612,2025-12-10T19:56:21.797624+00:00
149,1765396581.818534,2025-12-10T19:56:21.818541+00:00
150,1765396581.838402,2025-12-10T19:56:21.838408+00:00
151,1765396581.855192,2025-12-10T19:56:21.855198+00:00
152,1765396581.872857,2025-12-10T19:56:21.872859+00:00
153,1765396581.893718,2025-12-10T19:56:21.893724+00:00
154,1765396581.913447,2025-12-10T19:56:21.913454+00:00
155,1765396581.9324641,2025-12-10T19:56:21.932472+00:00
156,1765396581.950346,2025-12-10T19:56:21.950353+00:00
157,1765396581.9712372,2025-12-10T19:56:21.971238+00:00
158,1765396581.988523,2025-12-10T19:56:21.988527+00:00
159,1765396582.008327,2025-12-10T19:56:22.008330+00:00
160,1765396582.026208,2025-12-10T19:56:22.026213+00:00
161,1765396582.044091,2025-12-10T19:56:22.044093+00:00
162,1765396582.0626209,2025-12-10T19:56:22.062625+00:00
163,1765396582.079985,2025-12-10T19:56:22.079990+00:00
164,1765396582.0977762,2025-12-10T19:56:22.097776+00:00
165,1765396582.1186318,2025-12-10T19:56:22.118635+00:00
166,1765396582.139505,2025-12-10T19:56:22.139512+00:00
167,1765396582.156897,2025-12-10T19:56:22.156903+00:00
168,1765396582.177772,2025-12-10T19:56:22.177774+00:00
169,1765396582.198634,2025-12-10T19:56:22.198639+00:00
170,1765396582.2195141,2025-12-10T19:56:22.219516+00:00
171,1765396582.238646,2025-12-10T19:56:22.238653+00:00
172,1765396582.259538,2025-12-10T19:56:22.259541+00:00
173,1765396582.2801669,2025-12-10T19:56:22.280169+00:00
174,1765396582.300541,2025-12-10T19:56:22.300545+00:00
175,1765396582.321419,2025-12-10T19:56:22.321425+00:00
176,1765396582.3386161,2025-12-10T19:56:22.338630+00:00
177,1765396582.356624,2025-12-10T19:56:22.356628+00:00
178,1765396582.3760982,2025-12-10T19:56:22.376105+00:00
179,1765396582.39469,2025-12-10T19:56:22.394694+00:00
180,1765396582.413632,2025-12-10T19:56:22.413638+00:00
181,1765396582.432105,2025-12-10T19:56:22.432108+00:00
182,1765396582.452984,2025-12-10T19:56:22.452987+00:00
183,1765396582.473858,2025-12-10T19:56:22.473859+00:00
184,1765396582.494716,2025-12-10T19:56:22.494718+00:00
185,1765396582.515581,2025-12-10T19:56:22.515583+00:00
186,1765396582.534945,2025-12-10T19:56:22.534948+00:00
187,1765396582.555804,2025-12-10T19:56:22.555805+00:00
188,1765396582.576658,2025-12-10T19:56:22.576663+00:00
189,1765396582.597547,2025-12-10T19:56:22.597548+00:00
190,1765396582.6159549,2025-12-10T19:56:22.615958+00:00
191,1765396582.6368341,2025-12-10T19:56:22.636840+00:00
192,1765396582.654603,2025-12-10T19:56:22.654607+00:00
193,1765396582.671944,2025-12-10T19:56:22.671951+00:00
194,1765396582.689215,2025-12-10T19:56:22.689218+00:00
195,1765396582.710081,2025-12-10T19:56:22.710086+00:00
196,1765396582.730187,2025-12-10T19:56:22.730193+00:00
197,1765396582.746971,2025-12-10T19:56:22.746976+00:00
198,1765396582.767875,2025-12-10T19:56:22.767880+00:00
199,1765396582.7884989,2025-12-10T19:56:22.788500+00:00
200,1765396582.805311,2025-12-10T19:56:22.805312+00:00
201,1765396582.826166,2025-12-10T19:56:22.826167+00:00
202,1765396582.846839,2025-12-10T19:56:22.846839+00:00
203,1765396582.867157,2025-12-10T19:56:22.867158+00:00
204,1765396582.888007,2025-12-10T19:56:22.888008+00:00
205,1765396582.905356,2025-12-10T19:56:22.905358+00:00
206,1765396582.926212,2025-12-10T19:56:22.926217+00:00
207,1765396582.947082,2025-12-10T19:56:22.947085+00:00
208,1765396582.966794,2025-12-10T19:56:22.966797+00:00
209,1765396582.9838898,2025-12-10T19:56:22.983897+00:00
210,1765396583.0048058,2025-12-10T19:56:23.004809+00:00
211,1765396583.025676,2025-12-10T19:56:23.025677+00:00
212,1765396583.046548,2025-12-10T19:56:23.046556+00:00
213,1765396583.06747,2025-12-10T19:56:23.067471+00:00
214,1765396583.088314,2025-12-10T19:56:23.088315+00:00
215,1765396583.109164,2025-12-10T19:56:23.109166+00:00
216,1765396583.1300218,2025-12-10T19:56:23.130023+00:00
217,1765396583.149665,2025-12-10T19:56:23.149671+00:00
218,1765396583.1705432,2025-12-10T19:56:23.170547+00:00
219,1765396583.187874,2025-12-10T19:56:23.187880+00:00
220,1765396583.20479,2025-12-10T19:56:23.204794+00:00
221,1765396583.2220411,2025-12-10T19:56:23.222045+00:00
222,1765396583.242933,2025-12-10T19:56:23.242942+00:00
223,1765396583.263548,2025-12-10T19:56:23.263552+00:00
224,1765396583.284436,2025-12-10T19:56:23.284439+00:00
225,1765396583.3051882,2025-12-10T19:56:23.305190+00:00
226,1765396583.326046,2025-12-10T19:56:23.326049+00:00
227,1765396583.346855,2025-12-10T19:56:23.346857+00:00
228,1765396583.3677282,2025-12-10T19:56:23.367735+00:00
229,1765396583.388326,2025-12-10T19:56:23.388331+00:00
230,1765396583.406131,2025-12-10T19:56:23.406136+00:00
231,1765396583.4270139,2025-12-10T19:56:23.427015+00:00
232,1765396583.447873,2025-12-10T19:56:23.447878+00:00
233,1765396583.466221,2025-12-10T19:56:23.466223+00:00
234,1765396583.485903,2025-12-10T19:56:23.485909+00:00
235,1765396583.505674,2025-12-10T19:56:23.505681+00:00
236,1765396583.526186,2025-12-10T19:56:23.526193+00:00
237,1765396583.546165,2025-12-10T19:56:23.546168+00:00
238,1765396583.563761,2025-12-10T19:56:23.563762+00:00
239,1765396583.584065,2025-12-10T19:56:23.584068+00:00
240,1765396583.6036842,2025-12-10T19:56:23.603703+00:00
241,1765396583.622184,2025-12-10T19:56:23.622193+00:00
242,1765396583.640191,2025-12-10T19:56:23.640200+00:00
243,1765396583.661092,2025-12-10T19:56:23.661098+00:00
244,1765396583.680398,2025-12-10T19:56:23.680401+00:00
245,1765396583.701287,2025-12-10T19:56:23.701292+00:00
246,1765396583.721854,2025-12-10T19:56:23.721866+00:00
247,1765396583.7417622,2025-12-10T19:56:23.741767+00:00
248,1765396583.762641,2025-12-10T19:56:23.762645+00:00
249,1765396583.783438,2025-12-10T19:56:23.783439+00:00
250,1765396583.8042939,2025-12-10T19:56:23.804296+00:00
251,1765396583.8251572,2025-12-10T19:56:23.825158+00:00
252,1765396583.846022,2025-12-10T19:56:23.846029+00:00
253,1765396583.863107,2025-12-10T19:56:23.863112+00:00
254,1765396583.880197,2025-12-10T19:56:23.880200+00:00
255,1765396583.901064,2025-12-10T19:56:23.901065+00:00
256,1765396583.921916,2025-12-10T19:56:23.921918+00:00
257,1765396583.9427872,2025-12-10T19:56:23.942793+00:00
258,1765396583.963579,2025-12-10T19:56:23.963583+00:00
259,1765396583.984465,2025-12-10T19:56:23.984471+00:00
260,1765396584.003278,2025-12-10T19:56:24.003282+00:00
261,1765396584.024155,2025-12-10T19:56:24.024158+00:00
262,1765396584.045025,2025-12-10T19:56:24.045027+00:00
263,1765396584.065872,2025-12-10T19:56:24.065873+00:00
264,1765396584.086726,2025-12-10T19:56:24.086728+00:00
265,1765396584.107591,2025-12-10T19:56:24.107592+00:00
266,1765396584.128449,2025-12-10T19:56:24.128451+00:00
267,1765396584.1470752,2025-12-10T19:56:24.147078+00:00
268,1765396584.1677701,2025-12-10T19:56:24.167773+00:00
269,1765396584.188642,2025-12-10T19:56:24.188647+00:00
270,1765396584.2093482,2025-12-10T19:56:24.209350+00:00
271,1765396584.226054,2025-12-10T19:56:24.226068+00:00
272,1765396584.243428,2025-12-10T19:56:24.243433+00:00
273,1765396584.2643158,2025-12-10T19:56:24.264324+00:00
274,1765396584.2840168,2025-12-10T19:56:24.284022+00:00
275,1765396584.3010292,2025-12-10T19:56:24.301032+00:00
276,1765396584.321897,2025-12-10T19:56:24.321903+00:00
277,1765396584.342699,2025-12-10T19:56:24.342701+00:00
278,1765396584.3635561,2025-12-10T19:56:24.363558+00:00
279,1765396584.384096,2025-12-10T19:56:24.384097+00:00
280,1765396584.40495,2025-12-10T19:56:24.404951+00:00
281,1765396584.425813,2025-12-10T19:56:24.425816+00:00
282,1765396584.446698,2025-12-10T19:56:24.446703+00:00
283,1765396584.467353,2025-12-10T19:56:24.467360+00:00
284,1765396584.488257,2025-12-10T19:56:24.488259+00:00
285,1765396584.509115,2025-12-10T19:56:24.509120+00:00
286,1765396584.5298078,2025-12-10T19:56:24.529813+00:00
287,1765396584.5475042,2025-12-10T19:56:24.547505+00:00
288,1765396584.567564,2025-12-10T19:56:24.567570+00:00
289,1765396584.5884538,2025-12-10T19:56:24.588455+00:00
290,1765396584.609313,2025-12-10T19:56:24.609334+00:00
291,1765396584.6302102,2025-12-10T19:56:24.630213+00:00
292,1765396584.651016,2025-12-10T19:56:24.651017+00:00
293,1765396584.671885,2025-12-10T19:56:24.671895+00:00
294,1765396584.6917639,2025-12-10T19:56:24.691768+00:00
295,1765396584.7093692,2025-12-10T19:56:24.709377+00:00
296,1765396584.730283,2025-12-10T19:56:24.730289+00:00
297,1765396584.7511811,2025-12-10T19:56:24.751185+00:00
298,1765396584.771313,2025-12-10T19:56:24.771316+00:00
299,1765396584.792188,2025-12-10T19:56:24.792190+00:00
300,1765396584.809076,2025-12-10T19:56:24.809078+00:00
301,1765396584.829935,2025-12-10T19:56:24.829939+00:00
302,1765396584.850807,2025-12-10T19:56:24.850808+00:00
303,1765396584.867697,2025-12-10T19:56:24.867700+00:00
304,1765396584.888577,2025-12-10T19:56:24.888581+00:00
305,1765396584.90859,2025-12-10T19:56:24.908594+00:00
306,1765396584.926294,2025-12-10T19:56:24.926296+00:00
307,1765396584.946244,2025-12-10T19:56:24.946247+00:00
308,1765396584.967117,2025-12-10T19:56:24.967120+00:00
309,1765396584.9879942,2025-12-10T19:56:24.987999+00:00
310,1765396585.005087,2025-12-10T19:56:25.005092+00:00
311,1765396585.022121,2025-12-10T19:56:25.022153+00:00
312,1765396585.041285,2025-12-10T19:56:25.041293+00:00
313,1765396585.062187,2025-12-10T19:56:25.062194+00:00
314,1765396585.083186,2025-12-10T19:56:25.083189+00:00
315,1765396585.1040618,2025-12-10T19:56:25.104069+00:00
316,1765396585.12497,2025-12-10T19:56:25.124973+00:00
317,1765396585.1458502,2025-12-10T19:56:25.145854+00:00
318,1765396585.166722,2025-12-10T19:56:25.166730+00:00
319,1765396585.187619,2025-12-10T19:56:25.187622+00:00
320,1765396585.208496,2025-12-10T19:56:25.208497+00:00
321,1765396585.227632,2025-12-10T19:56:25.227633+00:00
322,1765396585.248488,2025-12-10T19:56:25.248491+00:00
323,1765396585.269363,2025-12-10T19:56:25.269365+00:00
324,1765396585.2902222,2025-12-10T19:56:25.290222+00:00
325,1765396585.3111339,2025-12-10T19:56:25.311138+00:00
326,1765396585.3320162,2025-12-10T19:56:25.332018+00:00
327,1765396585.352879,2025-12-10T19:56:25.352883+00:00
328,1765396585.3727229,2025-12-10T19:56:25.372732+00:00
329,1765396585.39269,2025-12-10T19:56:25.392691+00:00
330,1765396585.410461,2025-12-10T19:56:25.410462+00:00
331,1765396585.431166,2025-12-10T19:56:25.431167+00:00
332,1765396585.45135,2025-12-10T19:56:25.451351+00:00
333,1765396585.4699452,2025-12-10T19:56:25.469948+00:00
334,1765396585.4908109,2025-12-10T19:56:25.490811+00:00
335,1765396585.5086238,2025-12-10T19:56:25.508627+00:00
336,1765396585.5295,2025-12-10T19:56:25.529503+00:00
337,1765396585.550381,2025-12-10T19:56:25.550388+00:00
338,1765396585.567177,2025-12-10T19:56:25.567179+00:00
339,1765396585.587451,2025-12-10T19:56:25.587453+00:00
340,1765396585.6043038,2025-12-10T19:56:25.604305+00:00
341,1765396585.62516,2025-12-10T19:56:25.625166+00:00
342,1765396585.6438751,2025-12-10T19:56:25.643877+00:00
343,1765396585.664326,2025-12-10T19:56:25.664333+00:00
344,1765396585.6843789,2025-12-10T19:56:25.684387+00:00
345,1765396585.705529,2025-12-10T19:56:25.705531+00:00
346,1765396585.723778,2025-12-10T19:56:25.723780+00:00
347,1765396585.7429261,2025-12-10T19:56:25.742928+00:00
348,1765396585.763798,2025-12-10T19:56:25.763802+00:00
349,1765396585.7843761,2025-12-10T19:56:25.784384+00:00
350,1765396585.801244,2025-12-10T19:56:25.801251+00:00
351,1765396585.8180149,2025-12-10T19:56:25.818021+00:00
352,1765396585.837408,2025-12-10T19:56:25.837423+00:00
353,1765396585.858316,2025-12-10T19:56:25.858317+00:00
354,1765396585.875852,2025-12-10T19:56:25.875857+00:00
355,1765396585.892695,2025-12-10T19:56:25.892696+00:00
356,1765396585.913555,2025-12-10T19:56:25.913560+00:00
357,1765396585.934437,2025-12-10T19:56:25.934439+00:00
358,1765396585.9514282,2025-12-10T19:56:25.951429+00:00
359,1765396585.9721951,2025-12-10T19:56:25.972199+00:00
360,1765396585.993067,2025-12-10T19:56:25.993068+00:00
361,1765396586.009802,2025-12-10T19:56:26.009803+00:00
362,1765396586.026487,2025-12-10T19:56:26.026488+00:00
363,1765396586.0461981,2025-12-10T19:56:26.046203+00:00
364,1765396586.067086,2025-12-10T19:56:26.067086+00:00
365,1765396586.087948,2025-12-10T19:56:26.087955+00:00
366,1765396586.1047082,2025-12-10T19:56:26.104711+00:00
367,1765396586.124615,2025-12-10T19:56:26.124621+00:00
368,1765396586.145504,2025-12-10T19:56:26.145506+00:00
369,1765396586.1640902,2025-12-10T19:56:26.164094+00:00
370,1765396586.182952,2025-12-10T19:56:26.182959+00:00
371,1765396586.203852,2025-12-10T19:56:26.203855+00:00
372,1765396586.220808,2025-12-10T19:56:26.220810+00:00
373,1765396586.241666,2025-12-10T19:56:26.241668+00:00
374,1765396586.262539,2025-12-10T19:56:26.262546+00:00
375,1765396586.279982,2025-12-10T19:56:26.279988+00:00
376,1765396586.300865,2025-12-10T19:56:26.300866+00:00
377,1765396586.369426,2025-12-10T19:56:26.369432+00:00
378,1765396586.403735,2025-12-10T19:56:26.403744+00:00
379,1765396586.4217112,2025-12-10T19:56:26.421721+00:00
380,1765396586.4403808,2025-12-10T19:56:26.440387+00:00
381,1765396586.459291,2025-12-10T19:56:26.459298+00:00
382,1765396586.479012,2025-12-10T19:56:26.479018+00:00
383,1765396586.4998899,2025-12-10T19:56:26.499896+00:00
384,1765396586.5194812,2025-12-10T19:56:26.519487+00:00
385,1765396586.540363,2025-12-10T19:56:26.540380+00:00
386,1765396586.5612931,2025-12-10T19:56:26.561301+00:00
387,1765396586.580138,2025-12-10T19:56:26.580144+00:00
388,1765396586.6010299,2025-12-10T19:56:26.601031+00:00
389,1765396586.618253,2025-12-10T19:56:26.618257+00:00
390,1765396586.6391418,2025-12-10T19:56:26.639143+00:00
391,1765396586.6596181,2025-12-10T19:56:26.659624+00:00
392,1765396586.67654,2025-12-10T19:56:26.676548+00:00
393,1765396586.697412,2025-12-10T19:56:26.697415+00:00
394,1765396586.71492,2025-12-10T19:56:26.714927+00:00
395,1765396586.7343879,2025-12-10T19:56:26.734394+00:00
396,1765396586.755263,2025-12-10T19:56:26.755266+00:00
397,1765396586.773369,2025-12-10T19:56:26.773376+00:00
398,1765396586.79428,2025-12-10T19:56:26.794288+00:00
399,1765396586.812908,2025-12-10T19:56:26.812919+00:00
400,1765396586.8302531,2025-12-10T19:56:26.830259+00:00
401,1765396586.851039,2025-12-10T19:56:26.851041+00:00
402,1765396586.871892,2025-12-10T19:56:26.871893+00:00
403,1765396586.8927429,2025-12-10T19:56:26.892744+00:00
404,1765396586.912684,2025-12-10T19:56:26.912690+00:00
405,1765396586.9301949,2025-12-10T19:56:26.930201+00:00
406,1765396586.951477,2025-12-10T19:56:26.951498+00:00
407,1765396586.969711,2025-12-10T19:56:26.969718+00:00
408,1765396586.988093,2025-12-10T19:56:26.988102+00:00
409,1765396587.008354,2025-12-10T19:56:27.008358+00:00
410,1765396587.0292292,2025-12-10T19:56:27.029233+00:00
411,1765396587.050106,2025-12-10T19:56:27.050112+00:00
412,1765396587.067895,2025-12-10T19:56:27.067903+00:00
413,1765396587.0846562,2025-12-10T19:56:27.084662+00:00
414,1765396587.105563,2025-12-10T19:56:27.105565+00:00
415,1765396587.126351,2025-12-10T19:56:27.126356+00:00
416,1765396587.147234,2025-12-10T19:56:27.147235+00:00
417,1765396587.164293,2025-12-10T19:56:27.164295+00:00
418,1765396587.182728,2025-12-10T19:56:27.182741+00:00
419,1765396587.201055,2025-12-10T19:56:27.201061+00:00
420,1765396587.2219489,2025-12-10T19:56:27.221952+00:00
421,1765396587.2428238,2025-12-10T19:56:27.242830+00:00
422,1765396587.263701,2025-12-10T19:56:27.263702+00:00
423,1765396587.2845728,2025-12-10T19:56:27.284573+00:00
424,1765396587.3012638,2025-12-10T19:56:27.301266+00:00
425,1765396587.322864,2025-12-10T19:56:27.322872+00:00
426,1765396587.343785,2025-12-10T19:56:27.343796+00:00
427,1765396587.364704,2025-12-10T19:56:27.364709+00:00
428,1765396587.384594,2025-12-10T19:56:27.384599+00:00
429,1765396587.404594,2025-12-10T19:56:27.404601+00:00
430,1765396587.422325,2025-12-10T19:56:27.422329+00:00
431,1765396587.442988,2025-12-10T19:56:27.442997+00:00
432,1765396587.4635808,2025-12-10T19:56:27.463589+00:00
433,1765396587.484491,2025-12-10T19:56:27.484494+00:00
434,1765396587.505366,2025-12-10T19:56:27.505382+00:00
435,1765396587.5250251,2025-12-10T19:56:27.525033+00:00
436,1765396587.5459578,2025-12-10T19:56:27.545967+00:00
437,1765396587.566859,2025-12-10T19:56:27.566861+00:00
438,1765396587.5847502,2025-12-10T19:56:27.584757+00:00
439,1765396587.605658,2025-12-10T19:56:27.605661+00:00
440,1765396587.6274402,2025-12-10T19:56:27.627440+00:00
441,1765396587.644552,2025-12-10T19:56:27.644555+00:00
442,1765396587.663158,2025-12-10T19:56:27.663167+00:00
443,1765396587.681292,2025-12-10T19:56:27.681296+00:00
444,1765396587.7012732,2025-12-10T19:56:27.701280+00:00
445,1765396587.7221608,2025-12-10T19:56:27.722167+00:00
446,1765396587.74273,2025-12-10T19:56:27.742737+00:00
447,1765396587.763632,2025-12-10T19:56:27.763637+00:00
448,1765396587.783821,2025-12-10T19:56:27.783825+00:00
449,1765396587.801048,2025-12-10T19:56:27.801049+00:00
450,1765396587.82178,2025-12-10T19:56:27.821786+00:00
451,1765396587.839169,2025-12-10T19:56:27.839172+00:00
452,1765396587.859118,2025-12-10T19:56:27.859123+00:00
453,1765396587.8783948,2025-12-10T19:56:27.878397+00:00
454,1765396587.895357,2025-12-10T19:56:27.895364+00:00
455,1765396587.916269,2025-12-10T19:56:27.916271+00:00
456,1765396587.933721,2025-12-10T19:56:27.935594+00:00
457,1765396587.956535,2025-12-10T19:56:27.956543+00:00
458,1765396587.976794,2025-12-10T19:56:27.976801+00:00
459,1765396587.9976902,2025-12-10T19:56:27.997694+00:00
460,1765396588.017322,2025-12-10T19:56:28.017324+00:00
461,1765396588.038181,2025-12-10T19:56:28.038183+00:00
462,1765396588.0560992,2025-12-10T19:56:28.056103+00:00
463,1765396588.076971,2025-12-10T19:56:28.076973+00:00
464,1765396588.093743,2025-12-10T19:56:28.093745+00:00
465,1765396588.114607,2025-12-10T19:56:28.114608+00:00
466,1765396588.132148,2025-12-10T19:56:28.132150+00:00
467,1765396588.1530051,2025-12-10T19:56:28.153009+00:00
468,1765396588.173874,2025-12-10T19:56:28.173878+00:00
469,1765396588.192823,2025-12-10T19:56:28.192828+00:00
470,1765396588.209595,2025-12-10T19:56:28.209640+00:00
471,1765396588.229803,2025-12-10T19:56:28.229809+00:00
472,1765396588.2506938,2025-12-10T19:56:28.250699+00:00
473,1765396588.2690282,2025-12-10T19:56:28.269032+00:00
474,1765396588.288768,2025-12-10T19:56:28.288772+00:00
475,1765396588.309136,2025-12-10T19:56:28.309141+00:00
476,1765396588.3263202,2025-12-10T19:56:28.326338+00:00
477,1765396588.347216,2025-12-10T19:56:28.347224+00:00
478,1765396588.367873,2025-12-10T19:56:28.367877+00:00
479,1765396588.388748,2025-12-10T19:56:28.388752+00:00
480,1765396588.405578,2025-12-10T19:56:28.405584+00:00
481,1765396588.426364,2025-12-10T19:56:28.426377+00:00
482,1765396588.448423,2025-12-10T19:56:28.448487+00:00
483,1765396588.489072,2025-12-10T19:56:28.489078+00:00
484,1765396588.510599,2025-12-10T19:56:28.510606+00:00
485,1765396588.534828,2025-12-10T19:56:28.534834+00:00
486,1765396588.5772312,2025-12-10T19:56:28.577239+00:00
487,1765396588.6087391,2025-12-10T19:56:28.608748+00:00
488,1765396588.629099,2025-12-10T19:56:28.629107+00:00
489,1765396588.647785,2025-12-10T19:56:28.647792+00:00
490,1765396588.666562,2025-12-10T19:56:28.666571+00:00
491,1765396588.685048,2025-12-10T19:56:28.685057+00:00
492,1765396588.706086,2025-12-10T19:56:28.706092+00:00
493,1765396588.726725,2025-12-10T19:56:28.726734+00:00
494,1765396588.747632,2025-12-10T19:56:28.747639+00:00
495,1765396588.765217,2025-12-10T19:56:28.765223+00:00
496,1765396588.7846248,2025-12-10T19:56:28.784633+00:00
497,1765396588.805567,2025-12-10T19:56:28.805573+00:00
498,1765396588.826987,2025-12-10T19:56:28.826995+00:00
499,1765396588.843987,2025-12-10T19:56:28.843995+00:00
500,1765396588.862165,2025-12-10T19:56:28.862170+00:00
501,1765396588.8830478,2025-12-10T19:56:28.883055+00:00
502,1765396588.901013,2025-12-10T19:56:28.901016+00:00
503,1765396588.923501,2025-12-10T19:56:28.923523+00:00
504,1765396588.942998,2025-12-10T19:56:28.943005+00:00
505,1765396588.962156,2025-12-10T19:56:28.962161+00:00
506,1765396588.9830348,2025-12-10T19:56:28.983041+00:00
507,1765396589.001258,2025-12-10T19:56:29.001264+00:00
508,1765396589.0186508,2025-12-10T19:56:29.018658+00:00
509,1765396589.0359411,2025-12-10T19:56:29.035948+00:00
510,1765396589.056903,2025-12-10T19:56:29.056910+00:00
511,1765396589.0756202,2025-12-10T19:56:29.075624+00:00
512,1765396589.093087,2025-12-10T19:56:29.093095+00:00
513,1765396589.113974,2025-12-10T19:56:29.113981+00:00
514,1765396589.134867,2025-12-10T19:56:29.134871+00:00
515,1765396589.155261,2025-12-10T19:56:29.155267+00:00
516,1765396589.176149,2025-12-10T19:56:29.176154+00:00
517,1765396589.193494,2025-12-10T19:56:29.193503+00:00
518,1765396589.21442,2025-12-10T19:56:29.214425+00:00
519,1765396589.234717,2025-12-10T19:56:29.234727+00:00
520,1765396589.2556028,2025-12-10T19:56:29.255607+00:00
521,1765396589.275904,2025-12-10T19:56:29.275924+00:00
522,1765396589.292781,2025-12-10T19:56:29.292785+00:00
523,1765396589.3166249,2025-12-10T19:56:29.316632+00:00
524,1765396589.338832,2025-12-10T19:56:29.338841+00:00
525,1765396589.3637109,2025-12-10T19:56:29.363715+00:00
526,1765396589.384587,2025-12-10T19:56:29.384592+00:00
527,1765396589.40548,2025-12-10T19:56:29.405487+00:00
528,1765396589.426382,2025-12-10T19:56:29.426385+00:00
529,1765396589.447236,2025-12-10T19:56:29.447237+00:00
530,1765396589.46809,2025-12-10T19:56:29.468094+00:00
531,1765396589.488965,2025-12-10T19:56:29.488969+00:00
532,1765396589.5076401,2025-12-10T19:56:29.507643+00:00
533,1765396589.5285099,2025-12-10T19:56:29.528512+00:00
534,1765396589.547008,2025-12-10T19:56:29.547012+00:00
535,1765396589.567903,2025-12-10T19:56:29.567905+00:00
536,1765396589.58878,2025-12-10T19:56:29.588782+00:00
537,1765396589.608955,2025-12-10T19:56:29.608958+00:00
538,1765396589.6264892,2025-12-10T19:56:29.626490+00:00
539,1765396589.6470149,2025-12-10T19:56:29.647017+00:00
540,1765396589.667895,2025-12-10T19:56:29.667900+00:00
541,1765396589.688164,2025-12-10T19:56:29.688171+00:00
542,1765396589.7090812,2025-12-10T19:56:29.709091+00:00
543,1765396589.727086,2025-12-10T19:56:29.727089+00:00
544,1765396589.747953,2025-12-10T19:56:29.747960+00:00
545,1765396589.767937,2025-12-10T19:56:29.767939+00:00
546,1765396589.788788,2025-12-10T19:56:29.788790+00:00
547,1765396589.809566,2025-12-10T19:56:29.809570+00:00
548,1765396589.827193,2025-12-10T19:56:29.827194+00:00
549,1765396589.847075,2025-12-10T19:56:29.847076+00:00
550,1765396589.867927,2025-12-10T19:56:29.867929+00:00
551,1765396589.888793,2025-12-10T19:56:29.888797+00:00
552,1765396589.9069178,2025-12-10T19:56:29.906919+00:00
553,1765396589.9239612,2025-12-10T19:56:29.923961+00:00
554,1765396589.9429,2025-12-10T19:56:29.942911+00:00
555,1765396589.963802,2025-12-10T19:56:29.963807+00:00
556,1765396589.984688,2025-12-10T19:56:29.984690+00:00
557,1765396590.005544,2025-12-10T19:56:30.005548+00:00
558,1765396590.026409,2025-12-10T19:56:30.026410+00:00
559,1765396590.047271,2025-12-10T19:56:30.047278+00:00
560,1765396590.0652502,2025-12-10T19:56:30.065251+00:00
561,1765396590.086106,2025-12-10T19:56:30.086107+00:00
562,1765396590.106389,2025-12-10T19:56:30.106392+00:00
563,1765396590.127255,2025-12-10T19:56:30.127256+00:00
564,1765396590.1452632,2025-12-10T19:56:30.145264+00:00
565,1765396590.166122,2025-12-10T19:56:30.166125+00:00
566,1765396590.1869829,2025-12-10T19:56:30.186984+00:00
567,1765396590.207851,2025-12-10T19:56:30.207858+00:00
568,1765396590.225922,2025-12-10T19:56:30.225926+00:00
569,1765396590.2468102,2025-12-10T19:56:30.246816+00:00
570,1765396590.2677052,2025-12-10T19:56:30.267710+00:00
571,1765396590.2886138,2025-12-10T19:56:30.288620+00:00
572,1765396590.307997,2025-12-10T19:56:30.308000+00:00
573,1765396590.328565,2025-12-10T19:56:30.328569+00:00
574,1765396590.348723,2025-12-10T19:56:30.348724+00:00
575,1765396590.369577,2025-12-10T19:56:30.369579+00:00
576,1765396590.38961,2025-12-10T19:56:30.389632+00:00
577,1765396590.4098802,2025-12-10T19:56:30.409884+00:00
578,1765396590.430749,2025-12-10T19:56:30.430754+00:00
579,1765396590.447905,2025-12-10T19:56:30.447909+00:00
580,1765396590.466611,2025-12-10T19:56:30.466612+00:00
581,1765396590.4868748,2025-12-10T19:56:30.486877+00:00
582,1765396590.5077372,2025-12-10T19:56:30.507738+00:00
583,1765396590.525419,2025-12-10T19:56:30.525424+00:00
584,1765396590.546304,2025-12-10T19:56:30.546305+00:00
585,1765396590.563856,2025-12-10T19:56:30.563858+00:00
586,1765396590.583348,2025-12-10T19:56:30.583351+00:00
587,1765396590.6042602,2025-12-10T19:56:30.604278+00:00
588,1765396590.6226099,2025-12-10T19:56:30.622618+00:00
589,1765396590.6406488,2025-12-10T19:56:30.640653+00:00
590,1765396590.661532,2025-12-10T19:56:30.661541+00:00
591,1765396590.681628,2025-12-10T19:56:30.681637+00:00
592,1765396590.702527,2025-12-10T19:56:30.702532+00:00
593,1765396590.723417,2025-12-10T19:56:30.723430+00:00
594,1765396590.74196,2025-12-10T19:56:30.741964+00:00
595,1765396590.762836,2025-12-10T19:56:30.762840+00:00
596,1765396590.783502,2025-12-10T19:56:30.783525+00:00
597,1765396590.804395,2025-12-10T19:56:30.804407+00:00
598,1765396590.825374,2025-12-10T19:56:30.825384+00:00
599,1765396590.844438,2025-12-10T19:56:30.844448+00:00
600,1765396590.8653681,2025-12-10T19:56:30.865379+00:00
601,1765396590.884459,2025-12-10T19:56:30.884464+00:00
602,1765396590.9022021,2025-12-10T19:56:30.902224+00:00
603,1765396590.920514,2025-12-10T19:56:30.920518+00:00
604,1765396590.9409769,2025-12-10T19:56:30.940985+00:00
605,1765396590.960153,2025-12-10T19:56:30.960159+00:00
606,1765396590.981029,2025-12-10T19:56:30.981035+00:00
607,1765396590.998235,2025-12-10T19:56:30.998243+00:00
608,1765396591.0189,2025-12-10T19:56:31.018913+00:00
609,1765396591.0376582,2025-12-10T19:56:31.037697+00:00
610,1765396591.055222,2025-12-10T19:56:31.055229+00:00
611,1765396591.074721,2025-12-10T19:56:31.074731+00:00
612,1765396591.095636,2025-12-10T19:56:31.095642+00:00
613,1765396591.1128588,2025-12-10T19:56:31.112870+00:00
614,1765396591.1337652,2025-12-10T19:56:31.133766+00:00
615,1765396591.154616,2025-12-10T19:56:31.154617+00:00
616,1765396591.17547,2025-12-10T19:56:31.175477+00:00
617,1765396591.1930702,2025-12-10T19:56:31.193079+00:00
618,1765396591.211859,2025-12-10T19:56:31.211875+00:00
619,1765396591.232806,2025-12-10T19:56:31.232817+00:00
620,1765396591.2537222,2025-12-10T19:56:31.253728+00:00
621,1765396591.274624,2025-12-10T19:56:31.274628+00:00
622,1765396591.292016,2025-12-10T19:56:31.292020+00:00
623,1765396591.310736,2025-12-10T19:56:31.310739+00:00
624,1765396591.330049,2025-12-10T19:56:31.330050+00:00
625,1765396591.350917,2025-12-10T19:56:31.350926+00:00
626,1765396591.3718321,2025-12-10T19:56:31.371839+00:00
627,1765396591.392739,2025-12-10T19:56:31.392742+00:00
628,1765396591.4105332,2025-12-10T19:56:31.410539+00:00
629,1765396591.431409,2025-12-10T19:56:31.431412+00:00
630,1765396591.4521909,2025-12-10T19:56:31.452198+00:00
631,1765396591.470444,2025-12-10T19:56:31.470449+00:00
632,1765396591.488254,2025-12-10T19:56:31.488259+00:00
633,1765396591.509145,2025-12-10T19:56:31.509149+00:00
634,1765396591.5300071,2025-12-10T19:56:31.530010+00:00
635,1765396591.55087,2025-12-10T19:56:31.550875+00:00
636,1765396591.569002,2025-12-10T19:56:31.569006+00:00
637,1765396591.5886028,2025-12-10T19:56:31.588610+00:00
638,1765396591.608491,2025-12-10T19:56:31.608495+00:00
639,1765396591.629389,2025-12-10T19:56:31.629392+00:00
640,1765396591.650263,2025-12-10T19:56:31.650269+00:00
641,1765396591.671007,2025-12-10T19:56:31.671019+00:00
642,1765396591.6899378,2025-12-10T19:56:31.689940+00:00
643,1765396591.709495,2025-12-10T19:56:31.709501+00:00
644,1765396591.7284338,2025-12-10T19:56:31.728446+00:00
645,1765396591.7479239,2025-12-10T19:56:31.747929+00:00
646,1765396591.765468,2025-12-10T19:56:31.765491+00:00
647,1765396591.784412,2025-12-10T19:56:31.784420+00:00
648,1765396591.8086889,2025-12-10T19:56:31.808697+00:00
649,1765396591.826185,2025-12-10T19:56:31.826193+00:00
650,1765396591.84779,2025-12-10T19:56:31.847797+00:00
651,1765396591.86869,2025-12-10T19:56:31.868698+00:00
652,1765396591.890026,2025-12-10T19:56:31.890035+00:00
653,1765396591.906901,2025-12-10T19:56:31.906909+00:00
654,1765396591.924536,2025-12-10T19:56:31.924541+00:00
655,1765396591.945419,2025-12-10T19:56:31.945423+00:00
656,1765396591.966423,2025-12-10T19:56:31.966427+00:00
657,1765396591.987286,2025-12-10T19:56:31.987288+00:00
658,1765396592.008142,2025-12-10T19:56:32.008143+00:00
659,1765396592.026857,2025-12-10T19:56:32.026859+00:00
660,1765396592.0477161,2025-12-10T19:56:32.047719+00:00
661,1765396592.0685818,2025-12-10T19:56:32.068600+00:00
662,1765396592.089539,2025-12-10T19:56:32.089569+00:00
663,1765396592.10943,2025-12-10T19:56:32.109439+00:00
664,1765396592.127077,2025-12-10T19:56:32.127084+00:00
665,1765396592.146976,2025-12-10T19:56:32.146988+00:00
666,1765396592.167893,2025-12-10T19:56:32.167899+00:00
667,1765396592.18522,2025-12-10T19:56:32.185228+00:00
668,1765396592.206122,2025-12-10T19:56:32.206129+00:00
669,1765396592.2261078,2025-12-10T19:56:32.226115+00:00
670,1765396592.247037,2025-12-10T19:56:32.247044+00:00
671,1765396592.264997,2025-12-10T19:56:32.265002+00:00
672,1765396592.283673,2025-12-10T19:56:32.283688+00:00
673,1765396592.304595,2025-12-10T19:56:32.304600+00:00
674,1765396592.325495,2025-12-10T19:56:32.325505+00:00
675,1765396592.345409,2025-12-10T19:56:32.345412+00:00
676,1765396592.366274,2025-12-10T19:56:32.366277+00:00
677,1765396592.385102,2025-12-10T19:56:32.385112+00:00
678,1765396592.4049568,2025-12-10T19:56:32.404969+00:00
679,1765396592.421791,2025-12-10T19:56:32.421795+00:00
680,1765396592.442506,2025-12-10T19:56:32.442521+00:00
681,1765396592.4646451,2025-12-10T19:56:32.464651+00:00
682,1765396592.484511,2025-12-10T19:56:32.484523+00:00
683,1765396592.505418,2025-12-10T19:56:32.505423+00:00
684,1765396592.526305,2025-12-10T19:56:32.526308+00:00
685,1765396592.545439,2025-12-10T19:56:32.545451+00:00
686,1765396592.563071,2025-12-10T19:56:32.563078+00:00
687,1765396592.583607,2025-12-10T19:56:32.583611+00:00
688,1765396592.601086,2025-12-10T19:56:32.601092+00:00
689,1765396592.621985,2025-12-10T19:56:32.621991+00:00
690,1765396592.642354,2025-12-10T19:56:32.642357+00:00
691,1765396592.6622982,2025-12-10T19:56:32.662301+00:00
692,1765396592.679777,2025-12-10T19:56:32.679780+00:00
693,1765396592.6983979,2025-12-10T19:56:32.698403+00:00
694,1765396592.71746,2025-12-10T19:56:32.717467+00:00
695,1765396592.738395,2025-12-10T19:56:32.738403+00:00
696,1765396592.759317,2025-12-10T19:56:32.759328+00:00
697,1765396592.779192,2025-12-10T19:56:32.779202+00:00
698,1765396592.799637,2025-12-10T19:56:32.799639+00:00
699,1765396592.820499,2025-12-10T19:56:32.820502+00:00
700,1765396592.839607,2025-12-10T19:56:32.839608+00:00
701,1765396592.8573701,2025-12-10T19:56:32.857374+00:00
702,1765396592.878248,2025-12-10T19:56:32.878250+00:00
703,1765396592.899285,2025-12-10T19:56:32.899287+00:00
704,1765396592.920379,2025-12-10T19:56:32.920386+00:00
705,1765396592.9384289,2025-12-10T19:56:32.938435+00:00
706,1765396592.9593139,2025-12-10T19:56:32.959317+00:00
707,1765396592.980182,2025-12-10T19:56:32.980187+00:00
708,1765396592.9969862,2025-12-10T19:56:32.996990+00:00
709,1765396593.0171788,2025-12-10T19:56:33.017181+00:00
710,1765396593.0347211,2025-12-10T19:56:33.034725+00:00
711,1765396593.055593,2025-12-10T19:56:33.055597+00:00
712,1765396593.07526,2025-12-10T19:56:33.075275+00:00
713,1765396593.092749,2025-12-10T19:56:33.092750+00:00
714,1765396593.110379,2025-12-10T19:56:33.110381+00:00
715,1765396593.131082,2025-12-10T19:56:33.131086+00:00
716,1765396593.151387,2025-12-10T19:56:33.151388+00:00
717,1765396593.1712902,2025-12-10T19:56:33.171294+00:00
718,1765396593.189861,2025-12-10T19:56:33.189890+00:00
719,1765396593.210012,2025-12-10T19:56:33.210034+00:00
720,1765396593.229846,2025-12-10T19:56:33.229853+00:00
721,1765396593.247628,2025-12-10T19:56:33.247637+00:00
722,1765396593.265512,2025-12-10T19:56:33.265520+00:00
723,1765396593.2860081,2025-12-10T19:56:33.286011+00:00
724,1765396593.30475,2025-12-10T19:56:33.304754+00:00
725,1765396593.3256462,2025-12-10T19:56:33.325649+00:00
726,1765396593.3450172,2025-12-10T19:56:33.345029+00:00
727,1765396593.3646898,2025-12-10T19:56:33.364700+00:00
728,1765396593.3844428,2025-12-10T19:56:33.384452+00:00
729,1765396593.403699,2025-12-10T19:56:33.403705+00:00
730,1765396593.424604,2025-12-10T19:56:33.424606+00:00
731,1765396593.445477,2025-12-10T19:56:33.445483+00:00
732,1765396593.466802,2025-12-10T19:56:33.466804+00:00
733,1765396593.487665,2025-12-10T19:56:33.487670+00:00
734,1765396593.508563,2025-12-10T19:56:33.508567+00:00
735,1765396593.5267808,2025-12-10T19:56:33.526784+00:00
736,1765396593.546849,2025-12-10T19:56:33.546852+00:00
737,1765396593.564512,2025-12-10T19:56:33.564514+00:00
738,1765396593.58538,2025-12-10T19:56:33.585380+00:00
739,1765396593.6026309,2025-12-10T19:56:33.602634+00:00
740,1765396593.6234958,2025-12-10T19:56:33.623500+00:00
741,1765396593.643573,2025-12-10T19:56:33.643578+00:00
742,1765396593.6669161,2025-12-10T19:56:33.666923+00:00
743,1765396593.687221,2025-12-10T19:56:33.687258+00:00
744,1765396593.711074,2025-12-10T19:56:33.711078+00:00
745,1765396593.7319958,2025-12-10T19:56:33.732004+00:00
746,1765396593.754139,2025-12-10T19:56:33.754150+00:00
747,1765396593.777675,2025-12-10T19:56:33.777682+00:00
748,1765396593.795383,2025-12-10T19:56:33.795390+00:00
749,1765396593.817137,2025-12-10T19:56:33.817153+00:00
750,1765396593.835562,2025-12-10T19:56:33.835657+00:00
751,1765396593.854048,2025-12-10T19:56:33.854054+00:00
752,1765396593.8843782,2025-12-10T19:56:33.884386+00:00
753,1765396593.907358,2025-12-10T19:56:33.907368+00:00
754,1765396593.9438279,2025-12-10T19:56:33.943836+00:00
755,1765396593.962788,2025-12-10T19:56:33.962809+00:00
756,1765396594.000923,2025-12-10T19:56:34.000936+00:00
757,1765396594.048865,2025-12-10T19:56:34.048873+00:00
758,1765396594.067372,2025-12-10T19:56:34.067379+00:00
759,1765396594.086091,2025-12-10T19:56:34.086311+00:00
760,1765396594.1063192,2025-12-10T19:56:34.106391+00:00
761,1765396594.1653938,2025-12-10T19:56:34.165401+00:00
762,1765396594.186877,2025-12-10T19:56:34.186886+00:00
763,1765396594.21502,2025-12-10T19:56:34.215027+00:00
764,1765396594.234109,2025-12-10T19:56:34.234116+00:00
765,1765396594.256762,2025-12-10T19:56:34.256767+00:00
766,1765396594.2777321,2025-12-10T19:56:34.277738+00:00
767,1765396594.298622,2025-12-10T19:56:34.298630+00:00
768,1765396594.323495,2025-12-10T19:56:34.323720+00:00
769,1765396594.343392,2025-12-10T19:56:34.343399+00:00
770,1765396594.36222,2025-12-10T19:56:34.362227+00:00
771,1765396594.38,2025-12-10T19:56:34.380007+00:00
772,1765396594.400901,2025-12-10T19:56:34.400908+00:00
773,1765396594.421303,2025-12-10T19:56:34.421309+00:00
774,1765396594.442206,2025-12-10T19:56:34.442218+00:00
775,1765396594.459572,2025-12-10T19:56:34.459585+00:00
776,1765396594.480366,2025-12-10T19:56:34.480372+00:00
777,1765396594.4978938,2025-12-10T19:56:34.497897+00:00
778,1765396594.516106,2025-12-10T19:56:34.516117+00:00
779,1765396594.535393,2025-12-10T19:56:34.535407+00:00
780,1765396594.554197,2025-12-10T19:56:34.554202+00:00
781,1765396594.5711,2025-12-10T19:56:34.571110+00:00
782,1765396594.588023,2025-12-10T19:56:34.588029+00:00
783,1765396594.608895,2025-12-10T19:56:34.608899+00:00
784,1765396594.629772,2025-12-10T19:56:34.629780+00:00
785,1765396594.651047,2025-12-10T19:56:34.651062+00:00
786,1765396594.670774,2025-12-10T19:56:34.670786+00:00
787,1765396594.688211,2025-12-10T19:56:34.688217+00:00
788,1765396594.707842,2025-12-10T19:56:34.707846+00:00
789,1765396594.7256289,2025-12-10T19:56:34.725634+00:00
790,1765396594.742764,2025-12-10T19:56:34.742766+00:00
791,1765396594.761248,2025-12-10T19:56:34.761253+00:00
792,1765396594.7804632,2025-12-10T19:56:34.780464+00:00
793,1765396594.801314,2025-12-10T19:56:34.801315+00:00
794,1765396594.8183858,2025-12-10T19:56:34.818388+00:00
795,1765396594.839254,2025-12-10T19:56:34.839259+00:00
796,1765396594.860148,2025-12-10T19:56:34.860163+00:00
797,1765396594.8810902,2025-12-10T19:56:34.881098+00:00
798,1765396594.901098,2025-12-10T19:56:34.901103+00:00
799,1765396594.921998,2025-12-10T19:56:34.922004+00:00
800,1765396594.941889,2025-12-10T19:56:34.941893+00:00
801,1765396594.9627671,2025-12-10T19:56:34.962775+00:00
802,1765396594.9827929,2025-12-10T19:56:34.982794+00:00
803,1765396595.0036511,2025-12-10T19:56:35.003653+00:00
804,1765396595.023435,2025-12-10T19:56:35.023439+00:00
805,1765396595.044312,2025-12-10T19:56:35.044313+00:00
806,1765396595.064575,2025-12-10T19:56:35.064582+00:00
807,1765396595.084525,2025-12-10T19:56:35.084531+00:00
808,1765396595.103476,2025-12-10T19:56:35.103478+00:00
809,1765396595.1216252,2025-12-10T19:56:35.121628+00:00
810,1765396595.142506,2025-12-10T19:56:35.142508+00:00
811,1765396595.163386,2025-12-10T19:56:35.163390+00:00
812,1765396595.1837661,2025-12-10T19:56:35.183770+00:00
813,1765396595.200703,2025-12-10T19:56:35.200705+00:00
814,1765396595.221565,2025-12-10T19:56:35.221571+00:00
815,1765396595.242443,2025-12-10T19:56:35.242450+00:00
816,1765396595.261326,2025-12-10T19:56:35.261330+00:00
817,1765396595.280651,2025-12-10T19:56:35.280656+00:00
818,1765396595.3015308,2025-12-10T19:56:35.301532+00:00
819,1765396595.318617,2025-12-10T19:56:35.318625+00:00
820,1765396595.338869,2025-12-10T19:56:35.338872+00:00
821,1765396595.356212,2025-12-10T19:56:35.356215+00:00
822,1765396595.374788,2025-12-10T19:56:35.374791+00:00
823,1765396595.391527,2025-12-10T19:56:35.391535+00:00
824,1765396595.4108002,2025-12-10T19:56:35.410803+00:00
825,1765396595.427626,2025-12-10T19:56:35.427627+00:00
826,1765396595.446305,2025-12-10T19:56:35.446307+00:00
827,1765396595.4671628,2025-12-10T19:56:35.467167+00:00
828,1765396595.487713,2025-12-10T19:56:35.487716+00:00
829,1765396595.5086029,2025-12-10T19:56:35.508612+00:00
830,1765396595.529377,2025-12-10T19:56:35.529379+00:00
831,1765396595.550236,2025-12-10T19:56:35.550239+00:00
832,1765396595.571124,2025-12-10T19:56:35.571132+00:00
833,1765396595.590011,2025-12-10T19:56:35.590016+00:00
834,1765396595.6070871,2025-12-10T19:56:35.607090+00:00
835,1765396595.6279402,2025-12-10T19:56:35.627941+00:00
836,1765396595.648792,2025-12-10T19:56:35.648797+00:00
837,1765396595.669676,2025-12-10T19:56:35.669678+00:00
838,1765396595.6905391,2025-12-10T19:56:35.690543+00:00
839,1765396595.711416,2025-12-10T19:56:35.711418+00:00
840,1765396595.7322729,2025-12-10T19:56:35.732274+00:00
841,1765396595.753144,2025-12-10T19:56:35.753150+00:00
842,1765396595.773382,2025-12-10T19:56:35.773390+00:00
843,1765396595.792638,2025-12-10T19:56:35.792647+00:00
844,1765396595.81147,2025-12-10T19:56:35.811477+00:00
845,1765396595.8323479,2025-12-10T19:56:35.832354+00:00
846,1765396595.850932,2025-12-10T19:56:35.850936+00:00
847,1765396595.870603,2025-12-10T19:56:35.870606+00:00
848,1765396595.892478,2025-12-10T19:56:35.892484+00:00
849,1765396595.909369,2025-12-10T19:56:35.909372+00:00
850,1765396595.928994,2025-12-10T19:56:35.928995+00:00
851,1765396595.9493,2025-12-10T19:56:35.949301+00:00
852,1765396595.969321,2025-12-10T19:56:35.969322+00:00
853,1765396595.990179,2025-12-10T19:56:35.990182+00:00
854,1765396596.0093608,2025-12-10T19:56:36.009362+00:00
855,1765396596.02607,2025-12-10T19:56:36.026074+00:00
856,1765396596.0460002,2025-12-10T19:56:36.046004+00:00
857,1765396596.063638,2025-12-10T19:56:36.063645+00:00
858,1765396596.081804,2025-12-10T19:56:36.081811+00:00
859,1765396596.102725,2025-12-10T19:56:36.102731+00:00
860,1765396596.1236072,2025-12-10T19:56:36.123614+00:00
861,1765396596.1415381,2025-12-10T19:56:36.141545+00:00
862,1765396596.162602,2025-12-10T19:56:36.162622+00:00
863,1765396596.180314,2025-12-10T19:56:36.180330+00:00
864,1765396596.201235,2025-12-10T19:56:36.201239+00:00
865,1765396596.222042,2025-12-10T19:56:36.222051+00:00
866,1765396596.242962,2025-12-10T19:56:36.242971+00:00
867,1765396596.263865,2025-12-10T19:56:36.263869+00:00
868,1765396596.2810082,2025-12-10T19:56:36.281020+00:00
869,1765396596.300701,2025-12-10T19:56:36.300709+00:00
870,1765396596.321045,2025-12-10T19:56:36.321052+00:00
871,1765396596.340838,2025-12-10T19:56:36.340850+00:00
872,1765396596.361758,2025-12-10T19:56:36.361763+00:00
873,1765396596.382656,2025-12-10T19:56:36.382665+00:00
874,1765396596.40005,2025-12-10T19:56:36.400056+00:00
875,1765396596.419399,2025-12-10T19:56:36.419405+00:00
876,1765396596.440289,2025-12-10T19:56:36.440292+00:00
877,1765396596.460808,2025-12-10T19:56:36.460814+00:00
878,1765396596.478167,2025-12-10T19:56:36.478171+00:00
879,1765396596.499049,2025-12-10T19:56:36.499054+00:00
880,1765396596.5167942,2025-12-10T19:56:36.516800+00:00
881,1765396596.53768,2025-12-10T19:56:36.537685+00:00
882,1765396596.558553,2025-12-10T19:56:36.558560+00:00
883,1765396596.579627,2025-12-10T19:56:36.579636+00:00
884,1765396596.6005352,2025-12-10T19:56:36.600541+00:00
885,1765396596.620992,2025-12-10T19:56:36.621007+00:00
886,1765396596.639814,2025-12-10T19:56:36.639823+00:00
887,1765396596.660715,2025-12-10T19:56:36.660723+00:00
888,1765396596.678777,2025-12-10T19:56:36.678784+00:00
889,1765396596.698347,2025-12-10T19:56:36.698354+00:00
890,1765396596.718687,2025-12-10T19:56:36.718695+00:00
891,1765396596.7395892,2025-12-10T19:56:36.739593+00:00
892,1765396596.757802,2025-12-10T19:56:36.757831+00:00
893,1765396596.7787058,2025-12-10T19:56:36.778709+00:00
894,1765396596.798648,2025-12-10T19:56:36.798656+00:00
895,1765396596.81955,2025-12-10T19:56:36.819559+00:00
896,1765396596.838099,2025-12-10T19:56:36.838107+00:00
897,1765396596.859071,2025-12-10T19:56:36.859076+00:00
898,1765396596.87996,2025-12-10T19:56:36.879973+00:00
899,1765396596.898926,2025-12-10T19:56:36.898934+00:00
900,1765396596.917656,2025-12-10T19:56:36.917664+00:00
901,1765396596.934425,2025-12-10T19:56:36.934431+00:00
902,1765396596.951491,2025-12-10T19:56:36.951499+00:00
903,1765396596.9696908,2025-12-10T19:56:36.969700+00:00
904,1765396596.986805,2025-12-10T19:56:36.986811+00:00
905,1765396597.00371,2025-12-10T19:56:37.003719+00:00
906,1765396597.023521,2025-12-10T19:56:37.023527+00:00
907,1765396597.0414212,2025-12-10T19:56:37.041433+00:00
908,1765396597.062338,2025-12-10T19:56:37.062344+00:00
909,1765396597.0816798,2025-12-10T19:56:37.081698+00:00
910,1765396597.099165,2025-12-10T19:56:37.099169+00:00
911,1765396597.12003,2025-12-10T19:56:37.120032+00:00
912,1765396597.1406422,2025-12-10T19:56:37.140649+00:00
913,1765396597.158197,2025-12-10T19:56:37.158212+00:00
914,1765396597.177312,2025-12-10T19:56:37.177316+00:00
915,1765396597.1982,2025-12-10T19:56:37.198207+00:00
916,1765396597.2166688,2025-12-10T19:56:37.216676+00:00
917,1765396597.236685,2025-12-10T19:56:37.236692+00:00
918,1765396597.2576058,2025-12-10T19:56:37.257616+00:00
919,1765396597.2785301,2025-12-10T19:56:37.278542+00:00
920,1765396597.299443,2025-12-10T19:56:37.299450+00:00
921,1765396597.316709,2025-12-10T19:56:37.316722+00:00
922,1765396597.337625,2025-12-10T19:56:37.337636+00:00
923,1765396597.358398,2025-12-10T19:56:37.359780+00:00
924,1765396597.378125,2025-12-10T19:56:37.378133+00:00
925,1765396597.399051,2025-12-10T19:56:37.399060+00:00
926,1765396597.418879,2025-12-10T19:56:37.418885+00:00
927,1765396597.439862,2025-12-10T19:56:37.439868+00:00
928,1765396597.4611359,2025-12-10T19:56:37.461143+00:00
929,1765396597.482083,2025-12-10T19:56:37.482092+00:00
930,1765396597.49966,2025-12-10T19:56:37.499667+00:00
931,1765396597.5205781,2025-12-10T19:56:37.520586+00:00
932,1765396597.541155,2025-12-10T19:56:37.541172+00:00
933,1765396597.559351,2025-12-10T19:56:37.559361+00:00
934,1765396597.5772521,2025-12-10T19:56:37.577259+00:00
935,1765396597.597919,2025-12-10T19:56:37.597926+00:00
936,1765396597.618803,2025-12-10T19:56:37.618809+00:00
937,1765396597.6396868,2025-12-10T19:56:37.639695+00:00
938,1765396597.6589,2025-12-10T19:56:37.658913+00:00
939,1765396597.676547,2025-12-10T19:56:37.676552+00:00
940,1765396597.6949801,2025-12-10T19:56:37.694987+00:00
941,1765396597.715302,2025-12-10T19:56:37.715308+00:00
942,1765396597.732827,2025-12-10T19:56:37.732833+00:00
943,1765396597.750527,2025-12-10T19:56:37.750535+00:00
944,1765396597.767825,2025-12-10T19:56:37.767830+00:00
945,1765396597.786222,2025-12-10T19:56:37.786228+00:00
946,1765396597.8035688,2025-12-10T19:56:37.803575+00:00
947,1765396597.820914,2025-12-10T19:56:37.820923+00:00
948,1765396597.840927,2025-12-10T19:56:37.840932+00:00
949,1765396597.861936,2025-12-10T19:56:37.861942+00:00
950,1765396597.882656,2025-12-10T19:56:37.882663+00:00
951,1765396597.901109,2025-12-10T19:56:37.901114+00:00
952,1765396597.9215932,2025-12-10T19:56:37.921600+00:00
953,1765396597.942622,2025-12-10T19:56:37.942631+00:00
954,1765396597.961758,2025-12-10T19:56:37.961763+00:00
955,1765396597.979682,2025-12-10T19:56:37.979688+00:00
956,1765396597.996471,2025-12-10T19:56:37.996478+00:00
957,1765396598.014456,2025-12-10T19:56:38.014461+00:00
958,1765396598.039286,2025-12-10T19:56:38.039308+00:00
959,1765396598.056656,2025-12-10T19:56:38.056663+00:00
960,1765396598.0753112,2025-12-10T19:56:38.075319+00:00
961,1765396598.096462,2025-12-10T19:56:38.096578+00:00
962,1765396598.114214,2025-12-10T19:56:38.114220+00:00
963,1765396598.1324081,2025-12-10T19:56:38.132415+00:00
964,1765396598.152134,2025-12-10T19:56:38.152140+00:00
965,1765396598.169339,2025-12-10T19:56:38.169345+00:00
966,1765396598.18607,2025-12-10T19:56:38.186095+00:00
967,1765396598.207038,2025-12-10T19:56:38.207045+00:00
968,1765396598.2279198,2025-12-10T19:56:38.227933+00:00
969,1765396598.251379,2025-12-10T19:56:38.251387+00:00
970,1765396598.2742279,2025-12-10T19:56:38.274237+00:00
971,1765396598.2925792,2025-12-10T19:56:38.292586+00:00
972,1765396598.312386,2025-12-10T19:56:38.312392+00:00
973,1765396598.332629,2025-12-10T19:56:38.332636+00:00
974,1765396598.353516,2025-12-10T19:56:38.353525+00:00
975,1765396598.3744,2025-12-10T19:56:38.374404+00:00
976,1765396598.393114,2025-12-10T19:56:38.393124+00:00
977,1765396598.410955,2025-12-10T19:56:38.410964+00:00
978,1765396598.434946,2025-12-10T19:56:38.434952+00:00
979,1765396598.458678,2025-12-10T19:56:38.458685+00:00
980,1765396598.4821131,2025-12-10T19:56:38.482120+00:00
981,1765396598.499331,2025-12-10T19:56:38.499841+00:00
982,1765396598.517889,2025-12-10T19:56:38.517912+00:00
983,1765396598.53668,2025-12-10T19:56:38.536689+00:00
984,1765396598.556534,2025-12-10T19:56:38.556541+00:00
985,1765396598.576164,2025-12-10T19:56:38.576172+00:00
986,1765396598.5963159,2025-12-10T19:56:38.596327+00:00
987,1765396598.616374,2025-12-10T19:56:38.616376+00:00
988,1765396598.634539,2025-12-10T19:56:38.634544+00:00
989,1765396598.652498,2025-12-10T19:56:38.652507+00:00
990,1765396598.673022,2025-12-10T19:56:38.673032+00:00
991,1765396598.6924102,2025-12-10T19:56:38.692422+00:00
992,1765396598.713336,2025-12-10T19:56:38.713343+00:00
993,1765396598.7342348,2025-12-10T19:56:38.734237+00:00
994,1765396598.755098,2025-12-10T19:56:38.755101+00:00
995,1765396598.775976,2025-12-10T19:56:38.775980+00:00
996,1765396598.7953558,2025-12-10T19:56:38.795364+00:00
997,1765396598.816244,2025-12-10T19:56:38.816247+00:00
998,1765396598.837116,2025-12-10T19:56:38.837122+00:00
999,1765396598.858026,2025-12-10T19:56:38.858032+00:00
1000,1765396598.878916,2025-12-10T19:56:38.878920+00:00
1001,1765396598.8997939,2025-12-10T19:56:38.899802+00:00
1002,1765396598.920684,2025-12-10T19:56:38.920687+00:00
1003,1765396598.938261,2025-12-10T19:56:38.938264+00:00
1004,1765396598.958575,2025-12-10T19:56:38.958588+00:00
1005,1765396598.979411,2025-12-10T19:56:38.979421+00:00
1006,1765396599.0002291,2025-12-10T19:56:39.000234+00:00
1007,1765396599.021048,2025-12-10T19:56:39.021049+00:00
1008,1765396599.041893,2025-12-10T19:56:39.041895+00:00
1009,1765396599.062761,2025-12-10T19:56:39.062766+00:00
1010,1765396599.083851,2025-12-10T19:56:39.083858+00:00
1011,1765396599.1044219,2025-12-10T19:56:39.104439+00:00
1012,1765396599.125348,2025-12-10T19:56:39.125350+00:00
1013,1765396599.146204,2025-12-10T19:56:39.146206+00:00
1014,1765396599.1670542,2025-12-10T19:56:39.167055+00:00
1015,1765396599.187903,2025-12-10T19:56:39.187904+00:00
1016,1765396599.208758,2025-12-10T19:56:39.208760+00:00
1017,1765396599.2296262,2025-12-10T19:56:39.229628+00:00
1018,1765396599.2505002,2025-12-10T19:56:39.250511+00:00
1019,1765396599.271452,2025-12-10T19:56:39.271470+00:00
1020,1765396599.2913349,2025-12-10T19:56:39.291341+00:00
1021,1765396599.308204,2025-12-10T19:56:39.308208+00:00
1022,1765396599.327302,2025-12-10T19:56:39.327307+00:00
1023,1765396599.34605,2025-12-10T19:56:39.346052+00:00
1024,1765396599.367407,2025-12-10T19:56:39.367414+00:00
1025,1765396599.385916,2025-12-10T19:56:39.385923+00:00
1026,1765396599.405488,2025-12-10T19:56:39.405496+00:00
1027,1765396599.425577,2025-12-10T19:56:39.425584+00:00
1028,1765396599.446711,2025-12-10T19:56:39.446718+00:00
1029,1765396599.463684,2025-12-10T19:56:39.463690+00:00
1030,1765396599.484566,2025-12-10T19:56:39.484574+00:00
1031,1765396599.5024881,2025-12-10T19:56:39.502497+00:00
1032,1765396599.519692,2025-12-10T19:56:39.519699+00:00
1033,1765396599.540587,2025-12-10T19:56:39.540595+00:00
1034,1765396599.559069,2025-12-10T19:56:39.559077+00:00
1035,1765396599.579974,2025-12-10T19:56:39.579982+00:00
1036,1765396599.600898,2025-12-10T19:56:39.600903+00:00
1037,1765396599.621771,2025-12-10T19:56:39.621776+00:00
1038,1765396599.656325,2025-12-10T19:56:39.656428+00:00
1039,1765396599.682486,2025-12-10T19:56:39.682492+00:00
1040,1765396599.704434,2025-12-10T19:56:39.704439+00:00
1041,1765396599.733983,2025-12-10T19:56:39.733990+00:00
1042,1765396599.7656121,2025-12-10T19:56:39.765619+00:00
1043,1765396599.784456,2025-12-10T19:56:39.784464+00:00
1044,1765396599.805391,2025-12-10T19:56:39.805400+00:00
1045,1765396599.826377,2025-12-10T19:56:39.826384+00:00
1046,1765396599.8472588,2025-12-10T19:56:39.847266+00:00
1047,1765396599.868151,2025-12-10T19:56:39.868157+00:00
1048,1765396599.888692,2025-12-10T19:56:39.888712+00:00
1049,1765396599.90963,2025-12-10T19:56:39.909635+00:00
1050,1765396599.930518,2025-12-10T19:56:39.930525+00:00
1051,1765396599.9479098,2025-12-10T19:56:39.947927+00:00
1052,1765396599.968843,2025-12-10T19:56:39.968849+00:00
1053,1765396599.989717,2025-12-10T19:56:39.989725+00:00
1054,1765396600.0088499,2025-12-10T19:56:40.008854+00:00
1055,1765396600.02579,2025-12-10T19:56:40.025793+00:00
1056,1765396600.0466619,2025-12-10T19:56:40.046664+00:00
1057,1765396600.0675578,2025-12-10T19:56:40.067560+00:00
1058,1765396600.088427,2025-12-10T19:56:40.088430+00:00
1059,1765396600.109299,2025-12-10T19:56:40.109306+00:00
1060,1765396600.126951,2025-12-10T19:56:40.126955+00:00
1061,1765396600.146014,2025-12-10T19:56:40.146019+00:00
1062,1765396600.166906,2025-12-10T19:56:40.166914+00:00
1063,1765396600.18781,2025-12-10T19:56:40.187811+00:00
1064,1765396600.208661,2025-12-10T19:56:40.208662+00:00
1065,1765396600.2263942,2025-12-10T19:56:40.226401+00:00
1066,1765396600.2472901,2025-12-10T19:56:40.247294+00:00
1067,1765396600.265415,2025-12-10T19:56:40.265418+00:00
1068,1765396600.286294,2025-12-10T19:56:40.286301+00:00
1069,1765396600.307212,2025-12-10T19:56:40.307221+00:00
1070,1765396600.327338,2025-12-10T19:56:40.327358+00:00
1071,1765396600.347085,2025-12-10T19:56:40.347091+00:00
1072,1765396600.367967,2025-12-10T19:56:40.367968+00:00
1073,1765396600.3886652,2025-12-10T19:56:40.388669+00:00
1074,1765396600.408588,2025-12-10T19:56:40.408593+00:00
1075,1765396600.42947,2025-12-10T19:56:40.429477+00:00
1076,1765396600.4478211,2025-12-10T19:56:40.447825+00:00
1077,1765396600.468714,2025-12-10T19:56:40.468716+00:00
1078,1765396600.489608,2025-12-10T19:56:40.489613+00:00
1079,1765396600.5105312,2025-12-10T19:56:40.510536+00:00
1080,1765396600.5314078,2025-12-10T19:56:40.531408+00:00
1081,1765396600.549126,2025-12-10T19:56:40.549126+00:00
1082,1765396600.5699809,2025-12-10T19:56:40.569983+00:00
1083,1765396600.587807,2025-12-10T19:56:40.587809+00:00
1084,1765396600.6086679,2025-12-10T19:56:40.608672+00:00
1085,1765396600.625652,2025-12-10T19:56:40.625654+00:00
1086,1765396600.646521,2025-12-10T19:56:40.646524+00:00
1087,1765396600.667396,2025-12-10T19:56:40.667403+00:00
1088,1765396600.687753,2025-12-10T19:56:40.687759+00:00
1089,1765396600.7086668,2025-12-10T19:56:40.708669+00:00
1090,1765396600.725698,2025-12-10T19:56:40.725699+00:00
1091,1765396600.7465549,2025-12-10T19:56:40.746557+00:00
1092,1765396600.767436,2025-12-10T19:56:40.767444+00:00
1093,1765396600.788197,2025-12-10T19:56:40.788204+00:00
1094,1765396600.809097,2025-12-10T19:56:40.809102+00:00
1095,1765396600.82765,2025-12-10T19:56:40.827653+00:00
1096,1765396600.848536,2025-12-10T19:56:40.848540+00:00
1097,1765396600.8694038,2025-12-10T19:56:40.869404+00:00
1098,1765396600.890209,2025-12-10T19:56:40.890219+00:00
1099,1765396600.910409,2025-12-10T19:56:40.910411+00:00
1100,1765396600.9301388,2025-12-10T19:56:40.930145+00:00
1101,1765396600.947006,2025-12-10T19:56:40.947010+00:00
1102,1765396600.967886,2025-12-10T19:56:40.967887+00:00
1103,1765396600.9858491,2025-12-10T19:56:40.985851+00:00
1104,1765396601.0067031,2025-12-10T19:56:41.006704+00:00
1105,1765396601.027554,2025-12-10T19:56:41.027556+00:00
1106,1765396601.048407,2025-12-10T19:56:41.048408+00:00
1107,1765396601.066723,2025-12-10T19:56:41.066726+00:00
1108,1765396601.08759,2025-12-10T19:56:41.087592+00:00
1109,1765396601.108447,2025-12-10T19:56:41.108451+00:00
1110,1765396601.12934,2025-12-10T19:56:41.129344+00:00
1111,1765396601.1476889,2025-12-10T19:56:41.147692+00:00
1112,1765396601.167725,2025-12-10T19:56:41.167728+00:00
1113,1765396601.1886039,2025-12-10T19:56:41.188605+00:00
1114,1765396601.2054038,2025-12-10T19:56:41.205405+00:00
1115,1765396601.226261,2025-12-10T19:56:41.226263+00:00
1116,1765396601.244168,2025-12-10T19:56:41.244170+00:00
1117,1765396601.2617111,2025-12-10T19:56:41.261711+00:00
1118,1765396601.281632,2025-12-10T19:56:41.281669+00:00
1119,1765396601.3019881,2025-12-10T19:56:41.301995+00:00
1120,1765396601.322865,2025-12-10T19:56:41.322867+00:00
1121,1765396601.34372,2025-12-10T19:56:41.343724+00:00
1122,1765396601.364605,2025-12-10T19:56:41.364611+00:00
1123,1765396601.3855019,2025-12-10T19:56:41.385507+00:00
1124,1765396601.4050791,2025-12-10T19:56:41.405084+00:00
1125,1765396601.425956,2025-12-10T19:56:41.425957+00:00
1126,1765396601.446811,2025-12-10T19:56:41.446812+00:00
1127,1765396601.464988,2025-12-10T19:56:41.464989+00:00
1128,1765396601.4858592,2025-12-10T19:56:41.485867+00:00
1129,1765396601.5067751,2025-12-10T19:56:41.506778+00:00
1130,1765396601.527649,2025-12-10T19:56:41.527650+00:00
1131,1765396601.548518,2025-12-10T19:56:41.548526+00:00
1132,1765396601.566477,2025-12-10T19:56:41.566479+00:00
1133,1765396601.5873542,2025-12-10T19:56:41.587360+00:00
1134,1765396601.6082602,2025-12-10T19:56:41.608264+00:00
1135,1765396601.6291342,2025-12-10T19:56:41.629137+00:00
1136,1765396601.6473541,2025-12-10T19:56:41.647362+00:00
1137,1765396601.664717,2025-12-10T19:56:41.664718+00:00
1138,1765396601.683388,2025-12-10T19:56:41.683394+00:00
1139,1765396601.703817,2025-12-10T19:56:41.703819+00:00
1140,1765396601.7246778,2025-12-10T19:56:41.724680+00:00
1141,1765396601.745026,2025-12-10T19:56:41.745030+00:00
1142,1765396601.765905,2025-12-10T19:56:41.765907+00:00
1143,1765396601.78543,2025-12-10T19:56:41.785439+00:00
1144,1765396601.803761,2025-12-10T19:56:41.803768+00:00
1145,1765396601.824655,2025-12-10T19:56:41.824657+00:00
1146,1765396601.843494,2025-12-10T19:56:41.843498+00:00
1147,1765396601.860666,2025-12-10T19:56:41.860669+00:00
1148,1765396601.880329,2025-12-10T19:56:41.880337+00:00
1149,1765396601.898405,2025-12-10T19:56:41.898414+00:00
1150,1765396601.916683,2025-12-10T19:56:41.916692+00:00
1151,1765396601.9376042,2025-12-10T19:56:41.937609+00:00
1152,1765396601.958497,2025-12-10T19:56:41.958504+00:00
1153,1765396601.976463,2025-12-10T19:56:41.976467+00:00
1154,1765396601.996937,2025-12-10T19:56:41.996938+00:00
1155,1765396602.017786,2025-12-10T19:56:42.017787+00:00
1156,1765396602.0346959,2025-12-10T19:56:42.034698+00:00
1157,1765396602.055574,2025-12-10T19:56:42.055577+00:00
1158,1765396602.073489,2025-12-10T19:56:42.073491+00:00
1159,1765396602.093376,2025-12-10T19:56:42.093378+00:00
1160,1765396602.1142368,2025-12-10T19:56:42.114239+00:00
1161,1765396602.1351008,2025-12-10T19:56:42.135107+00:00
1162,1765396602.155083,2025-12-10T19:56:42.155087+00:00
1163,1765396602.175953,2025-12-10T19:56:42.175954+00:00
1164,1765396602.1967978,2025-12-10T19:56:42.196799+00:00
1165,1765396602.217661,2025-12-10T19:56:42.217670+00:00
1166,1765396602.234714,2025-12-10T19:56:42.234716+00:00
1167,1765396602.255587,2025-12-10T19:56:42.255594+00:00
1168,1765396602.2724118,2025-12-10T19:56:42.272413+00:00
1169,1765396602.293267,2025-12-10T19:56:42.293273+00:00
1170,1765396602.31368,2025-12-10T19:56:42.313685+00:00
1171,1765396602.332374,2025-12-10T19:56:42.332381+00:00
1172,1765396602.352546,2025-12-10T19:56:42.352557+00:00
1173,1765396602.37345,2025-12-10T19:56:42.373452+00:00
1174,1765396602.394309,2025-12-10T19:56:42.394313+00:00
1175,1765396602.415196,2025-12-10T19:56:42.415198+00:00
1176,1765396602.436061,2025-12-10T19:56:42.436062+00:00
1177,1765396602.4556842,2025-12-10T19:56:42.455688+00:00
1178,1765396602.4765928,2025-12-10T19:56:42.476595+00:00
1179,1765396602.4974551,2025-12-10T19:56:42.497455+00:00
1180,1765396602.5183082,2025-12-10T19:56:42.518314+00:00
1181,1765396602.539228,2025-12-10T19:56:42.539230+00:00
1182,1765396602.560101,2025-12-10T19:56:42.560102+00:00
1183,1765396602.580968,2025-12-10T19:56:42.580974+00:00
1184,1765396602.600266,2025-12-10T19:56:42.600267+00:00
1185,1765396602.621126,2025-12-10T19:56:42.621127+00:00
1186,1765396602.642001,2025-12-10T19:56:42.642011+00:00
1187,1765396602.662761,2025-12-10T19:56:42.662762+00:00
1188,1765396602.683025,2025-12-10T19:56:42.683027+00:00
1189,1765396602.703883,2025-12-10T19:56:42.703890+00:00
1190,1765396602.7243369,2025-12-10T19:56:42.724340+00:00
1191,1765396602.7452118,2025-12-10T19:56:42.745215+00:00
1192,1765396602.76608,2025-12-10T19:56:42.766087+00:00
1193,1765396602.785516,2025-12-10T19:56:42.785520+00:00
1194,1765396602.806387,2025-12-10T19:56:42.806389+00:00
1195,1765396602.827244,2025-12-10T19:56:42.827246+00:00
1196,1765396602.8474162,2025-12-10T19:56:42.847418+00:00
1197,1765396602.868268,2025-12-10T19:56:42.868269+00:00
1198,1765396602.8891141,2025-12-10T19:56:42.889115+00:00
1199,1765396602.909971,2025-12-10T19:56:42.909977+00:00
1200,1765396602.930881,2025-12-10T19:56:42.930885+00:00
1201,1765396602.9512131,2025-12-10T19:56:42.951213+00:00
1202,1765396602.972065,2025-12-10T19:56:42.972067+00:00
1203,1765396602.989283,2025-12-10T19:56:42.989284+00:00
1204,1765396603.0101461,2025-12-10T19:56:43.010154+00:00
1205,1765396603.030472,2025-12-10T19:56:43.030474+00:00
1206,1765396603.050103,2025-12-10T19:56:43.050104+00:00
1207,1765396603.067359,2025-12-10T19:56:43.067361+00:00
1208,1765396603.087949,2025-12-10T19:56:43.087958+00:00
1209,1765396603.108854,2025-12-10T19:56:43.108862+00:00
1210,1765396603.128323,2025-12-10T19:56:43.128338+00:00
1211,1765396603.1492548,2025-12-10T19:56:43.149256+00:00
1212,1765396603.167391,2025-12-10T19:56:43.167396+00:00
1213,1765396603.188295,2025-12-10T19:56:43.188303+00:00
1214,1765396603.2051399,2025-12-10T19:56:43.205144+00:00
1215,1765396603.2219992,2025-12-10T19:56:43.222005+00:00
1216,1765396603.24293,2025-12-10T19:56:43.242935+00:00
1217,1765396603.263815,2025-12-10T19:56:43.263822+00:00
1218,1765396603.28163,2025-12-10T19:56:43.281633+00:00
1219,1765396603.300618,2025-12-10T19:56:43.300622+00:00
1220,1765396603.3210938,2025-12-10T19:56:43.321097+00:00
1221,1765396603.341962,2025-12-10T19:56:43.341966+00:00
1222,1765396603.362847,2025-12-10T19:56:43.362853+00:00
1223,1765396603.381974,2025-12-10T19:56:43.381977+00:00
1224,1765396603.402853,2025-12-10T19:56:43.402855+00:00
1225,1765396603.4237142,2025-12-10T19:56:43.423720+00:00
1226,1765396603.4446158,2025-12-10T19:56:43.444620+00:00
1227,1765396603.465485,2025-12-10T19:56:43.465486+00:00
1228,1765396603.486349,2025-12-10T19:56:43.486357+00:00
1229,1765396603.505271,2025-12-10T19:56:43.505273+00:00
1230,1765396603.5261362,2025-12-10T19:56:43.526138+00:00
1231,1765396603.544735,2025-12-10T19:56:43.544738+00:00
1232,1765396603.5617862,2025-12-10T19:56:43.561788+00:00
1233,1765396603.582648,2025-12-10T19:56:43.582652+00:00
1234,1765396603.601774,2025-12-10T19:56:43.601778+00:00
1235,1765396603.618676,2025-12-10T19:56:43.618681+00:00
1236,1765396603.639551,2025-12-10T19:56:43.639555+00:00
1237,1765396603.658717,2025-12-10T19:56:43.658720+00:00
1238,1765396603.675628,2025-12-10T19:56:43.675631+00:00
1239,1765396603.6932778,2025-12-10T19:56:43.693280+00:00
1240,1765396603.713022,2025-12-10T19:56:43.713024+00:00
1241,1765396603.733877,2025-12-10T19:56:43.735033+00:00
1242,1765396603.7527392,2025-12-10T19:56:43.752743+00:00
1243,1765396603.771958,2025-12-10T19:56:43.771966+00:00
1244,1765396603.789481,2025-12-10T19:56:43.789487+00:00
1245,1765396603.810045,2025-12-10T19:56:43.810067+00:00
1246,1765396603.827341,2025-12-10T19:56:43.827346+00:00
1247,1765396603.848233,2025-12-10T19:56:43.848243+00:00
1248,1765396603.869154,2025-12-10T19:56:43.869167+00:00
1249,1765396603.889129,2025-12-10T19:56:43.889135+00:00
1250,1765396603.9085782,2025-12-10T19:56:43.908583+00:00
1251,1765396603.929454,2025-12-10T19:56:43.929460+00:00
1252,1765396603.947021,2025-12-10T19:56:43.947028+00:00
1253,1765396603.9665139,2025-12-10T19:56:43.966519+00:00
1254,1765396603.9873989,2025-12-10T19:56:43.987412+00:00
1255,1765396604.008319,2025-12-10T19:56:44.008326+00:00
1256,1765396604.029226,2025-12-10T19:56:44.029230+00:00
1257,1765396604.050124,2025-12-10T19:56:44.050130+00:00
1258,1765396604.071025,2025-12-10T19:56:44.071029+00:00
1259,1765396604.088651,2025-12-10T19:56:44.088655+00:00
1260,1765396604.109613,2025-12-10T19:56:44.109625+00:00
1261,1765396604.129948,2025-12-10T19:56:44.129954+00:00
1262,1765396604.1470342,2025-12-10T19:56:44.147037+00:00
1263,1765396604.1678982,2025-12-10T19:56:44.167900+00:00
1264,1765396604.188551,2025-12-10T19:56:44.188557+00:00
1265,1765396604.2090392,2025-12-10T19:56:44.209042+00:00
1266,1765396604.229918,2025-12-10T19:56:44.229921+00:00
1267,1765396604.247315,2025-12-10T19:56:44.247320+00:00
1268,1765396604.265727,2025-12-10T19:56:44.265783+00:00
1269,1765396604.2851782,2025-12-10T19:56:44.285187+00:00
1270,1765396604.303626,2025-12-10T19:56:44.303632+00:00
1271,1765396604.3244932,2025-12-10T19:56:44.324496+00:00
1272,1765396604.345365,2025-12-10T19:56:44.345372+00:00
1273,1765396604.366097,2025-12-10T19:56:44.366113+00:00
1274,1765396604.383803,2025-12-10T19:56:44.383820+00:00
1275,1765396604.40389,2025-12-10T19:56:44.403894+00:00
1276,1765396604.424753,2025-12-10T19:56:44.424754+00:00
1277,1765396604.444226,2025-12-10T19:56:44.444230+00:00
1278,1765396604.4627829,2025-12-10T19:56:44.462789+00:00
1279,1765396604.483674,2025-12-10T19:56:44.483681+00:00
1280,1765396604.504577,2025-12-10T19:56:44.504581+00:00
1281,1765396604.524153,2025-12-10T19:56:44.524159+00:00
1282,1765396604.545056,2025-12-10T19:56:44.545063+00:00
1283,1765396604.562796,2025-12-10T19:56:44.562818+00:00
1284,1765396604.58224,2025-12-10T19:56:44.582247+00:00
1285,1765396604.6031349,2025-12-10T19:56:44.603139+00:00
1286,1765396604.621106,2025-12-10T19:56:44.621107+00:00
1287,1765396604.639862,2025-12-10T19:56:44.639864+00:00
1288,1765396604.660539,2025-12-10T19:56:44.660540+00:00
1289,1765396604.681383,2025-12-10T19:56:44.681384+00:00
1290,1765396604.700093,2025-12-10T19:56:44.700100+00:00
1291,1765396604.720991,2025-12-10T19:56:44.720997+00:00
1292,1765396604.741375,2025-12-10T19:56:44.741389+00:00
1293,1765396604.762301,2025-12-10T19:56:44.762308+00:00
1294,1765396604.78319,2025-12-10T19:56:44.783192+00:00
1295,1765396604.804394,2025-12-10T19:56:44.804399+00:00
1296,1765396604.825243,2025-12-10T19:56:44.825257+00:00
1297,1765396604.842826,2025-12-10T19:56:44.842832+00:00
1298,1765396604.860072,2025-12-10T19:56:44.860081+00:00
1299,1765396604.879817,2025-12-10T19:56:44.879822+00:00
1300,1765396604.900685,2025-12-10T19:56:44.900688+00:00
1301,1765396604.9209752,2025-12-10T19:56:44.920979+00:00
1302,1765396604.9381351,2025-12-10T19:56:44.938136+00:00
1303,1765396604.959002,2025-12-10T19:56:44.959004+00:00
1304,1765396604.977964,2025-12-10T19:56:44.977965+00:00
1305,1765396604.995271,2025-12-10T19:56:44.995275+00:00
1306,1765396605.016147,2025-12-10T19:56:45.016148+00:00
1307,1765396605.0370119,2025-12-10T19:56:45.037027+00:00
1308,1765396605.054571,2025-12-10T19:56:45.054581+00:00
1309,1765396605.0754979,2025-12-10T19:56:45.075513+00:00
1310,1765396605.092421,2025-12-10T19:56:45.092428+00:00
1311,1765396605.112902,2025-12-10T19:56:45.112907+00:00
1312,1765396605.134578,2025-12-10T19:56:45.134580+00:00
1313,1765396605.155443,2025-12-10T19:56:45.155451+00:00
1314,1765396605.172977,2025-12-10T19:56:45.172985+00:00
1315,1765396605.193861,2025-12-10T19:56:45.193864+00:00
1316,1765396605.211595,2025-12-10T19:56:45.211598+00:00
1317,1765396605.232456,2025-12-10T19:56:45.232459+00:00
1318,1765396605.2525718,2025-12-10T19:56:45.252574+00:00
1319,1765396605.273421,2025-12-10T19:56:45.273422+00:00
1320,1765396605.2904692,2025-12-10T19:56:45.290475+00:00
1321,1765396605.311359,2025-12-10T19:56:45.311362+00:00
1322,1765396605.332217,2025-12-10T19:56:45.332220+00:00
1323,1765396605.3530722,2025-12-10T19:56:45.353074+00:00
1324,1765396605.373931,2025-12-10T19:56:45.373933+00:00
1325,1765396605.394791,2025-12-10T19:56:45.394792+00:00
1326,1765396605.415643,2025-12-10T19:56:45.415645+00:00
1327,1765396605.434291,2025-12-10T19:56:45.434291+00:00
1328,1765396605.4522948,2025-12-10T19:56:45.452300+00:00
1329,1765396605.4691992,2025-12-10T19:56:45.469201+00:00
1330,1765396605.490068,2025-12-10T19:56:45.490069+00:00
1331,1765396605.510925,2025-12-10T19:56:45.510926+00:00
1332,1765396605.53178,2025-12-10T19:56:45.531782+00:00
1333,1765396605.5493472,2025-12-10T19:56:45.549348+00:00
1334,1765396605.568901,2025-12-10T19:56:45.568907+00:00
1335,1765396605.5869591,2025-12-10T19:56:45.586960+00:00
1336,1765396605.6036658,2025-12-10T19:56:45.603669+00:00
1337,1765396605.624532,2025-12-10T19:56:45.624532+00:00
1338,1765396605.645397,2025-12-10T19:56:45.645405+00:00
1339,1765396605.665987,2025-12-10T19:56:45.665990+00:00
1340,1765396605.686846,2025-12-10T19:56:45.686847+00:00
1341,1765396605.707707,2025-12-10T19:56:45.707715+00:00
1342,1765396605.724752,2025-12-10T19:56:45.724754+00:00
1343,1765396605.745614,2025-12-10T19:56:45.745620+00:00
1344,1765396605.7634728,2025-12-10T19:56:45.763474+00:00
1345,1765396605.78433,2025-12-10T19:56:45.784332+00:00
1346,1765396605.8051999,2025-12-10T19:56:45.805203+00:00
1347,1765396605.8260689,2025-12-10T19:56:45.826074+00:00
1348,1765396605.845452,2025-12-10T19:56:45.845460+00:00
1349,1765396605.86379,2025-12-10T19:56:45.863794+00:00
1350,1765396605.884662,2025-12-10T19:56:45.884665+00:00
1351,1765396605.9046981,2025-12-10T19:56:45.904705+00:00
1352,1765396605.9256058,2025-12-10T19:56:45.925609+00:00
1353,1765396605.94298,2025-12-10T19:56:45.942984+00:00
1354,1765396605.963739,2025-12-10T19:56:45.963743+00:00
1355,1765396605.981482,2025-12-10T19:56:45.981487+00:00
1356,1765396606.002384,2025-12-10T19:56:46.002385+00:00
1357,1765396606.019967,2025-12-10T19:56:46.019967+00:00
1358,1765396606.036885,2025-12-10T19:56:46.036888+00:00
1359,1765396606.057751,2025-12-10T19:56:46.057755+00:00
1360,1765396606.07461,2025-12-10T19:56:46.074613+00:00
1361,1765396606.094583,2025-12-10T19:56:46.094585+00:00
1362,1765396606.112417,2025-12-10T19:56:46.112420+00:00
1363,1765396606.129314,2025-12-10T19:56:46.129332+00:00
1364,1765396606.14781,2025-12-10T19:56:46.147815+00:00
1365,1765396606.168718,2025-12-10T19:56:46.168727+00:00
1366,1765396606.185965,2025-12-10T19:56:46.185973+00:00
1367,1765396606.2068732,2025-12-10T19:56:46.206879+00:00
1368,1765396606.223743,2025-12-10T19:56:46.223749+00:00
1369,1765396606.2435782,2025-12-10T19:56:46.243583+00:00
1370,1765396606.2644742,2025-12-10T19:56:46.264477+00:00
1371,1765396606.285577,2025-12-10T19:56:46.285582+00:00
1372,1765396606.303187,2025-12-10T19:56:46.303195+00:00
1373,1765396606.320333,2025-12-10T19:56:46.320340+00:00
1374,1765396606.3376021,2025-12-10T19:56:46.337609+00:00
1375,1765396606.3568819,2025-12-10T19:56:46.356887+00:00
1376,1765396606.377763,2025-12-10T19:56:46.377770+00:00
1377,1765396606.3947399,2025-12-10T19:56:46.394753+00:00
1378,1765396606.412658,2025-12-10T19:56:46.412666+00:00
1379,1765396606.43329,2025-12-10T19:56:46.433293+00:00
1380,1765396606.450399,2025-12-10T19:56:46.450402+00:00
1381,1765396606.471276,2025-12-10T19:56:46.471280+00:00
1382,1765396606.4921532,2025-12-10T19:56:46.492160+00:00
1383,1765396606.511864,2025-12-10T19:56:46.511869+00:00
1384,1765396606.5292149,2025-12-10T19:56:46.529224+00:00
1385,1765396606.548197,2025-12-10T19:56:46.548203+00:00
1386,1765396606.5698571,2025-12-10T19:56:46.569868+00:00
1387,1765396606.590776,2025-12-10T19:56:46.590784+00:00
1388,1765396606.610396,2025-12-10T19:56:46.610409+00:00
1389,1765396606.630378,2025-12-10T19:56:46.630380+00:00
1390,1765396606.6491468,2025-12-10T19:56:46.649150+00:00
1391,1765396606.6700218,2025-12-10T19:56:46.670026+00:00
1392,1765396606.6908958,2025-12-10T19:56:46.690900+00:00
1393,1765396606.71177,2025-12-10T19:56:46.711774+00:00
1394,1765396606.73044,2025-12-10T19:56:46.730458+00:00
1395,1765396606.7513359,2025-12-10T19:56:46.751342+00:00
1396,1765396606.77206,2025-12-10T19:56:46.772066+00:00
1397,1765396606.792937,2025-12-10T19:56:46.792941+00:00
1398,1765396606.813728,2025-12-10T19:56:46.813733+00:00
1399,1765396606.830593,2025-12-10T19:56:46.830595+00:00
1400,1765396606.8480608,2025-12-10T19:56:46.848064+00:00
1401,1765396606.8689432,2025-12-10T19:56:46.868950+00:00
1402,1765396606.888721,2025-12-10T19:56:46.888730+00:00
1403,1765396606.909612,2025-12-10T19:56:46.909616+00:00
1404,1765396606.930455,2025-12-10T19:56:46.930461+00:00
1405,1765396606.9486668,2025-12-10T19:56:46.948671+00:00
1406,1765396606.9695418,2025-12-10T19:56:46.969548+00:00
1407,1765396606.988713,2025-12-10T19:56:46.988722+00:00
1408,1765396607.009745,2025-12-10T19:56:47.009752+00:00
1409,1765396607.0307388,2025-12-10T19:56:47.030750+00:00
1410,1765396607.086402,2025-12-10T19:56:47.086408+00:00
1411,1765396607.1060832,2025-12-10T19:56:47.106090+00:00
1412,1765396607.128046,2025-12-10T19:56:47.128057+00:00
1413,1765396607.15694,2025-12-10T19:56:47.156946+00:00
1414,1765396607.177817,2025-12-10T19:56:47.177822+00:00
1415,1765396607.198699,2025-12-10T19:56:47.198706+00:00
1416,1765396607.215447,2025-12-10T19:56:47.215454+00:00
1417,1765396607.234019,2025-12-10T19:56:47.234024+00:00
1418,1765396607.2511601,2025-12-10T19:56:47.251165+00:00
1419,1765396607.268513,2025-12-10T19:56:47.268520+00:00
1420,1765396607.288794,2025-12-10T19:56:47.288803+00:00
1421,1765396607.309794,2025-12-10T19:56:47.309803+00:00
1422,1765396607.329442,2025-12-10T19:56:47.329449+00:00
1423,1765396607.347054,2025-12-10T19:56:47.347063+00:00
1424,1765396607.366066,2025-12-10T19:56:47.366072+00:00
1425,1765396607.383799,2025-12-10T19:56:47.383803+00:00
1426,1765396607.40467,2025-12-10T19:56:47.404678+00:00
1427,1765396607.42145,2025-12-10T19:56:47.421455+00:00
1428,1765396607.441507,2025-12-10T19:56:47.441515+00:00
1429,1765396607.46177,2025-12-10T19:56:47.461781+00:00
1430,1765396607.482686,2025-12-10T19:56:47.482691+00:00
1431,1765396607.5011132,2025-12-10T19:56:47.501118+00:00
1432,1765396607.521476,2025-12-10T19:56:47.521482+00:00
1433,1765396607.542367,2025-12-10T19:56:47.542368+00:00
1434,1765396607.562251,2025-12-10T19:56:47.562251+00:00
1435,1765396607.5804749,2025-12-10T19:56:47.580477+00:00
1436,1765396607.601332,2025-12-10T19:56:47.601332+00:00
1437,1765396607.621046,2025-12-10T19:56:47.621047+00:00
1438,1765396607.638722,2025-12-10T19:56:47.638729+00:00
1439,1765396607.657279,2025-12-10T19:56:47.657282+00:00
1440,1765396607.6781461,2025-12-10T19:56:47.678151+00:00
1441,1765396607.6970701,2025-12-10T19:56:47.697079+00:00
1442,1765396607.7159302,2025-12-10T19:56:47.715934+00:00
1443,1765396607.733479,2025-12-10T19:56:47.733486+00:00
1444,1765396607.7505338,2025-12-10T19:56:47.750545+00:00
1445,1765396607.770592,2025-12-10T19:56:47.770597+00:00
1446,1765396607.790832,2025-12-10T19:56:47.790842+00:00
1447,1765396607.8089411,2025-12-10T19:56:47.808946+00:00
1448,1765396607.826658,2025-12-10T19:56:47.826665+00:00
1449,1765396607.846285,2025-12-10T19:56:47.846290+00:00
1450,1765396607.864906,2025-12-10T19:56:47.864911+00:00
1451,1765396607.882303,2025-12-10T19:56:47.882308+00:00
1452,1765396607.900434,2025-12-10T19:56:47.900436+00:00
1453,1765396607.921298,2025-12-10T19:56:47.921305+00:00
1454,1765396607.93875,2025-12-10T19:56:47.938761+00:00
1455,1765396607.9596689,2025-12-10T19:56:47.959675+00:00
1456,1765396607.979799,2025-12-10T19:56:47.979802+00:00
1457,1765396608.00068,2025-12-10T19:56:48.000685+00:00
1458,1765396608.021557,2025-12-10T19:56:48.021558+00:00
1459,1765396608.0424168,2025-12-10T19:56:48.042419+00:00
1460,1765396608.0632849,2025-12-10T19:56:48.063286+00:00
1461,1765396608.08415,2025-12-10T19:56:48.084151+00:00
1462,1765396608.105022,2025-12-10T19:56:48.105028+00:00
1463,1765396608.122078,2025-12-10T19:56:48.122086+00:00
1464,1765396608.142982,2025-12-10T19:56:48.142990+00:00
1465,1765396608.163887,2025-12-10T19:56:48.163892+00:00
1466,1765396608.183545,2025-12-10T19:56:48.183552+00:00
1467,1765396608.201328,2025-12-10T19:56:48.201333+00:00
1468,1765396608.2222111,2025-12-10T19:56:48.222219+00:00
1469,1765396608.241983,2025-12-10T19:56:48.241997+00:00
1470,1765396608.262845,2025-12-10T19:56:48.262852+00:00
1471,1765396608.2837398,2025-12-10T19:56:48.283741+00:00
1472,1765396608.3046012,2025-12-10T19:56:48.304605+00:00
1473,1765396608.3235378,2025-12-10T19:56:48.323540+00:00
1474,1765396608.341779,2025-12-10T19:56:48.341786+00:00
1475,1765396608.362664,2025-12-10T19:56:48.362669+00:00
1476,1765396608.3794932,2025-12-10T19:56:48.379498+00:00
1477,1765396608.398666,2025-12-10T19:56:48.398667+00:00
1478,1765396608.41789,2025-12-10T19:56:48.417894+00:00
1479,1765396608.438782,2025-12-10T19:56:48.438785+00:00
1480,1765396608.456588,2025-12-10T19:56:48.456602+00:00
1481,1765396608.4775171,2025-12-10T19:56:48.477524+00:00
1482,1765396608.497735,2025-12-10T19:56:48.497740+00:00
1483,1765396608.518616,2025-12-10T19:56:48.518619+00:00
1484,1765396608.539499,2025-12-10T19:56:48.539502+00:00
1485,1765396608.5603719,2025-12-10T19:56:48.560376+00:00
1486,1765396608.581249,2025-12-10T19:56:48.581250+00:00
1487,1765396608.5996149,2025-12-10T19:56:48.599619+00:00
1488,1765396608.620512,2025-12-10T19:56:48.620521+00:00
1489,1765396608.641414,2025-12-10T19:56:48.641417+00:00
1490,1765396608.660314,2025-12-10T19:56:48.660323+00:00
1491,1765396608.6804118,2025-12-10T19:56:48.680413+00:00
1492,1765396608.6978052,2025-12-10T19:56:48.697806+00:00
1493,1765396608.7174342,2025-12-10T19:56:48.717438+00:00
1494,1765396608.73584,2025-12-10T19:56:48.735851+00:00
1495,1765396608.756765,2025-12-10T19:56:48.756768+00:00
1496,1765396608.777641,2025-12-10T19:56:48.777648+00:00
1497,1765396608.7981162,2025-12-10T19:56:48.798120+00:00
1498,1765396608.815147,2025-12-10T19:56:48.815153+00:00
1499,1765396608.833785,2025-12-10T19:56:48.833797+00:00
1500,1765396608.8547041,2025-12-10T19:56:48.854707+00:00
1501,1765396608.875951,2025-12-10T19:56:48.875953+00:00
1502,1765396608.896852,2025-12-10T19:56:48.896855+00:00
1503,1765396608.917713,2025-12-10T19:56:48.917716+00:00
1504,1765396608.938584,2025-12-10T19:56:48.938592+00:00
1505,1765396608.9598489,2025-12-10T19:56:48.959852+00:00
1506,1765396608.979785,2025-12-10T19:56:48.979789+00:00
1507,1765396609.0006511,2025-12-10T19:56:49.000655+00:00
1508,1765396609.021544,2025-12-10T19:56:49.021551+00:00
1509,1765396609.042445,2025-12-10T19:56:49.042451+00:00
1510,1765396609.060214,2025-12-10T19:56:49.060218+00:00
1511,1765396609.0804229,2025-12-10T19:56:49.080428+00:00
1512,1765396609.099692,2025-12-10T19:56:49.099700+00:00
1513,1765396609.1170921,2025-12-10T19:56:49.117098+00:00
1514,1765396609.137779,2025-12-10T19:56:49.137785+00:00
1515,1765396609.1565619,2025-12-10T19:56:49.156570+00:00
1516,1765396609.1774652,2025-12-10T19:56:49.177469+00:00
1517,1765396609.1948311,2025-12-10T19:56:49.194835+00:00
1518,1765396609.21571,2025-12-10T19:56:49.215712+00:00
1519,1765396609.236521,2025-12-10T19:56:49.236523+00:00
1520,1765396609.2560241,2025-12-10T19:56:49.256026+00:00
1521,1765396609.275455,2025-12-10T19:56:49.275457+00:00
1522,1765396609.296322,2025-12-10T19:56:49.296329+00:00
1523,1765396609.31724,2025-12-10T19:56:49.317245+00:00
1524,1765396609.3360178,2025-12-10T19:56:49.336023+00:00
1525,1765396609.356908,2025-12-10T19:56:49.356917+00:00
1526,1765396609.37781,2025-12-10T19:56:49.377825+00:00
1527,1765396609.398687,2025-12-10T19:56:49.398692+00:00
1528,1765396609.416393,2025-12-10T19:56:49.416398+00:00
1529,1765396609.4372811,2025-12-10T19:56:49.437289+00:00
1530,1765396609.455782,2025-12-10T19:56:49.455790+00:00
1531,1765396609.476667,2025-12-10T19:56:49.476669+00:00
1532,1765396609.4945338,2025-12-10T19:56:49.494536+00:00
1533,1765396609.515403,2025-12-10T19:56:49.515405+00:00
1534,1765396609.536269,2025-12-10T19:56:49.536275+00:00
1535,1765396609.5554738,2025-12-10T19:56:49.555476+00:00
1536,1765396609.574208,2025-12-10T19:56:49.574213+00:00
1537,1765396609.595076,2025-12-10T19:56:49.595082+00:00
1538,1765396609.615969,2025-12-10T19:56:49.615973+00:00
1539,1765396609.636832,2025-12-10T19:56:49.636832+00:00
1540,1765396609.657195,2025-12-10T19:56:49.657198+00:00
1541,1765396609.6759,2025-12-10T19:56:49.675902+00:00
1542,1765396609.693625,2025-12-10T19:56:49.693626+00:00
1543,1765396609.714484,2025-12-10T19:56:49.714485+00:00
1544,1765396609.7353501,2025-12-10T19:56:49.735355+00:00
1545,1765396609.754403,2025-12-10T19:56:49.754409+00:00
1546,1765396609.7752872,2025-12-10T19:56:49.775288+00:00
1547,1765396609.7946508,2025-12-10T19:56:49.794654+00:00
1548,1765396609.815516,2025-12-10T19:56:49.815517+00:00
1549,1765396609.835469,2025-12-10T19:56:49.835471+00:00
1550,1765396609.856332,2025-12-10T19:56:49.856334+00:00
1551,1765396609.8771892,2025-12-10T19:56:49.877190+00:00
1552,1765396609.898047,2025-12-10T19:56:49.898049+00:00
1553,1765396609.9189172,2025-12-10T19:56:49.918919+00:00
1554,1765396609.937268,2025-12-10T19:56:49.937268+00:00
1555,1765396609.957273,2025-12-10T19:56:49.957280+00:00
1556,1765396609.978176,2025-12-10T19:56:49.978179+00:00
1557,1765396609.999058,2025-12-10T19:56:49.999065+00:00
1558,1765396610.018046,2025-12-10T19:56:50.018049+00:00
1559,1765396610.0389209,2025-12-10T19:56:50.038923+00:00
1560,1765396610.057593,2025-12-10T19:56:50.057596+00:00
1561,1765396610.077559,2025-12-10T19:56:50.077561+00:00
1562,1765396610.0984352,2025-12-10T19:56:50.098445+00:00
1563,1765396610.11637,2025-12-10T19:56:50.116375+00:00
1564,1765396610.137248,2025-12-10T19:56:50.137251+00:00
1565,1765396610.156311,2025-12-10T19:56:50.156318+00:00
1566,1765396610.1754858,2025-12-10T19:56:50.175489+00:00
1567,1765396610.19404,2025-12-10T19:56:50.194042+00:00
1568,1765396610.214217,2025-12-10T19:56:50.214217+00:00
1569,1765396610.2350678,2025-12-10T19:56:50.235070+00:00
1570,1765396610.255927,2025-12-10T19:56:50.255927+00:00
1571,1765396610.276777,2025-12-10T19:56:50.276779+00:00
1572,1765396610.2976398,2025-12-10T19:56:50.297643+00:00
1573,1765396610.318517,2025-12-10T19:56:50.318519+00:00
1574,1765396610.337936,2025-12-10T19:56:50.337937+00:00
1575,1765396610.35702,2025-12-10T19:56:50.357026+00:00
1576,1765396610.37793,2025-12-10T19:56:50.377936+00:00
1577,1765396610.3981922,2025-12-10T19:56:50.398197+00:00
1578,1765396610.416532,2025-12-10T19:56:50.416537+00:00
1579,1765396610.43363,2025-12-10T19:56:50.433632+00:00
1580,1765396610.451534,2025-12-10T19:56:50.451537+00:00
1581,1765396610.471735,2025-12-10T19:56:50.471736+00:00
1582,1765396610.4926348,2025-12-10T19:56:50.492667+00:00
1583,1765396610.513561,2025-12-10T19:56:50.513564+00:00
1584,1765396610.534428,2025-12-10T19:56:50.534429+00:00
1585,1765396610.551689,2025-12-10T19:56:50.551691+00:00
1586,1765396610.572552,2025-12-10T19:56:50.572552+00:00
1587,1765396610.589751,2025-12-10T19:56:50.589755+00:00
1588,1765396610.608814,2025-12-10T19:56:50.608815+00:00
1589,1765396610.62785,2025-12-10T19:56:50.627853+00:00
1590,1765396610.6487172,2025-12-10T19:56:50.648718+00:00
1591,1765396610.669569,2025-12-10T19:56:50.669569+00:00
1592,1765396610.689416,2025-12-10T19:56:50.689418+00:00
1593,1765396610.710287,2025-12-10T19:56:50.710289+00:00
1594,1765396610.731162,2025-12-10T19:56:50.731165+00:00
1595,1765396610.752026,2025-12-10T19:56:50.752027+00:00
1596,1765396610.771627,2025-12-10T19:56:50.771629+00:00
1597,1765396610.792493,2025-12-10T19:56:50.792494+00:00
1598,1765396610.813356,2025-12-10T19:56:50.813364+00:00
1599,1765396610.833672,2025-12-10T19:56:50.833674+00:00
1600,1765396610.8526201,2025-12-10T19:56:50.852621+00:00
1601,1765396610.8711429,2025-12-10T19:56:50.871149+00:00
1602,1765396610.8920152,2025-12-10T19:56:50.892016+00:00
1603,1765396610.912878,2025-12-10T19:56:50.912885+00:00
1604,1765396610.930431,2025-12-10T19:56:50.930435+00:00
1605,1765396610.94831,2025-12-10T19:56:50.948316+00:00
1606,1765396610.968322,2025-12-10T19:56:50.968325+00:00
1607,1765396610.9892008,2025-12-10T19:56:50.989203+00:00
1608,1765396611.0061178,2025-12-10T19:56:51.006121+00:00
1609,1765396611.026999,2025-12-10T19:56:51.027001+00:00
1610,1765396611.0462348,2025-12-10T19:56:51.046241+00:00
1611,1765396611.0673149,2025-12-10T19:56:51.067318+00:00
1612,1765396611.0881789,2025-12-10T19:56:51.088181+00:00
1613,1765396611.109055,2025-12-10T19:56:51.109057+00:00
1614,1765396611.128563,2025-12-10T19:56:51.128567+00:00
1615,1765396611.1494431,2025-12-10T19:56:51.149445+00:00
1616,1765396611.170306,2025-12-10T19:56:51.170307+00:00
1617,1765396611.189057,2025-12-10T19:56:51.189060+00:00
1618,1765396611.209922,2025-12-10T19:56:51.209922+00:00
1619,1765396611.229632,2025-12-10T19:56:51.229634+00:00
1620,1765396611.247267,2025-12-10T19:56:51.247269+00:00
1621,1765396611.2655659,2025-12-10T19:56:51.265568+00:00
1622,1765396611.2864268,2025-12-10T19:56:51.286428+00:00
1623,1765396611.307279,2025-12-10T19:56:51.307284+00:00
1624,1765396611.3262131,2025-12-10T19:56:51.326215+00:00
1625,1765396611.347061,2025-12-10T19:56:51.347061+00:00
1626,1765396611.3647969,2025-12-10T19:56:51.364802+00:00
1627,1765396611.382905,2025-12-10T19:56:51.382909+00:00
1628,1765396611.401403,2025-12-10T19:56:51.401408+00:00
1629,1765396611.422286,2025-12-10T19:56:51.422289+00:00
1630,1765396611.443156,2025-12-10T19:56:51.443158+00:00
1631,1765396611.459967,2025-12-10T19:56:51.459971+00:00
1632,1765396611.4808378,2025-12-10T19:56:51.480846+00:00
1633,1765396611.500339,2025-12-10T19:56:51.500349+00:00
1634,1765396611.5212789,2025-12-10T19:56:51.521285+00:00
1635,1765396611.542173,2025-12-10T19:56:51.542174+00:00
1636,1765396611.559207,2025-12-10T19:56:51.559213+00:00
1637,1765396611.580103,2025-12-10T19:56:51.580105+00:00
1638,1765396611.600975,2025-12-10T19:56:51.600980+00:00
1639,1765396611.618438,2025-12-10T19:56:51.618439+00:00
1640,1765396611.639024,2025-12-10T19:56:51.639026+00:00
1641,1765396611.659895,2025-12-10T19:56:51.659896+00:00
1642,1765396611.680769,2025-12-10T19:56:51.680778+00:00
1643,1765396611.6995149,2025-12-10T19:56:51.699515+00:00
1644,1765396611.720361,2025-12-10T19:56:51.720362+00:00
1645,1765396611.7412229,2025-12-10T19:56:51.741231+00:00
1646,1765396611.7601228,2025-12-10T19:56:51.760125+00:00
1647,1765396611.780993,2025-12-10T19:56:51.781001+00:00
1648,1765396611.800661,2025-12-10T19:56:51.800663+00:00
1649,1765396611.821532,2025-12-10T19:56:51.821535+00:00
1650,1765396611.842411,2025-12-10T19:56:51.842418+00:00
1651,1765396611.861835,2025-12-10T19:56:51.861838+00:00
1652,1765396611.8820531,2025-12-10T19:56:51.882056+00:00
1653,1765396611.900688,2025-12-10T19:56:51.900691+00:00
1654,1765396611.921542,2025-12-10T19:56:51.921543+00:00
1655,1765396611.93938,2025-12-10T19:56:51.939381+00:00
1656,1765396611.9602308,2025-12-10T19:56:51.960232+00:00
1657,1765396611.981087,2025-12-10T19:56:51.981089+00:00
1658,1765396612.001943,2025-12-10T19:56:52.001957+00:00
1659,1765396612.019923,2025-12-10T19:56:52.019924+00:00
1660,1765396612.0407722,2025-12-10T19:56:52.040775+00:00
1661,1765396612.061646,2025-12-10T19:56:52.061649+00:00
1662,1765396612.082495,2025-12-10T19:56:52.082496+00:00
1663,1765396612.1033611,2025-12-10T19:56:52.103369+00:00
1664,1765396612.1224918,2025-12-10T19:56:52.122495+00:00
1665,1765396612.143372,2025-12-10T19:56:52.143372+00:00
1666,1765396612.162626,2025-12-10T19:56:52.162628+00:00
1667,1765396612.183487,2025-12-10T19:56:52.183488+00:00
1668,1765396612.204354,2025-12-10T19:56:52.204362+00:00
1669,1765396612.222042,2025-12-10T19:56:52.222044+00:00
1670,1765396612.2429051,2025-12-10T19:56:52.242907+00:00
1671,1765396612.263752,2025-12-10T19:56:52.263754+00:00
1672,1765396612.284626,2025-12-10T19:56:52.284627+00:00
1673,1765396612.305474,2025-12-10T19:56:52.305475+00:00
1674,1765396612.323342,2025-12-10T19:56:52.323346+00:00
1675,1765396612.344227,2025-12-10T19:56:52.344229+00:00
1676,1765396612.363793,2025-12-10T19:56:52.363818+00:00
1677,1765396612.3847501,2025-12-10T19:56:52.384755+00:00
1678,1765396612.405088,2025-12-10T19:56:52.405089+00:00
1679,1765396612.424237,2025-12-10T19:56:52.424242+00:00
1680,1765396612.445122,2025-12-10T19:56:52.445123+00:00
1681,1765396612.465981,2025-12-10T19:56:52.465988+00:00
1682,1765396612.483679,2025-12-10T19:56:52.483681+00:00
1683,1765396612.500601,2025-12-10T19:56:52.500602+00:00
1684,1765396612.521465,2025-12-10T19:56:52.521469+00:00
1685,1765396612.542336,2025-12-10T19:56:52.542336+00:00
1686,1765396612.563179,2025-12-10T19:56:52.563179+00:00
1687,1765396612.5817301,2025-12-10T19:56:52.581733+00:00
1688,1765396612.6011572,2025-12-10T19:56:52.601157+00:00
1689,1765396612.622009,2025-12-10T19:56:52.622011+00:00
1690,1765396612.6428978,2025-12-10T19:56:52.642906+00:00
1691,1765396612.660945,2025-12-10T19:56:52.660947+00:00
1692,1765396612.6818,2025-12-10T19:56:52.681801+00:00
1693,1765396612.702663,2025-12-10T19:56:52.702663+00:00
1694,1765396612.720702,2025-12-10T19:56:52.720704+00:00
1695,1765396612.7407858,2025-12-10T19:56:52.740787+00:00
1696,1765396612.7616482,2025-12-10T19:56:52.761653+00:00
1697,1765396612.782531,2025-12-10T19:56:52.782532+00:00
1698,1765396612.803382,2025-12-10T19:56:52.803384+00:00
1699,1765396612.8229902,2025-12-10T19:56:52.822992+00:00
1700,1765396612.843874,2025-12-10T19:56:52.843875+00:00
1701,1765396612.8625762,2025-12-10T19:56:52.862581+00:00
1702,1765396612.883252,2025-12-10T19:56:52.883255+00:00
1703,1765396612.904108,2025-12-10T19:56:52.904109+00:00
1704,1765396612.924969,2025-12-10T19:56:52.924973+00:00
1705,1765396612.945847,2025-12-10T19:56:52.945849+00:00
1706,1765396612.9667041,2025-12-10T19:56:52.966705+00:00
1707,1765396612.987572,2025-12-10T19:56:52.987578+00:00
1708,1765396613.0084858,2025-12-10T19:56:53.008490+00:00
1709,1765396613.028783,2025-12-10T19:56:53.028784+00:00
1710,1765396613.049626,2025-12-10T19:56:53.049627+00:00
1711,1765396613.069694,2025-12-10T19:56:53.069697+00:00
1712,1765396613.090562,2025-12-10T19:56:53.090563+00:00
1713,1765396613.1114209,2025-12-10T19:56:53.111432+00:00
1714,1765396613.1323159,2025-12-10T19:56:53.132319+00:00
1715,1765396613.153179,2025-12-10T19:56:53.153181+00:00
1716,1765396613.174047,2025-12-10T19:56:53.174053+00:00
1717,1765396613.192551,2025-12-10T19:56:53.192555+00:00
1718,1765396613.2125561,2025-12-10T19:56:53.212560+00:00
1719,1765396613.2296169,2025-12-10T19:56:53.229651+00:00
1720,1765396613.247355,2025-12-10T19:56:53.247372+00:00
1721,1765396613.2682638,2025-12-10T19:56:53.268270+00:00
1722,1765396613.289149,2025-12-10T19:56:53.289151+00:00
1723,1765396613.3063009,2025-12-10T19:56:53.306304+00:00
1724,1765396613.327164,2025-12-10T19:56:53.327166+00:00
1725,1765396613.348026,2025-12-10T19:56:53.348031+00:00
1726,1765396613.367101,2025-12-10T19:56:53.367105+00:00
1727,1765396613.387985,2025-12-10T19:56:53.387988+00:00
1728,1765396613.40886,2025-12-10T19:56:53.408863+00:00
1729,1765396613.4297311,2025-12-10T19:56:53.429733+00:00
1730,1765396613.4475799,2025-12-10T19:56:53.447583+00:00
1731,1765396613.468451,2025-12-10T19:56:53.468452+00:00
1732,1765396613.485413,2025-12-10T19:56:53.485420+00:00
1733,1765396613.506314,2025-12-10T19:56:53.506316+00:00
1734,1765396613.527186,2025-12-10T19:56:53.527191+00:00
1735,1765396613.5454268,2025-12-10T19:56:53.545430+00:00
1736,1765396613.56497,2025-12-10T19:56:53.564979+00:00
1737,1765396613.5858848,2025-12-10T19:56:53.585888+00:00
1738,1765396613.603481,2025-12-10T19:56:53.603510+00:00
1739,1765396613.620706,2025-12-10T19:56:53.620806+00:00
1740,1765396613.6416728,2025-12-10T19:56:53.641675+00:00
1741,1765396613.66256,2025-12-10T19:56:53.662570+00:00
1742,1765396613.6795478,2025-12-10T19:56:53.679553+00:00
1743,1765396613.700438,2025-12-10T19:56:53.700445+00:00
1744,1765396613.721783,2025-12-10T19:56:53.721789+00:00
1745,1765396613.740727,2025-12-10T19:56:53.740728+00:00
1746,1765396613.761888,2025-12-10T19:56:53.761889+00:00
1747,1765396613.782746,2025-12-10T19:56:53.782748+00:00
1748,1765396613.799501,2025-12-10T19:56:53.799501+00:00
1749,1765396613.8203561,2025-12-10T19:56:53.820357+00:00
1750,1765396613.8412218,2025-12-10T19:56:53.841227+00:00
1751,1765396613.861372,2025-12-10T19:56:53.861375+00:00
1752,1765396613.878479,2025-12-10T19:56:53.878483+00:00
1753,1765396613.899339,2025-12-10T19:56:53.899340+00:00
1754,1765396613.9194849,2025-12-10T19:56:53.919486+00:00
1755,1765396613.940344,2025-12-10T19:56:53.940349+00:00
1756,1765396613.961246,2025-12-10T19:56:53.961250+00:00
1757,1765396613.982122,2025-12-10T19:56:53.982124+00:00
1758,1765396614.0024571,2025-12-10T19:56:54.002464+00:00
1759,1765396614.0232582,2025-12-10T19:56:54.023262+00:00
1760,1765396614.04413,2025-12-10T19:56:54.044132+00:00
1761,1765396614.06402,2025-12-10T19:56:54.064021+00:00
1762,1765396614.084874,2025-12-10T19:56:54.084881+00:00
1763,1765396614.105791,2025-12-10T19:56:54.105793+00:00
1764,1765396614.124605,2025-12-10T19:56:54.124611+00:00
1765,1765396614.142049,2025-12-10T19:56:54.142052+00:00
1766,1765396614.1618,2025-12-10T19:56:54.161807+00:00
1767,1765396614.1795058,2025-12-10T19:56:54.179507+00:00
1768,1765396614.1962922,2025-12-10T19:56:54.196297+00:00
1769,1765396614.217175,2025-12-10T19:56:54.217176+00:00
1770,1765396614.235669,2025-12-10T19:56:54.235670+00:00
1771,1765396614.25373,2025-12-10T19:56:54.253730+00:00
1772,1765396614.274582,2025-12-10T19:56:54.274588+00:00
1773,1765396614.292383,2025-12-10T19:56:54.292384+00:00
1774,1765396614.31169,2025-12-10T19:56:54.311692+00:00
1775,1765396614.332553,2025-12-10T19:56:54.332557+00:00
1776,1765396614.353426,2025-12-10T19:56:54.353429+00:00
1777,1765396614.373111,2025-12-10T19:56:54.373120+00:00
1778,1765396614.394036,2025-12-10T19:56:54.394040+00:00
1779,1765396614.414927,2025-12-10T19:56:54.414933+00:00
1780,1765396614.431863,2025-12-10T19:56:54.431866+00:00
1781,1765396614.452738,2025-12-10T19:56:54.452744+00:00
1782,1765396614.4702458,2025-12-10T19:56:54.470247+00:00
1783,1765396614.491097,2025-12-10T19:56:54.491098+00:00
1784,1765396614.511952,2025-12-10T19:56:54.511962+00:00
1785,1765396614.5328362,2025-12-10T19:56:54.532841+00:00
1786,1765396614.553718,2025-12-10T19:56:54.553719+00:00
1787,1765396614.57147,2025-12-10T19:56:54.571471+00:00
1788,1765396614.592331,2025-12-10T19:56:54.592332+00:00
1789,1765396614.6131918,2025-12-10T19:56:54.613199+00:00
1790,1765396614.632291,2025-12-10T19:56:54.632292+00:00
1791,1765396614.650553,2025-12-10T19:56:54.650554+00:00
1792,1765396614.671398,2025-12-10T19:56:54.671399+00:00
1793,1765396614.692256,2025-12-10T19:56:54.692263+00:00
1794,1765396614.712089,2025-12-10T19:56:54.712095+00:00
1795,1765396614.732969,2025-12-10T19:56:54.732970+00:00
1796,1765396614.751384,2025-12-10T19:56:54.751388+00:00
1797,1765396614.768362,2025-12-10T19:56:54.768369+00:00
1798,1765396614.789265,2025-12-10T19:56:54.789267+00:00
1799,1765396614.810124,2025-12-10T19:56:54.810125+00:00
1800,1765396614.83044,2025-12-10T19:56:54.830443+00:00
1801,1765396614.847797,2025-12-10T19:56:54.847798+00:00
1802,1765396614.8655438,2025-12-10T19:56:54.865544+00:00
1803,1765396614.884332,2025-12-10T19:56:54.884334+00:00
1804,1765396614.905195,2025-12-10T19:56:54.905195+00:00
1805,1765396614.926049,2025-12-10T19:56:54.926054+00:00
1806,1765396614.943462,2025-12-10T19:56:54.943466+00:00
1807,1765396614.9643352,2025-12-10T19:56:54.964341+00:00
1808,1765396614.98156,2025-12-10T19:56:54.981561+00:00
1809,1765396615.0024261,2025-12-10T19:56:55.002432+00:00
1810,1765396615.023018,2025-12-10T19:56:55.023020+00:00
1811,1765396615.0432682,2025-12-10T19:56:55.043271+00:00
1812,1765396615.064144,2025-12-10T19:56:55.064160+00:00
1813,1765396615.0850408,2025-12-10T19:56:55.085046+00:00
1814,1765396615.103511,2025-12-10T19:56:55.103515+00:00
1815,1765396615.1235032,2025-12-10T19:56:55.123510+00:00
1816,1765396615.142037,2025-12-10T19:56:55.142039+00:00
1817,1765396615.159243,2025-12-10T19:56:55.159247+00:00
1818,1765396615.1801221,2025-12-10T19:56:55.180126+00:00
1819,1765396615.200997,2025-12-10T19:56:55.201004+00:00
1820,1765396615.22016,2025-12-10T19:56:55.220175+00:00
1821,1765396615.241108,2025-12-10T19:56:55.241118+00:00
1822,1765396615.262021,2025-12-10T19:56:55.262026+00:00
1823,1765396615.2804558,2025-12-10T19:56:55.280460+00:00
1824,1765396615.301346,2025-12-10T19:56:55.301351+00:00
1825,1765396615.322221,2025-12-10T19:56:55.322229+00:00
1826,1765396615.340008,2025-12-10T19:56:55.340016+00:00
1827,1765396615.3609111,2025-12-10T19:56:55.360916+00:00
1828,1765396615.3817868,2025-12-10T19:56:55.381795+00:00
1829,1765396615.402682,2025-12-10T19:56:55.402690+00:00
1830,1765396615.423572,2025-12-10T19:56:55.423576+00:00
1831,1765396615.442556,2025-12-10T19:56:55.442565+00:00
1832,1765396615.4608252,2025-12-10T19:56:55.460831+00:00
1833,1765396615.480524,2025-12-10T19:56:55.480532+00:00
1834,1765396615.4974542,2025-12-10T19:56:55.497461+00:00
1835,1765396615.518341,2025-12-10T19:56:55.518349+00:00
1836,1765396615.5387561,2025-12-10T19:56:55.538762+00:00
1837,1765396615.557111,2025-12-10T19:56:55.557118+00:00
1838,1765396615.578005,2025-12-10T19:56:55.578014+00:00
1839,1765396615.5952241,2025-12-10T19:56:55.595228+00:00
1840,1765396615.612536,2025-12-10T19:56:55.612547+00:00
1841,1765396615.630477,2025-12-10T19:56:55.630505+00:00
1842,1765396615.649241,2025-12-10T19:56:55.649243+00:00
1843,1765396615.6701078,2025-12-10T19:56:55.670113+00:00
1844,1765396615.69045,2025-12-10T19:56:55.690452+00:00
1845,1765396615.711338,2025-12-10T19:56:55.711343+00:00
1846,1765396615.728959,2025-12-10T19:56:55.728963+00:00
1847,1765396615.749661,2025-12-10T19:56:55.749663+00:00
1848,1765396615.7679338,2025-12-10T19:56:55.767941+00:00
1849,1765396615.7888331,2025-12-10T19:56:55.788838+00:00
1850,1765396615.8112,2025-12-10T19:56:55.811208+00:00
1851,1765396615.82847,2025-12-10T19:56:55.828475+00:00
1852,1765396615.848307,2025-12-10T19:56:55.848316+00:00
1853,1765396615.869249,2025-12-10T19:56:55.869252+00:00
1854,1765396615.890118,2025-12-10T19:56:55.890120+00:00
1855,1765396615.910974,2025-12-10T19:56:55.910978+00:00
1856,1765396615.9318342,2025-12-10T19:56:55.931836+00:00
1857,1765396615.948766,2025-12-10T19:56:55.948770+00:00
1858,1765396615.9681191,2025-12-10T19:56:55.968126+00:00
1859,1765396615.989019,2025-12-10T19:56:55.989020+00:00
1860,1765396616.00991,2025-12-10T19:56:56.009919+00:00
1861,1765396616.029551,2025-12-10T19:56:56.029555+00:00
1862,1765396616.0488908,2025-12-10T19:56:56.048892+00:00
1863,1765396616.066737,2025-12-10T19:56:56.066744+00:00
1864,1765396616.087274,2025-12-10T19:56:56.087284+00:00
1865,1765396616.1065469,2025-12-10T19:56:56.106552+00:00
1866,1765396616.123456,2025-12-10T19:56:56.123462+00:00
1867,1765396616.143022,2025-12-10T19:56:56.143027+00:00
1868,1765396616.163894,2025-12-10T19:56:56.163899+00:00
1869,1765396616.184203,2025-12-10T19:56:56.184209+00:00
1870,1765396616.204552,2025-12-10T19:56:56.204555+00:00
1871,1765396616.225426,2025-12-10T19:56:56.225433+00:00
1872,1765396616.246312,2025-12-10T19:56:56.246314+00:00
1873,1765396616.266651,2025-12-10T19:56:56.266658+00:00
1874,1765396616.283832,2025-12-10T19:56:56.283839+00:00
1875,1765396616.304739,2025-12-10T19:56:56.304746+00:00
1876,1765396616.3252852,2025-12-10T19:56:56.325296+00:00
1877,1765396616.3423018,2025-12-10T19:56:56.342308+00:00
1878,1765396616.363182,2025-12-10T19:56:56.363187+00:00
1879,1765396616.3852842,2025-12-10T19:56:56.385293+00:00
1880,1765396616.410826,2025-12-10T19:56:56.410874+00:00
1881,1765396616.4356968,2025-12-10T19:56:56.435702+00:00
1882,1765396616.4594738,2025-12-10T19:56:56.459480+00:00
1883,1765396616.5355961,2025-12-10T19:56:56.535604+00:00
1884,1765396616.557311,2025-12-10T19:56:56.586746+00:00
1885,1765396616.6076212,2025-12-10T19:56:56.607626+00:00
1886,1765396616.6284978,2025-12-10T19:56:56.628505+00:00
1887,1765396616.646709,2025-12-10T19:56:56.646716+00:00
1888,1765396616.666851,2025-12-10T19:56:56.666857+00:00
1889,1765396616.684566,2025-12-10T19:56:56.684572+00:00
1890,1765396616.705463,2025-12-10T19:56:56.705469+00:00
1891,1765396616.726151,2025-12-10T19:56:56.726154+00:00
1892,1765396616.7468631,2025-12-10T19:56:56.746868+00:00
1893,1765396616.764024,2025-12-10T19:56:56.764026+00:00
1894,1765396616.784249,2025-12-10T19:56:56.784252+00:00
1895,1765396616.804534,2025-12-10T19:56:56.804537+00:00
1896,1765396616.8253922,2025-12-10T19:56:56.825406+00:00
1897,1765396616.8455439,2025-12-10T19:56:56.845551+00:00
1898,1765396616.864109,2025-12-10T19:56:56.864114+00:00
1899,1765396616.883841,2025-12-10T19:56:56.883848+00:00
1900,1765396616.904741,2025-12-10T19:56:56.904749+00:00
1901,1765396616.925649,2025-12-10T19:56:56.925656+00:00
1902,1765396616.9442072,2025-12-10T19:56:56.944222+00:00
1903,1765396616.96513,2025-12-10T19:56:56.965136+00:00
1904,1765396616.986006,2025-12-10T19:56:56.986011+00:00
1905,1765396617.0068932,2025-12-10T19:56:57.006897+00:00
1906,1765396617.02777,2025-12-10T19:56:57.027775+00:00
1907,1765396617.048665,2025-12-10T19:56:57.048671+00:00
1908,1765396617.069557,2025-12-10T19:56:57.069563+00:00
1909,1765396617.0897112,2025-12-10T19:56:57.089722+00:00
1910,1765396617.107332,2025-12-10T19:56:57.107339+00:00
1911,1765396617.128237,2025-12-10T19:56:57.128242+00:00
1912,1765396617.146348,2025-12-10T19:56:57.146351+00:00
1913,1765396617.165878,2025-12-10T19:56:57.165889+00:00
1914,1765396617.186271,2025-12-10T19:56:57.186275+00:00
1915,1765396617.20309,2025-12-10T19:56:57.203101+00:00
1916,1765396617.224,2025-12-10T19:56:57.224005+00:00
1917,1765396617.2448819,2025-12-10T19:56:57.244887+00:00
1918,1765396617.2657669,2025-12-10T19:56:57.265771+00:00
1919,1765396617.286077,2025-12-10T19:56:57.286079+00:00
1920,1765396617.306945,2025-12-10T19:56:57.306952+00:00
1921,1765396617.327311,2025-12-10T19:56:57.327313+00:00
1922,1765396617.348166,2025-12-10T19:56:57.348167+00:00
1923,1765396617.3652532,2025-12-10T19:56:57.365258+00:00
1924,1765396617.386142,2025-12-10T19:56:57.386142+00:00
1925,1765396617.406987,2025-12-10T19:56:57.406989+00:00
1926,1765396617.427853,2025-12-10T19:56:57.427859+00:00
1927,1765396617.444763,2025-12-10T19:56:57.444765+00:00
1928,1765396617.465614,2025-12-10T19:56:57.465616+00:00
1929,1765396617.484185,2025-12-10T19:56:57.484187+00:00
1930,1765396617.505044,2025-12-10T19:56:57.505045+00:00
1931,1765396617.525015,2025-12-10T19:56:57.525017+00:00
1932,1765396617.5447521,2025-12-10T19:56:57.544752+00:00
1933,1765396617.564901,2025-12-10T19:56:57.564907+00:00
1934,1765396617.5855181,2025-12-10T19:56:57.585522+00:00
1935,1765396617.6064,2025-12-10T19:56:57.606414+00:00
1936,1765396617.626339,2025-12-10T19:56:57.626348+00:00
1937,1765396617.647328,2025-12-10T19:56:57.647335+00:00
1938,1765396617.668225,2025-12-10T19:56:57.668234+00:00
1939,1765396617.689139,2025-12-10T19:56:57.689146+00:00
1940,1765396617.706402,2025-12-10T19:56:57.706409+00:00
1941,1765396617.7254121,2025-12-10T19:56:57.725420+00:00
1942,1765396617.742986,2025-12-10T19:56:57.742992+00:00
1943,1765396617.763893,2025-12-10T19:56:57.763902+00:00
1944,1765396617.784789,2025-12-10T19:56:57.784795+00:00
1945,1765396617.805674,2025-12-10T19:56:57.805684+00:00
1946,1765396617.825386,2025-12-10T19:56:57.825391+00:00
1947,1765396617.845566,2025-12-10T19:56:57.845570+00:00
1948,1765396617.8664541,2025-12-10T19:56:57.866460+00:00
1949,1765396617.883657,2025-12-10T19:56:57.883664+00:00
1950,1765396617.903861,2025-12-10T19:56:57.903865+00:00
1951,1765396617.92316,2025-12-10T19:56:57.923170+00:00
1952,1765396617.942372,2025-12-10T19:56:57.942375+00:00
1953,1765396617.959754,2025-12-10T19:56:57.959760+00:00
1954,1765396617.9790359,2025-12-10T19:56:57.979043+00:00
1955,1765396617.996244,2025-12-10T19:56:57.996251+00:00
1956,1765396618.017154,2025-12-10T19:56:58.017166+00:00
1957,1765396618.0379,2025-12-10T19:56:58.037907+00:00
1958,1765396618.058795,2025-12-10T19:56:58.058797+00:00
1959,1765396618.077152,2025-12-10T19:56:58.077156+00:00
1960,1765396618.098028,2025-12-10T19:56:58.098029+00:00
1961,1765396618.118888,2025-12-10T19:56:58.118895+00:00
1962,1765396618.138916,2025-12-10T19:56:58.138921+00:00
1963,1765396618.158245,2025-12-10T19:56:58.158254+00:00
1964,1765396618.176322,2025-12-10T19:56:58.176326+00:00
1965,1765396618.193376,2025-12-10T19:56:58.193383+00:00
1966,1765396618.214274,2025-12-10T19:56:58.214278+00:00
1967,1765396618.234633,2025-12-10T19:56:58.234637+00:00
1968,1765396618.255512,2025-12-10T19:56:58.255518+00:00
1969,1765396618.276043,2025-12-10T19:56:58.276056+00:00
1970,1765396618.293024,2025-12-10T19:56:58.293056+00:00
1971,1765396618.311593,2025-12-10T19:56:58.311599+00:00
1972,1765396618.332494,2025-12-10T19:56:58.332502+00:00
1973,1765396618.3506691,2025-12-10T19:56:58.350676+00:00
1974,1765396618.371548,2025-12-10T19:56:58.371553+00:00
1975,1765396618.392427,2025-12-10T19:56:58.392429+00:00
1976,1765396618.413294,2025-12-10T19:56:58.413298+00:00
1977,1765396618.430217,2025-12-10T19:56:58.430223+00:00
1978,1765396618.449884,2025-12-10T19:56:58.449886+00:00
1979,1765396618.468194,2025-12-10T19:56:58.468200+00:00
1980,1765396618.4890711,2025-12-10T19:56:58.489072+00:00
1981,1765396618.506169,2025-12-10T19:56:58.506174+00:00
1982,1765396618.5270631,2025-12-10T19:56:58.527066+00:00
1983,1765396618.5479438,2025-12-10T19:56:58.547951+00:00
1984,1765396618.5678048,2025-12-10T19:56:58.567816+00:00
1985,1765396618.586783,2025-12-10T19:56:58.586786+00:00
1986,1765396618.605949,2025-12-10T19:56:58.605951+00:00
1987,1765396618.626812,2025-12-10T19:56:58.626815+00:00
1988,1765396618.64768,2025-12-10T19:56:58.647681+00:00
1989,1765396618.66526,2025-12-10T19:56:58.665262+00:00
1990,1765396618.6861289,2025-12-10T19:56:58.686134+00:00
1991,1765396618.707,2025-12-10T19:56:58.707001+00:00
1992,1765396618.727859,2025-12-10T19:56:58.727865+00:00
1993,1765396618.748244,2025-12-10T19:56:58.748246+00:00
1994,1765396618.769113,2025-12-10T19:56:58.769118+00:00
1995,1765396618.789522,2025-12-10T19:56:58.789524+00:00
1996,1765396618.8103712,2025-12-10T19:56:58.810372+00:00
1997,1765396618.827877,2025-12-10T19:56:58.827881+00:00
1998,1765396618.8487601,2025-12-10T19:56:58.848762+00:00
1999,1765396618.86962,2025-12-10T19:56:58.869623+00:00
2000,1765396618.888234,2025-12-10T19:56:58.888239+00:00
2001,1765396618.9086049,2025-12-10T19:56:58.908609+00:00
2002,1765396618.929474,2025-12-10T19:56:58.929477+00:00
2003,1765396618.9495208,2025-12-10T19:56:58.949525+00:00
2004,1765396618.970405,2025-12-10T19:56:58.970408+00:00
2005,1765396618.991261,2025-12-10T19:56:58.991262+00:00
2006,1765396619.009462,2025-12-10T19:56:59.009467+00:00
2007,1765396619.026311,2025-12-10T19:56:59.026386+00:00
2008,1765396619.045218,2025-12-10T19:56:59.045222+00:00
2009,1765396619.063967,2025-12-10T19:56:59.063975+00:00
2010,1765396619.084872,2025-12-10T19:56:59.084878+00:00
2011,1765396619.10579,2025-12-10T19:56:59.105795+00:00
2012,1765396619.125234,2025-12-10T19:56:59.125240+00:00
2013,1765396619.146139,2025-12-10T19:56:59.146144+00:00
2014,1765396619.1670132,2025-12-10T19:56:59.167017+00:00
2015,1765396619.185117,2025-12-10T19:56:59.185121+00:00
2016,1765396619.2059991,2025-12-10T19:56:59.206001+00:00
2017,1765396619.22686,2025-12-10T19:56:59.226862+00:00
2018,1765396619.247568,2025-12-10T19:56:59.247572+00:00
2019,1765396619.268425,2025-12-10T19:56:59.268425+00:00
2020,1765396619.28546,2025-12-10T19:56:59.285462+00:00
2021,1765396619.306323,2025-12-10T19:56:59.306324+00:00
2022,1765396619.3271859,2025-12-10T19:56:59.327196+00:00
2023,1765396619.345147,2025-12-10T19:56:59.345155+00:00
2024,1765396619.3660429,2025-12-10T19:56:59.366044+00:00
2025,1765396619.3869162,2025-12-10T19:56:59.386923+00:00
2026,1765396619.407829,2025-12-10T19:56:59.407833+00:00
2027,1765396619.428708,2025-12-10T19:56:59.428710+00:00
2028,1765396619.4495628,2025-12-10T19:56:59.449564+00:00
2029,1765396619.4704242,2025-12-10T19:56:59.470429+00:00
2030,1765396619.491313,2025-12-10T19:56:59.491320+00:00
2031,1765396619.508366,2025-12-10T19:56:59.508368+00:00
2032,1765396619.526382,2025-12-10T19:56:59.526386+00:00
2033,1765396619.547261,2025-12-10T19:56:59.547262+00:00
2034,1765396619.568109,2025-12-10T19:56:59.568111+00:00
2035,1765396619.588217,2025-12-10T19:56:59.588218+00:00
2036,1765396619.6090748,2025-12-10T19:56:59.609078+00:00
2037,1765396619.629948,2025-12-10T19:56:59.629954+00:00
2038,1765396619.646687,2025-12-10T19:56:59.646688+00:00
2039,1765396619.665767,2025-12-10T19:56:59.665774+00:00
2040,1765396619.684479,2025-12-10T19:56:59.684479+00:00
2041,1765396619.705333,2025-12-10T19:56:59.705334+00:00
2042,1765396619.726073,2025-12-10T19:56:59.726076+00:00
2043,1765396619.745245,2025-12-10T19:56:59.745246+00:00
2044,1765396619.766102,2025-12-10T19:56:59.766104+00:00
2045,1765396619.786965,2025-12-10T19:56:59.786965+00:00
2046,1765396619.8078122,2025-12-10T19:56:59.807813+00:00
2047,1765396619.8257432,2025-12-10T19:56:59.825745+00:00
2048,1765396619.8466072,2025-12-10T19:56:59.846608+00:00
2049,1765396619.8674712,2025-12-10T19:56:59.867477+00:00
2050,1765396619.88559,2025-12-10T19:56:59.885594+00:00
2051,1765396619.906471,2025-12-10T19:56:59.906479+00:00
2052,1765396619.925416,2025-12-10T19:56:59.925420+00:00
2053,1765396619.94628,2025-12-10T19:56:59.946282+00:00
2054,1765396619.967146,2025-12-10T19:56:59.967153+00:00
2055,1765396619.9878988,2025-12-10T19:56:59.987901+00:00
2056,1765396620.008752,2025-12-10T19:57:00.008754+00:00
2057,1765396620.02778,2025-12-10T19:57:00.027782+00:00
2058,1765396620.0486689,2025-12-10T19:57:00.048671+00:00
2059,1765396620.066623,2025-12-10T19:57:00.066629+00:00
2060,1765396620.0856051,2025-12-10T19:57:00.085606+00:00
2061,1765396620.106459,2025-12-10T19:57:00.106461+00:00
2062,1765396620.124772,2025-12-10T19:57:00.124773+00:00
2063,1765396620.141609,2025-12-10T19:57:00.141616+00:00
2064,1765396620.162268,2025-12-10T19:57:00.162272+00:00
2065,1765396620.181195,2025-12-10T19:57:00.181392+00:00
2066,1765396620.220202,2025-12-10T19:57:00.220207+00:00
2067,1765396620.266444,2025-12-10T19:57:00.266454+00:00
2068,1765396620.2842839,2025-12-10T19:57:00.284291+00:00
2069,1765396620.30147,2025-12-10T19:57:00.301475+00:00
2070,1765396620.3182569,2025-12-10T19:57:00.318262+00:00
2071,1765396620.362557,2025-12-10T19:57:00.362563+00:00
2072,1765396620.3855941,2025-12-10T19:57:00.385599+00:00
2073,1765396620.439919,2025-12-10T19:57:00.439927+00:00
2074,1765396620.4944441,2025-12-10T19:57:00.494452+00:00
2075,1765396620.530831,2025-12-10T19:57:00.530841+00:00
2076,1765396620.55173,2025-12-10T19:57:00.551735+00:00
2077,1765396620.57054,2025-12-10T19:57:00.570555+00:00
2078,1765396620.5882251,2025-12-10T19:57:00.588230+00:00
2079,1765396620.608802,2025-12-10T19:57:00.608806+00:00
2080,1765396620.629683,2025-12-10T19:57:00.629685+00:00
2081,1765396620.650162,2025-12-10T19:57:00.650166+00:00
2082,1765396620.671045,2025-12-10T19:57:00.671052+00:00
2083,1765396620.6919491,2025-12-10T19:57:00.691956+00:00
2084,1765396620.712329,2025-12-10T19:57:00.712333+00:00
2085,1765396620.732491,2025-12-10T19:57:00.732498+00:00
2086,1765396620.750127,2025-12-10T19:57:00.750134+00:00
2087,1765396620.76791,2025-12-10T19:57:00.767917+00:00
2088,1765396620.788812,2025-12-10T19:57:00.788818+00:00
2089,1765396620.807961,2025-12-10T19:57:00.807965+00:00
2090,1765396620.828825,2025-12-10T19:57:00.828828+00:00
2091,1765396620.847297,2025-12-10T19:57:00.847301+00:00
2092,1765396620.867993,2025-12-10T19:57:00.867998+00:00
2093,1765396620.88889,2025-12-10T19:57:00.888900+00:00
2094,1765396620.9082859,2025-12-10T19:57:00.908289+00:00
2095,1765396620.926751,2025-12-10T19:57:00.926756+00:00
2096,1765396620.943539,2025-12-10T19:57:00.943546+00:00
2097,1765396620.962929,2025-12-10T19:57:00.962936+00:00
2098,1765396620.9837608,2025-12-10T19:57:00.983772+00:00
2099,1765396621.003715,2025-12-10T19:57:01.003727+00:00
2100,1765396621.0246358,2025-12-10T19:57:01.024645+00:00
2101,1765396621.04421,2025-12-10T19:57:01.044216+00:00
2102,1765396621.062798,2025-12-10T19:57:01.062805+00:00
2103,1765396621.0836859,2025-12-10T19:57:01.083696+00:00
2104,1765396621.104612,2025-12-10T19:57:01.104627+00:00
2105,1765396621.1255622,2025-12-10T19:57:01.125579+00:00
2106,1765396621.1462421,2025-12-10T19:57:01.146256+00:00
2107,1765396621.163014,2025-12-10T19:57:01.163025+00:00
2108,1765396621.183933,2025-12-10T19:57:01.183939+00:00
2109,1765396621.2032928,2025-12-10T19:57:01.203303+00:00
2110,1765396621.2242088,2025-12-10T19:57:01.224220+00:00
2111,1765396621.243007,2025-12-10T19:57:01.243018+00:00
2112,1765396621.2608461,2025-12-10T19:57:01.260852+00:00
2113,1765396621.278511,2025-12-10T19:57:01.278674+00:00
2114,1765396621.296593,2025-12-10T19:57:01.296598+00:00
2115,1765396621.315089,2025-12-10T19:57:01.315095+00:00
2116,1765396621.334189,2025-12-10T19:57:01.334200+00:00
2117,1765396621.351454,2025-12-10T19:57:01.351456+00:00
2118,1765396621.368598,2025-12-10T19:57:01.368604+00:00
2119,1765396621.389481,2025-12-10T19:57:01.389483+00:00
2120,1765396621.409011,2025-12-10T19:57:01.409015+00:00
2121,1765396621.4263349,2025-12-10T19:57:01.426364+00:00
2122,1765396621.447241,2025-12-10T19:57:01.447247+00:00
2123,1765396621.4680011,2025-12-10T19:57:01.468002+00:00
2124,1765396621.488852,2025-12-10T19:57:01.488852+00:00
2125,1765396621.509695,2025-12-10T19:57:01.509696+00:00
2126,1765396621.5305479,2025-12-10T19:57:01.530554+00:00
2127,1765396621.549793,2025-12-10T19:57:01.549796+00:00
2128,1765396621.56963,2025-12-10T19:57:01.569636+00:00
2129,1765396621.590514,2025-12-10T19:57:01.590515+00:00
2130,1765396621.6091368,2025-12-10T19:57:01.609140+00:00
2131,1765396621.6263628,2025-12-10T19:57:01.626366+00:00
2132,1765396621.645577,2025-12-10T19:57:01.645578+00:00
2133,1765396621.666435,2025-12-10T19:57:01.666438+00:00
2134,1765396621.684745,2025-12-10T19:57:01.684746+00:00
2135,1765396621.70559,2025-12-10T19:57:01.705591+00:00
2136,1765396621.7263439,2025-12-10T19:57:01.726347+00:00
2137,1765396621.7431612,2025-12-10T19:57:01.743163+00:00
2138,1765396621.763187,2025-12-10T19:57:01.763188+00:00
2139,1765396621.784039,2025-12-10T19:57:01.784043+00:00
2140,1765396621.804561,2025-12-10T19:57:01.804592+00:00
2141,1765396621.825498,2025-12-10T19:57:01.825505+00:00
2142,1765396621.846251,2025-12-10T19:57:01.846252+00:00
2143,1765396621.867112,2025-12-10T19:57:01.867115+00:00
2144,1765396621.887983,2025-12-10T19:57:01.887986+00:00
2145,1765396621.910253,2025-12-10T19:57:01.910256+00:00
2146,1765396621.930374,2025-12-10T19:57:01.930381+00:00
2147,1765396621.947985,2025-12-10T19:57:01.947991+00:00
2148,1765396621.968361,2025-12-10T19:57:01.968368+00:00
2149,1765396621.989248,2025-12-10T19:57:01.989253+00:00
2150,1765396622.0090702,2025-12-10T19:57:02.009078+00:00
2151,1765396622.029585,2025-12-10T19:57:02.029595+00:00
2152,1765396622.048311,2025-12-10T19:57:02.048317+00:00
2153,1765396622.0692039,2025-12-10T19:57:02.069218+00:00
2154,1765396622.090127,2025-12-10T19:57:02.090133+00:00
2155,1765396622.107262,2025-12-10T19:57:02.107266+00:00
2156,1765396622.1281521,2025-12-10T19:57:02.128157+00:00
2157,1765396622.144948,2025-12-10T19:57:02.144955+00:00
2158,1765396622.1643488,2025-12-10T19:57:02.164358+00:00
2159,1765396622.1852548,2025-12-10T19:57:02.185259+00:00
2160,1765396622.202621,2025-12-10T19:57:02.202627+00:00
2161,1765396622.223517,2025-12-10T19:57:02.223519+00:00
2162,1765396622.240992,2025-12-10T19:57:02.240993+00:00
2163,1765396622.261848,2025-12-10T19:57:02.261852+00:00
2164,1765396622.280389,2025-12-10T19:57:02.280394+00:00
2165,1765396622.301276,2025-12-10T19:57:02.301280+00:00
2166,1765396622.31801,2025-12-10T19:57:02.318018+00:00
2167,1765396622.3389518,2025-12-10T19:57:02.338966+00:00
2168,1765396622.35585,2025-12-10T19:57:02.355855+00:00
2169,1765396622.376794,2025-12-10T19:57:02.376801+00:00
2170,1765396622.39768,2025-12-10T19:57:02.397685+00:00
2171,1765396622.415863,2025-12-10T19:57:02.415866+00:00
2172,1765396622.433989,2025-12-10T19:57:02.433995+00:00
2173,1765396622.4513931,2025-12-10T19:57:02.451402+00:00
2174,1765396622.47228,2025-12-10T19:57:02.472281+00:00
2175,1765396622.493133,2025-12-10T19:57:02.493139+00:00
2176,1765396622.514444,2025-12-10T19:57:02.514451+00:00
2177,1765396622.535541,2025-12-10T19:57:02.535547+00:00
2178,1765396622.57056,2025-12-10T19:57:02.570592+00:00
2179,1765396622.593732,2025-12-10T19:57:02.593739+00:00
2180,1765396622.615561,2025-12-10T19:57:02.615569+00:00
2181,1765396622.6469219,2025-12-10T19:57:02.646930+00:00
2182,1765396622.667826,2025-12-10T19:57:02.667838+00:00
2183,1765396622.6905432,2025-12-10T19:57:02.690554+00:00
2184,1765396622.708748,2025-12-10T19:57:02.708756+00:00
2185,1765396622.7296472,2025-12-10T19:57:02.729652+00:00
2186,1765396622.7505229,2025-12-10T19:57:02.750530+00:00
2187,1765396622.770675,2025-12-10T19:57:02.770679+00:00
2188,1765396622.79041,2025-12-10T19:57:02.790418+00:00
2189,1765396622.807588,2025-12-10T19:57:02.807594+00:00
2190,1765396622.828516,2025-12-10T19:57:02.828525+00:00
2191,1765396622.848326,2025-12-10T19:57:02.848330+00:00
2192,1765396622.865601,2025-12-10T19:57:02.865608+00:00
2193,1765396622.883171,2025-12-10T19:57:02.883176+00:00
2194,1765396622.903003,2025-12-10T19:57:02.903007+00:00
2195,1765396622.923885,2025-12-10T19:57:02.923886+00:00
2196,1765396622.943016,2025-12-10T19:57:02.943018+00:00
2197,1765396622.963883,2025-12-10T19:57:02.963885+00:00
2198,1765396622.9808,2025-12-10T19:57:02.980805+00:00
2199,1765396623.0013492,2025-12-10T19:57:03.001349+00:00
2200,1765396623.0222132,2025-12-10T19:57:03.022223+00:00
2201,1765396623.042104,2025-12-10T19:57:03.042122+00:00
2202,1765396623.061791,2025-12-10T19:57:03.061794+00:00
2203,1765396623.0826712,2025-12-10T19:57:03.082677+00:00
2204,1765396623.100099,2025-12-10T19:57:03.100103+00:00
2205,1765396623.120991,2025-12-10T19:57:03.120996+00:00
2206,1765396623.141867,2025-12-10T19:57:03.141873+00:00
2207,1765396623.1627588,2025-12-10T19:57:03.162765+00:00
2208,1765396623.181479,2025-12-10T19:57:03.181485+00:00
2209,1765396623.20084,2025-12-10T19:57:03.200844+00:00
2210,1765396623.222493,2025-12-10T19:57:03.222503+00:00
2211,1765396623.239281,2025-12-10T19:57:03.239286+00:00
2212,1765396623.261166,2025-12-10T19:57:03.261171+00:00
2213,1765396623.281722,2025-12-10T19:57:03.281730+00:00
2214,1765396623.30026,2025-12-10T19:57:03.300263+00:00
2215,1765396623.320073,2025-12-10T19:57:03.320076+00:00
2216,1765396623.338381,2025-12-10T19:57:03.338386+00:00
2217,1765396623.358909,2025-12-10T19:57:03.358912+00:00
2218,1765396623.379773,2025-12-10T19:57:03.379775+00:00
2219,1765396623.398576,2025-12-10T19:57:03.398582+00:00
2220,1765396623.418559,2025-12-10T19:57:03.418561+00:00
2221,1765396623.439413,2025-12-10T19:57:03.439415+00:00
2222,1765396623.4602702,2025-12-10T19:57:03.460274+00:00
2223,1765396623.480316,2025-12-10T19:57:03.480320+00:00
2224,1765396623.501187,2025-12-10T19:57:03.501190+00:00
2225,1765396623.51794,2025-12-10T19:57:03.517941+00:00
2226,1765396623.5384011,2025-12-10T19:57:03.538409+00:00
2227,1765396623.555511,2025-12-10T19:57:03.555513+00:00
2228,1765396623.573339,2025-12-10T19:57:03.573345+00:00
2229,1765396623.5942242,2025-12-10T19:57:03.594226+00:00
2230,1765396623.613695,2025-12-10T19:57:03.613759+00:00
2231,1765396623.630712,2025-12-10T19:57:03.630718+00:00
2232,1765396623.651597,2025-12-10T19:57:03.651606+00:00
2233,1765396623.672508,2025-12-10T19:57:03.672514+00:00
2234,1765396623.693394,2025-12-10T19:57:03.693400+00:00
2235,1765396623.713866,2025-12-10T19:57:03.713874+00:00
2236,1765396623.734793,2025-12-10T19:57:03.734797+00:00
2237,1765396623.755531,2025-12-10T19:57:03.755533+00:00
2238,1765396623.776352,2025-12-10T19:57:03.776352+00:00
2239,1765396623.797179,2025-12-10T19:57:03.797182+00:00
2240,1765396623.8180501,2025-12-10T19:57:03.818054+00:00
2241,1765396623.838929,2025-12-10T19:57:03.838930+00:00
2242,1765396623.856925,2025-12-10T19:57:03.856933+00:00
2243,1765396623.8778381,2025-12-10T19:57:03.877841+00:00
2244,1765396623.897244,2025-12-10T19:57:03.897246+00:00
2245,1765396623.91521,2025-12-10T19:57:03.915233+00:00
2246,1765396623.936125,2025-12-10T19:57:03.936130+00:00
2247,1765396623.956993,2025-12-10T19:57:03.956994+00:00
2248,1765396623.977847,2025-12-10T19:57:03.977849+00:00
2249,1765396623.998733,2025-12-10T19:57:03.998737+00:00
2250,1765396624.0196018,2025-12-10T19:57:04.019602+00:00
2251,1765396624.04046,2025-12-10T19:57:04.040466+00:00
2252,1765396624.061249,2025-12-10T19:57:04.061259+00:00
2253,1765396624.0802581,2025-12-10T19:57:04.080263+00:00
2254,1765396624.097205,2025-12-10T19:57:04.097208+00:00
2255,1765396624.1180851,2025-12-10T19:57:04.118086+00:00
2256,1765396624.1388538,2025-12-10T19:57:04.138854+00:00
2257,1765396624.1597152,2025-12-10T19:57:04.159724+00:00
2258,1765396624.1794372,2025-12-10T19:57:04.179445+00:00
2259,1765396624.199318,2025-12-10T19:57:04.199321+00:00
2260,1765396624.220181,2025-12-10T19:57:04.220188+00:00
2261,1765396624.238911,2025-12-10T19:57:04.238913+00:00
2262,1765396624.2597609,2025-12-10T19:57:04.259762+00:00
2263,1765396624.280587,2025-12-10T19:57:04.280591+00:00
2264,1765396624.301476,2025-12-10T19:57:04.301480+00:00
2265,1765396624.322357,2025-12-10T19:57:04.322359+00:00
2266,1765396624.343211,2025-12-10T19:57:04.343214+00:00
2267,1765396624.3639228,2025-12-10T19:57:04.363926+00:00
2268,1765396624.380876,2025-12-10T19:57:04.380876+00:00
2269,1765396624.401731,2025-12-10T19:57:04.401734+00:00
2270,1765396624.420609,2025-12-10T19:57:04.420610+00:00
2271,1765396624.4401321,2025-12-10T19:57:04.440135+00:00
2272,1765396624.461007,2025-12-10T19:57:04.461007+00:00
2273,1765396624.479019,2025-12-10T19:57:04.479020+00:00
2274,1765396624.4972758,2025-12-10T19:57:04.497277+00:00
2275,1765396624.518143,2025-12-10T19:57:04.518145+00:00
2276,1765396624.539005,2025-12-10T19:57:04.539008+00:00
2277,1765396624.557285,2025-12-10T19:57:04.557294+00:00
2278,1765396624.578188,2025-12-10T19:57:04.578190+00:00
2279,1765396624.597276,2025-12-10T19:57:04.597289+00:00
2280,1765396624.6181371,2025-12-10T19:57:04.618139+00:00
2281,1765396624.638866,2025-12-10T19:57:04.638889+00:00
2282,1765396624.656467,2025-12-10T19:57:04.656477+00:00
2283,1765396624.67737,2025-12-10T19:57:04.677371+00:00
2284,1765396624.697192,2025-12-10T19:57:04.697193+00:00
2285,1765396624.718066,2025-12-10T19:57:04.718068+00:00
2286,1765396624.7375271,2025-12-10T19:57:04.737532+00:00
2287,1765396624.755905,2025-12-10T19:57:04.755909+00:00
2288,1765396624.7757068,2025-12-10T19:57:04.775709+00:00
2289,1765396624.7965708,2025-12-10T19:57:04.796576+00:00
2290,1765396624.817447,2025-12-10T19:57:04.817450+00:00
2291,1765396624.838305,2025-12-10T19:57:04.838306+00:00
2292,1765396624.859166,2025-12-10T19:57:04.859171+00:00
2293,1765396624.879074,2025-12-10T19:57:04.879076+00:00
2294,1765396624.8972049,2025-12-10T19:57:04.897209+00:00
2295,1765396624.91806,2025-12-10T19:57:04.918062+00:00
2296,1765396624.938626,2025-12-10T19:57:04.938628+00:00
2297,1765396624.956647,2025-12-10T19:57:04.956648+00:00
2298,1765396624.9775,2025-12-10T19:57:04.977502+00:00
2299,1765396624.99791,2025-12-10T19:57:04.997918+00:00
2300,1765396625.0163999,2025-12-10T19:57:05.016402+00:00
2301,1765396625.0349162,2025-12-10T19:57:05.034918+00:00
2302,1765396625.055261,2025-12-10T19:57:05.055267+00:00
2303,1765396625.07614,2025-12-10T19:57:05.076142+00:00
2304,1765396625.0970209,2025-12-10T19:57:05.097023+00:00
2305,1765396625.1162949,2025-12-10T19:57:05.116297+00:00
2306,1765396625.137166,2025-12-10T19:57:05.137168+00:00
2307,1765396625.155547,2025-12-10T19:57:05.155583+00:00
2308,1765396625.176459,2025-12-10T19:57:05.176487+00:00
2309,1765396625.197362,2025-12-10T19:57:05.197364+00:00
2310,1765396625.2182322,2025-12-10T19:57:05.218239+00:00
2311,1765396625.238932,2025-12-10T19:57:05.238941+00:00
2312,1765396625.259823,2025-12-10T19:57:05.259827+00:00
2313,1765396625.280697,2025-12-10T19:57:05.280698+00:00
2314,1765396625.301553,2025-12-10T19:57:05.301556+00:00
2315,1765396625.32242,2025-12-10T19:57:05.322420+00:00
2316,1765396625.342113,2025-12-10T19:57:05.342119+00:00
2317,1765396625.3627279,2025-12-10T19:57:05.362732+00:00
2318,1765396625.380543,2025-12-10T19:57:05.380543+00:00
2319,1765396625.401391,2025-12-10T19:57:05.401392+00:00
2320,1765396625.422365,2025-12-10T19:57:05.422367+00:00
2321,1765396625.443229,2025-12-10T19:57:05.443236+00:00
2322,1765396625.461642,2025-12-10T19:57:05.461645+00:00
2323,1765396625.480603,2025-12-10T19:57:05.480604+00:00
2324,1765396625.501458,2025-12-10T19:57:05.501461+00:00
2325,1765396625.5222871,2025-12-10T19:57:05.522292+00:00
2326,1765396625.540141,2025-12-10T19:57:05.540141+00:00
2327,1765396625.560993,2025-12-10T19:57:05.560997+00:00
2328,1765396625.580538,2025-12-10T19:57:05.580542+00:00
2329,1765396625.597276,2025-12-10T19:57:05.597280+00:00
2330,1765396625.618169,2025-12-10T19:57:05.618174+00:00
2331,1765396625.634979,2025-12-10T19:57:05.634983+00:00
2332,1765396625.655537,2025-12-10T19:57:05.655541+00:00
2333,1765396625.676403,2025-12-10T19:57:05.676404+00:00
2334,1765396625.693312,2025-12-10T19:57:05.693316+00:00
2335,1765396625.7139149,2025-12-10T19:57:05.713916+00:00
2336,1765396625.734283,2025-12-10T19:57:05.734287+00:00
2337,1765396625.755169,2025-12-10T19:57:05.755172+00:00
2338,1765396625.772204,2025-12-10T19:57:05.772207+00:00
2339,1765396625.793071,2025-12-10T19:57:05.793078+00:00
2340,1765396625.813793,2025-12-10T19:57:05.813796+00:00
2341,1765396625.832602,2025-12-10T19:57:05.832608+00:00
2342,1765396625.854444,2025-12-10T19:57:05.854450+00:00
2343,1765396625.875333,2025-12-10T19:57:05.875343+00:00
2344,1765396625.895788,2025-12-10T19:57:05.895802+00:00
2345,1765396625.9138691,2025-12-10T19:57:05.913872+00:00
2346,1765396625.932528,2025-12-10T19:57:05.932532+00:00
2347,1765396625.953412,2025-12-10T19:57:05.953415+00:00
2348,1765396625.970381,2025-12-10T19:57:05.970382+00:00
2349,1765396625.98894,2025-12-10T19:57:05.988941+00:00
2350,1765396626.009784,2025-12-10T19:57:06.009785+00:00
2351,1765396626.029699,2025-12-10T19:57:06.029703+00:00
2352,1765396626.0505931,2025-12-10T19:57:06.050598+00:00
2353,1765396626.071497,2025-12-10T19:57:06.071502+00:00
2354,1765396626.092135,2025-12-10T19:57:06.092141+00:00
2355,1765396626.11302,2025-12-10T19:57:06.113023+00:00
2356,1765396626.130592,2025-12-10T19:57:06.130594+00:00
2357,1765396626.151455,2025-12-10T19:57:06.151465+00:00
2358,1765396626.1688719,2025-12-10T19:57:06.168877+00:00
2359,1765396626.188919,2025-12-10T19:57:06.188925+00:00
2360,1765396626.209835,2025-12-10T19:57:06.209839+00:00
2361,1765396626.230708,2025-12-10T19:57:06.230710+00:00
2362,1765396626.251565,2025-12-10T19:57:06.251566+00:00
2363,1765396626.269811,2025-12-10T19:57:06.269814+00:00
2364,1765396626.2906811,2025-12-10T19:57:06.290682+00:00
2365,1765396626.311219,2025-12-10T19:57:06.311227+00:00
2366,1765396626.3297548,2025-12-10T19:57:06.329759+00:00
2367,1765396626.3501198,2025-12-10T19:57:06.350133+00:00
2368,1765396626.371059,2025-12-10T19:57:06.371061+00:00
2369,1765396626.3888829,2025-12-10T19:57:06.388886+00:00
2370,1765396626.409761,2025-12-10T19:57:06.409765+00:00
2371,1765396626.4306061,2025-12-10T19:57:06.430613+00:00
2372,1765396626.448155,2025-12-10T19:57:06.448159+00:00
2373,1765396626.467357,2025-12-10T19:57:06.467360+00:00
2374,1765396626.487264,2025-12-10T19:57:06.487269+00:00
2375,1765396626.50815,2025-12-10T19:57:06.508152+00:00
2376,1765396626.5282052,2025-12-10T19:57:06.528207+00:00
2377,1765396626.547559,2025-12-10T19:57:06.547560+00:00
2378,1765396626.568415,2025-12-10T19:57:06.568419+00:00
2379,1765396626.5892742,2025-12-10T19:57:06.589290+00:00
2380,1765396626.61006,2025-12-10T19:57:06.610065+00:00
2381,1765396626.630555,2025-12-10T19:57:06.630558+00:00
2382,1765396626.6507661,2025-12-10T19:57:06.650771+00:00
2383,1765396626.668927,2025-12-10T19:57:06.668936+00:00
2384,1765396626.6879501,2025-12-10T19:57:06.687953+00:00
2385,1765396626.7055528,2025-12-10T19:57:06.705571+00:00
2386,1765396626.726448,2025-12-10T19:57:06.726464+00:00
2387,1765396626.747217,2025-12-10T19:57:06.747225+00:00
2388,1765396626.7669902,2025-12-10T19:57:06.766999+00:00
2389,1765396626.786245,2025-12-10T19:57:06.786249+00:00
2390,1765396626.807128,2025-12-10T19:57:06.807136+00:00
2391,1765396626.8280299,2025-12-10T19:57:06.828033+00:00
2392,1765396626.848917,2025-12-10T19:57:06.848939+00:00
2393,1765396626.869819,2025-12-10T19:57:06.869822+00:00
2394,1765396626.89068,2025-12-10T19:57:06.890683+00:00
2395,1765396626.911555,2025-12-10T19:57:06.911560+00:00
2396,1765396626.93245,2025-12-10T19:57:06.932452+00:00
2397,1765396626.953322,2025-12-10T19:57:06.953329+00:00
2398,1765396626.9715672,2025-12-10T19:57:06.971571+00:00
2399,1765396626.98892,2025-12-10T19:57:06.988924+00:00
2400,1765396627.006818,2025-12-10T19:57:07.006821+00:00
2401,1765396627.0271208,2025-12-10T19:57:07.027128+00:00
2402,1765396627.046679,2025-12-10T19:57:07.046711+00:00
2403,1765396627.067627,2025-12-10T19:57:07.067639+00:00
2404,1765396627.087438,2025-12-10T19:57:07.087449+00:00
2405,1765396627.106493,2025-12-10T19:57:07.106498+00:00
2406,1765396627.125599,2025-12-10T19:57:07.125603+00:00
2407,1765396627.146476,2025-12-10T19:57:07.146485+00:00
2408,1765396627.163879,2025-12-10T19:57:07.163889+00:00
2409,1765396627.181163,2025-12-10T19:57:07.181167+00:00
2410,1765396627.2020411,2025-12-10T19:57:07.202050+00:00
2411,1765396627.218816,2025-12-10T19:57:07.218818+00:00
2412,1765396627.238888,2025-12-10T19:57:07.238893+00:00
2413,1765396627.2597601,2025-12-10T19:57:07.259764+00:00
2414,1765396627.2805882,2025-12-10T19:57:07.280592+00:00
2415,1765396627.3014982,2025-12-10T19:57:07.301505+00:00
2416,1765396627.322212,2025-12-10T19:57:07.322216+00:00
2417,1765396627.339725,2025-12-10T19:57:07.339734+00:00
2418,1765396627.360648,2025-12-10T19:57:07.360659+00:00
2419,1765396627.380587,2025-12-10T19:57:07.380591+00:00
2420,1765396627.401076,2025-12-10T19:57:07.401083+00:00
2421,1765396627.421993,2025-12-10T19:57:07.422000+00:00
2422,1765396627.439191,2025-12-10T19:57:07.439204+00:00
2423,1765396627.4601312,2025-12-10T19:57:07.460139+00:00
2424,1765396627.481028,2025-12-10T19:57:07.481033+00:00
2425,1765396627.498373,2025-12-10T19:57:07.498380+00:00
2426,1765396627.5192802,2025-12-10T19:57:07.519282+00:00
2427,1765396627.540328,2025-12-10T19:57:07.540332+00:00
2428,1765396627.5572639,2025-12-10T19:57:07.557268+00:00
2429,1765396627.578144,2025-12-10T19:57:07.578149+00:00
2430,1765396627.5990348,2025-12-10T19:57:07.599041+00:00
2431,1765396627.6176288,2025-12-10T19:57:07.617633+00:00
2432,1765396627.638495,2025-12-10T19:57:07.638499+00:00
2433,1765396627.6556642,2025-12-10T19:57:07.655679+00:00
2434,1765396627.676598,2025-12-10T19:57:07.676606+00:00
2435,1765396627.697217,2025-12-10T19:57:07.697223+00:00
2436,1765396627.7139368,2025-12-10T19:57:07.713938+00:00
2437,1765396627.7348092,2025-12-10T19:57:07.734811+00:00
2438,1765396627.7555661,2025-12-10T19:57:07.755572+00:00
2439,1765396627.7764769,2025-12-10T19:57:07.776484+00:00
2440,1765396627.793788,2025-12-10T19:57:07.793799+00:00
2441,1765396627.813746,2025-12-10T19:57:07.813749+00:00
2442,1765396627.8305678,2025-12-10T19:57:07.830593+00:00
2443,1765396627.8486772,2025-12-10T19:57:07.848682+00:00
2444,1765396627.867588,2025-12-10T19:57:07.867597+00:00
2445,1765396627.8885329,2025-12-10T19:57:07.888542+00:00
2446,1765396627.908802,2025-12-10T19:57:07.908808+00:00
2447,1765396627.929694,2025-12-10T19:57:07.929698+00:00
2448,1765396627.9471629,2025-12-10T19:57:07.947167+00:00
2449,1765396627.9680371,2025-12-10T19:57:07.968041+00:00
2450,1765396627.988904,2025-12-10T19:57:07.988909+00:00
2451,1765396628.013185,2025-12-10T19:57:08.013195+00:00
2452,1765396628.0630882,2025-12-10T19:57:08.063096+00:00
2453,1765396628.086347,2025-12-10T19:57:08.086355+00:00
2454,1765396628.107235,2025-12-10T19:57:08.107239+00:00
2455,1765396628.1281002,2025-12-10T19:57:08.128105+00:00
2456,1765396628.149002,2025-12-10T19:57:08.149010+00:00
2457,1765396628.169899,2025-12-10T19:57:08.169899+00:00
2458,1765396628.190753,2025-12-10T19:57:08.190757+00:00
2459,1765396628.2087,2025-12-10T19:57:08.208704+00:00
2460,1765396628.229571,2025-12-10T19:57:08.229577+00:00
2461,1765396628.24826,2025-12-10T19:57:08.248272+00:00
2462,1765396628.269164,2025-12-10T19:57:08.269165+00:00
2463,1765396628.2885902,2025-12-10T19:57:08.288595+00:00
2464,1765396628.309778,2025-12-10T19:57:08.309779+00:00
2465,1765396628.3306298,2025-12-10T19:57:08.330636+00:00
2466,1765396628.351667,2025-12-10T19:57:08.351669+00:00
2467,1765396628.3725178,2025-12-10T19:57:08.372520+00:00
2468,1765396628.393381,2025-12-10T19:57:08.393386+00:00
2469,1765396628.4142752,2025-12-10T19:57:08.414277+00:00
2470,1765396628.432418,2025-12-10T19:57:08.432419+00:00
2471,1765396628.450237,2025-12-10T19:57:08.450241+00:00
2472,1765396628.471115,2025-12-10T19:57:08.471117+00:00
2473,1765396628.490417,2025-12-10T19:57:08.490425+00:00
2474,1765396628.510904,2025-12-10T19:57:08.510906+00:00
2475,1765396628.5306509,2025-12-10T19:57:08.530654+00:00
2476,1765396628.551523,2025-12-10T19:57:08.551531+00:00
2477,1765396628.5699131,2025-12-10T19:57:08.569913+00:00
2478,1765396628.5890071,2025-12-10T19:57:08.589015+00:00
2479,1765396628.609937,2025-12-10T19:57:08.609947+00:00
2480,1765396628.63062,2025-12-10T19:57:08.630629+00:00
2481,1765396628.65103,2025-12-10T19:57:08.651032+00:00
2482,1765396628.669697,2025-12-10T19:57:08.669700+00:00
2483,1765396628.688994,2025-12-10T19:57:08.688996+00:00
2484,1765396628.709855,2025-12-10T19:57:08.709859+00:00
2485,1765396628.728748,2025-12-10T19:57:08.728750+00:00
2486,1765396628.747238,2025-12-10T19:57:08.747243+00:00
2487,1765396628.766572,2025-12-10T19:57:08.766574+00:00
2488,1765396628.787433,2025-12-10T19:57:08.787434+00:00
2489,1765396628.805693,2025-12-10T19:57:08.805698+00:00
2490,1765396628.826577,2025-12-10T19:57:08.826578+00:00
2491,1765396628.8474271,2025-12-10T19:57:08.847428+00:00
2492,1765396628.868374,2025-12-10T19:57:08.868376+00:00
2493,1765396628.889224,2025-12-10T19:57:08.889225+00:00
2494,1765396628.910084,2025-12-10T19:57:08.910086+00:00
2495,1765396628.930944,2025-12-10T19:57:08.930946+00:00
2496,1765396628.951801,2025-12-10T19:57:08.951803+00:00
2497,1765396628.972652,2025-12-10T19:57:08.972654+00:00
2498,1765396628.993512,2025-12-10T19:57:08.993518+00:00
2499,1765396629.014386,2025-12-10T19:57:09.014387+00:00
2500,1765396629.035254,2025-12-10T19:57:09.035260+00:00
2501,1765396629.0540428,2025-12-10T19:57:09.054050+00:00
2502,1765396629.072186,2025-12-10T19:57:09.072194+00:00
2503,1765396629.091873,2025-12-10T19:57:09.091883+00:00
2504,1765396629.112787,2025-12-10T19:57:09.112791+00:00
2505,1765396629.1305652,2025-12-10T19:57:09.130571+00:00
2506,1765396629.1473548,2025-12-10T19:57:09.147356+00:00
2507,1765396629.168213,2025-12-10T19:57:09.168216+00:00
2508,1765396629.187464,2025-12-10T19:57:09.187465+00:00
2509,1765396629.207524,2025-12-10T19:57:09.207532+00:00
2510,1765396629.2278621,2025-12-10T19:57:09.227865+00:00
2511,1765396629.2471838,2025-12-10T19:57:09.247188+00:00
2512,1765396629.2667341,2025-12-10T19:57:09.266737+00:00
2513,1765396629.287603,2025-12-10T19:57:09.287604+00:00
2514,1765396629.308458,2025-12-10T19:57:09.308460+00:00
2515,1765396629.329317,2025-12-10T19:57:09.329318+00:00
2516,1765396629.346709,2025-12-10T19:57:09.346711+00:00
2517,1765396629.365313,2025-12-10T19:57:09.365316+00:00
2518,1765396629.386183,2025-12-10T19:57:09.386184+00:00
2519,1765396629.4065301,2025-12-10T19:57:09.406532+00:00
2520,1765396629.42331,2025-12-10T19:57:09.423311+00:00
2521,1765396629.444173,2025-12-10T19:57:09.444180+00:00
2522,1765396629.4614248,2025-12-10T19:57:09.461428+00:00
2523,1765396629.4822981,2025-12-10T19:57:09.482303+00:00
2524,1765396629.502075,2025-12-10T19:57:09.502078+00:00
2525,1765396629.5229492,2025-12-10T19:57:09.522951+00:00
2526,1765396629.5438159,2025-12-10T19:57:09.543823+00:00
2527,1765396629.562625,2025-12-10T19:57:09.562626+00:00
2528,1765396629.581724,2025-12-10T19:57:09.581732+00:00
2529,1765396629.601014,2025-12-10T19:57:09.601026+00:00
2530,1765396629.621941,2025-12-10T19:57:09.621948+00:00
2531,1765396629.63904,2025-12-10T19:57:09.639045+00:00
2532,1765396629.659911,2025-12-10T19:57:09.659914+00:00
2533,1765396629.680712,2025-12-10T19:57:09.680713+00:00
2534,1765396629.7015748,2025-12-10T19:57:09.701579+00:00
2535,1765396629.722445,2025-12-10T19:57:09.722445+00:00
2536,1765396629.743299,2025-12-10T19:57:09.743301+00:00
2537,1765396629.764168,2025-12-10T19:57:09.764172+00:00
2538,1765396629.785069,2025-12-10T19:57:09.785077+00:00
2539,1765396629.8039029,2025-12-10T19:57:09.803906+00:00
2540,1765396629.822412,2025-12-10T19:57:09.822418+00:00
2541,1765396629.841254,2025-12-10T19:57:09.841258+00:00
2542,1765396629.862147,2025-12-10T19:57:09.862155+00:00
2543,1765396629.8794491,2025-12-10T19:57:09.879452+00:00
2544,1765396629.8974469,2025-12-10T19:57:09.897449+00:00
2545,1765396629.91831,2025-12-10T19:57:09.918312+00:00
2546,1765396629.939181,2025-12-10T19:57:09.939186+00:00
2547,1765396629.956086,2025-12-10T19:57:09.956090+00:00
2548,1765396629.973422,2025-12-10T19:57:09.973428+00:00
2549,1765396629.994327,2025-12-10T19:57:09.994333+00:00
2550,1765396630.013613,2025-12-10T19:57:10.013620+00:00
2551,1765396630.034505,2025-12-10T19:57:10.034509+00:00
2552,1765396630.05539,2025-12-10T19:57:10.055395+00:00
2553,1765396630.07627,2025-12-10T19:57:10.076272+00:00
2554,1765396630.0971332,2025-12-10T19:57:10.097143+00:00
2555,1765396630.1179972,2025-12-10T19:57:10.117999+00:00
2556,1765396630.1366348,2025-12-10T19:57:10.136641+00:00
2557,1765396630.1565719,2025-12-10T19:57:10.156574+00:00
2558,1765396630.177428,2025-12-10T19:57:10.177431+00:00
2559,1765396630.198187,2025-12-10T19:57:10.198192+00:00
2560,1765396630.21858,2025-12-10T19:57:10.218584+00:00
2561,1765396630.2390761,2025-12-10T19:57:10.239078+00:00
2562,1765396630.259944,2025-12-10T19:57:10.259952+00:00
2563,1765396630.280051,2025-12-10T19:57:10.280055+00:00
2564,1765396630.297419,2025-12-10T19:57:10.297425+00:00
2565,1765396630.3173969,2025-12-10T19:57:10.317399+00:00
2566,1765396630.338254,2025-12-10T19:57:10.338256+00:00
2567,1765396630.359112,2025-12-10T19:57:10.359114+00:00
2568,1765396630.376858,2025-12-10T19:57:10.376861+00:00
2569,1765396630.397724,2025-12-10T19:57:10.397725+00:00
2570,1765396630.4185758,2025-12-10T19:57:10.418581+00:00
2571,1765396630.4362419,2025-12-10T19:57:10.436243+00:00
2572,1765396630.4571059,2025-12-10T19:57:10.457107+00:00
2573,1765396630.477965,2025-12-10T19:57:10.477970+00:00
2574,1765396630.4984949,2025-12-10T19:57:10.498497+00:00
2575,1765396630.517893,2025-12-10T19:57:10.517895+00:00
2576,1765396630.535116,2025-12-10T19:57:10.535116+00:00
2577,1765396630.555962,2025-12-10T19:57:10.555966+00:00
2578,1765396630.5768409,2025-12-10T19:57:10.576846+00:00
2579,1765396630.5957189,2025-12-10T19:57:10.595722+00:00
2580,1765396630.613923,2025-12-10T19:57:10.613926+00:00
2581,1765396630.634797,2025-12-10T19:57:10.634802+00:00
2582,1765396630.654624,2025-12-10T19:57:10.654627+00:00
2583,1765396630.67561,2025-12-10T19:57:10.675616+00:00
2584,1765396630.692993,2025-12-10T19:57:10.692996+00:00
2585,1765396630.713633,2025-12-10T19:57:10.713638+00:00
2586,1765396630.730736,2025-12-10T19:57:10.730737+00:00
2587,1765396630.751594,2025-12-10T19:57:10.751595+00:00
2588,1765396630.772469,2025-12-10T19:57:10.772482+00:00
2589,1765396630.793335,2025-12-10T19:57:10.793337+00:00
2590,1765396630.812556,2025-12-10T19:57:10.812556+00:00
2591,1765396630.830009,2025-12-10T19:57:10.830012+00:00
2592,1765396630.847431,2025-12-10T19:57:10.847433+00:00
2593,1765396630.8683178,2025-12-10T19:57:10.868320+00:00
2594,1765396630.889185,2025-12-10T19:57:10.889186+00:00
2595,1765396630.910047,2025-12-10T19:57:10.910050+00:00
2596,1765396630.930766,2025-12-10T19:57:10.930767+00:00
2597,1765396630.947504,2025-12-10T19:57:10.947533+00:00
2598,1765396630.966377,2025-12-10T19:57:10.966381+00:00
2599,1765396630.987263,2025-12-10T19:57:10.987265+00:00
2600,1765396631.005755,2025-12-10T19:57:11.005757+00:00
2601,1765396631.026618,2025-12-10T19:57:11.026620+00:00
2602,1765396631.04748,2025-12-10T19:57:11.047481+00:00
2603,1765396631.068352,2025-12-10T19:57:11.068353+00:00
2604,1765396631.0891361,2025-12-10T19:57:11.089138+00:00
2605,1765396631.110133,2025-12-10T19:57:11.110137+00:00
2606,1765396631.130594,2025-12-10T19:57:11.130599+00:00
2607,1765396631.150798,2025-12-10T19:57:11.150802+00:00
2608,1765396631.171558,2025-12-10T19:57:11.171563+00:00
2609,1765396631.191455,2025-12-10T19:57:11.191456+00:00
2610,1765396631.211361,2025-12-10T19:57:11.211362+00:00
2611,1765396631.2306502,2025-12-10T19:57:11.230652+00:00
2612,1765396631.2515142,2025-12-10T19:57:11.251515+00:00
2613,1765396631.2723799,2025-12-10T19:57:11.272395+00:00
2614,1765396631.29328,2025-12-10T19:57:11.293283+00:00
2615,1765396631.314147,2025-12-10T19:57:11.314148+00:00
2616,1765396631.335001,2025-12-10T19:57:11.335007+00:00
2617,1765396631.3521159,2025-12-10T19:57:11.352121+00:00
2618,1765396631.372997,2025-12-10T19:57:11.372998+00:00
2619,1765396631.393861,2025-12-10T19:57:11.393869+00:00
2620,1765396631.413915,2025-12-10T19:57:11.413918+00:00
2621,1765396631.43479,2025-12-10T19:57:11.434796+00:00
2622,1765396631.453367,2025-12-10T19:57:11.453372+00:00
2623,1765396631.47424,2025-12-10T19:57:11.474243+00:00
2624,1765396631.495114,2025-12-10T19:57:11.495115+00:00
2625,1765396631.514119,2025-12-10T19:57:11.514122+00:00
2626,1765396631.532771,2025-12-10T19:57:11.532775+00:00
2627,1765396631.5520241,2025-12-10T19:57:11.552026+00:00
2628,1765396631.572887,2025-12-10T19:57:11.572888+00:00
2629,1765396631.593746,2025-12-10T19:57:11.593750+00:00
2630,1765396631.612347,2025-12-10T19:57:11.612358+00:00
2631,1765396631.6308212,2025-12-10T19:57:11.630837+00:00
2632,1765396631.651747,2025-12-10T19:57:11.651756+00:00
2633,1765396631.6721458,2025-12-10T19:57:11.672150+00:00
2634,1765396631.689085,2025-12-10T19:57:11.689090+00:00
2635,1765396631.7099578,2025-12-10T19:57:11.709961+00:00
2636,1765396631.730604,2025-12-10T19:57:11.730616+00:00
2637,1765396631.750127,2025-12-10T19:57:11.750132+00:00
2638,1765396631.76991,2025-12-10T19:57:11.769917+00:00
2639,1765396631.7908008,2025-12-10T19:57:11.790804+00:00
2640,1765396631.811659,2025-12-10T19:57:11.811663+00:00
2641,1765396631.832192,2025-12-10T19:57:11.832196+00:00
2642,1765396631.852034,2025-12-10T19:57:11.852037+00:00
2643,1765396631.872458,2025-12-10T19:57:11.872460+00:00
2644,1765396631.893315,2025-12-10T19:57:11.893319+00:00
2645,1765396631.911662,2025-12-10T19:57:11.911665+00:00
2646,1765396631.9325461,2025-12-10T19:57:11.932558+00:00
2647,1765396631.950824,2025-12-10T19:57:11.950829+00:00
2648,1765396631.9711308,2025-12-10T19:57:11.971132+00:00
2649,1765396631.989005,2025-12-10T19:57:11.989008+00:00
2650,1765396632.0098822,2025-12-10T19:57:12.009884+00:00
2651,1765396632.030935,2025-12-10T19:57:12.030941+00:00
2652,1765396632.050657,2025-12-10T19:57:12.050665+00:00
2653,1765396632.071578,2025-12-10T19:57:12.071583+00:00
2654,1765396632.090066,2025-12-10T19:57:12.090072+00:00
2655,1765396632.11098,2025-12-10T19:57:12.110997+00:00
2656,1765396632.131893,2025-12-10T19:57:12.131897+00:00
2657,1765396632.151996,2025-12-10T19:57:12.152001+00:00
2658,1765396632.172894,2025-12-10T19:57:12.172899+00:00
2659,1765396632.193977,2025-12-10T19:57:12.193979+00:00
2660,1765396632.214842,2025-12-10T19:57:12.214845+00:00
2661,1765396632.23571,2025-12-10T19:57:12.235710+00:00
2662,1765396632.2556071,2025-12-10T19:57:12.255612+00:00
2663,1765396632.274951,2025-12-10T19:57:12.274953+00:00
2664,1765396632.295809,2025-12-10T19:57:12.295811+00:00
2665,1765396632.316662,2025-12-10T19:57:12.316666+00:00
2666,1765396632.337534,2025-12-10T19:57:12.337536+00:00
2667,1765396632.3556921,2025-12-10T19:57:12.355696+00:00
2668,1765396632.376575,2025-12-10T19:57:12.376578+00:00
2669,1765396632.3972201,2025-12-10T19:57:12.397220+00:00
2670,1765396632.41411,2025-12-10T19:57:12.414113+00:00
2671,1765396632.433337,2025-12-10T19:57:12.433337+00:00
2672,1765396632.4541981,2025-12-10T19:57:12.454207+00:00
2673,1765396632.4724622,2025-12-10T19:57:12.472465+00:00
2674,1765396632.4933262,2025-12-10T19:57:12.493329+00:00
2675,1765396632.514037,2025-12-10T19:57:12.514042+00:00
2676,1765396632.5312388,2025-12-10T19:57:12.531246+00:00
2677,1765396632.548129,2025-12-10T19:57:12.548133+00:00
2678,1765396632.567605,2025-12-10T19:57:12.567614+00:00
2679,1765396632.588516,2025-12-10T19:57:12.588520+00:00
2680,1765396632.607133,2025-12-10T19:57:12.607135+00:00
2681,1765396632.6264808,2025-12-10T19:57:12.626485+00:00
2682,1765396632.647383,2025-12-10T19:57:12.647387+00:00
2683,1765396632.668274,2025-12-10T19:57:12.668276+00:00
2684,1765396632.6891341,2025-12-10T19:57:12.689138+00:00
2685,1765396632.70642,2025-12-10T19:57:12.706421+00:00
2686,1765396632.7265,2025-12-10T19:57:12.726505+00:00
2687,1765396632.744174,2025-12-10T19:57:12.744176+00:00
2688,1765396632.7641878,2025-12-10T19:57:12.764190+00:00
2689,1765396632.785048,2025-12-10T19:57:12.785050+00:00
2690,1765396632.805919,2025-12-10T19:57:12.805925+00:00
2691,1765396632.826025,2025-12-10T19:57:12.826027+00:00
2692,1765396632.843978,2025-12-10T19:57:12.843984+00:00
2693,1765396632.863771,2025-12-10T19:57:12.863783+00:00
2694,1765396632.884664,2025-12-10T19:57:12.884665+00:00
2695,1765396632.902373,2025-12-10T19:57:12.902376+00:00
2696,1765396632.9224021,2025-12-10T19:57:12.922403+00:00
2697,1765396632.943268,2025-12-10T19:57:12.943275+00:00
2698,1765396632.961206,2025-12-10T19:57:12.961211+00:00
2699,1765396632.981005,2025-12-10T19:57:12.981131+00:00
2700,1765396633.002593,2025-12-10T19:57:13.002596+00:00
2701,1765396633.022434,2025-12-10T19:57:13.022442+00:00
2702,1765396633.0433311,2025-12-10T19:57:13.043336+00:00
2703,1765396633.0620532,2025-12-10T19:57:13.062058+00:00
2704,1765396633.080768,2025-12-10T19:57:13.080794+00:00
2705,1765396633.101355,2025-12-10T19:57:13.101357+00:00
2706,1765396633.122208,2025-12-10T19:57:13.122211+00:00
2707,1765396633.143067,2025-12-10T19:57:13.143069+00:00
2708,1765396633.1597812,2025-12-10T19:57:13.159786+00:00
2709,1765396633.18067,2025-12-10T19:57:13.180671+00:00
2710,1765396633.2010949,2025-12-10T19:57:13.201128+00:00
2711,1765396633.220695,2025-12-10T19:57:13.220699+00:00
2712,1765396633.241322,2025-12-10T19:57:13.241328+00:00
2713,1765396633.259785,2025-12-10T19:57:13.259789+00:00
2714,1765396633.277549,2025-12-10T19:57:13.277553+00:00
2715,1765396633.297293,2025-12-10T19:57:13.297301+00:00
2716,1765396633.3174489,2025-12-10T19:57:13.317454+00:00
2717,1765396633.338356,2025-12-10T19:57:13.338357+00:00
2718,1765396633.359488,2025-12-10T19:57:13.359492+00:00
2719,1765396633.3788538,2025-12-10T19:57:13.378858+00:00
2720,1765396633.3967738,2025-12-10T19:57:13.396790+00:00
2721,1765396633.417404,2025-12-10T19:57:13.417418+00:00
2722,1765396633.437346,2025-12-10T19:57:13.437352+00:00
2723,1765396633.457963,2025-12-10T19:57:13.457973+00:00
2724,1765396633.477633,2025-12-10T19:57:13.477643+00:00
2725,1765396633.4955132,2025-12-10T19:57:13.495517+00:00
2726,1765396633.5163908,2025-12-10T19:57:13.516392+00:00
2727,1765396633.5332549,2025-12-10T19:57:13.533264+00:00
2728,1765396633.552282,2025-12-10T19:57:13.552286+00:00
2729,1765396633.573164,2025-12-10T19:57:13.573170+00:00
2730,1765396633.594053,2025-12-10T19:57:13.594058+00:00
2731,1765396633.611186,2025-12-10T19:57:13.611214+00:00
2732,1765396633.6307259,2025-12-10T19:57:13.630732+00:00
2733,1765396633.649309,2025-12-10T19:57:13.649315+00:00
2734,1765396633.670212,2025-12-10T19:57:13.670218+00:00
2735,1765396633.6878011,2025-12-10T19:57:13.687804+00:00
2736,1765396633.7086878,2025-12-10T19:57:13.708689+00:00
2737,1765396633.726238,2025-12-10T19:57:13.726239+00:00
2738,1765396633.743169,2025-12-10T19:57:13.743174+00:00
2739,1765396633.763474,2025-12-10T19:57:13.763477+00:00
2740,1765396633.7843451,2025-12-10T19:57:13.784346+00:00
2741,1765396633.8052108,2025-12-10T19:57:13.805217+00:00
2742,1765396633.82335,2025-12-10T19:57:13.823354+00:00
2743,1765396633.842248,2025-12-10T19:57:13.842249+00:00
2744,1765396633.860852,2025-12-10T19:57:13.860853+00:00
2745,1765396633.878494,2025-12-10T19:57:13.878495+00:00
2746,1765396633.896886,2025-12-10T19:57:13.896887+00:00
2747,1765396633.917263,2025-12-10T19:57:13.917265+00:00
2748,1765396633.938118,2025-12-10T19:57:13.938119+00:00
2749,1765396633.958984,2025-12-10T19:57:13.958991+00:00
2750,1765396633.979114,2025-12-10T19:57:13.979118+00:00
2751,1765396633.998986,2025-12-10T19:57:13.998991+00:00
2752,1765396634.021394,2025-12-10T19:57:14.021395+00:00
2753,1765396634.0415082,2025-12-10T19:57:14.041515+00:00
2754,1765396634.058953,2025-12-10T19:57:14.058954+00:00
2755,1765396634.078913,2025-12-10T19:57:14.078918+00:00
2756,1765396634.0967119,2025-12-10T19:57:14.096714+00:00
2757,1765396634.1163678,2025-12-10T19:57:14.116371+00:00
2758,1765396634.134505,2025-12-10T19:57:14.134508+00:00
2759,1765396634.15143,2025-12-10T19:57:14.151434+00:00
2760,1765396634.172313,2025-12-10T19:57:14.172316+00:00
2761,1765396634.1899772,2025-12-10T19:57:14.189981+00:00
2762,1765396634.210859,2025-12-10T19:57:14.210863+00:00
2763,1765396634.231745,2025-12-10T19:57:14.231748+00:00
2764,1765396634.252626,2025-12-10T19:57:14.252630+00:00
2765,1765396634.269515,2025-12-10T19:57:14.269517+00:00
2766,1765396634.290312,2025-12-10T19:57:14.290314+00:00
2767,1765396634.31031,2025-12-10T19:57:14.310313+00:00
2768,1765396634.33118,2025-12-10T19:57:14.331182+00:00
2769,1765396634.3520482,2025-12-10T19:57:14.352054+00:00
2770,1765396634.372654,2025-12-10T19:57:14.372657+00:00
2771,1765396634.3928,2025-12-10T19:57:14.392804+00:00
2772,1765396634.413682,2025-12-10T19:57:14.413685+00:00
2773,1765396634.434561,2025-12-10T19:57:14.434567+00:00
2774,1765396634.454251,2025-12-10T19:57:14.454255+00:00
2775,1765396634.4751182,2025-12-10T19:57:14.475119+00:00
2776,1765396634.4931011,2025-12-10T19:57:14.493104+00:00
2777,1765396634.50999,2025-12-10T19:57:14.509996+00:00
2778,1765396634.530878,2025-12-10T19:57:14.530880+00:00
2779,1765396634.55175,2025-12-10T19:57:14.551753+00:00
2780,1765396634.572615,2025-12-10T19:57:14.572616+00:00
2781,1765396634.593547,2025-12-10T19:57:14.593547+00:00
2782,1765396634.614403,2025-12-10T19:57:14.614405+00:00
2783,1765396634.631393,2025-12-10T19:57:14.631397+00:00
2784,1765396634.652266,2025-12-10T19:57:14.652270+00:00
2785,1765396634.670563,2025-12-10T19:57:14.670565+00:00
2786,1765396634.691422,2025-12-10T19:57:14.691424+00:00
2787,1765396634.712287,2025-12-10T19:57:14.712289+00:00
2788,1765396634.73314,2025-12-10T19:57:14.733141+00:00
2789,1765396634.752021,2025-12-10T19:57:14.752022+00:00
2790,1765396634.769407,2025-12-10T19:57:14.769408+00:00
2791,1765396634.7898612,2025-12-10T19:57:14.789862+00:00
2792,1765396634.810716,2025-12-10T19:57:14.810719+00:00
2793,1765396634.827915,2025-12-10T19:57:14.827917+00:00
2794,1765396634.848789,2025-12-10T19:57:14.848792+00:00
2795,1765396634.868076,2025-12-10T19:57:14.868086+00:00
2796,1765396634.8889549,2025-12-10T19:57:14.888958+00:00
2797,1765396634.909735,2025-12-10T19:57:14.909738+00:00
2798,1765396634.930588,2025-12-10T19:57:14.930589+00:00
2799,1765396634.951442,2025-12-10T19:57:14.951449+00:00
2800,1765396634.9695349,2025-12-10T19:57:14.969537+00:00
2801,1765396634.9904,2025-12-10T19:57:14.990405+00:00
2802,1765396635.011294,2025-12-10T19:57:15.011298+00:00
2803,1765396635.0321548,2025-12-10T19:57:15.032155+00:00
2804,1765396635.0514429,2025-12-10T19:57:15.051446+00:00
2805,1765396635.0695481,2025-12-10T19:57:15.069550+00:00
2806,1765396635.0872672,2025-12-10T19:57:15.087272+00:00
2807,1765396635.108168,2025-12-10T19:57:15.108169+00:00
2808,1765396635.12902,2025-12-10T19:57:15.129025+00:00
2809,1765396635.1499069,2025-12-10T19:57:15.149915+00:00
2810,1765396635.170816,2025-12-10T19:57:15.170823+00:00
2811,1765396635.190183,2025-12-10T19:57:15.190186+00:00
2812,1765396635.2097762,2025-12-10T19:57:15.209781+00:00
2813,1765396635.2272089,2025-12-10T19:57:15.227212+00:00
2814,1765396635.248093,2025-12-10T19:57:15.248095+00:00
2815,1765396635.268118,2025-12-10T19:57:15.268118+00:00
2816,1765396635.288276,2025-12-10T19:57:15.288279+00:00
2817,1765396635.309185,2025-12-10T19:57:15.309186+00:00
2818,1765396635.326529,2025-12-10T19:57:15.326532+00:00
2819,1765396635.347397,2025-12-10T19:57:15.347398+00:00
2820,1765396635.368261,2025-12-10T19:57:15.368268+00:00
2821,1765396635.388344,2025-12-10T19:57:15.388346+00:00
2822,1765396635.4092019,2025-12-10T19:57:15.409202+00:00
2823,1765396635.430054,2025-12-10T19:57:15.430060+00:00
2824,1765396635.447839,2025-12-10T19:57:15.447840+00:00
2825,1765396635.468698,2025-12-10T19:57:15.468700+00:00
2826,1765396635.4895701,2025-12-10T19:57:15.489572+00:00
2827,1765396635.5065951,2025-12-10T19:57:15.506604+00:00
2828,1765396635.524371,2025-12-10T19:57:15.524377+00:00
2829,1765396635.543993,2025-12-10T19:57:15.543994+00:00
2830,1765396635.56165,2025-12-10T19:57:15.561652+00:00
2831,1765396635.582515,2025-12-10T19:57:15.582517+00:00
2832,1765396635.601591,2025-12-10T19:57:15.601594+00:00
2833,1765396635.618411,2025-12-10T19:57:15.618412+00:00
2834,1765396635.6392589,2025-12-10T19:57:15.639262+00:00
2835,1765396635.6601138,2025-12-10T19:57:15.660115+00:00
2836,1765396635.677244,2025-12-10T19:57:15.677246+00:00
2837,1765396635.695735,2025-12-10T19:57:15.695739+00:00
2838,1765396635.712644,2025-12-10T19:57:15.712645+00:00
2839,1765396635.731019,2025-12-10T19:57:15.731026+00:00
2840,1765396635.751502,2025-12-10T19:57:15.751518+00:00
2841,1765396635.772373,2025-12-10T19:57:15.772377+00:00
2842,1765396635.79004,2025-12-10T19:57:15.790049+00:00
2843,1765396635.810942,2025-12-10T19:57:15.810949+00:00
2844,1765396635.831579,2025-12-10T19:57:15.831590+00:00
2845,1765396635.852509,2025-12-10T19:57:15.852514+00:00
2846,1765396635.8728352,2025-12-10T19:57:15.872842+00:00
2847,1765396635.890579,2025-12-10T19:57:15.890580+00:00
2848,1765396635.90883,2025-12-10T19:57:15.908833+00:00
2849,1765396635.926653,2025-12-10T19:57:15.926672+00:00
2850,1765396635.9439628,2025-12-10T19:57:15.943966+00:00
2851,1765396635.964834,2025-12-10T19:57:15.964835+00:00
2852,1765396635.985034,2025-12-10T19:57:15.985035+00:00
2853,1765396636.0059059,2025-12-10T19:57:16.005910+00:00
2854,1765396636.02663,2025-12-10T19:57:16.026631+00:00
2855,1765396636.047481,2025-12-10T19:57:16.047485+00:00
2856,1765396636.067117,2025-12-10T19:57:16.067121+00:00
2857,1765396636.0850492,2025-12-10T19:57:16.085062+00:00
2858,1765396636.1054158,2025-12-10T19:57:16.105417+00:00
2859,1765396636.126261,2025-12-10T19:57:16.126262+00:00
2860,1765396636.143926,2025-12-10T19:57:16.143931+00:00
2861,1765396636.164798,2025-12-10T19:57:16.164801+00:00
2862,1765396636.184942,2025-12-10T19:57:16.184947+00:00
2863,1765396636.204126,2025-12-10T19:57:16.204127+00:00
2864,1765396636.2238212,2025-12-10T19:57:16.223823+00:00
2865,1765396636.243285,2025-12-10T19:57:16.243286+00:00
2866,1765396636.2607,2025-12-10T19:57:16.260700+00:00
2867,1765396636.280787,2025-12-10T19:57:16.280788+00:00
2868,1765396636.301627,2025-12-10T19:57:16.301628+00:00
2869,1765396636.322483,2025-12-10T19:57:16.322485+00:00
2870,1765396636.340992,2025-12-10T19:57:16.340993+00:00
2871,1765396636.3599849,2025-12-10T19:57:16.359989+00:00
2872,1765396636.380862,2025-12-10T19:57:16.380864+00:00
2873,1765396636.400127,2025-12-10T19:57:16.400132+00:00
2874,1765396636.421021,2025-12-10T19:57:16.421025+00:00
2875,1765396636.44189,2025-12-10T19:57:16.441892+00:00
2876,1765396636.462752,2025-12-10T19:57:16.462759+00:00
2877,1765396636.4824698,2025-12-10T19:57:16.482474+00:00
2878,1765396636.500492,2025-12-10T19:57:16.500500+00:00
2879,1765396636.51935,2025-12-10T19:57:16.519354+00:00
2880,1765396636.540213,2025-12-10T19:57:16.540215+00:00
2881,1765396636.55881,2025-12-10T19:57:16.558819+00:00
2882,1765396636.579715,2025-12-10T19:57:16.579722+00:00
2883,1765396636.6006029,2025-12-10T19:57:16.600612+00:00
2884,1765396636.621525,2025-12-10T19:57:16.621530+00:00
2885,1765396636.642412,2025-12-10T19:57:16.642416+00:00
2886,1765396636.659661,2025-12-10T19:57:16.659669+00:00
2887,1765396636.680562,2025-12-10T19:57:16.680564+00:00
2888,1765396636.698889,2025-12-10T19:57:16.698890+00:00
2889,1765396636.718289,2025-12-10T19:57:16.718290+00:00
2890,1765396636.739142,2025-12-10T19:57:16.739143+00:00
2891,1765396636.760054,2025-12-10T19:57:16.760056+00:00
2892,1765396636.780925,2025-12-10T19:57:16.780928+00:00
2893,1765396636.8017972,2025-12-10T19:57:16.801801+00:00
2894,1765396636.818888,2025-12-10T19:57:16.818890+00:00
2895,1765396636.839762,2025-12-10T19:57:16.839771+00:00
2896,1765396636.858273,2025-12-10T19:57:16.858278+00:00
2897,1765396636.8791628,2025-12-10T19:57:16.879167+00:00
2898,1765396636.900052,2025-12-10T19:57:16.900059+00:00
2899,1765396636.920948,2025-12-10T19:57:16.920951+00:00
2900,1765396636.941814,2025-12-10T19:57:16.941817+00:00
2901,1765396636.962694,2025-12-10T19:57:16.962703+00:00
2902,1765396636.98173,2025-12-10T19:57:16.981740+00:00
2903,1765396636.999874,2025-12-10T19:57:16.999878+00:00
2904,1765396637.020745,2025-12-10T19:57:17.020747+00:00
2905,1765396637.039839,2025-12-10T19:57:17.039845+00:00
2906,1765396637.0607228,2025-12-10T19:57:17.060724+00:00
2907,1765396637.081586,2025-12-10T19:57:17.081589+00:00
2908,1765396637.100862,2025-12-10T19:57:17.100882+00:00
2909,1765396637.121779,2025-12-10T19:57:17.121782+00:00
2910,1765396637.139263,2025-12-10T19:57:17.139272+00:00
2911,1765396637.159892,2025-12-10T19:57:17.159907+00:00
2912,1765396637.1808152,2025-12-10T19:57:17.180819+00:00
2913,1765396637.2016928,2025-12-10T19:57:17.201696+00:00
2914,1765396637.2225668,2025-12-10T19:57:17.222575+00:00
2915,1765396637.24218,2025-12-10T19:57:17.242184+00:00
2916,1765396637.2598798,2025-12-10T19:57:17.259886+00:00
2917,1765396637.2807648,2025-12-10T19:57:17.280771+00:00
2918,1765396637.30114,2025-12-10T19:57:17.301147+00:00
2919,1765396637.32204,2025-12-10T19:57:17.322047+00:00
2920,1765396637.3391738,2025-12-10T19:57:17.339179+00:00
2921,1765396637.360053,2025-12-10T19:57:17.360058+00:00
2922,1765396637.3809202,2025-12-10T19:57:17.380921+00:00
2923,1765396637.4017658,2025-12-10T19:57:17.401768+00:00
2924,1765396637.422621,2025-12-10T19:57:17.422622+00:00
2925,1765396637.443233,2025-12-10T19:57:17.443234+00:00
2926,1765396637.464086,2025-12-10T19:57:17.464087+00:00
2927,1765396637.4846961,2025-12-10T19:57:17.484697+00:00
2928,1765396637.505559,2025-12-10T19:57:17.505566+00:00
2929,1765396637.52647,2025-12-10T19:57:17.526474+00:00
2930,1765396637.547344,2025-12-10T19:57:17.547346+00:00
2931,1765396637.567945,2025-12-10T19:57:17.567965+00:00
2932,1765396637.588869,2025-12-10T19:57:17.588877+00:00
2933,1765396637.609758,2025-12-10T19:57:17.609759+00:00
2934,1765396637.630614,2025-12-10T19:57:17.630620+00:00
2935,1765396637.6498492,2025-12-10T19:57:17.649857+00:00
2936,1765396637.67075,2025-12-10T19:57:17.670759+00:00
2937,1765396637.688276,2025-12-10T19:57:17.688279+00:00
2938,1765396637.7091389,2025-12-10T19:57:17.709143+00:00
2939,1765396637.7265012,2025-12-10T19:57:17.726504+00:00
2940,1765396637.74739,2025-12-10T19:57:17.747397+00:00
2941,1765396637.768299,2025-12-10T19:57:17.768307+00:00
2942,1765396637.789197,2025-12-10T19:57:17.789198+00:00
2943,1765396637.8099499,2025-12-10T19:57:17.809955+00:00
2944,1765396637.830494,2025-12-10T19:57:17.830498+00:00
2945,1765396637.851377,2025-12-10T19:57:17.851378+00:00
2946,1765396637.868284,2025-12-10T19:57:17.868287+00:00
2947,1765396637.8867352,2025-12-10T19:57:17.886736+00:00
2948,1765396637.9049869,2025-12-10T19:57:17.904988+00:00
2949,1765396637.924798,2025-12-10T19:57:17.924806+00:00
2950,1765396637.944515,2025-12-10T19:57:17.944523+00:00
2951,1765396637.9649138,2025-12-10T19:57:17.964916+00:00
2952,1765396637.984971,2025-12-10T19:57:17.984974+00:00
2953,1765396638.002709,2025-12-10T19:57:18.002710+00:00
2954,1765396638.022409,2025-12-10T19:57:18.022412+00:00
2955,1765396638.0432792,2025-12-10T19:57:18.043279+00:00
2956,1765396638.062049,2025-12-10T19:57:18.062054+00:00
2957,1765396638.082942,2025-12-10T19:57:18.082949+00:00
2958,1765396638.1038232,2025-12-10T19:57:18.103825+00:00
2959,1765396638.124693,2025-12-10T19:57:18.124695+00:00
2960,1765396638.144078,2025-12-10T19:57:18.144085+00:00
2961,1765396638.1630778,2025-12-10T19:57:18.163088+00:00
2962,1765396638.183979,2025-12-10T19:57:18.183982+00:00
2963,1765396638.204851,2025-12-10T19:57:18.204858+00:00
2964,1765396638.224386,2025-12-10T19:57:18.224392+00:00
2965,1765396638.245277,2025-12-10T19:57:18.245286+00:00
2966,1765396638.2661839,2025-12-10T19:57:18.266188+00:00
2967,1765396638.28707,2025-12-10T19:57:18.287073+00:00
2968,1765396638.3079522,2025-12-10T19:57:18.307958+00:00
2969,1765396638.328848,2025-12-10T19:57:18.328850+00:00
2970,1765396638.348564,2025-12-10T19:57:18.348566+00:00
2971,1765396638.368887,2025-12-10T19:57:18.368889+00:00
2972,1765396638.389756,2025-12-10T19:57:18.389760+00:00
2973,1765396638.406879,2025-12-10T19:57:18.406880+00:00
2974,1765396638.426601,2025-12-10T19:57:18.426602+00:00
2975,1765396638.444926,2025-12-10T19:57:18.444928+00:00
2976,1765396638.4657788,2025-12-10T19:57:18.465782+00:00
2977,1765396638.486649,2025-12-10T19:57:18.486651+00:00
2978,1765396638.5064378,2025-12-10T19:57:18.506443+00:00
2979,1765396638.526539,2025-12-10T19:57:18.526542+00:00
2980,1765396638.5474172,2025-12-10T19:57:18.547422+00:00
2981,1765396638.5683048,2025-12-10T19:57:18.568312+00:00
2982,1765396638.589174,2025-12-10T19:57:18.589176+00:00
2983,1765396638.610048,2025-12-10T19:57:18.610050+00:00
2984,1765396638.630917,2025-12-10T19:57:18.630923+00:00
2985,1765396638.6518211,2025-12-10T19:57:18.651826+00:00
2986,1765396638.672714,2025-12-10T19:57:18.672719+00:00
2987,1765396638.693613,2025-12-10T19:57:18.693620+00:00
2988,1765396638.713964,2025-12-10T19:57:18.713969+00:00
2989,1765396638.734862,2025-12-10T19:57:18.734864+00:00
2990,1765396638.75573,2025-12-10T19:57:18.755737+00:00
2991,1765396638.7743201,2025-12-10T19:57:18.774324+00:00
2992,1765396638.79331,2025-12-10T19:57:18.793312+00:00
2993,1765396638.814164,2025-12-10T19:57:18.814166+00:00
2994,1765396638.835026,2025-12-10T19:57:18.835026+00:00
2995,1765396638.85589,2025-12-10T19:57:18.855897+00:00
2996,1765396638.876121,2025-12-10T19:57:18.876123+00:00
2997,1765396638.8933408,2025-12-10T19:57:18.893352+00:00
2998,1765396638.914262,2025-12-10T19:57:18.914262+00:00
2999,1765396638.933762,2025-12-10T19:57:18.933763+00:00
3000,1765396638.9517162,2025-12-10T19:57:18.951718+00:00
3001,1765396638.9725718,2025-12-10T19:57:18.972575+00:00
3002,1765396638.9930391,2025-12-10T19:57:18.993044+00:00
3003,1765396639.0127769,2025-12-10T19:57:19.012782+00:00
3004,1765396639.033655,2025-12-10T19:57:19.033656+00:00
3005,1765396639.051622,2025-12-10T19:57:19.051625+00:00
3006,1765396639.0725088,2025-12-10T19:57:19.072511+00:00
3007,1765396639.09339,2025-12-10T19:57:19.093397+00:00
3008,1765396639.114291,2025-12-10T19:57:19.114293+00:00
3009,1765396639.132263,2025-12-10T19:57:19.132264+00:00
3010,1765396639.151642,2025-12-10T19:57:19.151649+00:00
3011,1765396639.169927,2025-12-10T19:57:19.169930+00:00
3012,1765396639.190801,2025-12-10T19:57:19.190807+00:00
3013,1765396639.2103832,2025-12-10T19:57:19.210386+00:00
3014,1765396639.2303,2025-12-10T19:57:19.230307+00:00
3015,1765396639.248457,2025-12-10T19:57:19.248460+00:00
3016,1765396639.2681952,2025-12-10T19:57:19.268203+00:00
3017,1765396639.287723,2025-12-10T19:57:19.287726+00:00
3018,1765396639.308594,2025-12-10T19:57:19.308594+00:00
3019,1765396639.326821,2025-12-10T19:57:19.326825+00:00
3020,1765396639.347682,2025-12-10T19:57:19.347684+00:00
3021,1765396639.368277,2025-12-10T19:57:19.368279+00:00
3022,1765396639.389138,2025-12-10T19:57:19.389142+00:00
3023,1765396639.4079208,2025-12-10T19:57:19.407928+00:00
3024,1765396639.4288251,2025-12-10T19:57:19.428828+00:00
3025,1765396639.449684,2025-12-10T19:57:19.449687+00:00
3026,1765396639.46829,2025-12-10T19:57:19.468291+00:00
3027,1765396639.489147,2025-12-10T19:57:19.489149+00:00
3028,1765396639.510004,2025-12-10T19:57:19.510004+00:00
3029,1765396639.530153,2025-12-10T19:57:19.530154+00:00
3030,1765396639.551,2025-12-10T19:57:19.551001+00:00
3031,1765396639.571852,2025-12-10T19:57:19.571853+00:00
3032,1765396639.592709,2025-12-10T19:57:19.592711+00:00
3033,1765396639.613288,2025-12-10T19:57:19.613290+00:00
3034,1765396639.631864,2025-12-10T19:57:19.631866+00:00
3035,1765396639.6517289,2025-12-10T19:57:19.651730+00:00
3036,1765396639.6725838,2025-12-10T19:57:19.672587+00:00
3037,1765396639.6931689,2025-12-10T19:57:19.693174+00:00
3038,1765396639.7130828,2025-12-10T19:57:19.713086+00:00
3039,1765396639.729847,2025-12-10T19:57:19.729850+00:00
3040,1765396639.750785,2025-12-10T19:57:19.750786+00:00
3041,1765396639.768318,2025-12-10T19:57:19.768332+00:00
3042,1765396639.789233,2025-12-10T19:57:19.789238+00:00
3043,1765396639.809973,2025-12-10T19:57:19.809975+00:00
3044,1765396639.830828,2025-12-10T19:57:19.830830+00:00
3045,1765396639.851688,2025-12-10T19:57:19.851691+00:00
3046,1765396639.872565,2025-12-10T19:57:19.872572+00:00
3047,1765396639.890923,2025-12-10T19:57:19.890925+00:00
3048,1765396639.911615,2025-12-10T19:57:19.911624+00:00
3049,1765396639.932281,2025-12-10T19:57:19.932284+00:00
3050,1765396639.9531531,2025-12-10T19:57:19.953155+00:00
3051,1765396639.974027,2025-12-10T19:57:19.974034+00:00
3052,1765396639.994944,2025-12-10T19:57:19.994949+00:00
3053,1765396640.015819,2025-12-10T19:57:20.015823+00:00
3054,1765396640.0348291,2025-12-10T19:57:20.034832+00:00
3055,1765396640.055716,2025-12-10T19:57:20.055720+00:00
3056,1765396640.0728278,2025-12-10T19:57:20.072830+00:00
3057,1765396640.092457,2025-12-10T19:57:20.092458+00:00
3058,1765396640.1127172,2025-12-10T19:57:20.112720+00:00
3059,1765396640.133599,2025-12-10T19:57:20.133600+00:00
3060,1765396640.154461,2025-12-10T19:57:20.154465+00:00
3061,1765396640.1753442,2025-12-10T19:57:20.175352+00:00
3062,1765396640.196256,2025-12-10T19:57:20.196262+00:00
3063,1765396640.21713,2025-12-10T19:57:20.217132+00:00
3064,1765396640.234834,2025-12-10T19:57:20.234839+00:00
3065,1765396640.2557309,2025-12-10T19:57:20.255734+00:00
3066,1765396640.273385,2025-12-10T19:57:20.273388+00:00
3067,1765396640.293155,2025-12-10T19:57:20.293157+00:00
3068,1765396640.311578,2025-12-10T19:57:20.311583+00:00
3069,1765396640.3285198,2025-12-10T19:57:20.328521+00:00
3070,1765396640.349368,2025-12-10T19:57:20.349370+00:00
3071,1765396640.370229,2025-12-10T19:57:20.370233+00:00
3072,1765396640.391108,2025-12-10T19:57:20.391110+00:00
3073,1765396640.411978,2025-12-10T19:57:20.411979+00:00
3074,1765396640.432837,2025-12-10T19:57:20.432846+00:00
3075,1765396640.4537542,2025-12-10T19:57:20.453755+00:00
3076,1765396640.4746041,2025-12-10T19:57:20.474604+00:00
3077,1765396640.4933162,2025-12-10T19:57:20.493320+00:00
3078,1765396640.5141819,2025-12-10T19:57:20.514183+00:00
3079,1765396640.535042,2025-12-10T19:57:20.535043+00:00
3080,1765396640.555897,2025-12-10T19:57:20.555902+00:00
3081,1765396640.576892,2025-12-10T19:57:20.576898+00:00
3082,1765396640.5978298,2025-12-10T19:57:20.597836+00:00
3083,1765396640.6183329,2025-12-10T19:57:20.618341+00:00
3084,1765396640.639232,2025-12-10T19:57:20.639234+00:00
3085,1765396640.660085,2025-12-10T19:57:20.660087+00:00
3086,1765396640.680641,2025-12-10T19:57:20.680643+00:00
3087,1765396640.6985621,2025-12-10T19:57:20.698566+00:00
3088,1765396640.718294,2025-12-10T19:57:20.718297+00:00
3089,1765396640.739159,2025-12-10T19:57:20.739163+00:00
3090,1765396640.757826,2025-12-10T19:57:20.757829+00:00
3091,1765396640.7787,2025-12-10T19:57:20.778707+00:00
3092,1765396640.79861,2025-12-10T19:57:20.798617+00:00
3093,1765396640.819535,2025-12-10T19:57:20.819540+00:00
3094,1765396640.84041,2025-12-10T19:57:20.840412+00:00
3095,1765396640.8574562,2025-12-10T19:57:20.857459+00:00
3096,1765396640.8783412,2025-12-10T19:57:20.878343+00:00
3097,1765396640.898709,2025-12-10T19:57:20.898711+00:00
3098,1765396640.917432,2025-12-10T19:57:20.917434+00:00
3099,1765396640.9367208,2025-12-10T19:57:20.936723+00:00
3100,1765396640.957582,2025-12-10T19:57:20.957584+00:00
3101,1765396640.976686,2025-12-10T19:57:20.976692+00:00
3102,1765396640.997571,2025-12-10T19:57:20.997574+00:00
3103,1765396641.018344,2025-12-10T19:57:21.018345+00:00
3104,1765396641.039209,2025-12-10T19:57:21.039217+00:00
3105,1765396641.06011,2025-12-10T19:57:21.060113+00:00
3106,1765396641.080443,2025-12-10T19:57:21.080444+00:00
3107,1765396641.100045,2025-12-10T19:57:21.100046+00:00
3108,1765396641.1201642,2025-12-10T19:57:21.120165+00:00
3109,1765396641.140556,2025-12-10T19:57:21.140564+00:00
3110,1765396641.161165,2025-12-10T19:57:21.161171+00:00
3111,1765396641.1820421,2025-12-10T19:57:21.182046+00:00
3112,1765396641.2015018,2025-12-10T19:57:21.201504+00:00
3113,1765396641.222365,2025-12-10T19:57:21.222367+00:00
3114,1765396641.243179,2025-12-10T19:57:21.243183+00:00
3115,1765396641.260523,2025-12-10T19:57:21.260526+00:00
3116,1765396641.281399,2025-12-10T19:57:21.281403+00:00
3117,1765396641.301507,2025-12-10T19:57:21.301508+00:00
3118,1765396641.322361,2025-12-10T19:57:21.322363+00:00
3119,1765396641.3432262,2025-12-10T19:57:21.343227+00:00
3120,1765396641.3633258,2025-12-10T19:57:21.363332+00:00
3121,1765396641.384234,2025-12-10T19:57:21.384240+00:00
3122,1765396641.401685,2025-12-10T19:57:21.401686+00:00
3123,1765396641.4201002,2025-12-10T19:57:21.420102+00:00
3124,1765396641.4409611,2025-12-10T19:57:21.440962+00:00
3125,1765396641.460024,2025-12-10T19:57:21.460025+00:00
3126,1765396641.4808729,2025-12-10T19:57:21.480875+00:00
3127,1765396641.5017002,2025-12-10T19:57:21.501702+00:00
3128,1765396641.518825,2025-12-10T19:57:21.518826+00:00
3129,1765396641.53967,2025-12-10T19:57:21.539671+00:00
3130,1765396641.559642,2025-12-10T19:57:21.559643+00:00
3131,1765396641.5782459,2025-12-10T19:57:21.578251+00:00
3132,1765396641.599123,2025-12-10T19:57:21.599125+00:00
3133,1765396641.619988,2025-12-10T19:57:21.619995+00:00
3134,1765396641.6395981,2025-12-10T19:57:21.639602+00:00
3135,1765396641.660464,2025-12-10T19:57:21.660466+00:00
3136,1765396641.681322,2025-12-10T19:57:21.681330+00:00
3137,1765396641.699698,2025-12-10T19:57:21.699704+00:00
3138,1765396641.718188,2025-12-10T19:57:21.718193+00:00
3139,1765396641.739074,2025-12-10T19:57:21.739075+00:00
3140,1765396641.755827,2025-12-10T19:57:21.755828+00:00
3141,1765396641.776513,2025-12-10T19:57:21.776516+00:00
3142,1765396641.797384,2025-12-10T19:57:21.797390+00:00
3143,1765396641.8181849,2025-12-10T19:57:21.818187+00:00
3144,1765396641.835022,2025-12-10T19:57:21.835024+00:00
3145,1765396641.855882,2025-12-10T19:57:21.855884+00:00
3146,1765396641.873543,2025-12-10T19:57:21.873545+00:00
3147,1765396641.8944159,2025-12-10T19:57:21.894417+00:00
3148,1765396641.911607,2025-12-10T19:57:21.911610+00:00
3149,1765396641.932469,2025-12-10T19:57:21.932471+00:00
3150,1765396641.949687,2025-12-10T19:57:21.949692+00:00
3151,1765396641.970569,2025-12-10T19:57:21.970576+00:00
3152,1765396641.989517,2025-12-10T19:57:21.989525+00:00
3153,1765396642.0085561,2025-12-10T19:57:22.008560+00:00
3154,1765396642.026592,2025-12-10T19:57:22.026596+00:00
3155,1765396642.047476,2025-12-10T19:57:22.047478+00:00
3156,1765396642.068369,2025-12-10T19:57:22.068385+00:00
3157,1765396642.089252,2025-12-10T19:57:22.089254+00:00
3158,1765396642.110111,2025-12-10T19:57:22.110112+00:00
3159,1765396642.130954,2025-12-10T19:57:22.130955+00:00
3160,1765396642.1517959,2025-12-10T19:57:22.151798+00:00
3161,1765396642.1707652,2025-12-10T19:57:22.170769+00:00
3162,1765396642.1916502,2025-12-10T19:57:22.191659+00:00
3163,1765396642.212553,2025-12-10T19:57:22.212555+00:00
3164,1765396642.233415,2025-12-10T19:57:22.233419+00:00
3165,1765396642.250687,2025-12-10T19:57:22.250689+00:00
3166,1765396642.268186,2025-12-10T19:57:22.268189+00:00
3167,1765396642.284925,2025-12-10T19:57:22.284927+00:00
3168,1765396642.3057861,2025-12-10T19:57:22.305788+00:00
3169,1765396642.326654,2025-12-10T19:57:22.326655+00:00
3170,1765396642.347507,2025-12-10T19:57:22.347509+00:00
3171,1765396642.367479,2025-12-10T19:57:22.367492+00:00
3172,1765396642.388396,2025-12-10T19:57:22.388400+00:00
3173,1765396642.4092832,2025-12-10T19:57:22.409289+00:00
3174,1765396642.427399,2025-12-10T19:57:22.427402+00:00
3175,1765396642.4458728,2025-12-10T19:57:22.445876+00:00
3176,1765396642.466738,2025-12-10T19:57:22.466739+00:00
3177,1765396642.484958,2025-12-10T19:57:22.484958+00:00
3178,1765396642.5049548,2025-12-10T19:57:22.504956+00:00
3179,1765396642.5258088,2025-12-10T19:57:22.525810+00:00
3180,1765396642.5466828,2025-12-10T19:57:22.546691+00:00
3181,1765396642.5641458,2025-12-10T19:57:22.564147+00:00
3182,1765396642.584526,2025-12-10T19:57:22.584527+00:00
3183,1765396642.60539,2025-12-10T19:57:22.605395+00:00
3184,1765396642.626356,2025-12-10T19:57:22.626359+00:00
3185,1765396642.643331,2025-12-10T19:57:22.643344+00:00
3186,1765396642.664238,2025-12-10T19:57:22.664242+00:00
3187,1765396642.684983,2025-12-10T19:57:22.684988+00:00
3188,1765396642.7058449,2025-12-10T19:57:22.705850+00:00
3189,1765396642.724394,2025-12-10T19:57:22.724397+00:00
3190,1765396642.7421281,2025-12-10T19:57:22.742130+00:00
3191,1765396642.759844,2025-12-10T19:57:22.759846+00:00
3192,1765396642.780705,2025-12-10T19:57:22.780710+00:00
3193,1765396642.800593,2025-12-10T19:57:22.800597+00:00
3194,1765396642.818285,2025-12-10T19:57:22.818291+00:00
3195,1765396642.839175,2025-12-10T19:57:22.839177+00:00
3196,1765396642.859442,2025-12-10T19:57:22.859447+00:00
3197,1765396642.880311,2025-12-10T19:57:22.880314+00:00
3198,1765396642.898386,2025-12-10T19:57:22.898386+00:00
3199,1765396642.915305,2025-12-10T19:57:22.915309+00:00
3200,1765396642.934997,2025-12-10T19:57:22.934998+00:00
3201,1765396642.955842,2025-12-10T19:57:22.955843+00:00
3202,1765396642.976686,2025-12-10T19:57:22.976690+00:00
3203,1765396642.995914,2025-12-10T19:57:22.995916+00:00
3204,1765396643.014776,2025-12-10T19:57:23.014778+00:00
3205,1765396643.034911,2025-12-10T19:57:23.034912+00:00
3206,1765396643.0516968,2025-12-10T19:57:23.051700+00:00
3207,1765396643.0725708,2025-12-10T19:57:23.072573+00:00
3208,1765396643.093438,2025-12-10T19:57:23.093443+00:00
3209,1765396643.114302,2025-12-10T19:57:23.114305+00:00
3210,1765396643.13414,2025-12-10T19:57:23.134142+00:00
3211,1765396643.155048,2025-12-10T19:57:23.155051+00:00
3212,1765396643.1759071,2025-12-10T19:57:23.175910+00:00
3213,1765396643.193229,2025-12-10T19:57:23.193232+00:00
3214,1765396643.2101371,2025-12-10T19:57:23.210141+00:00
3215,1765396643.2310069,2025-12-10T19:57:23.231013+00:00
3216,1765396643.2516758,2025-12-10T19:57:23.251696+00:00
3217,1765396643.2706041,2025-12-10T19:57:23.270610+00:00
3218,1765396643.287551,2025-12-10T19:57:23.287552+00:00
3219,1765396643.305588,2025-12-10T19:57:23.305593+00:00
3220,1765396643.326472,2025-12-10T19:57:23.326475+00:00
3221,1765396643.343721,2025-12-10T19:57:23.343722+00:00
3222,1765396643.364359,2025-12-10T19:57:23.364361+00:00
3223,1765396643.383727,2025-12-10T19:57:23.383730+00:00
3224,1765396643.401685,2025-12-10T19:57:23.401685+00:00
3225,1765396643.422681,2025-12-10T19:57:23.422683+00:00
3226,1765396643.443539,2025-12-10T19:57:23.443542+00:00
3227,1765396643.464416,2025-12-10T19:57:23.464424+00:00
3228,1765396643.485315,2025-12-10T19:57:23.485323+00:00
3229,1765396643.504788,2025-12-10T19:57:23.504791+00:00
3230,1765396643.525653,2025-12-10T19:57:23.525655+00:00
3231,1765396643.543478,2025-12-10T19:57:23.543483+00:00
3232,1765396643.56435,2025-12-10T19:57:23.564351+00:00
3233,1765396643.585054,2025-12-10T19:57:23.585055+00:00
3234,1765396643.605976,2025-12-10T19:57:23.605987+00:00
3235,1765396643.623408,2025-12-10T19:57:23.623416+00:00
3236,1765396643.643989,2025-12-10T19:57:23.643995+00:00
3237,1765396643.660992,2025-12-10T19:57:23.660998+00:00
3238,1765396643.681887,2025-12-10T19:57:23.681893+00:00
3239,1765396643.7020109,2025-12-10T19:57:23.702024+00:00
3240,1765396643.720941,2025-12-10T19:57:23.720943+00:00
3241,1765396643.740447,2025-12-10T19:57:23.740452+00:00
3242,1765396643.761317,2025-12-10T19:57:23.761318+00:00
3243,1765396643.780691,2025-12-10T19:57:23.780692+00:00
3244,1765396643.798878,2025-12-10T19:57:23.798879+00:00
3245,1765396643.8197289,2025-12-10T19:57:23.819730+00:00
3246,1765396643.8405828,2025-12-10T19:57:23.840585+00:00
3247,1765396643.8596768,2025-12-10T19:57:23.859678+00:00
3248,1765396643.879047,2025-12-10T19:57:23.879048+00:00
3249,1765396643.899897,2025-12-10T19:57:23.899898+00:00
3250,1765396643.916971,2025-12-10T19:57:23.916976+00:00
3251,1765396643.9371462,2025-12-10T19:57:23.937148+00:00
3252,1765396643.957037,2025-12-10T19:57:23.957038+00:00
3253,1765396643.977481,2025-12-10T19:57:23.977488+00:00
3254,1765396643.9954948,2025-12-10T19:57:23.995501+00:00
3255,1765396644.0163898,2025-12-10T19:57:24.016392+00:00
3256,1765396644.037175,2025-12-10T19:57:24.037176+00:00
3257,1765396644.058032,2025-12-10T19:57:24.058034+00:00
3258,1765396644.0788128,2025-12-10T19:57:24.078817+00:00
3259,1765396644.0997179,2025-12-10T19:57:24.099721+00:00
3260,1765396644.120586,2025-12-10T19:57:24.120587+00:00
3261,1765396644.141484,2025-12-10T19:57:24.141488+00:00
3262,1765396644.158562,2025-12-10T19:57:24.158565+00:00
3263,1765396644.178983,2025-12-10T19:57:24.178985+00:00
3264,1765396644.199842,2025-12-10T19:57:24.199849+00:00
3265,1765396644.220737,2025-12-10T19:57:24.220744+00:00
3266,1765396644.238261,2025-12-10T19:57:24.238266+00:00
3267,1765396644.258934,2025-12-10T19:57:24.258938+00:00
3268,1765396644.276244,2025-12-10T19:57:24.276252+00:00
3269,1765396644.294116,2025-12-10T19:57:24.294120+00:00
3270,1765396644.314982,2025-12-10T19:57:24.314982+00:00
3271,1765396644.3348072,2025-12-10T19:57:24.334811+00:00
3272,1765396644.354851,2025-12-10T19:57:24.354853+00:00
3273,1765396644.3757188,2025-12-10T19:57:24.375726+00:00
3274,1765396644.392771,2025-12-10T19:57:24.392773+00:00
3275,1765396644.413534,2025-12-10T19:57:24.413535+00:00
3276,1765396644.4341838,2025-12-10T19:57:24.434188+00:00
3277,1765396644.455094,2025-12-10T19:57:24.455096+00:00
3278,1765396644.475965,2025-12-10T19:57:24.475973+00:00
3279,1765396644.496644,2025-12-10T19:57:24.496646+00:00
3280,1765396644.51751,2025-12-10T19:57:24.517513+00:00
3281,1765396644.534635,2025-12-10T19:57:24.534637+00:00
3282,1765396644.554993,2025-12-10T19:57:24.554993+00:00
3283,1765396644.575855,2025-12-10T19:57:24.575863+00:00
3284,1765396644.594837,2025-12-10T19:57:24.594842+00:00
3285,1765396644.61571,2025-12-10T19:57:24.615711+00:00
3286,1765396644.6342359,2025-12-10T19:57:24.634239+00:00
3287,1765396644.655104,2025-12-10T19:57:24.655106+00:00
3288,1765396644.6759691,2025-12-10T19:57:24.675976+00:00
3289,1765396644.695343,2025-12-10T19:57:24.695346+00:00
3290,1765396644.716209,2025-12-10T19:57:24.716212+00:00
3291,1765396644.737086,2025-12-10T19:57:24.737093+00:00
3292,1765396644.7580009,2025-12-10T19:57:24.758006+00:00
3293,1765396644.778881,2025-12-10T19:57:24.778885+00:00
3294,1765396644.796511,2025-12-10T19:57:24.796516+00:00
3295,1765396644.81449,2025-12-10T19:57:24.814494+00:00
3296,1765396644.8338869,2025-12-10T19:57:24.833890+00:00
3297,1765396644.854757,2025-12-10T19:57:24.854763+00:00
3298,1765396644.875635,2025-12-10T19:57:24.875639+00:00
3299,1765396644.896513,2025-12-10T19:57:24.896521+00:00
3300,1765396644.915458,2025-12-10T19:57:24.915460+00:00
3301,1765396644.9363241,2025-12-10T19:57:24.936327+00:00
3302,1765396644.9554172,2025-12-10T19:57:24.955436+00:00
3303,1765396644.976338,2025-12-10T19:57:24.976340+00:00
3304,1765396644.996154,2025-12-10T19:57:24.996161+00:00
3305,1765396645.018765,2025-12-10T19:57:25.019596+00:00
3306,1765396645.041454,2025-12-10T19:57:25.041461+00:00
3307,1765396645.060549,2025-12-10T19:57:25.060573+00:00
3308,1765396645.081612,2025-12-10T19:57:25.081616+00:00
3309,1765396645.1024761,2025-12-10T19:57:25.102478+00:00
3310,1765396645.1233332,2025-12-10T19:57:25.123336+00:00
3311,1765396645.1406069,2025-12-10T19:57:25.140608+00:00
3312,1765396645.1600242,2025-12-10T19:57:25.160027+00:00
3313,1765396645.180623,2025-12-10T19:57:25.180625+00:00
3314,1765396645.2014909,2025-12-10T19:57:25.201500+00:00
3315,1765396645.218443,2025-12-10T19:57:25.218453+00:00
3316,1765396645.239035,2025-12-10T19:57:25.239037+00:00
3317,1765396645.2563531,2025-12-10T19:57:25.256372+00:00
3318,1765396645.2731268,2025-12-10T19:57:25.273129+00:00
3319,1765396645.29398,2025-12-10T19:57:25.293981+00:00
3320,1765396645.314067,2025-12-10T19:57:25.314070+00:00
3321,1765396645.3349462,2025-12-10T19:57:25.334950+00:00
3322,1765396645.355839,2025-12-10T19:57:25.355853+00:00
3323,1765396645.372573,2025-12-10T19:57:25.372576+00:00
3324,1765396645.393437,2025-12-10T19:57:25.393440+00:00
3325,1765396645.4120781,2025-12-10T19:57:25.412085+00:00
3326,1765396645.4320052,2025-12-10T19:57:25.432010+00:00
3327,1765396645.4528818,2025-12-10T19:57:25.452883+00:00
3328,1765396645.472397,2025-12-10T19:57:25.472398+00:00
3329,1765396645.4932601,2025-12-10T19:57:25.493263+00:00
3330,1765396645.514128,2025-12-10T19:57:25.514129+00:00
3331,1765396645.534992,2025-12-10T19:57:25.535000+00:00
3332,1765396645.5537229,2025-12-10T19:57:25.553724+00:00
3333,1765396645.5724611,2025-12-10T19:57:25.572463+00:00
3334,1765396645.593308,2025-12-10T19:57:25.593308+00:00
3335,1765396645.614104,2025-12-10T19:57:25.614107+00:00
3336,1765396645.633943,2025-12-10T19:57:25.633945+00:00
3337,1765396645.654828,2025-12-10T19:57:25.654837+00:00
3338,1765396645.675732,2025-12-10T19:57:25.675734+00:00
3339,1765396645.692491,2025-12-10T19:57:25.692497+00:00
3340,1765396645.7133892,2025-12-10T19:57:25.713393+00:00
3341,1765396645.730721,2025-12-10T19:57:25.730724+00:00
3342,1765396645.751474,2025-12-10T19:57:25.751476+00:00
3343,1765396645.7723289,2025-12-10T19:57:25.772331+00:00
3344,1765396645.79319,2025-12-10T19:57:25.793196+00:00
3345,1765396645.812191,2025-12-10T19:57:25.812204+00:00
3346,1765396645.830351,2025-12-10T19:57:25.830361+00:00
3347,1765396645.8473861,2025-12-10T19:57:25.847397+00:00
3348,1765396645.868293,2025-12-10T19:57:25.868295+00:00
3349,1765396645.8865752,2025-12-10T19:57:25.886578+00:00
3350,1765396645.903716,2025-12-10T19:57:25.903723+00:00
3351,1765396645.9238138,2025-12-10T19:57:25.923817+00:00
3352,1765396645.944684,2025-12-10T19:57:25.944685+00:00
3353,1765396645.964247,2025-12-10T19:57:25.964249+00:00
3354,1765396645.985108,2025-12-10T19:57:25.985111+00:00
3355,1765396646.005847,2025-12-10T19:57:26.005848+00:00
3356,1765396646.026709,2025-12-10T19:57:26.026712+00:00
3357,1765396646.0475771,2025-12-10T19:57:26.047581+00:00
3358,1765396646.068449,2025-12-10T19:57:26.068450+00:00
3359,1765396646.086136,2025-12-10T19:57:26.086136+00:00
3360,1765396646.105867,2025-12-10T19:57:26.105867+00:00
3361,1765396646.123498,2025-12-10T19:57:26.123501+00:00
3362,1765396646.1442199,2025-12-10T19:57:26.144220+00:00
3363,1765396646.164151,2025-12-10T19:57:26.164160+00:00
3364,1765396646.181613,2025-12-10T19:57:26.181614+00:00
3365,1765396646.198875,2025-12-10T19:57:26.198877+00:00
3366,1765396646.2197278,2025-12-10T19:57:26.219731+00:00
3367,1765396646.239187,2025-12-10T19:57:26.239190+00:00
3368,1765396646.2568152,2025-12-10T19:57:26.256822+00:00
3369,1765396646.277706,2025-12-10T19:57:26.277708+00:00
3370,1765396646.2945979,2025-12-10T19:57:26.294606+00:00
3371,1765396646.32113,2025-12-10T19:57:26.321135+00:00
3372,1765396646.42788,2025-12-10T19:57:26.427919+00:00
3373,1765396646.450274,2025-12-10T19:57:26.450327+00:00
3374,1765396646.471909,2025-12-10T19:57:26.471917+00:00
3375,1765396646.492799,2025-12-10T19:57:26.492807+00:00
3376,1765396646.510814,2025-12-10T19:57:26.510822+00:00
3377,1765396646.5286899,2025-12-10T19:57:26.528696+00:00
3378,1765396646.547076,2025-12-10T19:57:26.547083+00:00
3379,1765396646.567958,2025-12-10T19:57:26.567961+00:00
3380,1765396646.584981,2025-12-10T19:57:26.584995+00:00
3381,1765396646.6059132,2025-12-10T19:57:26.605919+00:00
3382,1765396646.623156,2025-12-10T19:57:26.623160+00:00
3383,1765396646.6426399,2025-12-10T19:57:26.642643+00:00
3384,1765396646.661098,2025-12-10T19:57:26.661104+00:00
3385,1765396646.68094,2025-12-10T19:57:26.680943+00:00
3386,1765396646.7016509,2025-12-10T19:57:26.701657+00:00
3387,1765396646.719414,2025-12-10T19:57:26.719424+00:00
3388,1765396646.744363,2025-12-10T19:57:26.744370+00:00
3389,1765396646.764274,2025-12-10T19:57:26.764286+00:00
3390,1765396646.785187,2025-12-10T19:57:26.785189+00:00
3391,1765396646.80421,2025-12-10T19:57:26.804216+00:00
3392,1765396646.825116,2025-12-10T19:57:26.825120+00:00
3393,1765396646.84224,2025-12-10T19:57:26.842243+00:00
3394,1765396646.8618398,2025-12-10T19:57:26.861841+00:00
3395,1765396646.882696,2025-12-10T19:57:26.882700+00:00
3396,1765396646.901342,2025-12-10T19:57:26.901347+00:00
3397,1765396646.9181728,2025-12-10T19:57:26.918174+00:00
3398,1765396646.938967,2025-12-10T19:57:26.938973+00:00
3399,1765396646.9598348,2025-12-10T19:57:26.959841+00:00
3400,1765396646.978442,2025-12-10T19:57:26.978448+00:00
3401,1765396646.999446,2025-12-10T19:57:26.999452+00:00
3402,1765396647.019131,2025-12-10T19:57:27.019257+00:00
3403,1765396647.039901,2025-12-10T19:57:27.039910+00:00
3404,1765396647.0572789,2025-12-10T19:57:27.057299+00:00
3405,1765396647.07663,2025-12-10T19:57:27.076636+00:00
3406,1765396647.093451,2025-12-10T19:57:27.093458+00:00
3407,1765396647.114155,2025-12-10T19:57:27.114169+00:00
3408,1765396647.135065,2025-12-10T19:57:27.135072+00:00
3409,1765396647.156075,2025-12-10T19:57:27.156083+00:00
3410,1765396647.175852,2025-12-10T19:57:27.175860+00:00
3411,1765396647.19603,2025-12-10T19:57:27.196034+00:00
3412,1765396647.215669,2025-12-10T19:57:27.215675+00:00
3413,1765396647.2365482,2025-12-10T19:57:27.236552+00:00
3414,1765396647.255229,2025-12-10T19:57:27.255234+00:00
3415,1765396647.272413,2025-12-10T19:57:27.272421+00:00
3416,1765396647.289481,2025-12-10T19:57:27.289490+00:00
3417,1765396647.3104482,2025-12-10T19:57:27.310453+00:00
3418,1765396647.331042,2025-12-10T19:57:27.331156+00:00
3419,1765396647.3523571,2025-12-10T19:57:27.352393+00:00
3420,1765396647.37329,2025-12-10T19:57:27.373295+00:00
3421,1765396647.392117,2025-12-10T19:57:27.392171+00:00
3422,1765396647.413174,2025-12-10T19:57:27.413182+00:00
3423,1765396647.432597,2025-12-10T19:57:27.432602+00:00
3424,1765396647.449406,2025-12-10T19:57:27.449410+00:00
3425,1765396647.468487,2025-12-10T19:57:27.468496+00:00
3426,1765396647.4962711,2025-12-10T19:57:27.496280+00:00
3427,1765396647.5181718,2025-12-10T19:57:27.518177+00:00
3428,1765396647.547141,2025-12-10T19:57:27.547327+00:00
