frame_index,timestamp_unix,timestamp_iso
0,1765395269.806369,2025-12-10T19:34:29.806373+00:00
1,1765395269.827014,2025-12-10T19:34:29.827018+00:00
2,1765395269.847751,2025-12-10T19:34:29.847754+00:00
3,1765395269.868638,2025-12-10T19:34:29.868647+00:00
4,1765395269.889555,2025-12-10T19:34:29.889561+00:00
5,1765395269.910445,2025-12-10T19:34:29.910450+00:00
6,1765395269.931324,2025-12-10T19:34:29.931329+00:00
7,1765395269.9522,2025-12-10T19:34:29.952203+00:00
8,1765395269.97312,2025-12-10T19:34:29.973125+00:00
9,1765395269.993998,2025-12-10T19:34:29.994002+00:00
10,1765395270.014878,2025-12-10T19:34:30.014880+00:00
11,1765395270.035745,2025-12-10T19:34:30.035751+00:00
12,1765395270.056649,2025-12-10T19:34:30.056654+00:00
13,1765395270.076266,2025-12-10T19:34:30.076268+00:00
14,1765395270.097146,2025-12-10T19:34:30.097147+00:00
15,1765395270.1180081,2025-12-10T19:34:30.118009+00:00
16,1765395270.1375518,2025-12-10T19:34:30.137554+00:00
17,1765395270.1542761,2025-12-10T19:34:30.154277+00:00
18,1765395270.175147,2025-12-10T19:34:30.175148+00:00
19,1765395270.1943848,2025-12-10T19:34:30.194386+00:00
20,1765395270.2152472,2025-12-10T19:34:30.215248+00:00
21,1765395270.2361119,2025-12-10T19:34:30.236114+00:00
22,1765395270.256056,2025-12-10T19:34:30.256057+00:00
23,1765395270.276936,2025-12-10T19:34:30.276942+00:00
24,1765395270.2977412,2025-12-10T19:34:30.297763+00:00
25,1765395270.315839,2025-12-10T19:34:30.315847+00:00
26,1765395270.334307,2025-12-10T19:34:30.334314+00:00
27,1765395270.355165,2025-12-10T19:34:30.355170+00:00
28,1765395270.374662,2025-12-10T19:34:30.374664+00:00
29,1765395270.39504,2025-12-10T19:34:30.395043+00:00
30,1765395270.415987,2025-12-10T19:34:30.415992+00:00
31,1765395270.433556,2025-12-10T19:34:30.433559+00:00
32,1765395270.4544399,2025-12-10T19:34:30.454447+00:00
33,1765395270.4727292,2025-12-10T19:34:30.472732+00:00
34,1765395270.490083,2025-12-10T19:34:30.490084+00:00
35,1765395270.510952,2025-12-10T19:34:30.510952+00:00
36,1765395270.530821,2025-12-10T19:34:30.530822+00:00
37,1765395270.55117,2025-12-10T19:34:30.551197+00:00
38,1765395270.5688472,2025-12-10T19:34:30.568854+00:00
39,1765395270.589772,2025-12-10T19:34:30.589781+00:00
40,1765395270.609173,2025-12-10T19:34:30.609177+00:00
41,1765395270.626843,2025-12-10T19:34:30.626847+00:00
42,1765395270.644298,2025-12-10T19:34:30.644300+00:00
43,1765395270.662308,2025-12-10T19:34:30.662309+00:00
44,1765395270.683234,2025-12-10T19:34:30.683236+00:00
45,1765395270.704121,2025-12-10T19:34:30.704123+00:00
46,1765395270.725012,2025-12-10T19:34:30.725014+00:00
47,1765395270.74184,2025-12-10T19:34:30.741842+00:00
48,1765395270.7596722,2025-12-10T19:34:30.759676+00:00
49,1765395270.777664,2025-12-10T19:34:30.777667+00:00
50,1765395270.798563,2025-12-10T19:34:30.798568+00:00
51,1765395270.81859,2025-12-10T19:34:30.818599+00:00
52,1765395270.8410292,2025-12-10T19:34:30.841038+00:00
53,1765395270.8598442,2025-12-10T19:34:30.859853+00:00
54,1765395270.8796742,2025-12-10T19:34:30.879684+00:00
55,1765395270.898937,2025-12-10T19:34:30.898942+00:00
56,1765395270.918043,2025-12-10T19:34:30.918051+00:00
57,1765395270.938693,2025-12-10T19:34:30.938699+00:00
58,1765395270.956063,2025-12-10T19:34:30.956070+00:00
59,1765395270.972925,2025-12-10T19:34:30.972940+00:00
60,1765395270.992136,2025-12-10T19:34:30.992144+00:00
61,1765395271.013036,2025-12-10T19:34:31.013041+00:00
62,1765395271.0299158,2025-12-10T19:34:31.029921+00:00
63,1765395271.046655,2025-12-10T19:34:31.046663+00:00
64,1765395271.06686,2025-12-10T19:34:31.066869+00:00
65,1765395271.0837781,2025-12-10T19:34:31.083800+00:00
66,1765395271.100609,2025-12-10T19:34:31.100615+00:00
67,1765395271.117692,2025-12-10T19:34:31.117699+00:00
68,1765395271.1344519,2025-12-10T19:34:31.134459+00:00
69,1765395271.151905,2025-12-10T19:34:31.151922+00:00
70,1765395271.168894,2025-12-10T19:34:31.168899+00:00
71,1765395271.1873999,2025-12-10T19:34:31.187405+00:00
72,1765395271.2082932,2025-12-10T19:34:31.208297+00:00
73,1765395271.227733,2025-12-10T19:34:31.227737+00:00
74,1765395271.245188,2025-12-10T19:34:31.245202+00:00
75,1765395271.263217,2025-12-10T19:34:31.263222+00:00
76,1765395271.283773,2025-12-10T19:34:31.283779+00:00
77,1765395271.30146,2025-12-10T19:34:31.301465+00:00
78,1765395271.321898,2025-12-10T19:34:31.321906+00:00
79,1765395271.338836,2025-12-10T19:34:31.338840+00:00
80,1765395271.357928,2025-12-10T19:34:31.357931+00:00
81,1765395271.3746712,2025-12-10T19:34:31.374672+00:00
82,1765395271.395529,2025-12-10T19:34:31.395530+00:00
83,1765395271.412787,2025-12-10T19:34:31.412787+00:00
84,1765395271.433635,2025-12-10T19:34:31.433635+00:00
85,1765395271.451273,2025-12-10T19:34:31.451278+00:00
86,1765395271.472217,2025-12-10T19:34:31.472221+00:00
87,1765395271.493092,2025-12-10T19:34:31.493095+00:00
88,1765395271.513961,2025-12-10T19:34:31.513965+00:00
89,1765395271.534836,2025-12-10T19:34:31.534841+00:00
90,1765395271.5557928,2025-12-10T19:34:31.555801+00:00
91,1765395271.576736,2025-12-10T19:34:31.576740+00:00
92,1765395271.5955572,2025-12-10T19:34:31.595560+00:00
93,1765395271.616447,2025-12-10T19:34:31.616452+00:00
94,1765395271.633193,2025-12-10T19:34:31.633198+00:00
95,1765395271.65409,2025-12-10T19:34:31.654096+00:00
96,1765395271.674989,2025-12-10T19:34:31.674991+00:00
97,1765395271.694635,2025-12-10T19:34:31.694637+00:00
98,1765395271.7155042,2025-12-10T19:34:31.715510+00:00
99,1765395271.7350569,2025-12-10T19:34:31.735060+00:00
100,1765395271.753623,2025-12-10T19:34:31.753626+00:00
101,1765395271.770345,2025-12-10T19:34:31.770346+00:00
102,1765395271.790987,2025-12-10T19:34:31.790998+00:00
103,1765395271.80997,2025-12-10T19:34:31.809973+00:00
104,1765395271.826968,2025-12-10T19:34:31.826971+00:00
105,1765395271.845047,2025-12-10T19:34:31.845048+00:00
106,1765395271.865901,2025-12-10T19:34:31.865901+00:00
107,1765395271.8852339,2025-12-10T19:34:31.885236+00:00
108,1765395271.904686,2025-12-10T19:34:31.904689+00:00
109,1765395271.922266,2025-12-10T19:34:31.922269+00:00
110,1765395271.942359,2025-12-10T19:34:31.942361+00:00
111,1765395271.961366,2025-12-10T19:34:31.961371+00:00
112,1765395271.982243,2025-12-10T19:34:31.982244+00:00
113,1765395272.003119,2025-12-10T19:34:32.003123+00:00
114,1765395272.023535,2025-12-10T19:34:32.023536+00:00
115,1765395272.042582,2025-12-10T19:34:32.042582+00:00
116,1765395272.062428,2025-12-10T19:34:32.062430+00:00
117,1765395272.080056,2025-12-10T19:34:32.080057+00:00
118,1765395272.098956,2025-12-10T19:34:32.098961+00:00
119,1765395272.115704,2025-12-10T19:34:32.115706+00:00
120,1765395272.135951,2025-12-10T19:34:32.135957+00:00
121,1765395272.153737,2025-12-10T19:34:32.153739+00:00
122,1765395272.17461,2025-12-10T19:34:32.174613+00:00
123,1765395272.192665,2025-12-10T19:34:32.192669+00:00
124,1765395272.210253,2025-12-10T19:34:32.210257+00:00
125,1765395272.228576,2025-12-10T19:34:32.228578+00:00
126,1765395272.246974,2025-12-10T19:34:32.246977+00:00
127,1765395272.267328,2025-12-10T19:34:32.267329+00:00
128,1765395272.284959,2025-12-10T19:34:32.284961+00:00
129,1765395272.3055239,2025-12-10T19:34:32.305527+00:00
130,1765395272.3235898,2025-12-10T19:34:32.323595+00:00
131,1765395272.3420029,2025-12-10T19:34:32.342005+00:00
132,1765395272.36213,2025-12-10T19:34:32.362135+00:00
133,1765395272.3823738,2025-12-10T19:34:32.382376+00:00
134,1765395272.403248,2025-12-10T19:34:32.403254+00:00
135,1765395272.421098,2025-12-10T19:34:32.421100+00:00
136,1765395272.441531,2025-12-10T19:34:32.441532+00:00
137,1765395272.4623842,2025-12-10T19:34:32.462388+00:00
138,1765395272.4816089,2025-12-10T19:34:32.481612+00:00
139,1765395272.499958,2025-12-10T19:34:32.499962+00:00
140,1765395272.520861,2025-12-10T19:34:32.520865+00:00
141,1765395272.540858,2025-12-10T19:34:32.540859+00:00
142,1765395272.560543,2025-12-10T19:34:32.560546+00:00
143,1765395272.5795488,2025-12-10T19:34:32.579551+00:00
144,1765395272.600414,2025-12-10T19:34:32.600418+00:00
145,1765395272.617656,2025-12-10T19:34:32.617658+00:00
146,1765395272.6385322,2025-12-10T19:34:32.638537+00:00
147,1765395272.6593301,2025-12-10T19:34:32.659341+00:00
148,1765395272.676942,2025-12-10T19:34:32.676946+00:00
149,1765395272.693944,2025-12-10T19:34:32.693947+00:00
150,1765395272.714439,2025-12-10T19:34:32.714444+00:00
151,1765395272.734405,2025-12-10T19:34:32.734416+00:00
152,1765395272.7554429,2025-12-10T19:34:32.755448+00:00
153,1765395272.776331,2025-12-10T19:34:32.776338+00:00
154,1765395272.7967129,2025-12-10T19:34:32.796716+00:00
155,1765395272.8165388,2025-12-10T19:34:32.816547+00:00
156,1765395272.837458,2025-12-10T19:34:32.837462+00:00
157,1765395272.858335,2025-12-10T19:34:32.858338+00:00
158,1765395272.877162,2025-12-10T19:34:32.877166+00:00
159,1765395272.894198,2025-12-10T19:34:32.894200+00:00
160,1765395272.911381,2025-12-10T19:34:32.911386+00:00
161,1765395272.932278,2025-12-10T19:34:32.932280+00:00
162,1765395272.950974,2025-12-10T19:34:32.950974+00:00
163,1765395272.969537,2025-12-10T19:34:32.969538+00:00
164,1765395272.990396,2025-12-10T19:34:32.990398+00:00
165,1765395273.010278,2025-12-10T19:34:33.010279+00:00
166,1765395273.031126,2025-12-10T19:34:33.031127+00:00
167,1765395273.0519822,2025-12-10T19:34:33.051983+00:00
168,1765395273.072843,2025-12-10T19:34:33.072843+00:00
169,1765395273.093688,2025-12-10T19:34:33.093689+00:00
170,1765395273.112544,2025-12-10T19:34:33.112546+00:00
171,1765395273.1323369,2025-12-10T19:34:33.132341+00:00
172,1765395273.153216,2025-12-10T19:34:33.153220+00:00
173,1765395273.173666,2025-12-10T19:34:33.173671+00:00
174,1765395273.192657,2025-12-10T19:34:33.192660+00:00
175,1765395273.209651,2025-12-10T19:34:33.209654+00:00
176,1765395273.226419,2025-12-10T19:34:33.226423+00:00
177,1765395273.2431722,2025-12-10T19:34:33.243175+00:00
178,1765395273.263125,2025-12-10T19:34:33.263133+00:00
179,1765395273.284053,2025-12-10T19:34:33.284061+00:00
180,1765395273.3020768,2025-12-10T19:34:33.302082+00:00
181,1765395273.322956,2025-12-10T19:34:33.322962+00:00
182,1765395273.343851,2025-12-10T19:34:33.343855+00:00
183,1765395273.36301,2025-12-10T19:34:33.363013+00:00
184,1765395273.383897,2025-12-10T19:34:33.383904+00:00
185,1765395273.402766,2025-12-10T19:34:33.402769+00:00
186,1765395273.4236412,2025-12-10T19:34:33.423645+00:00
187,1765395273.444521,2025-12-10T19:34:33.444523+00:00
188,1765395273.4624908,2025-12-10T19:34:33.462494+00:00
189,1765395273.483377,2025-12-10T19:34:33.483378+00:00
190,1765395273.5042539,2025-12-10T19:34:33.504258+00:00
191,1765395273.52426,2025-12-10T19:34:33.524265+00:00
192,1765395273.541706,2025-12-10T19:34:33.541711+00:00
193,1765395273.558484,2025-12-10T19:34:33.558487+00:00
194,1765395273.579069,2025-12-10T19:34:33.579069+00:00
195,1765395273.59844,2025-12-10T19:34:33.598448+00:00
196,1765395273.6186602,2025-12-10T19:34:33.618663+00:00
197,1765395273.639539,2025-12-10T19:34:33.639545+00:00
198,1765395273.657034,2025-12-10T19:34:33.657044+00:00
199,1765395273.6779451,2025-12-10T19:34:33.677948+00:00
200,1765395273.69882,2025-12-10T19:34:33.698829+00:00
201,1765395273.718175,2025-12-10T19:34:33.718185+00:00
202,1765395273.738216,2025-12-10T19:34:33.738223+00:00
203,1765395273.7559638,2025-12-10T19:34:33.755967+00:00
204,1765395273.77684,2025-12-10T19:34:33.776846+00:00
205,1765395273.797369,2025-12-10T19:34:33.797373+00:00
206,1765395273.81819,2025-12-10T19:34:33.818198+00:00
207,1765395273.8382561,2025-12-10T19:34:33.838260+00:00
208,1765395273.858892,2025-12-10T19:34:33.858895+00:00
209,1765395273.879771,2025-12-10T19:34:33.879774+00:00
210,1765395273.897752,2025-12-10T19:34:33.897757+00:00
211,1765395273.9186392,2025-12-10T19:34:33.918644+00:00
212,1765395273.939522,2025-12-10T19:34:33.939525+00:00
213,1765395273.96012,2025-12-10T19:34:33.960128+00:00
214,1765395273.981055,2025-12-10T19:34:33.981059+00:00
215,1765395273.9997282,2025-12-10T19:34:33.999733+00:00
216,1765395274.020575,2025-12-10T19:34:34.020579+00:00
217,1765395274.041445,2025-12-10T19:34:34.041448+00:00
218,1765395274.0623329,2025-12-10T19:34:34.062338+00:00
219,1765395274.0832949,2025-12-10T19:34:34.083297+00:00
220,1765395274.1019871,2025-12-10T19:34:34.101993+00:00
221,1765395274.1196,2025-12-10T19:34:34.119605+00:00
222,1765395274.139523,2025-12-10T19:34:34.139529+00:00
223,1765395274.1606028,2025-12-10T19:34:34.160609+00:00
224,1765395274.1789792,2025-12-10T19:34:34.178982+00:00
225,1765395274.19786,2025-12-10T19:34:34.197865+00:00
226,1765395274.2185228,2025-12-10T19:34:34.218525+00:00
227,1765395274.2389498,2025-12-10T19:34:34.238954+00:00
228,1765395274.25983,2025-12-10T19:34:34.259834+00:00
229,1765395274.279144,2025-12-10T19:34:34.279148+00:00
230,1765395274.3000221,2025-12-10T19:34:34.300030+00:00
231,1765395274.3210628,2025-12-10T19:34:34.321066+00:00
232,1765395274.340318,2025-12-10T19:34:34.340323+00:00
233,1765395274.360287,2025-12-10T19:34:34.360298+00:00
234,1765395274.381206,2025-12-10T19:34:34.381212+00:00
235,1765395274.4019651,2025-12-10T19:34:34.401975+00:00
236,1765395274.4228868,2025-12-10T19:34:34.422891+00:00
237,1765395274.442695,2025-12-10T19:34:34.442697+00:00
238,1765395274.4612858,2025-12-10T19:34:34.461289+00:00
239,1765395274.482188,2025-12-10T19:34:34.482192+00:00
240,1765395274.5030138,2025-12-10T19:34:34.503018+00:00
241,1765395274.520823,2025-12-10T19:34:34.520827+00:00
242,1765395274.544016,2025-12-10T19:34:34.544022+00:00
243,1765395274.564539,2025-12-10T19:34:34.564544+00:00
244,1765395274.5854342,2025-12-10T19:34:34.585438+00:00
245,1765395274.606258,2025-12-10T19:34:34.606262+00:00
246,1765395274.6271412,2025-12-10T19:34:34.627146+00:00
247,1765395274.646847,2025-12-10T19:34:34.646852+00:00
248,1765395274.664999,2025-12-10T19:34:34.665026+00:00
249,1765395274.685907,2025-12-10T19:34:34.685912+00:00
250,1765395274.706052,2025-12-10T19:34:34.706057+00:00
251,1765395274.7271721,2025-12-10T19:34:34.727179+00:00
252,1765395274.7478158,2025-12-10T19:34:34.747820+00:00
253,1765395274.768707,2025-12-10T19:34:34.768711+00:00
254,1765395274.7895849,2025-12-10T19:34:34.789593+00:00
255,1765395274.807735,2025-12-10T19:34:34.807738+00:00
256,1765395274.828608,2025-12-10T19:34:34.828612+00:00
257,1765395274.84802,2025-12-10T19:34:34.848024+00:00
258,1765395274.866574,2025-12-10T19:34:34.866582+00:00
259,1765395274.887479,2025-12-10T19:34:34.887480+00:00
260,1765395274.908349,2025-12-10T19:34:34.908354+00:00
261,1765395274.927382,2025-12-10T19:34:34.927383+00:00
262,1765395274.948236,2025-12-10T19:34:34.948237+00:00
263,1765395274.968127,2025-12-10T19:34:34.968129+00:00
264,1765395274.989003,2025-12-10T19:34:34.989006+00:00
265,1765395275.005805,2025-12-10T19:34:35.005807+00:00
266,1765395275.0226161,2025-12-10T19:34:35.022617+00:00
267,1765395275.04349,2025-12-10T19:34:35.043495+00:00
268,1765395275.064367,2025-12-10T19:34:35.064369+00:00
269,1765395275.083916,2025-12-10T19:34:35.083918+00:00
270,1765395275.1047812,2025-12-10T19:34:35.104786+00:00
271,1765395275.122217,2025-12-10T19:34:35.122222+00:00
272,1765395275.143151,2025-12-10T19:34:35.143152+00:00
273,1765395275.16063,2025-12-10T19:34:35.160634+00:00
274,1765395275.181515,2025-12-10T19:34:35.181519+00:00
275,1765395275.201946,2025-12-10T19:34:35.201950+00:00
276,1765395275.2223868,2025-12-10T19:34:35.222393+00:00
277,1765395275.243296,2025-12-10T19:34:35.243299+00:00
278,1765395275.263461,2025-12-10T19:34:35.263466+00:00
279,1765395275.2828958,2025-12-10T19:34:35.282901+00:00
280,1765395275.300511,2025-12-10T19:34:35.300516+00:00
281,1765395275.319055,2025-12-10T19:34:35.319059+00:00
282,1765395275.33993,2025-12-10T19:34:35.339936+00:00
283,1765395275.3603048,2025-12-10T19:34:35.360309+00:00
284,1765395275.3785899,2025-12-10T19:34:35.378595+00:00
285,1765395275.397132,2025-12-10T19:34:35.397141+00:00
286,1765395275.4144,2025-12-10T19:34:35.414405+00:00
287,1765395275.434272,2025-12-10T19:34:35.434276+00:00
288,1765395275.455165,2025-12-10T19:34:35.455171+00:00
289,1765395275.476089,2025-12-10T19:34:35.476098+00:00
290,1765395275.497012,2025-12-10T19:34:35.497014+00:00
291,1765395275.517907,2025-12-10T19:34:35.517912+00:00
292,1765395275.536236,2025-12-10T19:34:35.536237+00:00
293,1765395275.5571,2025-12-10T19:34:35.557103+00:00
294,1765395275.574084,2025-12-10T19:34:35.574086+00:00
295,1765395275.594753,2025-12-10T19:34:35.594756+00:00
296,1765395275.6141288,2025-12-10T19:34:35.614132+00:00
297,1765395275.63138,2025-12-10T19:34:35.631384+00:00
298,1765395275.6500502,2025-12-10T19:34:35.650051+00:00
299,1765395275.6676102,2025-12-10T19:34:35.667616+00:00
300,1765395275.685965,2025-12-10T19:34:35.685968+00:00
301,1765395275.7061162,2025-12-10T19:34:35.706120+00:00
302,1765395275.725814,2025-12-10T19:34:35.725815+00:00
303,1765395275.7466722,2025-12-10T19:34:35.746675+00:00
304,1765395275.7649238,2025-12-10T19:34:35.764928+00:00
305,1765395275.785821,2025-12-10T19:34:35.785826+00:00
306,1765395275.806725,2025-12-10T19:34:35.806728+00:00
307,1765395275.824287,2025-12-10T19:34:35.824303+00:00
308,1765395275.841393,2025-12-10T19:34:35.841395+00:00
309,1765395275.860696,2025-12-10T19:34:35.860699+00:00
310,1765395275.878363,2025-12-10T19:34:35.878366+00:00
311,1765395275.897967,2025-12-10T19:34:35.897970+00:00
312,1765395275.918797,2025-12-10T19:34:35.918800+00:00
313,1765395275.9396842,2025-12-10T19:34:35.939688+00:00
314,1765395275.960565,2025-12-10T19:34:35.960570+00:00
315,1765395275.977761,2025-12-10T19:34:35.977764+00:00
316,1765395275.997974,2025-12-10T19:34:35.997980+00:00
317,1765395276.018892,2025-12-10T19:34:36.018897+00:00
318,1765395276.036858,2025-12-10T19:34:36.036860+00:00
319,1765395276.0577128,2025-12-10T19:34:36.057714+00:00
320,1765395276.078579,2025-12-10T19:34:36.078582+00:00
321,1765395276.099465,2025-12-10T19:34:36.099468+00:00
322,1765395276.12033,2025-12-10T19:34:36.120331+00:00
323,1765395276.1411998,2025-12-10T19:34:36.141202+00:00
324,1765395276.162095,2025-12-10T19:34:36.162102+00:00
325,1765395276.181128,2025-12-10T19:34:36.181130+00:00
326,1765395276.198105,2025-12-10T19:34:36.198108+00:00
327,1765395276.218848,2025-12-10T19:34:36.218850+00:00
328,1765395276.237942,2025-12-10T19:34:36.237948+00:00
329,1765395276.256326,2025-12-10T19:34:36.256329+00:00
330,1765395276.277194,2025-12-10T19:34:36.277196+00:00
331,1765395276.2976482,2025-12-10T19:34:36.297651+00:00
332,1765395276.314371,2025-12-10T19:34:36.314377+00:00
333,1765395276.335267,2025-12-10T19:34:36.335270+00:00
334,1765395276.356163,2025-12-10T19:34:36.356166+00:00
335,1765395276.373373,2025-12-10T19:34:36.373377+00:00
336,1765395276.39426,2025-12-10T19:34:36.394264+00:00
337,1765395276.4148219,2025-12-10T19:34:36.414826+00:00
338,1765395276.435694,2025-12-10T19:34:36.435695+00:00
339,1765395276.456553,2025-12-10T19:34:36.456557+00:00
340,1765395276.4760199,2025-12-10T19:34:36.476022+00:00
341,1765395276.49537,2025-12-10T19:34:36.495373+00:00
342,1765395276.514843,2025-12-10T19:34:36.514848+00:00
343,1765395276.5327759,2025-12-10T19:34:36.532779+00:00
344,1765395276.5536609,2025-12-10T19:34:36.553663+00:00
345,1765395276.574535,2025-12-10T19:34:36.574539+00:00
346,1765395276.595427,2025-12-10T19:34:36.595428+00:00
347,1765395276.6124558,2025-12-10T19:34:36.612458+00:00
348,1765395276.633149,2025-12-10T19:34:36.633149+00:00
349,1765395276.650506,2025-12-10T19:34:36.650508+00:00
350,1765395276.6691542,2025-12-10T19:34:36.669163+00:00
351,1765395276.6869462,2025-12-10T19:34:36.686950+00:00
352,1765395276.704984,2025-12-10T19:34:36.704987+00:00
353,1765395276.725597,2025-12-10T19:34:36.725600+00:00
354,1765395276.746453,2025-12-10T19:34:36.746456+00:00
355,1765395276.764468,2025-12-10T19:34:36.764476+00:00
356,1765395276.7853692,2025-12-10T19:34:36.785374+00:00
357,1765395276.8062248,2025-12-10T19:34:36.806227+00:00
358,1765395276.826195,2025-12-10T19:34:36.826200+00:00
359,1765395276.847092,2025-12-10T19:34:36.847096+00:00
360,1765395276.8650382,2025-12-10T19:34:36.865040+00:00
361,1765395276.885917,2025-12-10T19:34:36.885919+00:00
362,1765395276.906341,2025-12-10T19:34:36.906346+00:00
363,1765395276.9272609,2025-12-10T19:34:36.927268+00:00
364,1765395276.948051,2025-12-10T19:34:36.948054+00:00
365,1765395276.968794,2025-12-10T19:34:36.968795+00:00
366,1765395276.986284,2025-12-10T19:34:36.986290+00:00
367,1765395277.005203,2025-12-10T19:34:37.005205+00:00
368,1765395277.0232599,2025-12-10T19:34:37.023262+00:00
369,1765395277.044126,2025-12-10T19:34:37.044128+00:00
370,1765395277.064998,2025-12-10T19:34:37.065000+00:00
371,1765395277.0858738,2025-12-10T19:34:37.085878+00:00
372,1765395277.1070368,2025-12-10T19:34:37.107039+00:00
373,1765395277.127904,2025-12-10T19:34:37.127908+00:00
374,1765395277.148782,2025-12-10T19:34:37.148783+00:00
375,1765395277.167474,2025-12-10T19:34:37.167479+00:00
376,1765395277.188354,2025-12-10T19:34:37.188356+00:00
377,1765395277.2092109,2025-12-10T19:34:37.209212+00:00
378,1765395277.230073,2025-12-10T19:34:37.230077+00:00
379,1765395277.2475688,2025-12-10T19:34:37.247573+00:00
380,1765395277.2644649,2025-12-10T19:34:37.264477+00:00
381,1765395277.284755,2025-12-10T19:34:37.284758+00:00
382,1765395277.3056169,2025-12-10T19:34:37.305620+00:00
383,1765395277.322934,2025-12-10T19:34:37.322938+00:00
384,1765395277.3438232,2025-12-10T19:34:37.343828+00:00
385,1765395277.3646731,2025-12-10T19:34:37.364675+00:00
386,1765395277.385536,2025-12-10T19:34:37.385538+00:00
387,1765395277.4063969,2025-12-10T19:34:37.406400+00:00
388,1765395277.42689,2025-12-10T19:34:37.426891+00:00
389,1765395277.4477608,2025-12-10T19:34:37.447764+00:00
390,1765395277.4646,2025-12-10T19:34:37.464601+00:00
391,1765395277.48143,2025-12-10T19:34:37.481435+00:00
392,1765395277.4981802,2025-12-10T19:34:37.498181+00:00
393,1765395277.5186272,2025-12-10T19:34:37.518633+00:00
394,1765395277.538553,2025-12-10T19:34:37.538561+00:00
395,1765395277.559475,2025-12-10T19:34:37.559480+00:00
396,1765395277.5803761,2025-12-10T19:34:37.580378+00:00
397,1765395277.597971,2025-12-10T19:34:37.597973+00:00
398,1765395277.618848,2025-12-10T19:34:37.618852+00:00
399,1765395277.639745,2025-12-10T19:34:37.639747+00:00
400,1765395277.656538,2025-12-10T19:34:37.656542+00:00
401,1765395277.674639,2025-12-10T19:34:37.674646+00:00
402,1765395277.6955168,2025-12-10T19:34:37.695522+00:00
403,1765395277.714787,2025-12-10T19:34:37.714792+00:00
404,1765395277.735698,2025-12-10T19:34:37.735706+00:00
405,1765395277.7571552,2025-12-10T19:34:37.757166+00:00
406,1765395277.778075,2025-12-10T19:34:37.778082+00:00
407,1765395277.798087,2025-12-10T19:34:37.798092+00:00
408,1765395277.8177001,2025-12-10T19:34:37.817704+00:00
409,1765395277.838586,2025-12-10T19:34:37.838587+00:00
410,1765395277.856334,2025-12-10T19:34:37.856340+00:00
411,1765395277.8772109,2025-12-10T19:34:37.877214+00:00
412,1765395277.898064,2025-12-10T19:34:37.898067+00:00
413,1765395277.918936,2025-12-10T19:34:37.918942+00:00
414,1765395277.9398348,2025-12-10T19:34:37.939837+00:00
415,1765395277.960703,2025-12-10T19:34:37.960706+00:00
416,1765395277.981387,2025-12-10T19:34:37.981394+00:00
417,1765395278.002298,2025-12-10T19:34:38.002301+00:00
418,1765395278.021096,2025-12-10T19:34:38.021099+00:00
419,1765395278.039178,2025-12-10T19:34:38.039180+00:00
420,1765395278.059482,2025-12-10T19:34:38.059488+00:00
421,1765395278.080374,2025-12-10T19:34:38.080376+00:00
422,1765395278.097576,2025-12-10T19:34:38.097581+00:00
423,1765395278.114482,2025-12-10T19:34:38.114489+00:00
424,1765395278.131979,2025-12-10T19:34:38.131983+00:00
425,1765395278.1510358,2025-12-10T19:34:38.151039+00:00
426,1765395278.169442,2025-12-10T19:34:38.169452+00:00
427,1765395278.1903648,2025-12-10T19:34:38.190370+00:00
428,1765395278.208055,2025-12-10T19:34:38.208058+00:00
429,1765395278.228926,2025-12-10T19:34:38.228929+00:00
430,1765395278.249321,2025-12-10T19:34:38.249323+00:00
431,1765395278.2701938,2025-12-10T19:34:38.270198+00:00
432,1765395278.290896,2025-12-10T19:34:38.290901+00:00
433,1765395278.310024,2025-12-10T19:34:38.310027+00:00
434,1765395278.3309078,2025-12-10T19:34:38.330913+00:00
435,1765395278.351805,2025-12-10T19:34:38.351806+00:00
436,1765395278.372919,2025-12-10T19:34:38.373015+00:00
437,1765395278.393903,2025-12-10T19:34:38.393905+00:00
438,1765395278.414772,2025-12-10T19:34:38.414775+00:00
439,1765395278.435313,2025-12-10T19:34:38.435317+00:00
440,1765395278.4536939,2025-12-10T19:34:38.453698+00:00
441,1765395278.474602,2025-12-10T19:34:38.474608+00:00
442,1765395278.4954948,2025-12-10T19:34:38.495498+00:00
443,1765395278.516373,2025-12-10T19:34:38.516377+00:00
444,1765395278.537318,2025-12-10T19:34:38.537322+00:00
445,1765395278.555022,2025-12-10T19:34:38.555023+00:00
446,1765395278.574616,2025-12-10T19:34:38.574619+00:00
447,1765395278.59551,2025-12-10T19:34:38.595512+00:00
448,1765395278.616394,2025-12-10T19:34:38.616397+00:00
449,1765395278.6367009,2025-12-10T19:34:38.636701+00:00
450,1765395278.6575549,2025-12-10T19:34:38.657555+00:00
451,1765395278.678442,2025-12-10T19:34:38.678446+00:00
452,1765395278.699307,2025-12-10T19:34:38.699309+00:00
453,1765395278.7201622,2025-12-10T19:34:38.720163+00:00
454,1765395278.7410402,2025-12-10T19:34:38.741043+00:00
455,1765395278.7594612,2025-12-10T19:34:38.759462+00:00
456,1765395278.779967,2025-12-10T19:34:38.779968+00:00
457,1765395278.798195,2025-12-10T19:34:38.798198+00:00
458,1765395278.819059,2025-12-10T19:34:38.819059+00:00
459,1765395278.837504,2025-12-10T19:34:38.837508+00:00
460,1765395278.854887,2025-12-10T19:34:38.854888+00:00
461,1765395278.8757381,2025-12-10T19:34:38.875739+00:00
462,1765395278.896131,2025-12-10T19:34:38.896134+00:00
463,1765395278.916801,2025-12-10T19:34:38.916803+00:00
464,1765395278.938081,2025-12-10T19:34:38.938086+00:00
465,1765395278.95856,2025-12-10T19:34:38.958566+00:00
466,1765395278.977859,2025-12-10T19:34:38.977863+00:00
467,1765395278.998734,2025-12-10T19:34:38.998738+00:00
468,1765395279.0173209,2025-12-10T19:34:39.017325+00:00
469,1765395279.038204,2025-12-10T19:34:39.038208+00:00
470,1765395279.0586119,2025-12-10T19:34:39.058618+00:00
471,1765395279.076271,2025-12-10T19:34:39.076273+00:00
472,1765395279.097127,2025-12-10T19:34:39.097128+00:00
473,1765395279.1148229,2025-12-10T19:34:39.114823+00:00
474,1765395279.134478,2025-12-10T19:34:39.134480+00:00
475,1765395279.1517272,2025-12-10T19:34:39.151728+00:00
476,1765395279.168572,2025-12-10T19:34:39.168573+00:00
477,1765395279.187705,2025-12-10T19:34:39.187709+00:00
478,1765395279.206147,2025-12-10T19:34:39.206152+00:00
479,1765395279.224268,2025-12-10T19:34:39.224271+00:00
480,1765395279.244778,2025-12-10T19:34:39.244781+00:00
481,1765395279.265301,2025-12-10T19:34:39.265306+00:00
482,1765395279.284784,2025-12-10T19:34:39.284786+00:00
483,1765395279.305669,2025-12-10T19:34:39.305672+00:00
484,1765395279.32655,2025-12-10T19:34:39.326554+00:00
485,1765395279.3474329,2025-12-10T19:34:39.347436+00:00
486,1765395279.3681548,2025-12-10T19:34:39.368160+00:00
487,1765395279.389046,2025-12-10T19:34:39.389047+00:00
488,1765395279.406146,2025-12-10T19:34:39.406150+00:00
489,1765395279.427049,2025-12-10T19:34:39.427050+00:00
490,1765395279.447937,2025-12-10T19:34:39.447937+00:00
491,1765395279.46879,2025-12-10T19:34:39.468794+00:00
492,1765395279.489696,2025-12-10T19:34:39.489699+00:00
493,1765395279.5082188,2025-12-10T19:34:39.508222+00:00
494,1765395279.527168,2025-12-10T19:34:39.527171+00:00
495,1765395279.5480618,2025-12-10T19:34:39.548064+00:00
496,1765395279.568955,2025-12-10T19:34:39.568961+00:00
497,1765395279.589689,2025-12-10T19:34:39.589692+00:00
498,1765395279.606775,2025-12-10T19:34:39.606776+00:00
499,1765395279.6276321,2025-12-10T19:34:39.627633+00:00
500,1765395279.6484768,2025-12-10T19:34:39.648479+00:00
501,1765395279.668496,2025-12-10T19:34:39.668502+00:00
502,1765395279.688523,2025-12-10T19:34:39.688527+00:00
503,1765395279.709395,2025-12-10T19:34:39.709399+00:00
504,1765395279.726499,2025-12-10T19:34:39.726504+00:00
505,1765395279.747408,2025-12-10T19:34:39.747413+00:00
506,1765395279.7683132,2025-12-10T19:34:39.768320+00:00
507,1765395279.786416,2025-12-10T19:34:39.786417+00:00
508,1765395279.8072882,2025-12-10T19:34:39.807291+00:00
509,1765395279.826977,2025-12-10T19:34:39.826979+00:00
510,1765395279.8478541,2025-12-10T19:34:39.847859+00:00
511,1765395279.864702,2025-12-10T19:34:39.864703+00:00
512,1765395279.885184,2025-12-10T19:34:39.885184+00:00
513,1765395279.90197,2025-12-10T19:34:39.901970+00:00
514,1765395279.922834,2025-12-10T19:34:39.922840+00:00
515,1765395279.943506,2025-12-10T19:34:39.943508+00:00
516,1765395279.964381,2025-12-10T19:34:39.964382+00:00
517,1765395279.985205,2025-12-10T19:34:39.985206+00:00
518,1765395280.0060558,2025-12-10T19:34:40.006057+00:00
519,1765395280.0255098,2025-12-10T19:34:40.025512+00:00
520,1765395280.043655,2025-12-10T19:34:40.043656+00:00
521,1765395280.064509,2025-12-10T19:34:40.064513+00:00
522,1765395280.083136,2025-12-10T19:34:40.083138+00:00
523,1765395280.1039941,2025-12-10T19:34:40.103999+00:00
524,1765395280.124903,2025-12-10T19:34:40.124906+00:00
525,1765395280.145795,2025-12-10T19:34:40.145798+00:00
526,1765395280.163548,2025-12-10T19:34:40.163551+00:00
527,1765395280.18284,2025-12-10T19:34:40.182841+00:00
528,1765395280.203711,2025-12-10T19:34:40.203715+00:00
529,1765395280.224607,2025-12-10T19:34:40.224610+00:00
530,1765395280.2454689,2025-12-10T19:34:40.245471+00:00
531,1765395280.266326,2025-12-10T19:34:40.266327+00:00
532,1765395280.286744,2025-12-10T19:34:40.286746+00:00
533,1765395280.307606,2025-12-10T19:34:40.307608+00:00
534,1765395280.328468,2025-12-10T19:34:40.328471+00:00
535,1765395280.349344,2025-12-10T19:34:40.349348+00:00
536,1765395280.368348,2025-12-10T19:34:40.368352+00:00
537,1765395280.385698,2025-12-10T19:34:40.385704+00:00
538,1765395280.406349,2025-12-10T19:34:40.406353+00:00
539,1765395280.4267561,2025-12-10T19:34:40.426758+00:00
540,1765395280.447647,2025-12-10T19:34:40.447653+00:00
541,1765395280.468553,2025-12-10T19:34:40.468556+00:00
542,1765395280.485445,2025-12-10T19:34:40.485460+00:00
543,1765395280.504235,2025-12-10T19:34:40.504239+00:00
544,1765395280.52126,2025-12-10T19:34:40.521263+00:00
545,1765395280.542131,2025-12-10T19:34:40.542134+00:00
546,1765395280.56025,2025-12-10T19:34:40.560255+00:00
547,1765395280.5807328,2025-12-10T19:34:40.580738+00:00
548,1765395280.601632,2025-12-10T19:34:40.601638+00:00
549,1765395280.6225762,2025-12-10T19:34:40.622589+00:00
550,1765395280.643496,2025-12-10T19:34:40.643502+00:00
551,1765395280.664415,2025-12-10T19:34:40.664418+00:00
552,1765395280.682525,2025-12-10T19:34:40.682528+00:00
553,1765395280.701979,2025-12-10T19:34:40.701983+00:00
554,1765395280.718792,2025-12-10T19:34:40.718797+00:00
555,1765395280.739691,2025-12-10T19:34:40.739696+00:00
556,1765395280.760027,2025-12-10T19:34:40.760031+00:00
557,1765395280.7809112,2025-12-10T19:34:40.780917+00:00
558,1765395280.798792,2025-12-10T19:34:40.798797+00:00
559,1765395280.8196852,2025-12-10T19:34:40.819690+00:00
560,1765395280.836652,2025-12-10T19:34:40.836657+00:00
561,1765395280.857323,2025-12-10T19:34:40.857327+00:00
562,1765395280.877215,2025-12-10T19:34:40.877219+00:00
563,1765395280.897978,2025-12-10T19:34:40.897984+00:00
564,1765395280.918079,2025-12-10T19:34:40.918084+00:00
565,1765395280.9389791,2025-12-10T19:34:40.938983+00:00
566,1765395280.959868,2025-12-10T19:34:40.959873+00:00
567,1765395280.980194,2025-12-10T19:34:40.980199+00:00
568,1765395281.001081,2025-12-10T19:34:41.001085+00:00
569,1765395281.018871,2025-12-10T19:34:41.018880+00:00
570,1765395281.0398028,2025-12-10T19:34:41.039811+00:00
571,1765395281.059922,2025-12-10T19:34:41.059930+00:00
572,1765395281.080838,2025-12-10T19:34:41.080841+00:00
573,1765395281.101724,2025-12-10T19:34:41.101727+00:00
574,1765395281.121896,2025-12-10T19:34:41.121902+00:00
575,1765395281.142807,2025-12-10T19:34:41.142812+00:00
576,1765395281.163361,2025-12-10T19:34:41.163363+00:00
577,1765395281.184227,2025-12-10T19:34:41.184228+00:00
578,1765395281.204458,2025-12-10T19:34:41.204462+00:00
579,1765395281.22142,2025-12-10T19:34:41.221423+00:00
580,1765395281.2395608,2025-12-10T19:34:41.239566+00:00
581,1765395281.259862,2025-12-10T19:34:41.259871+00:00
582,1765395281.278974,2025-12-10T19:34:41.278977+00:00
583,1765395281.296822,2025-12-10T19:34:41.296827+00:00
584,1765395281.31775,2025-12-10T19:34:41.317768+00:00
585,1765395281.3386571,2025-12-10T19:34:41.338659+00:00
586,1765395281.360246,2025-12-10T19:34:41.360251+00:00
587,1765395281.377759,2025-12-10T19:34:41.377762+00:00
588,1765395281.3978188,2025-12-10T19:34:41.397821+00:00
589,1765395281.418675,2025-12-10T19:34:41.418676+00:00
590,1765395281.437311,2025-12-10T19:34:41.437316+00:00
591,1765395281.458213,2025-12-10T19:34:41.458215+00:00
592,1765395281.4790678,2025-12-10T19:34:41.479072+00:00
593,1765395281.498979,2025-12-10T19:34:41.498980+00:00
594,1765395281.5198379,2025-12-10T19:34:41.519839+00:00
595,1765395281.5384169,2025-12-10T19:34:41.538422+00:00
596,1765395281.5578592,2025-12-10T19:34:41.557863+00:00
597,1765395281.5759099,2025-12-10T19:34:41.575912+00:00
598,1765395281.594736,2025-12-10T19:34:41.594741+00:00
599,1765395281.614644,2025-12-10T19:34:41.614649+00:00
600,1765395281.634378,2025-12-10T19:34:41.634380+00:00
601,1765395281.6552489,2025-12-10T19:34:41.655251+00:00
602,1765395281.676121,2025-12-10T19:34:41.676122+00:00
603,1765395281.6969779,2025-12-10T19:34:41.696978+00:00
604,1765395281.7156322,2025-12-10T19:34:41.715634+00:00
605,1765395281.736562,2025-12-10T19:34:41.736565+00:00
606,1765395281.7561579,2025-12-10T19:34:41.756162+00:00
607,1765395281.7770329,2025-12-10T19:34:41.777035+00:00
608,1765395281.794601,2025-12-10T19:34:41.794603+00:00
609,1765395281.813515,2025-12-10T19:34:41.813517+00:00
610,1765395281.832674,2025-12-10T19:34:41.832677+00:00
611,1765395281.853569,2025-12-10T19:34:41.853571+00:00
612,1765395281.872774,2025-12-10T19:34:41.872775+00:00
613,1765395281.8938859,2025-12-10T19:34:41.893889+00:00
614,1765395281.91078,2025-12-10T19:34:41.910782+00:00
615,1765395281.93057,2025-12-10T19:34:41.930572+00:00
616,1765395281.94945,2025-12-10T19:34:41.949456+00:00
617,1765395281.9703538,2025-12-10T19:34:41.970356+00:00
618,1765395281.991221,2025-12-10T19:34:41.991224+00:00
619,1765395282.011445,2025-12-10T19:34:42.011448+00:00
620,1765395282.031777,2025-12-10T19:34:42.031779+00:00
621,1765395282.0526469,2025-12-10T19:34:42.052653+00:00
622,1765395282.072387,2025-12-10T19:34:42.072390+00:00
623,1765395282.093272,2025-12-10T19:34:42.093273+00:00
624,1765395282.113638,2025-12-10T19:34:42.113638+00:00
625,1765395282.134503,2025-12-10T19:34:42.134508+00:00
626,1765395282.155402,2025-12-10T19:34:42.155403+00:00
627,1765395282.172608,2025-12-10T19:34:42.172610+00:00
628,1765395282.193474,2025-12-10T19:34:42.193475+00:00
629,1765395282.214324,2025-12-10T19:34:42.214327+00:00
630,1765395282.2351959,2025-12-10T19:34:42.235202+00:00
631,1765395282.256078,2025-12-10T19:34:42.256080+00:00
632,1765395282.276941,2025-12-10T19:34:42.276945+00:00
633,1765395282.297838,2025-12-10T19:34:42.297841+00:00
634,1765395282.318672,2025-12-10T19:34:42.318676+00:00
635,1765395282.3360882,2025-12-10T19:34:42.336090+00:00
636,1765395282.356661,2025-12-10T19:34:42.356664+00:00
637,1765395282.3770418,2025-12-10T19:34:42.377046+00:00
638,1765395282.3956962,2025-12-10T19:34:42.395699+00:00
639,1765395282.416568,2025-12-10T19:34:42.416569+00:00
640,1765395282.436217,2025-12-10T19:34:42.436217+00:00
641,1765395282.455177,2025-12-10T19:34:42.455178+00:00
642,1765395282.4760299,2025-12-10T19:34:42.476031+00:00
643,1765395282.494786,2025-12-10T19:34:42.494788+00:00
644,1765395282.515658,2025-12-10T19:34:42.515661+00:00
645,1765395282.536561,2025-12-10T19:34:42.536564+00:00
646,1765395282.555388,2025-12-10T19:34:42.555389+00:00
647,1765395282.576256,2025-12-10T19:34:42.576260+00:00
648,1765395282.597139,2025-12-10T19:34:42.597140+00:00
649,1765395282.6144981,2025-12-10T19:34:42.614498+00:00
650,1765395282.6339898,2025-12-10T19:34:42.633992+00:00
651,1765395282.652155,2025-12-10T19:34:42.652156+00:00
652,1765395282.6730251,2025-12-10T19:34:42.673031+00:00
653,1765395282.691492,2025-12-10T19:34:42.691495+00:00
654,1765395282.70962,2025-12-10T19:34:42.709622+00:00
655,1765395282.726992,2025-12-10T19:34:42.726996+00:00
656,1765395282.747155,2025-12-10T19:34:42.747184+00:00
657,1765395282.764228,2025-12-10T19:34:42.764238+00:00
658,1765395282.785177,2025-12-10T19:34:42.785183+00:00
659,1765395282.8060749,2025-12-10T19:34:42.806080+00:00
660,1765395282.825231,2025-12-10T19:34:42.825236+00:00
661,1765395282.842258,2025-12-10T19:34:42.842261+00:00
662,1765395282.8631418,2025-12-10T19:34:42.863146+00:00
663,1765395282.8827462,2025-12-10T19:34:42.882758+00:00
664,1765395282.903677,2025-12-10T19:34:42.903681+00:00
665,1765395282.9222999,2025-12-10T19:34:42.922301+00:00
666,1765395282.940247,2025-12-10T19:34:42.940250+00:00
667,1765395282.960611,2025-12-10T19:34:42.960615+00:00
668,1765395282.9807382,2025-12-10T19:34:42.980738+00:00
669,1765395282.997952,2025-12-10T19:34:42.997956+00:00
670,1765395283.0177379,2025-12-10T19:34:43.017739+00:00
671,1765395283.0351481,2025-12-10T19:34:43.035149+00:00
672,1765395283.0554502,2025-12-10T19:34:43.055452+00:00
673,1765395283.0759192,2025-12-10T19:34:43.075920+00:00
674,1765395283.096787,2025-12-10T19:34:43.096789+00:00
675,1765395283.114744,2025-12-10T19:34:43.114748+00:00
676,1765395283.135623,2025-12-10T19:34:43.135627+00:00
677,1765395283.155264,2025-12-10T19:34:43.155273+00:00
678,1765395283.176175,2025-12-10T19:34:43.176176+00:00
679,1765395283.195349,2025-12-10T19:34:43.195353+00:00
680,1765395283.216253,2025-12-10T19:34:43.216257+00:00
681,1765395283.237151,2025-12-10T19:34:43.237157+00:00
682,1765395283.256454,2025-12-10T19:34:43.256464+00:00
683,1765395283.277015,2025-12-10T19:34:43.277019+00:00
684,1765395283.297902,2025-12-10T19:34:43.297906+00:00
685,1765395283.3167748,2025-12-10T19:34:43.316777+00:00
686,1765395283.337638,2025-12-10T19:34:43.337639+00:00
687,1765395283.357388,2025-12-10T19:34:43.357389+00:00
688,1765395283.376724,2025-12-10T19:34:43.376727+00:00
689,1765395283.393673,2025-12-10T19:34:43.393674+00:00
690,1765395283.414523,2025-12-10T19:34:43.414524+00:00
691,1765395283.435361,2025-12-10T19:34:43.435365+00:00
692,1765395283.4521751,2025-12-10T19:34:43.452178+00:00
693,1765395283.471056,2025-12-10T19:34:43.471060+00:00
694,1765395283.491947,2025-12-10T19:34:43.491948+00:00
695,1765395283.512835,2025-12-10T19:34:43.512838+00:00
696,1765395283.532249,2025-12-10T19:34:43.532253+00:00
697,1765395283.551893,2025-12-10T19:34:43.551898+00:00
698,1765395283.5728068,2025-12-10T19:34:43.572812+00:00
699,1765395283.5903711,2025-12-10T19:34:43.590372+00:00
700,1765395283.611231,2025-12-10T19:34:43.611231+00:00
701,1765395283.632082,2025-12-10T19:34:43.632083+00:00
702,1765395283.649112,2025-12-10T19:34:43.649113+00:00
703,1765395283.6699898,2025-12-10T19:34:43.669992+00:00
704,1765395283.6892512,2025-12-10T19:34:43.689253+00:00
705,1765395283.710124,2025-12-10T19:34:43.710124+00:00
706,1765395283.7309718,2025-12-10T19:34:43.730974+00:00
707,1765395283.74942,2025-12-10T19:34:43.749426+00:00
708,1765395283.7671318,2025-12-10T19:34:43.767134+00:00
709,1765395283.788007,2025-12-10T19:34:43.788010+00:00
710,1765395283.8080692,2025-12-10T19:34:43.808072+00:00
711,1765395283.824982,2025-12-10T19:34:43.824982+00:00
712,1765395283.844434,2025-12-10T19:34:43.844437+00:00
713,1765395283.8612878,2025-12-10T19:34:43.861289+00:00
714,1765395283.8821461,2025-12-10T19:34:43.882148+00:00
715,1765395283.902029,2025-12-10T19:34:43.902032+00:00
716,1765395283.922899,2025-12-10T19:34:43.922900+00:00
717,1765395283.940678,2025-12-10T19:34:43.940679+00:00
718,1765395283.960717,2025-12-10T19:34:43.960719+00:00
719,1765395283.978796,2025-12-10T19:34:43.978801+00:00
720,1765395283.999694,2025-12-10T19:34:43.999696+00:00
721,1765395284.02009,2025-12-10T19:34:44.020092+00:00
722,1765395284.0386,2025-12-10T19:34:44.038602+00:00
723,1765395284.055768,2025-12-10T19:34:44.055771+00:00
724,1765395284.0766442,2025-12-10T19:34:44.076647+00:00
725,1765395284.0975192,2025-12-10T19:34:44.097520+00:00
726,1765395284.116178,2025-12-10T19:34:44.116178+00:00
727,1765395284.13703,2025-12-10T19:34:44.137032+00:00
728,1765395284.157075,2025-12-10T19:34:44.157079+00:00
729,1765395284.175541,2025-12-10T19:34:44.175546+00:00
730,1765395284.196408,2025-12-10T19:34:44.196422+00:00
731,1765395284.214785,2025-12-10T19:34:44.214787+00:00
732,1765395284.235439,2025-12-10T19:34:44.235444+00:00
733,1765395284.256315,2025-12-10T19:34:44.256321+00:00
734,1765395284.27702,2025-12-10T19:34:44.277029+00:00
735,1765395284.296336,2025-12-10T19:34:44.296338+00:00
736,1765395284.31636,2025-12-10T19:34:44.316361+00:00
737,1765395284.334698,2025-12-10T19:34:44.334699+00:00
738,1765395284.352015,2025-12-10T19:34:44.352017+00:00
739,1765395284.372882,2025-12-10T19:34:44.372883+00:00
740,1765395284.393754,2025-12-10T19:34:44.393757+00:00
741,1765395284.413603,2025-12-10T19:34:44.413606+00:00
742,1765395284.431675,2025-12-10T19:34:44.431676+00:00
743,1765395284.452033,2025-12-10T19:34:44.452035+00:00
744,1765395284.4729059,2025-12-10T19:34:44.472909+00:00
745,1765395284.493784,2025-12-10T19:34:44.493789+00:00
746,1765395284.511115,2025-12-10T19:34:44.511117+00:00
747,1765395284.531988,2025-12-10T19:34:44.531990+00:00
748,1765395284.552858,2025-12-10T19:34:44.552861+00:00
749,1765395284.5712,2025-12-10T19:34:44.571203+00:00
750,1765395284.5895329,2025-12-10T19:34:44.589534+00:00
751,1765395284.606575,2025-12-10T19:34:44.606575+00:00
752,1765395284.624694,2025-12-10T19:34:44.624695+00:00
753,1765395284.645557,2025-12-10T19:34:44.645557+00:00
754,1765395284.6664178,2025-12-10T19:34:44.666422+00:00
755,1765395284.6871848,2025-12-10T19:34:44.687186+00:00
756,1765395284.708045,2025-12-10T19:34:44.708046+00:00
757,1765395284.728898,2025-12-10T19:34:44.728912+00:00
758,1765395284.749799,2025-12-10T19:34:44.749801+00:00
759,1765395284.768248,2025-12-10T19:34:44.768252+00:00
760,1765395284.786747,2025-12-10T19:34:44.786751+00:00
761,1765395284.80765,2025-12-10T19:34:44.807654+00:00
762,1765395284.827033,2025-12-10T19:34:44.827036+00:00
763,1765395284.847927,2025-12-10T19:34:44.847932+00:00
764,1765395284.868832,2025-12-10T19:34:44.868836+00:00
765,1765395284.8856199,2025-12-10T19:34:44.885622+00:00
766,1765395284.90608,2025-12-10T19:34:44.906080+00:00
767,1765395284.926974,2025-12-10T19:34:44.926975+00:00
768,1765395284.947834,2025-12-10T19:34:44.947835+00:00
769,1765395284.968708,2025-12-10T19:34:44.968709+00:00
770,1765395284.989593,2025-12-10T19:34:44.989598+00:00
771,1765395285.0104709,2025-12-10T19:34:45.010472+00:00
772,1765395285.031327,2025-12-10T19:34:45.031331+00:00
773,1765395285.0521998,2025-12-10T19:34:45.052201+00:00
774,1765395285.07308,2025-12-10T19:34:45.073081+00:00
775,1765395285.093942,2025-12-10T19:34:45.093943+00:00
776,1765395285.114795,2025-12-10T19:34:45.114797+00:00
777,1765395285.135657,2025-12-10T19:34:45.135662+00:00
778,1765395285.156568,2025-12-10T19:34:45.156576+00:00
779,1765395285.177471,2025-12-10T19:34:45.177471+00:00
780,1765395285.196912,2025-12-10T19:34:45.196915+00:00
781,1765395285.2153559,2025-12-10T19:34:45.215371+00:00
782,1765395285.236537,2025-12-10T19:34:45.236540+00:00
783,1765395285.2574039,2025-12-10T19:34:45.257407+00:00
784,1765395285.278283,2025-12-10T19:34:45.278285+00:00
785,1765395285.299149,2025-12-10T19:34:45.299157+00:00
786,1765395285.320108,2025-12-10T19:34:45.320113+00:00
787,1765395285.341003,2025-12-10T19:34:45.341007+00:00
788,1765395285.361432,2025-12-10T19:34:45.361435+00:00
789,1765395285.380266,2025-12-10T19:34:45.380271+00:00
790,1765395285.398962,2025-12-10T19:34:45.398966+00:00
791,1765395285.4183402,2025-12-10T19:34:45.418341+00:00
792,1765395285.435262,2025-12-10T19:34:45.435266+00:00
793,1765395285.45616,2025-12-10T19:34:45.456161+00:00
794,1765395285.4770439,2025-12-10T19:34:45.477049+00:00
795,1765395285.4977212,2025-12-10T19:34:45.497722+00:00
796,1765395285.514903,2025-12-10T19:34:45.514908+00:00
797,1765395285.534982,2025-12-10T19:34:45.534985+00:00
798,1765395285.5558631,2025-12-10T19:34:45.555865+00:00
799,1765395285.576753,2025-12-10T19:34:45.576758+00:00
800,1765395285.5969331,2025-12-10T19:34:45.596934+00:00
801,1765395285.613869,2025-12-10T19:34:45.613871+00:00
802,1765395285.6311731,2025-12-10T19:34:45.631174+00:00
803,1765395285.6520388,2025-12-10T19:34:45.652040+00:00
804,1765395285.6715899,2025-12-10T19:34:45.671595+00:00
805,1765395285.688543,2025-12-10T19:34:45.688548+00:00
806,1765395285.709441,2025-12-10T19:34:45.709444+00:00
807,1765395285.730303,2025-12-10T19:34:45.730305+00:00
808,1765395285.7511659,2025-12-10T19:34:45.751168+00:00
809,1765395285.7713642,2025-12-10T19:34:45.771369+00:00
810,1765395285.792259,2025-12-10T19:34:45.792267+00:00
811,1765395285.809555,2025-12-10T19:34:45.809559+00:00
812,1765395285.8304372,2025-12-10T19:34:45.830438+00:00
813,1765395285.851041,2025-12-10T19:34:45.851046+00:00
814,1765395285.871008,2025-12-10T19:34:45.871011+00:00
815,1765395285.8893068,2025-12-10T19:34:45.889311+00:00
816,1765395285.908606,2025-12-10T19:34:45.908611+00:00
817,1765395285.927006,2025-12-10T19:34:45.927009+00:00
818,1765395285.947178,2025-12-10T19:34:45.947179+00:00
819,1765395285.965919,2025-12-10T19:34:45.965920+00:00
820,1765395285.9839518,2025-12-10T19:34:45.983956+00:00
821,1765395286.0019891,2025-12-10T19:34:46.001992+00:00
822,1765395286.021416,2025-12-10T19:34:46.021419+00:00
823,1765395286.0412989,2025-12-10T19:34:46.041301+00:00
824,1765395286.062183,2025-12-10T19:34:46.062185+00:00
825,1765395286.0830731,2025-12-10T19:34:46.083078+00:00
826,1765395286.103971,2025-12-10T19:34:46.103972+00:00
827,1765395286.122369,2025-12-10T19:34:46.122370+00:00
828,1765395286.14323,2025-12-10T19:34:46.143233+00:00
829,1765395286.164108,2025-12-10T19:34:46.164110+00:00
830,1765395286.184997,2025-12-10T19:34:46.185001+00:00
831,1765395286.20591,2025-12-10T19:34:46.205913+00:00
832,1765395286.226354,2025-12-10T19:34:46.226355+00:00
833,1765395286.2472398,2025-12-10T19:34:46.247247+00:00
834,1765395286.268171,2025-12-10T19:34:46.268176+00:00
835,1765395286.289073,2025-12-10T19:34:46.289078+00:00
836,1765395286.3099892,2025-12-10T19:34:46.309990+00:00
837,1765395286.3270311,2025-12-10T19:34:46.327034+00:00
838,1765395286.347806,2025-12-10T19:34:46.347809+00:00
839,1765395286.367048,2025-12-10T19:34:46.367050+00:00
840,1765395286.387771,2025-12-10T19:34:46.387773+00:00
841,1765395286.408653,2025-12-10T19:34:46.408654+00:00
842,1765395286.426225,2025-12-10T19:34:46.426226+00:00
843,1765395286.447087,2025-12-10T19:34:46.447088+00:00
844,1765395286.4673548,2025-12-10T19:34:46.467359+00:00
845,1765395286.488244,2025-12-10T19:34:46.488245+00:00
846,1765395286.507423,2025-12-10T19:34:46.507427+00:00
847,1765395286.528356,2025-12-10T19:34:46.528362+00:00
848,1765395286.549265,2025-12-10T19:34:46.549268+00:00
849,1765395286.5701451,2025-12-10T19:34:46.570149+00:00
850,1765395286.5871701,2025-12-10T19:34:46.587171+00:00
851,1765395286.6080399,2025-12-10T19:34:46.608045+00:00
852,1765395286.6284459,2025-12-10T19:34:46.628447+00:00
853,1765395286.6492958,2025-12-10T19:34:46.649297+00:00
854,1765395286.670151,2025-12-10T19:34:46.670154+00:00
855,1765395286.6896122,2025-12-10T19:34:46.689614+00:00
856,1765395286.710476,2025-12-10T19:34:46.710476+00:00
857,1765395286.731335,2025-12-10T19:34:46.731340+00:00
858,1765395286.7487779,2025-12-10T19:34:46.748785+00:00
859,1765395286.769685,2025-12-10T19:34:46.769689+00:00
860,1765395286.7886,2025-12-10T19:34:46.788604+00:00
861,1765395286.8094678,2025-12-10T19:34:46.809470+00:00
862,1765395286.830326,2025-12-10T19:34:46.830327+00:00
863,1765395286.847418,2025-12-10T19:34:46.847419+00:00
864,1765395286.865642,2025-12-10T19:34:46.865642+00:00
865,1765395286.886492,2025-12-10T19:34:46.886493+00:00
866,1765395286.907351,2025-12-10T19:34:46.907353+00:00
867,1765395286.926677,2025-12-10T19:34:46.926680+00:00
868,1765395286.946805,2025-12-10T19:34:46.946806+00:00
869,1765395286.967668,2025-12-10T19:34:46.967674+00:00
870,1765395286.9876869,2025-12-10T19:34:46.987689+00:00
871,1765395287.008488,2025-12-10T19:34:47.008489+00:00
872,1765395287.027932,2025-12-10T19:34:47.027935+00:00
873,1765395287.045142,2025-12-10T19:34:47.045154+00:00
874,1765395287.062546,2025-12-10T19:34:47.062550+00:00
875,1765395287.083425,2025-12-10T19:34:47.083427+00:00
876,1765395287.1045508,2025-12-10T19:34:47.104553+00:00
877,1765395287.1252081,2025-12-10T19:34:47.125213+00:00
878,1765395287.146177,2025-12-10T19:34:47.146183+00:00
879,1765395287.164243,2025-12-10T19:34:47.164250+00:00
880,1765395287.185157,2025-12-10T19:34:47.185159+00:00
881,1765395287.203748,2025-12-10T19:34:47.203751+00:00
882,1765395287.220866,2025-12-10T19:34:47.220868+00:00
883,1765395287.2378519,2025-12-10T19:34:47.237857+00:00
884,1765395287.2587352,2025-12-10T19:34:47.258737+00:00
885,1765395287.2788968,2025-12-10T19:34:47.278899+00:00
886,1765395287.2997718,2025-12-10T19:34:47.299776+00:00
887,1765395287.3206599,2025-12-10T19:34:47.320662+00:00
888,1765395287.339005,2025-12-10T19:34:47.339014+00:00
889,1765395287.359469,2025-12-10T19:34:47.359472+00:00
890,1765395287.380394,2025-12-10T19:34:47.380398+00:00
891,1765395287.4012969,2025-12-10T19:34:47.401299+00:00
892,1765395287.4221618,2025-12-10T19:34:47.422166+00:00
893,1765395287.441473,2025-12-10T19:34:47.441474+00:00
894,1765395287.46233,2025-12-10T19:34:47.462332+00:00
895,1765395287.482882,2025-12-10T19:34:47.482886+00:00
896,1765395287.503787,2025-12-10T19:34:47.503793+00:00
897,1765395287.524693,2025-12-10T19:34:47.524699+00:00
898,1765395287.542778,2025-12-10T19:34:47.542782+00:00
899,1765395287.562175,2025-12-10T19:34:47.562177+00:00
900,1765395287.583044,2025-12-10T19:34:47.583047+00:00
901,1765395287.603227,2025-12-10T19:34:47.603230+00:00
902,1765395287.624115,2025-12-10T19:34:47.624119+00:00
903,1765395287.645005,2025-12-10T19:34:47.645009+00:00
904,1765395287.665906,2025-12-10T19:34:47.665911+00:00
905,1765395287.6857579,2025-12-10T19:34:47.685759+00:00
906,1765395287.7066271,2025-12-10T19:34:47.706629+00:00
907,1765395287.726988,2025-12-10T19:34:47.726991+00:00
908,1765395287.7479072,2025-12-10T19:34:47.747915+00:00
909,1765395287.7660291,2025-12-10T19:34:47.766033+00:00
910,1765395287.783573,2025-12-10T19:34:47.783596+00:00
911,1765395287.804089,2025-12-10T19:34:47.804094+00:00
912,1765395287.824998,2025-12-10T19:34:47.825001+00:00
913,1765395287.8449512,2025-12-10T19:34:47.844953+00:00
914,1765395287.864556,2025-12-10T19:34:47.864558+00:00
915,1765395287.883318,2025-12-10T19:34:47.883319+00:00
916,1765395287.903865,2025-12-10T19:34:47.903867+00:00
917,1765395287.924744,2025-12-10T19:34:47.924746+00:00
918,1765395287.9443882,2025-12-10T19:34:47.944389+00:00
919,1765395287.964582,2025-12-10T19:34:47.964585+00:00
920,1765395287.983275,2025-12-10T19:34:47.983276+00:00
921,1765395288.004142,2025-12-10T19:34:48.004143+00:00
922,1765395288.024998,2025-12-10T19:34:48.025000+00:00
923,1765395288.0436742,2025-12-10T19:34:48.043675+00:00
924,1765395288.064546,2025-12-10T19:34:48.064548+00:00
925,1765395288.085403,2025-12-10T19:34:48.085404+00:00
926,1765395288.106261,2025-12-10T19:34:48.106263+00:00
927,1765395288.127125,2025-12-10T19:34:48.127126+00:00
928,1765395288.1479821,2025-12-10T19:34:48.147983+00:00
929,1765395288.168834,2025-12-10T19:34:48.168835+00:00
930,1765395288.1867242,2025-12-10T19:34:48.186725+00:00
931,1765395288.2075899,2025-12-10T19:34:48.207593+00:00
932,1765395288.225457,2025-12-10T19:34:48.225460+00:00
933,1765395288.244201,2025-12-10T19:34:48.244205+00:00
934,1765395288.2629519,2025-12-10T19:34:48.262955+00:00
935,1765395288.283838,2025-12-10T19:34:48.283839+00:00
936,1765395288.30455,2025-12-10T19:34:48.304554+00:00
937,1765395288.325481,2025-12-10T19:34:48.325484+00:00
938,1765395288.34636,2025-12-10T19:34:48.346365+00:00
939,1765395288.365536,2025-12-10T19:34:48.365540+00:00
940,1765395288.386423,2025-12-10T19:34:48.386424+00:00
941,1765395288.4072819,2025-12-10T19:34:48.407286+00:00
942,1765395288.427743,2025-12-10T19:34:48.427745+00:00
943,1765395288.447207,2025-12-10T19:34:48.447211+00:00
944,1765395288.465785,2025-12-10T19:34:48.465787+00:00
945,1765395288.483584,2025-12-10T19:34:48.483589+00:00
946,1765395288.501355,2025-12-10T19:34:48.501358+00:00
947,1765395288.519259,2025-12-10T19:34:48.519261+00:00
948,1765395288.5376582,2025-12-10T19:34:48.537659+00:00
949,1765395288.5585222,2025-12-10T19:34:48.558527+00:00
950,1765395288.577984,2025-12-10T19:34:48.577987+00:00
951,1765395288.598853,2025-12-10T19:34:48.598853+00:00
952,1765395288.619704,2025-12-10T19:34:48.619706+00:00
953,1765395288.6405709,2025-12-10T19:34:48.640572+00:00
954,1765395288.659432,2025-12-10T19:34:48.659438+00:00
955,1765395288.6778991,2025-12-10T19:34:48.677901+00:00
956,1765395288.698785,2025-12-10T19:34:48.698786+00:00
957,1765395288.717105,2025-12-10T19:34:48.717106+00:00
958,1765395288.7379599,2025-12-10T19:34:48.737963+00:00
959,1765395288.757917,2025-12-10T19:34:48.757920+00:00
960,1765395288.77778,2025-12-10T19:34:48.777784+00:00
961,1765395288.798455,2025-12-10T19:34:48.798460+00:00
962,1765395288.817788,2025-12-10T19:34:48.817792+00:00
963,1765395288.838688,2025-12-10T19:34:48.838689+00:00
964,1765395288.856224,2025-12-10T19:34:48.856228+00:00
965,1765395288.875478,2025-12-10T19:34:48.875482+00:00
966,1765395288.896378,2025-12-10T19:34:48.896380+00:00
967,1765395288.917258,2025-12-10T19:34:48.917263+00:00
968,1765395288.936451,2025-12-10T19:34:48.936452+00:00
969,1765395288.957338,2025-12-10T19:34:48.957339+00:00
970,1765395288.978188,2025-12-10T19:34:48.978188+00:00
971,1765395288.99906,2025-12-10T19:34:48.999065+00:00
972,1765395289.017626,2025-12-10T19:34:49.017628+00:00
973,1765395289.038492,2025-12-10T19:34:49.038496+00:00
974,1765395289.059402,2025-12-10T19:34:49.059408+00:00
975,1765395289.076432,2025-12-10T19:34:49.076434+00:00
976,1765395289.097287,2025-12-10T19:34:49.097288+00:00
977,1765395289.1178088,2025-12-10T19:34:49.117813+00:00
978,1765395289.1387079,2025-12-10T19:34:49.138711+00:00
979,1765395289.159374,2025-12-10T19:34:49.159376+00:00
980,1765395289.177299,2025-12-10T19:34:49.177304+00:00
981,1765395289.19697,2025-12-10T19:34:49.196975+00:00
982,1765395289.215096,2025-12-10T19:34:49.215099+00:00
983,1765395289.2359722,2025-12-10T19:34:49.235977+00:00
984,1765395289.256877,2025-12-10T19:34:49.256885+00:00
985,1765395289.277792,2025-12-10T19:34:49.277796+00:00
986,1765395289.296569,2025-12-10T19:34:49.296572+00:00
987,1765395289.314275,2025-12-10T19:34:49.314280+00:00
988,1765395289.3312588,2025-12-10T19:34:49.331265+00:00
989,1765395289.351645,2025-12-10T19:34:49.351653+00:00
990,1765395289.372465,2025-12-10T19:34:49.372469+00:00
991,1765395289.390493,2025-12-10T19:34:49.390497+00:00
992,1765395289.4113832,2025-12-10T19:34:49.411389+00:00
993,1765395289.430839,2025-12-10T19:34:49.430843+00:00
994,1765395289.45089,2025-12-10T19:34:49.450896+00:00
995,1765395289.471782,2025-12-10T19:34:49.471789+00:00
996,1765395289.492633,2025-12-10T19:34:49.492637+00:00
997,1765395289.513508,2025-12-10T19:34:49.513512+00:00
998,1765395289.5313852,2025-12-10T19:34:49.531389+00:00
999,1765395289.549987,2025-12-10T19:34:49.549994+00:00
1000,1765395289.567486,2025-12-10T19:34:49.567491+00:00
1001,1765395289.588372,2025-12-10T19:34:49.588377+00:00
1002,1765395289.6062741,2025-12-10T19:34:49.606283+00:00
1003,1765395289.625877,2025-12-10T19:34:49.625881+00:00
1004,1765395289.644696,2025-12-10T19:34:49.644701+00:00
1005,1765395289.664526,2025-12-10T19:34:49.664529+00:00
1006,1765395289.689203,2025-12-10T19:34:49.689207+00:00
1007,1765395289.707693,2025-12-10T19:34:49.707698+00:00
1008,1765395289.72859,2025-12-10T19:34:49.728595+00:00
1009,1765395289.746572,2025-12-10T19:34:49.746577+00:00
1010,1765395289.763857,2025-12-10T19:34:49.763861+00:00
1011,1765395289.7834291,2025-12-10T19:34:49.783435+00:00
1012,1765395289.804323,2025-12-10T19:34:49.804327+00:00
1013,1765395289.825245,2025-12-10T19:34:49.825253+00:00
1014,1765395289.846165,2025-12-10T19:34:49.846169+00:00
1015,1765395289.866422,2025-12-10T19:34:49.866424+00:00
1016,1765395289.885346,2025-12-10T19:34:49.885350+00:00
1017,1765395289.9037719,2025-12-10T19:34:49.903776+00:00
1018,1765395289.922142,2025-12-10T19:34:49.922145+00:00
1019,1765395289.9430149,2025-12-10T19:34:49.943017+00:00
1020,1765395289.9601789,2025-12-10T19:34:49.960184+00:00
1021,1765395289.981091,2025-12-10T19:34:49.981096+00:00
1022,1765395290.001824,2025-12-10T19:34:50.001827+00:00
1023,1765395290.022707,2025-12-10T19:34:50.022712+00:00
1024,1765395290.043891,2025-12-10T19:34:50.043894+00:00
1025,1765395290.06476,2025-12-10T19:34:50.064764+00:00
1026,1765395290.083991,2025-12-10T19:34:50.083999+00:00
1027,1765395290.101515,2025-12-10T19:34:50.101516+00:00
1028,1765395290.122432,2025-12-10T19:34:50.122433+00:00
1029,1765395290.143144,2025-12-10T19:34:50.143146+00:00
1030,1765395290.16401,2025-12-10T19:34:50.164012+00:00
1031,1765395290.184868,2025-12-10T19:34:50.184870+00:00
1032,1765395290.2057412,2025-12-10T19:34:50.205743+00:00
1033,1765395290.22623,2025-12-10T19:34:50.226231+00:00
1034,1765395290.247094,2025-12-10T19:34:50.247097+00:00
1035,1765395290.2676759,2025-12-10T19:34:50.267677+00:00
1036,1765395290.285998,2025-12-10T19:34:50.286002+00:00
1037,1765395290.306896,2025-12-10T19:34:50.306900+00:00
1038,1765395290.32464,2025-12-10T19:34:50.324644+00:00
1039,1765395290.343425,2025-12-10T19:34:50.343427+00:00
1040,1765395290.362004,2025-12-10T19:34:50.362006+00:00
1041,1765395290.382476,2025-12-10T19:34:50.382480+00:00
1042,1765395290.399424,2025-12-10T19:34:50.399428+00:00
1043,1765395290.416425,2025-12-10T19:34:50.416426+00:00
1044,1765395290.4346838,2025-12-10T19:34:50.434685+00:00
1045,1765395290.452338,2025-12-10T19:34:50.452339+00:00
1046,1765395290.473194,2025-12-10T19:34:50.473195+00:00
1047,1765395290.494068,2025-12-10T19:34:50.494070+00:00
1048,1765395290.514938,2025-12-10T19:34:50.514938+00:00
1049,1765395290.5358772,2025-12-10T19:34:50.535878+00:00
1050,1765395290.556742,2025-12-10T19:34:50.556746+00:00
1051,1765395290.577373,2025-12-10T19:34:50.577375+00:00
1052,1765395290.598235,2025-12-10T19:34:50.598236+00:00
1053,1765395290.6190479,2025-12-10T19:34:50.619049+00:00
1054,1765395290.6399229,2025-12-10T19:34:50.639924+00:00
1055,1765395290.660741,2025-12-10T19:34:50.660741+00:00
1056,1765395290.6815932,2025-12-10T19:34:50.681597+00:00
1057,1765395290.702286,2025-12-10T19:34:50.702288+00:00
1058,1765395290.7198431,2025-12-10T19:34:50.719848+00:00
1059,1765395290.740351,2025-12-10T19:34:50.740355+00:00
1060,1765395290.76124,2025-12-10T19:34:50.761244+00:00
1061,1765395290.779603,2025-12-10T19:34:50.779607+00:00
1062,1765395290.798898,2025-12-10T19:34:50.798900+00:00
1063,1765395290.819766,2025-12-10T19:34:50.819769+00:00
1064,1765395290.839286,2025-12-10T19:34:50.839287+00:00
1065,1765395290.858249,2025-12-10T19:34:50.858250+00:00
1066,1765395290.8791192,2025-12-10T19:34:50.879120+00:00
1067,1765395290.897953,2025-12-10T19:34:50.897953+00:00
1068,1765395290.918797,2025-12-10T19:34:50.918797+00:00
1069,1765395290.9390268,2025-12-10T19:34:50.939028+00:00
1070,1765395290.95805,2025-12-10T19:34:50.958054+00:00
1071,1765395290.978938,2025-12-10T19:34:50.978940+00:00
1072,1765395290.9969878,2025-12-10T19:34:50.996993+00:00
1073,1765395291.017895,2025-12-10T19:34:51.017898+00:00
1074,1765395291.0387719,2025-12-10T19:34:51.038773+00:00
1075,1765395291.058178,2025-12-10T19:34:51.058181+00:00
1076,1765395291.0790641,2025-12-10T19:34:51.079065+00:00
1077,1765395291.0988019,2025-12-10T19:34:51.098802+00:00
1078,1765395291.119655,2025-12-10T19:34:51.119656+00:00
1079,1765395291.1385212,2025-12-10T19:34:51.138543+00:00
1080,1765395291.159401,2025-12-10T19:34:51.159403+00:00
1081,1765395291.1802711,2025-12-10T19:34:51.180273+00:00
1082,1765395291.201149,2025-12-10T19:34:51.201154+00:00
1083,1765395291.220293,2025-12-10T19:34:51.220294+00:00
1084,1765395291.241162,2025-12-10T19:34:51.241165+00:00
1085,1765395291.2600582,2025-12-10T19:34:51.260060+00:00
1086,1765395291.279892,2025-12-10T19:34:51.279895+00:00
1087,1765395291.300784,2025-12-10T19:34:51.300789+00:00
1088,1765395291.317835,2025-12-10T19:34:51.317842+00:00
1089,1765395291.338735,2025-12-10T19:34:51.338737+00:00
1090,1765395291.359607,2025-12-10T19:34:51.359611+00:00
1091,1765395291.380307,2025-12-10T19:34:51.380310+00:00
1092,1765395291.401193,2025-12-10T19:34:51.401194+00:00
1093,1765395291.422064,2025-12-10T19:34:51.422067+00:00
1094,1765395291.4396071,2025-12-10T19:34:51.439608+00:00
1095,1765395291.4604821,2025-12-10T19:34:51.460487+00:00
1096,1765395291.4779258,2025-12-10T19:34:51.477928+00:00
1097,1765395291.49698,2025-12-10T19:34:51.496984+00:00
1098,1765395291.516137,2025-12-10T19:34:51.516139+00:00
1099,1765395291.5368571,2025-12-10T19:34:51.536859+00:00
1100,1765395291.556677,2025-12-10T19:34:51.556681+00:00
1101,1765395291.577257,2025-12-10T19:34:51.577258+00:00
1102,1765395291.596725,2025-12-10T19:34:51.596727+00:00
1103,1765395291.6176069,2025-12-10T19:34:51.617608+00:00
1104,1765395291.6384692,2025-12-10T19:34:51.638470+00:00
1105,1765395291.659323,2025-12-10T19:34:51.659324+00:00
1106,1765395291.679842,2025-12-10T19:34:51.679844+00:00
1107,1765395291.7007282,2025-12-10T19:34:51.700732+00:00
1108,1765395291.721628,2025-12-10T19:34:51.721628+00:00
1109,1765395291.7393432,2025-12-10T19:34:51.739345+00:00
1110,1765395291.7580822,2025-12-10T19:34:51.758086+00:00
1111,1765395291.7789629,2025-12-10T19:34:51.778964+00:00
1112,1765395291.7970319,2025-12-10T19:34:51.797037+00:00
1113,1765395291.817936,2025-12-10T19:34:51.817937+00:00
1114,1765395291.8349319,2025-12-10T19:34:51.834935+00:00
1115,1765395291.8558102,2025-12-10T19:34:51.855812+00:00
1116,1765395291.872916,2025-12-10T19:34:51.872918+00:00
1117,1765395291.89078,2025-12-10T19:34:51.890782+00:00
1118,1765395291.911645,2025-12-10T19:34:51.911645+00:00
1119,1765395291.931242,2025-12-10T19:34:51.931243+00:00
1120,1765395291.9520938,2025-12-10T19:34:51.952095+00:00
1121,1765395291.972028,2025-12-10T19:34:51.972029+00:00
1122,1765395291.992894,2025-12-10T19:34:51.992897+00:00
1123,1765395292.013772,2025-12-10T19:34:52.013774+00:00
1124,1765395292.031735,2025-12-10T19:34:52.031738+00:00
1125,1765395292.049515,2025-12-10T19:34:52.049516+00:00
1126,1765395292.0666509,2025-12-10T19:34:52.066653+00:00
1127,1765395292.0875351,2025-12-10T19:34:52.087536+00:00
1128,1765395292.106922,2025-12-10T19:34:52.106924+00:00
1129,1765395292.127079,2025-12-10T19:34:52.127081+00:00
1130,1765395292.146603,2025-12-10T19:34:52.146607+00:00
1131,1765395292.167503,2025-12-10T19:34:52.167505+00:00
1132,1765395292.188159,2025-12-10T19:34:52.188162+00:00
1133,1765395292.207594,2025-12-10T19:34:52.207599+00:00
1134,1765395292.226511,2025-12-10T19:34:52.226516+00:00
1135,1765395292.247434,2025-12-10T19:34:52.247438+00:00
1136,1765395292.2646651,2025-12-10T19:34:52.264670+00:00
1137,1765395292.282305,2025-12-10T19:34:52.282308+00:00
1138,1765395292.303387,2025-12-10T19:34:52.303391+00:00
1139,1765395292.3242738,2025-12-10T19:34:52.324277+00:00
1140,1765395292.3451588,2025-12-10T19:34:52.345162+00:00
1141,1765395292.3639941,2025-12-10T19:34:52.363998+00:00
1142,1765395292.384892,2025-12-10T19:34:52.384894+00:00
1143,1765395292.405548,2025-12-10T19:34:52.405548+00:00
1144,1765395292.426398,2025-12-10T19:34:52.426399+00:00
1145,1765395292.447128,2025-12-10T19:34:52.447130+00:00
1146,1765395292.468002,2025-12-10T19:34:52.468006+00:00
1147,1765395292.487369,2025-12-10T19:34:52.487371+00:00
1148,1765395292.50763,2025-12-10T19:34:52.507630+00:00
1149,1765395292.5270872,2025-12-10T19:34:52.527091+00:00
1150,1765395292.548002,2025-12-10T19:34:52.548006+00:00
1151,1765395292.565834,2025-12-10T19:34:52.565839+00:00
1152,1765395292.586452,2025-12-10T19:34:52.586453+00:00
1153,1765395292.605045,2025-12-10T19:34:52.605048+00:00
1154,1765395292.6254988,2025-12-10T19:34:52.625503+00:00
1155,1765395292.64468,2025-12-10T19:34:52.644681+00:00
1156,1765395292.66323,2025-12-10T19:34:52.663231+00:00
1157,1765395292.682254,2025-12-10T19:34:52.682254+00:00
1158,1765395292.7032351,2025-12-10T19:34:52.703240+00:00
1159,1765395292.720406,2025-12-10T19:34:52.720420+00:00
1160,1765395292.741243,2025-12-10T19:34:52.741246+00:00
1161,1765395292.759539,2025-12-10T19:34:52.759541+00:00
1162,1765395292.7777338,2025-12-10T19:34:52.777735+00:00
1163,1765395292.796994,2025-12-10T19:34:52.797000+00:00
1164,1765395292.817533,2025-12-10T19:34:52.817540+00:00
1165,1765395292.838449,2025-12-10T19:34:52.838455+00:00
1166,1765395292.859188,2025-12-10T19:34:52.859190+00:00
1167,1765395292.878953,2025-12-10T19:34:52.878957+00:00
1168,1765395292.896617,2025-12-10T19:34:52.896620+00:00
1169,1765395292.9167318,2025-12-10T19:34:52.916736+00:00
1170,1765395292.935631,2025-12-10T19:34:52.935633+00:00
1171,1765395292.95545,2025-12-10T19:34:52.955454+00:00
1172,1765395292.976347,2025-12-10T19:34:52.976351+00:00
1173,1765395292.996592,2025-12-10T19:34:52.996596+00:00
1174,1765395293.0174878,2025-12-10T19:34:53.017493+00:00
1175,1765395293.0375302,2025-12-10T19:34:53.037532+00:00
1176,1765395293.058402,2025-12-10T19:34:53.058403+00:00
1177,1765395293.077715,2025-12-10T19:34:53.077716+00:00
1178,1765395293.0979571,2025-12-10T19:34:53.097958+00:00
1179,1765395293.121634,2025-12-10T19:34:53.121640+00:00
1180,1765395293.142524,2025-12-10T19:34:53.142528+00:00
1181,1765395293.159758,2025-12-10T19:34:53.159763+00:00
1182,1765395293.178617,2025-12-10T19:34:53.178620+00:00
1183,1765395293.198967,2025-12-10T19:34:53.198972+00:00
1184,1765395293.219854,2025-12-10T19:34:53.219855+00:00
1185,1765395293.2393951,2025-12-10T19:34:53.239406+00:00
1186,1765395293.259514,2025-12-10T19:34:53.259520+00:00
1187,1765395293.276503,2025-12-10T19:34:53.276507+00:00
1188,1765395293.297417,2025-12-10T19:34:53.297426+00:00
1189,1765395293.3183439,2025-12-10T19:34:53.318351+00:00
1190,1765395293.339262,2025-12-10T19:34:53.339265+00:00
1191,1765395293.360151,2025-12-10T19:34:53.360153+00:00
1192,1765395293.3810182,2025-12-10T19:34:53.381019+00:00
1193,1765395293.397921,2025-12-10T19:34:53.397922+00:00
1194,1765395293.418773,2025-12-10T19:34:53.418773+00:00
1195,1765395293.439625,2025-12-10T19:34:53.439628+00:00
1196,1765395293.460028,2025-12-10T19:34:53.460034+00:00
1197,1765395293.4809332,2025-12-10T19:34:53.480935+00:00
1198,1765395293.5017889,2025-12-10T19:34:53.501790+00:00
1199,1765395293.521023,2025-12-10T19:34:53.521027+00:00
1200,1765395293.541395,2025-12-10T19:34:53.541397+00:00
1201,1765395293.5622709,2025-12-10T19:34:53.562271+00:00
1202,1765395293.5831308,2025-12-10T19:34:53.583136+00:00
1203,1765395293.603339,2025-12-10T19:34:53.603345+00:00
1204,1765395293.622079,2025-12-10T19:34:53.622079+00:00
1205,1765395293.6429288,2025-12-10T19:34:53.642930+00:00
1206,1765395293.6636531,2025-12-10T19:34:53.663655+00:00
1207,1765395293.6845472,2025-12-10T19:34:53.684548+00:00
1208,1765395293.7041311,2025-12-10T19:34:53.704133+00:00
1209,1765395293.724997,2025-12-10T19:34:53.724998+00:00
1210,1765395293.7422469,2025-12-10T19:34:53.742252+00:00
1211,1765395293.7631612,2025-12-10T19:34:53.763164+00:00
1212,1765395293.7822661,2025-12-10T19:34:53.782269+00:00
1213,1765395293.801676,2025-12-10T19:34:53.801681+00:00
1214,1765395293.822568,2025-12-10T19:34:53.822573+00:00
1215,1765395293.840609,2025-12-10T19:34:53.840612+00:00
1216,1765395293.860023,2025-12-10T19:34:53.860026+00:00
1217,1765395293.880755,2025-12-10T19:34:53.880756+00:00
1218,1765395293.901616,2025-12-10T19:34:53.901617+00:00
1219,1765395293.922306,2025-12-10T19:34:53.922309+00:00
1220,1765395293.943201,2025-12-10T19:34:53.943204+00:00
1221,1765395293.964082,2025-12-10T19:34:53.964084+00:00
1222,1765395293.98494,2025-12-10T19:34:53.984942+00:00
1223,1765395294.005808,2025-12-10T19:34:54.005809+00:00
1224,1765395294.026827,2025-12-10T19:34:54.026832+00:00
1225,1765395294.044208,2025-12-10T19:34:54.044212+00:00
1226,1765395294.064623,2025-12-10T19:34:54.064626+00:00
1227,1765395294.0849228,2025-12-10T19:34:54.084926+00:00
1228,1765395294.105793,2025-12-10T19:34:54.105794+00:00
1229,1765395294.1266649,2025-12-10T19:34:54.126670+00:00
1230,1765395294.1467872,2025-12-10T19:34:54.146788+00:00
1231,1765395294.165733,2025-12-10T19:34:54.165737+00:00
1232,1765395294.1850739,2025-12-10T19:34:54.185077+00:00
1233,1765395294.20498,2025-12-10T19:34:54.204982+00:00
1234,1765395294.22501,2025-12-10T19:34:54.225014+00:00
1235,1765395294.245929,2025-12-10T19:34:54.245936+00:00
1236,1765395294.2668521,2025-12-10T19:34:54.266857+00:00
1237,1765395294.284512,2025-12-10T19:34:54.284517+00:00
1238,1765395294.305424,2025-12-10T19:34:54.305429+00:00
1239,1765395294.326164,2025-12-10T19:34:54.326167+00:00
1240,1765395294.347054,2025-12-10T19:34:54.347065+00:00
1241,1765395294.36467,2025-12-10T19:34:54.364680+00:00
1242,1765395294.385059,2025-12-10T19:34:54.385063+00:00
1243,1765395294.405643,2025-12-10T19:34:54.405648+00:00
1244,1765395294.4225779,2025-12-10T19:34:54.422580+00:00
1245,1765395294.443456,2025-12-10T19:34:54.443458+00:00
1246,1765395294.46432,2025-12-10T19:34:54.464321+00:00
1247,1765395294.485186,2025-12-10T19:34:54.485189+00:00
1248,1765395294.503414,2025-12-10T19:34:54.503415+00:00
1249,1765395294.5201778,2025-12-10T19:34:54.520180+00:00
1250,1765395294.53865,2025-12-10T19:34:54.538651+00:00
1251,1765395294.558126,2025-12-10T19:34:54.558126+00:00
1252,1765395294.578985,2025-12-10T19:34:54.578988+00:00
1253,1765395294.596858,2025-12-10T19:34:54.596859+00:00
1254,1765395294.617713,2025-12-10T19:34:54.617715+00:00
1255,1765395294.638505,2025-12-10T19:34:54.638507+00:00
1256,1765395294.657331,2025-12-10T19:34:54.657336+00:00
1257,1765395294.6782532,2025-12-10T19:34:54.678255+00:00
1258,1765395294.696674,2025-12-10T19:34:54.696679+00:00
1259,1765395294.7175949,2025-12-10T19:34:54.717598+00:00
1260,1765395294.7381902,2025-12-10T19:34:54.738194+00:00
1261,1765395294.758861,2025-12-10T19:34:54.758862+00:00
1262,1765395294.777368,2025-12-10T19:34:54.777372+00:00
1263,1765395294.7977579,2025-12-10T19:34:54.797762+00:00
1264,1765395294.818638,2025-12-10T19:34:54.818643+00:00
1265,1765395294.8389142,2025-12-10T19:34:54.838918+00:00
1266,1765395294.859811,2025-12-10T19:34:54.859814+00:00
1267,1765395294.880117,2025-12-10T19:34:54.880120+00:00
1268,1765395294.900692,2025-12-10T19:34:54.900696+00:00
1269,1765395294.919595,2025-12-10T19:34:54.919597+00:00
1270,1765395294.940473,2025-12-10T19:34:54.940476+00:00
1271,1765395294.96159,2025-12-10T19:34:54.961590+00:00
1272,1765395294.978646,2025-12-10T19:34:54.978647+00:00
1273,1765395294.997082,2025-12-10T19:34:54.997084+00:00
1274,1765395295.017958,2025-12-10T19:34:55.017959+00:00
1275,1765395295.038663,2025-12-10T19:34:55.038663+00:00
1276,1765395295.058759,2025-12-10T19:34:55.058761+00:00
1277,1765395295.076256,2025-12-10T19:34:55.076262+00:00
1278,1765395295.096585,2025-12-10T19:34:55.096586+00:00
1279,1765395295.113489,2025-12-10T19:34:55.113489+00:00
1280,1765395295.134341,2025-12-10T19:34:55.134345+00:00
1281,1765395295.1522088,2025-12-10T19:34:55.152210+00:00
1282,1765395295.171872,2025-12-10T19:34:55.171875+00:00
1283,1765395295.19152,2025-12-10T19:34:55.191524+00:00
1284,1765395295.208308,2025-12-10T19:34:55.208314+00:00
1285,1765395295.225408,2025-12-10T19:34:55.225410+00:00
1286,1765395295.2431161,2025-12-10T19:34:55.243124+00:00
1287,1765395295.264035,2025-12-10T19:34:55.264038+00:00
1288,1765395295.284916,2025-12-10T19:34:55.284917+00:00
1289,1765395295.306029,2025-12-10T19:34:55.306034+00:00
1290,1765395295.323345,2025-12-10T19:34:55.323350+00:00
1291,1765395295.3442318,2025-12-10T19:34:55.344235+00:00
1292,1765395295.363848,2025-12-10T19:34:55.363856+00:00
1293,1765395295.3812952,2025-12-10T19:34:55.381302+00:00
1294,1765395295.3981838,2025-12-10T19:34:55.398186+00:00
1295,1765395295.4190679,2025-12-10T19:34:55.419072+00:00
1296,1765395295.4396029,2025-12-10T19:34:55.439604+00:00
1297,1765395295.460466,2025-12-10T19:34:55.460467+00:00
1298,1765395295.48132,2025-12-10T19:34:55.481321+00:00
1299,1765395295.502193,2025-12-10T19:34:55.502194+00:00
1300,1765395295.52306,2025-12-10T19:34:55.523061+00:00
1301,1765395295.543917,2025-12-10T19:34:55.543918+00:00
1302,1765395295.561256,2025-12-10T19:34:55.561258+00:00
1303,1765395295.582122,2025-12-10T19:34:55.582124+00:00
1304,1765395295.6030002,2025-12-10T19:34:55.603002+00:00
1305,1765395295.6218839,2025-12-10T19:34:55.621885+00:00
1306,1765395295.6427279,2025-12-10T19:34:55.642729+00:00
1307,1765395295.6633012,2025-12-10T19:34:55.663302+00:00
1308,1765395295.684156,2025-12-10T19:34:55.684159+00:00
1309,1765395295.705041,2025-12-10T19:34:55.705042+00:00
1310,1765395295.721739,2025-12-10T19:34:55.721740+00:00
1311,1765395295.7426062,2025-12-10T19:34:55.742611+00:00
1312,1765395295.759514,2025-12-10T19:34:55.759520+00:00
1313,1765395295.778014,2025-12-10T19:34:55.778020+00:00
1314,1765395295.7979672,2025-12-10T19:34:55.797968+00:00
1315,1765395295.8188312,2025-12-10T19:34:55.818834+00:00
1316,1765395295.83961,2025-12-10T19:34:55.839612+00:00
1317,1765395295.86048,2025-12-10T19:34:55.860485+00:00
1318,1765395295.879791,2025-12-10T19:34:55.879796+00:00
1319,1765395295.897402,2025-12-10T19:34:55.897408+00:00
1320,1765395295.9183009,2025-12-10T19:34:55.918305+00:00
1321,1765395295.936866,2025-12-10T19:34:55.936869+00:00
1322,1765395295.9542348,2025-12-10T19:34:55.954246+00:00
1323,1765395295.9751601,2025-12-10T19:34:55.975164+00:00
1324,1765395295.996038,2025-12-10T19:34:55.996042+00:00
1325,1765395296.014509,2025-12-10T19:34:56.014513+00:00
1326,1765395296.031658,2025-12-10T19:34:56.031663+00:00
1327,1765395296.052557,2025-12-10T19:34:56.052560+00:00
1328,1765395296.072427,2025-12-10T19:34:56.072428+00:00
1329,1765395296.093287,2025-12-10T19:34:56.093288+00:00
1330,1765395296.1135309,2025-12-10T19:34:56.113534+00:00
1331,1765395296.1332648,2025-12-10T19:34:56.133266+00:00
1332,1765395296.152852,2025-12-10T19:34:56.152854+00:00
1333,1765395296.171272,2025-12-10T19:34:56.171272+00:00
1334,1765395296.1909602,2025-12-10T19:34:56.190962+00:00
1335,1765395296.211842,2025-12-10T19:34:56.211843+00:00
1336,1765395296.229944,2025-12-10T19:34:56.229946+00:00
1337,1765395296.250647,2025-12-10T19:34:56.250651+00:00
1338,1765395296.2715561,2025-12-10T19:34:56.271560+00:00
1339,1765395296.289052,2025-12-10T19:34:56.289057+00:00
1340,1765395296.3099442,2025-12-10T19:34:56.309947+00:00
1341,1765395296.330815,2025-12-10T19:34:56.330819+00:00
1342,1765395296.3511958,2025-12-10T19:34:56.351202+00:00
1343,1765395296.372093,2025-12-10T19:34:56.372094+00:00
1344,1765395296.389864,2025-12-10T19:34:56.389868+00:00
1345,1765395296.4107661,2025-12-10T19:34:56.410768+00:00
1346,1765395296.430669,2025-12-10T19:34:56.430674+00:00
1347,1765395296.4480908,2025-12-10T19:34:56.448092+00:00
1348,1765395296.468242,2025-12-10T19:34:56.468243+00:00
1349,1765395296.489086,2025-12-10T19:34:56.489086+00:00
1350,1765395296.507018,2025-12-10T19:34:56.507021+00:00
1351,1765395296.527872,2025-12-10T19:34:56.527873+00:00
1352,1765395296.547032,2025-12-10T19:34:56.547033+00:00
1353,1765395296.567899,2025-12-10T19:34:56.567905+00:00
1354,1765395296.588803,2025-12-10T19:34:56.588805+00:00
1355,1765395296.609677,2025-12-10T19:34:56.609680+00:00
1356,1765395296.630552,2025-12-10T19:34:56.630552+00:00
1357,1765395296.6514099,2025-12-10T19:34:56.651412+00:00
1358,1765395296.670548,2025-12-10T19:34:56.670549+00:00
1359,1765395296.688404,2025-12-10T19:34:56.688455+00:00
1360,1765395296.7093031,2025-12-10T19:34:56.709304+00:00
1361,1765395296.730156,2025-12-10T19:34:56.730157+00:00
1362,1765395296.7479832,2025-12-10T19:34:56.747987+00:00
1363,1765395296.768865,2025-12-10T19:34:56.768869+00:00
1364,1765395296.7897532,2025-12-10T19:34:56.789756+00:00
1365,1765395296.8096378,2025-12-10T19:34:56.809640+00:00
1366,1765395296.830508,2025-12-10T19:34:56.830510+00:00
1367,1765395296.851372,2025-12-10T19:34:56.851373+00:00
1368,1765395296.869766,2025-12-10T19:34:56.869770+00:00
1369,1765395296.88878,2025-12-10T19:34:56.888783+00:00
1370,1765395296.909364,2025-12-10T19:34:56.909367+00:00
1371,1765395296.930242,2025-12-10T19:34:56.930244+00:00
1372,1765395296.9511092,2025-12-10T19:34:56.951110+00:00
1373,1765395296.9719648,2025-12-10T19:34:56.971968+00:00
1374,1765395296.992843,2025-12-10T19:34:56.992845+00:00
1375,1765395297.011335,2025-12-10T19:34:57.011336+00:00
1376,1765395297.030678,2025-12-10T19:34:57.030678+00:00
1377,1765395297.0515351,2025-12-10T19:34:57.051537+00:00
1378,1765395297.072364,2025-12-10T19:34:57.072365+00:00
1379,1765395297.0932312,2025-12-10T19:34:57.093232+00:00
1380,1765395297.11358,2025-12-10T19:34:57.113582+00:00
1381,1765395297.1344519,2025-12-10T19:34:57.134454+00:00
1382,1765395297.1553159,2025-12-10T19:34:57.155317+00:00
1383,1765395297.176207,2025-12-10T19:34:57.176213+00:00
1384,1765395297.195477,2025-12-10T19:34:57.195479+00:00
1385,1765395297.216151,2025-12-10T19:34:57.216152+00:00
1386,1765395297.237003,2025-12-10T19:34:57.237004+00:00
1387,1765395297.257608,2025-12-10T19:34:57.257610+00:00
1388,1765395297.2784882,2025-12-10T19:34:57.278489+00:00
1389,1765395297.299376,2025-12-10T19:34:57.299382+00:00
1390,1765395297.320297,2025-12-10T19:34:57.320301+00:00
1391,1765395297.3388338,2025-12-10T19:34:57.338836+00:00
1392,1765395297.35922,2025-12-10T19:34:57.359221+00:00
1393,1765395297.376231,2025-12-10T19:34:57.376233+00:00
1394,1765395297.396585,2025-12-10T19:34:57.396586+00:00
1395,1765395297.413528,2025-12-10T19:34:57.413530+00:00
1396,1765395297.434392,2025-12-10T19:34:57.434393+00:00
1397,1765395297.455251,2025-12-10T19:34:57.455254+00:00
1398,1765395297.473003,2025-12-10T19:34:57.473005+00:00
1399,1765395297.4938781,2025-12-10T19:34:57.493885+00:00
1400,1765395297.514546,2025-12-10T19:34:57.514550+00:00
1401,1765395297.535437,2025-12-10T19:34:57.535439+00:00
1402,1765395297.555857,2025-12-10T19:34:57.555862+00:00
1403,1765395297.574732,2025-12-10T19:34:57.574737+00:00
1404,1765395297.5914922,2025-12-10T19:34:57.591497+00:00
1405,1765395297.609243,2025-12-10T19:34:57.609247+00:00
1406,1765395297.6261811,2025-12-10T19:34:57.626183+00:00
1407,1765395297.647062,2025-12-10T19:34:57.647067+00:00
1408,1765395297.667846,2025-12-10T19:34:57.667852+00:00
1409,1765395297.688729,2025-12-10T19:34:57.688735+00:00
1410,1765395297.705636,2025-12-10T19:34:57.705640+00:00
1411,1765395297.722702,2025-12-10T19:34:57.722724+00:00
1412,1765395297.7423859,2025-12-10T19:34:57.742396+00:00
1413,1765395297.7633002,2025-12-10T19:34:57.763304+00:00
1414,1765395297.780395,2025-12-10T19:34:57.780399+00:00
1415,1765395297.80127,2025-12-10T19:34:57.801275+00:00
1416,1765395297.822164,2025-12-10T19:34:57.822168+00:00
1417,1765395297.8430321,2025-12-10T19:34:57.843035+00:00
1418,1765395297.863899,2025-12-10T19:34:57.863901+00:00
1419,1765395297.882119,2025-12-10T19:34:57.882121+00:00
1420,1765395297.902984,2025-12-10T19:34:57.902986+00:00
1421,1765395297.923848,2025-12-10T19:34:57.923849+00:00
1422,1765395297.9447181,2025-12-10T19:34:57.944723+00:00
1423,1765395297.964443,2025-12-10T19:34:57.964448+00:00
1424,1765395297.9812748,2025-12-10T19:34:57.981281+00:00
1425,1765395298.000569,2025-12-10T19:34:58.000576+00:00
1426,1765395298.0192482,2025-12-10T19:34:58.019254+00:00
1427,1765395298.037388,2025-12-10T19:34:58.037394+00:00
1428,1765395298.0564039,2025-12-10T19:34:58.056409+00:00
1429,1765395298.077285,2025-12-10T19:34:58.077291+00:00
1430,1765395298.0966048,2025-12-10T19:34:58.096785+00:00
1431,1765395298.1167219,2025-12-10T19:34:58.116727+00:00
1432,1765395298.1711612,2025-12-10T19:34:58.171167+00:00
1433,1765395298.1926,2025-12-10T19:34:58.192604+00:00
1434,1765395298.21348,2025-12-10T19:34:58.213483+00:00
1435,1765395298.2329578,2025-12-10T19:34:58.232961+00:00
1436,1765395298.253834,2025-12-10T19:34:58.253837+00:00
1437,1765395298.27279,2025-12-10T19:34:58.272793+00:00
1438,1765395298.293717,2025-12-10T19:34:58.293724+00:00
1439,1765395298.3146272,2025-12-10T19:34:58.314633+00:00
1440,1765395298.335528,2025-12-10T19:34:58.335535+00:00
1441,1765395298.356262,2025-12-10T19:34:58.356266+00:00
1442,1765395298.377152,2025-12-10T19:34:58.377154+00:00
1443,1765395298.398008,2025-12-10T19:34:58.398009+00:00
1444,1765395298.4188852,2025-12-10T19:34:58.418890+00:00
1445,1765395298.439779,2025-12-10T19:34:58.439782+00:00
1446,1765395298.4581351,2025-12-10T19:34:58.458140+00:00
1447,1765395298.476217,2025-12-10T19:34:58.476221+00:00
1448,1765395298.494519,2025-12-10T19:34:58.494522+00:00
1449,1765395298.514666,2025-12-10T19:34:58.514670+00:00
1450,1765395298.535545,2025-12-10T19:34:58.535549+00:00
1451,1765395298.556426,2025-12-10T19:34:58.556431+00:00
1452,1765395298.573652,2025-12-10T19:34:58.573661+00:00
1453,1765395298.591889,2025-12-10T19:34:58.591891+00:00
1454,1765395298.6127622,2025-12-10T19:34:58.612767+00:00
1455,1765395298.630481,2025-12-10T19:34:58.630484+00:00
1456,1765395298.647816,2025-12-10T19:34:58.647826+00:00
1457,1765395298.6667688,2025-12-10T19:34:58.666772+00:00
1458,1765395298.683845,2025-12-10T19:34:58.683850+00:00
1459,1765395298.703701,2025-12-10T19:34:58.703705+00:00
1460,1765395298.722626,2025-12-10T19:34:58.722628+00:00
1461,1765395298.74286,2025-12-10T19:34:58.742866+00:00
1462,1765395298.763774,2025-12-10T19:34:58.763782+00:00
1463,1765395298.784278,2025-12-10T19:34:58.784282+00:00
1464,1765395298.805183,2025-12-10T19:34:58.805187+00:00
1465,1765395298.824057,2025-12-10T19:34:58.824061+00:00
1466,1765395298.842217,2025-12-10T19:34:58.842219+00:00
1467,1765395298.862557,2025-12-10T19:34:58.862563+00:00
1468,1765395298.883446,2025-12-10T19:34:58.883446+00:00
1469,1765395298.904423,2025-12-10T19:34:58.904428+00:00
1470,1765395298.9255528,2025-12-10T19:34:58.925559+00:00
1471,1765395298.9441411,2025-12-10T19:34:58.944144+00:00
1472,1765395298.965002,2025-12-10T19:34:58.965003+00:00
1473,1765395298.9855082,2025-12-10T19:34:58.985511+00:00
1474,1765395299.002375,2025-12-10T19:34:59.002378+00:00
1475,1765395299.021652,2025-12-10T19:34:59.021659+00:00
1476,1765395299.042779,2025-12-10T19:34:59.042817+00:00
1477,1765395299.0604851,2025-12-10T19:34:59.060490+00:00
1478,1765395299.081376,2025-12-10T19:34:59.081383+00:00
1479,1765395299.102286,2025-12-10T19:34:59.102290+00:00
1480,1765395299.1235929,2025-12-10T19:34:59.123603+00:00
1481,1765395299.143553,2025-12-10T19:34:59.143561+00:00
1482,1765395299.164459,2025-12-10T19:34:59.164465+00:00
1483,1765395299.184984,2025-12-10T19:34:59.184988+00:00
1484,1765395299.201886,2025-12-10T19:34:59.201890+00:00
1485,1765395299.220543,2025-12-10T19:34:59.220547+00:00
1486,1765395299.241426,2025-12-10T19:34:59.241431+00:00
1487,1765395299.2601988,2025-12-10T19:34:59.260208+00:00
1488,1765395299.278261,2025-12-10T19:34:59.278264+00:00
1489,1765395299.299142,2025-12-10T19:34:59.299146+00:00
1490,1765395299.317256,2025-12-10T19:34:59.317264+00:00
1491,1765395299.334839,2025-12-10T19:34:59.334842+00:00
1492,1765395299.351916,2025-12-10T19:34:59.351921+00:00
1493,1765395299.37281,2025-12-10T19:34:59.372815+00:00
1494,1765395299.393705,2025-12-10T19:34:59.393709+00:00
1495,1765395299.412582,2025-12-10T19:34:59.412586+00:00
1496,1765395299.429483,2025-12-10T19:34:59.429486+00:00
1497,1765395299.450368,2025-12-10T19:34:59.450373+00:00
1498,1765395299.468746,2025-12-10T19:34:59.468753+00:00
1499,1765395299.4868128,2025-12-10T19:34:59.486821+00:00
1500,1765395299.507725,2025-12-10T19:34:59.507729+00:00
1501,1765395299.526927,2025-12-10T19:34:59.526930+00:00
1502,1765395299.5463989,2025-12-10T19:34:59.546402+00:00
1503,1765395299.56729,2025-12-10T19:34:59.567296+00:00
1504,1765395299.5874949,2025-12-10T19:34:59.587501+00:00
1505,1765395299.604797,2025-12-10T19:34:59.604806+00:00
1506,1765395299.62571,2025-12-10T19:34:59.625712+00:00
1507,1765395299.646606,2025-12-10T19:34:59.646613+00:00
1508,1765395299.664788,2025-12-10T19:34:59.664793+00:00
1509,1765395299.685685,2025-12-10T19:34:59.685690+00:00
1510,1765395299.70657,2025-12-10T19:34:59.706574+00:00
1511,1765395299.724622,2025-12-10T19:34:59.724633+00:00
1512,1765395299.745565,2025-12-10T19:34:59.745568+00:00
1513,1765395299.766449,2025-12-10T19:34:59.766455+00:00
1514,1765395299.785204,2025-12-10T19:34:59.785208+00:00
1515,1765395299.8060858,2025-12-10T19:34:59.806091+00:00
1516,1765395299.8272278,2025-12-10T19:34:59.827234+00:00
1517,1765395299.8455,2025-12-10T19:34:59.845508+00:00
1518,1765395299.862249,2025-12-10T19:34:59.862250+00:00
1519,1765395299.883126,2025-12-10T19:34:59.883131+00:00
1520,1765395299.903085,2025-12-10T19:34:59.903088+00:00
1521,1765395299.923981,2025-12-10T19:34:59.923986+00:00
1522,1765395299.943348,2025-12-10T19:34:59.943352+00:00
1523,1765395299.961866,2025-12-10T19:34:59.961869+00:00
1524,1765395299.9806771,2025-12-10T19:34:59.980683+00:00
1525,1765395300.0003111,2025-12-10T19:35:00.000317+00:00
1526,1765395300.018374,2025-12-10T19:35:00.018376+00:00
1527,1765395300.036778,2025-12-10T19:35:00.036782+00:00
1528,1765395300.057651,2025-12-10T19:35:00.057655+00:00
1529,1765395300.078528,2025-12-10T19:35:00.078532+00:00
1530,1765395300.099446,2025-12-10T19:35:00.099456+00:00
1531,1765395300.120397,2025-12-10T19:35:00.120409+00:00
1532,1765395300.138643,2025-12-10T19:35:00.138647+00:00
1533,1765395300.159522,2025-12-10T19:35:00.159526+00:00
1534,1765395300.179424,2025-12-10T19:35:00.179427+00:00
1535,1765395300.1969512,2025-12-10T19:35:00.196958+00:00
1536,1765395300.214989,2025-12-10T19:35:00.214993+00:00
1537,1765395300.23553,2025-12-10T19:35:00.235533+00:00
1538,1765395300.25514,2025-12-10T19:35:00.255150+00:00
1539,1765395300.276055,2025-12-10T19:35:00.276058+00:00
1540,1765395300.296015,2025-12-10T19:35:00.296019+00:00
1541,1765395300.315613,2025-12-10T19:35:00.315617+00:00
1542,1765395300.336502,2025-12-10T19:35:00.336504+00:00
1543,1765395300.357366,2025-12-10T19:35:00.357370+00:00
1544,1765395300.378243,2025-12-10T19:35:00.378247+00:00
1545,1765395300.397117,2025-12-10T19:35:00.397121+00:00
1546,1765395300.418012,2025-12-10T19:35:00.418017+00:00
1547,1765395300.43873,2025-12-10T19:35:00.438734+00:00
1548,1765395300.458816,2025-12-10T19:35:00.458819+00:00
1549,1765395300.479691,2025-12-10T19:35:00.479692+00:00
1550,1765395300.500562,2025-12-10T19:35:00.500567+00:00
1551,1765395300.518421,2025-12-10T19:35:00.518428+00:00
1552,1765395300.53893,2025-12-10T19:35:00.538931+00:00
1553,1765395300.55567,2025-12-10T19:35:00.555676+00:00
1554,1765395300.5766048,2025-12-10T19:35:00.576608+00:00
1555,1765395300.597245,2025-12-10T19:35:00.597246+00:00
1556,1765395300.615598,2025-12-10T19:35:00.615598+00:00
1557,1765395300.635011,2025-12-10T19:35:00.635013+00:00
1558,1765395300.6553988,2025-12-10T19:35:00.655401+00:00
1559,1765395300.672947,2025-12-10T19:35:00.672949+00:00
1560,1765395300.692914,2025-12-10T19:35:00.692917+00:00
1561,1765395300.713769,2025-12-10T19:35:00.713772+00:00
1562,1765395300.734653,2025-12-10T19:35:00.734661+00:00
1563,1765395300.755559,2025-12-10T19:35:00.755562+00:00
1564,1765395300.7730088,2025-12-10T19:35:00.773012+00:00
1565,1765395300.793878,2025-12-10T19:35:00.793883+00:00
1566,1765395300.814633,2025-12-10T19:35:00.814640+00:00
1567,1765395300.832139,2025-12-10T19:35:00.832143+00:00
1568,1765395300.852371,2025-12-10T19:35:00.852377+00:00
1569,1765395300.872941,2025-12-10T19:35:00.872946+00:00
1570,1765395300.893844,2025-12-10T19:35:00.893847+00:00
1571,1765395300.914596,2025-12-10T19:35:00.914600+00:00
1572,1765395300.935474,2025-12-10T19:35:00.935477+00:00
1573,1765395300.955746,2025-12-10T19:35:00.955749+00:00
1574,1765395300.976618,2025-12-10T19:35:00.976622+00:00
1575,1765395300.99634,2025-12-10T19:35:00.996344+00:00
1576,1765395301.014643,2025-12-10T19:35:01.014646+00:00
1577,1765395301.035572,2025-12-10T19:35:01.035575+00:00
1578,1765395301.05505,2025-12-10T19:35:01.055053+00:00
1579,1765395301.0720909,2025-12-10T19:35:01.072095+00:00
1580,1765395301.092617,2025-12-10T19:35:01.092621+00:00
1581,1765395301.111496,2025-12-10T19:35:01.111500+00:00
1582,1765395301.13108,2025-12-10T19:35:01.131083+00:00
1583,1765395301.151974,2025-12-10T19:35:01.151976+00:00
1584,1765395301.1691551,2025-12-10T19:35:01.169157+00:00
1585,1765395301.188632,2025-12-10T19:35:01.188636+00:00
1586,1765395301.205452,2025-12-10T19:35:01.205453+00:00
1587,1765395301.226175,2025-12-10T19:35:01.226179+00:00
1588,1765395301.247246,2025-12-10T19:35:01.247268+00:00
1589,1765395301.266666,2025-12-10T19:35:01.266675+00:00
1590,1765395301.285708,2025-12-10T19:35:01.285713+00:00
1591,1765395301.30545,2025-12-10T19:35:01.305457+00:00
1592,1765395301.322795,2025-12-10T19:35:01.322800+00:00
1593,1765395301.343137,2025-12-10T19:35:01.343140+00:00
1594,1765395301.360628,2025-12-10T19:35:01.360632+00:00
1595,1765395301.381494,2025-12-10T19:35:01.381495+00:00
1596,1765395301.402347,2025-12-10T19:35:01.402347+00:00
1597,1765395301.4231942,2025-12-10T19:35:01.423194+00:00
1598,1765395301.444045,2025-12-10T19:35:01.444048+00:00
1599,1765395301.462652,2025-12-10T19:35:01.462654+00:00
1600,1765395301.483559,2025-12-10T19:35:01.483563+00:00
1601,1765395301.501746,2025-12-10T19:35:01.501750+00:00
1602,1765395301.522646,2025-12-10T19:35:01.522648+00:00
1603,1765395301.5432131,2025-12-10T19:35:01.543216+00:00
1604,1765395301.560858,2025-12-10T19:35:01.560861+00:00
1605,1765395301.581481,2025-12-10T19:35:01.581483+00:00
1606,1765395301.601675,2025-12-10T19:35:01.601680+00:00
1607,1765395301.618761,2025-12-10T19:35:01.618764+00:00
1608,1765395301.63555,2025-12-10T19:35:01.635552+00:00
1609,1765395301.6564171,2025-12-10T19:35:01.656418+00:00
1610,1765395301.6771631,2025-12-10T19:35:01.677167+00:00
1611,1765395301.698026,2025-12-10T19:35:01.698027+00:00
1612,1765395301.718445,2025-12-10T19:35:01.718449+00:00
1613,1765395301.7393448,2025-12-10T19:35:01.739347+00:00
1614,1765395301.760233,2025-12-10T19:35:01.760239+00:00
1615,1765395301.7811358,2025-12-10T19:35:01.781138+00:00
1616,1765395301.801497,2025-12-10T19:35:01.801501+00:00
1617,1765395301.8220842,2025-12-10T19:35:01.822089+00:00
1618,1765395301.8429928,2025-12-10T19:35:01.842998+00:00
1619,1765395301.863909,2025-12-10T19:35:01.863916+00:00
1620,1765395301.8809202,2025-12-10T19:35:01.880925+00:00
1621,1765395301.901806,2025-12-10T19:35:01.901813+00:00
1622,1765395301.922716,2025-12-10T19:35:01.922721+00:00
1623,1765395301.9436312,2025-12-10T19:35:01.943638+00:00
1624,1765395301.9631202,2025-12-10T19:35:01.963139+00:00
1625,1765395301.9830441,2025-12-10T19:35:01.983048+00:00
1626,1765395302.0039208,2025-12-10T19:35:02.003925+00:00
1627,1765395302.022913,2025-12-10T19:35:02.022914+00:00
1628,1765395302.041439,2025-12-10T19:35:02.041448+00:00
1629,1765395302.0623622,2025-12-10T19:35:02.062367+00:00
1630,1765395302.079596,2025-12-10T19:35:02.079600+00:00
1631,1765395302.100499,2025-12-10T19:35:02.100502+00:00
1632,1765395302.121363,2025-12-10T19:35:02.121365+00:00
1633,1765395302.140121,2025-12-10T19:35:02.140123+00:00
1634,1765395302.1610072,2025-12-10T19:35:02.161009+00:00
1635,1765395302.178106,2025-12-10T19:35:02.178109+00:00
1636,1765395302.196534,2025-12-10T19:35:02.196534+00:00
1637,1765395302.2170491,2025-12-10T19:35:02.217050+00:00
1638,1765395302.237922,2025-12-10T19:35:02.237927+00:00
1639,1765395302.256041,2025-12-10T19:35:02.256043+00:00
1640,1765395302.272993,2025-12-10T19:35:02.272995+00:00
1641,1765395302.290816,2025-12-10T19:35:02.290819+00:00
1642,1765395302.3117042,2025-12-10T19:35:02.311708+00:00
1643,1765395302.3314629,2025-12-10T19:35:02.331465+00:00
1644,1765395302.352339,2025-12-10T19:35:02.352348+00:00
1645,1765395302.3720908,2025-12-10T19:35:02.372098+00:00
1646,1765395302.38974,2025-12-10T19:35:02.389742+00:00
1647,1765395302.410603,2025-12-10T19:35:02.410607+00:00
1648,1765395302.431332,2025-12-10T19:35:02.431333+00:00
1649,1765395302.452204,2025-12-10T19:35:02.452208+00:00
1650,1765395302.472526,2025-12-10T19:35:02.472528+00:00
1651,1765395302.493404,2025-12-10T19:35:02.493404+00:00
1652,1765395302.5112262,2025-12-10T19:35:02.511228+00:00
1653,1765395302.531023,2025-12-10T19:35:02.531024+00:00
1654,1765395302.55189,2025-12-10T19:35:02.551896+00:00
1655,1765395302.572442,2025-12-10T19:35:02.572443+00:00
1656,1765395302.592372,2025-12-10T19:35:02.592374+00:00
1657,1765395302.613255,2025-12-10T19:35:02.613259+00:00
1658,1765395302.6314209,2025-12-10T19:35:02.631424+00:00
1659,1765395302.6522958,2025-12-10T19:35:02.652297+00:00
1660,1765395302.671812,2025-12-10T19:35:02.671813+00:00
1661,1765395302.692668,2025-12-10T19:35:02.692669+00:00
1662,1765395302.713527,2025-12-10T19:35:02.713531+00:00
1663,1765395302.732088,2025-12-10T19:35:02.732091+00:00
1664,1765395302.7498581,2025-12-10T19:35:02.749863+00:00
1665,1765395302.7677598,2025-12-10T19:35:02.767762+00:00
1666,1765395302.788646,2025-12-10T19:35:02.788652+00:00
1667,1765395302.809561,2025-12-10T19:35:02.809569+00:00
1668,1765395302.830466,2025-12-10T19:35:02.830468+00:00
1669,1765395302.8473852,2025-12-10T19:35:02.847391+00:00
1670,1765395302.867538,2025-12-10T19:35:02.867541+00:00
1671,1765395302.888406,2025-12-10T19:35:02.888407+00:00
1672,1765395302.905638,2025-12-10T19:35:02.905639+00:00
1673,1765395302.9264991,2025-12-10T19:35:02.926501+00:00
1674,1765395302.945994,2025-12-10T19:35:02.945997+00:00
1675,1765395302.96426,2025-12-10T19:35:02.964262+00:00
1676,1765395302.982786,2025-12-10T19:35:02.982787+00:00
1677,1765395303.002774,2025-12-10T19:35:03.002774+00:00
1678,1765395303.022676,2025-12-10T19:35:03.022677+00:00
1679,1765395303.0435379,2025-12-10T19:35:03.043541+00:00
1680,1765395303.062177,2025-12-10T19:35:03.062179+00:00
1681,1765395303.0809522,2025-12-10T19:35:03.080952+00:00
1682,1765395303.101266,2025-12-10T19:35:03.101271+00:00
1683,1765395303.120047,2025-12-10T19:35:03.120050+00:00
1684,1765395303.13679,2025-12-10T19:35:03.136794+00:00
1685,1765395303.157873,2025-12-10T19:35:03.157877+00:00
1686,1765395303.178761,2025-12-10T19:35:03.178765+00:00
1687,1765395303.197518,2025-12-10T19:35:03.197523+00:00
1688,1765395303.2146728,2025-12-10T19:35:03.214679+00:00
1689,1765395303.234415,2025-12-10T19:35:03.234422+00:00
1690,1765395303.2540128,2025-12-10T19:35:03.254016+00:00
1691,1765395303.274896,2025-12-10T19:35:03.274901+00:00
1692,1765395303.2943208,2025-12-10T19:35:03.294328+00:00
1693,1765395303.312042,2025-12-10T19:35:03.312049+00:00
1694,1765395303.3322492,2025-12-10T19:35:03.332254+00:00
1695,1765395303.351342,2025-12-10T19:35:03.351346+00:00
1696,1765395303.37134,2025-12-10T19:35:03.371345+00:00
1697,1765395303.391542,2025-12-10T19:35:03.391545+00:00
1698,1765395303.4124339,2025-12-10T19:35:03.412443+00:00
1699,1765395303.430461,2025-12-10T19:35:03.430464+00:00
1700,1765395303.449441,2025-12-10T19:35:03.449444+00:00
1701,1765395303.4703202,2025-12-10T19:35:03.470331+00:00
1702,1765395303.488736,2025-12-10T19:35:03.488749+00:00
1703,1765395303.505928,2025-12-10T19:35:03.505933+00:00
1704,1765395303.526763,2025-12-10T19:35:03.526768+00:00
1705,1765395303.54769,2025-12-10T19:35:03.547696+00:00
1706,1765395303.56848,2025-12-10T19:35:03.568483+00:00
1707,1765395303.589368,2025-12-10T19:35:03.589371+00:00
1708,1765395303.60731,2025-12-10T19:35:03.607312+00:00
1709,1765395303.62559,2025-12-10T19:35:03.625593+00:00
1710,1765395303.646475,2025-12-10T19:35:03.646476+00:00
1711,1765395303.665198,2025-12-10T19:35:03.665203+00:00
1712,1765395303.686094,2025-12-10T19:35:03.686098+00:00
1713,1765395303.706965,2025-12-10T19:35:03.706966+00:00
1714,1765395303.7267158,2025-12-10T19:35:03.726717+00:00
1715,1765395303.747592,2025-12-10T19:35:03.747596+00:00
1716,1765395303.766433,2025-12-10T19:35:03.766437+00:00
1717,1765395303.784817,2025-12-10T19:35:03.784820+00:00
1718,1765395303.8048499,2025-12-10T19:35:03.804854+00:00
1719,1765395303.824854,2025-12-10T19:35:03.824857+00:00
1720,1765395303.84574,2025-12-10T19:35:03.845742+00:00
1721,1765395303.8666172,2025-12-10T19:35:03.866621+00:00
1722,1765395303.88749,2025-12-10T19:35:03.887491+00:00
1723,1765395303.908349,2025-12-10T19:35:03.908350+00:00
1724,1765395303.9259331,2025-12-10T19:35:03.925935+00:00
1725,1765395303.946806,2025-12-10T19:35:03.946807+00:00
1726,1765395303.96458,2025-12-10T19:35:03.964582+00:00
1727,1765395303.985475,2025-12-10T19:35:03.985479+00:00
1728,1765395304.0066729,2025-12-10T19:35:04.006684+00:00
1729,1765395304.027444,2025-12-10T19:35:04.027449+00:00
1730,1765395304.0483341,2025-12-10T19:35:04.048343+00:00
1731,1765395304.06671,2025-12-10T19:35:04.066730+00:00
1732,1765395304.087691,2025-12-10T19:35:04.087700+00:00
1733,1765395304.107187,2025-12-10T19:35:04.107194+00:00
1734,1765395304.1281211,2025-12-10T19:35:04.128125+00:00
1735,1765395304.149031,2025-12-10T19:35:04.149037+00:00
1736,1765395304.169935,2025-12-10T19:35:04.169936+00:00
1737,1765395304.1907892,2025-12-10T19:35:04.190791+00:00
1738,1765395304.211658,2025-12-10T19:35:04.211661+00:00
1739,1765395304.232536,2025-12-10T19:35:04.232539+00:00
1740,1765395304.250557,2025-12-10T19:35:04.250564+00:00
1741,1765395304.2714791,2025-12-10T19:35:04.271483+00:00
1742,1765395304.2907488,2025-12-10T19:35:04.290753+00:00
1743,1765395304.309058,2025-12-10T19:35:04.309064+00:00
1744,1765395304.330106,2025-12-10T19:35:04.330109+00:00
1745,1765395304.347724,2025-12-10T19:35:04.347729+00:00
1746,1765395304.365806,2025-12-10T19:35:04.365810+00:00
1747,1765395304.386692,2025-12-10T19:35:04.386697+00:00
1748,1765395304.407617,2025-12-10T19:35:04.407635+00:00
1749,1765395304.428566,2025-12-10T19:35:04.428571+00:00
1750,1765395304.447747,2025-12-10T19:35:04.447749+00:00
1751,1765395304.468622,2025-12-10T19:35:04.468626+00:00
1752,1765395304.4895418,2025-12-10T19:35:04.489547+00:00
1753,1765395304.510436,2025-12-10T19:35:04.510438+00:00
1754,1765395304.53122,2025-12-10T19:35:04.531225+00:00
1755,1765395304.552153,2025-12-10T19:35:04.552157+00:00
1756,1765395304.5730329,2025-12-10T19:35:04.573039+00:00
1757,1765395304.590871,2025-12-10T19:35:04.590875+00:00
1758,1765395304.6117818,2025-12-10T19:35:04.611785+00:00
1759,1765395304.631179,2025-12-10T19:35:04.631185+00:00
1760,1765395304.647983,2025-12-10T19:35:04.647988+00:00
1761,1765395304.668896,2025-12-10T19:35:04.668900+00:00
1762,1765395304.689719,2025-12-10T19:35:04.689729+00:00
1763,1765395304.709414,2025-12-10T19:35:04.709418+00:00
1764,1765395304.730329,2025-12-10T19:35:04.730335+00:00
1765,1765395304.7478259,2025-12-10T19:35:04.747834+00:00
1766,1765395304.767402,2025-12-10T19:35:04.767406+00:00
1767,1765395304.784632,2025-12-10T19:35:04.784638+00:00
1768,1765395304.801929,2025-12-10T19:35:04.801933+00:00
1769,1765395304.822816,2025-12-10T19:35:04.822821+00:00
1770,1765395304.843723,2025-12-10T19:35:04.843727+00:00
1771,1765395304.864627,2025-12-10T19:35:04.864632+00:00
1772,1765395304.88462,2025-12-10T19:35:04.884629+00:00
1773,1765395304.9023309,2025-12-10T19:35:04.902335+00:00
1774,1765395304.9229078,2025-12-10T19:35:04.922916+00:00
1775,1765395304.9438238,2025-12-10T19:35:04.943828+00:00
1776,1765395304.964722,2025-12-10T19:35:04.964726+00:00
1777,1765395304.981962,2025-12-10T19:35:04.981963+00:00
1778,1765395305.00282,2025-12-10T19:35:05.002821+00:00
1779,1765395305.023681,2025-12-10T19:35:05.023685+00:00
1780,1765395305.041732,2025-12-10T19:35:05.041737+00:00
1781,1765395305.062009,2025-12-10T19:35:05.062016+00:00
1782,1765395305.080485,2025-12-10T19:35:05.080495+00:00
1783,1765395305.101409,2025-12-10T19:35:05.101413+00:00
1784,1765395305.118541,2025-12-10T19:35:05.118544+00:00
1785,1765395305.1355698,2025-12-10T19:35:05.135574+00:00
1786,1765395305.156467,2025-12-10T19:35:05.156471+00:00
1787,1765395305.176287,2025-12-10T19:35:05.176293+00:00
1788,1765395305.1971881,2025-12-10T19:35:05.197192+00:00
1789,1765395305.218076,2025-12-10T19:35:05.218104+00:00
1790,1765395305.239202,2025-12-10T19:35:05.239205+00:00
1791,1765395305.2600808,2025-12-10T19:35:05.260082+00:00
1792,1765395305.280948,2025-12-10T19:35:05.280952+00:00
1793,1765395305.301285,2025-12-10T19:35:05.301289+00:00
1794,1765395305.32171,2025-12-10T19:35:05.321714+00:00
1795,1765395305.342624,2025-12-10T19:35:05.342629+00:00
1796,1765395305.360933,2025-12-10T19:35:05.360937+00:00
1797,1765395305.378787,2025-12-10T19:35:05.378791+00:00
1798,1765395305.3988202,2025-12-10T19:35:05.398829+00:00
1799,1765395305.419724,2025-12-10T19:35:05.419725+00:00
1800,1765395305.440043,2025-12-10T19:35:05.440044+00:00
1801,1765395305.460908,2025-12-10T19:35:05.460910+00:00
1802,1765395305.48013,2025-12-10T19:35:05.480131+00:00
1803,1765395305.5009868,2025-12-10T19:35:05.500989+00:00
1804,1765395305.520315,2025-12-10T19:35:05.520315+00:00
1805,1765395305.5387049,2025-12-10T19:35:05.538710+00:00
1806,1765395305.5595698,2025-12-10T19:35:05.559574+00:00
1807,1765395305.578219,2025-12-10T19:35:05.578221+00:00
1808,1765395305.596226,2025-12-10T19:35:05.596230+00:00
1809,1765395305.6171231,2025-12-10T19:35:05.617125+00:00
1810,1765395305.636949,2025-12-10T19:35:05.636950+00:00
1811,1765395305.6578078,2025-12-10T19:35:05.657811+00:00
1812,1765395305.678685,2025-12-10T19:35:05.678688+00:00
1813,1765395305.698092,2025-12-10T19:35:05.698093+00:00
1814,1765395305.718952,2025-12-10T19:35:05.718954+00:00
1815,1765395305.739827,2025-12-10T19:35:05.739830+00:00
1816,1765395305.760703,2025-12-10T19:35:05.760708+00:00
1817,1765395305.780753,2025-12-10T19:35:05.780763+00:00
1818,1765395305.797555,2025-12-10T19:35:05.797558+00:00
1819,1765395305.818431,2025-12-10T19:35:05.818440+00:00
1820,1765395305.837355,2025-12-10T19:35:05.837356+00:00
1821,1765395305.856034,2025-12-10T19:35:05.856039+00:00
1822,1765395305.8769438,2025-12-10T19:35:05.876951+00:00
1823,1765395305.894536,2025-12-10T19:35:05.894539+00:00
1824,1765395305.913816,2025-12-10T19:35:05.913819+00:00
1825,1765395305.934685,2025-12-10T19:35:05.934688+00:00
1826,1765395305.9531221,2025-12-10T19:35:05.953127+00:00
1827,1765395305.973312,2025-12-10T19:35:05.973317+00:00
1828,1765395305.994194,2025-12-10T19:35:05.994198+00:00
1829,1765395306.015069,2025-12-10T19:35:06.015077+00:00
1830,1765395306.0321732,2025-12-10T19:35:06.032175+00:00
1831,1765395306.053051,2025-12-10T19:35:06.053057+00:00
1832,1765395306.073121,2025-12-10T19:35:06.073126+00:00
1833,1765395306.091827,2025-12-10T19:35:06.091830+00:00
1834,1765395306.112724,2025-12-10T19:35:06.112731+00:00
1835,1765395306.131905,2025-12-10T19:35:06.131910+00:00
1836,1765395306.14894,2025-12-10T19:35:06.148942+00:00
1837,1765395306.1698098,2025-12-10T19:35:06.169812+00:00
1838,1765395306.1878898,2025-12-10T19:35:06.187892+00:00
1839,1765395306.206353,2025-12-10T19:35:06.206375+00:00
1840,1765395306.224836,2025-12-10T19:35:06.224837+00:00
1841,1765395306.245706,2025-12-10T19:35:06.245712+00:00
1842,1765395306.2647638,2025-12-10T19:35:06.264773+00:00
1843,1765395306.285461,2025-12-10T19:35:06.285462+00:00
1844,1765395306.306331,2025-12-10T19:35:06.306338+00:00
1845,1765395306.3230789,2025-12-10T19:35:06.323082+00:00
1846,1765395306.3439748,2025-12-10T19:35:06.343980+00:00
1847,1765395306.364735,2025-12-10T19:35:06.364739+00:00
1848,1765395306.382127,2025-12-10T19:35:06.382134+00:00
1849,1765395306.4030578,2025-12-10T19:35:06.403064+00:00
1850,1765395306.422066,2025-12-10T19:35:06.422067+00:00
1851,1765395306.44118,2025-12-10T19:35:06.441182+00:00
1852,1765395306.462038,2025-12-10T19:35:06.462039+00:00
1853,1765395306.482902,2025-12-10T19:35:06.482905+00:00
1854,1765395306.503783,2025-12-10T19:35:06.503786+00:00
1855,1765395306.5237708,2025-12-10T19:35:06.523772+00:00
1856,1765395306.544309,2025-12-10T19:35:06.544312+00:00
1857,1765395306.5627258,2025-12-10T19:35:06.562727+00:00
1858,1765395306.580804,2025-12-10T19:35:06.580810+00:00
1859,1765395306.6009972,2025-12-10T19:35:06.601001+00:00
1860,1765395306.6218932,2025-12-10T19:35:06.621894+00:00
1861,1765395306.640288,2025-12-10T19:35:06.640289+00:00
1862,1765395306.6611462,2025-12-10T19:35:06.661148+00:00
1863,1765395306.682015,2025-12-10T19:35:06.682016+00:00
1864,1765395306.702871,2025-12-10T19:35:06.702873+00:00
1865,1765395306.723747,2025-12-10T19:35:06.723751+00:00
1866,1765395306.743986,2025-12-10T19:35:06.743991+00:00
1867,1765395306.7642171,2025-12-10T19:35:06.764222+00:00
1868,1765395306.784884,2025-12-10T19:35:06.784886+00:00
1869,1765395306.805755,2025-12-10T19:35:06.805761+00:00
1870,1765395306.8266602,2025-12-10T19:35:06.826664+00:00
1871,1765395306.847554,2025-12-10T19:35:06.847557+00:00
1872,1765395306.868435,2025-12-10T19:35:06.868439+00:00
1873,1765395306.8857658,2025-12-10T19:35:06.885771+00:00
1874,1765395306.902516,2025-12-10T19:35:06.902519+00:00
1875,1765395306.923389,2025-12-10T19:35:06.923395+00:00
1876,1765395306.940584,2025-12-10T19:35:06.940590+00:00
1877,1765395306.960163,2025-12-10T19:35:06.960172+00:00
1878,1765395306.977312,2025-12-10T19:35:06.977316+00:00
1879,1765395306.9965,2025-12-10T19:35:06.996506+00:00
1880,1765395307.017408,2025-12-10T19:35:07.017411+00:00
1881,1765395307.035522,2025-12-10T19:35:07.035525+00:00
1882,1765395307.056333,2025-12-10T19:35:07.056338+00:00
1883,1765395307.077216,2025-12-10T19:35:07.077222+00:00
1884,1765395307.0943701,2025-12-10T19:35:07.094371+00:00
1885,1765395307.115241,2025-12-10T19:35:07.115246+00:00
1886,1765395307.135484,2025-12-10T19:35:07.135487+00:00
1887,1765395307.152204,2025-12-10T19:35:07.152206+00:00
1888,1765395307.173134,2025-12-10T19:35:07.173138+00:00
1889,1765395307.193642,2025-12-10T19:35:07.193647+00:00
1890,1765395307.2104461,2025-12-10T19:35:07.210452+00:00
1891,1765395307.2313821,2025-12-10T19:35:07.231390+00:00
1892,1765395307.252317,2025-12-10T19:35:07.252320+00:00
1893,1765395307.273185,2025-12-10T19:35:07.273188+00:00
1894,1765395307.292347,2025-12-10T19:35:07.292349+00:00
1895,1765395307.311528,2025-12-10T19:35:07.311532+00:00
1896,1765395307.332413,2025-12-10T19:35:07.332417+00:00
1897,1765395307.350899,2025-12-10T19:35:07.350902+00:00
1898,1765395307.371435,2025-12-10T19:35:07.371438+00:00
1899,1765395307.392303,2025-12-10T19:35:07.392307+00:00
1900,1765395307.410538,2025-12-10T19:35:07.410543+00:00
1901,1765395307.43012,2025-12-10T19:35:07.430122+00:00
1902,1765395307.450978,2025-12-10T19:35:07.450979+00:00
1903,1765395307.471452,2025-12-10T19:35:07.471456+00:00
1904,1765395307.489302,2025-12-10T19:35:07.489305+00:00
1905,1765395307.507701,2025-12-10T19:35:07.507703+00:00
1906,1765395307.527207,2025-12-10T19:35:07.527207+00:00
1907,1765395307.5465322,2025-12-10T19:35:07.546533+00:00
1908,1765395307.566723,2025-12-10T19:35:07.566724+00:00
1909,1765395307.587594,2025-12-10T19:35:07.587600+00:00
1910,1765395307.6084979,2025-12-10T19:35:07.608501+00:00
1911,1765395307.6293702,2025-12-10T19:35:07.629373+00:00
1912,1765395307.646177,2025-12-10T19:35:07.646182+00:00
1913,1765395307.663261,2025-12-10T19:35:07.663263+00:00
1914,1765395307.684049,2025-12-10T19:35:07.684052+00:00
1915,1765395307.704918,2025-12-10T19:35:07.704921+00:00
1916,1765395307.725784,2025-12-10T19:35:07.725788+00:00
1917,1765395307.744818,2025-12-10T19:35:07.744822+00:00
1918,1765395307.765307,2025-12-10T19:35:07.765311+00:00
1919,1765395307.786728,2025-12-10T19:35:07.786733+00:00
1920,1765395307.805675,2025-12-10T19:35:07.805684+00:00
1921,1765395307.823489,2025-12-10T19:35:07.823492+00:00
1922,1765395307.843863,2025-12-10T19:35:07.843867+00:00
1923,1765395307.861293,2025-12-10T19:35:07.861294+00:00
1924,1765395307.8812668,2025-12-10T19:35:07.881268+00:00
1925,1765395307.899696,2025-12-10T19:35:07.899704+00:00
1926,1765395307.919361,2025-12-10T19:35:07.919366+00:00
1927,1765395307.940258,2025-12-10T19:35:07.940261+00:00
1928,1765395307.961139,2025-12-10T19:35:07.961141+00:00
1929,1765395307.979223,2025-12-10T19:35:07.979226+00:00
1930,1765395308.0001101,2025-12-10T19:35:08.000113+00:00
1931,1765395308.018782,2025-12-10T19:35:08.018782+00:00
1932,1765395308.037867,2025-12-10T19:35:08.037868+00:00
1933,1765395308.057194,2025-12-10T19:35:08.057194+00:00
1934,1765395308.0771341,2025-12-10T19:35:08.077138+00:00
1935,1765395308.098043,2025-12-10T19:35:08.098045+00:00
1936,1765395308.118927,2025-12-10T19:35:08.118931+00:00
1937,1765395308.1388001,2025-12-10T19:35:08.138802+00:00
1938,1765395308.159681,2025-12-10T19:35:08.159686+00:00
1939,1765395308.177057,2025-12-10T19:35:08.177062+00:00
1940,1765395308.197953,2025-12-10T19:35:08.197955+00:00
1941,1765395308.218712,2025-12-10T19:35:08.218715+00:00
1942,1765395308.236064,2025-12-10T19:35:08.236067+00:00
1943,1765395308.256704,2025-12-10T19:35:08.256709+00:00
1944,1765395308.2763178,2025-12-10T19:35:08.276324+00:00
1945,1765395308.293889,2025-12-10T19:35:08.293893+00:00
1946,1765395308.314508,2025-12-10T19:35:08.314511+00:00
1947,1765395308.335236,2025-12-10T19:35:08.335242+00:00
1948,1765395308.352134,2025-12-10T19:35:08.352137+00:00
1949,1765395308.3730361,2025-12-10T19:35:08.373040+00:00
1950,1765395308.3939252,2025-12-10T19:35:08.393928+00:00
1951,1765395308.4148061,2025-12-10T19:35:08.414812+00:00
1952,1765395308.434856,2025-12-10T19:35:08.434861+00:00
1953,1765395308.4521642,2025-12-10T19:35:08.452168+00:00
1954,1765395308.4702961,2025-12-10T19:35:08.470300+00:00
1955,1765395308.491167,2025-12-10T19:35:08.491171+00:00
1956,1765395308.5095081,2025-12-10T19:35:08.509510+00:00
1957,1765395308.5268312,2025-12-10T19:35:08.526841+00:00
1958,1765395308.543712,2025-12-10T19:35:08.543715+00:00
1959,1765395308.564579,2025-12-10T19:35:08.564581+00:00
1960,1765395308.5854652,2025-12-10T19:35:08.585474+00:00
1961,1765395308.6063921,2025-12-10T19:35:08.606399+00:00
1962,1765395308.627306,2025-12-10T19:35:08.627309+00:00
1963,1765395308.647139,2025-12-10T19:35:08.647143+00:00
1964,1765395308.6680262,2025-12-10T19:35:08.668027+00:00
1965,1765395308.6855092,2025-12-10T19:35:08.685511+00:00
1966,1765395308.7022238,2025-12-10T19:35:08.702224+00:00
1967,1765395308.7230778,2025-12-10T19:35:08.723079+00:00
1968,1765395308.743914,2025-12-10T19:35:08.743918+00:00
1969,1765395308.762133,2025-12-10T19:35:08.762135+00:00
1970,1765395308.783,2025-12-10T19:35:08.783002+00:00
1971,1765395308.802229,2025-12-10T19:35:08.802245+00:00
1972,1765395308.8231401,2025-12-10T19:35:08.823141+00:00
1973,1765395308.8438148,2025-12-10T19:35:08.843816+00:00
1974,1765395308.860574,2025-12-10T19:35:08.860577+00:00
1975,1765395308.881469,2025-12-10T19:35:08.881471+00:00
1976,1765395308.9004061,2025-12-10T19:35:08.900408+00:00
1977,1765395308.9212859,2025-12-10T19:35:08.921292+00:00
1978,1765395308.942197,2025-12-10T19:35:08.942200+00:00
1979,1765395308.963072,2025-12-10T19:35:08.963073+00:00
1980,1765395308.9839349,2025-12-10T19:35:08.983939+00:00
1981,1765395309.002012,2025-12-10T19:35:09.002013+00:00
1982,1765395309.0188868,2025-12-10T19:35:09.018888+00:00
1983,1765395309.0367858,2025-12-10T19:35:09.036786+00:00
1984,1765395309.057645,2025-12-10T19:35:09.057650+00:00
1985,1765395309.074852,2025-12-10T19:35:09.074857+00:00
1986,1765395309.093997,2025-12-10T19:35:09.093999+00:00
1987,1765395309.11093,2025-12-10T19:35:09.110934+00:00
1988,1765395309.131815,2025-12-10T19:35:09.131819+00:00
1989,1765395309.152298,2025-12-10T19:35:09.152302+00:00
1990,1765395309.172611,2025-12-10T19:35:09.172620+00:00
1991,1765395309.1894999,2025-12-10T19:35:09.189504+00:00
1992,1765395309.210193,2025-12-10T19:35:09.210198+00:00
1993,1765395309.231071,2025-12-10T19:35:09.231073+00:00
1994,1765395309.251934,2025-12-10T19:35:09.251938+00:00
1995,1765395309.2728121,2025-12-10T19:35:09.272814+00:00
1996,1765395309.293716,2025-12-10T19:35:09.293720+00:00
1997,1765395309.314677,2025-12-10T19:35:09.314680+00:00
1998,1765395309.335559,2025-12-10T19:35:09.335562+00:00
1999,1765395309.35344,2025-12-10T19:35:09.353441+00:00
2000,1765395309.37294,2025-12-10T19:35:09.372942+00:00
2001,1765395309.392583,2025-12-10T19:35:09.392585+00:00
2002,1765395309.4105809,2025-12-10T19:35:09.410586+00:00
2003,1765395309.428205,2025-12-10T19:35:09.428209+00:00
2004,1765395309.4457102,2025-12-10T19:35:09.445714+00:00
2005,1765395309.466614,2025-12-10T19:35:09.466615+00:00
2006,1765395309.485455,2025-12-10T19:35:09.485457+00:00
2007,1765395309.5063481,2025-12-10T19:35:09.506350+00:00
2008,1765395309.527217,2025-12-10T19:35:09.527220+00:00
2009,1765395309.548107,2025-12-10T19:35:09.548109+00:00
2010,1765395309.568884,2025-12-10T19:35:09.568885+00:00
2011,1765395309.586963,2025-12-10T19:35:09.586969+00:00
2012,1765395309.6054888,2025-12-10T19:35:09.605491+00:00
2013,1765395309.6263611,2025-12-10T19:35:09.626365+00:00
2014,1765395309.6436281,2025-12-10T19:35:09.643628+00:00
2015,1765395309.662996,2025-12-10T19:35:09.663002+00:00
2016,1765395309.683914,2025-12-10T19:35:09.683917+00:00
2017,1765395309.70481,2025-12-10T19:35:09.704811+00:00
2018,1765395309.7223208,2025-12-10T19:35:09.722322+00:00
2019,1765395309.739736,2025-12-10T19:35:09.739740+00:00
2020,1765395309.760285,2025-12-10T19:35:09.760289+00:00
2021,1765395309.777243,2025-12-10T19:35:09.777246+00:00
2022,1765395309.7957609,2025-12-10T19:35:09.795763+00:00
2023,1765395309.813142,2025-12-10T19:35:09.813145+00:00
2024,1765395309.8311229,2025-12-10T19:35:09.831125+00:00
2025,1765395309.851988,2025-12-10T19:35:09.851989+00:00
2026,1765395309.871532,2025-12-10T19:35:09.871533+00:00
2027,1765395309.892394,2025-12-10T19:35:09.892395+00:00
2028,1765395309.912529,2025-12-10T19:35:09.912530+00:00
2029,1765395309.933402,2025-12-10T19:35:09.933407+00:00
2030,1765395309.954303,2025-12-10T19:35:09.954305+00:00
2031,1765395309.971432,2025-12-10T19:35:09.971436+00:00
2032,1765395309.9926999,2025-12-10T19:35:09.992704+00:00
2033,1765395310.0135958,2025-12-10T19:35:10.013599+00:00
2034,1765395310.0344808,2025-12-10T19:35:10.034482+00:00
2035,1765395310.055338,2025-12-10T19:35:10.055339+00:00
2036,1765395310.076203,2025-12-10T19:35:10.076223+00:00
2037,1765395310.097107,2025-12-10T19:35:10.097109+00:00
2038,1765395310.117973,2025-12-10T19:35:10.117974+00:00
2039,1765395310.138092,2025-12-10T19:35:10.138095+00:00
2040,1765395310.158981,2025-12-10T19:35:10.158985+00:00
2041,1765395310.179853,2025-12-10T19:35:10.179856+00:00
2042,1765395310.200881,2025-12-10T19:35:10.200886+00:00
2043,1765395310.218428,2025-12-10T19:35:10.218431+00:00
2044,1765395310.239297,2025-12-10T19:35:10.239301+00:00
2045,1765395310.260181,2025-12-10T19:35:10.260184+00:00
2046,1765395310.277017,2025-12-10T19:35:10.277021+00:00
2047,1765395310.2951229,2025-12-10T19:35:10.295128+00:00
2048,1765395310.31516,2025-12-10T19:35:10.315166+00:00
2049,1765395310.3354712,2025-12-10T19:35:10.335475+00:00
2050,1765395310.356271,2025-12-10T19:35:10.356276+00:00
2051,1765395310.3763268,2025-12-10T19:35:10.376335+00:00
2052,1765395310.393735,2025-12-10T19:35:10.393739+00:00
2053,1765395310.414628,2025-12-10T19:35:10.414632+00:00
2054,1765395310.435502,2025-12-10T19:35:10.435506+00:00
2055,1765395310.456386,2025-12-10T19:35:10.456389+00:00
2056,1765395310.4747038,2025-12-10T19:35:10.474708+00:00
2057,1765395310.493655,2025-12-10T19:35:10.493659+00:00
2058,1765395310.5107882,2025-12-10T19:35:10.510789+00:00
2059,1765395310.528306,2025-12-10T19:35:10.528308+00:00
2060,1765395310.549251,2025-12-10T19:35:10.549256+00:00
2061,1765395310.567272,2025-12-10T19:35:10.567275+00:00
2062,1765395310.585406,2025-12-10T19:35:10.585411+00:00
2063,1765395310.602255,2025-12-10T19:35:10.602260+00:00
2064,1765395310.623209,2025-12-10T19:35:10.623215+00:00
2065,1765395310.644108,2025-12-10T19:35:10.644117+00:00
2066,1765395310.6650188,2025-12-10T19:35:10.665023+00:00
2067,1765395310.682497,2025-12-10T19:35:10.682503+00:00
2068,1765395310.702249,2025-12-10T19:35:10.702258+00:00
2069,1765395310.723132,2025-12-10T19:35:10.723136+00:00
2070,1765395310.740254,2025-12-10T19:35:10.740260+00:00
2071,1765395310.76117,2025-12-10T19:35:10.761175+00:00
2072,1765395310.77919,2025-12-10T19:35:10.779193+00:00
2073,1765395310.7979982,2025-12-10T19:35:10.798002+00:00
2074,1765395310.815574,2025-12-10T19:35:10.815580+00:00
2075,1765395310.836491,2025-12-10T19:35:10.836494+00:00
2076,1765395310.856016,2025-12-10T19:35:10.856024+00:00
2077,1765395310.876962,2025-12-10T19:35:10.876966+00:00
2078,1765395310.895015,2025-12-10T19:35:10.895023+00:00
2079,1765395310.9156601,2025-12-10T19:35:10.915663+00:00
2080,1765395310.934817,2025-12-10T19:35:10.934824+00:00
2081,1765395310.955725,2025-12-10T19:35:10.955731+00:00
2082,1765395310.9766378,2025-12-10T19:35:10.976644+00:00
2083,1765395310.997323,2025-12-10T19:35:10.997332+00:00
2084,1765395311.018246,2025-12-10T19:35:11.018249+00:00
2085,1765395311.039128,2025-12-10T19:35:11.039133+00:00
2086,1765395311.0560918,2025-12-10T19:35:11.056095+00:00
2087,1765395311.076027,2025-12-10T19:35:11.076030+00:00
2088,1765395311.096929,2025-12-10T19:35:11.096932+00:00
2089,1765395311.117289,2025-12-10T19:35:11.117295+00:00
2090,1765395311.135531,2025-12-10T19:35:11.135534+00:00
2091,1765395311.155742,2025-12-10T19:35:11.155744+00:00
2092,1765395311.174788,2025-12-10T19:35:11.174794+00:00
2093,1765395311.193841,2025-12-10T19:35:11.193849+00:00
2094,1765395311.2125728,2025-12-10T19:35:11.212581+00:00
2095,1765395311.232279,2025-12-10T19:35:11.232286+00:00
2096,1765395311.249661,2025-12-10T19:35:11.249665+00:00
2097,1765395311.266436,2025-12-10T19:35:11.266438+00:00
2098,1765395311.284835,2025-12-10T19:35:11.284841+00:00
2099,1765395311.304681,2025-12-10T19:35:11.304688+00:00
2100,1765395311.3225331,2025-12-10T19:35:11.322535+00:00
2101,1765395311.3396149,2025-12-10T19:35:11.339617+00:00
2102,1765395311.360099,2025-12-10T19:35:11.360104+00:00
2103,1765395311.3777542,2025-12-10T19:35:11.377756+00:00
2104,1765395311.397849,2025-12-10T19:35:11.397851+00:00
2105,1765395311.417401,2025-12-10T19:35:11.417412+00:00
2106,1765395311.435133,2025-12-10T19:35:11.435138+00:00
2107,1765395311.453676,2025-12-10T19:35:11.453680+00:00
2108,1765395311.4738739,2025-12-10T19:35:11.473875+00:00
2109,1765395311.4906209,2025-12-10T19:35:11.490624+00:00
2110,1765395311.511512,2025-12-10T19:35:11.511514+00:00
2111,1765395311.53098,2025-12-10T19:35:11.530985+00:00
2112,1765395311.55189,2025-12-10T19:35:11.551895+00:00
2113,1765395311.57169,2025-12-10T19:35:11.571694+00:00
2114,1765395311.592049,2025-12-10T19:35:11.592058+00:00
2115,1765395311.612981,2025-12-10T19:35:11.612983+00:00
2116,1765395311.630807,2025-12-10T19:35:11.630810+00:00
2117,1765395311.6516988,2025-12-10T19:35:11.651705+00:00
2118,1765395311.6723928,2025-12-10T19:35:11.672396+00:00
2119,1765395311.693341,2025-12-10T19:35:11.693343+00:00
2120,1765395311.714207,2025-12-10T19:35:11.714209+00:00
2121,1765395311.7350981,2025-12-10T19:35:11.735104+00:00
2122,1765395311.755763,2025-12-10T19:35:11.755773+00:00
2123,1765395311.776672,2025-12-10T19:35:11.776675+00:00
2124,1765395311.806466,2025-12-10T19:35:11.808642+00:00
2125,1765395311.826126,2025-12-10T19:35:11.826131+00:00
2126,1765395311.850178,2025-12-10T19:35:11.850182+00:00
2127,1765395311.868135,2025-12-10T19:35:11.868266+00:00
2128,1765395311.889046,2025-12-10T19:35:11.889050+00:00
2129,1765395311.906351,2025-12-10T19:35:11.906357+00:00
2130,1765395311.924006,2025-12-10T19:35:11.924012+00:00
2131,1765395311.943018,2025-12-10T19:35:11.943025+00:00
2132,1765395311.963962,2025-12-10T19:35:11.963973+00:00
2133,1765395311.9848971,2025-12-10T19:35:11.984903+00:00
2134,1765395312.004641,2025-12-10T19:35:12.004653+00:00
2135,1765395312.023159,2025-12-10T19:35:12.023163+00:00
2136,1765395312.044068,2025-12-10T19:35:12.044071+00:00
2137,1765395312.064957,2025-12-10T19:35:12.064961+00:00
2138,1765395312.085836,2025-12-10T19:35:12.085838+00:00
2139,1765395312.10284,2025-12-10T19:35:12.102846+00:00
2140,1765395312.1237571,2025-12-10T19:35:12.123761+00:00
2141,1765395312.144495,2025-12-10T19:35:12.144499+00:00
2142,1765395312.1617641,2025-12-10T19:35:12.161768+00:00
2143,1765395312.181077,2025-12-10T19:35:12.181084+00:00
2144,1765395312.2019432,2025-12-10T19:35:12.201948+00:00
2145,1765395312.222785,2025-12-10T19:35:12.222794+00:00
2146,1765395312.242518,2025-12-10T19:35:12.242525+00:00
2147,1765395312.261336,2025-12-10T19:35:12.261340+00:00
2148,1765395312.281367,2025-12-10T19:35:12.281372+00:00
2149,1765395312.3017118,2025-12-10T19:35:12.301721+00:00
2150,1765395312.322675,2025-12-10T19:35:12.322680+00:00
2151,1765395312.339684,2025-12-10T19:35:12.339688+00:00
2152,1765395312.3603961,2025-12-10T19:35:12.360400+00:00
2153,1765395312.381314,2025-12-10T19:35:12.381320+00:00
2154,1765395312.398508,2025-12-10T19:35:12.398511+00:00
2155,1765395312.418398,2025-12-10T19:35:12.418405+00:00
2156,1765395312.4358232,2025-12-10T19:35:12.435831+00:00
2157,1765395312.456723,2025-12-10T19:35:12.456724+00:00
2158,1765395312.476788,2025-12-10T19:35:12.476791+00:00
2159,1765395312.497684,2025-12-10T19:35:12.497686+00:00
2160,1765395312.517066,2025-12-10T19:35:12.517075+00:00
2161,1765395312.538003,2025-12-10T19:35:12.538005+00:00
2162,1765395312.558718,2025-12-10T19:35:12.558721+00:00
2163,1765395312.576834,2025-12-10T19:35:12.576837+00:00
2164,1765395312.597709,2025-12-10T19:35:12.597714+00:00
2165,1765395312.618623,2025-12-10T19:35:12.618628+00:00
2166,1765395312.639515,2025-12-10T19:35:12.639519+00:00
2167,1765395312.6604102,2025-12-10T19:35:12.660414+00:00
2168,1765395312.680504,2025-12-10T19:35:12.680508+00:00
2169,1765395312.701374,2025-12-10T19:35:12.701376+00:00
2170,1765395312.719,2025-12-10T19:35:12.719011+00:00
2171,1765395312.7364779,2025-12-10T19:35:12.736483+00:00
2172,1765395312.75686,2025-12-10T19:35:12.756865+00:00
2173,1765395312.776629,2025-12-10T19:35:12.776635+00:00
2174,1765395312.7975302,2025-12-10T19:35:12.797536+00:00
2175,1765395312.818159,2025-12-10T19:35:12.818175+00:00
2176,1765395312.839201,2025-12-10T19:35:12.839204+00:00
2177,1765395312.8586261,2025-12-10T19:35:12.858631+00:00
2178,1765395312.8795168,2025-12-10T19:35:12.879523+00:00
2179,1765395312.8998961,2025-12-10T19:35:12.899902+00:00
2180,1765395312.920785,2025-12-10T19:35:12.920789+00:00
2181,1765395312.941663,2025-12-10T19:35:12.941667+00:00
2182,1765395312.962542,2025-12-10T19:35:12.962546+00:00
2183,1765395312.980546,2025-12-10T19:35:12.980550+00:00
2184,1765395312.9980009,2025-12-10T19:35:12.998006+00:00
2185,1765395313.0189078,2025-12-10T19:35:13.018913+00:00
2186,1765395313.039807,2025-12-10T19:35:13.039810+00:00
2187,1765395313.059562,2025-12-10T19:35:13.059564+00:00
2188,1765395313.0767791,2025-12-10T19:35:13.076781+00:00
2189,1765395313.095149,2025-12-10T19:35:13.095151+00:00
2190,1765395313.117881,2025-12-10T19:35:13.119944+00:00
2191,1765395313.1490078,2025-12-10T19:35:13.149013+00:00
2192,1765395313.168263,2025-12-10T19:35:13.168267+00:00
2193,1765395313.188571,2025-12-10T19:35:13.188577+00:00
2194,1765395313.207315,2025-12-10T19:35:13.207320+00:00
2195,1765395313.2243469,2025-12-10T19:35:13.224370+00:00
2196,1765395313.2536268,2025-12-10T19:35:13.253633+00:00
2197,1765395313.277977,2025-12-10T19:35:13.277982+00:00
2198,1765395313.297593,2025-12-10T19:35:13.297600+00:00
2199,1765395313.324678,2025-12-10T19:35:13.324722+00:00
2200,1765395313.353205,2025-12-10T19:35:13.353210+00:00
2201,1765395313.3733969,2025-12-10T19:35:13.373404+00:00
2202,1765395313.391499,2025-12-10T19:35:13.391522+00:00
2203,1765395313.412319,2025-12-10T19:35:13.412324+00:00
2204,1765395313.4305,2025-12-10T19:35:13.430505+00:00
2205,1765395313.4490921,2025-12-10T19:35:13.449103+00:00
2206,1765395313.470005,2025-12-10T19:35:13.470008+00:00
2207,1765395313.4870899,2025-12-10T19:35:13.487094+00:00
2208,1765395313.5079648,2025-12-10T19:35:13.507969+00:00
2209,1765395313.528851,2025-12-10T19:35:13.528855+00:00
2210,1765395313.549033,2025-12-10T19:35:13.549039+00:00
2211,1765395313.569886,2025-12-10T19:35:13.569891+00:00
2212,1765395313.586695,2025-12-10T19:35:13.586698+00:00
2213,1765395313.607567,2025-12-10T19:35:13.607571+00:00
2214,1765395313.626685,2025-12-10T19:35:13.626691+00:00
2215,1765395313.647586,2025-12-10T19:35:13.647588+00:00
2216,1765395313.668482,2025-12-10T19:35:13.668489+00:00
2217,1765395313.685514,2025-12-10T19:35:13.685520+00:00
2218,1765395313.706432,2025-12-10T19:35:13.706437+00:00
2219,1765395313.7273338,2025-12-10T19:35:13.727338+00:00
2220,1765395313.748215,2025-12-10T19:35:13.748219+00:00
2221,1765395313.768909,2025-12-10T19:35:13.768917+00:00
2222,1765395313.787644,2025-12-10T19:35:13.787650+00:00
2223,1765395313.808546,2025-12-10T19:35:13.808550+00:00
2224,1765395313.827544,2025-12-10T19:35:13.827551+00:00
2225,1765395313.846743,2025-12-10T19:35:13.846747+00:00
2226,1765395313.867164,2025-12-10T19:35:13.867165+00:00
2227,1765395313.8843908,2025-12-10T19:35:13.884395+00:00
2228,1765395313.902942,2025-12-10T19:35:13.902946+00:00
2229,1765395313.923828,2025-12-10T19:35:13.923834+00:00
2230,1765395313.9424078,2025-12-10T19:35:13.942412+00:00
2231,1765395313.9605901,2025-12-10T19:35:13.960595+00:00
2232,1765395313.9782588,2025-12-10T19:35:13.978263+00:00
2233,1765395313.999242,2025-12-10T19:35:13.999250+00:00
2234,1765395314.0185301,2025-12-10T19:35:14.018536+00:00
2235,1765395314.039467,2025-12-10T19:35:14.039472+00:00
2236,1765395314.06037,2025-12-10T19:35:14.060374+00:00
2237,1765395314.081265,2025-12-10T19:35:14.081274+00:00
2238,1765395314.1021829,2025-12-10T19:35:14.102193+00:00
2239,1765395314.123117,2025-12-10T19:35:14.123120+00:00
2240,1765395314.1430452,2025-12-10T19:35:14.143047+00:00
2241,1765395314.1639109,2025-12-10T19:35:14.163912+00:00
2242,1765395314.1814022,2025-12-10T19:35:14.181406+00:00
2243,1765395314.202296,2025-12-10T19:35:14.202298+00:00
2244,1765395314.2194712,2025-12-10T19:35:14.219474+00:00
2245,1765395314.2403562,2025-12-10T19:35:14.240358+00:00
2246,1765395314.2612338,2025-12-10T19:35:14.261237+00:00
2247,1765395314.278682,2025-12-10T19:35:14.278685+00:00
2248,1765395314.299555,2025-12-10T19:35:14.299557+00:00
2249,1765395314.319026,2025-12-10T19:35:14.319030+00:00
2250,1765395314.339366,2025-12-10T19:35:14.339369+00:00
2251,1765395314.360259,2025-12-10T19:35:14.360262+00:00
2252,1765395314.381144,2025-12-10T19:35:14.381145+00:00
2253,1765395314.402025,2025-12-10T19:35:14.402032+00:00
2254,1765395314.420935,2025-12-10T19:35:14.420938+00:00
2255,1765395314.439918,2025-12-10T19:35:14.439922+00:00
2256,1765395314.458527,2025-12-10T19:35:14.458532+00:00
2257,1765395314.477321,2025-12-10T19:35:14.477324+00:00
2258,1765395314.498208,2025-12-10T19:35:14.498215+00:00
2259,1765395314.518833,2025-12-10T19:35:14.518837+00:00
2260,1765395314.537479,2025-12-10T19:35:14.537482+00:00
2261,1765395314.55835,2025-12-10T19:35:14.558354+00:00
2262,1765395314.5771468,2025-12-10T19:35:14.577150+00:00
2263,1765395314.597721,2025-12-10T19:35:14.597728+00:00
2264,1765395314.618644,2025-12-10T19:35:14.618651+00:00
2265,1765395314.638996,2025-12-10T19:35:14.639001+00:00
2266,1765395314.659477,2025-12-10T19:35:14.659480+00:00
2267,1765395314.677124,2025-12-10T19:35:14.677125+00:00
2268,1765395314.696966,2025-12-10T19:35:14.696971+00:00
2269,1765395314.71582,2025-12-10T19:35:14.715824+00:00
2270,1765395314.734678,2025-12-10T19:35:14.734684+00:00
2271,1765395314.755579,2025-12-10T19:35:14.755580+00:00
2272,1765395314.7769558,2025-12-10T19:35:14.776985+00:00
2273,1765395314.79811,2025-12-10T19:35:14.798116+00:00
2274,1765395314.817268,2025-12-10T19:35:14.817271+00:00
2275,1765395314.835414,2025-12-10T19:35:14.835417+00:00
2276,1765395314.852161,2025-12-10T19:35:14.852169+00:00
2277,1765395314.871711,2025-12-10T19:35:14.871715+00:00
2278,1765395314.892595,2025-12-10T19:35:14.892597+00:00
2279,1765395314.9110432,2025-12-10T19:35:14.911046+00:00
2280,1765395314.931923,2025-12-10T19:35:14.931925+00:00
2281,1765395314.952131,2025-12-10T19:35:14.952134+00:00
2282,1765395314.972268,2025-12-10T19:35:14.972270+00:00
2283,1765395314.9931378,2025-12-10T19:35:14.993143+00:00
2284,1765395315.0125282,2025-12-10T19:35:15.012534+00:00
2285,1765395315.0336509,2025-12-10T19:35:15.033656+00:00
2286,1765395315.054529,2025-12-10T19:35:15.054531+00:00
2287,1765395315.0740108,2025-12-10T19:35:15.074014+00:00
2288,1765395315.0907369,2025-12-10T19:35:15.090741+00:00
2289,1765395315.1087072,2025-12-10T19:35:15.108716+00:00
2290,1765395315.1284711,2025-12-10T19:35:15.128475+00:00
2291,1765395315.146546,2025-12-10T19:35:15.146551+00:00
2292,1765395315.167445,2025-12-10T19:35:15.167451+00:00
2293,1765395315.18838,2025-12-10T19:35:15.188386+00:00
2294,1765395315.209288,2025-12-10T19:35:15.209294+00:00
2295,1765395315.227384,2025-12-10T19:35:15.227387+00:00
2296,1765395315.247756,2025-12-10T19:35:15.247762+00:00
2297,1765395315.268522,2025-12-10T19:35:15.268526+00:00
2298,1765395315.289398,2025-12-10T19:35:15.289402+00:00
2299,1765395315.306365,2025-12-10T19:35:15.306373+00:00
2300,1765395315.327307,2025-12-10T19:35:15.327311+00:00
2301,1765395315.34846,2025-12-10T19:35:15.348465+00:00
2302,1765395315.3693619,2025-12-10T19:35:15.369368+00:00
2303,1765395315.389583,2025-12-10T19:35:15.389588+00:00
2304,1765395315.4096918,2025-12-10T19:35:15.409700+00:00
2305,1765395315.430592,2025-12-10T19:35:15.430597+00:00
2306,1765395315.44902,2025-12-10T19:35:15.449025+00:00
2307,1765395315.466291,2025-12-10T19:35:15.466294+00:00
2308,1765395315.487162,2025-12-10T19:35:15.487164+00:00
2309,1765395315.506114,2025-12-10T19:35:15.506123+00:00
2310,1765395315.527029,2025-12-10T19:35:15.527032+00:00
2311,1765395315.547894,2025-12-10T19:35:15.547895+00:00
2312,1765395315.568757,2025-12-10T19:35:15.568759+00:00
2313,1765395315.5886028,2025-12-10T19:35:15.588604+00:00
2314,1765395315.606424,2025-12-10T19:35:15.606425+00:00
2315,1765395315.627285,2025-12-10T19:35:15.627288+00:00
2316,1765395315.647383,2025-12-10T19:35:15.647384+00:00
2317,1765395315.6641111,2025-12-10T19:35:15.664117+00:00
2318,1765395315.6849651,2025-12-10T19:35:15.684971+00:00
2319,1765395315.705863,2025-12-10T19:35:15.705867+00:00
2320,1765395315.726814,2025-12-10T19:35:15.726821+00:00
2321,1765395315.7477272,2025-12-10T19:35:15.747731+00:00
2322,1765395315.7686,2025-12-10T19:35:15.768604+00:00
2323,1765395315.789472,2025-12-10T19:35:15.789476+00:00
2324,1765395315.8103511,2025-12-10T19:35:15.810355+00:00
2325,1765395315.831302,2025-12-10T19:35:15.831309+00:00
2326,1765395315.84896,2025-12-10T19:35:15.848963+00:00
2327,1765395315.869836,2025-12-10T19:35:15.869843+00:00
2328,1765395315.8893151,2025-12-10T19:35:15.889328+00:00
2329,1765395315.9093618,2025-12-10T19:35:15.909370+00:00
2330,1765395315.930284,2025-12-10T19:35:15.930290+00:00
2331,1765395315.9478981,2025-12-10T19:35:15.947902+00:00
2332,1765395315.967786,2025-12-10T19:35:15.967804+00:00
2333,1765395315.9850209,2025-12-10T19:35:15.985030+00:00
2334,1765395316.005007,2025-12-10T19:35:16.005010+00:00
2335,1765395316.022378,2025-12-10T19:35:16.022384+00:00
2336,1765395316.043273,2025-12-10T19:35:16.043275+00:00
2337,1765395316.063335,2025-12-10T19:35:16.063339+00:00
2338,1765395316.0842361,2025-12-10T19:35:16.084241+00:00
2339,1765395316.1036632,2025-12-10T19:35:16.103666+00:00
2340,1765395316.121859,2025-12-10T19:35:16.121863+00:00
2341,1765395316.142735,2025-12-10T19:35:16.142740+00:00
2342,1765395316.161477,2025-12-10T19:35:16.161481+00:00
2343,1765395316.181052,2025-12-10T19:35:16.181061+00:00
2344,1765395316.201967,2025-12-10T19:35:16.201970+00:00
2345,1765395316.222861,2025-12-10T19:35:16.222866+00:00
2346,1765395316.239878,2025-12-10T19:35:16.239881+00:00
2347,1765395316.2600021,2025-12-10T19:35:16.260006+00:00
2348,1765395316.28091,2025-12-10T19:35:16.280913+00:00
2349,1765395316.301781,2025-12-10T19:35:16.301784+00:00
2350,1765395316.319811,2025-12-10T19:35:16.319814+00:00
2351,1765395316.340676,2025-12-10T19:35:16.340680+00:00
2352,1765395316.3576,2025-12-10T19:35:16.357605+00:00
2353,1765395316.375941,2025-12-10T19:35:16.375947+00:00
2354,1765395316.396896,2025-12-10T19:35:16.396902+00:00
2355,1765395316.417809,2025-12-10T19:35:16.417820+00:00
2356,1765395316.4362109,2025-12-10T19:35:16.436217+00:00
2357,1765395316.4546702,2025-12-10T19:35:16.454677+00:00
2358,1765395316.475577,2025-12-10T19:35:16.475582+00:00
2359,1765395316.495117,2025-12-10T19:35:16.495122+00:00
2360,1765395316.5160089,2025-12-10T19:35:16.516013+00:00
2361,1765395316.53539,2025-12-10T19:35:16.535402+00:00
2362,1765395316.556292,2025-12-10T19:35:16.556299+00:00
2363,1765395316.576637,2025-12-10T19:35:16.576642+00:00
2364,1765395316.5972018,2025-12-10T19:35:16.597208+00:00
2365,1765395316.6180968,2025-12-10T19:35:16.618101+00:00
2366,1765395316.636828,2025-12-10T19:35:16.636832+00:00
2367,1765395316.657706,2025-12-10T19:35:16.657710+00:00
2368,1765395316.678368,2025-12-10T19:35:16.678370+00:00
2369,1765395316.699234,2025-12-10T19:35:16.699237+00:00
2370,1765395316.71865,2025-12-10T19:35:16.718655+00:00
2371,1765395316.7395442,2025-12-10T19:35:16.739549+00:00
2372,1765395316.760426,2025-12-10T19:35:16.760431+00:00
2373,1765395316.780531,2025-12-10T19:35:16.780536+00:00
2374,1765395316.801427,2025-12-10T19:35:16.801432+00:00
2375,1765395316.820436,2025-12-10T19:35:16.820441+00:00
2376,1765395316.841316,2025-12-10T19:35:16.841320+00:00
2377,1765395316.859536,2025-12-10T19:35:16.859541+00:00
2378,1765395316.880245,2025-12-10T19:35:16.880250+00:00
2379,1765395316.897871,2025-12-10T19:35:16.897875+00:00
2380,1765395316.9161139,2025-12-10T19:35:16.916117+00:00
2381,1765395316.934686,2025-12-10T19:35:16.934689+00:00
2382,1765395316.956737,2025-12-10T19:35:16.956741+00:00
2383,1765395316.977615,2025-12-10T19:35:16.977621+00:00
2384,1765395316.997205,2025-12-10T19:35:16.997208+00:00
2385,1765395317.018107,2025-12-10T19:35:17.018112+00:00
2386,1765395317.038269,2025-12-10T19:35:17.038274+00:00
2387,1765395317.0565,2025-12-10T19:35:17.056504+00:00
2388,1765395317.076223,2025-12-10T19:35:17.076227+00:00
2389,1765395317.093159,2025-12-10T19:35:17.093164+00:00
2390,1765395317.111985,2025-12-10T19:35:17.111990+00:00
2391,1765395317.129745,2025-12-10T19:35:17.129750+00:00
2392,1765395317.1495092,2025-12-10T19:35:17.149521+00:00
2393,1765395317.166838,2025-12-10T19:35:17.166841+00:00
2394,1765395317.187714,2025-12-10T19:35:17.187719+00:00
2395,1765395317.208617,2025-12-10T19:35:17.208621+00:00
2396,1765395317.231413,2025-12-10T19:35:17.231417+00:00
2397,1765395317.2515252,2025-12-10T19:35:17.251530+00:00
2398,1765395317.27042,2025-12-10T19:35:17.270424+00:00
2399,1765395317.287211,2025-12-10T19:35:17.287215+00:00
2400,1765395317.3059452,2025-12-10T19:35:17.305949+00:00
2401,1765395317.326189,2025-12-10T19:35:17.326192+00:00
2402,1765395317.347272,2025-12-10T19:35:17.347277+00:00
2403,1765395317.3667,2025-12-10T19:35:17.366706+00:00
2404,1765395317.3846269,2025-12-10T19:35:17.384677+00:00
2405,1765395317.410562,2025-12-10T19:35:17.410566+00:00
2406,1765395317.4353988,2025-12-10T19:35:17.435408+00:00
2407,1765395317.4568262,2025-12-10T19:35:17.456832+00:00
2408,1765395317.4775639,2025-12-10T19:35:17.477577+00:00
2409,1765395317.498534,2025-12-10T19:35:17.498547+00:00
2410,1765395317.519466,2025-12-10T19:35:17.519470+00:00
2411,1765395317.540365,2025-12-10T19:35:17.540370+00:00
2412,1765395317.557513,2025-12-10T19:35:17.557515+00:00
2413,1765395317.5783849,2025-12-10T19:35:17.578389+00:00
2414,1765395317.598923,2025-12-10T19:35:17.598929+00:00
2415,1765395317.6181262,2025-12-10T19:35:17.618131+00:00
2416,1765395317.6390269,2025-12-10T19:35:17.639031+00:00
2417,1765395317.6592891,2025-12-10T19:35:17.659292+00:00
2418,1765395317.680166,2025-12-10T19:35:17.680169+00:00
2419,1765395317.701028,2025-12-10T19:35:17.701031+00:00
2420,1765395317.721907,2025-12-10T19:35:17.721909+00:00
2421,1765395317.742774,2025-12-10T19:35:17.742778+00:00
2422,1765395317.761427,2025-12-10T19:35:17.761433+00:00
2423,1765395317.779367,2025-12-10T19:35:17.779373+00:00
2424,1765395317.800262,2025-12-10T19:35:17.800265+00:00
2425,1765395317.821144,2025-12-10T19:35:17.821151+00:00
2426,1765395317.841797,2025-12-10T19:35:17.841805+00:00
2427,1765395317.861681,2025-12-10T19:35:17.861687+00:00
2428,1765395317.882592,2025-12-10T19:35:17.882596+00:00
2429,1765395317.9034848,2025-12-10T19:35:17.903490+00:00
2430,1765395317.924384,2025-12-10T19:35:17.924392+00:00
2431,1765395317.945279,2025-12-10T19:35:17.945282+00:00
2432,1765395317.9627898,2025-12-10T19:35:17.962796+00:00
2433,1765395317.983681,2025-12-10T19:35:17.983699+00:00
2434,1765395318.004583,2025-12-10T19:35:18.004585+00:00
2435,1765395318.025451,2025-12-10T19:35:18.025454+00:00
2436,1765395318.04434,2025-12-10T19:35:18.044341+00:00
2437,1765395318.0652008,2025-12-10T19:35:18.065204+00:00
2438,1765395318.083756,2025-12-10T19:35:18.083758+00:00
2439,1765395318.104616,2025-12-10T19:35:18.104617+00:00
2440,1765395318.125481,2025-12-10T19:35:18.125485+00:00
2441,1765395318.1463838,2025-12-10T19:35:18.146386+00:00
2442,1765395318.165151,2025-12-10T19:35:18.165156+00:00
2443,1765395318.1850739,2025-12-10T19:35:18.185077+00:00
2444,1765395318.202302,2025-12-10T19:35:18.202303+00:00
2445,1765395318.219042,2025-12-10T19:35:18.219046+00:00
2446,1765395318.239924,2025-12-10T19:35:18.239927+00:00
2447,1765395318.259719,2025-12-10T19:35:18.259723+00:00
2448,1765395318.278881,2025-12-10T19:35:18.278883+00:00
2449,1765395318.2997792,2025-12-10T19:35:18.299782+00:00
2450,1765395318.319015,2025-12-10T19:35:18.319017+00:00
2451,1765395318.339874,2025-12-10T19:35:18.339875+00:00
2452,1765395318.357494,2025-12-10T19:35:18.357496+00:00
2453,1765395318.376766,2025-12-10T19:35:18.376772+00:00
2454,1765395318.3972092,2025-12-10T19:35:18.397214+00:00
2455,1765395318.4180639,2025-12-10T19:35:18.418068+00:00
2456,1765395318.438973,2025-12-10T19:35:18.438980+00:00
2457,1765395318.4598851,2025-12-10T19:35:18.459891+00:00
2458,1765395318.479886,2025-12-10T19:35:18.479889+00:00
2459,1765395318.5007591,2025-12-10T19:35:18.500763+00:00
2460,1765395318.5175118,2025-12-10T19:35:18.517518+00:00
2461,1765395318.5382159,2025-12-10T19:35:18.538220+00:00
2462,1765395318.559125,2025-12-10T19:35:18.559131+00:00
2463,1765395318.576141,2025-12-10T19:35:18.576145+00:00
2464,1765395318.597734,2025-12-10T19:35:18.597740+00:00
2465,1765395318.615062,2025-12-10T19:35:18.615064+00:00
2466,1765395318.6350982,2025-12-10T19:35:18.635099+00:00
2467,1765395318.655967,2025-12-10T19:35:18.655970+00:00
2468,1765395318.676852,2025-12-10T19:35:18.676855+00:00
2469,1765395318.693812,2025-12-10T19:35:18.693815+00:00
2470,1765395318.713182,2025-12-10T19:35:18.713186+00:00
2471,1765395318.734079,2025-12-10T19:35:18.734081+00:00
2472,1765395318.754957,2025-12-10T19:35:18.754961+00:00
2473,1765395318.774509,2025-12-10T19:35:18.774510+00:00
2474,1765395318.795381,2025-12-10T19:35:18.795383+00:00
2475,1765395318.816257,2025-12-10T19:35:18.816258+00:00
2476,1765395318.837114,2025-12-10T19:35:18.837115+00:00
2477,1765395318.855573,2025-12-10T19:35:18.855579+00:00
2478,1765395318.876531,2025-12-10T19:35:18.876534+00:00
2479,1765395318.895502,2025-12-10T19:35:18.895523+00:00
2480,1765395318.9129002,2025-12-10T19:35:18.912904+00:00
2481,1765395318.933774,2025-12-10T19:35:18.933777+00:00
2482,1765395318.951574,2025-12-10T19:35:18.951576+00:00
2483,1765395318.972469,2025-12-10T19:35:18.972482+00:00
2484,1765395318.993503,2025-12-10T19:35:18.993507+00:00
2485,1765395319.014378,2025-12-10T19:35:19.014379+00:00
2486,1765395319.034997,2025-12-10T19:35:19.034998+00:00
2487,1765395319.055858,2025-12-10T19:35:19.055862+00:00
2488,1765395319.076745,2025-12-10T19:35:19.076752+00:00
2489,1765395319.097653,2025-12-10T19:35:19.097654+00:00
2490,1765395319.114683,2025-12-10T19:35:19.114686+00:00
2491,1765395319.1355782,2025-12-10T19:35:19.135580+00:00
2492,1765395319.1564631,2025-12-10T19:35:19.156467+00:00
2493,1765395319.176842,2025-12-10T19:35:19.176846+00:00
2494,1765395319.196008,2025-12-10T19:35:19.196009+00:00
2495,1765395319.2161448,2025-12-10T19:35:19.216147+00:00
2496,1765395319.237024,2025-12-10T19:35:19.237027+00:00
2497,1765395319.254302,2025-12-10T19:35:19.254308+00:00
2498,1765395319.273577,2025-12-10T19:35:19.273579+00:00
2499,1765395319.2909591,2025-12-10T19:35:19.290961+00:00
2500,1765395319.3111198,2025-12-10T19:35:19.311122+00:00
2501,1765395319.331978,2025-12-10T19:35:19.331979+00:00
2502,1765395319.352862,2025-12-10T19:35:19.352868+00:00
2503,1765395319.3707368,2025-12-10T19:35:19.370741+00:00
2504,1765395319.3916328,2025-12-10T19:35:19.391636+00:00
2505,1765395319.412535,2025-12-10T19:35:19.412538+00:00
2506,1765395319.429667,2025-12-10T19:35:19.429668+00:00
2507,1765395319.450536,2025-12-10T19:35:19.450540+00:00
2508,1765395319.468124,2025-12-10T19:35:19.468128+00:00
2509,1765395319.48801,2025-12-10T19:35:19.488013+00:00
2510,1765395319.508893,2025-12-10T19:35:19.508897+00:00
2511,1765395319.5297868,2025-12-10T19:35:19.529788+00:00
2512,1765395319.547082,2025-12-10T19:35:19.547083+00:00
2513,1765395319.567932,2025-12-10T19:35:19.567932+00:00
2514,1765395319.588792,2025-12-10T19:35:19.588794+00:00
2515,1765395319.60742,2025-12-10T19:35:19.607423+00:00
2516,1765395319.6275892,2025-12-10T19:35:19.627592+00:00
2517,1765395319.645659,2025-12-10T19:35:19.645659+00:00
2518,1765395319.663753,2025-12-10T19:35:19.663758+00:00
2519,1765395319.6815958,2025-12-10T19:35:19.681597+00:00
2520,1765395319.700254,2025-12-10T19:35:19.700255+00:00
2521,1765395319.7211049,2025-12-10T19:35:19.721109+00:00
2522,1765395319.742005,2025-12-10T19:35:19.742008+00:00
2523,1765395319.759743,2025-12-10T19:35:19.759746+00:00
2524,1765395319.778494,2025-12-10T19:35:19.778496+00:00
2525,1765395319.7993758,2025-12-10T19:35:19.799381+00:00
2526,1765395319.820288,2025-12-10T19:35:19.820290+00:00
2527,1765395319.841154,2025-12-10T19:35:19.841154+00:00
2528,1765395319.859338,2025-12-10T19:35:19.859341+00:00
2529,1765395319.878046,2025-12-10T19:35:19.878047+00:00
2530,1765395319.898908,2025-12-10T19:35:19.898912+00:00
2531,1765395319.917563,2025-12-10T19:35:19.917565+00:00
2532,1765395319.9361558,2025-12-10T19:35:19.936161+00:00
2533,1765395319.9540238,2025-12-10T19:35:19.954025+00:00
2534,1765395319.9710689,2025-12-10T19:35:19.971103+00:00
2535,1765395319.988605,2025-12-10T19:35:19.988609+00:00
2536,1765395320.009131,2025-12-10T19:35:20.009138+00:00
2537,1765395320.029403,2025-12-10T19:35:20.029404+00:00
2538,1765395320.048162,2025-12-10T19:35:20.048165+00:00
2539,1765395320.069054,2025-12-10T19:35:20.069057+00:00
2540,1765395320.089924,2025-12-10T19:35:20.089924+00:00
2541,1765395320.109,2025-12-10T19:35:20.109002+00:00
2542,1765395320.129594,2025-12-10T19:35:20.129596+00:00
2543,1765395320.149336,2025-12-10T19:35:20.149337+00:00
2544,1765395320.170194,2025-12-10T19:35:20.170196+00:00
2545,1765395320.1910589,2025-12-10T19:35:20.191059+00:00
2546,1765395320.211922,2025-12-10T19:35:20.211927+00:00
2547,1765395320.2298508,2025-12-10T19:35:20.229852+00:00
2548,1765395320.2507,2025-12-10T19:35:20.250700+00:00
2549,1765395320.267613,2025-12-10T19:35:20.267615+00:00
2550,1765395320.288479,2025-12-10T19:35:20.288479+00:00
2551,1765395320.307838,2025-12-10T19:35:20.307838+00:00
2552,1765395320.324542,2025-12-10T19:35:20.324544+00:00
2553,1765395320.345034,2025-12-10T19:35:20.345039+00:00
2554,1765395320.365939,2025-12-10T19:35:20.365941+00:00
2555,1765395320.386821,2025-12-10T19:35:20.386825+00:00
2556,1765395320.405426,2025-12-10T19:35:20.405428+00:00
2557,1765395320.426301,2025-12-10T19:35:20.426302+00:00
2558,1765395320.447156,2025-12-10T19:35:20.447161+00:00
2559,1765395320.4680572,2025-12-10T19:35:20.468058+00:00
2560,1765395320.4889312,2025-12-10T19:35:20.488934+00:00
2561,1765395320.5097952,2025-12-10T19:35:20.509796+00:00
2562,1765395320.529464,2025-12-10T19:35:20.529466+00:00
2563,1765395320.550383,2025-12-10T19:35:20.550387+00:00
2564,1765395320.5709598,2025-12-10T19:35:20.570984+00:00
2565,1765395320.5915442,2025-12-10T19:35:20.591546+00:00
2566,1765395320.612409,2025-12-10T19:35:20.612409+00:00
2567,1765395320.6332622,2025-12-10T19:35:20.633266+00:00
2568,1765395320.6504698,2025-12-10T19:35:20.650471+00:00
2569,1765395320.670774,2025-12-10T19:35:20.670787+00:00
2570,1765395320.6895611,2025-12-10T19:35:20.689566+00:00
2571,1765395320.7104619,2025-12-10T19:35:20.710463+00:00
2572,1765395320.7302,2025-12-10T19:35:20.730201+00:00
2573,1765395320.747772,2025-12-10T19:35:20.747773+00:00
2574,1765395320.768636,2025-12-10T19:35:20.768638+00:00
2575,1765395320.788724,2025-12-10T19:35:20.788725+00:00
2576,1765395320.809576,2025-12-10T19:35:20.809578+00:00
2577,1765395320.828985,2025-12-10T19:35:20.828986+00:00
2578,1765395320.849856,2025-12-10T19:35:20.849874+00:00
2579,1765395320.870774,2025-12-10T19:35:20.870777+00:00
2580,1765395320.8916569,2025-12-10T19:35:20.891660+00:00
2581,1765395320.911424,2025-12-10T19:35:20.911428+00:00
2582,1765395320.928406,2025-12-10T19:35:20.928409+00:00
2583,1765395320.949294,2025-12-10T19:35:20.949299+00:00
2584,1765395320.967134,2025-12-10T19:35:20.967136+00:00
2585,1765395320.988003,2025-12-10T19:35:20.988005+00:00
2586,1765395321.008887,2025-12-10T19:35:21.008891+00:00
2587,1765395321.028925,2025-12-10T19:35:21.028932+00:00
2588,1765395321.0498319,2025-12-10T19:35:21.049834+00:00
2589,1765395321.070695,2025-12-10T19:35:21.070696+00:00
2590,1765395321.091551,2025-12-10T19:35:21.091552+00:00
2591,1765395321.112407,2025-12-10T19:35:21.112408+00:00
2592,1765395321.12927,2025-12-10T19:35:21.129272+00:00
2593,1765395321.150164,2025-12-10T19:35:21.150168+00:00
2594,1765395321.167008,2025-12-10T19:35:21.167014+00:00
2595,1765395321.187532,2025-12-10T19:35:21.187535+00:00
2596,1765395321.2084322,2025-12-10T19:35:21.208435+00:00
2597,1765395321.227927,2025-12-10T19:35:21.227930+00:00
2598,1765395321.248808,2025-12-10T19:35:21.248810+00:00
2599,1765395321.267832,2025-12-10T19:35:21.267833+00:00
2600,1765395321.286528,2025-12-10T19:35:21.286529+00:00
2601,1765395321.3073778,2025-12-10T19:35:21.307379+00:00
2602,1765395321.328237,2025-12-10T19:35:21.328239+00:00
2603,1765395321.349105,2025-12-10T19:35:21.349105+00:00
2604,1765395321.368275,2025-12-10T19:35:21.368277+00:00
2605,1765395321.38915,2025-12-10T19:35:21.389152+00:00
2606,1765395321.410028,2025-12-10T19:35:21.410033+00:00
2607,1765395321.4287958,2025-12-10T19:35:21.428797+00:00
2608,1765395321.44926,2025-12-10T19:35:21.449263+00:00
2609,1765395321.471967,2025-12-10T19:35:21.471986+00:00
2610,1765395321.508439,2025-12-10T19:35:21.508444+00:00
2611,1765395321.530699,2025-12-10T19:35:21.530704+00:00
2612,1765395321.551599,2025-12-10T19:35:21.551607+00:00
2613,1765395321.570955,2025-12-10T19:35:21.570974+00:00
2614,1765395321.591893,2025-12-10T19:35:21.591897+00:00
2615,1765395321.6113431,2025-12-10T19:35:21.611344+00:00
2616,1765395321.631364,2025-12-10T19:35:21.631368+00:00
2617,1765395321.652239,2025-12-10T19:35:21.652243+00:00
2618,1765395321.673107,2025-12-10T19:35:21.673108+00:00
2619,1765395321.6916952,2025-12-10T19:35:21.691699+00:00
2620,1765395321.712338,2025-12-10T19:35:21.712339+00:00
2621,1765395321.732908,2025-12-10T19:35:21.732913+00:00
2622,1765395321.751522,2025-12-10T19:35:21.751523+00:00
2623,1765395321.7723808,2025-12-10T19:35:21.772383+00:00
2624,1765395321.7910058,2025-12-10T19:35:21.791008+00:00
2625,1765395321.811887,2025-12-10T19:35:21.811888+00:00
2626,1765395321.832746,2025-12-10T19:35:21.832746+00:00
2627,1765395321.850761,2025-12-10T19:35:21.850763+00:00
2628,1765395321.8697422,2025-12-10T19:35:21.869744+00:00
2629,1765395321.891315,2025-12-10T19:35:21.891315+00:00
2630,1765395321.910631,2025-12-10T19:35:21.910633+00:00
2631,1765395321.9315012,2025-12-10T19:35:21.931506+00:00
2632,1765395321.953738,2025-12-10T19:35:21.953740+00:00
2633,1765395321.974601,2025-12-10T19:35:21.974604+00:00
2634,1765395321.993576,2025-12-10T19:35:21.993578+00:00
2635,1765395322.011729,2025-12-10T19:35:22.011730+00:00
2636,1765395322.0315058,2025-12-10T19:35:22.031509+00:00
2637,1765395322.050165,2025-12-10T19:35:22.050169+00:00
2638,1765395322.0710552,2025-12-10T19:35:22.071057+00:00
2639,1765395322.091118,2025-12-10T19:35:22.091120+00:00
2640,1765395322.111222,2025-12-10T19:35:22.111225+00:00
2641,1765395322.131941,2025-12-10T19:35:22.131941+00:00
2642,1765395322.162016,2025-12-10T19:35:22.162018+00:00
2643,1765395322.184253,2025-12-10T19:35:22.184834+00:00
2644,1765395322.2057412,2025-12-10T19:35:22.205745+00:00
2645,1765395322.226624,2025-12-10T19:35:22.226625+00:00
2646,1765395322.246719,2025-12-10T19:35:22.246720+00:00
2647,1765395322.267572,2025-12-10T19:35:22.267573+00:00
2648,1765395322.288214,2025-12-10T19:35:22.288218+00:00
2649,1765395322.3058171,2025-12-10T19:35:22.305819+00:00
2650,1765395322.32669,2025-12-10T19:35:22.326695+00:00
2651,1765395322.347596,2025-12-10T19:35:22.347600+00:00
2652,1765395322.368478,2025-12-10T19:35:22.368481+00:00
2653,1765395322.388889,2025-12-10T19:35:22.388891+00:00
2654,1765395322.406535,2025-12-10T19:35:22.406538+00:00
2655,1765395322.427414,2025-12-10T19:35:22.427415+00:00
2656,1765395322.448274,2025-12-10T19:35:22.448278+00:00
2657,1765395322.4662652,2025-12-10T19:35:22.466268+00:00
2658,1765395322.486816,2025-12-10T19:35:22.486843+00:00
2659,1765395322.5054111,2025-12-10T19:35:22.505415+00:00
2660,1765395322.524039,2025-12-10T19:35:22.524043+00:00
2661,1765395322.544929,2025-12-10T19:35:22.544931+00:00
2662,1765395322.565381,2025-12-10T19:35:22.565383+00:00
2663,1765395322.586247,2025-12-10T19:35:22.586251+00:00
2664,1765395322.6045911,2025-12-10T19:35:22.604593+00:00
2665,1765395322.623745,2025-12-10T19:35:22.623749+00:00
2666,1765395322.644644,2025-12-10T19:35:22.644647+00:00
2667,1765395322.665523,2025-12-10T19:35:22.665526+00:00
2668,1765395322.683402,2025-12-10T19:35:22.683405+00:00
2669,1765395322.703674,2025-12-10T19:35:22.703675+00:00
2670,1765395322.721011,2025-12-10T19:35:22.721021+00:00
2671,1765395322.74159,2025-12-10T19:35:22.741593+00:00
2672,1765395322.762469,2025-12-10T19:35:22.762474+00:00
2673,1765395322.779504,2025-12-10T19:35:22.779509+00:00
2674,1765395322.8004081,2025-12-10T19:35:22.800412+00:00
2675,1765395322.820858,2025-12-10T19:35:22.820861+00:00
2676,1765395322.841739,2025-12-10T19:35:22.841742+00:00
2677,1765395322.862079,2025-12-10T19:35:22.862084+00:00
2678,1765395322.8792262,2025-12-10T19:35:22.879228+00:00
2679,1765395322.900084,2025-12-10T19:35:22.900085+00:00
2680,1765395322.917778,2025-12-10T19:35:22.917779+00:00
2681,1765395322.936929,2025-12-10T19:35:22.936931+00:00
2682,1765395322.95781,2025-12-10T19:35:22.957811+00:00
2683,1765395322.978681,2025-12-10T19:35:22.978685+00:00
2684,1765395322.999586,2025-12-10T19:35:22.999591+00:00
2685,1765395323.020501,2025-12-10T19:35:23.020503+00:00
2686,1765395323.0393221,2025-12-10T19:35:23.039326+00:00
2687,1765395323.060234,2025-12-10T19:35:23.060237+00:00
2688,1765395323.079307,2025-12-10T19:35:23.079308+00:00
2689,1765395323.09817,2025-12-10T19:35:23.098171+00:00
2690,1765395323.115305,2025-12-10T19:35:23.115306+00:00
2691,1765395323.135537,2025-12-10T19:35:23.135542+00:00
2692,1765395323.154985,2025-12-10T19:35:23.154991+00:00
2693,1765395323.1759129,2025-12-10T19:35:23.175918+00:00
2694,1765395323.196806,2025-12-10T19:35:23.196809+00:00
2695,1765395323.217695,2025-12-10T19:35:23.217699+00:00
2696,1765395323.2385678,2025-12-10T19:35:23.238571+00:00
2697,1765395323.2563572,2025-12-10T19:35:23.256359+00:00
2698,1765395323.274315,2025-12-10T19:35:23.274316+00:00
2699,1765395323.2911181,2025-12-10T19:35:23.291124+00:00
2700,1765395323.312607,2025-12-10T19:35:23.312612+00:00
2701,1765395323.33714,2025-12-10T19:35:23.337145+00:00
2702,1765395323.358024,2025-12-10T19:35:23.358028+00:00
2703,1765395323.3787332,2025-12-10T19:35:23.378750+00:00
2704,1765395323.399651,2025-12-10T19:35:23.399654+00:00
2705,1765395323.4205241,2025-12-10T19:35:23.420531+00:00
2706,1765395323.4414232,2025-12-10T19:35:23.441427+00:00
2707,1765395323.462302,2025-12-10T19:35:23.462303+00:00
2708,1765395323.480989,2025-12-10T19:35:23.480992+00:00
2709,1765395323.500078,2025-12-10T19:35:23.500082+00:00
2710,1765395323.518699,2025-12-10T19:35:23.518705+00:00
2711,1765395323.538749,2025-12-10T19:35:23.538750+00:00
2712,1765395323.558634,2025-12-10T19:35:23.558639+00:00
2713,1765395323.575903,2025-12-10T19:35:23.575907+00:00
2714,1765395323.595488,2025-12-10T19:35:23.595489+00:00
2715,1765395323.6154099,2025-12-10T19:35:23.615416+00:00
2716,1765395323.632722,2025-12-10T19:35:23.632725+00:00
2717,1765395323.653627,2025-12-10T19:35:23.653632+00:00
2718,1765395323.6745222,2025-12-10T19:35:23.674525+00:00
2719,1765395323.69539,2025-12-10T19:35:23.695405+00:00
2720,1765395323.7139251,2025-12-10T19:35:23.713928+00:00
2721,1765395323.734803,2025-12-10T19:35:23.734805+00:00
2722,1765395323.755511,2025-12-10T19:35:23.755513+00:00
2723,1765395323.776387,2025-12-10T19:35:23.776391+00:00
2724,1765395323.796967,2025-12-10T19:35:23.796971+00:00
2725,1765395323.8167648,2025-12-10T19:35:23.816766+00:00
2726,1765395323.837624,2025-12-10T19:35:23.837628+00:00
2727,1765395323.856129,2025-12-10T19:35:23.856133+00:00
2728,1765395323.8733351,2025-12-10T19:35:23.873338+00:00
2729,1765395323.894253,2025-12-10T19:35:23.894258+00:00
2730,1765395323.913536,2025-12-10T19:35:23.913540+00:00
2731,1765395323.9303539,2025-12-10T19:35:23.930355+00:00
2732,1765395323.9480052,2025-12-10T19:35:23.948006+00:00
2733,1765395323.96626,2025-12-10T19:35:23.966263+00:00
2734,1765395323.986453,2025-12-10T19:35:23.986454+00:00
2735,1765395324.003424,2025-12-10T19:35:24.003428+00:00
2736,1765395324.021482,2025-12-10T19:35:24.021485+00:00
2737,1765395324.0398972,2025-12-10T19:35:24.039899+00:00
2738,1765395324.0607731,2025-12-10T19:35:24.060777+00:00
2739,1765395324.081648,2025-12-10T19:35:24.081653+00:00
2740,1765395324.102541,2025-12-10T19:35:24.102546+00:00
2741,1765395324.1224918,2025-12-10T19:35:24.122493+00:00
2742,1765395324.1433558,2025-12-10T19:35:24.143359+00:00
2743,1765395324.164245,2025-12-10T19:35:24.164249+00:00
2744,1765395324.182102,2025-12-10T19:35:24.182105+00:00
2745,1765395324.202972,2025-12-10T19:35:24.202974+00:00
2746,1765395324.2238379,2025-12-10T19:35:24.223840+00:00
2747,1765395324.2411242,2025-12-10T19:35:24.241130+00:00
2748,1765395324.2620401,2025-12-10T19:35:24.262059+00:00
2749,1765395324.282945,2025-12-10T19:35:24.282949+00:00
2750,1765395324.300664,2025-12-10T19:35:24.300670+00:00
2751,1765395324.321559,2025-12-10T19:35:24.321560+00:00
2752,1765395324.341824,2025-12-10T19:35:24.341825+00:00
2753,1765395324.362697,2025-12-10T19:35:24.362702+00:00
2754,1765395324.383546,2025-12-10T19:35:24.383550+00:00
2755,1765395324.400682,2025-12-10T19:35:24.400684+00:00
2756,1765395324.421559,2025-12-10T19:35:24.421561+00:00
2757,1765395324.438682,2025-12-10T19:35:24.438683+00:00
2758,1765395324.459541,2025-12-10T19:35:24.459543+00:00
2759,1765395324.48003,2025-12-10T19:35:24.480033+00:00
2760,1765395324.500916,2025-12-10T19:35:24.500919+00:00
2761,1765395324.521783,2025-12-10T19:35:24.521784+00:00
2762,1765395324.539851,2025-12-10T19:35:24.539854+00:00
2763,1765395324.560735,2025-12-10T19:35:24.560738+00:00
2764,1765395324.58161,2025-12-10T19:35:24.581612+00:00
2765,1765395324.59978,2025-12-10T19:35:24.599782+00:00
2766,1765395324.619762,2025-12-10T19:35:24.619764+00:00
2767,1765395324.639858,2025-12-10T19:35:24.639862+00:00
2768,1765395324.658615,2025-12-10T19:35:24.658640+00:00
2769,1765395324.677113,2025-12-10T19:35:24.677116+00:00
2770,1765395324.701157,2025-12-10T19:35:24.701163+00:00
2771,1765395324.721018,2025-12-10T19:35:24.721021+00:00
2772,1765395324.742579,2025-12-10T19:35:24.742587+00:00
2773,1765395324.763385,2025-12-10T19:35:24.763390+00:00
2774,1765395324.787744,2025-12-10T19:35:24.787749+00:00
2775,1765395324.8059871,2025-12-10T19:35:24.805991+00:00
2776,1765395324.826884,2025-12-10T19:35:24.826889+00:00
2777,1765395324.8463318,2025-12-10T19:35:24.846336+00:00
2778,1765395324.865977,2025-12-10T19:35:24.865981+00:00
2779,1765395324.884817,2025-12-10T19:35:24.884820+00:00
2780,1765395324.90572,2025-12-10T19:35:24.905721+00:00
2781,1765395324.92658,2025-12-10T19:35:24.926583+00:00
2782,1765395324.9476779,2025-12-10T19:35:24.947680+00:00
2783,1765395324.9685388,2025-12-10T19:35:24.968540+00:00
2784,1765395324.9869041,2025-12-10T19:35:24.986907+00:00
2785,1765395325.007777,2025-12-10T19:35:25.007781+00:00
2786,1765395325.028655,2025-12-10T19:35:25.028657+00:00
2787,1765395325.048197,2025-12-10T19:35:25.048201+00:00
2788,1765395325.069089,2025-12-10T19:35:25.069089+00:00
2789,1765395325.089868,2025-12-10T19:35:25.089869+00:00
2790,1765395325.1107259,2025-12-10T19:35:25.110730+00:00
2791,1765395325.129714,2025-12-10T19:35:25.129716+00:00
2792,1765395325.1482,2025-12-10T19:35:25.148203+00:00
2793,1765395325.166999,2025-12-10T19:35:25.167001+00:00
2794,1765395325.187878,2025-12-10T19:35:25.187881+00:00
2795,1765395325.20674,2025-12-10T19:35:25.206744+00:00
2796,1765395325.227627,2025-12-10T19:35:25.227627+00:00
2797,1765395325.246166,2025-12-10T19:35:25.246167+00:00
2798,1765395325.267039,2025-12-10T19:35:25.267041+00:00
2799,1765395325.285825,2025-12-10T19:35:25.285829+00:00
2800,1765395325.304277,2025-12-10T19:35:25.304281+00:00
2801,1765395325.325165,2025-12-10T19:35:25.325169+00:00
2802,1765395325.3460422,2025-12-10T19:35:25.346044+00:00
2803,1765395325.366901,2025-12-10T19:35:25.366902+00:00
2804,1765395325.387754,2025-12-10T19:35:25.387756+00:00
2805,1765395325.408111,2025-12-10T19:35:25.408117+00:00
2806,1765395325.4290361,2025-12-10T19:35:25.429043+00:00
2807,1765395325.44994,2025-12-10T19:35:25.449941+00:00
2808,1765395325.4707289,2025-12-10T19:35:25.470729+00:00
2809,1765395325.488244,2025-12-10T19:35:25.488248+00:00
2810,1765395325.509139,2025-12-10T19:35:25.509144+00:00
2811,1765395325.529987,2025-12-10T19:35:25.529996+00:00
2812,1765395325.550882,2025-12-10T19:35:25.550883+00:00
2813,1765395325.571323,2025-12-10T19:35:25.571324+00:00
2814,1765395325.592173,2025-12-10T19:35:25.592174+00:00
2815,1765395325.612907,2025-12-10T19:35:25.612908+00:00
2816,1765395325.6338072,2025-12-10T19:35:25.633807+00:00
2817,1765395325.654746,2025-12-10T19:35:25.654748+00:00
2818,1765395325.6752949,2025-12-10T19:35:25.675295+00:00
2819,1765395325.696079,2025-12-10T19:35:25.696079+00:00
2820,1765395325.716932,2025-12-10T19:35:25.716933+00:00
2821,1765395325.73768,2025-12-10T19:35:25.737683+00:00
2822,1765395325.756059,2025-12-10T19:35:25.756061+00:00
2823,1765395325.776913,2025-12-10T19:35:25.776914+00:00
2824,1765395325.7944121,2025-12-10T19:35:25.794413+00:00
2825,1765395325.815284,2025-12-10T19:35:25.815285+00:00
2826,1765395325.832578,2025-12-10T19:35:25.832604+00:00
2827,1765395325.853482,2025-12-10T19:35:25.853486+00:00
2828,1765395325.874358,2025-12-10T19:35:25.874359+00:00
2829,1765395325.895231,2025-12-10T19:35:25.895234+00:00
2830,1765395325.915922,2025-12-10T19:35:25.915925+00:00
2831,1765395325.934798,2025-12-10T19:35:25.934800+00:00
2832,1765395325.953053,2025-12-10T19:35:25.953057+00:00
2833,1765395325.973212,2025-12-10T19:35:25.973217+00:00
2834,1765395325.992407,2025-12-10T19:35:25.992413+00:00
2835,1765395326.00921,2025-12-10T19:35:26.009216+00:00
2836,1765395326.030001,2025-12-10T19:35:26.030005+00:00
2837,1765395326.048308,2025-12-10T19:35:26.048313+00:00
2838,1765395326.067688,2025-12-10T19:35:26.067698+00:00
2839,1765395326.0886028,2025-12-10T19:35:26.088605+00:00
2840,1765395326.1094668,2025-12-10T19:35:26.109469+00:00
2841,1765395326.130351,2025-12-10T19:35:26.130353+00:00
2842,1765395326.151226,2025-12-10T19:35:26.151228+00:00
2843,1765395326.171979,2025-12-10T19:35:26.171981+00:00
2844,1765395326.1928551,2025-12-10T19:35:26.192857+00:00
2845,1765395326.210857,2025-12-10T19:35:26.210858+00:00
2846,1765395326.230556,2025-12-10T19:35:26.230560+00:00
2847,1765395326.249859,2025-12-10T19:35:26.249861+00:00
2848,1765395326.266907,2025-12-10T19:35:26.266907+00:00
2849,1765395326.287679,2025-12-10T19:35:26.287683+00:00
2850,1765395326.305225,2025-12-10T19:35:26.305230+00:00
2851,1765395326.325923,2025-12-10T19:35:26.325928+00:00
2852,1765395326.348408,2025-12-10T19:35:26.348413+00:00
2853,1765395326.367069,2025-12-10T19:35:26.367073+00:00
2854,1765395326.384002,2025-12-10T19:35:26.384007+00:00
2855,1765395326.4040918,2025-12-10T19:35:26.404098+00:00
2856,1765395326.423033,2025-12-10T19:35:26.423037+00:00
2857,1765395326.4422731,2025-12-10T19:35:26.442276+00:00
2858,1765395326.463254,2025-12-10T19:35:26.463260+00:00
2859,1765395326.483289,2025-12-10T19:35:26.483296+00:00
2860,1765395326.50381,2025-12-10T19:35:26.503816+00:00
2861,1765395326.521944,2025-12-10T19:35:26.521965+00:00
2862,1765395326.539881,2025-12-10T19:35:26.539886+00:00
2863,1765395326.557101,2025-12-10T19:35:26.557106+00:00
2864,1765395326.57544,2025-12-10T19:35:26.575446+00:00
2865,1765395326.596353,2025-12-10T19:35:26.596355+00:00
2866,1765395326.617228,2025-12-10T19:35:26.617229+00:00
2867,1765395326.6380951,2025-12-10T19:35:26.638096+00:00
2868,1765395326.6589801,2025-12-10T19:35:26.658983+00:00
2869,1765395326.6792672,2025-12-10T19:35:26.679268+00:00
2870,1765395326.698197,2025-12-10T19:35:26.698198+00:00
2871,1765395326.719053,2025-12-10T19:35:26.719055+00:00
2872,1765395326.736415,2025-12-10T19:35:26.736420+00:00
2873,1765395326.757368,2025-12-10T19:35:26.757379+00:00
2874,1765395326.778301,2025-12-10T19:35:26.778305+00:00
2875,1765395326.796274,2025-12-10T19:35:26.796275+00:00
2876,1765395326.81707,2025-12-10T19:35:26.817074+00:00
2877,1765395326.8379588,2025-12-10T19:35:26.837962+00:00
2878,1765395326.858839,2025-12-10T19:35:26.858842+00:00
2879,1765395326.8794491,2025-12-10T19:35:26.879449+00:00
2880,1765395326.900312,2025-12-10T19:35:26.900319+00:00
2881,1765395326.920225,2025-12-10T19:35:26.920234+00:00
2882,1765395326.940165,2025-12-10T19:35:26.940172+00:00
2883,1765395326.961069,2025-12-10T19:35:26.961074+00:00
2884,1765395326.979198,2025-12-10T19:35:26.979204+00:00
2885,1765395326.9961758,2025-12-10T19:35:26.996184+00:00
2886,1765395327.017092,2025-12-10T19:35:27.017097+00:00
2887,1765395327.037984,2025-12-10T19:35:27.037990+00:00
2888,1765395327.0565429,2025-12-10T19:35:27.056548+00:00
2889,1765395327.0774322,2025-12-10T19:35:27.077434+00:00
2890,1765395327.096951,2025-12-10T19:35:27.096957+00:00
2891,1765395327.1171992,2025-12-10T19:35:27.117206+00:00
2892,1765395327.135676,2025-12-10T19:35:27.135680+00:00
2893,1765395327.156569,2025-12-10T19:35:27.156570+00:00
2894,1765395327.1774359,2025-12-10T19:35:27.177438+00:00
2895,1765395327.198316,2025-12-10T19:35:27.198318+00:00
2896,1765395327.219367,2025-12-10T19:35:27.219368+00:00
2897,1765395327.240232,2025-12-10T19:35:27.240233+00:00
2898,1765395327.2581482,2025-12-10T19:35:27.258150+00:00
2899,1765395327.2790248,2025-12-10T19:35:27.279030+00:00
2900,1765395327.2958589,2025-12-10T19:35:27.295861+00:00
2901,1765395327.3167381,2025-12-10T19:35:27.316741+00:00
2902,1765395327.333547,2025-12-10T19:35:27.333552+00:00
2903,1765395327.35445,2025-12-10T19:35:27.354458+00:00
2904,1765395327.375357,2025-12-10T19:35:27.375361+00:00
2905,1765395327.3962739,2025-12-10T19:35:27.396284+00:00
2906,1765395327.413301,2025-12-10T19:35:27.413306+00:00
2907,1765395327.4342132,2025-12-10T19:35:27.434219+00:00
2908,1765395327.4528031,2025-12-10T19:35:27.452811+00:00
2909,1765395327.473581,2025-12-10T19:35:27.473584+00:00
2910,1765395327.4922009,2025-12-10T19:35:27.492203+00:00
2911,1765395327.513062,2025-12-10T19:35:27.513064+00:00
2912,1765395327.5316212,2025-12-10T19:35:27.531625+00:00
2913,1765395327.552505,2025-12-10T19:35:27.552509+00:00
2914,1765395327.57338,2025-12-10T19:35:27.573382+00:00
2915,1765395327.594249,2025-12-10T19:35:27.594250+00:00
2916,1765395327.615115,2025-12-10T19:35:27.615118+00:00
2917,1765395327.634589,2025-12-10T19:35:27.634593+00:00
2918,1765395327.653216,2025-12-10T19:35:27.653217+00:00
2919,1765395327.672686,2025-12-10T19:35:27.672688+00:00
2920,1765395327.692896,2025-12-10T19:35:27.692897+00:00
2921,1765395327.711137,2025-12-10T19:35:27.711140+00:00
2922,1765395327.732009,2025-12-10T19:35:27.732014+00:00
2923,1765395327.7529001,2025-12-10T19:35:27.752903+00:00
2924,1765395327.7737741,2025-12-10T19:35:27.773778+00:00
2925,1765395327.794569,2025-12-10T19:35:27.794585+00:00
2926,1765395327.812396,2025-12-10T19:35:27.812399+00:00
2927,1765395327.832316,2025-12-10T19:35:27.832321+00:00
2928,1765395327.850914,2025-12-10T19:35:27.850916+00:00
2929,1765395327.871785,2025-12-10T19:35:27.871789+00:00
2930,1765395327.892493,2025-12-10T19:35:27.892497+00:00
2931,1765395327.910215,2025-12-10T19:35:27.910223+00:00
2932,1765395327.931133,2025-12-10T19:35:27.931137+00:00
2933,1765395327.95189,2025-12-10T19:35:27.951895+00:00
2934,1765395327.9727821,2025-12-10T19:35:27.972786+00:00
2935,1765395327.9936671,2025-12-10T19:35:27.993668+00:00
2936,1765395328.011339,2025-12-10T19:35:28.011341+00:00
2937,1765395328.032195,2025-12-10T19:35:28.032197+00:00
2938,1765395328.053057,2025-12-10T19:35:28.053060+00:00
2939,1765395328.0736918,2025-12-10T19:35:28.073695+00:00
2940,1765395328.094005,2025-12-10T19:35:28.094013+00:00
2941,1765395328.1153321,2025-12-10T19:35:28.115343+00:00
2942,1765395328.132999,2025-12-10T19:35:28.133003+00:00
2943,1765395328.153876,2025-12-10T19:35:28.153880+00:00
2944,1765395328.174762,2025-12-10T19:35:28.174764+00:00
2945,1765395328.195644,2025-12-10T19:35:28.195646+00:00
2946,1765395328.21651,2025-12-10T19:35:28.216510+00:00
2947,1765395328.2373672,2025-12-10T19:35:28.237367+00:00
2948,1765395328.258235,2025-12-10T19:35:28.258236+00:00
2949,1765395328.279089,2025-12-10T19:35:28.279089+00:00
2950,1765395328.2991328,2025-12-10T19:35:28.299140+00:00
2951,1765395328.316216,2025-12-10T19:35:28.316218+00:00
2952,1765395328.3373911,2025-12-10T19:35:28.337394+00:00
2953,1765395328.3582652,2025-12-10T19:35:28.358269+00:00
2954,1765395328.379146,2025-12-10T19:35:28.379147+00:00
2955,1765395328.403782,2025-12-10T19:35:28.403787+00:00
2956,1765395328.4298408,2025-12-10T19:35:28.429849+00:00
2957,1765395328.4592042,2025-12-10T19:35:28.459211+00:00
2958,1765395328.513282,2025-12-10T19:35:28.513320+00:00
2959,1765395328.5448818,2025-12-10T19:35:28.544886+00:00
2960,1765395328.5634649,2025-12-10T19:35:28.563470+00:00
2961,1765395328.638588,2025-12-10T19:35:28.638593+00:00
2962,1765395328.659486,2025-12-10T19:35:28.659493+00:00
2963,1765395328.680303,2025-12-10T19:35:28.680307+00:00
2964,1765395328.701188,2025-12-10T19:35:28.701204+00:00
2965,1765395328.722079,2025-12-10T19:35:28.722084+00:00
2966,1765395328.740562,2025-12-10T19:35:28.740567+00:00
2967,1765395328.761462,2025-12-10T19:35:28.761467+00:00
2968,1765395328.778501,2025-12-10T19:35:28.778505+00:00
2969,1765395328.799375,2025-12-10T19:35:28.799378+00:00
2970,1765395328.8190038,2025-12-10T19:35:28.819009+00:00
2971,1765395328.8399029,2025-12-10T19:35:28.839905+00:00
2972,1765395328.860778,2025-12-10T19:35:28.860781+00:00
2973,1765395328.879589,2025-12-10T19:35:28.879590+00:00
2974,1765395328.900447,2025-12-10T19:35:28.900450+00:00
2975,1765395328.918612,2025-12-10T19:35:28.918618+00:00
2976,1765395328.9372559,2025-12-10T19:35:28.937260+00:00
2977,1765395328.958132,2025-12-10T19:35:28.958135+00:00
2978,1765395328.976355,2025-12-10T19:35:28.976357+00:00
2979,1765395328.9939961,2025-12-10T19:35:28.994002+00:00
2980,1765395329.013712,2025-12-10T19:35:29.013724+00:00
2981,1765395329.031849,2025-12-10T19:35:29.031854+00:00
2982,1765395329.052144,2025-12-10T19:35:29.052151+00:00
2983,1765395329.0723252,2025-12-10T19:35:29.072331+00:00
2984,1765395329.093158,2025-12-10T19:35:29.093163+00:00
2985,1765395329.1118221,2025-12-10T19:35:29.111828+00:00
2986,1765395329.134361,2025-12-10T19:35:29.134365+00:00
2987,1765395329.166223,2025-12-10T19:35:29.166754+00:00
2988,1765395329.185228,2025-12-10T19:35:29.185240+00:00
2989,1765395329.202395,2025-12-10T19:35:29.202399+00:00
2990,1765395329.221395,2025-12-10T19:35:29.221401+00:00
2991,1765395329.242294,2025-12-10T19:35:29.242298+00:00
2992,1765395329.2631621,2025-12-10T19:35:29.263164+00:00
2993,1765395329.284032,2025-12-10T19:35:29.284036+00:00
2994,1765395329.301585,2025-12-10T19:35:29.301612+00:00
2995,1765395329.319854,2025-12-10T19:35:29.319857+00:00
2996,1765395329.340726,2025-12-10T19:35:29.340729+00:00
2997,1765395329.360033,2025-12-10T19:35:29.360035+00:00
2998,1765395329.380909,2025-12-10T19:35:29.380912+00:00
2999,1765395329.397804,2025-12-10T19:35:29.397815+00:00
3000,1765395329.418721,2025-12-10T19:35:29.418724+00:00
3001,1765395329.4396029,2025-12-10T19:35:29.439606+00:00
3002,1765395329.459991,2025-12-10T19:35:29.459994+00:00
3003,1765395329.480854,2025-12-10T19:35:29.480855+00:00
3004,1765395329.4984581,2025-12-10T19:35:29.498459+00:00
3005,1765395329.519284,2025-12-10T19:35:29.519286+00:00
3006,1765395329.5378728,2025-12-10T19:35:29.537878+00:00
3007,1765395329.557923,2025-12-10T19:35:29.557927+00:00
3008,1765395329.576677,2025-12-10T19:35:29.576678+00:00
3009,1765395329.5975628,2025-12-10T19:35:29.597567+00:00
3010,1765395329.6182258,2025-12-10T19:35:29.618229+00:00
3011,1765395329.6356459,2025-12-10T19:35:29.635648+00:00
3012,1765395329.653433,2025-12-10T19:35:29.653442+00:00
3013,1765395329.674298,2025-12-10T19:35:29.674299+00:00
3014,1765395329.693124,2025-12-10T19:35:29.693125+00:00
3015,1765395329.7098272,2025-12-10T19:35:29.709828+00:00
3016,1765395329.7306828,2025-12-10T19:35:29.730685+00:00
3017,1765395329.751394,2025-12-10T19:35:29.751395+00:00
3018,1765395329.7704508,2025-12-10T19:35:29.770452+00:00
3019,1765395329.791309,2025-12-10T19:35:29.791311+00:00
3020,1765395329.812186,2025-12-10T19:35:29.812191+00:00
3021,1765395329.8299708,2025-12-10T19:35:29.829972+00:00
3022,1765395329.8477829,2025-12-10T19:35:29.847786+00:00
3023,1765395329.8681989,2025-12-10T19:35:29.868200+00:00
3024,1765395329.889054,2025-12-10T19:35:29.889058+00:00
3025,1765395329.909963,2025-12-10T19:35:29.909964+00:00
3026,1765395329.930824,2025-12-10T19:35:29.930826+00:00
3027,1765395329.9511611,2025-12-10T19:35:29.951161+00:00
3028,1765395329.972095,2025-12-10T19:35:29.972100+00:00
3029,1765395329.9929652,2025-12-10T19:35:29.992969+00:00
3030,1765395330.013848,2025-12-10T19:35:30.013850+00:00
3031,1765395330.034397,2025-12-10T19:35:30.034397+00:00
3032,1765395330.0521972,2025-12-10T19:35:30.052201+00:00
3033,1765395330.073233,2025-12-10T19:35:30.073234+00:00
3034,1765395330.0940642,2025-12-10T19:35:30.094065+00:00
3035,1765395330.111716,2025-12-10T19:35:30.111718+00:00
3036,1765395330.132591,2025-12-10T19:35:30.132593+00:00
3037,1765395330.1534562,2025-12-10T19:35:30.153458+00:00
3038,1765395330.1743329,2025-12-10T19:35:30.174335+00:00
3039,1765395330.1961548,2025-12-10T19:35:30.196155+00:00
3040,1765395330.215908,2025-12-10T19:35:30.215908+00:00
3041,1765395330.236768,2025-12-10T19:35:30.236769+00:00
3042,1765395330.257638,2025-12-10T19:35:30.257638+00:00
3043,1765395330.278511,2025-12-10T19:35:30.278515+00:00
3044,1765395330.2958322,2025-12-10T19:35:30.295834+00:00
3045,1765395330.313596,2025-12-10T19:35:30.313598+00:00
3046,1765395330.334476,2025-12-10T19:35:30.334479+00:00
3047,1765395330.355366,2025-12-10T19:35:30.355374+00:00
3048,1765395330.376276,2025-12-10T19:35:30.376278+00:00
3049,1765395330.3971431,2025-12-10T19:35:30.397145+00:00
3050,1765395330.4176698,2025-12-10T19:35:30.417674+00:00
3051,1765395330.4368992,2025-12-10T19:35:30.436902+00:00
3052,1765395330.457789,2025-12-10T19:35:30.457791+00:00
3053,1765395330.474706,2025-12-10T19:35:30.474707+00:00
3054,1765395330.4955552,2025-12-10T19:35:30.495555+00:00
3055,1765395330.5164092,2025-12-10T19:35:30.516410+00:00
3056,1765395330.533582,2025-12-10T19:35:30.533587+00:00
3057,1765395330.5514822,2025-12-10T19:35:30.551484+00:00
3058,1765395330.571999,2025-12-10T19:35:30.572001+00:00
3059,1765395330.592872,2025-12-10T19:35:30.592875+00:00
3060,1765395330.60976,2025-12-10T19:35:30.609762+00:00
3061,1765395330.6273978,2025-12-10T19:35:30.627399+00:00
3062,1765395330.644613,2025-12-10T19:35:30.644618+00:00
3063,1765395330.665129,2025-12-10T19:35:30.665135+00:00
3064,1765395330.6843479,2025-12-10T19:35:30.684348+00:00
3065,1765395330.703564,2025-12-10T19:35:30.703567+00:00
3066,1765395330.7244558,2025-12-10T19:35:30.724458+00:00
3067,1765395330.745323,2025-12-10T19:35:30.745325+00:00
3068,1765395330.763285,2025-12-10T19:35:30.763286+00:00
3069,1765395330.7841449,2025-12-10T19:35:30.784148+00:00
3070,1765395330.805047,2025-12-10T19:35:30.805053+00:00
3071,1765395330.825944,2025-12-10T19:35:30.825945+00:00
3072,1765395330.84395,2025-12-10T19:35:30.843957+00:00
3073,1765395330.861482,2025-12-10T19:35:30.861485+00:00
3074,1765395330.878965,2025-12-10T19:35:30.878971+00:00
3075,1765395330.899891,2025-12-10T19:35:30.899901+00:00
3076,1765395330.91847,2025-12-10T19:35:30.918471+00:00
3077,1765395330.938654,2025-12-10T19:35:30.938657+00:00
3078,1765395330.959542,2025-12-10T19:35:30.959545+00:00
3079,1765395330.976962,2025-12-10T19:35:30.976966+00:00
3080,1765395330.997028,2025-12-10T19:35:30.997031+00:00
3081,1765395331.017893,2025-12-10T19:35:31.017894+00:00
3082,1765395331.035077,2025-12-10T19:35:31.035078+00:00
3083,1765395331.052005,2025-12-10T19:35:31.052008+00:00
3084,1765395331.0690901,2025-12-10T19:35:31.069115+00:00
3085,1765395331.089997,2025-12-10T19:35:31.089999+00:00
3086,1765395331.1107578,2025-12-10T19:35:31.110761+00:00
3087,1765395331.1316411,2025-12-10T19:35:31.131645+00:00
3088,1765395331.15237,2025-12-10T19:35:31.152370+00:00
3089,1765395331.171861,2025-12-10T19:35:31.171865+00:00
3090,1765395331.190897,2025-12-10T19:35:31.190898+00:00
3091,1765395331.2117481,2025-12-10T19:35:31.211750+00:00
3092,1765395331.2326021,2025-12-10T19:35:31.232603+00:00
3093,1765395331.2523892,2025-12-10T19:35:31.252392+00:00
3094,1765395331.273134,2025-12-10T19:35:31.273139+00:00
3095,1765395331.290587,2025-12-10T19:35:31.290589+00:00
3096,1765395331.311448,2025-12-10T19:35:31.311451+00:00
3097,1765395331.3306649,2025-12-10T19:35:31.330671+00:00
3098,1765395331.348709,2025-12-10T19:35:31.348714+00:00
3099,1765395331.3687198,2025-12-10T19:35:31.368725+00:00
3100,1765395331.386035,2025-12-10T19:35:31.386038+00:00
3101,1765395331.406912,2025-12-10T19:35:31.406918+00:00
3102,1765395331.4238532,2025-12-10T19:35:31.423857+00:00
3103,1765395331.444749,2025-12-10T19:35:31.444753+00:00
3104,1765395331.465137,2025-12-10T19:35:31.465139+00:00
3105,1765395331.4860108,2025-12-10T19:35:31.486012+00:00
3106,1765395331.503501,2025-12-10T19:35:31.503505+00:00
3107,1765395331.524396,2025-12-10T19:35:31.524398+00:00
3108,1765395331.54411,2025-12-10T19:35:31.544115+00:00
3109,1765395331.565005,2025-12-10T19:35:31.565009+00:00
3110,1765395331.5857549,2025-12-10T19:35:31.585762+00:00
3111,1765395331.605748,2025-12-10T19:35:31.605753+00:00
3112,1765395331.625458,2025-12-10T19:35:31.625462+00:00
3113,1765395331.643615,2025-12-10T19:35:31.643616+00:00
3114,1765395331.660643,2025-12-10T19:35:31.660645+00:00
3115,1765395331.678856,2025-12-10T19:35:31.678861+00:00
3116,1765395331.697484,2025-12-10T19:35:31.697485+00:00
3117,1765395331.716681,2025-12-10T19:35:31.716686+00:00
3118,1765395331.7356339,2025-12-10T19:35:31.735636+00:00
3119,1765395331.7564979,2025-12-10T19:35:31.756498+00:00
3120,1765395331.776331,2025-12-10T19:35:31.776334+00:00
3121,1765395331.797229,2025-12-10T19:35:31.797231+00:00
3122,1765395331.814317,2025-12-10T19:35:31.814317+00:00
3123,1765395331.8351722,2025-12-10T19:35:31.835173+00:00
3124,1765395331.856046,2025-12-10T19:35:31.856048+00:00
3125,1765395331.876928,2025-12-10T19:35:31.876929+00:00
3126,1765395331.8977878,2025-12-10T19:35:31.897789+00:00
3127,1765395331.9186418,2025-12-10T19:35:31.918645+00:00
3128,1765395331.9387069,2025-12-10T19:35:31.938709+00:00
3129,1765395331.959593,2025-12-10T19:35:31.959600+00:00
3130,1765395331.977104,2025-12-10T19:35:31.977112+00:00
3131,1765395331.998026,2025-12-10T19:35:31.998028+00:00
3132,1765395332.0189068,2025-12-10T19:35:32.018910+00:00
3133,1765395332.038311,2025-12-10T19:35:32.038312+00:00
3134,1765395332.057701,2025-12-10T19:35:32.057717+00:00
3135,1765395332.0756989,2025-12-10T19:35:32.075702+00:00
3136,1765395332.096145,2025-12-10T19:35:32.096155+00:00
3137,1765395332.1170702,2025-12-10T19:35:32.117074+00:00
3138,1765395332.1354082,2025-12-10T19:35:32.135410+00:00
3139,1765395332.156266,2025-12-10T19:35:32.156267+00:00
3140,1765395332.176961,2025-12-10T19:35:32.176965+00:00
3141,1765395332.1941068,2025-12-10T19:35:32.194110+00:00
3142,1765395332.211044,2025-12-10T19:35:32.211046+00:00
3143,1765395332.2294211,2025-12-10T19:35:32.229425+00:00
3144,1765395332.250122,2025-12-10T19:35:32.250124+00:00
3145,1765395332.270999,2025-12-10T19:35:32.271001+00:00
3146,1765395332.291882,2025-12-10T19:35:32.291884+00:00
3147,1765395332.309289,2025-12-10T19:35:32.309292+00:00
3148,1765395332.330178,2025-12-10T19:35:32.330181+00:00
3149,1765395332.3510568,2025-12-10T19:35:32.351059+00:00
3150,1765395332.368083,2025-12-10T19:35:32.368084+00:00
3151,1765395332.384995,2025-12-10T19:35:32.384996+00:00
3152,1765395332.401804,2025-12-10T19:35:32.401805+00:00
3153,1765395332.422678,2025-12-10T19:35:32.422682+00:00
3154,1765395332.443556,2025-12-10T19:35:32.443557+00:00
3155,1765395332.464421,2025-12-10T19:35:32.464424+00:00
3156,1765395332.483781,2025-12-10T19:35:32.483781+00:00
3157,1765395332.501545,2025-12-10T19:35:32.501547+00:00
3158,1765395332.5224261,2025-12-10T19:35:32.522426+00:00
3159,1765395332.543288,2025-12-10T19:35:32.543289+00:00
3160,1765395332.5641758,2025-12-10T19:35:32.564183+00:00
3161,1765395332.582,2025-12-10T19:35:32.582002+00:00
3162,1765395332.601836,2025-12-10T19:35:32.601840+00:00
3163,1765395332.6227121,2025-12-10T19:35:32.622714+00:00
3164,1765395332.643577,2025-12-10T19:35:32.643578+00:00
3165,1765395332.6607418,2025-12-10T19:35:32.660743+00:00
3166,1765395332.6815958,2025-12-10T19:35:32.681598+00:00
3167,1765395332.7011352,2025-12-10T19:35:32.701135+00:00
3168,1765395332.719947,2025-12-10T19:35:32.719949+00:00
3169,1765395332.7366452,2025-12-10T19:35:32.736646+00:00
3170,1765395332.7552419,2025-12-10T19:35:32.755267+00:00
3171,1765395332.773302,2025-12-10T19:35:32.773310+00:00
3172,1765395332.793632,2025-12-10T19:35:32.793639+00:00
3173,1765395332.814563,2025-12-10T19:35:32.814569+00:00
3174,1765395332.8354712,2025-12-10T19:35:32.835474+00:00
3175,1765395332.856361,2025-12-10T19:35:32.856367+00:00
3176,1765395332.874086,2025-12-10T19:35:32.874086+00:00
3177,1765395332.8933702,2025-12-10T19:35:32.893371+00:00
3178,1765395332.911385,2025-12-10T19:35:32.911389+00:00
3179,1765395332.932321,2025-12-10T19:35:32.932324+00:00
3180,1765395332.9516108,2025-12-10T19:35:32.951612+00:00
3181,1765395332.972474,2025-12-10T19:35:32.972480+00:00
3182,1765395332.9905941,2025-12-10T19:35:32.990597+00:00
3183,1765395333.011544,2025-12-10T19:35:33.011548+00:00
3184,1765395333.031873,2025-12-10T19:35:33.031875+00:00
3185,1765395333.052732,2025-12-10T19:35:33.052733+00:00
3186,1765395333.073591,2025-12-10T19:35:33.073595+00:00
3187,1765395333.093853,2025-12-10T19:35:33.093856+00:00
3188,1765395333.112519,2025-12-10T19:35:33.112522+00:00
3189,1765395333.130375,2025-12-10T19:35:33.130379+00:00
3190,1765395333.151196,2025-12-10T19:35:33.151202+00:00
3191,1765395333.168483,2025-12-10T19:35:33.168488+00:00
3192,1765395333.185765,2025-12-10T19:35:33.185772+00:00
3193,1765395333.20669,2025-12-10T19:35:33.206694+00:00
3194,1765395333.224653,2025-12-10T19:35:33.224659+00:00
3195,1765395333.245564,2025-12-10T19:35:33.245566+00:00
3196,1765395333.265908,2025-12-10T19:35:33.265911+00:00
3197,1765395333.284939,2025-12-10T19:35:33.284940+00:00
3198,1765395333.3058271,2025-12-10T19:35:33.305829+00:00
3199,1765395333.326713,2025-12-10T19:35:33.326715+00:00
3200,1765395333.3445802,2025-12-10T19:35:33.344585+00:00
3201,1765395333.362446,2025-12-10T19:35:33.362448+00:00
3202,1765395333.38077,2025-12-10T19:35:33.380776+00:00
3203,1765395333.399466,2025-12-10T19:35:33.399468+00:00
3204,1765395333.418192,2025-12-10T19:35:33.418196+00:00
3205,1765395333.438158,2025-12-10T19:35:33.438161+00:00
3206,1765395333.459044,2025-12-10T19:35:33.459046+00:00
3207,1765395333.478236,2025-12-10T19:35:33.478238+00:00
3208,1765395333.499103,2025-12-10T19:35:33.499105+00:00
3209,1765395333.519349,2025-12-10T19:35:33.519353+00:00
3210,1765395333.5402281,2025-12-10T19:35:33.540237+00:00
3211,1765395333.561145,2025-12-10T19:35:33.561148+00:00
3212,1765395333.582026,2025-12-10T19:35:33.582030+00:00
3213,1765395333.602431,2025-12-10T19:35:33.602433+00:00
3214,1765395333.6228638,2025-12-10T19:35:33.622869+00:00
3215,1765395333.643765,2025-12-10T19:35:33.643766+00:00
3216,1765395333.6607518,2025-12-10T19:35:33.660752+00:00
3217,1765395333.681675,2025-12-10T19:35:33.681678+00:00
3218,1765395333.7026079,2025-12-10T19:35:33.702610+00:00
3219,1765395333.723149,2025-12-10T19:35:33.723150+00:00
3220,1765395333.743768,2025-12-10T19:35:33.743769+00:00
3221,1765395333.764692,2025-12-10T19:35:33.764694+00:00
3222,1765395333.785562,2025-12-10T19:35:33.785563+00:00
3223,1765395333.809076,2025-12-10T19:35:33.809080+00:00
3224,1765395333.827508,2025-12-10T19:35:33.827510+00:00
3225,1765395333.845988,2025-12-10T19:35:33.845995+00:00
3226,1765395333.866892,2025-12-10T19:35:33.866894+00:00
3227,1765395333.8877618,2025-12-10T19:35:33.887765+00:00
3228,1765395333.9086459,2025-12-10T19:35:33.908648+00:00
3229,1765395333.928582,2025-12-10T19:35:33.928584+00:00
3230,1765395333.946592,2025-12-10T19:35:33.946596+00:00
3231,1765395333.9667919,2025-12-10T19:35:33.966795+00:00
3232,1765395333.98767,2025-12-10T19:35:33.987671+00:00
3233,1765395334.008537,2025-12-10T19:35:34.008543+00:00
3234,1765395334.0286841,2025-12-10T19:35:34.028687+00:00
3235,1765395334.0484312,2025-12-10T19:35:34.048432+00:00
3236,1765395334.068824,2025-12-10T19:35:34.068830+00:00
3237,1765395334.0858428,2025-12-10T19:35:34.085849+00:00
3238,1765395334.106751,2025-12-10T19:35:34.106755+00:00
3239,1765395334.12784,2025-12-10T19:35:34.127841+00:00
3240,1765395334.148705,2025-12-10T19:35:34.148707+00:00
3241,1765395334.169579,2025-12-10T19:35:34.169581+00:00
3242,1765395334.186434,2025-12-10T19:35:34.186435+00:00
3243,1765395334.203159,2025-12-10T19:35:34.203161+00:00
3244,1765395334.223588,2025-12-10T19:35:34.223590+00:00
3245,1765395334.244462,2025-12-10T19:35:34.244462+00:00
3246,1765395334.2653198,2025-12-10T19:35:34.265322+00:00
3247,1765395334.2861922,2025-12-10T19:35:34.286193+00:00
3248,1765395334.307107,2025-12-10T19:35:34.307110+00:00
3249,1765395334.326903,2025-12-10T19:35:34.326912+00:00
3250,1765395334.347767,2025-12-10T19:35:34.347769+00:00
3251,1765395334.368565,2025-12-10T19:35:34.368569+00:00
3252,1765395334.387609,2025-12-10T19:35:34.387611+00:00
3253,1765395334.408469,2025-12-10T19:35:34.408473+00:00
3254,1765395334.429016,2025-12-10T19:35:34.429024+00:00
3255,1765395334.449919,2025-12-10T19:35:34.449921+00:00
3256,1765395334.468471,2025-12-10T19:35:34.468477+00:00
3257,1765395334.489367,2025-12-10T19:35:34.489370+00:00
3258,1765395334.510008,2025-12-10T19:35:34.510012+00:00
3259,1765395334.526905,2025-12-10T19:35:34.526907+00:00
3260,1765395334.544445,2025-12-10T19:35:34.544448+00:00
3261,1765395334.5613608,2025-12-10T19:35:34.561363+00:00
3262,1765395334.582227,2025-12-10T19:35:34.582231+00:00
3263,1765395334.601844,2025-12-10T19:35:34.601846+00:00
3264,1765395334.622717,2025-12-10T19:35:34.622719+00:00
3265,1765395334.643605,2025-12-10T19:35:34.643608+00:00
3266,1765395334.663048,2025-12-10T19:35:34.663049+00:00
3267,1765395334.6835022,2025-12-10T19:35:34.683502+00:00
3268,1765395334.701835,2025-12-10T19:35:34.701838+00:00
3269,1765395334.720771,2025-12-10T19:35:34.720773+00:00
3270,1765395334.741419,2025-12-10T19:35:34.741424+00:00
3271,1765395334.7619772,2025-12-10T19:35:34.761978+00:00
3272,1765395334.7828321,2025-12-10T19:35:34.782833+00:00
3273,1765395334.801701,2025-12-10T19:35:34.801705+00:00
3274,1765395334.8210628,2025-12-10T19:35:34.821064+00:00
3275,1765395334.841922,2025-12-10T19:35:34.841923+00:00
3276,1765395334.862831,2025-12-10T19:35:34.862833+00:00
3277,1765395334.8837152,2025-12-10T19:35:34.883721+00:00
3278,1765395334.901309,2025-12-10T19:35:34.901314+00:00
3279,1765395334.922209,2025-12-10T19:35:34.922212+00:00
3280,1765395334.941477,2025-12-10T19:35:34.941478+00:00
3281,1765395334.9599822,2025-12-10T19:35:34.959987+00:00
3282,1765395334.980875,2025-12-10T19:35:34.980878+00:00
3283,1765395335.001428,2025-12-10T19:35:35.001433+00:00
3284,1765395335.018272,2025-12-10T19:35:35.018284+00:00
3285,1765395335.039121,2025-12-10T19:35:35.039125+00:00
3286,1765395335.060019,2025-12-10T19:35:35.060025+00:00
3287,1765395335.080943,2025-12-10T19:35:35.080951+00:00
3288,1765395335.100278,2025-12-10T19:35:35.100283+00:00
3289,1765395335.120459,2025-12-10T19:35:35.120461+00:00
3290,1765395335.140693,2025-12-10T19:35:35.140694+00:00
3291,1765395335.161549,2025-12-10T19:35:35.161551+00:00
3292,1765395335.179679,2025-12-10T19:35:35.179679+00:00
3293,1765395335.200541,2025-12-10T19:35:35.200545+00:00
3294,1765395335.221452,2025-12-10T19:35:35.221454+00:00
3295,1765395335.242314,2025-12-10T19:35:35.242314+00:00
3296,1765395335.2590091,2025-12-10T19:35:35.259010+00:00
3297,1765395335.276961,2025-12-10T19:35:35.276963+00:00
3298,1765395335.2956212,2025-12-10T19:35:35.295621+00:00
3299,1765395335.316465,2025-12-10T19:35:35.316466+00:00
3300,1765395335.3352761,2025-12-10T19:35:35.335292+00:00
3301,1765395335.3562539,2025-12-10T19:35:35.356257+00:00
3302,1765395335.377131,2025-12-10T19:35:35.377136+00:00
3303,1765395335.3945081,2025-12-10T19:35:35.394511+00:00
3304,1765395335.415381,2025-12-10T19:35:35.415495+00:00
3305,1765395335.436387,2025-12-10T19:35:35.436394+00:00
3306,1765395335.4573,2025-12-10T19:35:35.457305+00:00
3307,1765395335.474988,2025-12-10T19:35:35.474994+00:00
3308,1765395335.494538,2025-12-10T19:35:35.494539+00:00
3309,1765395335.514424,2025-12-10T19:35:35.514425+00:00
3310,1765395335.5352802,2025-12-10T19:35:35.535281+00:00
3311,1765395335.55613,2025-12-10T19:35:35.556130+00:00
3312,1765395335.576994,2025-12-10T19:35:35.576998+00:00
3313,1765395335.597904,2025-12-10T19:35:35.597909+00:00
3314,1765395335.616081,2025-12-10T19:35:35.616086+00:00
3315,1765395335.634838,2025-12-10T19:35:35.634841+00:00
3316,1765395335.655701,2025-12-10T19:35:35.655702+00:00
3317,1765395335.675769,2025-12-10T19:35:35.675772+00:00
3318,1765395335.69434,2025-12-10T19:35:35.694341+00:00
3319,1765395335.715188,2025-12-10T19:35:35.715189+00:00
3320,1765395335.735146,2025-12-10T19:35:35.735149+00:00
3321,1765395335.754207,2025-12-10T19:35:35.754208+00:00
3322,1765395335.771841,2025-12-10T19:35:35.771843+00:00
3323,1765395335.7927139,2025-12-10T19:35:35.792715+00:00
3324,1765395335.813591,2025-12-10T19:35:35.813597+00:00
3325,1765395335.830606,2025-12-10T19:35:35.830609+00:00
3326,1765395335.8514738,2025-12-10T19:35:35.851477+00:00
3327,1765395335.869302,2025-12-10T19:35:35.869305+00:00
3328,1765395335.8901901,2025-12-10T19:35:35.890194+00:00
3329,1765395335.908743,2025-12-10T19:35:35.908744+00:00
3330,1765395335.929591,2025-12-10T19:35:35.929592+00:00
3331,1765395335.950455,2025-12-10T19:35:35.950460+00:00
3332,1765395335.9693198,2025-12-10T19:35:35.969322+00:00
3333,1765395335.98978,2025-12-10T19:35:35.989785+00:00
3334,1765395336.0101461,2025-12-10T19:35:36.010147+00:00
3335,1765395336.031004,2025-12-10T19:35:36.031005+00:00
3336,1765395336.051859,2025-12-10T19:35:36.051863+00:00
3337,1765395336.0698082,2025-12-10T19:35:36.069810+00:00
3338,1765395336.0906932,2025-12-10T19:35:36.090703+00:00
3339,1765395336.1116228,2025-12-10T19:35:36.111625+00:00
3340,1765395336.12936,2025-12-10T19:35:36.129362+00:00
3341,1765395336.15023,2025-12-10T19:35:36.150235+00:00
3342,1765395336.170227,2025-12-10T19:35:36.170227+00:00
3343,1765395336.187437,2025-12-10T19:35:36.187438+00:00
3344,1765395336.207089,2025-12-10T19:35:36.207092+00:00
3345,1765395336.224053,2025-12-10T19:35:36.224057+00:00
3346,1765395336.242004,2025-12-10T19:35:36.242005+00:00
3347,1765395336.2625039,2025-12-10T19:35:36.262509+00:00
3348,1765395336.2812102,2025-12-10T19:35:36.281213+00:00
3349,1765395336.3016582,2025-12-10T19:35:36.301659+00:00
3350,1765395336.3192909,2025-12-10T19:35:36.319294+00:00
3351,1765395336.3401642,2025-12-10T19:35:36.340164+00:00
3352,1765395336.3610291,2025-12-10T19:35:36.361033+00:00
3353,1765395336.381973,2025-12-10T19:35:36.381981+00:00
3354,1765395336.40289,2025-12-10T19:35:36.402892+00:00
3355,1765395336.423201,2025-12-10T19:35:36.423219+00:00
3356,1765395336.442373,2025-12-10T19:35:36.442374+00:00
3357,1765395336.459671,2025-12-10T19:35:36.459674+00:00
3358,1765395336.479609,2025-12-10T19:35:36.479611+00:00
3359,1765395336.5005,2025-12-10T19:35:36.500503+00:00
3360,1765395336.518207,2025-12-10T19:35:36.518208+00:00
3361,1765395336.5359921,2025-12-10T19:35:36.535993+00:00
3362,1765395336.5544362,2025-12-10T19:35:36.554436+00:00
