frame_index,timestamp_unix,timestamp_iso
0,1765335786.2313995,2025-12-10T03:03:06.231399+00:00
1,1765335786.2543652,2025-12-10T03:03:06.254365+00:00
2,1765335786.2711082,2025-12-10T03:03:06.271108+00:00
3,1765335786.288033,2025-12-10T03:03:06.288033+00:00
4,1765335786.3048558,2025-12-10T03:03:06.304855+00:00
5,1765335786.3227026,2025-12-10T03:03:06.322702+00:00
6,1765335786.3399203,2025-12-10T03:03:06.339920+00:00
7,1765335786.3568745,2025-12-10T03:03:06.356874+00:00
8,1765335786.3737628,2025-12-10T03:03:06.373762+00:00
9,1765335786.390834,2025-12-10T03:03:06.390834+00:00
10,1765335786.4081082,2025-12-10T03:03:06.408108+00:00
11,1765335786.4251342,2025-12-10T03:03:06.425134+00:00
12,1765335786.4423163,2025-12-10T03:03:06.442316+00:00
13,1765335786.4595146,2025-12-10T03:03:06.459514+00:00
14,1765335786.476717,2025-12-10T03:03:06.476717+00:00
15,1765335786.4934843,2025-12-10T03:03:06.493484+00:00
16,1765335786.5106816,2025-12-10T03:03:06.510681+00:00
17,1765335786.5276964,2025-12-10T03:03:06.527696+00:00
18,1765335786.5444431,2025-12-10T03:03:06.544443+00:00
19,1765335786.5612266,2025-12-10T03:03:06.561226+00:00
20,1765335786.57825,2025-12-10T03:03:06.578249+00:00
21,1765335786.5949993,2025-12-10T03:03:06.594999+00:00
22,1765335786.6120265,2025-12-10T03:03:06.612026+00:00
23,1765335786.6290293,2025-12-10T03:03:06.629029+00:00
24,1765335786.6457775,2025-12-10T03:03:06.645777+00:00
25,1765335786.6630702,2025-12-10T03:03:06.663070+00:00
26,1765335786.6801548,2025-12-10T03:03:06.680154+00:00
27,1765335786.697002,2025-12-10T03:03:06.697002+00:00
28,1765335786.7138329,2025-12-10T03:03:06.713833+00:00
29,1765335786.731036,2025-12-10T03:03:06.731036+00:00
30,1765335786.748241,2025-12-10T03:03:06.748240+00:00
31,1765335786.7649689,2025-12-10T03:03:06.764968+00:00
32,1765335786.7821186,2025-12-10T03:03:06.782118+00:00
33,1765335786.7990675,2025-12-10T03:03:06.799067+00:00
34,1765335786.8162596,2025-12-10T03:03:06.816259+00:00
35,1765335786.833291,2025-12-10T03:03:06.833291+00:00
36,1765335786.8503883,2025-12-10T03:03:06.850388+00:00
37,1765335786.8675833,2025-12-10T03:03:06.867583+00:00
38,1765335786.8843224,2025-12-10T03:03:06.884322+00:00
39,1765335786.901312,2025-12-10T03:03:06.901312+00:00
40,1765335786.9180562,2025-12-10T03:03:06.918056+00:00
41,1765335786.9351053,2025-12-10T03:03:06.935105+00:00
42,1765335786.9520595,2025-12-10T03:03:06.952059+00:00
43,1765335786.9688082,2025-12-10T03:03:06.968808+00:00
44,1765335786.9860375,2025-12-10T03:03:06.986037+00:00
45,1765335787.0032032,2025-12-10T03:03:07.003203+00:00
46,1765335787.0201738,2025-12-10T03:03:07.020173+00:00
47,1765335787.0373569,2025-12-10T03:03:07.037356+00:00
48,1765335787.0540895,2025-12-10T03:03:07.054089+00:00
49,1765335787.070817,2025-12-10T03:03:07.070817+00:00
50,1765335787.0875456,2025-12-10T03:03:07.087545+00:00
51,1765335787.1044047,2025-12-10T03:03:07.104404+00:00
52,1765335787.1215425,2025-12-10T03:03:07.121542+00:00
53,1765335787.138617,2025-12-10T03:03:07.138617+00:00
54,1765335787.1553547,2025-12-10T03:03:07.155354+00:00
55,1765335787.172554,2025-12-10T03:03:07.172554+00:00
56,1765335787.1895673,2025-12-10T03:03:07.189567+00:00
57,1765335787.2065496,2025-12-10T03:03:07.206549+00:00
58,1765335787.2233343,2025-12-10T03:03:07.223334+00:00
59,1765335787.2406354,2025-12-10T03:03:07.240635+00:00
60,1765335787.2578385,2025-12-10T03:03:07.257838+00:00
61,1765335787.2747633,2025-12-10T03:03:07.274763+00:00
62,1765335787.2918622,2025-12-10T03:03:07.291862+00:00
63,1765335787.308919,2025-12-10T03:03:07.308919+00:00
64,1765335787.3259416,2025-12-10T03:03:07.325941+00:00
65,1765335787.3427658,2025-12-10T03:03:07.342765+00:00
66,1765335787.359805,2025-12-10T03:03:07.359805+00:00
67,1765335787.3766487,2025-12-10T03:03:07.376648+00:00
68,1765335787.393707,2025-12-10T03:03:07.393706+00:00
69,1765335787.4109519,2025-12-10T03:03:07.410952+00:00
70,1765335787.427981,2025-12-10T03:03:07.427980+00:00
71,1765335787.445028,2025-12-10T03:03:07.445028+00:00
72,1765335787.4620876,2025-12-10T03:03:07.462087+00:00
73,1765335787.4791145,2025-12-10T03:03:07.479114+00:00
74,1765335787.4961662,2025-12-10T03:03:07.496166+00:00
75,1765335787.5132158,2025-12-10T03:03:07.513215+00:00
76,1765335787.5302515,2025-12-10T03:03:07.530251+00:00
77,1765335787.547276,2025-12-10T03:03:07.547276+00:00
78,1765335787.564325,2025-12-10T03:03:07.564325+00:00
79,1765335787.5813751,2025-12-10T03:03:07.581375+00:00
80,1765335787.5985346,2025-12-10T03:03:07.598534+00:00
81,1765335787.615739,2025-12-10T03:03:07.615739+00:00
82,1765335787.6329176,2025-12-10T03:03:07.632917+00:00
83,1765335787.6499627,2025-12-10T03:03:07.649962+00:00
84,1765335787.6669874,2025-12-10T03:03:07.666987+00:00
85,1765335787.6840274,2025-12-10T03:03:07.684027+00:00
86,1765335787.7012157,2025-12-10T03:03:07.701215+00:00
87,1765335787.7182405,2025-12-10T03:03:07.718240+00:00
88,1765335787.7354589,2025-12-10T03:03:07.735458+00:00
89,1765335787.7524114,2025-12-10T03:03:07.752411+00:00
90,1765335787.7696273,2025-12-10T03:03:07.769627+00:00
91,1765335787.7863712,2025-12-10T03:03:07.786371+00:00
92,1765335787.803406,2025-12-10T03:03:07.803406+00:00
93,1765335787.820516,2025-12-10T03:03:07.820516+00:00
94,1765335787.8375826,2025-12-10T03:03:07.837582+00:00
95,1765335787.8545558,2025-12-10T03:03:07.854556+00:00
96,1765335787.87129,2025-12-10T03:03:07.871289+00:00
97,1765335787.888461,2025-12-10T03:03:07.888461+00:00
98,1765335787.905349,2025-12-10T03:03:07.905349+00:00
99,1765335787.9225144,2025-12-10T03:03:07.922514+00:00
100,1765335787.9393327,2025-12-10T03:03:07.939332+00:00
101,1765335787.9563735,2025-12-10T03:03:07.956373+00:00
102,1765335787.9734116,2025-12-10T03:03:07.973411+00:00
103,1765335787.9905176,2025-12-10T03:03:07.990517+00:00
104,1765335788.0076125,2025-12-10T03:03:08.007612+00:00
105,1765335788.0247545,2025-12-10T03:03:08.024754+00:00
106,1765335788.0418067,2025-12-10T03:03:08.041806+00:00
107,1765335788.058882,2025-12-10T03:03:08.058882+00:00
108,1765335788.0759237,2025-12-10T03:03:08.075923+00:00
109,1765335788.0928965,2025-12-10T03:03:08.092896+00:00
110,1765335788.1100461,2025-12-10T03:03:08.110046+00:00
111,1765335788.1270695,2025-12-10T03:03:08.127069+00:00
112,1765335788.1441147,2025-12-10T03:03:08.144114+00:00
113,1765335788.1611457,2025-12-10T03:03:08.161145+00:00
114,1765335788.1782398,2025-12-10T03:03:08.178239+00:00
115,1765335788.1951652,2025-12-10T03:03:08.195165+00:00
116,1765335788.2120805,2025-12-10T03:03:08.212080+00:00
117,1765335788.2291229,2025-12-10T03:03:08.229122+00:00
118,1765335788.24587,2025-12-10T03:03:08.245870+00:00
119,1765335788.2630987,2025-12-10T03:03:08.263098+00:00
120,1765335788.280069,2025-12-10T03:03:08.280069+00:00
121,1765335788.297116,2025-12-10T03:03:08.297116+00:00
122,1765335788.314034,2025-12-10T03:03:08.314033+00:00
123,1765335788.3310637,2025-12-10T03:03:08.331063+00:00
124,1765335788.3480785,2025-12-10T03:03:08.348078+00:00
125,1765335788.3650665,2025-12-10T03:03:08.365066+00:00
126,1765335788.382205,2025-12-10T03:03:08.382204+00:00
127,1765335788.3993866,2025-12-10T03:03:08.399386+00:00
128,1765335788.4164767,2025-12-10T03:03:08.416476+00:00
129,1765335788.4334915,2025-12-10T03:03:08.433491+00:00
130,1765335788.4506524,2025-12-10T03:03:08.450652+00:00
131,1765335788.4678354,2025-12-10T03:03:08.467835+00:00
132,1765335788.4848917,2025-12-10T03:03:08.484891+00:00
133,1765335788.5018985,2025-12-10T03:03:08.501898+00:00
134,1765335788.5189266,2025-12-10T03:03:08.518926+00:00
135,1765335788.535951,2025-12-10T03:03:08.535950+00:00
136,1765335788.5529807,2025-12-10T03:03:08.552980+00:00
137,1765335788.5700154,2025-12-10T03:03:08.570015+00:00
138,1765335788.5868948,2025-12-10T03:03:08.586894+00:00
139,1765335788.6038935,2025-12-10T03:03:08.603893+00:00
140,1765335788.620637,2025-12-10T03:03:08.620636+00:00
141,1765335788.6378844,2025-12-10T03:03:08.637884+00:00
142,1765335788.6546788,2025-12-10T03:03:08.654678+00:00
143,1765335788.6717112,2025-12-10T03:03:08.671711+00:00
144,1765335788.6884632,2025-12-10T03:03:08.688463+00:00
145,1765335788.7055485,2025-12-10T03:03:08.705548+00:00
146,1765335788.7228758,2025-12-10T03:03:08.722875+00:00
147,1765335788.7399673,2025-12-10T03:03:08.739967+00:00
148,1765335788.7570746,2025-12-10T03:03:08.757074+00:00
149,1765335788.7740378,2025-12-10T03:03:08.774037+00:00
150,1765335788.791285,2025-12-10T03:03:08.791285+00:00
151,1765335788.808037,2025-12-10T03:03:08.808037+00:00
152,1765335788.825089,2025-12-10T03:03:08.825089+00:00
153,1765335788.8421278,2025-12-10T03:03:08.842128+00:00
154,1765335788.8591466,2025-12-10T03:03:08.859146+00:00
155,1765335788.8761878,2025-12-10T03:03:08.876187+00:00
156,1765335788.8932865,2025-12-10T03:03:08.893286+00:00
157,1765335788.9104257,2025-12-10T03:03:08.910425+00:00
158,1765335788.9274802,2025-12-10T03:03:08.927480+00:00
159,1765335788.9445615,2025-12-10T03:03:08.944561+00:00
160,1765335788.9614344,2025-12-10T03:03:08.961434+00:00
161,1765335788.9785287,2025-12-10T03:03:08.978528+00:00
162,1765335788.9956157,2025-12-10T03:03:08.995615+00:00
163,1765335789.0126333,2025-12-10T03:03:09.012633+00:00
164,1765335789.0296056,2025-12-10T03:03:09.029605+00:00
165,1765335789.0465372,2025-12-10T03:03:09.046537+00:00
166,1765335789.0637152,2025-12-10T03:03:09.063715+00:00
167,1765335789.0805686,2025-12-10T03:03:09.080568+00:00
168,1765335789.0974283,2025-12-10T03:03:09.097428+00:00
169,1765335789.1141684,2025-12-10T03:03:09.114168+00:00
170,1765335789.1311104,2025-12-10T03:03:09.131110+00:00
171,1765335789.1478705,2025-12-10T03:03:09.147870+00:00
172,1765335789.1648538,2025-12-10T03:03:09.164853+00:00
173,1765335789.1816442,2025-12-10T03:03:09.181644+00:00
174,1765335789.1988122,2025-12-10T03:03:09.198812+00:00
175,1765335789.2158074,2025-12-10T03:03:09.215807+00:00
176,1765335789.2328744,2025-12-10T03:03:09.232874+00:00
177,1765335789.2499764,2025-12-10T03:03:09.249976+00:00
178,1765335789.2673275,2025-12-10T03:03:09.267327+00:00
179,1765335789.284385,2025-12-10T03:03:09.284385+00:00
180,1765335789.3014271,2025-12-10T03:03:09.301427+00:00
181,1765335789.318474,2025-12-10T03:03:09.318474+00:00
182,1765335789.3352675,2025-12-10T03:03:09.335267+00:00
183,1765335789.352294,2025-12-10T03:03:09.352293+00:00
184,1765335789.3690674,2025-12-10T03:03:09.369067+00:00
185,1765335789.3861015,2025-12-10T03:03:09.386101+00:00
186,1765335789.4031057,2025-12-10T03:03:09.403105+00:00
187,1765335789.4201057,2025-12-10T03:03:09.420105+00:00
188,1765335789.4372454,2025-12-10T03:03:09.437245+00:00
189,1765335789.4539843,2025-12-10T03:03:09.453984+00:00
190,1765335789.4714231,2025-12-10T03:03:09.471423+00:00
191,1765335789.4886143,2025-12-10T03:03:09.488614+00:00
192,1765335789.505644,2025-12-10T03:03:09.505644+00:00
193,1765335789.5226915,2025-12-10T03:03:09.522691+00:00
194,1765335789.5396342,2025-12-10T03:03:09.539634+00:00
195,1765335789.5564973,2025-12-10T03:03:09.556497+00:00
196,1765335789.5734649,2025-12-10T03:03:09.573464+00:00
197,1765335789.5906334,2025-12-10T03:03:09.590633+00:00
198,1765335789.6076603,2025-12-10T03:03:09.607660+00:00
199,1765335789.6248958,2025-12-10T03:03:09.624895+00:00
200,1765335789.6419468,2025-12-10T03:03:09.641947+00:00
201,1765335789.6589682,2025-12-10T03:03:09.658968+00:00
202,1765335789.6760051,2025-12-10T03:03:09.676005+00:00
203,1765335789.69305,2025-12-10T03:03:09.693049+00:00
204,1765335789.7103748,2025-12-10T03:03:09.710374+00:00
205,1765335789.7273943,2025-12-10T03:03:09.727394+00:00
206,1765335789.7444777,2025-12-10T03:03:09.744477+00:00
207,1765335789.7615898,2025-12-10T03:03:09.761589+00:00
208,1765335789.7787747,2025-12-10T03:03:09.778774+00:00
209,1765335789.795806,2025-12-10T03:03:09.795806+00:00
210,1765335789.8126416,2025-12-10T03:03:09.812641+00:00
211,1765335789.8295853,2025-12-10T03:03:09.829585+00:00
212,1765335789.8466027,2025-12-10T03:03:09.846602+00:00
213,1765335789.8636491,2025-12-10T03:03:09.863648+00:00
214,1765335789.880826,2025-12-10T03:03:09.880826+00:00
215,1765335789.8976445,2025-12-10T03:03:09.897644+00:00
216,1765335789.9146743,2025-12-10T03:03:09.914674+00:00
217,1765335789.9318748,2025-12-10T03:03:09.931874+00:00
218,1765335789.9486141,2025-12-10T03:03:09.948614+00:00
219,1765335789.9656081,2025-12-10T03:03:09.965608+00:00
220,1765335789.9825885,2025-12-10T03:03:09.982588+00:00
221,1765335789.9996917,2025-12-10T03:03:09.999691+00:00
222,1765335790.0167942,2025-12-10T03:03:10.016794+00:00
223,1765335790.033915,2025-12-10T03:03:10.033915+00:00
224,1765335790.0516498,2025-12-10T03:03:10.051649+00:00
225,1765335790.0686815,2025-12-10T03:03:10.068681+00:00
226,1765335790.0857089,2025-12-10T03:03:10.085708+00:00
227,1765335790.1025143,2025-12-10T03:03:10.102514+00:00
228,1765335790.1196291,2025-12-10T03:03:10.119629+00:00
229,1765335790.1367688,2025-12-10T03:03:10.136768+00:00
230,1765335790.1539571,2025-12-10T03:03:10.153957+00:00
231,1765335790.1709943,2025-12-10T03:03:10.170994+00:00
232,1765335790.188245,2025-12-10T03:03:10.188245+00:00
233,1765335790.2054331,2025-12-10T03:03:10.205433+00:00
234,1765335790.2226176,2025-12-10T03:03:10.222617+00:00
235,1765335790.2398574,2025-12-10T03:03:10.239857+00:00
236,1765335790.2569482,2025-12-10T03:03:10.256948+00:00
237,1765335790.2736878,2025-12-10T03:03:10.273687+00:00
238,1765335790.2904634,2025-12-10T03:03:10.290463+00:00
239,1765335790.3071985,2025-12-10T03:03:10.307198+00:00
240,1765335790.3242414,2025-12-10T03:03:10.324241+00:00
241,1765335790.341421,2025-12-10T03:03:10.341420+00:00
242,1765335790.358628,2025-12-10T03:03:10.358628+00:00
243,1765335790.3756607,2025-12-10T03:03:10.375660+00:00
244,1765335790.3929157,2025-12-10T03:03:10.392915+00:00
245,1765335790.4099615,2025-12-10T03:03:10.409961+00:00
246,1765335790.426988,2025-12-10T03:03:10.426987+00:00
247,1765335790.4439857,2025-12-10T03:03:10.443985+00:00
248,1765335790.4607215,2025-12-10T03:03:10.460721+00:00
249,1765335790.4778972,2025-12-10T03:03:10.477897+00:00
250,1765335790.4949815,2025-12-10T03:03:10.494981+00:00
251,1765335790.5120833,2025-12-10T03:03:10.512083+00:00
252,1765335790.529103,2025-12-10T03:03:10.529103+00:00
253,1765335790.5461173,2025-12-10T03:03:10.546117+00:00
254,1765335790.5629694,2025-12-10T03:03:10.562969+00:00
255,1765335790.5800235,2025-12-10T03:03:10.580023+00:00
256,1765335790.597179,2025-12-10T03:03:10.597179+00:00
257,1765335790.6139257,2025-12-10T03:03:10.613925+00:00
258,1765335790.6309352,2025-12-10T03:03:10.630935+00:00
259,1765335790.6479223,2025-12-10T03:03:10.647922+00:00
260,1765335790.6649663,2025-12-10T03:03:10.664966+00:00
261,1765335790.6821094,2025-12-10T03:03:10.682109+00:00
262,1765335790.6991403,2025-12-10T03:03:10.699140+00:00
263,1765335790.716112,2025-12-10T03:03:10.716111+00:00
264,1765335790.733081,2025-12-10T03:03:10.733081+00:00
265,1765335790.7499971,2025-12-10T03:03:10.749997+00:00
266,1765335790.7669196,2025-12-10T03:03:10.766919+00:00
267,1765335790.7841136,2025-12-10T03:03:10.784113+00:00
268,1765335790.8009262,2025-12-10T03:03:10.800926+00:00
269,1765335790.8179958,2025-12-10T03:03:10.817995+00:00
270,1765335790.83499,2025-12-10T03:03:10.834990+00:00
271,1765335790.8521104,2025-12-10T03:03:10.852110+00:00
272,1765335790.8691297,2025-12-10T03:03:10.869129+00:00
273,1765335790.8861678,2025-12-10T03:03:10.886167+00:00
274,1765335790.903327,2025-12-10T03:03:10.903327+00:00
275,1765335790.920352,2025-12-10T03:03:10.920352+00:00
276,1765335790.93737,2025-12-10T03:03:10.937370+00:00
277,1765335790.9544113,2025-12-10T03:03:10.954411+00:00
278,1765335790.971446,2025-12-10T03:03:10.971445+00:00
279,1765335790.988187,2025-12-10T03:03:10.988187+00:00
280,1765335791.0053139,2025-12-10T03:03:11.005313+00:00
281,1765335791.0223637,2025-12-10T03:03:11.022363+00:00
282,1765335791.0391128,2025-12-10T03:03:11.039112+00:00
283,1765335791.0561671,2025-12-10T03:03:11.056167+00:00
284,1765335791.0731137,2025-12-10T03:03:11.073113+00:00
285,1765335791.0903523,2025-12-10T03:03:11.090352+00:00
286,1765335791.1074278,2025-12-10T03:03:11.107427+00:00
287,1765335791.1244724,2025-12-10T03:03:11.124472+00:00
288,1765335791.141781,2025-12-10T03:03:11.141781+00:00
289,1765335791.1586306,2025-12-10T03:03:11.158630+00:00
290,1765335791.1756217,2025-12-10T03:03:11.175621+00:00
291,1765335791.1924896,2025-12-10T03:03:11.192489+00:00
292,1765335791.2096872,2025-12-10T03:03:11.209687+00:00
293,1765335791.2267358,2025-12-10T03:03:11.226735+00:00
294,1765335791.2439299,2025-12-10T03:03:11.243929+00:00
295,1765335791.2616315,2025-12-10T03:03:11.261631+00:00
296,1765335791.2784438,2025-12-10T03:03:11.278443+00:00
297,1765335791.2955446,2025-12-10T03:03:11.295544+00:00
298,1765335791.312741,2025-12-10T03:03:11.312741+00:00
299,1765335791.32991,2025-12-10T03:03:11.329910+00:00
300,1765335791.346984,2025-12-10T03:03:11.346983+00:00
301,1765335791.3640244,2025-12-10T03:03:11.364024+00:00
302,1765335791.3812242,2025-12-10T03:03:11.381224+00:00
303,1765335791.398287,2025-12-10T03:03:11.398287+00:00
304,1765335791.4151995,2025-12-10T03:03:11.415199+00:00
305,1765335791.432225,2025-12-10T03:03:11.432225+00:00
306,1765335791.4493573,2025-12-10T03:03:11.449357+00:00
307,1765335791.4663885,2025-12-10T03:03:11.466388+00:00
308,1765335791.4831638,2025-12-10T03:03:11.483163+00:00
309,1765335791.500214,2025-12-10T03:03:11.500213+00:00
310,1765335791.517141,2025-12-10T03:03:11.517141+00:00
311,1765335791.5338805,2025-12-10T03:03:11.533880+00:00
312,1765335791.551381,2025-12-10T03:03:11.551381+00:00
313,1765335791.5681202,2025-12-10T03:03:11.568120+00:00
314,1765335791.5851586,2025-12-10T03:03:11.585158+00:00
315,1765335791.6021812,2025-12-10T03:03:11.602181+00:00
316,1765335791.6191814,2025-12-10T03:03:11.619181+00:00
317,1765335791.6362083,2025-12-10T03:03:11.636208+00:00
318,1765335791.6533837,2025-12-10T03:03:11.653383+00:00
319,1765335791.6703434,2025-12-10T03:03:11.670343+00:00
320,1765335791.6875956,2025-12-10T03:03:11.687595+00:00
321,1765335791.7048087,2025-12-10T03:03:11.704808+00:00
322,1765335791.7220216,2025-12-10T03:03:11.722021+00:00
323,1765335791.7390864,2025-12-10T03:03:11.739086+00:00
324,1765335791.7561264,2025-12-10T03:03:11.756126+00:00
325,1765335791.7731962,2025-12-10T03:03:11.773196+00:00
326,1765335791.790219,2025-12-10T03:03:11.790218+00:00
327,1765335791.8075018,2025-12-10T03:03:11.807501+00:00
328,1765335791.8245459,2025-12-10T03:03:11.824545+00:00
329,1765335791.8414564,2025-12-10T03:03:11.841456+00:00
330,1765335791.8584754,2025-12-10T03:03:11.858475+00:00
331,1765335791.875516,2025-12-10T03:03:11.875515+00:00
332,1765335791.8926702,2025-12-10T03:03:11.892670+00:00
333,1765335791.9097311,2025-12-10T03:03:11.909731+00:00
334,1765335791.9267576,2025-12-10T03:03:11.926757+00:00
335,1765335791.9436975,2025-12-10T03:03:11.943697+00:00
336,1765335791.9604852,2025-12-10T03:03:11.960485+00:00
337,1765335791.9776244,2025-12-10T03:03:11.977624+00:00
338,1765335791.9946997,2025-12-10T03:03:11.994699+00:00
339,1765335792.0118613,2025-12-10T03:03:12.011861+00:00
340,1765335792.0285997,2025-12-10T03:03:12.028599+00:00
341,1765335792.0455415,2025-12-10T03:03:12.045541+00:00
342,1765335792.0626554,2025-12-10T03:03:12.062655+00:00
343,1765335792.0794792,2025-12-10T03:03:12.079479+00:00
344,1765335792.0966346,2025-12-10T03:03:12.096634+00:00
345,1765335792.113875,2025-12-10T03:03:12.113875+00:00
346,1765335792.1309254,2025-12-10T03:03:12.130925+00:00
347,1765335792.148088,2025-12-10T03:03:12.148088+00:00
348,1765335792.1651702,2025-12-10T03:03:12.165170+00:00
349,1765335792.1822212,2025-12-10T03:03:12.182221+00:00
350,1765335792.19934,2025-12-10T03:03:12.199340+00:00
351,1765335792.2161653,2025-12-10T03:03:12.216165+00:00
352,1765335792.233203,2025-12-10T03:03:12.233203+00:00
353,1765335792.2503233,2025-12-10T03:03:12.250323+00:00
354,1765335792.2674947,2025-12-10T03:03:12.267494+00:00
355,1765335792.284584,2025-12-10T03:03:12.284584+00:00
356,1765335792.301662,2025-12-10T03:03:12.301661+00:00
357,1765335792.3184183,2025-12-10T03:03:12.318418+00:00
358,1765335792.3354514,2025-12-10T03:03:12.335451+00:00
359,1765335792.3524818,2025-12-10T03:03:12.352481+00:00
360,1765335792.3696883,2025-12-10T03:03:12.369688+00:00
361,1765335792.386902,2025-12-10T03:03:12.386901+00:00
362,1765335792.4036627,2025-12-10T03:03:12.403662+00:00
363,1765335792.4205043,2025-12-10T03:03:12.420504+00:00
364,1765335792.4373238,2025-12-10T03:03:12.437323+00:00
365,1765335792.4542143,2025-12-10T03:03:12.454214+00:00
366,1765335792.4712772,2025-12-10T03:03:12.471277+00:00
367,1765335792.488303,2025-12-10T03:03:12.488302+00:00
368,1765335792.5053976,2025-12-10T03:03:12.505397+00:00
369,1765335792.522162,2025-12-10T03:03:12.522161+00:00
370,1765335792.5391822,2025-12-10T03:03:12.539182+00:00
371,1765335792.556059,2025-12-10T03:03:12.556058+00:00
372,1765335792.5730236,2025-12-10T03:03:12.573023+00:00
373,1765335792.5903609,2025-12-10T03:03:12.590360+00:00
374,1765335792.6073806,2025-12-10T03:03:12.607380+00:00
375,1765335792.6245718,2025-12-10T03:03:12.624571+00:00
376,1765335792.6416678,2025-12-10T03:03:12.641667+00:00
377,1765335792.6586854,2025-12-10T03:03:12.658685+00:00
378,1765335792.6757798,2025-12-10T03:03:12.675779+00:00
379,1765335792.69281,2025-12-10T03:03:12.692809+00:00
380,1765335792.7101266,2025-12-10T03:03:12.710126+00:00
381,1765335792.727167,2025-12-10T03:03:12.727167+00:00
382,1765335792.744216,2025-12-10T03:03:12.744216+00:00
383,1765335792.761284,2025-12-10T03:03:12.761284+00:00
384,1765335792.7783067,2025-12-10T03:03:12.778306+00:00
385,1765335792.7953374,2025-12-10T03:03:12.795337+00:00
386,1765335792.812223,2025-12-10T03:03:12.812223+00:00
387,1765335792.829243,2025-12-10T03:03:12.829242+00:00
388,1765335792.8462791,2025-12-10T03:03:12.846279+00:00
389,1765335792.8633165,2025-12-10T03:03:12.863316+00:00
390,1765335792.880626,2025-12-10T03:03:12.880625+00:00
391,1765335792.8973672,2025-12-10T03:03:12.897367+00:00
392,1765335792.914402,2025-12-10T03:03:12.914402+00:00
393,1765335792.931519,2025-12-10T03:03:12.931518+00:00
394,1765335792.9485412,2025-12-10T03:03:12.948541+00:00
395,1765335792.9655979,2025-12-10T03:03:12.965597+00:00
396,1765335792.9826336,2025-12-10T03:03:12.982633+00:00
397,1765335792.9998808,2025-12-10T03:03:12.999880+00:00
398,1765335793.0168622,2025-12-10T03:03:13.016862+00:00
399,1765335793.033897,2025-12-10T03:03:13.033897+00:00
400,1765335793.0510447,2025-12-10T03:03:13.051044+00:00
401,1765335793.068066,2025-12-10T03:03:13.068065+00:00
402,1765335793.085219,2025-12-10T03:03:13.085218+00:00
403,1765335793.1019673,2025-12-10T03:03:13.101967+00:00
404,1765335793.1190743,2025-12-10T03:03:13.119074+00:00
405,1765335793.1361694,2025-12-10T03:03:13.136169+00:00
406,1765335793.1531527,2025-12-10T03:03:13.153152+00:00
407,1765335793.1705892,2025-12-10T03:03:13.170589+00:00
408,1765335793.1901789,2025-12-10T03:03:13.190178+00:00
409,1765335793.2082074,2025-12-10T03:03:13.208207+00:00
410,1765335793.225257,2025-12-10T03:03:13.225256+00:00
411,1765335793.2422943,2025-12-10T03:03:13.242294+00:00
412,1765335793.2593138,2025-12-10T03:03:13.259313+00:00
413,1765335793.2763572,2025-12-10T03:03:13.276357+00:00
414,1765335793.293456,2025-12-10T03:03:13.293456+00:00
415,1765335793.3106146,2025-12-10T03:03:13.310614+00:00
416,1765335793.3276098,2025-12-10T03:03:13.327609+00:00
417,1765335793.3444002,2025-12-10T03:03:13.344400+00:00
418,1765335793.3614306,2025-12-10T03:03:13.361430+00:00
419,1765335793.3784566,2025-12-10T03:03:13.378456+00:00
420,1765335793.395507,2025-12-10T03:03:13.395507+00:00
421,1765335793.4125464,2025-12-10T03:03:13.412546+00:00
422,1765335793.4297347,2025-12-10T03:03:13.429734+00:00
423,1765335793.4466593,2025-12-10T03:03:13.446659+00:00
424,1765335793.463815,2025-12-10T03:03:13.463814+00:00
425,1765335793.4806657,2025-12-10T03:03:13.480665+00:00
426,1765335793.4978712,2025-12-10T03:03:13.497871+00:00
427,1765335793.5148618,2025-12-10T03:03:13.514861+00:00
428,1765335793.5319512,2025-12-10T03:03:13.531951+00:00
429,1765335793.548712,2025-12-10T03:03:13.548712+00:00
430,1765335793.5657034,2025-12-10T03:03:13.565703+00:00
431,1765335793.582702,2025-12-10T03:03:13.582701+00:00
432,1765335793.5996854,2025-12-10T03:03:13.599685+00:00
433,1765335793.616459,2025-12-10T03:03:13.616458+00:00
434,1765335793.6332517,2025-12-10T03:03:13.633251+00:00
435,1765335793.65041,2025-12-10T03:03:13.650409+00:00
436,1765335793.6676712,2025-12-10T03:03:13.667671+00:00
437,1765335793.684709,2025-12-10T03:03:13.684709+00:00
438,1765335793.702093,2025-12-10T03:03:13.702092+00:00
439,1765335793.7192445,2025-12-10T03:03:13.719244+00:00
440,1765335793.736156,2025-12-10T03:03:13.736156+00:00
441,1765335793.7530124,2025-12-10T03:03:13.753012+00:00
442,1765335793.7700667,2025-12-10T03:03:13.770066+00:00
443,1765335793.7871099,2025-12-10T03:03:13.787109+00:00
444,1765335793.804289,2025-12-10T03:03:13.804289+00:00
445,1765335793.8213189,2025-12-10T03:03:13.821318+00:00
446,1765335793.8383443,2025-12-10T03:03:13.838344+00:00
447,1765335793.855467,2025-12-10T03:03:13.855466+00:00
448,1765335793.8726282,2025-12-10T03:03:13.872628+00:00
449,1765335793.8897052,2025-12-10T03:03:13.889705+00:00
450,1765335793.9065368,2025-12-10T03:03:13.906536+00:00
451,1765335793.923679,2025-12-10T03:03:13.923679+00:00
452,1765335793.9407341,2025-12-10T03:03:13.940734+00:00
453,1765335793.9576874,2025-12-10T03:03:13.957687+00:00
454,1765335793.9746845,2025-12-10T03:03:13.974684+00:00
455,1765335793.9917197,2025-12-10T03:03:13.991719+00:00
456,1765335794.0087938,2025-12-10T03:03:14.008793+00:00
457,1765335794.025902,2025-12-10T03:03:14.025902+00:00
458,1765335794.0427303,2025-12-10T03:03:14.042730+00:00
459,1765335794.0595236,2025-12-10T03:03:14.059523+00:00
460,1765335794.0765467,2025-12-10T03:03:14.076546+00:00
461,1765335794.0935967,2025-12-10T03:03:14.093596+00:00
462,1765335794.110431,2025-12-10T03:03:14.110431+00:00
463,1765335794.1276288,2025-12-10T03:03:14.127628+00:00
464,1765335794.1446667,2025-12-10T03:03:14.144666+00:00
465,1765335794.1617038,2025-12-10T03:03:14.161704+00:00
466,1765335794.1787283,2025-12-10T03:03:14.178728+00:00
467,1765335794.1954696,2025-12-10T03:03:14.195469+00:00
468,1765335794.2125142,2025-12-10T03:03:14.212514+00:00
469,1765335794.229561,2025-12-10T03:03:14.229561+00:00
470,1765335794.24667,2025-12-10T03:03:14.246670+00:00
471,1765335794.2636201,2025-12-10T03:03:14.263620+00:00
472,1765335794.2807012,2025-12-10T03:03:14.280701+00:00
473,1765335794.297764,2025-12-10T03:03:14.297764+00:00
474,1765335794.3146482,2025-12-10T03:03:14.314648+00:00
475,1765335794.331796,2025-12-10T03:03:14.331795+00:00
476,1765335794.348837,2025-12-10T03:03:14.348836+00:00
477,1765335794.3655972,2025-12-10T03:03:14.365597+00:00
478,1765335794.3827093,2025-12-10T03:03:14.382709+00:00
479,1765335794.4002397,2025-12-10T03:03:14.400239+00:00
480,1765335794.4171958,2025-12-10T03:03:14.417195+00:00
481,1765335794.4339497,2025-12-10T03:03:14.433949+00:00
482,1765335794.4510303,2025-12-10T03:03:14.451030+00:00
483,1765335794.4682584,2025-12-10T03:03:14.468258+00:00
484,1765335794.4852102,2025-12-10T03:03:14.485210+00:00
485,1765335794.50225,2025-12-10T03:03:14.502250+00:00
486,1765335794.5192697,2025-12-10T03:03:14.519269+00:00
487,1765335794.5364993,2025-12-10T03:03:14.536499+00:00
488,1765335794.5535758,2025-12-10T03:03:14.553575+00:00
489,1765335794.5706172,2025-12-10T03:03:14.570617+00:00
490,1765335794.587594,2025-12-10T03:03:14.587594+00:00
491,1765335794.6047962,2025-12-10T03:03:14.604796+00:00
492,1765335794.6217928,2025-12-10T03:03:14.621792+00:00
493,1765335794.6388109,2025-12-10T03:03:14.638811+00:00
494,1765335794.6559598,2025-12-10T03:03:14.655959+00:00
495,1765335794.672736,2025-12-10T03:03:14.672735+00:00
496,1765335794.6897604,2025-12-10T03:03:14.689760+00:00
497,1765335794.7067907,2025-12-10T03:03:14.706790+00:00
498,1765335794.7235403,2025-12-10T03:03:14.723540+00:00
499,1765335794.74073,2025-12-10T03:03:14.740730+00:00
500,1765335794.7578716,2025-12-10T03:03:14.757871+00:00
501,1765335794.7750192,2025-12-10T03:03:14.775019+00:00
502,1765335794.7921274,2025-12-10T03:03:14.792127+00:00
503,1765335794.8092415,2025-12-10T03:03:14.809241+00:00
504,1765335794.826177,2025-12-10T03:03:14.826176+00:00
505,1765335794.843216,2025-12-10T03:03:14.843216+00:00
506,1765335794.860216,2025-12-10T03:03:14.860215+00:00
507,1765335794.8769655,2025-12-10T03:03:14.876965+00:00
508,1765335794.8939884,2025-12-10T03:03:14.893988+00:00
509,1765335794.9107306,2025-12-10T03:03:14.910730+00:00
510,1765335794.9279397,2025-12-10T03:03:14.927939+00:00
511,1765335794.9446888,2025-12-10T03:03:14.944689+00:00
512,1765335794.9616544,2025-12-10T03:03:14.961654+00:00
513,1765335794.9787073,2025-12-10T03:03:14.978707+00:00
514,1765335794.9956143,2025-12-10T03:03:14.995614+00:00
515,1765335795.0127258,2025-12-10T03:03:15.012725+00:00
516,1765335795.0298836,2025-12-10T03:03:15.029883+00:00
517,1765335795.0469215,2025-12-10T03:03:15.046921+00:00
518,1765335795.0637083,2025-12-10T03:03:15.063708+00:00
519,1765335795.0807395,2025-12-10T03:03:15.080739+00:00
520,1765335795.0976124,2025-12-10T03:03:15.097612+00:00
521,1765335795.1146805,2025-12-10T03:03:15.114680+00:00
522,1765335795.131821,2025-12-10T03:03:15.131820+00:00
523,1765335795.1488972,2025-12-10T03:03:15.148897+00:00
524,1765335795.165767,2025-12-10T03:03:15.165767+00:00
525,1765335795.1827564,2025-12-10T03:03:15.182756+00:00
526,1765335795.199764,2025-12-10T03:03:15.199763+00:00
527,1765335795.2165866,2025-12-10T03:03:15.216586+00:00
528,1765335795.2335615,2025-12-10T03:03:15.233561+00:00
529,1765335795.2505653,2025-12-10T03:03:15.250565+00:00
530,1765335795.2676094,2025-12-10T03:03:15.267609+00:00
531,1765335795.2843387,2025-12-10T03:03:15.284338+00:00
532,1765335795.3010933,2025-12-10T03:03:15.301093+00:00
533,1765335795.3180716,2025-12-10T03:03:15.318071+00:00
534,1765335795.3351068,2025-12-10T03:03:15.335106+00:00
535,1765335795.3523028,2025-12-10T03:03:15.352302+00:00
536,1765335795.3690858,2025-12-10T03:03:15.369085+00:00
537,1765335795.3859408,2025-12-10T03:03:15.385940+00:00
538,1765335795.4028761,2025-12-10T03:03:15.402876+00:00
539,1765335795.4201062,2025-12-10T03:03:15.420106+00:00
540,1765335795.4371312,2025-12-10T03:03:15.437131+00:00
541,1765335795.4543195,2025-12-10T03:03:15.454319+00:00
542,1765335795.4714823,2025-12-10T03:03:15.471482+00:00
543,1765335795.4885008,2025-12-10T03:03:15.488500+00:00
544,1765335795.5056179,2025-12-10T03:03:15.505617+00:00
545,1765335795.5223591,2025-12-10T03:03:15.522359+00:00
546,1765335795.539231,2025-12-10T03:03:15.539230+00:00
547,1765335795.5562618,2025-12-10T03:03:15.556261+00:00
548,1765335795.5731955,2025-12-10T03:03:15.573195+00:00
549,1765335795.590245,2025-12-10T03:03:15.590245+00:00
550,1765335795.6072543,2025-12-10T03:03:15.607254+00:00
551,1765335795.6244617,2025-12-10T03:03:15.624461+00:00
552,1765335795.6412723,2025-12-10T03:03:15.641272+00:00
553,1765335795.658231,2025-12-10T03:03:15.658231+00:00
554,1765335795.6752687,2025-12-10T03:03:15.675268+00:00
555,1765335795.6922705,2025-12-10T03:03:15.692270+00:00
556,1765335795.7091181,2025-12-10T03:03:15.709118+00:00
557,1765335795.7261622,2025-12-10T03:03:15.726162+00:00
558,1765335795.7432377,2025-12-10T03:03:15.743237+00:00
559,1765335795.7602253,2025-12-10T03:03:15.760225+00:00
560,1765335795.7772465,2025-12-10T03:03:15.777246+00:00
561,1765335795.7944663,2025-12-10T03:03:15.794466+00:00
562,1765335795.8115742,2025-12-10T03:03:15.811574+00:00
563,1765335795.828597,2025-12-10T03:03:15.828596+00:00
564,1765335795.8457048,2025-12-10T03:03:15.845704+00:00
565,1765335795.8627384,2025-12-10T03:03:15.862738+00:00
566,1765335795.880136,2025-12-10T03:03:15.880136+00:00
567,1765335795.8971562,2025-12-10T03:03:15.897156+00:00
568,1765335795.914262,2025-12-10T03:03:15.914262+00:00
569,1765335795.9313664,2025-12-10T03:03:15.931366+00:00
570,1765335795.9482653,2025-12-10T03:03:15.948265+00:00
571,1765335795.9654853,2025-12-10T03:03:15.965485+00:00
572,1765335795.9830773,2025-12-10T03:03:15.983077+00:00
573,1765335796.0001378,2025-12-10T03:03:16.000137+00:00
574,1765335796.0171595,2025-12-10T03:03:16.017159+00:00
575,1765335796.0342352,2025-12-10T03:03:16.034235+00:00
576,1765335796.0512612,2025-12-10T03:03:16.051261+00:00
577,1765335796.0681353,2025-12-10T03:03:16.068135+00:00
578,1765335796.0848951,2025-12-10T03:03:16.084895+00:00
579,1765335796.1017265,2025-12-10T03:03:16.101726+00:00
580,1765335796.1187854,2025-12-10T03:03:16.118785+00:00
581,1765335796.1357098,2025-12-10T03:03:16.135709+00:00
582,1765335796.152907,2025-12-10T03:03:16.152907+00:00
583,1765335796.1702218,2025-12-10T03:03:16.170221+00:00
584,1765335796.1872537,2025-12-10T03:03:16.187253+00:00
585,1765335796.2043033,2025-12-10T03:03:16.204303+00:00
586,1765335796.221376,2025-12-10T03:03:16.221376+00:00
587,1765335796.2384071,2025-12-10T03:03:16.238407+00:00
588,1765335796.2554855,2025-12-10T03:03:16.255485+00:00
589,1765335796.2727273,2025-12-10T03:03:16.272727+00:00
590,1765335796.2898417,2025-12-10T03:03:16.289841+00:00
591,1765335796.3068755,2025-12-10T03:03:16.306875+00:00
592,1765335796.3237689,2025-12-10T03:03:16.323768+00:00
593,1765335796.3407164,2025-12-10T03:03:16.340716+00:00
594,1765335796.3577752,2025-12-10T03:03:16.357775+00:00
595,1765335796.3746428,2025-12-10T03:03:16.374642+00:00
596,1765335796.3915055,2025-12-10T03:03:16.391505+00:00
597,1765335796.4086154,2025-12-10T03:03:16.408615+00:00
598,1765335796.425557,2025-12-10T03:03:16.425556+00:00
599,1765335796.4427066,2025-12-10T03:03:16.442706+00:00
600,1765335796.4596643,2025-12-10T03:03:16.459664+00:00
601,1765335796.4765573,2025-12-10T03:03:16.476557+00:00
602,1765335796.493554,2025-12-10T03:03:16.493554+00:00
603,1765335796.510372,2025-12-10T03:03:16.510371+00:00
604,1765335796.5275776,2025-12-10T03:03:16.527577+00:00
605,1765335796.5447342,2025-12-10T03:03:16.544734+00:00
606,1765335796.5618086,2025-12-10T03:03:16.561808+00:00
607,1765335796.579079,2025-12-10T03:03:16.579078+00:00
608,1765335796.5961306,2025-12-10T03:03:16.596130+00:00
609,1765335796.6131725,2025-12-10T03:03:16.613172+00:00
610,1765335796.6301954,2025-12-10T03:03:16.630195+00:00
611,1765335796.6472151,2025-12-10T03:03:16.647215+00:00
612,1765335796.6641357,2025-12-10T03:03:16.664135+00:00
613,1765335796.6813922,2025-12-10T03:03:16.681392+00:00
614,1765335796.698245,2025-12-10T03:03:16.698245+00:00
615,1765335796.7152627,2025-12-10T03:03:16.715262+00:00
616,1765335796.7322824,2025-12-10T03:03:16.732282+00:00
617,1765335796.7492974,2025-12-10T03:03:16.749297+00:00
618,1765335796.7664053,2025-12-10T03:03:16.766405+00:00
619,1765335796.7835689,2025-12-10T03:03:16.783568+00:00
620,1765335796.8007045,2025-12-10T03:03:16.800704+00:00
621,1765335796.817797,2025-12-10T03:03:16.817796+00:00
622,1765335796.8349578,2025-12-10T03:03:16.834957+00:00
623,1765335796.8518217,2025-12-10T03:03:16.851821+00:00
624,1765335796.8690302,2025-12-10T03:03:16.869030+00:00
625,1765335796.8862593,2025-12-10T03:03:16.886259+00:00
626,1765335796.9033027,2025-12-10T03:03:16.903302+00:00
627,1765335796.9204566,2025-12-10T03:03:16.920456+00:00
628,1765335796.9372296,2025-12-10T03:03:16.937229+00:00
629,1765335796.954267,2025-12-10T03:03:16.954267+00:00
630,1765335796.9714625,2025-12-10T03:03:16.971462+00:00
631,1765335796.9885783,2025-12-10T03:03:16.988578+00:00
632,1765335797.0056393,2025-12-10T03:03:17.005639+00:00
633,1765335797.0226681,2025-12-10T03:03:17.022668+00:00
634,1765335797.0398853,2025-12-10T03:03:17.039885+00:00
635,1765335797.056902,2025-12-10T03:03:17.056901+00:00
636,1765335797.0738897,2025-12-10T03:03:17.073889+00:00
637,1765335797.0909107,2025-12-10T03:03:17.090910+00:00
638,1765335797.1079412,2025-12-10T03:03:17.107941+00:00
639,1765335797.124978,2025-12-10T03:03:17.124978+00:00
640,1765335797.1417613,2025-12-10T03:03:17.141761+00:00
641,1765335797.1587634,2025-12-10T03:03:17.158763+00:00
642,1765335797.1755116,2025-12-10T03:03:17.175511+00:00
643,1765335797.1923752,2025-12-10T03:03:17.192375+00:00
644,1765335797.2091131,2025-12-10T03:03:17.209113+00:00
645,1765335797.2263,2025-12-10T03:03:17.226299+00:00
646,1765335797.2432542,2025-12-10T03:03:17.243254+00:00
647,1765335797.2603736,2025-12-10T03:03:17.260373+00:00
648,1765335797.2773743,2025-12-10T03:03:17.277374+00:00
649,1765335797.2942436,2025-12-10T03:03:17.294243+00:00
650,1765335797.3114789,2025-12-10T03:03:17.311478+00:00
651,1765335797.328494,2025-12-10T03:03:17.328494+00:00
652,1765335797.3455727,2025-12-10T03:03:17.345572+00:00
653,1765335797.362709,2025-12-10T03:03:17.362709+00:00
654,1765335797.3797557,2025-12-10T03:03:17.379755+00:00
655,1765335797.3967307,2025-12-10T03:03:17.396730+00:00
656,1765335797.4136956,2025-12-10T03:03:17.413695+00:00
657,1765335797.4308188,2025-12-10T03:03:17.430818+00:00
658,1765335797.447584,2025-12-10T03:03:17.447583+00:00
659,1765335797.4646356,2025-12-10T03:03:17.464635+00:00
660,1765335797.481685,2025-12-10T03:03:17.481684+00:00
661,1765335797.498717,2025-12-10T03:03:17.498717+00:00
662,1765335797.515737,2025-12-10T03:03:17.515737+00:00
663,1765335797.5328345,2025-12-10T03:03:17.532834+00:00
664,1765335797.5501409,2025-12-10T03:03:17.550141+00:00
665,1765335797.5669603,2025-12-10T03:03:17.566960+00:00
666,1765335797.5840378,2025-12-10T03:03:17.584037+00:00
667,1765335797.6008396,2025-12-10T03:03:17.600839+00:00
668,1765335797.6179683,2025-12-10T03:03:17.617968+00:00
669,1765335797.6348393,2025-12-10T03:03:17.634839+00:00
670,1765335797.651868,2025-12-10T03:03:17.651868+00:00
671,1765335797.669015,2025-12-10T03:03:17.669015+00:00
672,1765335797.6857798,2025-12-10T03:03:17.685779+00:00
673,1765335797.7029028,2025-12-10T03:03:17.702902+00:00
674,1765335797.7197988,2025-12-10T03:03:17.719798+00:00
675,1765335797.7371411,2025-12-10T03:03:17.737141+00:00
676,1765335797.7542472,2025-12-10T03:03:17.754247+00:00
677,1765335797.7711043,2025-12-10T03:03:17.771104+00:00
678,1765335797.788124,2025-12-10T03:03:17.788124+00:00
679,1765335797.8051918,2025-12-10T03:03:17.805191+00:00
680,1765335797.8223767,2025-12-10T03:03:17.822376+00:00
681,1765335797.8394003,2025-12-10T03:03:17.839400+00:00
682,1765335797.8564045,2025-12-10T03:03:17.856404+00:00
683,1765335797.8735406,2025-12-10T03:03:17.873540+00:00
684,1765335797.890671,2025-12-10T03:03:17.890671+00:00
685,1765335797.9076948,2025-12-10T03:03:17.907694+00:00
686,1765335797.924499,2025-12-10T03:03:17.924498+00:00
687,1765335797.9416628,2025-12-10T03:03:17.941662+00:00
688,1765335797.9586852,2025-12-10T03:03:17.958685+00:00
689,1765335797.9758308,2025-12-10T03:03:17.975830+00:00
690,1765335797.992763,2025-12-10T03:03:17.992763+00:00
691,1765335798.0100584,2025-12-10T03:03:18.010058+00:00
692,1765335798.0271316,2025-12-10T03:03:18.027131+00:00
693,1765335798.0441718,2025-12-10T03:03:18.044171+00:00
694,1765335798.0611994,2025-12-10T03:03:18.061199+00:00
695,1765335798.078216,2025-12-10T03:03:18.078216+00:00
696,1765335798.0952828,2025-12-10T03:03:18.095282+00:00
697,1765335798.1122909,2025-12-10T03:03:18.112290+00:00
698,1765335798.1293106,2025-12-10T03:03:18.129310+00:00
699,1765335798.1464272,2025-12-10T03:03:18.146427+00:00
700,1765335798.163304,2025-12-10T03:03:18.163304+00:00
701,1765335798.1803207,2025-12-10T03:03:18.180320+00:00
702,1765335798.1970937,2025-12-10T03:03:18.197093+00:00
703,1765335798.214158,2025-12-10T03:03:18.214158+00:00
704,1765335798.2313452,2025-12-10T03:03:18.231345+00:00
705,1765335798.248372,2025-12-10T03:03:18.248372+00:00
706,1765335798.265426,2025-12-10T03:03:18.265425+00:00
707,1765335798.2824783,2025-12-10T03:03:18.282478+00:00
708,1765335798.2995267,2025-12-10T03:03:18.299526+00:00
709,1765335798.3165715,2025-12-10T03:03:18.316571+00:00
710,1765335798.3336275,2025-12-10T03:03:18.333627+00:00
711,1765335798.3506765,2025-12-10T03:03:18.350676+00:00
712,1765335798.3674994,2025-12-10T03:03:18.367499+00:00
713,1765335798.384288,2025-12-10T03:03:18.384288+00:00
714,1765335798.4015186,2025-12-10T03:03:18.401518+00:00
715,1765335798.41853,2025-12-10T03:03:18.418530+00:00
716,1765335798.4354675,2025-12-10T03:03:18.435467+00:00
717,1765335798.4525077,2025-12-10T03:03:18.452507+00:00
718,1765335798.4692726,2025-12-10T03:03:18.469272+00:00
719,1765335798.4863195,2025-12-10T03:03:18.486319+00:00
720,1765335798.5034223,2025-12-10T03:03:18.503422+00:00
721,1765335798.5203433,2025-12-10T03:03:18.520343+00:00
722,1765335798.5373707,2025-12-10T03:03:18.537370+00:00
723,1765335798.5544233,2025-12-10T03:03:18.554423+00:00
724,1765335798.5714512,2025-12-10T03:03:18.571451+00:00
725,1765335798.5883615,2025-12-10T03:03:18.588361+00:00
726,1765335798.6054204,2025-12-10T03:03:18.605420+00:00
727,1765335798.622461,2025-12-10T03:03:18.622461+00:00
728,1765335798.639412,2025-12-10T03:03:18.639412+00:00
729,1765335798.6564703,2025-12-10T03:03:18.656470+00:00
730,1765335798.6732476,2025-12-10T03:03:18.673247+00:00
731,1765335798.6903121,2025-12-10T03:03:18.690312+00:00
732,1765335798.7073932,2025-12-10T03:03:18.707393+00:00
733,1765335798.724448,2025-12-10T03:03:18.724448+00:00
734,1765335798.7415967,2025-12-10T03:03:18.741596+00:00
735,1765335798.7586184,2025-12-10T03:03:18.758618+00:00
736,1765335798.775674,2025-12-10T03:03:18.775674+00:00
737,1765335798.7927542,2025-12-10T03:03:18.792754+00:00
738,1765335798.809939,2025-12-10T03:03:18.809938+00:00
739,1765335798.8269205,2025-12-10T03:03:18.826920+00:00
740,1765335798.8436654,2025-12-10T03:03:18.843665+00:00
741,1765335798.8607752,2025-12-10T03:03:18.860775+00:00
742,1765335798.877863,2025-12-10T03:03:18.877862+00:00
743,1765335798.8949523,2025-12-10T03:03:18.894952+00:00
744,1765335798.9119911,2025-12-10T03:03:18.911991+00:00
745,1765335798.929108,2025-12-10T03:03:18.929108+00:00
746,1765335798.9461467,2025-12-10T03:03:18.946146+00:00
747,1765335798.963198,2025-12-10T03:03:18.963198+00:00
748,1765335798.9802296,2025-12-10T03:03:18.980229+00:00
749,1765335798.9972672,2025-12-10T03:03:18.997267+00:00
750,1765335799.0144806,2025-12-10T03:03:19.014480+00:00
751,1765335799.0315204,2025-12-10T03:03:19.031520+00:00
752,1765335799.0483553,2025-12-10T03:03:19.048355+00:00
753,1765335799.0654118,2025-12-10T03:03:19.065411+00:00
754,1765335799.08255,2025-12-10T03:03:19.082549+00:00
755,1765335799.0997102,2025-12-10T03:03:19.099710+00:00
756,1765335799.1167383,2025-12-10T03:03:19.116738+00:00
757,1765335799.133806,2025-12-10T03:03:19.133806+00:00
758,1765335799.1506572,2025-12-10T03:03:19.150657+00:00
759,1765335799.1677477,2025-12-10T03:03:19.167747+00:00
760,1765335799.1848254,2025-12-10T03:03:19.184825+00:00
761,1765335799.2020483,2025-12-10T03:03:19.202048+00:00
762,1765335799.2188578,2025-12-10T03:03:19.218857+00:00
763,1765335799.2359111,2025-12-10T03:03:19.235911+00:00
764,1765335799.2527814,2025-12-10T03:03:19.252781+00:00
765,1765335799.27029,2025-12-10T03:03:19.270290+00:00
766,1765335799.287318,2025-12-10T03:03:19.287317+00:00
767,1765335799.3040648,2025-12-10T03:03:19.304064+00:00
768,1765335799.3211086,2025-12-10T03:03:19.321108+00:00
769,1765335799.338279,2025-12-10T03:03:19.338278+00:00
770,1765335799.3550787,2025-12-10T03:03:19.355078+00:00
771,1765335799.3720722,2025-12-10T03:03:19.372072+00:00
772,1765335799.3889244,2025-12-10T03:03:19.388924+00:00
773,1765335799.4061286,2025-12-10T03:03:19.406128+00:00
774,1765335799.4230642,2025-12-10T03:03:19.423064+00:00
775,1765335799.4402819,2025-12-10T03:03:19.440281+00:00
776,1765335799.457377,2025-12-10T03:03:19.457376+00:00
777,1765335799.4742134,2025-12-10T03:03:19.474213+00:00
778,1765335799.491414,2025-12-10T03:03:19.491414+00:00
779,1765335799.5085754,2025-12-10T03:03:19.508575+00:00
780,1765335799.5256257,2025-12-10T03:03:19.525625+00:00
781,1765335799.542655,2025-12-10T03:03:19.542655+00:00
782,1765335799.5596764,2025-12-10T03:03:19.559676+00:00
783,1765335799.576771,2025-12-10T03:03:19.576771+00:00
784,1765335799.5935206,2025-12-10T03:03:19.593520+00:00
785,1765335799.6104834,2025-12-10T03:03:19.610483+00:00
786,1765335799.6275032,2025-12-10T03:03:19.627503+00:00
787,1765335799.6445453,2025-12-10T03:03:19.644545+00:00
788,1765335799.661326,2025-12-10T03:03:19.661325+00:00
789,1765335799.6783633,2025-12-10T03:03:19.678363+00:00
790,1765335799.6953697,2025-12-10T03:03:19.695369+00:00
791,1765335799.71236,2025-12-10T03:03:19.712359+00:00
792,1765335799.7291083,2025-12-10T03:03:19.729108+00:00
793,1765335799.7458603,2025-12-10T03:03:19.745860+00:00
794,1765335799.7629304,2025-12-10T03:03:19.762930+00:00
795,1765335799.779965,2025-12-10T03:03:19.779965+00:00
796,1765335799.7969925,2025-12-10T03:03:19.796992+00:00
797,1765335799.8138661,2025-12-10T03:03:19.813866+00:00
798,1765335799.830886,2025-12-10T03:03:19.830885+00:00
799,1765335799.8479073,2025-12-10T03:03:19.847907+00:00
800,1765335799.864752,2025-12-10T03:03:19.864752+00:00
801,1765335799.8817978,2025-12-10T03:03:19.881797+00:00
802,1765335799.8988428,2025-12-10T03:03:19.898843+00:00
803,1765335799.9158652,2025-12-10T03:03:19.915865+00:00
804,1765335799.932756,2025-12-10T03:03:19.932756+00:00
805,1765335799.9498022,2025-12-10T03:03:19.949802+00:00
806,1765335799.9668498,2025-12-10T03:03:19.966849+00:00
807,1765335799.9839988,2025-12-10T03:03:19.983998+00:00
808,1765335800.0010529,2025-12-10T03:03:20.001053+00:00
809,1765335800.0178862,2025-12-10T03:03:20.017886+00:00
810,1765335800.0347989,2025-12-10T03:03:20.034798+00:00
811,1765335800.0517974,2025-12-10T03:03:20.051797+00:00
812,1765335800.0686893,2025-12-10T03:03:20.068689+00:00
813,1765335800.0854387,2025-12-10T03:03:20.085438+00:00
814,1765335800.1023967,2025-12-10T03:03:20.102396+00:00
815,1765335800.1193707,2025-12-10T03:03:20.119370+00:00
816,1765335800.1361861,2025-12-10T03:03:20.136186+00:00
817,1765335800.153231,2025-12-10T03:03:20.153230+00:00
818,1765335800.1702688,2025-12-10T03:03:20.170268+00:00
819,1765335800.1874418,2025-12-10T03:03:20.187442+00:00
820,1765335800.2045093,2025-12-10T03:03:20.204509+00:00
821,1765335800.2213829,2025-12-10T03:03:20.221382+00:00
822,1765335800.238159,2025-12-10T03:03:20.238158+00:00
823,1765335800.2552006,2025-12-10T03:03:20.255200+00:00
824,1765335800.2722719,2025-12-10T03:03:20.272272+00:00
825,1765335800.2892928,2025-12-10T03:03:20.289292+00:00
826,1765335800.3065505,2025-12-10T03:03:20.306550+00:00
827,1765335800.3235958,2025-12-10T03:03:20.323595+00:00
828,1765335800.340759,2025-12-10T03:03:20.340759+00:00
829,1765335800.357785,2025-12-10T03:03:20.357785+00:00
830,1765335800.3751194,2025-12-10T03:03:20.375119+00:00
831,1765335800.39216,2025-12-10T03:03:20.392160+00:00
832,1765335800.4092193,2025-12-10T03:03:20.409219+00:00
833,1765335800.426208,2025-12-10T03:03:20.426207+00:00
834,1765335800.4432454,2025-12-10T03:03:20.443245+00:00
835,1765335800.4601796,2025-12-10T03:03:20.460179+00:00
836,1765335800.4769325,2025-12-10T03:03:20.476932+00:00
837,1765335800.494228,2025-12-10T03:03:20.494228+00:00
838,1765335800.5115075,2025-12-10T03:03:20.511507+00:00
839,1765335800.5285316,2025-12-10T03:03:20.528531+00:00
840,1765335800.5455081,2025-12-10T03:03:20.545508+00:00
841,1765335800.5627406,2025-12-10T03:03:20.562740+00:00
842,1765335800.579828,2025-12-10T03:03:20.579827+00:00
843,1765335800.597077,2025-12-10T03:03:20.597077+00:00
844,1765335800.6143107,2025-12-10T03:03:20.614310+00:00
845,1765335800.6317196,2025-12-10T03:03:20.631719+00:00
846,1765335800.6489005,2025-12-10T03:03:20.648900+00:00
847,1765335800.6658337,2025-12-10T03:03:20.665833+00:00
848,1765335800.6827824,2025-12-10T03:03:20.682782+00:00
849,1765335800.699866,2025-12-10T03:03:20.699866+00:00
850,1765335800.716951,2025-12-10T03:03:20.716950+00:00
851,1765335800.734027,2025-12-10T03:03:20.734027+00:00
852,1765335800.7515569,2025-12-10T03:03:20.751556+00:00
853,1765335800.768576,2025-12-10T03:03:20.768576+00:00
854,1765335800.7855785,2025-12-10T03:03:20.785578+00:00
855,1765335800.8024826,2025-12-10T03:03:20.802482+00:00
856,1765335800.819504,2025-12-10T03:03:20.819504+00:00
857,1765335800.836448,2025-12-10T03:03:20.836448+00:00
858,1765335800.8534913,2025-12-10T03:03:20.853491+00:00
859,1765335800.8705297,2025-12-10T03:03:20.870529+00:00
860,1765335800.8872874,2025-12-10T03:03:20.887287+00:00
861,1765335800.9043212,2025-12-10T03:03:20.904321+00:00
862,1765335800.921544,2025-12-10T03:03:20.921544+00:00
863,1765335800.9385602,2025-12-10T03:03:20.938560+00:00
864,1765335800.955673,2025-12-10T03:03:20.955673+00:00
865,1765335800.9728682,2025-12-10T03:03:20.972868+00:00
866,1765335800.9899824,2025-12-10T03:03:20.989982+00:00
867,1765335801.0074337,2025-12-10T03:03:21.007433+00:00
868,1765335801.024343,2025-12-10T03:03:21.024343+00:00
869,1765335801.0423546,2025-12-10T03:03:21.042354+00:00
870,1765335801.0593853,2025-12-10T03:03:21.059385+00:00
871,1765335801.0766108,2025-12-10T03:03:21.076610+00:00
872,1765335801.0938206,2025-12-10T03:03:21.093820+00:00
873,1765335801.1109316,2025-12-10T03:03:21.110931+00:00
874,1765335801.1278832,2025-12-10T03:03:21.127883+00:00
875,1765335801.144861,2025-12-10T03:03:21.144860+00:00
876,1765335801.1620805,2025-12-10T03:03:21.162080+00:00
877,1765335801.1790986,2025-12-10T03:03:21.179098+00:00
878,1765335801.1961322,2025-12-10T03:03:21.196132+00:00
879,1765335801.2129855,2025-12-10T03:03:21.212985+00:00
880,1765335801.2301664,2025-12-10T03:03:21.230166+00:00
881,1765335801.2469225,2025-12-10T03:03:21.246922+00:00
882,1765335801.2641473,2025-12-10T03:03:21.264147+00:00
883,1765335801.2812676,2025-12-10T03:03:21.281267+00:00
884,1765335801.2985194,2025-12-10T03:03:21.298519+00:00
885,1765335801.3156059,2025-12-10T03:03:21.315605+00:00
886,1765335801.3326364,2025-12-10T03:03:21.332636+00:00
887,1765335801.3496535,2025-12-10T03:03:21.349653+00:00
888,1765335801.3664508,2025-12-10T03:03:21.366450+00:00
889,1765335801.3834915,2025-12-10T03:03:21.383491+00:00
890,1765335801.4003186,2025-12-10T03:03:21.400318+00:00
891,1765335801.4173405,2025-12-10T03:03:21.417340+00:00
892,1765335801.434336,2025-12-10T03:03:21.434336+00:00
893,1765335801.4513574,2025-12-10T03:03:21.451357+00:00
894,1765335801.4683752,2025-12-10T03:03:21.468375+00:00
895,1765335801.4851842,2025-12-10T03:03:21.485184+00:00
896,1765335801.5019321,2025-12-10T03:03:21.501932+00:00
897,1765335801.5188775,2025-12-10T03:03:21.518877+00:00
898,1765335801.5356154,2025-12-10T03:03:21.535615+00:00
899,1765335801.5526597,2025-12-10T03:03:21.552659+00:00
900,1765335801.5699465,2025-12-10T03:03:21.569946+00:00
901,1765335801.5869725,2025-12-10T03:03:21.586972+00:00
902,1765335801.6040332,2025-12-10T03:03:21.604033+00:00
903,1765335801.6209567,2025-12-10T03:03:21.620956+00:00
904,1765335801.637952,2025-12-10T03:03:21.637952+00:00
905,1765335801.6551824,2025-12-10T03:03:21.655182+00:00
906,1765335801.6722414,2025-12-10T03:03:21.672241+00:00
907,1765335801.689279,2025-12-10T03:03:21.689278+00:00
908,1765335801.7063038,2025-12-10T03:03:21.706303+00:00
909,1765335801.7234476,2025-12-10T03:03:21.723447+00:00
910,1765335801.74047,2025-12-10T03:03:21.740470+00:00
911,1765335801.7574906,2025-12-10T03:03:21.757490+00:00
912,1765335801.7745707,2025-12-10T03:03:21.774570+00:00
913,1765335801.7916913,2025-12-10T03:03:21.791691+00:00
914,1765335801.8085694,2025-12-10T03:03:21.808569+00:00
915,1765335801.8254209,2025-12-10T03:03:21.825420+00:00
916,1765335801.8424416,2025-12-10T03:03:21.842441+00:00
917,1765335801.8594735,2025-12-10T03:03:21.859473+00:00
918,1765335801.8766036,2025-12-10T03:03:21.876603+00:00
919,1765335801.8935406,2025-12-10T03:03:21.893540+00:00
920,1765335801.9104517,2025-12-10T03:03:21.910451+00:00
921,1765335801.9274855,2025-12-10T03:03:21.927485+00:00
922,1765335801.9445326,2025-12-10T03:03:21.944532+00:00
923,1765335801.9613533,2025-12-10T03:03:21.961353+00:00
924,1765335801.9783556,2025-12-10T03:03:21.978355+00:00
925,1765335801.995453,2025-12-10T03:03:21.995452+00:00
926,1765335802.012698,2025-12-10T03:03:22.012697+00:00
927,1765335802.029568,2025-12-10T03:03:22.029568+00:00
928,1765335802.0466352,2025-12-10T03:03:22.046635+00:00
929,1765335802.063691,2025-12-10T03:03:22.063691+00:00
930,1765335802.080626,2025-12-10T03:03:22.080626+00:00
931,1765335802.0976503,2025-12-10T03:03:22.097650+00:00
932,1765335802.1146915,2025-12-10T03:03:22.114691+00:00
933,1765335802.1316538,2025-12-10T03:03:22.131653+00:00
934,1765335802.1486735,2025-12-10T03:03:22.148673+00:00
935,1765335802.1657298,2025-12-10T03:03:22.165729+00:00
936,1765335802.182752,2025-12-10T03:03:22.182752+00:00
937,1765335802.1999786,2025-12-10T03:03:22.199978+00:00
938,1765335802.21717,2025-12-10T03:03:22.217169+00:00
939,1765335802.2342656,2025-12-10T03:03:22.234265+00:00
940,1765335802.251202,2025-12-10T03:03:22.251202+00:00
941,1765335802.26823,2025-12-10T03:03:22.268229+00:00
942,1765335802.2852304,2025-12-10T03:03:22.285230+00:00
943,1765335802.302182,2025-12-10T03:03:22.302181+00:00
944,1765335802.3193767,2025-12-10T03:03:22.319376+00:00
945,1765335802.3364131,2025-12-10T03:03:22.336413+00:00
946,1765335802.3534358,2025-12-10T03:03:22.353435+00:00
947,1765335802.3706083,2025-12-10T03:03:22.370608+00:00
948,1765335802.3874514,2025-12-10T03:03:22.387451+00:00
949,1765335802.4045138,2025-12-10T03:03:22.404513+00:00
950,1765335802.4220555,2025-12-10T03:03:22.422055+00:00
951,1765335802.4390767,2025-12-10T03:03:22.439076+00:00
952,1765335802.4562628,2025-12-10T03:03:22.456263+00:00
953,1765335802.4733114,2025-12-10T03:03:22.473311+00:00
954,1765335802.4907718,2025-12-10T03:03:22.490771+00:00
955,1765335802.5078158,2025-12-10T03:03:22.507816+00:00
956,1765335802.5247073,2025-12-10T03:03:22.524707+00:00
957,1765335802.5417132,2025-12-10T03:03:22.541713+00:00
958,1765335802.558953,2025-12-10T03:03:22.558953+00:00
959,1765335802.576085,2025-12-10T03:03:22.576085+00:00
960,1765335802.592964,2025-12-10T03:03:22.592963+00:00
961,1765335802.6100383,2025-12-10T03:03:22.610038+00:00
962,1765335802.6269364,2025-12-10T03:03:22.626936+00:00
963,1765335802.6438649,2025-12-10T03:03:22.643864+00:00
964,1765335802.6610045,2025-12-10T03:03:22.661004+00:00
965,1765335802.6780233,2025-12-10T03:03:22.678023+00:00
966,1765335802.6949296,2025-12-10T03:03:22.694929+00:00
967,1765335802.7120035,2025-12-10T03:03:22.712003+00:00
968,1765335802.72902,2025-12-10T03:03:22.729020+00:00
969,1765335802.7459967,2025-12-10T03:03:22.745996+00:00
970,1765335802.7631447,2025-12-10T03:03:22.763144+00:00
971,1765335802.7802181,2025-12-10T03:03:22.780218+00:00
972,1765335802.797235,2025-12-10T03:03:22.797235+00:00
973,1765335802.814272,2025-12-10T03:03:22.814272+00:00
974,1765335802.8311284,2025-12-10T03:03:22.831128+00:00
975,1765335802.848186,2025-12-10T03:03:22.848186+00:00
976,1765335802.8652408,2025-12-10T03:03:22.865240+00:00
977,1765335802.882038,2025-12-10T03:03:22.882037+00:00
978,1765335802.8989656,2025-12-10T03:03:22.898965+00:00
979,1765335802.9159868,2025-12-10T03:03:22.915986+00:00
980,1765335802.9329422,2025-12-10T03:03:22.932942+00:00
981,1765335802.950272,2025-12-10T03:03:22.950272+00:00
982,1765335802.9672978,2025-12-10T03:03:22.967297+00:00
983,1765335802.984359,2025-12-10T03:03:22.984358+00:00
984,1765335803.0013988,2025-12-10T03:03:23.001398+00:00
985,1765335803.0184197,2025-12-10T03:03:23.018419+00:00
986,1765335803.0355468,2025-12-10T03:03:23.035547+00:00
987,1765335803.0523894,2025-12-10T03:03:23.052389+00:00
988,1765335803.0694115,2025-12-10T03:03:23.069411+00:00
989,1765335803.0864522,2025-12-10T03:03:23.086452+00:00
990,1765335803.1035013,2025-12-10T03:03:23.103501+00:00
991,1765335803.1205232,2025-12-10T03:03:23.120523+00:00
992,1765335803.1375437,2025-12-10T03:03:23.137543+00:00
993,1765335803.1546366,2025-12-10T03:03:23.154636+00:00
994,1765335803.1721325,2025-12-10T03:03:23.172132+00:00
995,1765335803.1888695,2025-12-10T03:03:23.188869+00:00
996,1765335803.2059639,2025-12-10T03:03:23.205963+00:00
997,1765335803.222989,2025-12-10T03:03:23.222989+00:00
998,1765335803.239983,2025-12-10T03:03:23.239983+00:00
999,1765335803.2570026,2025-12-10T03:03:23.257002+00:00
1000,1765335803.2740643,2025-12-10T03:03:23.274064+00:00
1001,1765335803.2910218,2025-12-10T03:03:23.291021+00:00
1002,1765335803.3080626,2025-12-10T03:03:23.308062+00:00
1003,1765335803.3251667,2025-12-10T03:03:23.325166+00:00
1004,1765335803.3421462,2025-12-10T03:03:23.342146+00:00
1005,1765335803.3590472,2025-12-10T03:03:23.359047+00:00
1006,1765335803.3761108,2025-12-10T03:03:23.376110+00:00
1007,1765335803.3933861,2025-12-10T03:03:23.393386+00:00
1008,1765335803.410444,2025-12-10T03:03:23.410444+00:00
1009,1765335803.427674,2025-12-10T03:03:23.427674+00:00
1010,1765335803.444714,2025-12-10T03:03:23.444714+00:00
1011,1765335803.4617593,2025-12-10T03:03:23.461759+00:00
1012,1765335803.4786608,2025-12-10T03:03:23.478660+00:00
1013,1765335803.4954379,2025-12-10T03:03:23.495437+00:00
1014,1765335803.5124671,2025-12-10T03:03:23.512467+00:00
1015,1765335803.5295959,2025-12-10T03:03:23.529595+00:00
1016,1765335803.5467749,2025-12-10T03:03:23.546774+00:00
1017,1765335803.5639732,2025-12-10T03:03:23.563973+00:00
1018,1765335803.580881,2025-12-10T03:03:23.580881+00:00
1019,1765335803.5978398,2025-12-10T03:03:23.597839+00:00
1020,1765335803.6148677,2025-12-10T03:03:23.614867+00:00
1021,1765335803.6318512,2025-12-10T03:03:23.631851+00:00
1022,1765335803.6489382,2025-12-10T03:03:23.648938+00:00
1023,1765335803.6659632,2025-12-10T03:03:23.665963+00:00
1024,1765335803.6830957,2025-12-10T03:03:23.683095+00:00
1025,1765335803.700209,2025-12-10T03:03:23.700208+00:00
1026,1765335803.717266,2025-12-10T03:03:23.717266+00:00
1027,1765335803.7344234,2025-12-10T03:03:23.734423+00:00
1028,1765335803.7516613,2025-12-10T03:03:23.751661+00:00
1029,1765335803.768699,2025-12-10T03:03:23.768699+00:00
1030,1765335803.7855299,2025-12-10T03:03:23.785529+00:00
1031,1765335803.802569,2025-12-10T03:03:23.802568+00:00
1032,1765335803.8195887,2025-12-10T03:03:23.819588+00:00
1033,1765335803.8366215,2025-12-10T03:03:23.836621+00:00
1034,1765335803.8536398,2025-12-10T03:03:23.853639+00:00
1035,1765335803.8704507,2025-12-10T03:03:23.870450+00:00
1036,1765335803.8874476,2025-12-10T03:03:23.887447+00:00
1037,1765335803.9044785,2025-12-10T03:03:23.904478+00:00
1038,1765335803.9212532,2025-12-10T03:03:23.921253+00:00
1039,1765335803.9385993,2025-12-10T03:03:23.938599+00:00
1040,1765335803.9554765,2025-12-10T03:03:23.955476+00:00
1041,1765335803.9725072,2025-12-10T03:03:23.972507+00:00
1042,1765335803.9895422,2025-12-10T03:03:23.989542+00:00
1043,1765335804.0064356,2025-12-10T03:03:24.006435+00:00
1044,1765335804.0234747,2025-12-10T03:03:24.023474+00:00
1045,1765335804.0402436,2025-12-10T03:03:24.040243+00:00
1046,1765335804.0574343,2025-12-10T03:03:24.057434+00:00
1047,1765335804.0745187,2025-12-10T03:03:24.074518+00:00
1048,1765335804.0914583,2025-12-10T03:03:24.091458+00:00
1049,1765335804.1086016,2025-12-10T03:03:24.108601+00:00
1050,1765335804.1257486,2025-12-10T03:03:24.125748+00:00
1051,1765335804.1428044,2025-12-10T03:03:24.142804+00:00
1052,1765335804.1598275,2025-12-10T03:03:24.159827+00:00
1053,1765335804.1768854,2025-12-10T03:03:24.176885+00:00
1054,1765335804.1938267,2025-12-10T03:03:24.193826+00:00
1055,1765335804.2109435,2025-12-10T03:03:24.210943+00:00
1056,1765335804.227822,2025-12-10T03:03:24.227822+00:00
1057,1765335804.2446613,2025-12-10T03:03:24.244661+00:00
1058,1765335804.2617745,2025-12-10T03:03:24.261774+00:00
1059,1765335804.2789023,2025-12-10T03:03:24.278902+00:00
1060,1765335804.2959232,2025-12-10T03:03:24.295923+00:00
1061,1765335804.312955,2025-12-10T03:03:24.312955+00:00
1062,1765335804.3301558,2025-12-10T03:03:24.330155+00:00
1063,1765335804.3471904,2025-12-10T03:03:24.347190+00:00
1064,1765335804.3639576,2025-12-10T03:03:24.363957+00:00
1065,1765335804.3809474,2025-12-10T03:03:24.380947+00:00
1066,1765335804.397716,2025-12-10T03:03:24.397715+00:00
1067,1765335804.414794,2025-12-10T03:03:24.414794+00:00
1068,1765335804.4318109,2025-12-10T03:03:24.431810+00:00
1069,1765335804.448984,2025-12-10T03:03:24.448983+00:00
1070,1765335804.465902,2025-12-10T03:03:24.465902+00:00
1071,1765335804.482642,2025-12-10T03:03:24.482641+00:00
1072,1765335804.4996238,2025-12-10T03:03:24.499623+00:00
1073,1765335804.5166948,2025-12-10T03:03:24.516694+00:00
1074,1765335804.5334616,2025-12-10T03:03:24.533461+00:00
1075,1765335804.5509372,2025-12-10T03:03:24.550937+00:00
1076,1765335804.5679739,2025-12-10T03:03:24.567974+00:00
1077,1765335804.5848482,2025-12-10T03:03:24.584848+00:00
1078,1765335804.602008,2025-12-10T03:03:24.602008+00:00
1079,1765335804.619189,2025-12-10T03:03:24.619189+00:00
1080,1765335804.6362998,2025-12-10T03:03:24.636299+00:00
1081,1765335804.6534643,2025-12-10T03:03:24.653464+00:00
1082,1765335804.6707034,2025-12-10T03:03:24.670703+00:00
1083,1765335804.6874893,2025-12-10T03:03:24.687489+00:00
1084,1765335804.7045784,2025-12-10T03:03:24.704578+00:00
1085,1765335804.7215314,2025-12-10T03:03:24.721531+00:00
1086,1765335804.7385576,2025-12-10T03:03:24.738557+00:00
1087,1765335804.7557163,2025-12-10T03:03:24.755716+00:00
1088,1765335804.7725136,2025-12-10T03:03:24.772513+00:00
1089,1765335804.789483,2025-12-10T03:03:24.789483+00:00
1090,1765335804.8062212,2025-12-10T03:03:24.806221+00:00
1091,1765335804.822984,2025-12-10T03:03:24.822984+00:00
1092,1765335804.839965,2025-12-10T03:03:24.839965+00:00
1093,1765335804.8574913,2025-12-10T03:03:24.857491+00:00
1094,1765335804.8744473,2025-12-10T03:03:24.874447+00:00
1095,1765335804.8914726,2025-12-10T03:03:24.891472+00:00
1096,1765335804.9085102,2025-12-10T03:03:24.908510+00:00
1097,1765335804.9255557,2025-12-10T03:03:24.925555+00:00
1098,1765335804.942694,2025-12-10T03:03:24.942693+00:00
1099,1765335804.9597192,2025-12-10T03:03:24.959719+00:00
1100,1765335804.976751,2025-12-10T03:03:24.976751+00:00
1101,1765335804.9938238,2025-12-10T03:03:24.993823+00:00
1102,1765335805.0106497,2025-12-10T03:03:25.010649+00:00
1103,1765335805.0276744,2025-12-10T03:03:25.027674+00:00
1104,1765335805.0445504,2025-12-10T03:03:25.044550+00:00
1105,1765335805.0619226,2025-12-10T03:03:25.061922+00:00
1106,1765335805.0789914,2025-12-10T03:03:25.078991+00:00
1107,1765335805.0962694,2025-12-10T03:03:25.096269+00:00
1108,1765335805.113312,2025-12-10T03:03:25.113312+00:00
1109,1765335805.1303573,2025-12-10T03:03:25.130357+00:00
1110,1765335805.147484,2025-12-10T03:03:25.147484+00:00
1111,1765335805.1642327,2025-12-10T03:03:25.164232+00:00
1112,1765335805.1812847,2025-12-10T03:03:25.181284+00:00
1113,1765335805.1983397,2025-12-10T03:03:25.198339+00:00
1114,1765335805.215486,2025-12-10T03:03:25.215485+00:00
1115,1765335805.2324173,2025-12-10T03:03:25.232417+00:00
1116,1765335805.249489,2025-12-10T03:03:25.249489+00:00
1117,1765335805.2664378,2025-12-10T03:03:25.266437+00:00
1118,1765335805.2834666,2025-12-10T03:03:25.283466+00:00
1119,1765335805.300306,2025-12-10T03:03:25.300306+00:00
1120,1765335805.317358,2025-12-10T03:03:25.317358+00:00
1121,1765335805.3342962,2025-12-10T03:03:25.334296+00:00
1122,1765335805.3515196,2025-12-10T03:03:25.351519+00:00
1123,1765335805.3687236,2025-12-10T03:03:25.368723+00:00
1124,1765335805.3857327,2025-12-10T03:03:25.385732+00:00
1125,1765335805.4028385,2025-12-10T03:03:25.402838+00:00
1126,1765335805.419869,2025-12-10T03:03:25.419869+00:00
1127,1765335805.4369032,2025-12-10T03:03:25.436903+00:00
1128,1765335805.4540374,2025-12-10T03:03:25.454037+00:00
1129,1765335805.4709914,2025-12-10T03:03:25.470991+00:00
1130,1765335805.4877317,2025-12-10T03:03:25.487731+00:00
1131,1765335805.5047617,2025-12-10T03:03:25.504761+00:00
1132,1765335805.5217366,2025-12-10T03:03:25.521736+00:00
1133,1765335805.5388932,2025-12-10T03:03:25.538893+00:00
1134,1765335805.5557287,2025-12-10T03:03:25.555728+00:00
1135,1765335805.5724785,2025-12-10T03:03:25.572478+00:00
1136,1765335805.589499,2025-12-10T03:03:25.589498+00:00
1137,1765335805.6063626,2025-12-10T03:03:25.606362+00:00
1138,1765335805.6233916,2025-12-10T03:03:25.623391+00:00
1139,1765335805.6405132,2025-12-10T03:03:25.640513+00:00
1140,1765335805.658019,2025-12-10T03:03:25.658019+00:00
1141,1765335805.6750987,2025-12-10T03:03:25.675098+00:00
1142,1765335805.6921635,2025-12-10T03:03:25.692163+00:00
1143,1765335805.7090125,2025-12-10T03:03:25.709012+00:00
1144,1765335805.7260547,2025-12-10T03:03:25.726054+00:00
1145,1765335805.7431464,2025-12-10T03:03:25.743146+00:00
1146,1765335805.7602158,2025-12-10T03:03:25.760215+00:00
1147,1765335805.777237,2025-12-10T03:03:25.777237+00:00
1148,1765335805.7940328,2025-12-10T03:03:25.794032+00:00
1149,1765335805.8108246,2025-12-10T03:03:25.810824+00:00
1150,1765335805.8278632,2025-12-10T03:03:25.827863+00:00
1151,1765335805.8450224,2025-12-10T03:03:25.845022+00:00
1152,1765335805.8619008,2025-12-10T03:03:25.861900+00:00
1153,1765335805.8789375,2025-12-10T03:03:25.878937+00:00
1154,1765335805.895847,2025-12-10T03:03:25.895847+00:00
1155,1765335805.912872,2025-12-10T03:03:25.912872+00:00
1156,1765335805.9301257,2025-12-10T03:03:25.930125+00:00
1157,1765335805.946997,2025-12-10T03:03:25.946996+00:00
1158,1765335805.9639072,2025-12-10T03:03:25.963907+00:00
1159,1765335805.9807396,2025-12-10T03:03:25.980739+00:00
1160,1765335805.9978743,2025-12-10T03:03:25.997874+00:00
1161,1765335806.014957,2025-12-10T03:03:26.014957+00:00
1162,1765335806.0320323,2025-12-10T03:03:26.032032+00:00
1163,1765335806.0491846,2025-12-10T03:03:26.049184+00:00
1164,1765335806.0659647,2025-12-10T03:03:26.065964+00:00
1165,1765335806.0829284,2025-12-10T03:03:26.082928+00:00
1166,1765335806.0999873,2025-12-10T03:03:26.099987+00:00
1167,1765335806.1171956,2025-12-10T03:03:26.117195+00:00
1168,1765335806.1343384,2025-12-10T03:03:26.134338+00:00
1169,1765335806.1510966,2025-12-10T03:03:26.151096+00:00
1170,1765335806.1680803,2025-12-10T03:03:26.168080+00:00
1171,1765335806.1849787,2025-12-10T03:03:26.184978+00:00
1172,1765335806.2020397,2025-12-10T03:03:26.202039+00:00
1173,1765335806.2189755,2025-12-10T03:03:26.218975+00:00
1174,1765335806.2359068,2025-12-10T03:03:26.235906+00:00
1175,1765335806.2529638,2025-12-10T03:03:26.252963+00:00
1176,1765335806.2719426,2025-12-10T03:03:26.271942+00:00
1177,1765335806.2892299,2025-12-10T03:03:26.289229+00:00
1178,1765335806.3062677,2025-12-10T03:03:26.306267+00:00
1179,1765335806.3235145,2025-12-10T03:03:26.323514+00:00
1180,1765335806.3405464,2025-12-10T03:03:26.340546+00:00
1181,1765335806.357564,2025-12-10T03:03:26.357563+00:00
1182,1765335806.3746111,2025-12-10T03:03:26.374611+00:00
1183,1765335806.3916614,2025-12-10T03:03:26.391661+00:00
1184,1765335806.4085207,2025-12-10T03:03:26.408520+00:00
1185,1765335806.425592,2025-12-10T03:03:26.425592+00:00
1186,1765335806.4425287,2025-12-10T03:03:26.442528+00:00
1187,1765335806.4595654,2025-12-10T03:03:26.459565+00:00
1188,1765335806.476795,2025-12-10T03:03:26.476794+00:00
1189,1765335806.493851,2025-12-10T03:03:26.493850+00:00
1190,1765335806.5110266,2025-12-10T03:03:26.511026+00:00
1191,1765335806.5281093,2025-12-10T03:03:26.528109+00:00
1192,1765335806.5448582,2025-12-10T03:03:26.544858+00:00
1193,1765335806.5619183,2025-12-10T03:03:26.561918+00:00
1194,1765335806.5789578,2025-12-10T03:03:26.578957+00:00
1195,1765335806.5957184,2025-12-10T03:03:26.595718+00:00
1196,1765335806.6124816,2025-12-10T03:03:26.612481+00:00
1197,1765335806.629507,2025-12-10T03:03:26.629507+00:00
1198,1765335806.6465464,2025-12-10T03:03:26.646546+00:00
1199,1765335806.663804,2025-12-10T03:03:26.663804+00:00
1200,1765335806.680774,2025-12-10T03:03:26.680774+00:00
1201,1765335806.6977952,2025-12-10T03:03:26.697795+00:00
1202,1765335806.7149599,2025-12-10T03:03:26.714960+00:00
1203,1765335806.7321942,2025-12-10T03:03:26.732194+00:00
1204,1765335806.7493472,2025-12-10T03:03:26.749347+00:00
1205,1765335806.7663724,2025-12-10T03:03:26.766372+00:00
1206,1765335806.7835069,2025-12-10T03:03:26.783507+00:00
1207,1765335806.8005548,2025-12-10T03:03:26.800554+00:00
1208,1765335806.8174953,2025-12-10T03:03:26.817495+00:00
1209,1765335806.8345156,2025-12-10T03:03:26.834515+00:00
1210,1765335806.851794,2025-12-10T03:03:26.851793+00:00
1211,1765335806.868737,2025-12-10T03:03:26.868737+00:00
1212,1765335806.8858743,2025-12-10T03:03:26.885874+00:00
1213,1765335806.9029202,2025-12-10T03:03:26.902920+00:00
1214,1765335806.920235,2025-12-10T03:03:26.920234+00:00
1215,1765335806.9372885,2025-12-10T03:03:26.937288+00:00
1216,1765335806.954504,2025-12-10T03:03:26.954503+00:00
1217,1765335806.9717183,2025-12-10T03:03:26.971718+00:00
1218,1765335806.9887395,2025-12-10T03:03:26.988739+00:00
1219,1765335807.0057752,2025-12-10T03:03:27.005775+00:00
1220,1765335807.0230682,2025-12-10T03:03:27.023068+00:00
1221,1765335807.039811,2025-12-10T03:03:27.039810+00:00
1222,1765335807.0568628,2025-12-10T03:03:27.056862+00:00
1223,1765335807.0739157,2025-12-10T03:03:27.073915+00:00
1224,1765335807.0909588,2025-12-10T03:03:27.090958+00:00
1225,1765335807.1078644,2025-12-10T03:03:27.107864+00:00
1226,1765335807.124899,2025-12-10T03:03:27.124898+00:00
1227,1765335807.1420352,2025-12-10T03:03:27.142035+00:00
1228,1765335807.1591983,2025-12-10T03:03:27.159198+00:00
1229,1765335807.176432,2025-12-10T03:03:27.176431+00:00
1230,1765335807.1934884,2025-12-10T03:03:27.193488+00:00
1231,1765335807.2106147,2025-12-10T03:03:27.210614+00:00
1232,1765335807.2276511,2025-12-10T03:03:27.227651+00:00
1233,1765335807.2448137,2025-12-10T03:03:27.244813+00:00
1234,1765335807.2617915,2025-12-10T03:03:27.261791+00:00
1235,1765335807.2785397,2025-12-10T03:03:27.278539+00:00
1236,1765335807.2958124,2025-12-10T03:03:27.295812+00:00
1237,1765335807.3129747,2025-12-10T03:03:27.312974+00:00
1238,1765335807.330056,2025-12-10T03:03:27.330055+00:00
1239,1765335807.3470838,2025-12-10T03:03:27.347083+00:00
1240,1765335807.3642526,2025-12-10T03:03:27.364252+00:00
1241,1765335807.3812792,2025-12-10T03:03:27.381279+00:00
1242,1765335807.3985157,2025-12-10T03:03:27.398515+00:00
1243,1765335807.41561,2025-12-10T03:03:27.415610+00:00
1244,1765335807.4328134,2025-12-10T03:03:27.432813+00:00
1245,1765335807.450023,2025-12-10T03:03:27.450022+00:00
1246,1765335807.467042,2025-12-10T03:03:27.467042+00:00
1247,1765335807.484007,2025-12-10T03:03:27.484007+00:00
1248,1765335807.5012264,2025-12-10T03:03:27.501226+00:00
1249,1765335807.5184371,2025-12-10T03:03:27.518437+00:00
1250,1765335807.535426,2025-12-10T03:03:27.535425+00:00
1251,1765335807.5522742,2025-12-10T03:03:27.552274+00:00
1252,1765335807.569302,2025-12-10T03:03:27.569302+00:00
1253,1765335807.5863564,2025-12-10T03:03:27.586356+00:00
1254,1765335807.6035228,2025-12-10T03:03:27.603522+00:00
1255,1765335807.6205342,2025-12-10T03:03:27.620534+00:00
1256,1765335807.637551,2025-12-10T03:03:27.637551+00:00
1257,1765335807.654591,2025-12-10T03:03:27.654591+00:00
1258,1765335807.6716158,2025-12-10T03:03:27.671615+00:00
1259,1765335807.6888285,2025-12-10T03:03:27.688828+00:00
1260,1765335807.7061284,2025-12-10T03:03:27.706128+00:00
1261,1765335807.7230759,2025-12-10T03:03:27.723075+00:00
1262,1765335807.7398171,2025-12-10T03:03:27.739817+00:00
1263,1765335807.7570426,2025-12-10T03:03:27.757042+00:00
1264,1765335807.773787,2025-12-10T03:03:27.773787+00:00
1265,1765335807.790577,2025-12-10T03:03:27.790576+00:00
1266,1765335807.8073227,2025-12-10T03:03:27.807322+00:00
1267,1765335807.824487,2025-12-10T03:03:27.824486+00:00
1268,1765335807.8419423,2025-12-10T03:03:27.841942+00:00
1269,1765335807.8586702,2025-12-10T03:03:27.858670+00:00
1270,1765335807.875506,2025-12-10T03:03:27.875505+00:00
1271,1765335807.8929634,2025-12-10T03:03:27.892963+00:00
1272,1765335807.9102402,2025-12-10T03:03:27.910240+00:00
1273,1765335807.9275,2025-12-10T03:03:27.927500+00:00
1274,1765335807.9445574,2025-12-10T03:03:27.944557+00:00
1275,1765335807.961651,2025-12-10T03:03:27.961651+00:00
1276,1765335807.978672,2025-12-10T03:03:27.978672+00:00
1277,1765335807.9957113,2025-12-10T03:03:27.995711+00:00
1278,1765335808.0128815,2025-12-10T03:03:28.012881+00:00
1279,1765335808.0298922,2025-12-10T03:03:28.029892+00:00
1280,1765335808.046866,2025-12-10T03:03:28.046866+00:00
1281,1765335808.0636833,2025-12-10T03:03:28.063683+00:00
1282,1765335808.0809407,2025-12-10T03:03:28.080940+00:00
1283,1765335808.0978494,2025-12-10T03:03:28.097849+00:00
1284,1765335808.1149013,2025-12-10T03:03:28.114901+00:00
1285,1765335808.1317072,2025-12-10T03:03:28.131707+00:00
1286,1765335808.1487467,2025-12-10T03:03:28.148746+00:00
1287,1765335808.1657531,2025-12-10T03:03:28.165753+00:00
1288,1765335808.182789,2025-12-10T03:03:28.182789+00:00
1289,1765335808.1996644,2025-12-10T03:03:28.199664+00:00
1290,1765335808.216544,2025-12-10T03:03:28.216544+00:00
1291,1765335808.2337995,2025-12-10T03:03:28.233799+00:00
1292,1765335808.251221,2025-12-10T03:03:28.251221+00:00
1293,1765335808.2681284,2025-12-10T03:03:28.268128+00:00
1294,1765335808.285205,2025-12-10T03:03:28.285205+00:00
1295,1765335808.3022416,2025-12-10T03:03:28.302241+00:00
1296,1765335808.3194196,2025-12-10T03:03:28.319419+00:00
1297,1765335808.3363938,2025-12-10T03:03:28.336393+00:00
1298,1765335808.3532329,2025-12-10T03:03:28.353232+00:00
1299,1765335808.3705037,2025-12-10T03:03:28.370503+00:00
1300,1765335808.387522,2025-12-10T03:03:28.387522+00:00
1301,1765335808.4046268,2025-12-10T03:03:28.404627+00:00
1302,1765335808.4216807,2025-12-10T03:03:28.421680+00:00
1303,1765335808.4386983,2025-12-10T03:03:28.438698+00:00
1304,1765335808.4557977,2025-12-10T03:03:28.455797+00:00
1305,1765335808.4730291,2025-12-10T03:03:28.473029+00:00
1306,1765335808.4903653,2025-12-10T03:03:28.490365+00:00
1307,1765335808.507132,2025-12-10T03:03:28.507132+00:00
1308,1765335808.5241616,2025-12-10T03:03:28.524161+00:00
1309,1765335808.5412006,2025-12-10T03:03:28.541200+00:00
1310,1765335808.5584338,2025-12-10T03:03:28.558433+00:00
1311,1765335808.5753424,2025-12-10T03:03:28.575342+00:00
1312,1765335808.5923684,2025-12-10T03:03:28.592368+00:00
1313,1765335808.609594,2025-12-10T03:03:28.609594+00:00
1314,1765335808.6266296,2025-12-10T03:03:28.626629+00:00
1315,1765335808.6437316,2025-12-10T03:03:28.643731+00:00
1316,1765335808.6605718,2025-12-10T03:03:28.660571+00:00
1317,1765335808.677352,2025-12-10T03:03:28.677352+00:00
1318,1765335808.6946094,2025-12-10T03:03:28.694609+00:00
1319,1765335808.7116618,2025-12-10T03:03:28.711661+00:00
1320,1765335808.72869,2025-12-10T03:03:28.728690+00:00
1321,1765335808.7457123,2025-12-10T03:03:28.745712+00:00
1322,1765335808.7627494,2025-12-10T03:03:28.762749+00:00
1323,1765335808.7797668,2025-12-10T03:03:28.779766+00:00
1324,1765335808.7968102,2025-12-10T03:03:28.796810+00:00
1325,1765335808.813869,2025-12-10T03:03:28.813869+00:00
1326,1765335808.8309424,2025-12-10T03:03:28.830942+00:00
1327,1765335808.847967,2025-12-10T03:03:28.847967+00:00
1328,1765335808.8649232,2025-12-10T03:03:28.864923+00:00
1329,1765335808.8820076,2025-12-10T03:03:28.882007+00:00
1330,1765335808.898852,2025-12-10T03:03:28.898852+00:00
1331,1765335808.9158242,2025-12-10T03:03:28.915824+00:00
1332,1765335808.9330583,2025-12-10T03:03:28.933058+00:00
1333,1765335808.9501543,2025-12-10T03:03:28.950154+00:00
1334,1765335808.967023,2025-12-10T03:03:28.967022+00:00
1335,1765335808.9838665,2025-12-10T03:03:28.983866+00:00
1336,1765335809.0008705,2025-12-10T03:03:29.000870+00:00
1337,1765335809.0180907,2025-12-10T03:03:29.018090+00:00
1338,1765335809.0348673,2025-12-10T03:03:29.034867+00:00
1339,1765335809.0516229,2025-12-10T03:03:29.051622+00:00
1340,1765335809.0688658,2025-12-10T03:03:29.068865+00:00
1341,1765335809.0859845,2025-12-10T03:03:29.085984+00:00
1342,1765335809.1031373,2025-12-10T03:03:29.103137+00:00
1343,1765335809.1201646,2025-12-10T03:03:29.120164+00:00
1344,1765335809.1371846,2025-12-10T03:03:29.137184+00:00
1345,1765335809.1539807,2025-12-10T03:03:29.153980+00:00
1346,1765335809.1709647,2025-12-10T03:03:29.170964+00:00
1347,1765335809.1878977,2025-12-10T03:03:29.187897+00:00
1348,1765335809.2049358,2025-12-10T03:03:29.204935+00:00
1349,1765335809.2220738,2025-12-10T03:03:29.222073+00:00
1350,1765335809.2390978,2025-12-10T03:03:29.239097+00:00
1351,1765335809.2561476,2025-12-10T03:03:29.256147+00:00
1352,1765335809.273272,2025-12-10T03:03:29.273272+00:00
1353,1765335809.2903461,2025-12-10T03:03:29.290346+00:00
1354,1765335809.307404,2025-12-10T03:03:29.307404+00:00
1355,1765335809.3245587,2025-12-10T03:03:29.324558+00:00
1356,1765335809.341298,2025-12-10T03:03:29.341298+00:00
1357,1765335809.3580742,2025-12-10T03:03:29.358074+00:00
1358,1765335809.374972,2025-12-10T03:03:29.374972+00:00
1359,1765335809.3917677,2025-12-10T03:03:29.391767+00:00
1360,1765335809.4084964,2025-12-10T03:03:29.408496+00:00
1361,1765335809.4253237,2025-12-10T03:03:29.425323+00:00
1362,1765335809.4425666,2025-12-10T03:03:29.442566+00:00
1363,1765335809.4596086,2025-12-10T03:03:29.459608+00:00
1364,1765335809.4763925,2025-12-10T03:03:29.476392+00:00
1365,1765335809.4934342,2025-12-10T03:03:29.493434+00:00
1366,1765335809.510613,2025-12-10T03:03:29.510613+00:00
1367,1765335809.5275898,2025-12-10T03:03:29.527589+00:00
1368,1765335809.5446632,2025-12-10T03:03:29.544663+00:00
1369,1765335809.5618427,2025-12-10T03:03:29.561842+00:00
1370,1765335809.578578,2025-12-10T03:03:29.578578+00:00
1371,1765335809.596124,2025-12-10T03:03:29.596124+00:00
1372,1765335809.613199,2025-12-10T03:03:29.613199+00:00
1373,1765335809.630249,2025-12-10T03:03:29.630248+00:00
1374,1765335809.6472688,2025-12-10T03:03:29.647268+00:00
1375,1765335809.664373,2025-12-10T03:03:29.664373+00:00
1376,1765335809.6814208,2025-12-10T03:03:29.681420+00:00
1377,1765335809.6984458,2025-12-10T03:03:29.698445+00:00
1378,1765335809.7155228,2025-12-10T03:03:29.715522+00:00
1379,1765335809.7325523,2025-12-10T03:03:29.732552+00:00
1380,1765335809.7492962,2025-12-10T03:03:29.749296+00:00
1381,1765335809.7663765,2025-12-10T03:03:29.766376+00:00
1382,1765335809.7833796,2025-12-10T03:03:29.783379+00:00
1383,1765335809.8005955,2025-12-10T03:03:29.800595+00:00
1384,1765335809.817615,2025-12-10T03:03:29.817615+00:00
1385,1765335809.8343775,2025-12-10T03:03:29.834377+00:00
1386,1765335809.85113,2025-12-10T03:03:29.851130+00:00
1387,1765335809.8680844,2025-12-10T03:03:29.868084+00:00
1388,1765335809.8851829,2025-12-10T03:03:29.885183+00:00
1389,1765335809.9020915,2025-12-10T03:03:29.902091+00:00
1390,1765335809.9192567,2025-12-10T03:03:29.919256+00:00
1391,1765335809.936271,2025-12-10T03:03:29.936270+00:00
1392,1765335809.9534457,2025-12-10T03:03:29.953445+00:00
1393,1765335809.970694,2025-12-10T03:03:29.970694+00:00
1394,1765335809.9882696,2025-12-10T03:03:29.988269+00:00
1395,1765335810.00509,2025-12-10T03:03:30.005090+00:00
1396,1765335810.021967,2025-12-10T03:03:30.021966+00:00
1397,1765335810.0390694,2025-12-10T03:03:30.039069+00:00
1398,1765335810.055963,2025-12-10T03:03:30.055963+00:00
1399,1765335810.0731783,2025-12-10T03:03:30.073178+00:00
1400,1765335810.0900047,2025-12-10T03:03:30.090004+00:00
1401,1765335810.1070533,2025-12-10T03:03:30.107053+00:00
1402,1765335810.1242359,2025-12-10T03:03:30.124235+00:00
1403,1765335810.1418054,2025-12-10T03:03:30.141805+00:00
1404,1765335810.1588247,2025-12-10T03:03:30.158824+00:00
1405,1765335810.1760564,2025-12-10T03:03:30.176056+00:00
1406,1765335810.19309,2025-12-10T03:03:30.193090+00:00
1407,1765335810.2098253,2025-12-10T03:03:30.209825+00:00
1408,1765335810.2266428,2025-12-10T03:03:30.226642+00:00
1409,1765335810.243891,2025-12-10T03:03:30.243891+00:00
1410,1765335810.260926,2025-12-10T03:03:30.260925+00:00
1411,1765335810.2781112,2025-12-10T03:03:30.278111+00:00
1412,1765335810.295251,2025-12-10T03:03:30.295250+00:00
1413,1765335810.3120825,2025-12-10T03:03:30.312082+00:00
1414,1765335810.3290985,2025-12-10T03:03:30.329098+00:00
1415,1765335810.3460662,2025-12-10T03:03:30.346066+00:00
1416,1765335810.3631024,2025-12-10T03:03:30.363102+00:00
1417,1765335810.3801792,2025-12-10T03:03:30.380179+00:00
1418,1765335810.397126,2025-12-10T03:03:30.397125+00:00
1419,1765335810.414333,2025-12-10T03:03:30.414333+00:00
1420,1765335810.4321678,2025-12-10T03:03:30.432167+00:00
1421,1765335810.44919,2025-12-10T03:03:30.449190+00:00
1422,1765335810.4661417,2025-12-10T03:03:30.466141+00:00
1423,1765335810.483178,2025-12-10T03:03:30.483178+00:00
1424,1765335810.500206,2025-12-10T03:03:30.500206+00:00
1425,1765335810.5172317,2025-12-10T03:03:30.517231+00:00
1426,1765335810.5340738,2025-12-10T03:03:30.534073+00:00
1427,1765335810.5511086,2025-12-10T03:03:30.551108+00:00
1428,1765335810.5678582,2025-12-10T03:03:30.567858+00:00
1429,1765335810.5850637,2025-12-10T03:03:30.585063+00:00
1430,1765335810.602131,2025-12-10T03:03:30.602131+00:00
1431,1765335810.618933,2025-12-10T03:03:30.618933+00:00
1432,1765335810.635977,2025-12-10T03:03:30.635976+00:00
1433,1765335810.653147,2025-12-10T03:03:30.653146+00:00
1434,1765335810.6701024,2025-12-10T03:03:30.670102+00:00
1435,1765335810.6871226,2025-12-10T03:03:30.687122+00:00
1436,1765335810.7040162,2025-12-10T03:03:30.704016+00:00
1437,1765335810.7210834,2025-12-10T03:03:30.721083+00:00
1438,1765335810.7381225,2025-12-10T03:03:30.738122+00:00
1439,1765335810.7550552,2025-12-10T03:03:30.755055+00:00
1440,1765335810.7721136,2025-12-10T03:03:30.772113+00:00
1441,1765335810.7891366,2025-12-10T03:03:30.789136+00:00
1442,1765335810.8061917,2025-12-10T03:03:30.806191+00:00
1443,1765335810.823111,2025-12-10T03:03:30.823111+00:00
1444,1765335810.8401883,2025-12-10T03:03:30.840188+00:00
1445,1765335810.8572135,2025-12-10T03:03:30.857213+00:00
1446,1765335810.8742867,2025-12-10T03:03:30.874286+00:00
1447,1765335810.891319,2025-12-10T03:03:30.891319+00:00
1448,1765335810.9083402,2025-12-10T03:03:30.908340+00:00
1449,1765335810.9254727,2025-12-10T03:03:30.925472+00:00
1450,1765335810.942666,2025-12-10T03:03:30.942666+00:00
1451,1765335810.959567,2025-12-10T03:03:30.959567+00:00
1452,1765335810.9766123,2025-12-10T03:03:30.976612+00:00
1453,1765335810.9936242,2025-12-10T03:03:30.993624+00:00
1454,1765335811.010441,2025-12-10T03:03:31.010441+00:00
1455,1765335811.027482,2025-12-10T03:03:31.027482+00:00
1456,1765335811.0445468,2025-12-10T03:03:31.044546+00:00
1457,1765335811.061589,2025-12-10T03:03:31.061589+00:00
1458,1765335811.0785885,2025-12-10T03:03:31.078588+00:00
1459,1765335811.0956144,2025-12-10T03:03:31.095614+00:00
1460,1765335811.1127,2025-12-10T03:03:31.112699+00:00
1461,1765335811.1298962,2025-12-10T03:03:31.129896+00:00
1462,1765335811.146915,2025-12-10T03:03:31.146915+00:00
1463,1765335811.1639137,2025-12-10T03:03:31.163913+00:00
1464,1765335811.1809797,2025-12-10T03:03:31.180979+00:00
1465,1765335811.1980314,2025-12-10T03:03:31.198031+00:00
1466,1765335811.2149878,2025-12-10T03:03:31.214987+00:00
1467,1765335811.232161,2025-12-10T03:03:31.232161+00:00
1468,1765335811.2492821,2025-12-10T03:03:31.249282+00:00
1469,1765335811.2662807,2025-12-10T03:03:31.266280+00:00
1470,1765335811.2833858,2025-12-10T03:03:31.283385+00:00
1471,1765335811.300526,2025-12-10T03:03:31.300525+00:00
1472,1765335811.3173418,2025-12-10T03:03:31.317341+00:00
1473,1765335811.3341901,2025-12-10T03:03:31.334190+00:00
1474,1765335811.351274,2025-12-10T03:03:31.351274+00:00
1475,1765335811.3681676,2025-12-10T03:03:31.368167+00:00
1476,1765335811.3854136,2025-12-10T03:03:31.385413+00:00
1477,1765335811.4021595,2025-12-10T03:03:31.402159+00:00
1478,1765335811.4194136,2025-12-10T03:03:31.419413+00:00
1479,1765335811.4361641,2025-12-10T03:03:31.436164+00:00
1480,1765335811.4529328,2025-12-10T03:03:31.452932+00:00
1481,1765335811.4699566,2025-12-10T03:03:31.469956+00:00
1482,1765335811.4871564,2025-12-10T03:03:31.487156+00:00
1483,1765335811.5038862,2025-12-10T03:03:31.503886+00:00
1484,1765335811.520735,2025-12-10T03:03:31.520735+00:00
1485,1765335811.5376396,2025-12-10T03:03:31.537639+00:00
1486,1765335811.5544198,2025-12-10T03:03:31.554419+00:00
1487,1765335811.571701,2025-12-10T03:03:31.571701+00:00
1488,1765335811.588722,2025-12-10T03:03:31.588722+00:00
1489,1765335811.6055152,2025-12-10T03:03:31.605515+00:00
1490,1765335811.6224153,2025-12-10T03:03:31.622415+00:00
1491,1765335811.6395524,2025-12-10T03:03:31.639552+00:00
1492,1765335811.6565914,2025-12-10T03:03:31.656591+00:00
1493,1765335811.673711,2025-12-10T03:03:31.673711+00:00
1494,1765335811.6907384,2025-12-10T03:03:31.690738+00:00
1495,1765335811.707774,2025-12-10T03:03:31.707774+00:00
1496,1765335811.7247112,2025-12-10T03:03:31.724711+00:00
1497,1765335811.7419484,2025-12-10T03:03:31.741948+00:00
1498,1765335811.7586873,2025-12-10T03:03:31.758687+00:00
1499,1765335811.7758377,2025-12-10T03:03:31.775837+00:00
1500,1765335811.7925851,2025-12-10T03:03:31.792585+00:00
1501,1765335811.8096116,2025-12-10T03:03:31.809611+00:00
1502,1765335811.8264015,2025-12-10T03:03:31.826401+00:00
1503,1765335811.8436124,2025-12-10T03:03:31.843612+00:00
1504,1765335811.8610637,2025-12-10T03:03:31.861063+00:00
1505,1765335811.878173,2025-12-10T03:03:31.878173+00:00
1506,1765335811.8951285,2025-12-10T03:03:31.895128+00:00
1507,1765335811.9122999,2025-12-10T03:03:31.912299+00:00
1508,1765335811.929393,2025-12-10T03:03:31.929393+00:00
1509,1765335811.9462235,2025-12-10T03:03:31.946223+00:00
1510,1765335811.9633996,2025-12-10T03:03:31.963399+00:00
1511,1765335811.9806726,2025-12-10T03:03:31.980672+00:00
1512,1765335811.9974535,2025-12-10T03:03:31.997453+00:00
1513,1765335812.0145118,2025-12-10T03:03:32.014511+00:00
1514,1765335812.0314455,2025-12-10T03:03:32.031445+00:00
1515,1765335812.0484908,2025-12-10T03:03:32.048490+00:00
1516,1765335812.065532,2025-12-10T03:03:32.065531+00:00
1517,1765335812.0825608,2025-12-10T03:03:32.082560+00:00
1518,1765335812.0995817,2025-12-10T03:03:32.099581+00:00
1519,1765335812.116342,2025-12-10T03:03:32.116341+00:00
1520,1765335812.1334555,2025-12-10T03:03:32.133455+00:00
1521,1765335812.1503203,2025-12-10T03:03:32.150320+00:00
1522,1765335812.1673436,2025-12-10T03:03:32.167343+00:00
1523,1765335812.184368,2025-12-10T03:03:32.184367+00:00
1524,1765335812.201536,2025-12-10T03:03:32.201536+00:00
1525,1765335812.218279,2025-12-10T03:03:32.218278+00:00
1526,1765335812.235279,2025-12-10T03:03:32.235279+00:00
1527,1765335812.2522085,2025-12-10T03:03:32.252208+00:00
1528,1765335812.2694347,2025-12-10T03:03:32.269434+00:00
1529,1765335812.2866375,2025-12-10T03:03:32.286637+00:00
1530,1765335812.3036401,2025-12-10T03:03:32.303640+00:00
1531,1765335812.320444,2025-12-10T03:03:32.320444+00:00
1532,1765335812.337592,2025-12-10T03:03:32.337591+00:00
1533,1765335812.354727,2025-12-10T03:03:32.354727+00:00
1534,1765335812.3716204,2025-12-10T03:03:32.371620+00:00
1535,1765335812.3884406,2025-12-10T03:03:32.388440+00:00
1536,1765335812.4054515,2025-12-10T03:03:32.405451+00:00
1537,1765335812.4227643,2025-12-10T03:03:32.422764+00:00
1538,1765335812.440084,2025-12-10T03:03:32.440084+00:00
1539,1765335812.4571297,2025-12-10T03:03:32.457129+00:00
1540,1765335812.4739368,2025-12-10T03:03:32.473937+00:00
1541,1765335812.4910734,2025-12-10T03:03:32.491073+00:00
1542,1765335812.508014,2025-12-10T03:03:32.508014+00:00
1543,1765335812.5250933,2025-12-10T03:03:32.525093+00:00
1544,1765335812.541915,2025-12-10T03:03:32.541914+00:00
1545,1765335812.5589404,2025-12-10T03:03:32.558940+00:00
1546,1765335812.5759964,2025-12-10T03:03:32.575996+00:00
1547,1765335812.592734,2025-12-10T03:03:32.592734+00:00
1548,1765335812.6095946,2025-12-10T03:03:32.609594+00:00
1549,1765335812.6266246,2025-12-10T03:03:32.626624+00:00
1550,1765335812.6434813,2025-12-10T03:03:32.643481+00:00
1551,1765335812.6605177,2025-12-10T03:03:32.660517+00:00
1552,1765335812.677537,2025-12-10T03:03:32.677537+00:00
1553,1765335812.694424,2025-12-10T03:03:32.694423+00:00
1554,1765335812.7114406,2025-12-10T03:03:32.711440+00:00
1555,1765335812.728614,2025-12-10T03:03:32.728614+00:00
1556,1765335812.7454972,2025-12-10T03:03:32.745497+00:00
1557,1765335812.7626128,2025-12-10T03:03:32.762612+00:00
1558,1765335812.7796433,2025-12-10T03:03:32.779643+00:00
1559,1765335812.7968087,2025-12-10T03:03:32.796808+00:00
1560,1765335812.8142812,2025-12-10T03:03:32.814281+00:00
1561,1765335812.8311267,2025-12-10T03:03:32.831126+00:00
1562,1765335812.848326,2025-12-10T03:03:32.848326+00:00
1563,1765335812.86507,2025-12-10T03:03:32.865070+00:00
1564,1765335812.8822422,2025-12-10T03:03:32.882242+00:00
1565,1765335812.8992178,2025-12-10T03:03:32.899218+00:00
1566,1765335812.91636,2025-12-10T03:03:32.916360+00:00
1567,1765335812.9332466,2025-12-10T03:03:32.933246+00:00
1568,1765335812.9504964,2025-12-10T03:03:32.950496+00:00
1569,1765335812.967526,2025-12-10T03:03:32.967525+00:00
1570,1765335812.9845707,2025-12-10T03:03:32.984570+00:00
1571,1765335813.00161,2025-12-10T03:03:33.001610+00:00
1572,1765335813.0186365,2025-12-10T03:03:33.018636+00:00
1573,1765335813.0356708,2025-12-10T03:03:33.035670+00:00
1574,1765335813.0524576,2025-12-10T03:03:33.052457+00:00
1575,1765335813.06923,2025-12-10T03:03:33.069230+00:00
1576,1765335813.086491,2025-12-10T03:03:33.086491+00:00
1577,1765335813.1036854,2025-12-10T03:03:33.103685+00:00
1578,1765335813.1207216,2025-12-10T03:03:33.120721+00:00
1579,1765335813.137741,2025-12-10T03:03:33.137741+00:00
1580,1765335813.1547787,2025-12-10T03:03:33.154778+00:00
1581,1765335813.1718054,2025-12-10T03:03:33.171805+00:00
1582,1765335813.188823,2025-12-10T03:03:33.188823+00:00
1583,1765335813.2059124,2025-12-10T03:03:33.205912+00:00
1584,1765335813.2229779,2025-12-10T03:03:33.222977+00:00
1585,1765335813.2402096,2025-12-10T03:03:33.240209+00:00
1586,1765335813.2575793,2025-12-10T03:03:33.257579+00:00
1587,1765335813.2746847,2025-12-10T03:03:33.274684+00:00
1588,1765335813.2917376,2025-12-10T03:03:33.291737+00:00
1589,1765335813.30877,2025-12-10T03:03:33.308770+00:00
1590,1765335813.3259125,2025-12-10T03:03:33.325912+00:00
1591,1765335813.3429465,2025-12-10T03:03:33.342946+00:00
1592,1765335813.3599837,2025-12-10T03:03:33.359983+00:00
1593,1765335813.3771033,2025-12-10T03:03:33.377103+00:00
1594,1765335813.393893,2025-12-10T03:03:33.393893+00:00
1595,1765335813.410686,2025-12-10T03:03:33.410685+00:00
1596,1765335813.427698,2025-12-10T03:03:33.427697+00:00
1597,1765335813.4446588,2025-12-10T03:03:33.444658+00:00
1598,1765335813.4616878,2025-12-10T03:03:33.461687+00:00
1599,1765335813.4786937,2025-12-10T03:03:33.478693+00:00
1600,1765335813.4957392,2025-12-10T03:03:33.495739+00:00
1601,1765335813.5126965,2025-12-10T03:03:33.512696+00:00
1602,1765335813.5297327,2025-12-10T03:03:33.529732+00:00
1603,1765335813.5466197,2025-12-10T03:03:33.546619+00:00
1604,1765335813.5633605,2025-12-10T03:03:33.563360+00:00
1605,1765335813.5802202,2025-12-10T03:03:33.580220+00:00
1606,1765335813.5972395,2025-12-10T03:03:33.597239+00:00
1607,1765335813.6141832,2025-12-10T03:03:33.614183+00:00
1608,1765335813.6313488,2025-12-10T03:03:33.631348+00:00
1609,1765335813.6484714,2025-12-10T03:03:33.648471+00:00
1610,1765335813.6653333,2025-12-10T03:03:33.665333+00:00
1611,1765335813.6820939,2025-12-10T03:03:33.682093+00:00
1612,1765335813.6993344,2025-12-10T03:03:33.699334+00:00
1613,1765335813.7164757,2025-12-10T03:03:33.716475+00:00
1614,1765335813.7335315,2025-12-10T03:03:33.733531+00:00
1615,1765335813.750601,2025-12-10T03:03:33.750600+00:00
1616,1765335813.7676277,2025-12-10T03:03:33.767627+00:00
1617,1765335813.7844825,2025-12-10T03:03:33.784482+00:00
1618,1765335813.8015313,2025-12-10T03:03:33.801531+00:00
1619,1765335813.8185568,2025-12-10T03:03:33.818556+00:00
1620,1765335813.8356447,2025-12-10T03:03:33.835644+00:00
1621,1765335813.852859,2025-12-10T03:03:33.852859+00:00
1622,1765335813.8698092,2025-12-10T03:03:33.869809+00:00
1623,1765335813.886848,2025-12-10T03:03:33.886847+00:00
1624,1765335813.903615,2025-12-10T03:03:33.903615+00:00
1625,1765335813.9206872,2025-12-10T03:03:33.920687+00:00
1626,1765335813.937732,2025-12-10T03:03:33.937732+00:00
1627,1765335813.9545221,2025-12-10T03:03:33.954522+00:00
1628,1765335813.971643,2025-12-10T03:03:33.971643+00:00
1629,1765335813.9886882,2025-12-10T03:03:33.988688+00:00
1630,1765335814.005451,2025-12-10T03:03:34.005451+00:00
1631,1765335814.0222142,2025-12-10T03:03:34.022214+00:00
1632,1765335814.0392938,2025-12-10T03:03:34.039293+00:00
1633,1765335814.056515,2025-12-10T03:03:34.056515+00:00
1634,1765335814.0735474,2025-12-10T03:03:34.073547+00:00
1635,1765335814.0906813,2025-12-10T03:03:34.090681+00:00
1636,1765335814.1077197,2025-12-10T03:03:34.107719+00:00
1637,1765335814.124832,2025-12-10T03:03:34.124832+00:00
1638,1765335814.142015,2025-12-10T03:03:34.142015+00:00
1639,1765335814.1590633,2025-12-10T03:03:34.159063+00:00
1640,1765335814.1758215,2025-12-10T03:03:34.175821+00:00
1641,1765335814.193023,2025-12-10T03:03:34.193023+00:00
1642,1765335814.2101295,2025-12-10T03:03:34.210129+00:00
1643,1765335814.2271805,2025-12-10T03:03:34.227180+00:00
1644,1765335814.2442594,2025-12-10T03:03:34.244259+00:00
1645,1765335814.2613897,2025-12-10T03:03:34.261389+00:00
1646,1765335814.2784116,2025-12-10T03:03:34.278411+00:00
1647,1765335814.2954805,2025-12-10T03:03:34.295480+00:00
1648,1765335814.3125408,2025-12-10T03:03:34.312540+00:00
1649,1765335814.3294396,2025-12-10T03:03:34.329439+00:00
1650,1765335814.346283,2025-12-10T03:03:34.346283+00:00
1651,1765335814.363019,2025-12-10T03:03:34.363018+00:00
1652,1765335814.3798866,2025-12-10T03:03:34.379886+00:00
1653,1765335814.3971014,2025-12-10T03:03:34.397101+00:00
1654,1765335814.414222,2025-12-10T03:03:34.414222+00:00
1655,1765335814.4313738,2025-12-10T03:03:34.431373+00:00
1656,1765335814.448391,2025-12-10T03:03:34.448390+00:00
1657,1765335814.4652212,2025-12-10T03:03:34.465221+00:00
1658,1765335814.4823332,2025-12-10T03:03:34.482333+00:00
1659,1765335814.4991448,2025-12-10T03:03:34.499144+00:00
1660,1765335814.5164676,2025-12-10T03:03:34.516467+00:00
1661,1765335814.533679,2025-12-10T03:03:34.533679+00:00
1662,1765335814.5506957,2025-12-10T03:03:34.550695+00:00
1663,1765335814.5677173,2025-12-10T03:03:34.567717+00:00
1664,1765335814.584843,2025-12-10T03:03:34.584843+00:00
1665,1765335814.6025357,2025-12-10T03:03:34.602535+00:00
1666,1765335814.6195989,2025-12-10T03:03:34.619598+00:00
1667,1765335814.6366346,2025-12-10T03:03:34.636634+00:00
1668,1765335814.6536725,2025-12-10T03:03:34.653672+00:00
1669,1765335814.6709063,2025-12-10T03:03:34.670906+00:00
1670,1765335814.6879342,2025-12-10T03:03:34.687934+00:00
1671,1765335814.7049556,2025-12-10T03:03:34.704955+00:00
1672,1765335814.7217877,2025-12-10T03:03:34.721787+00:00
1673,1765335814.7388034,2025-12-10T03:03:34.738803+00:00
1674,1765335814.756004,2025-12-10T03:03:34.756004+00:00
1675,1765335814.7730742,2025-12-10T03:03:34.773074+00:00
1676,1765335814.790131,2025-12-10T03:03:34.790131+00:00
1677,1765335814.807118,2025-12-10T03:03:34.807117+00:00
1678,1765335814.8241556,2025-12-10T03:03:34.824155+00:00
1679,1765335814.8413699,2025-12-10T03:03:34.841369+00:00
1680,1765335814.8583941,2025-12-10T03:03:34.858394+00:00
1681,1765335814.8754308,2025-12-10T03:03:34.875430+00:00
1682,1765335814.8925765,2025-12-10T03:03:34.892576+00:00
1683,1765335814.9098368,2025-12-10T03:03:34.909836+00:00
1684,1765335814.9269514,2025-12-10T03:03:34.926951+00:00
1685,1765335814.9437568,2025-12-10T03:03:34.943756+00:00
1686,1765335814.9607792,2025-12-10T03:03:34.960779+00:00
1687,1765335814.977806,2025-12-10T03:03:34.977806+00:00
1688,1765335814.9947085,2025-12-10T03:03:34.994708+00:00
1689,1765335815.011891,2025-12-10T03:03:35.011890+00:00
1690,1765335815.0289228,2025-12-10T03:03:35.028922+00:00
1691,1765335815.0459638,2025-12-10T03:03:35.045963+00:00
1692,1765335815.0629659,2025-12-10T03:03:35.062965+00:00
1693,1765335815.0801036,2025-12-10T03:03:35.080103+00:00
1694,1765335815.0969908,2025-12-10T03:03:35.096990+00:00
1695,1765335815.1140306,2025-12-10T03:03:35.114030+00:00
1696,1765335815.1310732,2025-12-10T03:03:35.131073+00:00
1697,1765335815.1481032,2025-12-10T03:03:35.148103+00:00
1698,1765335815.1651485,2025-12-10T03:03:35.165148+00:00
1699,1765335815.1821604,2025-12-10T03:03:35.182160+00:00
1700,1765335815.199229,2025-12-10T03:03:35.199229+00:00
1701,1765335815.2166119,2025-12-10T03:03:35.216611+00:00
1702,1765335815.2334945,2025-12-10T03:03:35.233494+00:00
1703,1765335815.250733,2025-12-10T03:03:35.250732+00:00
1704,1765335815.2675345,2025-12-10T03:03:35.267534+00:00
1705,1765335815.284567,2025-12-10T03:03:35.284567+00:00
1706,1765335815.3016868,2025-12-10T03:03:35.301686+00:00
1707,1765335815.3186686,2025-12-10T03:03:35.318668+00:00
1708,1765335815.3355017,2025-12-10T03:03:35.335501+00:00
1709,1765335815.3522427,2025-12-10T03:03:35.352242+00:00
1710,1765335815.3692663,2025-12-10T03:03:35.369266+00:00
1711,1765335815.3861694,2025-12-10T03:03:35.386169+00:00
1712,1765335815.4033937,2025-12-10T03:03:35.403393+00:00
1713,1765335815.4204366,2025-12-10T03:03:35.420436+00:00
1714,1765335815.4374566,2025-12-10T03:03:35.437456+00:00
1715,1765335815.4543397,2025-12-10T03:03:35.454339+00:00
1716,1765335815.4711163,2025-12-10T03:03:35.471116+00:00
1717,1765335815.4881384,2025-12-10T03:03:35.488138+00:00
1718,1765335815.5050094,2025-12-10T03:03:35.505009+00:00
1719,1765335815.5222235,2025-12-10T03:03:35.522223+00:00
1720,1765335815.5390184,2025-12-10T03:03:35.539018+00:00
1721,1765335815.5560157,2025-12-10T03:03:35.556015+00:00
1722,1765335815.5731943,2025-12-10T03:03:35.573194+00:00
1723,1765335815.590343,2025-12-10T03:03:35.590342+00:00
1724,1765335815.6072288,2025-12-10T03:03:35.607228+00:00
1725,1765335815.624,2025-12-10T03:03:35.624000+00:00
1726,1765335815.6410248,2025-12-10T03:03:35.641024+00:00
1727,1765335815.6579316,2025-12-10T03:03:35.657931+00:00
1728,1765335815.675099,2025-12-10T03:03:35.675099+00:00
1729,1765335815.6922102,2025-12-10T03:03:35.692210+00:00
1730,1765335815.7091315,2025-12-10T03:03:35.709131+00:00
1731,1765335815.7260847,2025-12-10T03:03:35.726084+00:00
1732,1765335815.7432404,2025-12-10T03:03:35.743240+00:00
1733,1765335815.7605824,2025-12-10T03:03:35.760582+00:00
1734,1765335815.7774985,2025-12-10T03:03:35.777498+00:00
1735,1765335815.7945356,2025-12-10T03:03:35.794535+00:00
1736,1765335815.8114789,2025-12-10T03:03:35.811478+00:00
1737,1765335815.828699,2025-12-10T03:03:35.828699+00:00
1738,1765335815.8457558,2025-12-10T03:03:35.845755+00:00
1739,1765335815.862791,2025-12-10T03:03:35.862791+00:00
1740,1765335815.8798068,2025-12-10T03:03:35.879806+00:00
1741,1765335815.8968422,2025-12-10T03:03:35.896842+00:00
1742,1765335815.9139514,2025-12-10T03:03:35.913951+00:00
1743,1765335815.9310365,2025-12-10T03:03:35.931036+00:00
1744,1765335815.9480684,2025-12-10T03:03:35.948068+00:00
1745,1765335815.9652889,2025-12-10T03:03:35.965289+00:00
1746,1765335815.9821537,2025-12-10T03:03:35.982153+00:00
1747,1765335815.9988859,2025-12-10T03:03:35.998886+00:00
1748,1765335816.0159473,2025-12-10T03:03:36.015947+00:00
1749,1765335816.0331683,2025-12-10T03:03:36.033168+00:00
1750,1765335816.0503116,2025-12-10T03:03:36.050311+00:00
1751,1765335816.0672054,2025-12-10T03:03:36.067205+00:00
1752,1765335816.0841835,2025-12-10T03:03:36.084183+00:00
1753,1765335816.100918,2025-12-10T03:03:36.100918+00:00
1754,1765335816.1178246,2025-12-10T03:03:36.117824+00:00
1755,1765335816.1347167,2025-12-10T03:03:36.134716+00:00
1756,1765335816.1517727,2025-12-10T03:03:36.151772+00:00
1757,1765335816.168768,2025-12-10T03:03:36.168768+00:00
1758,1765335816.1859472,2025-12-10T03:03:36.185947+00:00
1759,1765335816.2029757,2025-12-10T03:03:36.202975+00:00
1760,1765335816.2201295,2025-12-10T03:03:36.220129+00:00
1761,1765335816.2369514,2025-12-10T03:03:36.236951+00:00
1762,1765335816.2539933,2025-12-10T03:03:36.253993+00:00
1763,1765335816.2710469,2025-12-10T03:03:36.271046+00:00
1764,1765335816.2880714,2025-12-10T03:03:36.288071+00:00
1765,1765335816.3051174,2025-12-10T03:03:36.305117+00:00
1766,1765335816.3221881,2025-12-10T03:03:36.322188+00:00
1767,1765335816.3392892,2025-12-10T03:03:36.339289+00:00
1768,1765335816.3564367,2025-12-10T03:03:36.356436+00:00
1769,1765335816.3736525,2025-12-10T03:03:36.373652+00:00
1770,1765335816.390524,2025-12-10T03:03:36.390523+00:00
1771,1765335816.407638,2025-12-10T03:03:36.407638+00:00
1772,1765335816.424548,2025-12-10T03:03:36.424547+00:00
1773,1765335816.4425116,2025-12-10T03:03:36.442511+00:00
1774,1765335816.459704,2025-12-10T03:03:36.459703+00:00
1775,1765335816.4765415,2025-12-10T03:03:36.476541+00:00
1776,1765335816.4937847,2025-12-10T03:03:36.493784+00:00
1777,1765335816.5110302,2025-12-10T03:03:36.511030+00:00
1778,1765335816.5282335,2025-12-10T03:03:36.528233+00:00
1779,1765335816.54534,2025-12-10T03:03:36.545340+00:00
1780,1765335816.5625174,2025-12-10T03:03:36.562517+00:00
1781,1765335816.5795326,2025-12-10T03:03:36.579532+00:00
1782,1765335816.5967069,2025-12-10T03:03:36.596706+00:00
1783,1765335816.6137404,2025-12-10T03:03:36.613740+00:00
1784,1765335816.6308353,2025-12-10T03:03:36.630835+00:00
1785,1765335816.647637,2025-12-10T03:03:36.647636+00:00
1786,1765335816.6645827,2025-12-10T03:03:36.664582+00:00
1787,1765335816.6815238,2025-12-10T03:03:36.681523+00:00
1788,1765335816.6985643,2025-12-10T03:03:36.698564+00:00
1789,1765335816.7156408,2025-12-10T03:03:36.715640+00:00
1790,1765335816.7328343,2025-12-10T03:03:36.732834+00:00
1791,1765335816.7498634,2025-12-10T03:03:36.749863+00:00
1792,1765335816.7669146,2025-12-10T03:03:36.766914+00:00
1793,1765335816.7839587,2025-12-10T03:03:36.783958+00:00
1794,1765335816.8012197,2025-12-10T03:03:36.801219+00:00
1795,1765335816.818289,2025-12-10T03:03:36.818289+00:00
1796,1765335816.835224,2025-12-10T03:03:36.835223+00:00
1797,1765335816.8523726,2025-12-10T03:03:36.852372+00:00
1798,1765335816.8691146,2025-12-10T03:03:36.869114+00:00
1799,1765335816.8861465,2025-12-10T03:03:36.886146+00:00
1800,1765335816.9032884,2025-12-10T03:03:36.903288+00:00
1801,1765335816.920026,2025-12-10T03:03:36.920026+00:00
1802,1765335816.9372146,2025-12-10T03:03:36.937214+00:00
1803,1765335816.9542518,2025-12-10T03:03:36.954251+00:00
1804,1765335816.9712813,2025-12-10T03:03:36.971281+00:00
1805,1765335816.9882545,2025-12-10T03:03:36.988254+00:00
1806,1765335817.005353,2025-12-10T03:03:37.005353+00:00
1807,1765335817.022623,2025-12-10T03:03:37.022623+00:00
1808,1765335817.0395763,2025-12-10T03:03:37.039576+00:00
1809,1765335817.0566814,2025-12-10T03:03:37.056681+00:00
1810,1765335817.073624,2025-12-10T03:03:37.073623+00:00
1811,1765335817.0904274,2025-12-10T03:03:37.090427+00:00
1812,1765335817.1075234,2025-12-10T03:03:37.107523+00:00
1813,1765335817.1243198,2025-12-10T03:03:37.124319+00:00
1814,1765335817.141598,2025-12-10T03:03:37.141597+00:00
1815,1765335817.1586223,2025-12-10T03:03:37.158622+00:00
1816,1765335817.1757615,2025-12-10T03:03:37.175761+00:00
1817,1765335817.1928015,2025-12-10T03:03:37.192801+00:00
1818,1765335817.209825,2025-12-10T03:03:37.209824+00:00
1819,1765335817.226607,2025-12-10T03:03:37.226607+00:00
1820,1765335817.2435713,2025-12-10T03:03:37.243571+00:00
1821,1765335817.2604382,2025-12-10T03:03:37.260438+00:00
1822,1765335817.2771776,2025-12-10T03:03:37.277177+00:00
1823,1765335817.2942617,2025-12-10T03:03:37.294261+00:00
1824,1765335817.3110042,2025-12-10T03:03:37.311004+00:00
1825,1765335817.3283021,2025-12-10T03:03:37.328302+00:00
1826,1765335817.3450434,2025-12-10T03:03:37.345043+00:00
1827,1765335817.3621187,2025-12-10T03:03:37.362118+00:00
1828,1765335817.379277,2025-12-10T03:03:37.379277+00:00
1829,1765335817.3964093,2025-12-10T03:03:37.396409+00:00
1830,1765335817.4134552,2025-12-10T03:03:37.413455+00:00
1831,1765335817.4305358,2025-12-10T03:03:37.430535+00:00
1832,1765335817.4475734,2025-12-10T03:03:37.447573+00:00
1833,1765335817.4646485,2025-12-10T03:03:37.464648+00:00
1834,1765335817.4817092,2025-12-10T03:03:37.481709+00:00
1835,1765335817.4988098,2025-12-10T03:03:37.498809+00:00
1836,1765335817.5156054,2025-12-10T03:03:37.515605+00:00
1837,1765335817.5327635,2025-12-10T03:03:37.532763+00:00
1838,1765335817.5497856,2025-12-10T03:03:37.549785+00:00
1839,1765335817.5668516,2025-12-10T03:03:37.566851+00:00
1840,1765335817.5840821,2025-12-10T03:03:37.584082+00:00
1841,1765335817.600858,2025-12-10T03:03:37.600857+00:00
1842,1765335817.6179008,2025-12-10T03:03:37.617900+00:00
1843,1765335817.634957,2025-12-10T03:03:37.634957+00:00
1844,1765335817.651993,2025-12-10T03:03:37.651993+00:00
1845,1765335817.6690114,2025-12-10T03:03:37.669011+00:00
1846,1765335817.6860442,2025-12-10T03:03:37.686044+00:00
1847,1765335817.7030685,2025-12-10T03:03:37.703068+00:00
1848,1765335817.7200983,2025-12-10T03:03:37.720098+00:00
1849,1765335817.7371285,2025-12-10T03:03:37.737128+00:00
1850,1765335817.7539618,2025-12-10T03:03:37.753961+00:00
1851,1765335817.7709975,2025-12-10T03:03:37.770997+00:00
1852,1765335817.788017,2025-12-10T03:03:37.788017+00:00
1853,1765335817.804896,2025-12-10T03:03:37.804896+00:00
1854,1765335817.8219466,2025-12-10T03:03:37.821946+00:00
1855,1765335817.8389673,2025-12-10T03:03:37.838967+00:00
1856,1765335817.8560047,2025-12-10T03:03:37.856004+00:00
1857,1765335817.8730447,2025-12-10T03:03:37.873044+00:00
1858,1765335817.89009,2025-12-10T03:03:37.890089+00:00
1859,1765335817.9069898,2025-12-10T03:03:37.906989+00:00
1860,1765335817.9240484,2025-12-10T03:03:37.924048+00:00
1861,1765335817.9410791,2025-12-10T03:03:37.941079+00:00
1862,1765335817.958288,2025-12-10T03:03:37.958287+00:00
1863,1765335817.9753392,2025-12-10T03:03:37.975339+00:00
1864,1765335817.992436,2025-12-10T03:03:37.992436+00:00
1865,1765335818.0091915,2025-12-10T03:03:38.009191+00:00
1866,1765335818.0264213,2025-12-10T03:03:38.026421+00:00
1867,1765335818.0436285,2025-12-10T03:03:38.043628+00:00
1868,1765335818.0606978,2025-12-10T03:03:38.060697+00:00
1869,1765335818.0778139,2025-12-10T03:03:38.077813+00:00
1870,1765335818.0948584,2025-12-10T03:03:38.094858+00:00
1871,1765335818.1118839,2025-12-10T03:03:38.111883+00:00
1872,1765335818.1287794,2025-12-10T03:03:38.128779+00:00
1873,1765335818.145857,2025-12-10T03:03:38.145857+00:00
1874,1765335818.1630812,2025-12-10T03:03:38.163081+00:00
1875,1765335818.180016,2025-12-10T03:03:38.180016+00:00
1876,1765335818.1970587,2025-12-10T03:03:38.197058+00:00
1877,1765335818.2141025,2025-12-10T03:03:38.214102+00:00
1878,1765335818.2310946,2025-12-10T03:03:38.231094+00:00
1879,1765335818.2482343,2025-12-10T03:03:38.248234+00:00
1880,1765335818.2652998,2025-12-10T03:03:38.265299+00:00
1881,1765335818.2823718,2025-12-10T03:03:38.282371+00:00
1882,1765335818.2993984,2025-12-10T03:03:38.299398+00:00
1883,1765335818.3208797,2025-12-10T03:03:38.320879+00:00
1884,1765335818.3379247,2025-12-10T03:03:38.337924+00:00
1885,1765335818.3549721,2025-12-10T03:03:38.354972+00:00
1886,1765335818.3722136,2025-12-10T03:03:38.372213+00:00
1887,1765335818.3892493,2025-12-10T03:03:38.389249+00:00
1888,1765335818.4064944,2025-12-10T03:03:38.406494+00:00
1889,1765335818.4237294,2025-12-10T03:03:38.423729+00:00
1890,1765335818.440751,2025-12-10T03:03:38.440751+00:00
1891,1765335818.4577703,2025-12-10T03:03:38.457770+00:00
1892,1765335818.4749708,2025-12-10T03:03:38.474970+00:00
1893,1765335818.4919941,2025-12-10T03:03:38.491994+00:00
1894,1765335818.5091326,2025-12-10T03:03:38.509132+00:00
1895,1765335818.5262942,2025-12-10T03:03:38.526294+00:00
1896,1765335818.543043,2025-12-10T03:03:38.543042+00:00
1897,1765335818.5600655,2025-12-10T03:03:38.560065+00:00
1898,1765335818.5770867,2025-12-10T03:03:38.577086+00:00
1899,1765335818.5942628,2025-12-10T03:03:38.594262+00:00
1900,1765335818.6112745,2025-12-10T03:03:38.611274+00:00
1901,1765335818.6283233,2025-12-10T03:03:38.628323+00:00
1902,1765335818.6452677,2025-12-10T03:03:38.645267+00:00
1903,1765335818.6621377,2025-12-10T03:03:38.662137+00:00
1904,1765335818.679171,2025-12-10T03:03:38.679171+00:00
1905,1765335818.6962788,2025-12-10T03:03:38.696278+00:00
1906,1765335818.7134535,2025-12-10T03:03:38.713453+00:00
1907,1765335818.7302341,2025-12-10T03:03:38.730234+00:00
1908,1765335818.7472672,2025-12-10T03:03:38.747267+00:00
1909,1765335818.7644968,2025-12-10T03:03:38.764497+00:00
1910,1765335818.781913,2025-12-10T03:03:38.781913+00:00
1911,1765335818.798958,2025-12-10T03:03:38.798958+00:00
1912,1765335818.8160925,2025-12-10T03:03:38.816092+00:00
1913,1765335818.833148,2025-12-10T03:03:38.833147+00:00
1914,1765335818.850304,2025-12-10T03:03:38.850304+00:00
1915,1765335818.8674567,2025-12-10T03:03:38.867456+00:00
1916,1765335818.884505,2025-12-10T03:03:38.884505+00:00
1917,1765335818.901657,2025-12-10T03:03:38.901657+00:00
1918,1765335818.9185886,2025-12-10T03:03:38.918588+00:00
1919,1765335818.9355989,2025-12-10T03:03:38.935598+00:00
1920,1765335818.9527307,2025-12-10T03:03:38.952730+00:00
1921,1765335818.9697437,2025-12-10T03:03:38.969743+00:00
1922,1765335818.986797,2025-12-10T03:03:38.986797+00:00
1923,1765335819.0038106,2025-12-10T03:03:39.003810+00:00
1924,1765335819.0205574,2025-12-10T03:03:39.020557+00:00
1925,1765335819.0378087,2025-12-10T03:03:39.037808+00:00
1926,1765335819.0547583,2025-12-10T03:03:39.054758+00:00
1927,1765335819.0714967,2025-12-10T03:03:39.071496+00:00
1928,1765335819.0882764,2025-12-10T03:03:39.088276+00:00
1929,1765335819.1052845,2025-12-10T03:03:39.105284+00:00
1930,1765335819.1223853,2025-12-10T03:03:39.122385+00:00
1931,1765335819.1394925,2025-12-10T03:03:39.139492+00:00
1932,1765335819.1563137,2025-12-10T03:03:39.156313+00:00
1933,1765335819.1734464,2025-12-10T03:03:39.173446+00:00
1934,1765335819.1905963,2025-12-10T03:03:39.190596+00:00
1935,1765335819.2076209,2025-12-10T03:03:39.207620+00:00
1936,1765335819.2243943,2025-12-10T03:03:39.224394+00:00
1937,1765335819.2414942,2025-12-10T03:03:39.241494+00:00
1938,1765335819.2586782,2025-12-10T03:03:39.258678+00:00
1939,1765335819.2756164,2025-12-10T03:03:39.275616+00:00
1940,1765335819.2927885,2025-12-10T03:03:39.292788+00:00
1941,1765335819.3097866,2025-12-10T03:03:39.309786+00:00
1942,1765335819.3268275,2025-12-10T03:03:39.326827+00:00
1943,1765335819.343849,2025-12-10T03:03:39.343849+00:00
1944,1765335819.3612108,2025-12-10T03:03:39.361211+00:00
1945,1765335819.3781226,2025-12-10T03:03:39.378122+00:00
1946,1765335819.394929,2025-12-10T03:03:39.394928+00:00
1947,1765335819.411945,2025-12-10T03:03:39.411945+00:00
1948,1765335819.4290833,2025-12-10T03:03:39.429083+00:00
1949,1765335819.4461749,2025-12-10T03:03:39.446174+00:00
1950,1765335819.4634266,2025-12-10T03:03:39.463426+00:00
1951,1765335819.480257,2025-12-10T03:03:39.480256+00:00
1952,1765335819.4971726,2025-12-10T03:03:39.497172+00:00
1953,1765335819.5142326,2025-12-10T03:03:39.514232+00:00
1954,1765335819.5311263,2025-12-10T03:03:39.531126+00:00
1955,1765335819.5483346,2025-12-10T03:03:39.548334+00:00
1956,1765335819.5653207,2025-12-10T03:03:39.565320+00:00
1957,1765335819.5821326,2025-12-10T03:03:39.582132+00:00
1958,1765335819.5993528,2025-12-10T03:03:39.599352+00:00
1959,1765335819.6166093,2025-12-10T03:03:39.616609+00:00
1960,1765335819.633647,2025-12-10T03:03:39.633646+00:00
1961,1765335819.6507983,2025-12-10T03:03:39.650798+00:00
1962,1765335819.6678166,2025-12-10T03:03:39.667816+00:00
1963,1765335819.6848943,2025-12-10T03:03:39.684894+00:00
1964,1765335819.701922,2025-12-10T03:03:39.701922+00:00
1965,1765335819.7189536,2025-12-10T03:03:39.718953+00:00
1966,1765335819.735987,2025-12-10T03:03:39.735986+00:00
1967,1765335819.7527244,2025-12-10T03:03:39.752724+00:00
1968,1765335819.7698998,2025-12-10T03:03:39.769899+00:00
1969,1765335819.7869368,2025-12-10T03:03:39.786936+00:00
1970,1765335819.8039708,2025-12-10T03:03:39.803970+00:00
1971,1765335819.8210018,2025-12-10T03:03:39.821001+00:00
1972,1765335819.8381712,2025-12-10T03:03:39.838171+00:00
1973,1765335819.8549066,2025-12-10T03:03:39.854906+00:00
1974,1765335819.8719366,2025-12-10T03:03:39.871936+00:00
1975,1765335819.8888066,2025-12-10T03:03:39.888806+00:00
1976,1765335819.905988,2025-12-10T03:03:39.905988+00:00
1977,1765335819.9230866,2025-12-10T03:03:39.923086+00:00
1978,1765335819.9401176,2025-12-10T03:03:39.940117+00:00
1979,1765335819.957088,2025-12-10T03:03:39.957088+00:00
1980,1765335819.974007,2025-12-10T03:03:39.974006+00:00
1981,1765335819.9910388,2025-12-10T03:03:39.991038+00:00
1982,1765335820.0080664,2025-12-10T03:03:40.008066+00:00
1983,1765335820.0248368,2025-12-10T03:03:40.024836+00:00
1984,1765335820.041999,2025-12-10T03:03:40.041999+00:00
1985,1765335820.0590231,2025-12-10T03:03:40.059023+00:00
1986,1765335820.0760732,2025-12-10T03:03:40.076073+00:00
1987,1765335820.0931437,2025-12-10T03:03:40.093143+00:00
1988,1765335820.110171,2025-12-10T03:03:40.110171+00:00
1989,1765335820.127277,2025-12-10T03:03:40.127276+00:00
1990,1765335820.144193,2025-12-10T03:03:40.144193+00:00
1991,1765335820.161315,2025-12-10T03:03:40.161315+00:00
1992,1765335820.1786304,2025-12-10T03:03:40.178630+00:00
1993,1765335820.1955078,2025-12-10T03:03:40.195507+00:00
1994,1765335820.2122753,2025-12-10T03:03:40.212275+00:00
1995,1765335820.2293026,2025-12-10T03:03:40.229302+00:00
1996,1765335820.2462656,2025-12-10T03:03:40.246265+00:00
1997,1765335820.2633185,2025-12-10T03:03:40.263318+00:00
1998,1765335820.2805126,2025-12-10T03:03:40.280512+00:00
1999,1765335820.2976549,2025-12-10T03:03:40.297654+00:00
2000,1765335820.3145263,2025-12-10T03:03:40.314526+00:00
2001,1765335820.331585,2025-12-10T03:03:40.331585+00:00
2002,1765335820.3483272,2025-12-10T03:03:40.348327+00:00
2003,1765335820.3651156,2025-12-10T03:03:40.365115+00:00
2004,1765335820.3823252,2025-12-10T03:03:40.382325+00:00
2005,1765335820.399389,2025-12-10T03:03:40.399388+00:00
2006,1765335820.4165099,2025-12-10T03:03:40.416509+00:00
2007,1765335820.4336112,2025-12-10T03:03:40.433611+00:00
2008,1765335820.4506474,2025-12-10T03:03:40.450647+00:00
2009,1765335820.4676726,2025-12-10T03:03:40.467672+00:00
2010,1765335820.4847708,2025-12-10T03:03:40.484770+00:00
2011,1765335820.5020075,2025-12-10T03:03:40.502007+00:00
2012,1765335820.519027,2025-12-10T03:03:40.519027+00:00
2013,1765335820.5361047,2025-12-10T03:03:40.536104+00:00
2014,1765335820.5551896,2025-12-10T03:03:40.555189+00:00
2015,1765335820.572754,2025-12-10T03:03:40.572754+00:00
2016,1765335820.5900137,2025-12-10T03:03:40.590013+00:00
2017,1765335820.6071744,2025-12-10T03:03:40.607174+00:00
2018,1765335820.624333,2025-12-10T03:03:40.624332+00:00
2019,1765335820.6414943,2025-12-10T03:03:40.641494+00:00
2020,1765335820.6582408,2025-12-10T03:03:40.658240+00:00
2021,1765335820.6752946,2025-12-10T03:03:40.675294+00:00
2022,1765335820.6922965,2025-12-10T03:03:40.692296+00:00
2023,1765335820.7094252,2025-12-10T03:03:40.709425+00:00
2024,1765335820.7261925,2025-12-10T03:03:40.726192+00:00
2025,1765335820.7430747,2025-12-10T03:03:40.743074+00:00
2026,1765335820.759901,2025-12-10T03:03:40.759900+00:00
2027,1765335820.7770703,2025-12-10T03:03:40.777070+00:00
2028,1765335820.7941434,2025-12-10T03:03:40.794143+00:00
2029,1765335820.811036,2025-12-10T03:03:40.811036+00:00
2030,1765335820.828107,2025-12-10T03:03:40.828107+00:00
2031,1765335820.8451507,2025-12-10T03:03:40.845150+00:00
2032,1765335820.862221,2025-12-10T03:03:40.862221+00:00
2033,1765335820.8793278,2025-12-10T03:03:40.879327+00:00
2034,1765335820.896263,2025-12-10T03:03:40.896262+00:00
2035,1765335820.913293,2025-12-10T03:03:40.913292+00:00
2036,1765335820.9303505,2025-12-10T03:03:40.930350+00:00
2037,1765335820.9473977,2025-12-10T03:03:40.947397+00:00
2038,1765335820.9641974,2025-12-10T03:03:40.964197+00:00
2039,1765335820.9809709,2025-12-10T03:03:40.980970+00:00
2040,1765335820.9978328,2025-12-10T03:03:40.997832+00:00
2041,1765335821.0148714,2025-12-10T03:03:41.014871+00:00
2042,1765335821.032028,2025-12-10T03:03:41.032028+00:00
2043,1765335821.0490465,2025-12-10T03:03:41.049046+00:00
2044,1765335821.065835,2025-12-10T03:03:41.065834+00:00
2045,1765335821.082855,2025-12-10T03:03:41.082854+00:00
2046,1765335821.099886,2025-12-10T03:03:41.099885+00:00
2047,1765335821.1168356,2025-12-10T03:03:41.116835+00:00
2048,1765335821.1338844,2025-12-10T03:03:41.133884+00:00
2049,1765335821.1506698,2025-12-10T03:03:41.150669+00:00
2050,1765335821.1679149,2025-12-10T03:03:41.167914+00:00
2051,1765335821.1849036,2025-12-10T03:03:41.184903+00:00
2052,1765335821.2020583,2025-12-10T03:03:41.202058+00:00
2053,1765335821.2190819,2025-12-10T03:03:41.219082+00:00
2054,1765335821.235844,2025-12-10T03:03:41.235843+00:00
2055,1765335821.252596,2025-12-10T03:03:41.252595+00:00
2056,1765335821.26977,2025-12-10T03:03:41.269770+00:00
2057,1765335821.2869198,2025-12-10T03:03:41.286920+00:00
2058,1765335821.303959,2025-12-10T03:03:41.303958+00:00
2059,1765335821.3210227,2025-12-10T03:03:41.321022+00:00
2060,1765335821.3380513,2025-12-10T03:03:41.338051+00:00
2061,1765335821.3551497,2025-12-10T03:03:41.355149+00:00
2062,1765335821.3723276,2025-12-10T03:03:41.372327+00:00
2063,1765335821.3893497,2025-12-10T03:03:41.389349+00:00
2064,1765335821.406388,2025-12-10T03:03:41.406387+00:00
2065,1765335821.4231422,2025-12-10T03:03:41.423142+00:00
2066,1765335821.4402204,2025-12-10T03:03:41.440220+00:00
2067,1765335821.4573314,2025-12-10T03:03:41.457331+00:00
2068,1765335821.4740784,2025-12-10T03:03:41.474078+00:00
2069,1765335821.4910622,2025-12-10T03:03:41.491062+00:00
2070,1765335821.508047,2025-12-10T03:03:41.508047+00:00
2071,1765335821.5247867,2025-12-10T03:03:41.524786+00:00
2072,1765335821.5419571,2025-12-10T03:03:41.541957+00:00
2073,1765335821.5591075,2025-12-10T03:03:41.559107+00:00
2074,1765335821.5762613,2025-12-10T03:03:41.576261+00:00
2075,1765335821.5933492,2025-12-10T03:03:41.593349+00:00
2076,1765335821.610365,2025-12-10T03:03:41.610364+00:00
2077,1765335821.6274066,2025-12-10T03:03:41.627406+00:00
2078,1765335821.644494,2025-12-10T03:03:41.644494+00:00
2079,1765335821.6617324,2025-12-10T03:03:41.661732+00:00
2080,1765335821.6787539,2025-12-10T03:03:41.678753+00:00
2081,1765335821.6957955,2025-12-10T03:03:41.695795+00:00
2082,1765335821.7129264,2025-12-10T03:03:41.712926+00:00
2083,1765335821.7300334,2025-12-10T03:03:41.730033+00:00
2084,1765335821.7470968,2025-12-10T03:03:41.747096+00:00
2085,1765335821.7640789,2025-12-10T03:03:41.764078+00:00
2086,1765335821.7811155,2025-12-10T03:03:41.781115+00:00
2087,1765335821.7981675,2025-12-10T03:03:41.798167+00:00
2088,1765335821.8153205,2025-12-10T03:03:41.815320+00:00
2089,1765335821.832437,2025-12-10T03:03:41.832436+00:00
2090,1765335821.8493755,2025-12-10T03:03:41.849375+00:00
2091,1765335821.866574,2025-12-10T03:03:41.866574+00:00
2092,1765335821.8836803,2025-12-10T03:03:41.883680+00:00
2093,1765335821.9006815,2025-12-10T03:03:41.900681+00:00
2094,1765335821.9179509,2025-12-10T03:03:41.917950+00:00
2095,1765335821.9348147,2025-12-10T03:03:41.934814+00:00
2096,1765335821.95155,2025-12-10T03:03:41.951549+00:00
2097,1765335821.968632,2025-12-10T03:03:41.968632+00:00
2098,1765335821.9854321,2025-12-10T03:03:41.985432+00:00
2099,1765335822.002348,2025-12-10T03:03:42.002348+00:00
2100,1765335822.019376,2025-12-10T03:03:42.019376+00:00
2101,1765335822.0365517,2025-12-10T03:03:42.036551+00:00
2102,1765335822.053819,2025-12-10T03:03:42.053818+00:00
2103,1765335822.0708427,2025-12-10T03:03:42.070842+00:00
2104,1765335822.0878608,2025-12-10T03:03:42.087860+00:00
2105,1765335822.1049943,2025-12-10T03:03:42.104994+00:00
2106,1765335822.1220357,2025-12-10T03:03:42.122035+00:00
2107,1765335822.1390536,2025-12-10T03:03:42.139053+00:00
2108,1765335822.1562476,2025-12-10T03:03:42.156247+00:00
2109,1765335822.173048,2025-12-10T03:03:42.173048+00:00
2110,1765335822.1900704,2025-12-10T03:03:42.190070+00:00
2111,1765335822.2069135,2025-12-10T03:03:42.206913+00:00
2112,1765335822.2239091,2025-12-10T03:03:42.223909+00:00
2113,1765335822.240659,2025-12-10T03:03:42.240658+00:00
2114,1765335822.2574372,2025-12-10T03:03:42.257437+00:00
2115,1765335822.2743266,2025-12-10T03:03:42.274326+00:00
2116,1765335822.291442,2025-12-10T03:03:42.291442+00:00
2117,1765335822.3085918,2025-12-10T03:03:42.308591+00:00
2118,1765335822.3254137,2025-12-10T03:03:42.325413+00:00
2119,1765335822.342167,2025-12-10T03:03:42.342166+00:00
2120,1765335822.3589628,2025-12-10T03:03:42.358962+00:00
2121,1765335822.3761463,2025-12-10T03:03:42.376146+00:00
2122,1765335822.3931787,2025-12-10T03:03:42.393178+00:00
2123,1765335822.4104476,2025-12-10T03:03:42.410447+00:00
2124,1765335822.427469,2025-12-10T03:03:42.427469+00:00
2125,1765335822.4443116,2025-12-10T03:03:42.444311+00:00
2126,1765335822.461184,2025-12-10T03:03:42.461183+00:00
2127,1765335822.4782064,2025-12-10T03:03:42.478206+00:00
2128,1765335822.4950736,2025-12-10T03:03:42.495073+00:00
2129,1765335822.5118663,2025-12-10T03:03:42.511866+00:00
2130,1765335822.5291102,2025-12-10T03:03:42.529110+00:00
2131,1765335822.5461638,2025-12-10T03:03:42.546163+00:00
2132,1765335822.5632024,2025-12-10T03:03:42.563202+00:00
2133,1765335822.5802944,2025-12-10T03:03:42.580294+00:00
2134,1765335822.5973206,2025-12-10T03:03:42.597320+00:00
2135,1765335822.614378,2025-12-10T03:03:42.614377+00:00
2136,1765335822.6314788,2025-12-10T03:03:42.631478+00:00
2137,1765335822.648663,2025-12-10T03:03:42.648663+00:00
2138,1765335822.6655326,2025-12-10T03:03:42.665532+00:00
2139,1765335822.6827016,2025-12-10T03:03:42.682701+00:00
2140,1765335822.699695,2025-12-10T03:03:42.699695+00:00
2141,1765335822.716926,2025-12-10T03:03:42.716926+00:00
2142,1765335822.7339263,2025-12-10T03:03:42.733926+00:00
2143,1765335822.7510912,2025-12-10T03:03:42.751091+00:00
2144,1765335822.768252,2025-12-10T03:03:42.768251+00:00
2145,1765335822.785383,2025-12-10T03:03:42.785382+00:00
2146,1765335822.8024683,2025-12-10T03:03:42.802468+00:00
2147,1765335822.819416,2025-12-10T03:03:42.819416+00:00
2148,1765335822.8363898,2025-12-10T03:03:42.836389+00:00
2149,1765335822.8535745,2025-12-10T03:03:42.853574+00:00
2150,1765335822.8707013,2025-12-10T03:03:42.870701+00:00
2151,1765335822.887726,2025-12-10T03:03:42.887726+00:00
2152,1765335822.9047415,2025-12-10T03:03:42.904741+00:00
2153,1765335822.9218283,2025-12-10T03:03:42.921828+00:00
2154,1765335822.938907,2025-12-10T03:03:42.938906+00:00
2155,1765335822.9560127,2025-12-10T03:03:42.956012+00:00
2156,1765335822.97304,2025-12-10T03:03:42.973040+00:00
2157,1765335822.9900641,2025-12-10T03:03:42.990064+00:00
2158,1765335823.007104,2025-12-10T03:03:43.007103+00:00
2159,1765335823.0241125,2025-12-10T03:03:43.024112+00:00
2160,1765335823.041232,2025-12-10T03:03:43.041232+00:00
2161,1765335823.0582638,2025-12-10T03:03:43.058263+00:00
2162,1765335823.075437,2025-12-10T03:03:43.075437+00:00
2163,1765335823.0926309,2025-12-10T03:03:43.092630+00:00
2164,1765335823.109664,2025-12-10T03:03:43.109664+00:00
2165,1765335823.1267457,2025-12-10T03:03:43.126745+00:00
2166,1765335823.1436756,2025-12-10T03:03:43.143675+00:00
2167,1765335823.160484,2025-12-10T03:03:43.160484+00:00
2168,1765335823.1773317,2025-12-10T03:03:43.177331+00:00
2169,1765335823.1944628,2025-12-10T03:03:43.194462+00:00
2170,1765335823.2114904,2025-12-10T03:03:43.211490+00:00
2171,1765335823.2286732,2025-12-10T03:03:43.228673+00:00
2172,1765335823.2456062,2025-12-10T03:03:43.245606+00:00
2173,1765335823.2624407,2025-12-10T03:03:43.262440+00:00
2174,1765335823.2792962,2025-12-10T03:03:43.279296+00:00
2175,1765335823.2963371,2025-12-10T03:03:43.296337+00:00
2176,1765335823.313351,2025-12-10T03:03:43.313351+00:00
2177,1765335823.3304071,2025-12-10T03:03:43.330407+00:00
2178,1765335823.347521,2025-12-10T03:03:43.347520+00:00
2179,1765335823.364658,2025-12-10T03:03:43.364658+00:00
2180,1765335823.3815389,2025-12-10T03:03:43.381538+00:00
2181,1765335823.3982894,2025-12-10T03:03:43.398289+00:00
2182,1765335823.4151602,2025-12-10T03:03:43.415160+00:00
2183,1765335823.4322674,2025-12-10T03:03:43.432267+00:00
2184,1765335823.44929,2025-12-10T03:03:43.449290+00:00
2185,1765335823.4663956,2025-12-10T03:03:43.466395+00:00
2186,1765335823.483291,2025-12-10T03:03:43.483290+00:00
2187,1765335823.500505,2025-12-10T03:03:43.500505+00:00
2188,1765335823.5175314,2025-12-10T03:03:43.517531+00:00
2189,1765335823.5346158,2025-12-10T03:03:43.534615+00:00
2190,1765335823.551818,2025-12-10T03:03:43.551817+00:00
2191,1765335823.5686748,2025-12-10T03:03:43.568674+00:00
2192,1765335823.585489,2025-12-10T03:03:43.585489+00:00
2193,1765335823.6022608,2025-12-10T03:03:43.602260+00:00
2194,1765335823.6191592,2025-12-10T03:03:43.619159+00:00
2195,1765335823.6362135,2025-12-10T03:03:43.636213+00:00
2196,1765335823.6534064,2025-12-10T03:03:43.653406+00:00
2197,1765335823.670274,2025-12-10T03:03:43.670274+00:00
2198,1765335823.6872206,2025-12-10T03:03:43.687220+00:00
2199,1765335823.7041035,2025-12-10T03:03:43.704103+00:00
2200,1765335823.7211454,2025-12-10T03:03:43.721145+00:00
2201,1765335823.7382576,2025-12-10T03:03:43.738257+00:00
2202,1765335823.75535,2025-12-10T03:03:43.755350+00:00
2203,1765335823.772242,2025-12-10T03:03:43.772242+00:00
2204,1765335823.789267,2025-12-10T03:03:43.789267+00:00
2205,1765335823.806331,2025-12-10T03:03:43.806330+00:00
2206,1765335823.823501,2025-12-10T03:03:43.823501+00:00
2207,1765335823.840405,2025-12-10T03:03:43.840405+00:00
2208,1765335823.8572109,2025-12-10T03:03:43.857210+00:00
2209,1765335823.8739607,2025-12-10T03:03:43.873960+00:00
2210,1765335823.8907075,2025-12-10T03:03:43.890707+00:00
2211,1765335823.9077225,2025-12-10T03:03:43.907722+00:00
2212,1765335823.9248338,2025-12-10T03:03:43.924833+00:00
2213,1765335823.9419184,2025-12-10T03:03:43.941918+00:00
2214,1765335823.9590693,2025-12-10T03:03:43.959069+00:00
2215,1765335823.976091,2025-12-10T03:03:43.976091+00:00
2216,1765335823.9932206,2025-12-10T03:03:43.993220+00:00
2217,1765335824.009967,2025-12-10T03:03:44.009967+00:00
2218,1765335824.0271244,2025-12-10T03:03:44.027124+00:00
2219,1765335824.0442517,2025-12-10T03:03:44.044251+00:00
2220,1765335824.0611355,2025-12-10T03:03:44.061135+00:00
2221,1765335824.078161,2025-12-10T03:03:44.078161+00:00
2222,1765335824.0953114,2025-12-10T03:03:44.095311+00:00
2223,1765335824.112413,2025-12-10T03:03:44.112413+00:00
2224,1765335824.1294487,2025-12-10T03:03:44.129448+00:00
2225,1765335824.1463046,2025-12-10T03:03:44.146304+00:00
2226,1765335824.16351,2025-12-10T03:03:44.163510+00:00
2227,1765335824.1804938,2025-12-10T03:03:44.180493+00:00
2228,1765335824.197513,2025-12-10T03:03:44.197513+00:00
2229,1765335824.2143893,2025-12-10T03:03:44.214389+00:00
2230,1765335824.2314095,2025-12-10T03:03:44.231409+00:00
2231,1765335824.2483728,2025-12-10T03:03:44.248372+00:00
2232,1765335824.2652555,2025-12-10T03:03:44.265255+00:00
2233,1765335824.282287,2025-12-10T03:03:44.282286+00:00
2234,1765335824.299452,2025-12-10T03:03:44.299452+00:00
2235,1765335824.3165977,2025-12-10T03:03:44.316597+00:00
2236,1765335824.333359,2025-12-10T03:03:44.333359+00:00
2237,1765335824.3503783,2025-12-10T03:03:44.350378+00:00
2238,1765335824.3674066,2025-12-10T03:03:44.367406+00:00
2239,1765335824.3842697,2025-12-10T03:03:44.384269+00:00
2240,1765335824.4013066,2025-12-10T03:03:44.401306+00:00
2241,1765335824.4183178,2025-12-10T03:03:44.418317+00:00
2242,1765335824.435372,2025-12-10T03:03:44.435372+00:00
2243,1765335824.4522612,2025-12-10T03:03:44.452261+00:00
2244,1765335824.469432,2025-12-10T03:03:44.469432+00:00
2245,1765335824.4862826,2025-12-10T03:03:44.486282+00:00
2246,1765335824.503347,2025-12-10T03:03:44.503346+00:00
2247,1765335824.5205495,2025-12-10T03:03:44.520549+00:00
2248,1765335824.5375876,2025-12-10T03:03:44.537587+00:00
2249,1765335824.554729,2025-12-10T03:03:44.554728+00:00
2250,1765335824.57201,2025-12-10T03:03:44.572010+00:00
2251,1765335824.5890315,2025-12-10T03:03:44.589031+00:00
2252,1765335824.6061969,2025-12-10T03:03:44.606197+00:00
2253,1765335824.6231406,2025-12-10T03:03:44.623140+00:00
2254,1765335824.6402798,2025-12-10T03:03:44.640279+00:00
2255,1765335824.6573012,2025-12-10T03:03:44.657301+00:00
2256,1765335824.6743925,2025-12-10T03:03:44.674392+00:00
2257,1765335824.6912744,2025-12-10T03:03:44.691274+00:00
2258,1765335824.7084012,2025-12-10T03:03:44.708401+00:00
2259,1765335824.7252522,2025-12-10T03:03:44.725252+00:00
2260,1765335824.7422934,2025-12-10T03:03:44.742293+00:00
2261,1765335824.7591596,2025-12-10T03:03:44.759159+00:00
2262,1765335824.776181,2025-12-10T03:03:44.776181+00:00
2263,1765335824.7931,2025-12-10T03:03:44.793100+00:00
2264,1765335824.8098266,2025-12-10T03:03:44.809826+00:00
2265,1765335824.8270311,2025-12-10T03:03:44.827031+00:00
2266,1765335824.8440547,2025-12-10T03:03:44.844054+00:00
2267,1765335824.8610485,2025-12-10T03:03:44.861048+00:00
2268,1765335824.8782263,2025-12-10T03:03:44.878226+00:00
2269,1765335824.8952813,2025-12-10T03:03:44.895281+00:00
2270,1765335824.912311,2025-12-10T03:03:44.912311+00:00
2271,1765335824.9294956,2025-12-10T03:03:44.929495+00:00
2272,1765335824.9465146,2025-12-10T03:03:44.946514+00:00
2273,1765335824.963504,2025-12-10T03:03:44.963504+00:00
2274,1765335824.9809415,2025-12-10T03:03:44.980941+00:00
2275,1765335824.9979632,2025-12-10T03:03:44.997963+00:00
2276,1765335825.0150034,2025-12-10T03:03:45.015003+00:00
2277,1765335825.032046,2025-12-10T03:03:45.032046+00:00
2278,1765335825.0490675,2025-12-10T03:03:45.049067+00:00
2279,1765335825.0662594,2025-12-10T03:03:45.066259+00:00
2280,1765335825.0833745,2025-12-10T03:03:45.083374+00:00
2281,1765335825.1001053,2025-12-10T03:03:45.100105+00:00
2282,1765335825.116896,2025-12-10T03:03:45.116895+00:00
2283,1765335825.1339514,2025-12-10T03:03:45.133951+00:00
2284,1765335825.150992,2025-12-10T03:03:45.150991+00:00
2285,1765335825.1679435,2025-12-10T03:03:45.167943+00:00
2286,1765335825.1851609,2025-12-10T03:03:45.185160+00:00
2287,1765335825.2021065,2025-12-10T03:03:45.202106+00:00
2288,1765335825.2191598,2025-12-10T03:03:45.219159+00:00
2289,1765335825.236196,2025-12-10T03:03:45.236196+00:00
2290,1765335825.253226,2025-12-10T03:03:45.253226+00:00
2291,1765335825.270251,2025-12-10T03:03:45.270251+00:00
2292,1765335825.2872472,2025-12-10T03:03:45.287247+00:00
2293,1765335825.3043234,2025-12-10T03:03:45.304323+00:00
2294,1765335825.3213086,2025-12-10T03:03:45.321308+00:00
2295,1765335825.3382025,2025-12-10T03:03:45.338202+00:00
2296,1765335825.3558214,2025-12-10T03:03:45.355821+00:00
2297,1765335825.3728502,2025-12-10T03:03:45.372850+00:00
2298,1765335825.389874,2025-12-10T03:03:45.389874+00:00
2299,1765335825.4068122,2025-12-10T03:03:45.406812+00:00
2300,1765335825.4236684,2025-12-10T03:03:45.423668+00:00
2301,1765335825.4408562,2025-12-10T03:03:45.440856+00:00
2302,1765335825.457878,2025-12-10T03:03:45.457878+00:00
2303,1765335825.4750166,2025-12-10T03:03:45.475016+00:00
2304,1765335825.4920433,2025-12-10T03:03:45.492043+00:00
2305,1765335825.5089476,2025-12-10T03:03:45.508947+00:00
2306,1765335825.526211,2025-12-10T03:03:45.526211+00:00
2307,1765335825.5432217,2025-12-10T03:03:45.543221+00:00
2308,1765335825.5604358,2025-12-10T03:03:45.560435+00:00
2309,1765335825.577662,2025-12-10T03:03:45.577662+00:00
2310,1765335825.594907,2025-12-10T03:03:45.594907+00:00
2311,1765335825.612759,2025-12-10T03:03:45.612759+00:00
2312,1765335825.6296062,2025-12-10T03:03:45.629606+00:00
2313,1765335825.6468198,2025-12-10T03:03:45.646819+00:00
2314,1765335825.663593,2025-12-10T03:03:45.663593+00:00
2315,1765335825.6807559,2025-12-10T03:03:45.680755+00:00
2316,1765335825.697702,2025-12-10T03:03:45.697701+00:00
2317,1765335825.7148113,2025-12-10T03:03:45.714811+00:00
2318,1765335825.7319205,2025-12-10T03:03:45.731920+00:00
2319,1765335825.7489464,2025-12-10T03:03:45.748946+00:00
2320,1765335825.7658706,2025-12-10T03:03:45.765870+00:00
2321,1765335825.7829196,2025-12-10T03:03:45.782919+00:00
2322,1765335825.8000169,2025-12-10T03:03:45.800016+00:00
2323,1765335825.8168788,2025-12-10T03:03:45.816878+00:00
2324,1765335825.8340833,2025-12-10T03:03:45.834083+00:00
2325,1765335825.8511083,2025-12-10T03:03:45.851108+00:00
2326,1765335825.868257,2025-12-10T03:03:45.868257+00:00
2327,1765335825.88546,2025-12-10T03:03:45.885459+00:00
2328,1765335825.902656,2025-12-10T03:03:45.902656+00:00
2329,1765335825.919807,2025-12-10T03:03:45.919806+00:00
2330,1765335825.9367752,2025-12-10T03:03:45.936775+00:00
2331,1765335825.953627,2025-12-10T03:03:45.953627+00:00
2332,1765335825.9704716,2025-12-10T03:03:45.970471+00:00
2333,1765335825.9877036,2025-12-10T03:03:45.987703+00:00
2334,1765335826.004466,2025-12-10T03:03:46.004466+00:00
2335,1765335826.0212638,2025-12-10T03:03:46.021263+00:00
2336,1765335826.0384676,2025-12-10T03:03:46.038467+00:00
2337,1765335826.055337,2025-12-10T03:03:46.055336+00:00
2338,1765335826.072101,2025-12-10T03:03:46.072101+00:00
2339,1765335826.0888517,2025-12-10T03:03:46.088851+00:00
2340,1765335826.1055946,2025-12-10T03:03:46.105594+00:00
2341,1765335826.1224022,2025-12-10T03:03:46.122402+00:00
2342,1765335826.1394253,2025-12-10T03:03:46.139425+00:00
2343,1765335826.15661,2025-12-10T03:03:46.156610+00:00
2344,1765335826.1736758,2025-12-10T03:03:46.173675+00:00
2345,1765335826.190747,2025-12-10T03:03:46.190747+00:00
2346,1765335826.207791,2025-12-10T03:03:46.207791+00:00
2347,1765335826.2248352,2025-12-10T03:03:46.224835+00:00
2348,1765335826.241878,2025-12-10T03:03:46.241878+00:00
2349,1765335826.2589083,2025-12-10T03:03:46.258908+00:00
2350,1765335826.2759619,2025-12-10T03:03:46.275961+00:00
2351,1765335826.2930574,2025-12-10T03:03:46.293057+00:00
2352,1765335826.3097994,2025-12-10T03:03:46.309799+00:00
2353,1765335826.3268325,2025-12-10T03:03:46.326832+00:00
2354,1765335826.3437617,2025-12-10T03:03:46.343761+00:00
2355,1765335826.3609035,2025-12-10T03:03:46.360903+00:00
2356,1765335826.3776827,2025-12-10T03:03:46.377682+00:00
2357,1765335826.3950162,2025-12-10T03:03:46.395016+00:00
2358,1765335826.4122157,2025-12-10T03:03:46.412215+00:00
2359,1765335826.4292543,2025-12-10T03:03:46.429254+00:00
2360,1765335826.446294,2025-12-10T03:03:46.446294+00:00
2361,1765335826.463465,2025-12-10T03:03:46.463464+00:00
2362,1765335826.4810708,2025-12-10T03:03:46.481070+00:00
2363,1765335826.497931,2025-12-10T03:03:46.497930+00:00
2364,1765335826.5151923,2025-12-10T03:03:46.515192+00:00
2365,1765335826.5319397,2025-12-10T03:03:46.531939+00:00
2366,1765335826.5489604,2025-12-10T03:03:46.548960+00:00
2367,1765335826.566102,2025-12-10T03:03:46.566102+00:00
2368,1765335826.583199,2025-12-10T03:03:46.583199+00:00
2369,1765335826.6002264,2025-12-10T03:03:46.600226+00:00
2370,1765335826.6171756,2025-12-10T03:03:46.617175+00:00
2371,1765335826.634338,2025-12-10T03:03:46.634337+00:00
2372,1765335826.6514876,2025-12-10T03:03:46.651487+00:00
2373,1765335826.6686218,2025-12-10T03:03:46.668621+00:00
2374,1765335826.6856568,2025-12-10T03:03:46.685656+00:00
2375,1765335826.7028608,2025-12-10T03:03:46.702860+00:00
2376,1765335826.71988,2025-12-10T03:03:46.719880+00:00
2377,1765335826.73692,2025-12-10T03:03:46.736920+00:00
2378,1765335826.7538311,2025-12-10T03:03:46.753831+00:00
2379,1765335826.7710254,2025-12-10T03:03:46.771025+00:00
2380,1765335826.7880626,2025-12-10T03:03:46.788062+00:00
2381,1765335826.804965,2025-12-10T03:03:46.804965+00:00
2382,1765335826.8221688,2025-12-10T03:03:46.822168+00:00
2383,1765335826.8389645,2025-12-10T03:03:46.838964+00:00
2384,1765335826.856071,2025-12-10T03:03:46.856070+00:00
2385,1765335826.8730862,2025-12-10T03:03:46.873086+00:00
2386,1765335826.8900933,2025-12-10T03:03:46.890093+00:00
2387,1765335826.907235,2025-12-10T03:03:46.907234+00:00
2388,1765335826.9240928,2025-12-10T03:03:46.924092+00:00
2389,1765335826.941499,2025-12-10T03:03:46.941498+00:00
2390,1765335826.9584925,2025-12-10T03:03:46.958492+00:00
2391,1765335826.9754846,2025-12-10T03:03:46.975484+00:00
2392,1765335826.9923856,2025-12-10T03:03:46.992385+00:00
2393,1765335827.0091693,2025-12-10T03:03:47.009169+00:00
2394,1765335827.026224,2025-12-10T03:03:47.026223+00:00
2395,1765335827.043367,2025-12-10T03:03:47.043366+00:00
2396,1765335827.0604515,2025-12-10T03:03:47.060451+00:00
2397,1765335827.0774167,2025-12-10T03:03:47.077416+00:00
2398,1765335827.0944912,2025-12-10T03:03:47.094491+00:00
2399,1765335827.1115365,2025-12-10T03:03:47.111536+00:00
2400,1765335827.1285675,2025-12-10T03:03:47.128567+00:00
2401,1765335827.1456985,2025-12-10T03:03:47.145698+00:00
2402,1765335827.1628835,2025-12-10T03:03:47.162883+00:00
2403,1765335827.1800296,2025-12-10T03:03:47.180029+00:00
2404,1765335827.1969006,2025-12-10T03:03:47.196900+00:00
2405,1765335827.2139463,2025-12-10T03:03:47.213946+00:00
2406,1765335827.2308774,2025-12-10T03:03:47.230877+00:00
2407,1765335827.2476165,2025-12-10T03:03:47.247616+00:00
2408,1765335827.2646842,2025-12-10T03:03:47.264684+00:00
2409,1765335827.2814267,2025-12-10T03:03:47.281426+00:00
2410,1765335827.2984593,2025-12-10T03:03:47.298459+00:00
2411,1765335827.3154883,2025-12-10T03:03:47.315488+00:00
2412,1765335827.332536,2025-12-10T03:03:47.332536+00:00
2413,1765335827.3494759,2025-12-10T03:03:47.349475+00:00
2414,1765335827.3666782,2025-12-10T03:03:47.366678+00:00
2415,1765335827.3838644,2025-12-10T03:03:47.383864+00:00
2416,1765335827.4010785,2025-12-10T03:03:47.401078+00:00
2417,1765335827.4181,2025-12-10T03:03:47.418100+00:00
2418,1765335827.4350276,2025-12-10T03:03:47.435027+00:00
2419,1765335827.4522789,2025-12-10T03:03:47.452278+00:00
2420,1765335827.4694698,2025-12-10T03:03:47.469469+00:00
2421,1765335827.4865816,2025-12-10T03:03:47.486581+00:00
2422,1765335827.5038953,2025-12-10T03:03:47.503895+00:00
2423,1765335827.520953,2025-12-10T03:03:47.520952+00:00
2424,1765335827.5377955,2025-12-10T03:03:47.537795+00:00
2425,1765335827.554844,2025-12-10T03:03:47.554843+00:00
2426,1765335827.5717201,2025-12-10T03:03:47.571720+00:00
2427,1765335827.588798,2025-12-10T03:03:47.588797+00:00
2428,1765335827.6055355,2025-12-10T03:03:47.605535+00:00
2429,1765335827.622513,2025-12-10T03:03:47.622513+00:00
2430,1765335827.639513,2025-12-10T03:03:47.639513+00:00
2431,1765335827.656495,2025-12-10T03:03:47.656495+00:00
2432,1765335827.6735501,2025-12-10T03:03:47.673550+00:00
2433,1765335827.690461,2025-12-10T03:03:47.690460+00:00
2434,1765335827.7073488,2025-12-10T03:03:47.707348+00:00
2435,1765335827.7245133,2025-12-10T03:03:47.724513+00:00
2436,1765335827.741319,2025-12-10T03:03:47.741319+00:00
2437,1765335827.758507,2025-12-10T03:03:47.758507+00:00
2438,1765335827.7756228,2025-12-10T03:03:47.775622+00:00
2439,1765335827.7926648,2025-12-10T03:03:47.792664+00:00
2440,1765335827.8096898,2025-12-10T03:03:47.809689+00:00
2441,1765335827.8267171,2025-12-10T03:03:47.826717+00:00
2442,1765335827.843499,2025-12-10T03:03:47.843499+00:00
2443,1765335827.8607278,2025-12-10T03:03:47.860727+00:00
2444,1765335827.877664,2025-12-10T03:03:47.877664+00:00
2445,1765335827.894725,2025-12-10T03:03:47.894725+00:00
2446,1765335827.9116101,2025-12-10T03:03:47.911610+00:00
2447,1765335827.9286509,2025-12-10T03:03:47.928650+00:00
2448,1765335827.9456286,2025-12-10T03:03:47.945628+00:00
2449,1765335827.9626749,2025-12-10T03:03:47.962674+00:00
2450,1765335827.9795754,2025-12-10T03:03:47.979575+00:00
2451,1765335827.9966006,2025-12-10T03:03:47.996600+00:00
2452,1765335828.013508,2025-12-10T03:03:48.013508+00:00
2453,1765335828.030524,2025-12-10T03:03:48.030524+00:00
2454,1765335828.0475285,2025-12-10T03:03:48.047528+00:00
2455,1765335828.0645132,2025-12-10T03:03:48.064513+00:00
2456,1765335828.081494,2025-12-10T03:03:48.081494+00:00
2457,1765335828.0982475,2025-12-10T03:03:48.098247+00:00
2458,1765335828.1151578,2025-12-10T03:03:48.115157+00:00
2459,1765335828.132211,2025-12-10T03:03:48.132211+00:00
2460,1765335828.1490123,2025-12-10T03:03:48.149012+00:00
2461,1765335828.1661143,2025-12-10T03:03:48.166114+00:00
2462,1765335828.183135,2025-12-10T03:03:48.183134+00:00
2463,1765335828.2001593,2025-12-10T03:03:48.200159+00:00
2464,1765335828.2172048,2025-12-10T03:03:48.217204+00:00
2465,1765335828.2342587,2025-12-10T03:03:48.234258+00:00
2466,1765335828.2517018,2025-12-10T03:03:48.251701+00:00
2467,1765335828.268574,2025-12-10T03:03:48.268573+00:00
2468,1765335828.2857199,2025-12-10T03:03:48.285719+00:00
2469,1765335828.3027656,2025-12-10T03:03:48.302765+00:00
2470,1765335828.3197854,2025-12-10T03:03:48.319785+00:00
2471,1765335828.3367777,2025-12-10T03:03:48.336777+00:00
2472,1765335828.3537457,2025-12-10T03:03:48.353745+00:00
2473,1765335828.370937,2025-12-10T03:03:48.370937+00:00
2474,1765335828.3879757,2025-12-10T03:03:48.387975+00:00
2475,1765335828.4048188,2025-12-10T03:03:48.404818+00:00
2476,1765335828.4217508,2025-12-10T03:03:48.421750+00:00
2477,1765335828.438816,2025-12-10T03:03:48.438816+00:00
2478,1765335828.455567,2025-12-10T03:03:48.455566+00:00
2479,1765335828.472663,2025-12-10T03:03:48.472663+00:00
2480,1765335828.489617,2025-12-10T03:03:48.489617+00:00
2481,1765335828.5067976,2025-12-10T03:03:48.506797+00:00
2482,1765335828.5238187,2025-12-10T03:03:48.523818+00:00
2483,1765335828.5406651,2025-12-10T03:03:48.540665+00:00
2484,1765335828.557462,2025-12-10T03:03:48.557461+00:00
2485,1765335828.574186,2025-12-10T03:03:48.574185+00:00
2486,1765335828.5911806,2025-12-10T03:03:48.591180+00:00
2487,1765335828.6081011,2025-12-10T03:03:48.608101+00:00
2488,1765335828.6250741,2025-12-10T03:03:48.625074+00:00
2489,1765335828.6421225,2025-12-10T03:03:48.642122+00:00
2490,1765335828.6591642,2025-12-10T03:03:48.659164+00:00
2491,1765335828.6759875,2025-12-10T03:03:48.675987+00:00
2492,1765335828.6930118,2025-12-10T03:03:48.693011+00:00
2493,1765335828.7100291,2025-12-10T03:03:48.710029+00:00
2494,1765335828.7268422,2025-12-10T03:03:48.726842+00:00
2495,1765335828.7436962,2025-12-10T03:03:48.743696+00:00
2496,1765335828.76074,2025-12-10T03:03:48.760740+00:00
2497,1765335828.7777617,2025-12-10T03:03:48.777761+00:00
2498,1765335828.7947998,2025-12-10T03:03:48.794799+00:00
2499,1765335828.8117013,2025-12-10T03:03:48.811701+00:00
2500,1765335828.8285043,2025-12-10T03:03:48.828504+00:00
2501,1765335828.8455138,2025-12-10T03:03:48.845513+00:00
2502,1765335828.8624883,2025-12-10T03:03:48.862488+00:00
2503,1765335828.8796856,2025-12-10T03:03:48.879685+00:00
2504,1765335828.8965197,2025-12-10T03:03:48.896519+00:00
2505,1765335828.9137187,2025-12-10T03:03:48.913718+00:00
2506,1765335828.9307904,2025-12-10T03:03:48.930790+00:00
2507,1765335828.9480412,2025-12-10T03:03:48.948041+00:00
2508,1765335828.9650695,2025-12-10T03:03:48.965069+00:00
2509,1765335828.982107,2025-12-10T03:03:48.982107+00:00
2510,1765335828.9990094,2025-12-10T03:03:48.999009+00:00
2511,1765335829.0160568,2025-12-10T03:03:49.016056+00:00
2512,1765335829.0330145,2025-12-10T03:03:49.033014+00:00
2513,1765335829.0500326,2025-12-10T03:03:49.050032+00:00
2514,1765335829.0670953,2025-12-10T03:03:49.067095+00:00
2515,1765335829.0838587,2025-12-10T03:03:49.083858+00:00
2516,1765335829.100892,2025-12-10T03:03:49.100892+00:00
2517,1765335829.1179113,2025-12-10T03:03:49.117911+00:00
2518,1765335829.1349437,2025-12-10T03:03:49.134943+00:00
2519,1765335829.1522012,2025-12-10T03:03:49.152201+00:00
2520,1765335829.1692224,2025-12-10T03:03:49.169222+00:00
2521,1765335829.1864293,2025-12-10T03:03:49.186429+00:00
2522,1765335829.2033596,2025-12-10T03:03:49.203359+00:00
