frame_index,timestamp_unix,timestamp_iso
0,1765399148.94105,2025-12-10T20:39:08.941057+00:00
1,1765399148.9614432,2025-12-10T20:39:08.961450+00:00
2,1765399148.978216,2025-12-10T20:39:08.978221+00:00
3,1765399148.997483,2025-12-10T20:39:08.997487+00:00
4,1765399149.0169091,2025-12-10T20:39:09.016917+00:00
5,1765399149.0357602,2025-12-10T20:39:09.035767+00:00
6,1765399149.0566962,2025-12-10T20:39:09.056704+00:00
7,1765399149.07509,2025-12-10T20:39:09.075101+00:00
8,1765399149.0945878,2025-12-10T20:39:09.094593+00:00
9,1765399149.115455,2025-12-10T20:39:09.115456+00:00
10,1765399149.136312,2025-12-10T20:39:09.136316+00:00
11,1765399149.1530979,2025-12-10T20:39:09.153141+00:00
12,1765399149.174141,2025-12-10T20:39:09.174146+00:00
13,1765399149.191238,2025-12-10T20:39:09.191242+00:00
14,1765399149.209964,2025-12-10T20:39:09.209972+00:00
15,1765399149.2277682,2025-12-10T20:39:09.227770+00:00
16,1765399149.244977,2025-12-10T20:39:09.244982+00:00
17,1765399149.2658749,2025-12-10T20:39:09.265883+00:00
18,1765399149.282915,2025-12-10T20:39:09.282916+00:00
19,1765399149.30377,2025-12-10T20:39:09.303771+00:00
20,1765399149.3246279,2025-12-10T20:39:09.324629+00:00
21,1765399149.345474,2025-12-10T20:39:09.345474+00:00
22,1765399149.3663208,2025-12-10T20:39:09.366324+00:00
23,1765399149.3871858,2025-12-10T20:39:09.387187+00:00
24,1765399149.408061,2025-12-10T20:39:09.408067+00:00
25,1765399149.428575,2025-12-10T20:39:09.428584+00:00
26,1765399149.4494789,2025-12-10T20:39:09.449486+00:00
27,1765399149.467049,2025-12-10T20:39:09.467056+00:00
28,1765399149.484975,2025-12-10T20:39:09.484980+00:00
29,1765399149.505137,2025-12-10T20:39:09.505147+00:00
30,1765399149.5237,2025-12-10T20:39:09.523708+00:00
31,1765399149.540809,2025-12-10T20:39:09.540816+00:00
32,1765399149.557843,2025-12-10T20:39:09.557848+00:00
33,1765399149.574583,2025-12-10T20:39:09.574592+00:00
34,1765399149.595478,2025-12-10T20:39:09.595481+00:00
35,1765399149.616349,2025-12-10T20:39:09.616353+00:00
36,1765399149.637232,2025-12-10T20:39:09.637236+00:00
37,1765399149.6581051,2025-12-10T20:39:09.658106+00:00
38,1765399149.67897,2025-12-10T20:39:09.678973+00:00
39,1765399149.699847,2025-12-10T20:39:09.699854+00:00
40,1765399149.720473,2025-12-10T20:39:09.720488+00:00
41,1765399149.740868,2025-12-10T20:39:09.740879+00:00
42,1765399149.759263,2025-12-10T20:39:09.759275+00:00
43,1765399149.780204,2025-12-10T20:39:09.780216+00:00
44,1765399149.801153,2025-12-10T20:39:09.801160+00:00
45,1765399149.8179111,2025-12-10T20:39:09.817918+00:00
46,1765399149.8382359,2025-12-10T20:39:09.838246+00:00
47,1765399149.859156,2025-12-10T20:39:09.859165+00:00
48,1765399149.878174,2025-12-10T20:39:09.878192+00:00
49,1765399149.898654,2025-12-10T20:39:09.898654+00:00
50,1765399149.9195032,2025-12-10T20:39:09.919503+00:00
51,1765399149.940346,2025-12-10T20:39:09.940346+00:00
52,1765399149.961202,2025-12-10T20:39:09.961203+00:00
53,1765399149.9819598,2025-12-10T20:39:09.981961+00:00
54,1765399150.002811,2025-12-10T20:39:10.002812+00:00
55,1765399150.023668,2025-12-10T20:39:10.023668+00:00
56,1765399150.044517,2025-12-10T20:39:10.044521+00:00
57,1765399150.065394,2025-12-10T20:39:10.065403+00:00
58,1765399150.083313,2025-12-10T20:39:10.083334+00:00
59,1765399150.1042292,2025-12-10T20:39:10.104237+00:00
60,1765399150.124591,2025-12-10T20:39:10.124598+00:00
61,1765399150.141433,2025-12-10T20:39:10.141439+00:00
62,1765399150.162313,2025-12-10T20:39:10.162317+00:00
63,1765399150.183174,2025-12-10T20:39:10.183176+00:00
64,1765399150.204035,2025-12-10T20:39:10.204036+00:00
65,1765399150.222101,2025-12-10T20:39:10.222103+00:00
66,1765399150.240374,2025-12-10T20:39:10.240380+00:00
67,1765399150.261258,2025-12-10T20:39:10.261264+00:00
68,1765399150.2821372,2025-12-10T20:39:10.282143+00:00
69,1765399150.298903,2025-12-10T20:39:10.298940+00:00
70,1765399150.3165288,2025-12-10T20:39:10.316536+00:00
71,1765399150.3652081,2025-12-10T20:39:10.365217+00:00
72,1765399150.386066,2025-12-10T20:39:10.386075+00:00
73,1765399150.404518,2025-12-10T20:39:10.404525+00:00
74,1765399150.4256241,2025-12-10T20:39:10.425907+00:00
75,1765399150.447389,2025-12-10T20:39:10.447535+00:00
76,1765399150.465798,2025-12-10T20:39:10.465807+00:00
77,1765399150.4855292,2025-12-10T20:39:10.485536+00:00
78,1765399150.5028548,2025-12-10T20:39:10.502862+00:00
79,1765399150.5225558,2025-12-10T20:39:10.522564+00:00
80,1765399150.5423071,2025-12-10T20:39:10.542312+00:00
81,1765399150.5631812,2025-12-10T20:39:10.563185+00:00
82,1765399150.581818,2025-12-10T20:39:10.581823+00:00
83,1765399150.601102,2025-12-10T20:39:10.601106+00:00
84,1765399150.621981,2025-12-10T20:39:10.622002+00:00
85,1765399150.640361,2025-12-10T20:39:10.640368+00:00
86,1765399150.659227,2025-12-10T20:39:10.659230+00:00
87,1765399150.6800902,2025-12-10T20:39:10.680093+00:00
88,1765399150.699074,2025-12-10T20:39:10.699081+00:00
89,1765399150.715903,2025-12-10T20:39:10.715906+00:00
90,1765399150.73364,2025-12-10T20:39:10.733643+00:00
91,1765399150.7545002,2025-12-10T20:39:10.754503+00:00
92,1765399150.771703,2025-12-10T20:39:10.771706+00:00
93,1765399150.7925692,2025-12-10T20:39:10.792572+00:00
94,1765399150.813431,2025-12-10T20:39:10.813433+00:00
95,1765399150.834293,2025-12-10T20:39:10.834298+00:00
96,1765399150.853738,2025-12-10T20:39:10.853742+00:00
97,1765399150.874605,2025-12-10T20:39:10.874608+00:00
98,1765399150.895477,2025-12-10T20:39:10.895484+00:00
99,1765399150.91451,2025-12-10T20:39:10.914518+00:00
100,1765399150.935458,2025-12-10T20:39:10.935466+00:00
101,1765399150.9572532,2025-12-10T20:39:10.957410+00:00
102,1765399150.976856,2025-12-10T20:39:10.976863+00:00
103,1765399150.9978082,2025-12-10T20:39:10.997838+00:00
104,1765399151.0187662,2025-12-10T20:39:11.018776+00:00
105,1765399151.03706,2025-12-10T20:39:11.037067+00:00
106,1765399151.0577972,2025-12-10T20:39:11.057802+00:00
107,1765399151.07452,2025-12-10T20:39:11.074528+00:00
108,1765399151.0938292,2025-12-10T20:39:11.093837+00:00
109,1765399151.1147242,2025-12-10T20:39:11.114728+00:00
110,1765399151.132958,2025-12-10T20:39:11.132963+00:00
111,1765399151.1538382,2025-12-10T20:39:11.153843+00:00
112,1765399151.1743639,2025-12-10T20:39:11.174379+00:00
113,1765399151.195458,2025-12-10T20:39:11.195465+00:00
114,1765399151.212566,2025-12-10T20:39:11.212573+00:00
115,1765399151.2324648,2025-12-10T20:39:11.232470+00:00
116,1765399151.2533388,2025-12-10T20:39:11.253343+00:00
117,1765399151.272307,2025-12-10T20:39:11.272309+00:00
118,1765399151.293174,2025-12-10T20:39:11.293178+00:00
119,1765399151.3140538,2025-12-10T20:39:11.314056+00:00
120,1765399151.3310862,2025-12-10T20:39:11.331090+00:00
121,1765399151.3486562,2025-12-10T20:39:11.348656+00:00
122,1765399151.369518,2025-12-10T20:39:11.369523+00:00
123,1765399151.3902678,2025-12-10T20:39:11.390274+00:00
124,1765399151.407509,2025-12-10T20:39:11.407514+00:00
125,1765399151.42467,2025-12-10T20:39:11.424672+00:00
126,1765399151.443414,2025-12-10T20:39:11.443423+00:00
127,1765399151.4643142,2025-12-10T20:39:11.464316+00:00
128,1765399151.4829628,2025-12-10T20:39:11.482971+00:00
129,1765399151.50387,2025-12-10T20:39:11.503874+00:00
130,1765399151.5247538,2025-12-10T20:39:11.524760+00:00
131,1765399151.54228,2025-12-10T20:39:11.542290+00:00
132,1765399151.563189,2025-12-10T20:39:11.563195+00:00
133,1765399151.582326,2025-12-10T20:39:11.582332+00:00
134,1765399151.5995038,2025-12-10T20:39:11.599512+00:00
135,1765399151.620403,2025-12-10T20:39:11.620408+00:00
136,1765399151.640449,2025-12-10T20:39:11.640457+00:00
137,1765399151.657948,2025-12-10T20:39:11.657951+00:00
138,1765399151.6788201,2025-12-10T20:39:11.678824+00:00
139,1765399151.699695,2025-12-10T20:39:11.699697+00:00
140,1765399151.72056,2025-12-10T20:39:11.720563+00:00
141,1765399151.741436,2025-12-10T20:39:11.741438+00:00
142,1765399151.7623,2025-12-10T20:39:11.762301+00:00
143,1765399151.782122,2025-12-10T20:39:11.782124+00:00
144,1765399151.8029928,2025-12-10T20:39:11.802995+00:00
145,1765399151.822623,2025-12-10T20:39:11.822629+00:00
146,1765399151.8435352,2025-12-10T20:39:11.843538+00:00
147,1765399151.864619,2025-12-10T20:39:11.864630+00:00
148,1765399151.882953,2025-12-10T20:39:11.882956+00:00
149,1765399151.903828,2025-12-10T20:39:11.903831+00:00
150,1765399151.923153,2025-12-10T20:39:11.923154+00:00
151,1765399151.944024,2025-12-10T20:39:11.944033+00:00
152,1765399151.964939,2025-12-10T20:39:11.964943+00:00
153,1765399151.985856,2025-12-10T20:39:11.985862+00:00
154,1765399152.0028758,2025-12-10T20:39:12.002887+00:00
155,1765399152.0202172,2025-12-10T20:39:12.020219+00:00
156,1765399152.041079,2025-12-10T20:39:12.041082+00:00
157,1765399152.058433,2025-12-10T20:39:12.058439+00:00
158,1765399152.078397,2025-12-10T20:39:12.078402+00:00
159,1765399152.0992892,2025-12-10T20:39:12.099294+00:00
160,1765399152.116822,2025-12-10T20:39:12.116824+00:00
161,1765399152.137708,2025-12-10T20:39:12.137715+00:00
162,1765399152.155303,2025-12-10T20:39:12.155306+00:00
163,1765399152.1751099,2025-12-10T20:39:12.175114+00:00
164,1765399152.195771,2025-12-10T20:39:12.195774+00:00
165,1765399152.216636,2025-12-10T20:39:12.216638+00:00
166,1765399152.2375,2025-12-10T20:39:12.237508+00:00
167,1765399152.256293,2025-12-10T20:39:12.256296+00:00
168,1765399152.273184,2025-12-10T20:39:12.273186+00:00
169,1765399152.294035,2025-12-10T20:39:12.294036+00:00
170,1765399152.3149009,2025-12-10T20:39:12.314907+00:00
171,1765399152.3357928,2025-12-10T20:39:12.335800+00:00
172,1765399152.356694,2025-12-10T20:39:12.356697+00:00
173,1765399152.377589,2025-12-10T20:39:12.377597+00:00
174,1765399152.398041,2025-12-10T20:39:12.398044+00:00
175,1765399152.418907,2025-12-10T20:39:12.418910+00:00
176,1765399152.4398139,2025-12-10T20:39:12.439824+00:00
177,1765399152.4567611,2025-12-10T20:39:12.456764+00:00
178,1765399152.477631,2025-12-10T20:39:12.477637+00:00
179,1765399152.494575,2025-12-10T20:39:12.494584+00:00
180,1765399152.515382,2025-12-10T20:39:12.515392+00:00
181,1765399152.536309,2025-12-10T20:39:12.536316+00:00
182,1765399152.5571892,2025-12-10T20:39:12.557192+00:00
183,1765399152.5782862,2025-12-10T20:39:12.578288+00:00
184,1765399152.598517,2025-12-10T20:39:12.598520+00:00
185,1765399152.6193972,2025-12-10T20:39:12.619399+00:00
186,1765399152.640269,2025-12-10T20:39:12.640273+00:00
187,1765399152.659177,2025-12-10T20:39:12.659185+00:00
188,1765399152.6765,2025-12-10T20:39:12.676507+00:00
189,1765399152.694586,2025-12-10T20:39:12.694589+00:00
190,1765399152.7128901,2025-12-10T20:39:12.712891+00:00
191,1765399152.7303061,2025-12-10T20:39:12.730312+00:00
192,1765399152.7512362,2025-12-10T20:39:12.751242+00:00
193,1765399152.7721422,2025-12-10T20:39:12.772147+00:00
194,1765399152.789502,2025-12-10T20:39:12.789509+00:00
195,1765399152.808863,2025-12-10T20:39:12.808864+00:00
196,1765399152.829721,2025-12-10T20:39:12.829729+00:00
197,1765399152.850334,2025-12-10T20:39:12.850336+00:00
198,1765399152.867889,2025-12-10T20:39:12.867892+00:00
199,1765399152.885366,2025-12-10T20:39:12.885371+00:00
200,1765399152.9062662,2025-12-10T20:39:12.906269+00:00
201,1765399152.923591,2025-12-10T20:39:12.923592+00:00
202,1765399152.944461,2025-12-10T20:39:12.944467+00:00
203,1765399152.9629161,2025-12-10T20:39:12.962920+00:00
204,1765399152.982985,2025-12-10T20:39:12.982988+00:00
205,1765399153.003873,2025-12-10T20:39:13.003877+00:00
206,1765399153.024357,2025-12-10T20:39:13.024358+00:00
207,1765399153.041326,2025-12-10T20:39:13.041332+00:00
208,1765399153.062212,2025-12-10T20:39:13.062218+00:00
209,1765399153.082106,2025-12-10T20:39:13.082113+00:00
210,1765399153.099643,2025-12-10T20:39:13.099644+00:00
211,1765399153.120491,2025-12-10T20:39:13.120492+00:00
212,1765399153.1413078,2025-12-10T20:39:13.141310+00:00
213,1765399153.1621618,2025-12-10T20:39:13.162164+00:00
214,1765399153.1817431,2025-12-10T20:39:13.181743+00:00
215,1765399153.202595,2025-12-10T20:39:13.202596+00:00
216,1765399153.223259,2025-12-10T20:39:13.223260+00:00
217,1765399153.244106,2025-12-10T20:39:13.244108+00:00
218,1765399153.2649522,2025-12-10T20:39:13.264954+00:00
219,1765399153.2825558,2025-12-10T20:39:13.282558+00:00
220,1765399153.303422,2025-12-10T20:39:13.303426+00:00
221,1765399153.322911,2025-12-10T20:39:13.322913+00:00
222,1765399153.3437781,2025-12-10T20:39:13.343782+00:00
223,1765399153.364099,2025-12-10T20:39:13.364108+00:00
224,1765399153.384984,2025-12-10T20:39:13.384986+00:00
225,1765399153.405849,2025-12-10T20:39:13.405850+00:00
226,1765399153.426765,2025-12-10T20:39:13.426767+00:00
227,1765399153.447644,2025-12-10T20:39:13.447648+00:00
228,1765399153.465995,2025-12-10T20:39:13.466002+00:00
229,1765399153.4868941,2025-12-10T20:39:13.486898+00:00
230,1765399153.507769,2025-12-10T20:39:13.507776+00:00
231,1765399153.524524,2025-12-10T20:39:13.524526+00:00
232,1765399153.54195,2025-12-10T20:39:13.541951+00:00
233,1765399153.562801,2025-12-10T20:39:13.562805+00:00
234,1765399153.583692,2025-12-10T20:39:13.583697+00:00
235,1765399153.604583,2025-12-10T20:39:13.604592+00:00
236,1765399153.6223302,2025-12-10T20:39:13.622331+00:00
237,1765399153.643177,2025-12-10T20:39:13.643179+00:00
238,1765399153.664028,2025-12-10T20:39:13.664030+00:00
239,1765399153.683535,2025-12-10T20:39:13.683536+00:00
240,1765399153.701395,2025-12-10T20:39:13.701397+00:00
241,1765399153.722265,2025-12-10T20:39:13.722267+00:00
242,1765399153.742053,2025-12-10T20:39:13.742058+00:00
243,1765399153.758898,2025-12-10T20:39:13.758901+00:00
244,1765399153.779779,2025-12-10T20:39:13.779781+00:00
245,1765399153.798249,2025-12-10T20:39:13.798250+00:00
246,1765399153.8191,2025-12-10T20:39:13.819101+00:00
247,1765399153.837603,2025-12-10T20:39:13.837606+00:00
248,1765399153.858467,2025-12-10T20:39:13.858471+00:00
249,1765399153.876302,2025-12-10T20:39:13.876305+00:00
250,1765399153.897179,2025-12-10T20:39:13.897181+00:00
251,1765399153.91627,2025-12-10T20:39:13.916275+00:00
252,1765399153.934122,2025-12-10T20:39:13.934124+00:00
253,1765399153.9525042,2025-12-10T20:39:13.952511+00:00
254,1765399153.970767,2025-12-10T20:39:13.970769+00:00
255,1765399153.988244,2025-12-10T20:39:13.988248+00:00
256,1765399154.008019,2025-12-10T20:39:14.008044+00:00
257,1765399154.028896,2025-12-10T20:39:14.028900+00:00
258,1765399154.0495849,2025-12-10T20:39:14.049589+00:00
259,1765399154.066359,2025-12-10T20:39:14.066372+00:00
260,1765399154.08726,2025-12-10T20:39:14.087265+00:00
261,1765399154.108001,2025-12-10T20:39:14.108003+00:00
262,1765399154.127313,2025-12-10T20:39:14.127318+00:00
263,1765399154.146268,2025-12-10T20:39:14.146271+00:00
264,1765399154.167138,2025-12-10T20:39:14.167141+00:00
265,1765399154.1880162,2025-12-10T20:39:14.188019+00:00
266,1765399154.205748,2025-12-10T20:39:14.205752+00:00
267,1765399154.222792,2025-12-10T20:39:14.222800+00:00
268,1765399154.240753,2025-12-10T20:39:14.240757+00:00
269,1765399154.2600691,2025-12-10T20:39:14.260072+00:00
270,1765399154.280925,2025-12-10T20:39:14.280928+00:00
271,1765399154.301789,2025-12-10T20:39:14.301793+00:00
272,1765399154.3226671,2025-12-10T20:39:14.322668+00:00
273,1765399154.341228,2025-12-10T20:39:14.341232+00:00
274,1765399154.362099,2025-12-10T20:39:14.362103+00:00
275,1765399154.3825972,2025-12-10T20:39:14.382610+00:00
276,1765399154.400136,2025-12-10T20:39:14.400140+00:00
277,1765399154.421011,2025-12-10T20:39:14.421016+00:00
278,1765399154.4413419,2025-12-10T20:39:14.441344+00:00
279,1765399154.462201,2025-12-10T20:39:14.462205+00:00
280,1765399154.4830248,2025-12-10T20:39:14.483027+00:00
281,1765399154.499773,2025-12-10T20:39:14.499776+00:00
282,1765399154.520637,2025-12-10T20:39:14.520641+00:00
283,1765399154.541504,2025-12-10T20:39:14.541509+00:00
284,1765399154.562369,2025-12-10T20:39:14.562371+00:00
285,1765399154.5805922,2025-12-10T20:39:14.580596+00:00
286,1765399154.59962,2025-12-10T20:39:14.599626+00:00
287,1765399154.620491,2025-12-10T20:39:14.620494+00:00
288,1765399154.641344,2025-12-10T20:39:14.641348+00:00
289,1765399154.662221,2025-12-10T20:39:14.662228+00:00
290,1765399154.680062,2025-12-10T20:39:14.680068+00:00
291,1765399154.700935,2025-12-10T20:39:14.700939+00:00
292,1765399154.721811,2025-12-10T20:39:14.721817+00:00
293,1765399154.740305,2025-12-10T20:39:14.740307+00:00
294,1765399154.757875,2025-12-10T20:39:14.757880+00:00
295,1765399154.778773,2025-12-10T20:39:14.778774+00:00
296,1765399154.796919,2025-12-10T20:39:14.796923+00:00
297,1765399154.816094,2025-12-10T20:39:14.816095+00:00
298,1765399154.836958,2025-12-10T20:39:14.836981+00:00
299,1765399154.857671,2025-12-10T20:39:14.857675+00:00
300,1765399154.878552,2025-12-10T20:39:14.878557+00:00
301,1765399154.8994281,2025-12-10T20:39:14.899430+00:00
302,1765399154.917008,2025-12-10T20:39:14.917015+00:00
303,1765399154.937899,2025-12-10T20:39:14.937900+00:00
304,1765399154.957738,2025-12-10T20:39:14.957741+00:00
305,1765399154.977164,2025-12-10T20:39:14.977170+00:00
306,1765399154.996547,2025-12-10T20:39:14.996552+00:00
307,1765399155.013542,2025-12-10T20:39:15.013874+00:00
308,1765399155.032896,2025-12-10T20:39:15.032902+00:00
309,1765399155.05384,2025-12-10T20:39:15.053849+00:00
310,1765399155.07201,2025-12-10T20:39:15.072014+00:00
311,1765399155.0910919,2025-12-10T20:39:15.091095+00:00
312,1765399155.111966,2025-12-10T20:39:15.111971+00:00
313,1765399155.132693,2025-12-10T20:39:15.132698+00:00
314,1765399155.151577,2025-12-10T20:39:15.151584+00:00
315,1765399155.171593,2025-12-10T20:39:15.171604+00:00
316,1765399155.192511,2025-12-10T20:39:15.192515+00:00
317,1765399155.2133949,2025-12-10T20:39:15.213416+00:00
318,1765399155.234316,2025-12-10T20:39:15.234320+00:00
319,1765399155.2551901,2025-12-10T20:39:15.255191+00:00
320,1765399155.273599,2025-12-10T20:39:15.273605+00:00
321,1765399155.291275,2025-12-10T20:39:15.291278+00:00
322,1765399155.312145,2025-12-10T20:39:15.312148+00:00
323,1765399155.335074,2025-12-10T20:39:15.335077+00:00
324,1765399155.355941,2025-12-10T20:39:15.355949+00:00
325,1765399155.37468,2025-12-10T20:39:15.374685+00:00
326,1765399155.395554,2025-12-10T20:39:15.395560+00:00
327,1765399155.416328,2025-12-10T20:39:15.416333+00:00
328,1765399155.433388,2025-12-10T20:39:15.433419+00:00
329,1765399155.451738,2025-12-10T20:39:15.451747+00:00
330,1765399155.478477,2025-12-10T20:39:15.478500+00:00
331,1765399155.499428,2025-12-10T20:39:15.499437+00:00
332,1765399155.517675,2025-12-10T20:39:15.517682+00:00
333,1765399155.537292,2025-12-10T20:39:15.537295+00:00
334,1765399155.558157,2025-12-10T20:39:15.558158+00:00
335,1765399155.578367,2025-12-10T20:39:15.578370+00:00
336,1765399155.595735,2025-12-10T20:39:15.595738+00:00
337,1765399155.616368,2025-12-10T20:39:15.616370+00:00
338,1765399155.637225,2025-12-10T20:39:15.637229+00:00
339,1765399155.657557,2025-12-10T20:39:15.657561+00:00
340,1765399155.678427,2025-12-10T20:39:15.678430+00:00
341,1765399155.699291,2025-12-10T20:39:15.699294+00:00
342,1765399155.717362,2025-12-10T20:39:15.717364+00:00
343,1765399155.7373838,2025-12-10T20:39:15.737385+00:00
344,1765399155.75578,2025-12-10T20:39:15.755784+00:00
345,1765399155.776386,2025-12-10T20:39:15.776387+00:00
346,1765399155.79724,2025-12-10T20:39:15.797244+00:00
347,1765399155.815674,2025-12-10T20:39:15.815679+00:00
348,1765399155.836566,2025-12-10T20:39:15.836571+00:00
349,1765399155.856854,2025-12-10T20:39:15.856867+00:00
350,1765399155.87737,2025-12-10T20:39:15.877373+00:00
351,1765399155.8955479,2025-12-10T20:39:15.895555+00:00
352,1765399155.916447,2025-12-10T20:39:15.916451+00:00
353,1765399155.937048,2025-12-10T20:39:15.937052+00:00
354,1765399155.9552472,2025-12-10T20:39:15.955252+00:00
355,1765399155.972758,2025-12-10T20:39:15.972761+00:00
356,1765399155.995342,2025-12-10T20:39:15.995344+00:00
357,1765399156.016206,2025-12-10T20:39:16.016214+00:00
358,1765399156.037121,2025-12-10T20:39:16.037126+00:00
359,1765399156.0574841,2025-12-10T20:39:16.057486+00:00
360,1765399156.078262,2025-12-10T20:39:16.078289+00:00
361,1765399156.0975099,2025-12-10T20:39:16.097513+00:00
362,1765399156.115561,2025-12-10T20:39:16.115561+00:00
363,1765399156.136417,2025-12-10T20:39:16.136434+00:00
364,1765399156.1537092,2025-12-10T20:39:16.153713+00:00
365,1765399156.1745799,2025-12-10T20:39:16.174583+00:00
366,1765399156.193486,2025-12-10T20:39:16.193489+00:00
367,1765399156.2113779,2025-12-10T20:39:16.211379+00:00
368,1765399156.232225,2025-12-10T20:39:16.232226+00:00
369,1765399156.252981,2025-12-10T20:39:16.252982+00:00
370,1765399156.273845,2025-12-10T20:39:16.273853+00:00
371,1765399156.2947478,2025-12-10T20:39:16.294753+00:00
372,1765399156.3152902,2025-12-10T20:39:16.315292+00:00
373,1765399156.3323562,2025-12-10T20:39:16.332359+00:00
374,1765399156.351535,2025-12-10T20:39:16.351538+00:00
375,1765399156.369767,2025-12-10T20:39:16.369774+00:00
376,1765399156.390604,2025-12-10T20:39:16.390608+00:00
377,1765399156.4113421,2025-12-10T20:39:16.411345+00:00
378,1765399156.432229,2025-12-10T20:39:16.432231+00:00
379,1765399156.4531069,2025-12-10T20:39:16.453109+00:00
380,1765399156.473272,2025-12-10T20:39:16.473282+00:00
381,1765399156.4966242,2025-12-10T20:39:16.496629+00:00
382,1765399156.517507,2025-12-10T20:39:16.517514+00:00
383,1765399156.5363111,2025-12-10T20:39:16.536325+00:00
384,1765399156.557237,2025-12-10T20:39:16.557246+00:00
385,1765399156.5742028,2025-12-10T20:39:16.574209+00:00
386,1765399156.5950809,2025-12-10T20:39:16.595083+00:00
387,1765399156.612875,2025-12-10T20:39:16.612879+00:00
388,1765399156.633753,2025-12-10T20:39:16.633759+00:00
389,1765399156.65347,2025-12-10T20:39:16.653480+00:00
390,1765399156.674361,2025-12-10T20:39:16.674363+00:00
391,1765399156.693037,2025-12-10T20:39:16.693039+00:00
392,1765399156.713912,2025-12-10T20:39:16.713916+00:00
393,1765399156.7345762,2025-12-10T20:39:16.734576+00:00
394,1765399156.75138,2025-12-10T20:39:16.751380+00:00
395,1765399156.7717278,2025-12-10T20:39:16.771729+00:00
396,1765399156.792591,2025-12-10T20:39:16.792596+00:00
397,1765399156.810326,2025-12-10T20:39:16.810327+00:00
398,1765399156.8310459,2025-12-10T20:39:16.831047+00:00
399,1765399156.8518999,2025-12-10T20:39:16.851904+00:00
400,1765399156.872787,2025-12-10T20:39:16.872790+00:00
401,1765399156.8936489,2025-12-10T20:39:16.893651+00:00
402,1765399156.912919,2025-12-10T20:39:16.912925+00:00
403,1765399156.933321,2025-12-10T20:39:16.933324+00:00
404,1765399156.9541812,2025-12-10T20:39:16.954182+00:00
405,1765399156.975035,2025-12-10T20:39:16.975038+00:00
406,1765399156.995904,2025-12-10T20:39:16.995913+00:00
407,1765399157.0163572,2025-12-10T20:39:17.016362+00:00
408,1765399157.036491,2025-12-10T20:39:17.036508+00:00
409,1765399157.055304,2025-12-10T20:39:17.055322+00:00
410,1765399157.07282,2025-12-10T20:39:17.072828+00:00
411,1765399157.0916622,2025-12-10T20:39:17.091702+00:00
412,1765399157.116528,2025-12-10T20:39:17.116537+00:00
413,1765399157.137441,2025-12-10T20:39:17.137457+00:00
414,1765399157.154701,2025-12-10T20:39:17.154708+00:00
415,1765399157.175591,2025-12-10T20:39:17.175599+00:00
416,1765399157.192987,2025-12-10T20:39:17.192993+00:00
417,1765399157.2132952,2025-12-10T20:39:17.213300+00:00
418,1765399157.23086,2025-12-10T20:39:17.230863+00:00
419,1765399157.2513542,2025-12-10T20:39:17.251356+00:00
420,1765399157.272224,2025-12-10T20:39:17.272232+00:00
421,1765399157.291229,2025-12-10T20:39:17.291236+00:00
422,1765399157.312128,2025-12-10T20:39:17.312134+00:00
423,1765399157.3320582,2025-12-10T20:39:17.332063+00:00
424,1765399157.349762,2025-12-10T20:39:17.349766+00:00
425,1765399157.369956,2025-12-10T20:39:17.369960+00:00
426,1765399157.3899362,2025-12-10T20:39:17.389943+00:00
427,1765399157.407352,2025-12-10T20:39:17.407360+00:00
428,1765399157.425154,2025-12-10T20:39:17.425158+00:00
429,1765399157.442264,2025-12-10T20:39:17.442272+00:00
430,1765399157.461012,2025-12-10T20:39:17.461021+00:00
431,1765399157.481136,2025-12-10T20:39:17.481624+00:00
432,1765399157.499972,2025-12-10T20:39:17.499976+00:00
433,1765399157.522075,2025-12-10T20:39:17.522079+00:00
434,1765399157.541399,2025-12-10T20:39:17.541402+00:00
435,1765399157.5581388,2025-12-10T20:39:17.558147+00:00
436,1765399157.5768251,2025-12-10T20:39:17.576831+00:00
437,1765399157.5959628,2025-12-10T20:39:17.595970+00:00
438,1765399157.6146,2025-12-10T20:39:17.614623+00:00
439,1765399157.6358132,2025-12-10T20:39:17.635817+00:00
440,1765399157.653897,2025-12-10T20:39:17.653942+00:00
441,1765399157.6748319,2025-12-10T20:39:17.674840+00:00
442,1765399157.695728,2025-12-10T20:39:17.695732+00:00
443,1765399157.7125309,2025-12-10T20:39:17.712536+00:00
444,1765399157.732799,2025-12-10T20:39:17.732807+00:00
445,1765399157.753702,2025-12-10T20:39:17.753712+00:00
446,1765399157.774265,2025-12-10T20:39:17.774271+00:00
447,1765399157.795845,2025-12-10T20:39:17.795853+00:00
448,1765399157.8175669,2025-12-10T20:39:17.817581+00:00
449,1765399157.8381262,2025-12-10T20:39:17.838134+00:00
450,1765399157.856771,2025-12-10T20:39:17.856779+00:00
451,1765399157.8735821,2025-12-10T20:39:17.873588+00:00
452,1765399157.894549,2025-12-10T20:39:17.894556+00:00
453,1765399157.912232,2025-12-10T20:39:17.912236+00:00
454,1765399157.933106,2025-12-10T20:39:17.933111+00:00
455,1765399157.954047,2025-12-10T20:39:17.954054+00:00
456,1765399157.973979,2025-12-10T20:39:17.973989+00:00
457,1765399158.001191,2025-12-10T20:39:18.001208+00:00
458,1765399158.0233312,2025-12-10T20:39:18.023338+00:00
459,1765399158.0442188,2025-12-10T20:39:18.044228+00:00
460,1765399158.069928,2025-12-10T20:39:18.069934+00:00
461,1765399158.095285,2025-12-10T20:39:18.095383+00:00
462,1765399158.157965,2025-12-10T20:39:18.157971+00:00
463,1765399158.180048,2025-12-10T20:39:18.180056+00:00
464,1765399158.209984,2025-12-10T20:39:18.209992+00:00
465,1765399158.229954,2025-12-10T20:39:18.229961+00:00
466,1765399158.253008,2025-12-10T20:39:18.253057+00:00
467,1765399158.2745652,2025-12-10T20:39:18.274669+00:00
468,1765399158.293199,2025-12-10T20:39:18.293207+00:00
469,1765399158.3134022,2025-12-10T20:39:18.313406+00:00
470,1765399158.334281,2025-12-10T20:39:18.334282+00:00
471,1765399158.3552818,2025-12-10T20:39:18.355291+00:00
472,1765399158.374791,2025-12-10T20:39:18.374799+00:00
473,1765399158.395191,2025-12-10T20:39:18.395202+00:00
474,1765399158.41571,2025-12-10T20:39:18.415722+00:00
475,1765399158.435873,2025-12-10T20:39:18.435880+00:00
476,1765399158.453134,2025-12-10T20:39:18.453137+00:00
477,1765399158.474008,2025-12-10T20:39:18.474016+00:00
478,1765399158.4957728,2025-12-10T20:39:18.495779+00:00
479,1765399158.516374,2025-12-10T20:39:18.516392+00:00
480,1765399158.5372999,2025-12-10T20:39:18.537304+00:00
481,1765399158.558033,2025-12-10T20:39:18.558041+00:00
482,1765399158.578937,2025-12-10T20:39:18.578943+00:00
483,1765399158.599827,2025-12-10T20:39:18.599837+00:00
484,1765399158.6206899,2025-12-10T20:39:18.620690+00:00
485,1765399158.641541,2025-12-10T20:39:18.641545+00:00
486,1765399158.659252,2025-12-10T20:39:18.659256+00:00
487,1765399158.676927,2025-12-10T20:39:18.676936+00:00
488,1765399158.6978502,2025-12-10T20:39:18.697856+00:00
489,1765399158.716359,2025-12-10T20:39:18.716363+00:00
490,1765399158.7337458,2025-12-10T20:39:18.733750+00:00
491,1765399158.754591,2025-12-10T20:39:18.754597+00:00
492,1765399158.7747068,2025-12-10T20:39:18.774716+00:00
493,1765399158.79509,2025-12-10T20:39:18.795101+00:00
494,1765399158.8160052,2025-12-10T20:39:18.816010+00:00
495,1765399158.836884,2025-12-10T20:39:18.836890+00:00
496,1765399158.854305,2025-12-10T20:39:18.854312+00:00
497,1765399158.8752031,2025-12-10T20:39:18.875208+00:00
498,1765399158.8941839,2025-12-10T20:39:18.894191+00:00
499,1765399158.9150841,2025-12-10T20:39:18.915086+00:00
500,1765399158.933384,2025-12-10T20:39:18.933386+00:00
501,1765399158.954252,2025-12-10T20:39:18.954257+00:00
502,1765399158.97513,2025-12-10T20:39:18.975132+00:00
503,1765399158.9958909,2025-12-10T20:39:18.995898+00:00
504,1765399159.016814,2025-12-10T20:39:19.016819+00:00
505,1765399159.0376902,2025-12-10T20:39:19.037694+00:00
506,1765399159.057956,2025-12-10T20:39:19.057966+00:00
507,1765399159.074771,2025-12-10T20:39:19.074779+00:00
508,1765399159.095684,2025-12-10T20:39:19.095689+00:00
509,1765399159.11656,2025-12-10T20:39:19.116561+00:00
510,1765399159.137415,2025-12-10T20:39:19.137419+00:00
511,1765399159.158297,2025-12-10T20:39:19.158301+00:00
512,1765399159.1791701,2025-12-10T20:39:19.179176+00:00
513,1765399159.199403,2025-12-10T20:39:19.199408+00:00
514,1765399159.2173069,2025-12-10T20:39:19.217313+00:00
515,1765399159.2381818,2025-12-10T20:39:19.238190+00:00
516,1765399159.257594,2025-12-10T20:39:19.257599+00:00
517,1765399159.274403,2025-12-10T20:39:19.274412+00:00
518,1765399159.2953112,2025-12-10T20:39:19.295319+00:00
519,1765399159.312393,2025-12-10T20:39:19.312395+00:00
520,1765399159.3325608,2025-12-10T20:39:19.332562+00:00
521,1765399159.353415,2025-12-10T20:39:19.353418+00:00
522,1765399159.374279,2025-12-10T20:39:19.374282+00:00
523,1765399159.391951,2025-12-10T20:39:19.391955+00:00
524,1765399159.410753,2025-12-10T20:39:19.410754+00:00
525,1765399159.428355,2025-12-10T20:39:19.428359+00:00
526,1765399159.449132,2025-12-10T20:39:19.449135+00:00
527,1765399159.4664462,2025-12-10T20:39:19.466449+00:00
528,1765399159.4847538,2025-12-10T20:39:19.484758+00:00
529,1765399159.505653,2025-12-10T20:39:19.505661+00:00
530,1765399159.52655,2025-12-10T20:39:19.526553+00:00
531,1765399159.544551,2025-12-10T20:39:19.544554+00:00
532,1765399159.564977,2025-12-10T20:39:19.564979+00:00
533,1765399159.5827892,2025-12-10T20:39:19.582792+00:00
534,1765399159.603643,2025-12-10T20:39:19.603644+00:00
535,1765399159.6244931,2025-12-10T20:39:19.624494+00:00
536,1765399159.645356,2025-12-10T20:39:19.645360+00:00
537,1765399159.663841,2025-12-10T20:39:19.663843+00:00
538,1765399159.682592,2025-12-10T20:39:19.682597+00:00
539,1765399159.7034829,2025-12-10T20:39:19.703490+00:00
540,1765399159.724381,2025-12-10T20:39:19.724386+00:00
541,1765399159.745273,2025-12-10T20:39:19.745277+00:00
542,1765399159.766152,2025-12-10T20:39:19.766155+00:00
543,1765399159.7854772,2025-12-10T20:39:19.785478+00:00
544,1765399159.8063219,2025-12-10T20:39:19.806323+00:00
545,1765399159.8271759,2025-12-10T20:39:19.827182+00:00
546,1765399159.8480792,2025-12-10T20:39:19.848086+00:00
547,1765399159.8657742,2025-12-10T20:39:19.865783+00:00
548,1765399159.8825989,2025-12-10T20:39:19.882607+00:00
549,1765399159.903497,2025-12-10T20:39:19.903499+00:00
550,1765399159.923024,2025-12-10T20:39:19.923029+00:00
551,1765399159.940844,2025-12-10T20:39:19.940850+00:00
552,1765399159.96546,2025-12-10T20:39:19.965469+00:00
553,1765399160.004142,2025-12-10T20:39:20.004184+00:00
554,1765399160.037001,2025-12-10T20:39:20.037010+00:00
555,1765399160.0649521,2025-12-10T20:39:20.064960+00:00
556,1765399160.082808,2025-12-10T20:39:20.082817+00:00
557,1765399160.10161,2025-12-10T20:39:20.101618+00:00
558,1765399160.1270761,2025-12-10T20:39:20.127085+00:00
559,1765399160.1461,2025-12-10T20:39:20.146110+00:00
560,1765399160.164821,2025-12-10T20:39:20.164876+00:00
561,1765399160.1849852,2025-12-10T20:39:20.184992+00:00
562,1765399160.205884,2025-12-10T20:39:20.205893+00:00
563,1765399160.224811,2025-12-10T20:39:20.224818+00:00
564,1765399160.2459662,2025-12-10T20:39:20.245971+00:00
565,1765399160.265171,2025-12-10T20:39:20.265181+00:00
566,1765399160.283736,2025-12-10T20:39:20.283744+00:00
567,1765399160.3034801,2025-12-10T20:39:20.303490+00:00
568,1765399160.325118,2025-12-10T20:39:20.325125+00:00
569,1765399160.3453708,2025-12-10T20:39:20.345382+00:00
570,1765399160.364018,2025-12-10T20:39:20.364026+00:00
571,1765399160.3807948,2025-12-10T20:39:20.380802+00:00
572,1765399160.3995771,2025-12-10T20:39:20.399588+00:00
573,1765399160.4171789,2025-12-10T20:39:20.417190+00:00
574,1765399160.441976,2025-12-10T20:39:20.441985+00:00
575,1765399160.466662,2025-12-10T20:39:20.466671+00:00
576,1765399160.4945369,2025-12-10T20:39:20.494543+00:00
577,1765399160.513938,2025-12-10T20:39:20.513943+00:00
578,1765399160.534372,2025-12-10T20:39:20.534376+00:00
579,1765399160.555182,2025-12-10T20:39:20.555540+00:00
580,1765399160.577354,2025-12-10T20:39:20.577362+00:00
581,1765399160.5987961,2025-12-10T20:39:20.598818+00:00
582,1765399160.618537,2025-12-10T20:39:20.618541+00:00
583,1765399160.654888,2025-12-10T20:39:20.655162+00:00
584,1765399160.675312,2025-12-10T20:39:20.675318+00:00
585,1765399160.699481,2025-12-10T20:39:20.699489+00:00
586,1765399160.7181702,2025-12-10T20:39:20.718177+00:00
587,1765399160.7410948,2025-12-10T20:39:20.741109+00:00
588,1765399160.762002,2025-12-10T20:39:20.762006+00:00
589,1765399160.781924,2025-12-10T20:39:20.781933+00:00
590,1765399160.799368,2025-12-10T20:39:20.799386+00:00
591,1765399160.8164659,2025-12-10T20:39:20.816480+00:00
592,1765399160.835215,2025-12-10T20:39:20.835232+00:00
593,1765399160.852087,2025-12-10T20:39:20.852094+00:00
594,1765399160.8743849,2025-12-10T20:39:20.874396+00:00
595,1765399160.894481,2025-12-10T20:39:20.894489+00:00
596,1765399160.92227,2025-12-10T20:39:20.922277+00:00
597,1765399160.940703,2025-12-10T20:39:20.940710+00:00
598,1765399160.961386,2025-12-10T20:39:20.961390+00:00
599,1765399160.9793541,2025-12-10T20:39:20.979358+00:00
600,1765399160.996074,2025-12-10T20:39:20.996083+00:00
601,1765399161.0275059,2025-12-10T20:39:21.027515+00:00
602,1765399161.048409,2025-12-10T20:39:21.048416+00:00
603,1765399161.0660758,2025-12-10T20:39:21.066087+00:00
604,1765399161.087001,2025-12-10T20:39:21.087008+00:00
605,1765399161.107224,2025-12-10T20:39:21.107232+00:00
606,1765399161.128088,2025-12-10T20:39:21.128118+00:00
607,1765399161.148444,2025-12-10T20:39:21.148451+00:00
608,1765399161.1660402,2025-12-10T20:39:21.166042+00:00
609,1765399161.183427,2025-12-10T20:39:21.183434+00:00
610,1765399161.2043478,2025-12-10T20:39:21.204349+00:00
611,1765399161.2259688,2025-12-10T20:39:21.225970+00:00
612,1765399161.2456262,2025-12-10T20:39:21.245628+00:00
613,1765399161.2629728,2025-12-10T20:39:21.262975+00:00
614,1765399161.283846,2025-12-10T20:39:21.283853+00:00
615,1765399161.3030531,2025-12-10T20:39:21.303055+00:00
616,1765399161.320626,2025-12-10T20:39:21.320631+00:00
617,1765399161.341515,2025-12-10T20:39:21.341519+00:00
618,1765399161.3619268,2025-12-10T20:39:21.361940+00:00
619,1765399161.380248,2025-12-10T20:39:21.380252+00:00
620,1765399161.397384,2025-12-10T20:39:21.397389+00:00
621,1765399161.418279,2025-12-10T20:39:21.418284+00:00
622,1765399161.437302,2025-12-10T20:39:21.437325+00:00
623,1765399161.45751,2025-12-10T20:39:21.457522+00:00
624,1765399161.4750872,2025-12-10T20:39:21.475089+00:00
625,1765399161.492994,2025-12-10T20:39:21.493000+00:00
626,1765399161.513906,2025-12-10T20:39:21.513910+00:00
627,1765399161.532403,2025-12-10T20:39:21.532416+00:00
628,1765399161.549658,2025-12-10T20:39:21.549661+00:00
629,1765399161.570517,2025-12-10T20:39:21.570519+00:00
630,1765399161.587321,2025-12-10T20:39:21.587386+00:00
631,1765399161.608263,2025-12-10T20:39:21.608267+00:00
632,1765399161.629067,2025-12-10T20:39:21.629068+00:00
633,1765399161.6499252,2025-12-10T20:39:21.649932+00:00
634,1765399161.669726,2025-12-10T20:39:21.669728+00:00
635,1765399161.686445,2025-12-10T20:39:21.686448+00:00
636,1765399161.705555,2025-12-10T20:39:21.705556+00:00
637,1765399161.726408,2025-12-10T20:39:21.726419+00:00
638,1765399161.746408,2025-12-10T20:39:21.746411+00:00
639,1765399161.764622,2025-12-10T20:39:21.764625+00:00
640,1765399161.781543,2025-12-10T20:39:21.781557+00:00
641,1765399161.802423,2025-12-10T20:39:21.802424+00:00
642,1765399161.823284,2025-12-10T20:39:21.823292+00:00
643,1765399161.841283,2025-12-10T20:39:21.841287+00:00
644,1765399161.8591459,2025-12-10T20:39:21.859154+00:00
645,1765399161.880048,2025-12-10T20:39:21.880051+00:00
646,1765399161.897068,2025-12-10T20:39:21.897070+00:00
647,1765399161.917103,2025-12-10T20:39:21.917104+00:00
648,1765399161.937957,2025-12-10T20:39:21.937961+00:00
649,1765399161.957045,2025-12-10T20:39:21.957047+00:00
650,1765399161.9781408,2025-12-10T20:39:21.978144+00:00
651,1765399161.999016,2025-12-10T20:39:21.999023+00:00
652,1765399162.015811,2025-12-10T20:39:22.015817+00:00
653,1765399162.0351748,2025-12-10T20:39:22.035178+00:00
654,1765399162.053592,2025-12-10T20:39:22.053610+00:00
655,1765399162.074475,2025-12-10T20:39:22.074478+00:00
656,1765399162.095339,2025-12-10T20:39:22.095343+00:00
657,1765399162.115814,2025-12-10T20:39:22.115817+00:00
658,1765399162.1366851,2025-12-10T20:39:22.136688+00:00
659,1765399162.157562,2025-12-10T20:39:22.157570+00:00
660,1765399162.178478,2025-12-10T20:39:22.178481+00:00
661,1765399162.198008,2025-12-10T20:39:22.198009+00:00
662,1765399162.215511,2025-12-10T20:39:22.215515+00:00
663,1765399162.234637,2025-12-10T20:39:22.234638+00:00
664,1765399162.2555,2025-12-10T20:39:22.255508+00:00
665,1765399162.273055,2025-12-10T20:39:22.273056+00:00
666,1765399162.293086,2025-12-10T20:39:22.293096+00:00
667,1765399162.311139,2025-12-10T20:39:22.311143+00:00
668,1765399162.328757,2025-12-10T20:39:22.328760+00:00
669,1765399162.345641,2025-12-10T20:39:22.345642+00:00
670,1765399162.365957,2025-12-10T20:39:22.365960+00:00
671,1765399162.384853,2025-12-10T20:39:22.384886+00:00
672,1765399162.403282,2025-12-10T20:39:22.403296+00:00
673,1765399162.424223,2025-12-10T20:39:22.424227+00:00
674,1765399162.441725,2025-12-10T20:39:22.441732+00:00
675,1765399162.4617212,2025-12-10T20:39:22.461724+00:00
676,1765399162.482599,2025-12-10T20:39:22.482603+00:00
677,1765399162.503479,2025-12-10T20:39:22.503488+00:00
678,1765399162.521247,2025-12-10T20:39:22.521249+00:00
679,1765399162.5417569,2025-12-10T20:39:22.541766+00:00
680,1765399162.5623128,2025-12-10T20:39:22.562340+00:00
681,1765399162.583227,2025-12-10T20:39:22.583229+00:00
682,1765399162.603999,2025-12-10T20:39:22.604004+00:00
683,1765399162.62176,2025-12-10T20:39:22.621764+00:00
684,1765399162.6426392,2025-12-10T20:39:22.642644+00:00
685,1765399162.663532,2025-12-10T20:39:22.663537+00:00
686,1765399162.68442,2025-12-10T20:39:22.684436+00:00
687,1765399162.7053592,2025-12-10T20:39:22.705377+00:00
688,1765399162.7237089,2025-12-10T20:39:22.723712+00:00
689,1765399162.74458,2025-12-10T20:39:22.744583+00:00
690,1765399162.762489,2025-12-10T20:39:22.762494+00:00
691,1765399162.7833972,2025-12-10T20:39:22.783408+00:00
692,1765399162.803295,2025-12-10T20:39:22.803302+00:00
693,1765399162.8205178,2025-12-10T20:39:22.820520+00:00
694,1765399162.838428,2025-12-10T20:39:22.838432+00:00
695,1765399162.858144,2025-12-10T20:39:22.858148+00:00
696,1765399162.879026,2025-12-10T20:39:22.879033+00:00
697,1765399162.8986938,2025-12-10T20:39:22.898700+00:00
698,1765399162.9195771,2025-12-10T20:39:22.919578+00:00
699,1765399162.940345,2025-12-10T20:39:22.940349+00:00
700,1765399162.961226,2025-12-10T20:39:22.961228+00:00
701,1765399162.981981,2025-12-10T20:39:22.981982+00:00
702,1765399163.002846,2025-12-10T20:39:23.002852+00:00
703,1765399163.023736,2025-12-10T20:39:23.023741+00:00
704,1765399163.044621,2025-12-10T20:39:23.044626+00:00
705,1765399163.065493,2025-12-10T20:39:23.065503+00:00
706,1765399163.0831711,2025-12-10T20:39:23.083174+00:00
707,1765399163.10147,2025-12-10T20:39:23.101473+00:00
708,1765399163.122369,2025-12-10T20:39:23.122373+00:00
709,1765399163.1411462,2025-12-10T20:39:23.141148+00:00
710,1765399163.161995,2025-12-10T20:39:23.161996+00:00
711,1765399163.18273,2025-12-10T20:39:23.182739+00:00
712,1765399163.203636,2025-12-10T20:39:23.203640+00:00
713,1765399163.22453,2025-12-10T20:39:23.224531+00:00
714,1765399163.241261,2025-12-10T20:39:23.241262+00:00
715,1765399163.262131,2025-12-10T20:39:23.262139+00:00
716,1765399163.28118,2025-12-10T20:39:23.281182+00:00
717,1765399163.302049,2025-12-10T20:39:23.302051+00:00
718,1765399163.319322,2025-12-10T20:39:23.319324+00:00
719,1765399163.33686,2025-12-10T20:39:23.336863+00:00
720,1765399163.3563929,2025-12-10T20:39:23.356398+00:00
721,1765399163.377297,2025-12-10T20:39:23.377303+00:00
722,1765399163.3981912,2025-12-10T20:39:23.398194+00:00
723,1765399163.416508,2025-12-10T20:39:23.416510+00:00
724,1765399163.4373739,2025-12-10T20:39:23.437375+00:00
725,1765399163.458194,2025-12-10T20:39:23.458198+00:00
726,1765399163.4755058,2025-12-10T20:39:23.475508+00:00
727,1765399163.49409,2025-12-10T20:39:23.494096+00:00
728,1765399163.513,2025-12-10T20:39:23.513003+00:00
729,1765399163.533071,2025-12-10T20:39:23.533082+00:00
730,1765399163.553856,2025-12-10T20:39:23.553861+00:00
731,1765399163.574732,2025-12-10T20:39:23.574737+00:00
732,1765399163.5916722,2025-12-10T20:39:23.591683+00:00
733,1765399163.612577,2025-12-10T20:39:23.612580+00:00
734,1765399163.633129,2025-12-10T20:39:23.633137+00:00
735,1765399163.649987,2025-12-10T20:39:23.649991+00:00
736,1765399163.669239,2025-12-10T20:39:23.669249+00:00
737,1765399163.688525,2025-12-10T20:39:23.688533+00:00
738,1765399163.70944,2025-12-10T20:39:23.709448+00:00
739,1765399163.7303412,2025-12-10T20:39:23.730349+00:00
740,1765399163.750707,2025-12-10T20:39:23.750717+00:00
741,1765399163.770057,2025-12-10T20:39:23.770062+00:00
742,1765399163.7871082,2025-12-10T20:39:23.787109+00:00
743,1765399163.8079722,2025-12-10T20:39:23.807977+00:00
744,1765399163.824714,2025-12-10T20:39:23.824722+00:00
745,1765399163.845609,2025-12-10T20:39:23.845611+00:00
746,1765399163.862889,2025-12-10T20:39:23.862902+00:00
747,1765399163.883182,2025-12-10T20:39:23.883186+00:00
748,1765399163.899895,2025-12-10T20:39:23.899897+00:00
749,1765399163.920747,2025-12-10T20:39:23.920748+00:00
750,1765399163.9416,2025-12-10T20:39:23.941604+00:00
751,1765399163.962646,2025-12-10T20:39:23.962649+00:00
752,1765399163.983506,2025-12-10T20:39:23.983509+00:00
753,1765399164.004679,2025-12-10T20:39:24.004682+00:00
754,1765399164.025548,2025-12-10T20:39:24.025551+00:00
755,1765399164.0464199,2025-12-10T20:39:24.046425+00:00
756,1765399164.0657809,2025-12-10T20:39:24.065787+00:00
757,1765399164.082564,2025-12-10T20:39:24.082572+00:00
758,1765399164.103478,2025-12-10T20:39:24.103483+00:00
759,1765399164.120556,2025-12-10T20:39:24.120560+00:00
760,1765399164.14143,2025-12-10T20:39:24.141434+00:00
761,1765399164.158272,2025-12-10T20:39:24.158273+00:00
762,1765399164.179127,2025-12-10T20:39:24.179130+00:00
763,1765399164.199747,2025-12-10T20:39:24.199764+00:00
764,1765399164.220622,2025-12-10T20:39:24.220625+00:00
765,1765399164.241484,2025-12-10T20:39:24.241484+00:00
766,1765399164.261054,2025-12-10T20:39:24.261055+00:00
767,1765399164.281898,2025-12-10T20:39:24.281899+00:00
768,1765399164.302741,2025-12-10T20:39:24.302741+00:00
769,1765399164.323584,2025-12-10T20:39:24.323584+00:00
770,1765399164.341381,2025-12-10T20:39:24.341387+00:00
771,1765399164.362049,2025-12-10T20:39:24.362058+00:00
772,1765399164.382954,2025-12-10T20:39:24.382957+00:00
773,1765399164.403844,2025-12-10T20:39:24.403852+00:00
774,1765399164.422453,2025-12-10T20:39:24.422457+00:00
775,1765399164.441372,2025-12-10T20:39:24.441373+00:00
776,1765399164.4580789,2025-12-10T20:39:24.458083+00:00
777,1765399164.4783711,2025-12-10T20:39:24.478374+00:00
778,1765399164.499237,2025-12-10T20:39:24.499243+00:00
779,1765399164.516624,2025-12-10T20:39:24.516627+00:00
780,1765399164.535435,2025-12-10T20:39:24.535438+00:00
781,1765399164.55631,2025-12-10T20:39:24.556314+00:00
782,1765399164.574858,2025-12-10T20:39:24.574860+00:00
783,1765399164.595723,2025-12-10T20:39:24.595729+00:00
784,1765399164.616596,2025-12-10T20:39:24.616597+00:00
785,1765399164.6336288,2025-12-10T20:39:24.633630+00:00
786,1765399164.654497,2025-12-10T20:39:24.654498+00:00
787,1765399164.6752052,2025-12-10T20:39:24.675209+00:00
788,1765399164.6961,2025-12-10T20:39:24.696102+00:00
789,1765399164.7164512,2025-12-10T20:39:24.716454+00:00
790,1765399164.735172,2025-12-10T20:39:24.735174+00:00
791,1765399164.756036,2025-12-10T20:39:24.756038+00:00
792,1765399164.773102,2025-12-10T20:39:24.773103+00:00
793,1765399164.793903,2025-12-10T20:39:24.793916+00:00
794,1765399164.8108969,2025-12-10T20:39:24.810900+00:00
795,1765399164.831774,2025-12-10T20:39:24.831776+00:00
796,1765399164.848778,2025-12-10T20:39:24.848779+00:00
797,1765399164.8673768,2025-12-10T20:39:24.867381+00:00
798,1765399164.888247,2025-12-10T20:39:24.888252+00:00
799,1765399164.90643,2025-12-10T20:39:24.906433+00:00
800,1765399164.927285,2025-12-10T20:39:24.927286+00:00
801,1765399164.948148,2025-12-10T20:39:24.948154+00:00
802,1765399164.965927,2025-12-10T20:39:24.965928+00:00
803,1765399164.985528,2025-12-10T20:39:24.985528+00:00
804,1765399165.0040011,2025-12-10T20:39:25.004006+00:00
805,1765399165.024893,2025-12-10T20:39:25.024912+00:00
806,1765399165.041646,2025-12-10T20:39:25.041648+00:00
807,1765399165.060989,2025-12-10T20:39:25.060993+00:00
808,1765399165.081887,2025-12-10T20:39:25.081890+00:00
809,1765399165.099882,2025-12-10T20:39:25.099886+00:00
810,1765399165.1179252,2025-12-10T20:39:25.117927+00:00
811,1765399165.138783,2025-12-10T20:39:25.138784+00:00
812,1765399165.1582341,2025-12-10T20:39:25.158246+00:00
813,1765399165.179132,2025-12-10T20:39:25.179139+00:00
814,1765399165.200028,2025-12-10T20:39:25.200034+00:00
815,1765399165.21734,2025-12-10T20:39:25.217341+00:00
816,1765399165.2347121,2025-12-10T20:39:25.234714+00:00
817,1765399165.2555861,2025-12-10T20:39:25.255589+00:00
818,1765399165.2764611,2025-12-10T20:39:25.276464+00:00
819,1765399165.294086,2025-12-10T20:39:25.294089+00:00
820,1765399165.314961,2025-12-10T20:39:25.314962+00:00
821,1765399165.333636,2025-12-10T20:39:25.333643+00:00
822,1765399165.350379,2025-12-10T20:39:25.350380+00:00
823,1765399165.3712451,2025-12-10T20:39:25.371253+00:00
824,1765399165.391409,2025-12-10T20:39:25.391414+00:00
825,1765399165.411485,2025-12-10T20:39:25.411492+00:00
826,1765399165.4321222,2025-12-10T20:39:25.432130+00:00
827,1765399165.4530292,2025-12-10T20:39:25.453034+00:00
828,1765399165.4697978,2025-12-10T20:39:25.469804+00:00
829,1765399165.49068,2025-12-10T20:39:25.490696+00:00
830,1765399165.508342,2025-12-10T20:39:25.508350+00:00
831,1765399165.5292501,2025-12-10T20:39:25.529255+00:00
832,1765399165.54639,2025-12-10T20:39:25.546394+00:00
833,1765399165.565971,2025-12-10T20:39:25.565978+00:00
834,1765399165.5832121,2025-12-10T20:39:25.583215+00:00
835,1765399165.604085,2025-12-10T20:39:25.604090+00:00
836,1765399165.624976,2025-12-10T20:39:25.624978+00:00
837,1765399165.6458418,2025-12-10T20:39:25.645845+00:00
838,1765399165.663467,2025-12-10T20:39:25.663468+00:00
839,1765399165.684319,2025-12-10T20:39:25.684320+00:00
840,1765399165.705188,2025-12-10T20:39:25.705189+00:00
841,1765399165.72481,2025-12-10T20:39:25.724810+00:00
842,1765399165.7421381,2025-12-10T20:39:25.742140+00:00
843,1765399165.762996,2025-12-10T20:39:25.762998+00:00
844,1765399165.780139,2025-12-10T20:39:25.780141+00:00
845,1765399165.801001,2025-12-10T20:39:25.801002+00:00
846,1765399165.821857,2025-12-10T20:39:25.821860+00:00
847,1765399165.841454,2025-12-10T20:39:25.841457+00:00
848,1765399165.85935,2025-12-10T20:39:25.859353+00:00
849,1765399165.876838,2025-12-10T20:39:25.876842+00:00
850,1765399165.897732,2025-12-10T20:39:25.897739+00:00
851,1765399165.917857,2025-12-10T20:39:25.917860+00:00
852,1765399165.938717,2025-12-10T20:39:25.938719+00:00
853,1765399165.958231,2025-12-10T20:39:25.958232+00:00
854,1765399165.979081,2025-12-10T20:39:25.979082+00:00
855,1765399165.9999301,2025-12-10T20:39:25.999933+00:00
856,1765399166.0207942,2025-12-10T20:39:26.020798+00:00
857,1765399166.041578,2025-12-10T20:39:26.041581+00:00
858,1765399166.062449,2025-12-10T20:39:26.062456+00:00
859,1765399166.083174,2025-12-10T20:39:26.083182+00:00
860,1765399166.1041112,2025-12-10T20:39:26.104116+00:00
861,1765399166.124894,2025-12-10T20:39:26.124897+00:00
862,1765399166.144649,2025-12-10T20:39:26.144652+00:00
863,1765399166.1655219,2025-12-10T20:39:26.165525+00:00
864,1765399166.183143,2025-12-10T20:39:26.183145+00:00
865,1765399166.199898,2025-12-10T20:39:26.199900+00:00
866,1765399166.217246,2025-12-10T20:39:26.217247+00:00
867,1765399166.238102,2025-12-10T20:39:26.238104+00:00
868,1765399166.258976,2025-12-10T20:39:26.258979+00:00
869,1765399166.276412,2025-12-10T20:39:26.276413+00:00
870,1765399166.2956102,2025-12-10T20:39:26.295613+00:00
871,1765399166.316494,2025-12-10T20:39:26.316497+00:00
872,1765399166.333838,2025-12-10T20:39:26.333844+00:00
873,1765399166.354182,2025-12-10T20:39:26.354186+00:00
874,1765399166.371058,2025-12-10T20:39:26.371064+00:00
875,1765399166.389366,2025-12-10T20:39:26.389368+00:00
876,1765399166.410228,2025-12-10T20:39:26.410231+00:00
877,1765399166.431225,2025-12-10T20:39:26.431227+00:00
878,1765399166.4497669,2025-12-10T20:39:26.449783+00:00
879,1765399166.4690182,2025-12-10T20:39:26.469022+00:00
880,1765399166.4899032,2025-12-10T20:39:26.489904+00:00
881,1765399166.508856,2025-12-10T20:39:26.508859+00:00
882,1765399166.52971,2025-12-10T20:39:26.529712+00:00
883,1765399166.549896,2025-12-10T20:39:26.549904+00:00
884,1765399166.56839,2025-12-10T20:39:26.568395+00:00
885,1765399166.586818,2025-12-10T20:39:26.586822+00:00
886,1765399166.6076941,2025-12-10T20:39:26.607703+00:00
887,1765399166.627501,2025-12-10T20:39:26.627504+00:00
888,1765399166.6446452,2025-12-10T20:39:26.644647+00:00
889,1765399166.6655118,2025-12-10T20:39:26.665513+00:00
890,1765399166.6831748,2025-12-10T20:39:26.683178+00:00
891,1765399166.7040808,2025-12-10T20:39:26.704090+00:00
892,1765399166.724971,2025-12-10T20:39:26.724975+00:00
893,1765399166.743497,2025-12-10T20:39:26.743499+00:00
894,1765399166.7643552,2025-12-10T20:39:26.764358+00:00
895,1765399166.783175,2025-12-10T20:39:26.783182+00:00
896,1765399166.804047,2025-12-10T20:39:26.804050+00:00
897,1765399166.824842,2025-12-10T20:39:26.824848+00:00
898,1765399166.8457558,2025-12-10T20:39:26.845761+00:00
899,1765399166.866644,2025-12-10T20:39:26.866650+00:00
900,1765399166.88752,2025-12-10T20:39:26.887523+00:00
901,1765399166.9082592,2025-12-10T20:39:26.908260+00:00
902,1765399166.9284868,2025-12-10T20:39:26.928488+00:00
903,1765399166.949352,2025-12-10T20:39:26.949356+00:00
904,1765399166.966683,2025-12-10T20:39:26.966684+00:00
905,1765399166.987533,2025-12-10T20:39:26.987534+00:00
906,1765399167.008163,2025-12-10T20:39:27.008167+00:00
907,1765399167.029042,2025-12-10T20:39:27.029056+00:00
908,1765399167.0458329,2025-12-10T20:39:27.045835+00:00
909,1765399167.066751,2025-12-10T20:39:27.066755+00:00
910,1765399167.08763,2025-12-10T20:39:27.087638+00:00
911,1765399167.107349,2025-12-10T20:39:27.107360+00:00
912,1765399167.1282701,2025-12-10T20:39:27.128271+00:00
913,1765399167.14605,2025-12-10T20:39:27.146054+00:00
914,1765399167.166595,2025-12-10T20:39:27.166603+00:00
915,1765399167.1874628,2025-12-10T20:39:27.187466+00:00
916,1765399167.208262,2025-12-10T20:39:27.208267+00:00
917,1765399167.2291489,2025-12-10T20:39:27.229151+00:00
918,1765399167.2460952,2025-12-10T20:39:27.246095+00:00
919,1765399167.266499,2025-12-10T20:39:27.266499+00:00
920,1765399167.287342,2025-12-10T20:39:27.287342+00:00
921,1765399167.307957,2025-12-10T20:39:27.307959+00:00
922,1765399167.324827,2025-12-10T20:39:27.324828+00:00
923,1765399167.3454468,2025-12-10T20:39:27.345453+00:00
924,1765399167.364745,2025-12-10T20:39:27.364747+00:00
925,1765399167.385601,2025-12-10T20:39:27.385602+00:00
926,1765399167.4064581,2025-12-10T20:39:27.406460+00:00
927,1765399167.424926,2025-12-10T20:39:27.424929+00:00
928,1765399167.4465148,2025-12-10T20:39:27.446516+00:00
929,1765399167.466589,2025-12-10T20:39:27.466591+00:00
930,1765399167.4865038,2025-12-10T20:39:27.486507+00:00
931,1765399167.5073762,2025-12-10T20:39:27.507384+00:00
932,1765399167.525378,2025-12-10T20:39:27.525380+00:00
933,1765399167.544757,2025-12-10T20:39:27.544760+00:00
934,1765399167.565495,2025-12-10T20:39:27.565502+00:00
935,1765399167.5824928,2025-12-10T20:39:27.582496+00:00
936,1765399167.6033611,2025-12-10T20:39:27.603368+00:00
937,1765399167.624021,2025-12-10T20:39:27.624034+00:00
938,1765399167.644931,2025-12-10T20:39:27.644933+00:00
939,1765399167.6619468,2025-12-10T20:39:27.661952+00:00
940,1765399167.68284,2025-12-10T20:39:27.682842+00:00
941,1765399167.703711,2025-12-10T20:39:27.703714+00:00
942,1765399167.724593,2025-12-10T20:39:27.724599+00:00
943,1765399167.742541,2025-12-10T20:39:27.742554+00:00
944,1765399167.760231,2025-12-10T20:39:27.760233+00:00
945,1765399167.781107,2025-12-10T20:39:27.781110+00:00
946,1765399167.801995,2025-12-10T20:39:27.802007+00:00
947,1765399167.822912,2025-12-10T20:39:27.822915+00:00
948,1765399167.843791,2025-12-10T20:39:27.843798+00:00
949,1765399167.863772,2025-12-10T20:39:27.863778+00:00
950,1765399167.884667,2025-12-10T20:39:27.884668+00:00
951,1765399167.904112,2025-12-10T20:39:27.904130+00:00
952,1765399167.924991,2025-12-10T20:39:27.924994+00:00
953,1765399167.945772,2025-12-10T20:39:27.945777+00:00
954,1765399167.96665,2025-12-10T20:39:27.966656+00:00
955,1765399167.9865248,2025-12-10T20:39:27.986529+00:00
956,1765399168.003788,2025-12-10T20:39:28.003796+00:00
957,1765399168.024888,2025-12-10T20:39:28.024892+00:00
958,1765399168.045074,2025-12-10T20:39:28.045079+00:00
959,1765399168.062338,2025-12-10T20:39:28.062347+00:00
960,1765399168.079117,2025-12-10T20:39:28.079122+00:00
961,1765399168.099999,2025-12-10T20:39:28.100006+00:00
962,1765399168.119872,2025-12-10T20:39:28.119879+00:00
963,1765399168.137439,2025-12-10T20:39:28.137440+00:00
964,1765399168.158296,2025-12-10T20:39:28.158299+00:00
965,1765399168.179134,2025-12-10T20:39:28.179137+00:00
966,1765399168.200022,2025-12-10T20:39:28.200028+00:00
967,1765399168.219284,2025-12-10T20:39:28.219290+00:00
968,1765399168.2401721,2025-12-10T20:39:28.240175+00:00
969,1765399168.258608,2025-12-10T20:39:28.258611+00:00
970,1765399168.279501,2025-12-10T20:39:28.279502+00:00
971,1765399168.300357,2025-12-10T20:39:28.300360+00:00
972,1765399168.3212218,2025-12-10T20:39:28.321222+00:00
973,1765399168.3420649,2025-12-10T20:39:28.342065+00:00
974,1765399168.361883,2025-12-10T20:39:28.361885+00:00
975,1765399168.382751,2025-12-10T20:39:28.382756+00:00
976,1765399168.40364,2025-12-10T20:39:28.403643+00:00
977,1765399168.4208078,2025-12-10T20:39:28.420814+00:00
978,1765399168.441691,2025-12-10T20:39:28.441695+00:00
979,1765399168.462552,2025-12-10T20:39:28.462554+00:00
980,1765399168.482147,2025-12-10T20:39:28.482150+00:00
981,1765399168.5030231,2025-12-10T20:39:28.503027+00:00
982,1765399168.523902,2025-12-10T20:39:28.523904+00:00
983,1765399168.544779,2025-12-10T20:39:28.544780+00:00
984,1765399168.563786,2025-12-10T20:39:28.563789+00:00
985,1765399168.580668,2025-12-10T20:39:28.580671+00:00
986,1765399168.6015291,2025-12-10T20:39:28.601531+00:00
987,1765399168.622396,2025-12-10T20:39:28.622403+00:00
988,1765399168.640079,2025-12-10T20:39:28.640086+00:00
989,1765399168.660971,2025-12-10T20:39:28.660978+00:00
990,1765399168.6794171,2025-12-10T20:39:28.679422+00:00
991,1765399168.7003021,2025-12-10T20:39:28.700305+00:00
992,1765399168.7207701,2025-12-10T20:39:28.720773+00:00
993,1765399168.7395892,2025-12-10T20:39:28.739595+00:00
994,1765399168.760478,2025-12-10T20:39:28.760482+00:00
995,1765399168.779093,2025-12-10T20:39:28.779097+00:00
996,1765399168.799974,2025-12-10T20:39:28.799978+00:00
997,1765399168.820742,2025-12-10T20:39:28.820743+00:00
998,1765399168.8415942,2025-12-10T20:39:28.841597+00:00
999,1765399168.862456,2025-12-10T20:39:28.862460+00:00
1000,1765399168.8798568,2025-12-10T20:39:28.879860+00:00
1001,1765399168.8999949,2025-12-10T20:39:28.899998+00:00
1002,1765399168.920862,2025-12-10T20:39:28.920865+00:00
1003,1765399168.94174,2025-12-10T20:39:28.941747+00:00
1004,1765399168.961709,2025-12-10T20:39:28.961712+00:00
1005,1765399168.982602,2025-12-10T20:39:28.982605+00:00
1006,1765399169.0008051,2025-12-10T20:39:29.000807+00:00
1007,1765399169.0208168,2025-12-10T20:39:29.020822+00:00
1008,1765399169.037955,2025-12-10T20:39:29.037956+00:00
1009,1765399169.0567539,2025-12-10T20:39:29.056756+00:00
1010,1765399169.076395,2025-12-10T20:39:29.076401+00:00
1011,1765399169.097285,2025-12-10T20:39:29.097289+00:00
1012,1765399169.118158,2025-12-10T20:39:29.118162+00:00
1013,1765399169.137433,2025-12-10T20:39:29.137438+00:00
1014,1765399169.158315,2025-12-10T20:39:29.158316+00:00
1015,1765399169.179094,2025-12-10T20:39:29.179098+00:00
1016,1765399169.1999738,2025-12-10T20:39:29.199976+00:00
1017,1765399169.220835,2025-12-10T20:39:29.220839+00:00
1018,1765399169.238508,2025-12-10T20:39:29.238509+00:00
1019,1765399169.256997,2025-12-10T20:39:29.256998+00:00
1020,1765399169.277848,2025-12-10T20:39:29.277853+00:00
1021,1765399169.29874,2025-12-10T20:39:29.298742+00:00
1022,1765399169.319604,2025-12-10T20:39:29.319605+00:00
1023,1765399169.337398,2025-12-10T20:39:29.337399+00:00
1024,1765399169.358249,2025-12-10T20:39:29.358253+00:00
1025,1765399169.377079,2025-12-10T20:39:29.377083+00:00
1026,1765399169.397578,2025-12-10T20:39:29.397581+00:00
1027,1765399169.418442,2025-12-10T20:39:29.418443+00:00
1028,1765399169.4393,2025-12-10T20:39:29.439306+00:00
1029,1765399169.4601998,2025-12-10T20:39:29.460203+00:00
1030,1765399169.4810822,2025-12-10T20:39:29.481083+00:00
1031,1765399169.5019531,2025-12-10T20:39:29.501962+00:00
1032,1765399169.519885,2025-12-10T20:39:29.519890+00:00
1033,1765399169.539692,2025-12-10T20:39:29.539697+00:00
1034,1765399169.557878,2025-12-10T20:39:29.557879+00:00
1035,1765399169.578749,2025-12-10T20:39:29.578756+00:00
1036,1765399169.598345,2025-12-10T20:39:29.598354+00:00
1037,1765399169.6152189,2025-12-10T20:39:29.615226+00:00
1038,1765399169.634733,2025-12-10T20:39:29.634737+00:00
1039,1765399169.654173,2025-12-10T20:39:29.654175+00:00
1040,1765399169.675075,2025-12-10T20:39:29.675076+00:00
1041,1765399169.695921,2025-12-10T20:39:29.695923+00:00
1042,1765399169.716782,2025-12-10T20:39:29.716790+00:00
1043,1765399169.736036,2025-12-10T20:39:29.736037+00:00
1044,1765399169.75357,2025-12-10T20:39:29.753572+00:00
1045,1765399169.774268,2025-12-10T20:39:29.774275+00:00
1046,1765399169.795171,2025-12-10T20:39:29.795174+00:00
1047,1765399169.813079,2025-12-10T20:39:29.813085+00:00
1048,1765399169.833837,2025-12-10T20:39:29.833840+00:00
1049,1765399169.8546932,2025-12-10T20:39:29.854695+00:00
1050,1765399169.872973,2025-12-10T20:39:29.872980+00:00
1051,1765399169.891639,2025-12-10T20:39:29.891641+00:00
1052,1765399169.912506,2025-12-10T20:39:29.912510+00:00
1053,1765399169.933389,2025-12-10T20:39:29.933392+00:00
1054,1765399169.954249,2025-12-10T20:39:29.954249+00:00
1055,1765399169.973213,2025-12-10T20:39:29.973214+00:00
1056,1765399169.994068,2025-12-10T20:39:29.994072+00:00
1057,1765399170.014953,2025-12-10T20:39:30.014960+00:00
1058,1765399170.032398,2025-12-10T20:39:30.032403+00:00
1059,1765399170.052659,2025-12-10T20:39:30.052660+00:00
1060,1765399170.071543,2025-12-10T20:39:30.071549+00:00
1061,1765399170.091135,2025-12-10T20:39:30.091139+00:00
1062,1765399170.108302,2025-12-10T20:39:30.108303+00:00
1063,1765399170.125015,2025-12-10T20:39:30.125020+00:00
1064,1765399170.1459079,2025-12-10T20:39:30.145915+00:00
1065,1765399170.1633332,2025-12-10T20:39:30.163337+00:00
1066,1765399170.183311,2025-12-10T20:39:30.183312+00:00
1067,1765399170.204167,2025-12-10T20:39:30.204168+00:00
1068,1765399170.224567,2025-12-10T20:39:30.224569+00:00
1069,1765399170.241647,2025-12-10T20:39:30.241654+00:00
1070,1765399170.262552,2025-12-10T20:39:30.262556+00:00
1071,1765399170.2834291,2025-12-10T20:39:30.283432+00:00
1072,1765399170.302189,2025-12-10T20:39:30.302193+00:00
1073,1765399170.323085,2025-12-10T20:39:30.323089+00:00
1074,1765399170.341297,2025-12-10T20:39:30.341301+00:00
1075,1765399170.362186,2025-12-10T20:39:30.362191+00:00
1076,1765399170.3830621,2025-12-10T20:39:30.383064+00:00
1077,1765399170.403921,2025-12-10T20:39:30.403923+00:00
1078,1765399170.424793,2025-12-10T20:39:30.424798+00:00
1079,1765399170.445687,2025-12-10T20:39:30.445691+00:00
1080,1765399170.466578,2025-12-10T20:39:30.466582+00:00
1081,1765399170.4852202,2025-12-10T20:39:30.485224+00:00
1082,1765399170.503225,2025-12-10T20:39:30.503227+00:00
1083,1765399170.524087,2025-12-10T20:39:30.524090+00:00
1084,1765399170.544954,2025-12-10T20:39:30.544955+00:00
1085,1765399170.5630982,2025-12-10T20:39:30.563100+00:00
1086,1765399170.583955,2025-12-10T20:39:30.583959+00:00
1087,1765399170.60483,2025-12-10T20:39:30.604836+00:00
1088,1765399170.625727,2025-12-10T20:39:30.625740+00:00
1089,1765399170.6468108,2025-12-10T20:39:30.646813+00:00
1090,1765399170.667677,2025-12-10T20:39:30.667681+00:00
1091,1765399170.688555,2025-12-10T20:39:30.688557+00:00
1092,1765399170.7087,2025-12-10T20:39:30.708708+00:00
1093,1765399170.729528,2025-12-10T20:39:30.729531+00:00
1094,1765399170.750144,2025-12-10T20:39:30.750148+00:00
1095,1765399170.770978,2025-12-10T20:39:30.770982+00:00
1096,1765399170.791849,2025-12-10T20:39:30.791849+00:00
1097,1765399170.812703,2025-12-10T20:39:30.812709+00:00
1098,1765399170.833604,2025-12-10T20:39:30.833611+00:00
1099,1765399170.854492,2025-12-10T20:39:30.854495+00:00
1100,1765399170.875357,2025-12-10T20:39:30.875361+00:00
1101,1765399170.8944252,2025-12-10T20:39:30.894432+00:00
1102,1765399170.915315,2025-12-10T20:39:30.915316+00:00
1103,1765399170.936168,2025-12-10T20:39:30.936172+00:00
1104,1765399170.953745,2025-12-10T20:39:30.953747+00:00
1105,1765399170.974611,2025-12-10T20:39:30.974624+00:00
1106,1765399170.99543,2025-12-10T20:39:30.995434+00:00
1107,1765399171.0163252,2025-12-10T20:39:31.016328+00:00
1108,1765399171.033428,2025-12-10T20:39:31.033431+00:00
1109,1765399171.054297,2025-12-10T20:39:31.054300+00:00
1110,1765399171.075095,2025-12-10T20:39:31.075217+00:00
1111,1765399171.094917,2025-12-10T20:39:31.094922+00:00
1112,1765399171.115791,2025-12-10T20:39:31.115797+00:00
1113,1765399171.1329122,2025-12-10T20:39:31.132916+00:00
1114,1765399171.150448,2025-12-10T20:39:31.150453+00:00
1115,1765399171.17135,2025-12-10T20:39:31.171354+00:00
1116,1765399171.191338,2025-12-10T20:39:31.191341+00:00
1117,1765399171.2084439,2025-12-10T20:39:31.208459+00:00
1118,1765399171.226503,2025-12-10T20:39:31.226508+00:00
1119,1765399171.247457,2025-12-10T20:39:31.247464+00:00
1120,1765399171.264899,2025-12-10T20:39:31.264903+00:00
1121,1765399171.2840168,2025-12-10T20:39:31.284030+00:00
1122,1765399171.3042638,2025-12-10T20:39:31.304269+00:00
1123,1765399171.32514,2025-12-10T20:39:31.325147+00:00
1124,1765399171.3460522,2025-12-10T20:39:31.346059+00:00
1125,1765399171.3669848,2025-12-10T20:39:31.366991+00:00
1126,1765399171.3879502,2025-12-10T20:39:31.387956+00:00
1127,1765399171.4083688,2025-12-10T20:39:31.408375+00:00
1128,1765399171.4292521,2025-12-10T20:39:31.429255+00:00
1129,1765399171.450125,2025-12-10T20:39:31.450132+00:00
1130,1765399171.4703512,2025-12-10T20:39:31.470358+00:00
1131,1765399171.487086,2025-12-10T20:39:31.487122+00:00
1132,1765399171.5086641,2025-12-10T20:39:31.508670+00:00
1133,1765399171.5295548,2025-12-10T20:39:31.529562+00:00
1134,1765399171.550452,2025-12-10T20:39:31.550468+00:00
1135,1765399171.571411,2025-12-10T20:39:31.571426+00:00
1136,1765399171.591733,2025-12-10T20:39:31.591751+00:00
1137,1765399171.6126301,2025-12-10T20:39:31.612635+00:00
1138,1765399171.629535,2025-12-10T20:39:31.629540+00:00
1139,1765399171.649038,2025-12-10T20:39:31.649053+00:00
1140,1765399171.669934,2025-12-10T20:39:31.669943+00:00
1141,1765399171.688929,2025-12-10T20:39:31.688934+00:00
1142,1765399171.708407,2025-12-10T20:39:31.708418+00:00
1143,1765399171.7262468,2025-12-10T20:39:31.726253+00:00
1144,1765399171.7471411,2025-12-10T20:39:31.747148+00:00
1145,1765399171.764291,2025-12-10T20:39:31.764298+00:00
1146,1765399171.783401,2025-12-10T20:39:31.783408+00:00
1147,1765399171.800788,2025-12-10T20:39:31.800802+00:00
1148,1765399171.817867,2025-12-10T20:39:31.817875+00:00
1149,1765399171.838766,2025-12-10T20:39:31.838771+00:00
1150,1765399171.859639,2025-12-10T20:39:31.859645+00:00
1151,1765399171.880517,2025-12-10T20:39:31.880521+00:00
1152,1765399171.900016,2025-12-10T20:39:31.900027+00:00
1153,1765399171.920906,2025-12-10T20:39:31.920912+00:00
1154,1765399171.941786,2025-12-10T20:39:31.941794+00:00
1155,1765399171.9626791,2025-12-10T20:39:31.962683+00:00
1156,1765399171.9835541,2025-12-10T20:39:31.983561+00:00
1157,1765399172.003765,2025-12-10T20:39:32.003770+00:00
1158,1765399172.0246332,2025-12-10T20:39:32.024637+00:00
1159,1765399172.0419059,2025-12-10T20:39:32.041910+00:00
1160,1765399172.06278,2025-12-10T20:39:32.062784+00:00
1161,1765399172.088323,2025-12-10T20:39:32.088328+00:00
1162,1765399172.1083891,2025-12-10T20:39:32.108396+00:00
1163,1765399172.1307461,2025-12-10T20:39:32.130753+00:00
1164,1765399172.1491032,2025-12-10T20:39:32.149109+00:00
1165,1765399172.1698298,2025-12-10T20:39:32.169834+00:00
1166,1765399172.190419,2025-12-10T20:39:32.190421+00:00
1167,1765399172.207546,2025-12-10T20:39:32.207549+00:00
1168,1765399172.2272909,2025-12-10T20:39:32.227295+00:00
1169,1765399172.2481651,2025-12-10T20:39:32.248171+00:00
1170,1765399172.265141,2025-12-10T20:39:32.265144+00:00
1171,1765399172.286012,2025-12-10T20:39:32.286018+00:00
1172,1765399172.303981,2025-12-10T20:39:32.303984+00:00
1173,1765399172.3231518,2025-12-10T20:39:32.323155+00:00
1174,1765399172.3440242,2025-12-10T20:39:32.344030+00:00
1175,1765399172.3649049,2025-12-10T20:39:32.364909+00:00
1176,1765399172.385779,2025-12-10T20:39:32.385787+00:00
1177,1765399172.403815,2025-12-10T20:39:32.403849+00:00
1178,1765399172.424764,2025-12-10T20:39:32.424769+00:00
1179,1765399172.445648,2025-12-10T20:39:32.445655+00:00
1180,1765399172.463645,2025-12-10T20:39:32.463647+00:00
1181,1765399172.484503,2025-12-10T20:39:32.484506+00:00
1182,1765399172.503773,2025-12-10T20:39:32.503779+00:00
1183,1765399172.520899,2025-12-10T20:39:32.520908+00:00
1184,1765399172.5418072,2025-12-10T20:39:32.541809+00:00
1185,1765399172.562664,2025-12-10T20:39:32.562667+00:00
1186,1765399172.583526,2025-12-10T20:39:32.583532+00:00
1187,1765399172.604417,2025-12-10T20:39:32.604422+00:00
1188,1765399172.6253,2025-12-10T20:39:32.625308+00:00
1189,1765399172.642638,2025-12-10T20:39:32.642646+00:00
1190,1765399172.660137,2025-12-10T20:39:32.660145+00:00
1191,1765399172.677218,2025-12-10T20:39:32.677220+00:00
1192,1765399172.7006028,2025-12-10T20:39:32.700630+00:00
1193,1765399172.721736,2025-12-10T20:39:32.721876+00:00
1194,1765399172.74156,2025-12-10T20:39:32.741568+00:00
1195,1765399172.766521,2025-12-10T20:39:32.766542+00:00
1196,1765399172.7874298,2025-12-10T20:39:32.787435+00:00
1197,1765399172.808299,2025-12-10T20:39:32.808303+00:00
1198,1765399172.829178,2025-12-10T20:39:32.829189+00:00
1199,1765399172.850066,2025-12-10T20:39:32.850073+00:00
1200,1765399172.8710551,2025-12-10T20:39:32.871060+00:00
1201,1765399172.891704,2025-12-10T20:39:32.891739+00:00
1202,1765399172.910347,2025-12-10T20:39:32.910363+00:00
1203,1765399172.9312482,2025-12-10T20:39:32.931251+00:00
1204,1765399172.950043,2025-12-10T20:39:32.950056+00:00
1205,1765399172.9709609,2025-12-10T20:39:32.970966+00:00
1206,1765399172.9917371,2025-12-10T20:39:32.991741+00:00
1207,1765399173.012616,2025-12-10T20:39:33.012623+00:00
1208,1765399173.0333881,2025-12-10T20:39:33.033408+00:00
1209,1765399173.0501602,2025-12-10T20:39:33.050165+00:00
1210,1765399173.067411,2025-12-10T20:39:33.067419+00:00
1211,1765399173.0879512,2025-12-10T20:39:33.087962+00:00
1212,1765399173.108896,2025-12-10T20:39:33.108901+00:00
1213,1765399173.129767,2025-12-10T20:39:33.129769+00:00
1214,1765399173.15029,2025-12-10T20:39:33.150292+00:00
1215,1765399173.171155,2025-12-10T20:39:33.171155+00:00
1216,1765399173.191835,2025-12-10T20:39:33.191840+00:00
1217,1765399173.212724,2025-12-10T20:39:33.212731+00:00
1218,1765399173.233412,2025-12-10T20:39:33.233414+00:00
1219,1765399173.251595,2025-12-10T20:39:33.251602+00:00
1220,1765399173.272523,2025-12-10T20:39:33.272526+00:00
1221,1765399173.291745,2025-12-10T20:39:33.291746+00:00
1222,1765399173.3124108,2025-12-10T20:39:33.312414+00:00
1223,1765399173.3323479,2025-12-10T20:39:33.332349+00:00
1224,1765399173.350092,2025-12-10T20:39:33.350096+00:00
1225,1765399173.3709729,2025-12-10T20:39:33.370976+00:00
1226,1765399173.391718,2025-12-10T20:39:33.391723+00:00
1227,1765399173.412578,2025-12-10T20:39:33.412583+00:00
1228,1765399173.433473,2025-12-10T20:39:33.433477+00:00
1229,1765399173.454346,2025-12-10T20:39:33.454348+00:00
1230,1765399173.475057,2025-12-10T20:39:33.475058+00:00
1231,1765399173.4946702,2025-12-10T20:39:33.494674+00:00
1232,1765399173.511977,2025-12-10T20:39:33.511990+00:00
1233,1765399173.532897,2025-12-10T20:39:33.532901+00:00
1234,1765399173.549995,2025-12-10T20:39:33.549997+00:00
1235,1765399173.5667388,2025-12-10T20:39:33.566766+00:00
1236,1765399173.5876548,2025-12-10T20:39:33.587663+00:00
1237,1765399173.608415,2025-12-10T20:39:33.608420+00:00
1238,1765399173.629279,2025-12-10T20:39:33.629281+00:00
1239,1765399173.650163,2025-12-10T20:39:33.650166+00:00
1240,1765399173.6729212,2025-12-10T20:39:33.673120+00:00
1241,1765399173.6917582,2025-12-10T20:39:33.691777+00:00
1242,1765399173.712657,2025-12-10T20:39:33.712663+00:00
1243,1765399173.733397,2025-12-10T20:39:33.733400+00:00
1244,1765399173.754262,2025-12-10T20:39:33.754265+00:00
1245,1765399173.7751281,2025-12-10T20:39:33.775134+00:00
1246,1765399173.7959979,2025-12-10T20:39:33.796002+00:00
1247,1765399173.816737,2025-12-10T20:39:33.816740+00:00
1248,1765399173.837597,2025-12-10T20:39:33.837601+00:00
1249,1765399173.858463,2025-12-10T20:39:33.858470+00:00
1250,1765399173.878274,2025-12-10T20:39:33.878280+00:00
1251,1765399173.898535,2025-12-10T20:39:33.898538+00:00
1252,1765399173.918365,2025-12-10T20:39:33.918371+00:00
1253,1765399173.9360142,2025-12-10T20:39:33.936017+00:00
1254,1765399173.9569201,2025-12-10T20:39:33.956921+00:00
1255,1765399173.977768,2025-12-10T20:39:33.977769+00:00
1256,1765399173.998622,2025-12-10T20:39:33.998625+00:00
1257,1765399174.0207438,2025-12-10T20:39:34.020748+00:00
1258,1765399174.041762,2025-12-10T20:39:34.041764+00:00
1259,1765399174.0626209,2025-12-10T20:39:34.062624+00:00
1260,1765399174.083495,2025-12-10T20:39:34.083498+00:00
1261,1765399174.1008341,2025-12-10T20:39:34.100870+00:00
1262,1765399174.121749,2025-12-10T20:39:34.121753+00:00
1263,1765399174.14174,2025-12-10T20:39:34.141744+00:00
1264,1765399174.162613,2025-12-10T20:39:34.162619+00:00
1265,1765399174.183172,2025-12-10T20:39:34.183174+00:00
1266,1765399174.2000582,2025-12-10T20:39:34.200060+00:00
1267,1765399174.220918,2025-12-10T20:39:34.220920+00:00
1268,1765399174.241728,2025-12-10T20:39:34.241730+00:00
1269,1765399174.262594,2025-12-10T20:39:34.262603+00:00
1270,1765399174.2834308,2025-12-10T20:39:34.283435+00:00
1271,1765399174.303637,2025-12-10T20:39:34.303640+00:00
1272,1765399174.3245041,2025-12-10T20:39:34.324508+00:00
1273,1765399174.341759,2025-12-10T20:39:34.341762+00:00
1274,1765399174.3626418,2025-12-10T20:39:34.362646+00:00
1275,1765399174.3835049,2025-12-10T20:39:34.383508+00:00
1276,1765399174.4044302,2025-12-10T20:39:34.404435+00:00
1277,1765399174.425309,2025-12-10T20:39:34.425313+00:00
1278,1765399174.445761,2025-12-10T20:39:34.445764+00:00
1279,1765399174.462568,2025-12-10T20:39:34.462570+00:00
1280,1765399174.4834208,2025-12-10T20:39:34.483425+00:00
1281,1765399174.504256,2025-12-10T20:39:34.504268+00:00
1282,1765399174.522635,2025-12-10T20:39:34.522640+00:00
1283,1765399174.543526,2025-12-10T20:39:34.543533+00:00
1284,1765399174.5644429,2025-12-10T20:39:34.564448+00:00
1285,1765399174.585313,2025-12-10T20:39:34.585314+00:00
1286,1765399174.6042309,2025-12-10T20:39:34.604235+00:00
1287,1765399174.625109,2025-12-10T20:39:34.625113+00:00
1288,1765399174.64599,2025-12-10T20:39:34.645995+00:00
1289,1765399174.6659572,2025-12-10T20:39:34.665962+00:00
1290,1765399174.686826,2025-12-10T20:39:34.686828+00:00
1291,1765399174.7042718,2025-12-10T20:39:34.704288+00:00
1292,1765399174.724351,2025-12-10T20:39:34.724353+00:00
1293,1765399174.741724,2025-12-10T20:39:34.741726+00:00
1294,1765399174.7625868,2025-12-10T20:39:34.762589+00:00
1295,1765399174.783472,2025-12-10T20:39:34.783479+00:00
1296,1765399174.8044171,2025-12-10T20:39:34.804419+00:00
1297,1765399174.822197,2025-12-10T20:39:34.822207+00:00
1298,1765399174.8413298,2025-12-10T20:39:34.841336+00:00
1299,1765399174.862203,2025-12-10T20:39:34.862207+00:00
1300,1765399174.880446,2025-12-10T20:39:34.880452+00:00
1301,1765399174.901333,2025-12-10T20:39:34.901337+00:00
1302,1765399174.9222112,2025-12-10T20:39:34.922216+00:00
1303,1765399174.943255,2025-12-10T20:39:34.943259+00:00
1304,1765399174.9625962,2025-12-10T20:39:34.962600+00:00
1305,1765399174.979598,2025-12-10T20:39:34.979599+00:00
1306,1765399175.000447,2025-12-10T20:39:35.000449+00:00
1307,1765399175.021298,2025-12-10T20:39:35.021300+00:00
1308,1765399175.0421472,2025-12-10T20:39:35.042149+00:00
1309,1765399175.0597959,2025-12-10T20:39:35.059796+00:00
1310,1765399175.079262,2025-12-10T20:39:35.079265+00:00
1311,1765399175.099164,2025-12-10T20:39:35.099170+00:00
1312,1765399175.119213,2025-12-10T20:39:35.119222+00:00
1313,1765399175.140141,2025-12-10T20:39:35.140148+00:00
1314,1765399175.161037,2025-12-10T20:39:35.161039+00:00
1315,1765399175.17942,2025-12-10T20:39:35.179423+00:00
1316,1765399175.200288,2025-12-10T20:39:35.200292+00:00
1317,1765399175.2209558,2025-12-10T20:39:35.220962+00:00
1318,1765399175.2415261,2025-12-10T20:39:35.241530+00:00
1319,1765399175.262401,2025-12-10T20:39:35.262402+00:00
1320,1765399175.2832582,2025-12-10T20:39:35.283264+00:00
1321,1765399175.3018649,2025-12-10T20:39:35.301867+00:00
1322,1765399175.3227232,2025-12-10T20:39:35.322728+00:00
1323,1765399175.343616,2025-12-10T20:39:35.343620+00:00
1324,1765399175.36449,2025-12-10T20:39:35.364493+00:00
1325,1765399175.385355,2025-12-10T20:39:35.385359+00:00
1326,1765399175.406611,2025-12-10T20:39:35.406617+00:00
1327,1765399175.42467,2025-12-10T20:39:35.424675+00:00
1328,1765399175.4455528,2025-12-10T20:39:35.445562+00:00
1329,1765399175.4660852,2025-12-10T20:39:35.466093+00:00
1330,1765399175.485075,2025-12-10T20:39:35.485083+00:00
1331,1765399175.505483,2025-12-10T20:39:35.505496+00:00
1332,1765399175.522913,2025-12-10T20:39:35.522917+00:00
1333,1765399175.5441139,2025-12-10T20:39:35.544120+00:00
1334,1765399175.562594,2025-12-10T20:39:35.562599+00:00
1335,1765399175.583485,2025-12-10T20:39:35.583491+00:00
1336,1765399175.6014578,2025-12-10T20:39:35.601463+00:00
1337,1765399175.6210618,2025-12-10T20:39:35.621067+00:00
1338,1765399175.641931,2025-12-10T20:39:35.641932+00:00
1339,1765399175.662665,2025-12-10T20:39:35.662669+00:00
1340,1765399175.67982,2025-12-10T20:39:35.679823+00:00
1341,1765399175.7006872,2025-12-10T20:39:35.700692+00:00
1342,1765399175.720951,2025-12-10T20:39:35.720952+00:00
1343,1765399175.7418072,2025-12-10T20:39:35.741809+00:00
1344,1765399175.760431,2025-12-10T20:39:35.760432+00:00
1345,1765399175.780996,2025-12-10T20:39:35.781000+00:00
1346,1765399175.801867,2025-12-10T20:39:35.801867+00:00
1347,1765399175.8209999,2025-12-10T20:39:35.821001+00:00
1348,1765399175.841856,2025-12-10T20:39:35.841857+00:00
1349,1765399175.862647,2025-12-10T20:39:35.862650+00:00
1350,1765399175.883519,2025-12-10T20:39:35.883524+00:00
1351,1765399175.904323,2025-12-10T20:39:35.904328+00:00
1352,1765399175.925184,2025-12-10T20:39:35.925186+00:00
1353,1765399175.945884,2025-12-10T20:39:35.945887+00:00
1354,1765399175.9627678,2025-12-10T20:39:35.962770+00:00
1355,1765399175.983625,2025-12-10T20:39:35.983628+00:00
1356,1765399176.004331,2025-12-10T20:39:36.004335+00:00
1357,1765399176.021844,2025-12-10T20:39:36.021851+00:00
1358,1765399176.042757,2025-12-10T20:39:36.042763+00:00
1359,1765399176.062628,2025-12-10T20:39:36.062631+00:00
1360,1765399176.083497,2025-12-10T20:39:36.083500+00:00
1361,1765399176.104366,2025-12-10T20:39:36.104369+00:00
1362,1765399176.1237068,2025-12-10T20:39:36.123714+00:00
1363,1765399176.144594,2025-12-10T20:39:36.144600+00:00
1364,1765399176.161676,2025-12-10T20:39:36.161679+00:00
1365,1765399176.1811872,2025-12-10T20:39:36.181193+00:00
1366,1765399176.1989481,2025-12-10T20:39:36.198952+00:00
1367,1765399176.218322,2025-12-10T20:39:36.218325+00:00
1368,1765399176.2380521,2025-12-10T20:39:36.238053+00:00
1369,1765399176.258914,2025-12-10T20:39:36.258922+00:00
1370,1765399176.276681,2025-12-10T20:39:36.276685+00:00
1371,1765399176.297558,2025-12-10T20:39:36.297564+00:00
1372,1765399176.3161752,2025-12-10T20:39:36.316178+00:00
1373,1765399176.334992,2025-12-10T20:39:36.334998+00:00
1374,1765399176.35588,2025-12-10T20:39:36.355883+00:00
1375,1765399176.376738,2025-12-10T20:39:36.376741+00:00
1376,1765399176.397602,2025-12-10T20:39:36.397607+00:00
1377,1765399176.4161642,2025-12-10T20:39:36.416166+00:00
1378,1765399176.437031,2025-12-10T20:39:36.437034+00:00
1379,1765399176.4540648,2025-12-10T20:39:36.454070+00:00
1380,1765399176.47282,2025-12-10T20:39:36.472823+00:00
1381,1765399176.490057,2025-12-10T20:39:36.490059+00:00
1382,1765399176.506892,2025-12-10T20:39:36.506909+00:00
1383,1765399176.525467,2025-12-10T20:39:36.525475+00:00
1384,1765399176.545938,2025-12-10T20:39:36.545939+00:00
1385,1765399176.568501,2025-12-10T20:39:36.568503+00:00
1386,1765399176.58902,2025-12-10T20:39:36.589022+00:00
1387,1765399176.609906,2025-12-10T20:39:36.609910+00:00
1388,1765399176.630789,2025-12-10T20:39:36.630798+00:00
1389,1765399176.651695,2025-12-10T20:39:36.651699+00:00
1390,1765399176.6710489,2025-12-10T20:39:36.671054+00:00
1391,1765399176.690474,2025-12-10T20:39:36.690478+00:00
1392,1765399176.7113512,2025-12-10T20:39:36.711353+00:00
1393,1765399176.729337,2025-12-10T20:39:36.729343+00:00
1394,1765399176.750237,2025-12-10T20:39:36.750241+00:00
1395,1765399176.7709591,2025-12-10T20:39:36.771026+00:00
1396,1765399176.788509,2025-12-10T20:39:36.788512+00:00
1397,1765399176.809377,2025-12-10T20:39:36.809377+00:00
1398,1765399176.8293371,2025-12-10T20:39:36.829338+00:00
1399,1765399176.850194,2025-12-10T20:39:36.850203+00:00
1400,1765399176.870067,2025-12-10T20:39:36.870073+00:00
1401,1765399176.890956,2025-12-10T20:39:36.890958+00:00
1402,1765399176.911819,2025-12-10T20:39:36.911823+00:00
1403,1765399176.92947,2025-12-10T20:39:36.929473+00:00
1404,1765399176.9462872,2025-12-10T20:39:36.946292+00:00
1405,1765399176.966093,2025-12-10T20:39:36.966096+00:00
1406,1765399176.9869518,2025-12-10T20:39:36.986954+00:00
1407,1765399177.004415,2025-12-10T20:39:37.004417+00:00
1408,1765399177.025277,2025-12-10T20:39:37.025280+00:00
1409,1765399177.046151,2025-12-10T20:39:37.046156+00:00
1410,1765399177.064072,2025-12-10T20:39:37.064078+00:00
1411,1765399177.08495,2025-12-10T20:39:37.084951+00:00
1412,1765399177.105269,2025-12-10T20:39:37.105275+00:00
1413,1765399177.1237912,2025-12-10T20:39:37.123805+00:00
1414,1765399177.141338,2025-12-10T20:39:37.141346+00:00
1415,1765399177.162229,2025-12-10T20:39:37.162231+00:00
1416,1765399177.179966,2025-12-10T20:39:37.179977+00:00
1417,1765399177.2009,2025-12-10T20:39:37.200902+00:00
1418,1765399177.220306,2025-12-10T20:39:37.220309+00:00
1419,1765399177.2376971,2025-12-10T20:39:37.237701+00:00
1420,1765399177.258566,2025-12-10T20:39:37.258569+00:00
1421,1765399177.276394,2025-12-10T20:39:37.276395+00:00
1422,1765399177.2972522,2025-12-10T20:39:37.297254+00:00
1423,1765399177.314262,2025-12-10T20:39:37.314263+00:00
1424,1765399177.335115,2025-12-10T20:39:37.335118+00:00
1425,1765399177.355977,2025-12-10T20:39:37.355978+00:00
1426,1765399177.3758001,2025-12-10T20:39:37.375808+00:00
1427,1765399177.396041,2025-12-10T20:39:37.396048+00:00
1428,1765399177.416926,2025-12-10T20:39:37.416927+00:00
1429,1765399177.437778,2025-12-10T20:39:37.437782+00:00
1430,1765399177.457304,2025-12-10T20:39:37.457306+00:00
1431,1765399177.47765,2025-12-10T20:39:37.477652+00:00
1432,1765399177.4961128,2025-12-10T20:39:37.496114+00:00
1433,1765399177.516972,2025-12-10T20:39:37.516976+00:00
1434,1765399177.5376918,2025-12-10T20:39:37.537696+00:00
1435,1765399177.5559921,2025-12-10T20:39:37.555997+00:00
1436,1765399177.5768802,2025-12-10T20:39:37.576886+00:00
1437,1765399177.5960782,2025-12-10T20:39:37.596080+00:00
1438,1765399177.6138911,2025-12-10T20:39:37.613891+00:00
1439,1765399177.633066,2025-12-10T20:39:37.633073+00:00
1440,1765399177.653974,2025-12-10T20:39:37.653976+00:00
1441,1765399177.6737869,2025-12-10T20:39:37.673791+00:00
1442,1765399177.694605,2025-12-10T20:39:37.694608+00:00
1443,1765399177.7137952,2025-12-10T20:39:37.713796+00:00
1444,1765399177.731122,2025-12-10T20:39:37.731124+00:00
1445,1765399177.751979,2025-12-10T20:39:37.751983+00:00
1446,1765399177.7705011,2025-12-10T20:39:37.770504+00:00
1447,1765399177.787494,2025-12-10T20:39:37.787497+00:00
1448,1765399177.805933,2025-12-10T20:39:37.805935+00:00
1449,1765399177.8267908,2025-12-10T20:39:37.826797+00:00
1450,1765399177.84768,2025-12-10T20:39:37.847684+00:00
1451,1765399177.8685389,2025-12-10T20:39:37.868542+00:00
1452,1765399177.8876522,2025-12-10T20:39:37.887657+00:00
1453,1765399177.9085429,2025-12-10T20:39:37.908546+00:00
1454,1765399177.929357,2025-12-10T20:39:37.929359+00:00
1455,1765399177.949541,2025-12-10T20:39:37.949544+00:00
1456,1765399177.969173,2025-12-10T20:39:37.969174+00:00
1457,1765399177.9874,2025-12-10T20:39:37.987404+00:00
1458,1765399178.005405,2025-12-10T20:39:38.005407+00:00
1459,1765399178.025343,2025-12-10T20:39:38.025346+00:00
1460,1765399178.046209,2025-12-10T20:39:38.046212+00:00
1461,1765399178.06397,2025-12-10T20:39:38.063974+00:00
1462,1765399178.0848489,2025-12-10T20:39:38.084852+00:00
1463,1765399178.1043289,2025-12-10T20:39:38.104336+00:00
1464,1765399178.1237178,2025-12-10T20:39:38.123727+00:00
1465,1765399178.1433432,2025-12-10T20:39:38.143354+00:00
1466,1765399178.162694,2025-12-10T20:39:38.162701+00:00
1467,1765399178.183577,2025-12-10T20:39:38.183580+00:00
1468,1765399178.204447,2025-12-10T20:39:38.204449+00:00
1469,1765399178.225297,2025-12-10T20:39:38.225298+00:00
1470,1765399178.2463539,2025-12-10T20:39:38.246357+00:00
1471,1765399178.267216,2025-12-10T20:39:38.267218+00:00
1472,1765399178.287652,2025-12-10T20:39:38.287655+00:00
1473,1765399178.3085299,2025-12-10T20:39:38.308532+00:00
1474,1765399178.3274019,2025-12-10T20:39:38.327404+00:00
1475,1765399178.3482711,2025-12-10T20:39:38.348278+00:00
1476,1765399178.366223,2025-12-10T20:39:38.366226+00:00
1477,1765399178.387103,2025-12-10T20:39:38.387110+00:00
1478,1765399178.407891,2025-12-10T20:39:38.407894+00:00
1479,1765399178.4287639,2025-12-10T20:39:38.428768+00:00
1480,1765399178.449641,2025-12-10T20:39:38.449644+00:00
1481,1765399178.470521,2025-12-10T20:39:38.470523+00:00
1482,1765399178.489773,2025-12-10T20:39:38.489774+00:00
1483,1765399178.510636,2025-12-10T20:39:38.510641+00:00
1484,1765399178.5315259,2025-12-10T20:39:38.531531+00:00
1485,1765399178.552413,2025-12-10T20:39:38.552417+00:00
1486,1765399178.5709922,2025-12-10T20:39:38.570996+00:00
1487,1765399178.59187,2025-12-10T20:39:38.591871+00:00
1488,1765399178.612681,2025-12-10T20:39:38.612682+00:00
1489,1765399178.6294131,2025-12-10T20:39:38.629416+00:00
1490,1765399178.6502972,2025-12-10T20:39:38.650300+00:00
1491,1765399178.668478,2025-12-10T20:39:38.668483+00:00
1492,1765399178.689347,2025-12-10T20:39:38.689351+00:00
1493,1765399178.7079449,2025-12-10T20:39:38.707950+00:00
1494,1765399178.725417,2025-12-10T20:39:38.725422+00:00
1495,1765399178.745462,2025-12-10T20:39:38.745466+00:00
1496,1765399178.766328,2025-12-10T20:39:38.766331+00:00
1497,1765399178.7832682,2025-12-10T20:39:38.783272+00:00
1498,1765399178.804141,2025-12-10T20:39:38.804144+00:00
1499,1765399178.824544,2025-12-10T20:39:38.824552+00:00
1500,1765399178.845442,2025-12-10T20:39:38.845446+00:00
1501,1765399178.866766,2025-12-10T20:39:38.866774+00:00
1502,1765399178.88775,2025-12-10T20:39:38.887759+00:00
1503,1765399178.9059231,2025-12-10T20:39:38.905930+00:00
1504,1765399178.924926,2025-12-10T20:39:38.924928+00:00
1505,1765399178.942539,2025-12-10T20:39:38.942543+00:00
1506,1765399178.9627252,2025-12-10T20:39:38.962729+00:00
1507,1765399178.9835892,2025-12-10T20:39:38.983593+00:00
1508,1765399179.004101,2025-12-10T20:39:39.004106+00:00
1509,1765399179.024988,2025-12-10T20:39:39.024992+00:00
1510,1765399179.043652,2025-12-10T20:39:39.043653+00:00
1511,1765399179.06267,2025-12-10T20:39:39.062686+00:00
1512,1765399179.081292,2025-12-10T20:39:39.081294+00:00
1513,1765399179.102147,2025-12-10T20:39:39.102149+00:00
1514,1765399179.121813,2025-12-10T20:39:39.121818+00:00
1515,1765399179.1409569,2025-12-10T20:39:39.140992+00:00
1516,1765399179.1594508,2025-12-10T20:39:39.159552+00:00
1517,1765399179.178412,2025-12-10T20:39:39.178421+00:00
1518,1765399179.199321,2025-12-10T20:39:39.199324+00:00
1519,1765399179.217837,2025-12-10T20:39:39.217843+00:00
1520,1765399179.2377129,2025-12-10T20:39:39.237715+00:00
1521,1765399179.2574542,2025-12-10T20:39:39.257457+00:00
1522,1765399179.278325,2025-12-10T20:39:39.278326+00:00
1523,1765399179.2959921,2025-12-10T20:39:39.295993+00:00
1524,1765399179.3168771,2025-12-10T20:39:39.316881+00:00
1525,1765399179.336749,2025-12-10T20:39:39.336755+00:00
1526,1765399179.354395,2025-12-10T20:39:39.354398+00:00
1527,1765399179.3720372,2025-12-10T20:39:39.372039+00:00
1528,1765399179.390663,2025-12-10T20:39:39.390664+00:00
1529,1765399179.411521,2025-12-10T20:39:39.411522+00:00
1530,1765399179.4293902,2025-12-10T20:39:39.429391+00:00
1531,1765399179.450259,2025-12-10T20:39:39.450266+00:00
1532,1765399179.47054,2025-12-10T20:39:39.470543+00:00
1533,1765399179.487733,2025-12-10T20:39:39.487735+00:00
1534,1765399179.507503,2025-12-10T20:39:39.507508+00:00
1535,1765399179.528398,2025-12-10T20:39:39.528404+00:00
1536,1765399179.549294,2025-12-10T20:39:39.549303+00:00
1537,1765399179.56669,2025-12-10T20:39:39.566694+00:00
1538,1765399179.586238,2025-12-10T20:39:39.586241+00:00
1539,1765399179.603791,2025-12-10T20:39:39.603795+00:00
1540,1765399179.624675,2025-12-10T20:39:39.624676+00:00
1541,1765399179.645545,2025-12-10T20:39:39.645551+00:00
1542,1765399179.6629472,2025-12-10T20:39:39.662954+00:00
1543,1765399179.6830761,2025-12-10T20:39:39.683081+00:00
1544,1765399179.703686,2025-12-10T20:39:39.703690+00:00
1545,1765399179.723933,2025-12-10T20:39:39.723935+00:00
1546,1765399179.744819,2025-12-10T20:39:39.744831+00:00
1547,1765399179.764674,2025-12-10T20:39:39.764683+00:00
1548,1765399179.785609,2025-12-10T20:39:39.785615+00:00
1549,1765399179.806507,2025-12-10T20:39:39.806509+00:00
1550,1765399179.825351,2025-12-10T20:39:39.825356+00:00
1551,1765399179.846045,2025-12-10T20:39:39.846048+00:00
1552,1765399179.8652759,2025-12-10T20:39:39.865280+00:00
1553,1765399179.884417,2025-12-10T20:39:39.884419+00:00
1554,1765399179.901495,2025-12-10T20:39:39.901498+00:00
1555,1765399179.9210072,2025-12-10T20:39:39.921008+00:00
1556,1765399179.939384,2025-12-10T20:39:39.939391+00:00
1557,1765399179.9569511,2025-12-10T20:39:39.956954+00:00
1558,1765399179.9778152,2025-12-10T20:39:39.977823+00:00
1559,1765399180.00076,2025-12-10T20:39:40.000768+00:00
1560,1765399180.029873,2025-12-10T20:39:40.029961+00:00
1561,1765399180.0679839,2025-12-10T20:39:40.067992+00:00
1562,1765399180.0972679,2025-12-10T20:39:40.097274+00:00
1563,1765399180.11827,2025-12-10T20:39:40.118278+00:00
1564,1765399180.138643,2025-12-10T20:39:40.138668+00:00
1565,1765399180.167275,2025-12-10T20:39:40.167280+00:00
1566,1765399180.189642,2025-12-10T20:39:40.189671+00:00
1567,1765399180.207934,2025-12-10T20:39:40.207943+00:00
1568,1765399180.2259269,2025-12-10T20:39:40.225936+00:00
1569,1765399180.245204,2025-12-10T20:39:40.245217+00:00
1570,1765399180.263978,2025-12-10T20:39:40.263985+00:00
1571,1765399180.284867,2025-12-10T20:39:40.284876+00:00
1572,1765399180.304908,2025-12-10T20:39:40.304916+00:00
1573,1765399180.321837,2025-12-10T20:39:40.321846+00:00
1574,1765399180.342747,2025-12-10T20:39:40.342755+00:00
1575,1765399180.363661,2025-12-10T20:39:40.363668+00:00
1576,1765399180.384535,2025-12-10T20:39:40.384541+00:00
1577,1765399180.402359,2025-12-10T20:39:40.402366+00:00
1578,1765399180.42326,2025-12-10T20:39:40.423265+00:00
1579,1765399180.444161,2025-12-10T20:39:40.444181+00:00
1580,1765399180.463327,2025-12-10T20:39:40.463340+00:00
1581,1765399180.484239,2025-12-10T20:39:40.484248+00:00
1582,1765399180.50438,2025-12-10T20:39:40.504385+00:00
1583,1765399180.5227678,2025-12-10T20:39:40.522808+00:00
1584,1765399180.540685,2025-12-10T20:39:40.540689+00:00
1585,1765399180.558496,2025-12-10T20:39:40.558506+00:00
1586,1765399180.578902,2025-12-10T20:39:40.578908+00:00
1587,1765399180.599904,2025-12-10T20:39:40.599911+00:00
1588,1765399180.618708,2025-12-10T20:39:40.618714+00:00
1589,1765399180.635921,2025-12-10T20:39:40.635927+00:00
1590,1765399180.6540868,2025-12-10T20:39:40.654096+00:00
1591,1765399180.6741529,2025-12-10T20:39:40.674162+00:00
1592,1765399180.692645,2025-12-10T20:39:40.692650+00:00
1593,1765399180.712866,2025-12-10T20:39:40.712873+00:00
1594,1765399180.73379,2025-12-10T20:39:40.733797+00:00
1595,1765399180.754687,2025-12-10T20:39:40.754690+00:00
1596,1765399180.77159,2025-12-10T20:39:40.771601+00:00
1597,1765399180.78898,2025-12-10T20:39:40.788986+00:00
1598,1765399180.807151,2025-12-10T20:39:40.807158+00:00
1599,1765399180.828036,2025-12-10T20:39:40.828043+00:00
1600,1765399180.846088,2025-12-10T20:39:40.846094+00:00
1601,1765399180.866975,2025-12-10T20:39:40.866987+00:00
1602,1765399180.8877099,2025-12-10T20:39:40.887718+00:00
1603,1765399180.906165,2025-12-10T20:39:40.906172+00:00
1604,1765399180.9270751,2025-12-10T20:39:40.927082+00:00
1605,1765399180.946505,2025-12-10T20:39:40.946510+00:00
1606,1765399180.966924,2025-12-10T20:39:40.966931+00:00
1607,1765399180.987915,2025-12-10T20:39:40.987924+00:00
1608,1765399181.008824,2025-12-10T20:39:41.008831+00:00
1609,1765399181.028954,2025-12-10T20:39:41.028962+00:00
1610,1765399181.046946,2025-12-10T20:39:41.046951+00:00
1611,1765399181.067908,2025-12-10T20:39:41.067916+00:00
1612,1765399181.088872,2025-12-10T20:39:41.088884+00:00
1613,1765399181.109759,2025-12-10T20:39:41.109765+00:00
1614,1765399181.130296,2025-12-10T20:39:41.130302+00:00
1615,1765399181.148341,2025-12-10T20:39:41.148357+00:00
1616,1765399181.168324,2025-12-10T20:39:41.168332+00:00
1617,1765399181.1878989,2025-12-10T20:39:41.187907+00:00
1618,1765399181.205278,2025-12-10T20:39:41.205283+00:00
1619,1765399181.2259588,2025-12-10T20:39:41.225967+00:00
1620,1765399181.242809,2025-12-10T20:39:41.242815+00:00
1621,1765399181.265397,2025-12-10T20:39:41.265405+00:00
1622,1765399181.2871318,2025-12-10T20:39:41.287140+00:00
1623,1765399181.304467,2025-12-10T20:39:41.304475+00:00
1624,1765399181.325974,2025-12-10T20:39:41.325979+00:00
1625,1765399181.3469288,2025-12-10T20:39:41.346952+00:00
1626,1765399181.3732412,2025-12-10T20:39:41.373246+00:00
1627,1765399181.3941178,2025-12-10T20:39:41.394122+00:00
1628,1765399181.412719,2025-12-10T20:39:41.412725+00:00
1629,1765399181.4338229,2025-12-10T20:39:41.433830+00:00
1630,1765399181.452617,2025-12-10T20:39:41.452621+00:00
1631,1765399181.473501,2025-12-10T20:39:41.473509+00:00
1632,1765399181.494404,2025-12-10T20:39:41.494409+00:00
1633,1765399181.513089,2025-12-10T20:39:41.513178+00:00
1634,1765399181.533206,2025-12-10T20:39:41.533217+00:00
1635,1765399181.554164,2025-12-10T20:39:41.554173+00:00
1636,1765399181.571742,2025-12-10T20:39:41.571747+00:00
1637,1765399181.591255,2025-12-10T20:39:41.591261+00:00
1638,1765399181.61215,2025-12-10T20:39:41.612155+00:00
1639,1765399181.634371,2025-12-10T20:39:41.634399+00:00
1640,1765399181.6537979,2025-12-10T20:39:41.653806+00:00
1641,1765399181.672267,2025-12-10T20:39:41.672279+00:00
1642,1765399181.6943629,2025-12-10T20:39:41.694601+00:00
1643,1765399181.715167,2025-12-10T20:39:41.715174+00:00
1644,1765399181.7364979,2025-12-10T20:39:41.736506+00:00
1645,1765399181.7543979,2025-12-10T20:39:41.754404+00:00
1646,1765399181.771337,2025-12-10T20:39:41.771342+00:00
1647,1765399181.792224,2025-12-10T20:39:41.792233+00:00
1648,1765399181.8119721,2025-12-10T20:39:41.811982+00:00
1649,1765399181.828727,2025-12-10T20:39:41.828733+00:00
1650,1765399181.8481789,2025-12-10T20:39:41.848183+00:00
1651,1765399181.869057,2025-12-10T20:39:41.869060+00:00
1652,1765399181.889923,2025-12-10T20:39:41.889926+00:00
1653,1765399181.9107862,2025-12-10T20:39:41.910788+00:00
1654,1765399181.931645,2025-12-10T20:39:41.931648+00:00
1655,1765399181.952524,2025-12-10T20:39:41.952546+00:00
1656,1765399181.971051,2025-12-10T20:39:41.971061+00:00
1657,1765399181.989934,2025-12-10T20:39:41.989937+00:00
1658,1765399182.010806,2025-12-10T20:39:42.010813+00:00
1659,1765399182.028445,2025-12-10T20:39:42.028451+00:00
1660,1765399182.0493162,2025-12-10T20:39:42.049319+00:00
1661,1765399182.0701818,2025-12-10T20:39:42.070196+00:00
1662,1765399182.091064,2025-12-10T20:39:42.091066+00:00
1663,1765399182.111865,2025-12-10T20:39:42.111873+00:00
1664,1765399182.132612,2025-12-10T20:39:42.132616+00:00
1665,1765399182.151505,2025-12-10T20:39:42.151515+00:00
1666,1765399182.172389,2025-12-10T20:39:42.172401+00:00
1667,1765399182.193326,2025-12-10T20:39:42.193330+00:00
1668,1765399182.213562,2025-12-10T20:39:42.213591+00:00
1669,1765399182.234449,2025-12-10T20:39:42.234451+00:00
1670,1765399182.2553012,2025-12-10T20:39:42.255303+00:00
1671,1765399182.276169,2025-12-10T20:39:42.276176+00:00
1672,1765399182.2946181,2025-12-10T20:39:42.294623+00:00
1673,1765399182.315497,2025-12-10T20:39:42.315503+00:00
1674,1765399182.336385,2025-12-10T20:39:42.336394+00:00
1675,1765399182.353759,2025-12-10T20:39:42.353763+00:00
1676,1765399182.371169,2025-12-10T20:39:42.371184+00:00
1677,1765399182.392813,2025-12-10T20:39:42.392821+00:00
1678,1765399182.412765,2025-12-10T20:39:42.412771+00:00
1679,1765399182.432209,2025-12-10T20:39:42.432214+00:00
1680,1765399182.453077,2025-12-10T20:39:42.453079+00:00
1681,1765399182.471102,2025-12-10T20:39:42.471105+00:00
1682,1765399182.489889,2025-12-10T20:39:42.489893+00:00
1683,1765399182.5107589,2025-12-10T20:39:42.510767+00:00
1684,1765399182.5316532,2025-12-10T20:39:42.531660+00:00
1685,1765399182.549995,2025-12-10T20:39:42.550007+00:00
1686,1765399182.5709078,2025-12-10T20:39:42.570910+00:00
1687,1765399182.590061,2025-12-10T20:39:42.590066+00:00
1688,1765399182.610951,2025-12-10T20:39:42.610954+00:00
1689,1765399182.629531,2025-12-10T20:39:42.629536+00:00
1690,1765399182.650162,2025-12-10T20:39:42.650163+00:00
1691,1765399182.669931,2025-12-10T20:39:42.669940+00:00
1692,1765399182.687777,2025-12-10T20:39:42.687783+00:00
1693,1765399182.704701,2025-12-10T20:39:42.704704+00:00
1694,1765399182.725569,2025-12-10T20:39:42.725574+00:00
1695,1765399182.7460759,2025-12-10T20:39:42.746087+00:00
1696,1765399182.7644942,2025-12-10T20:39:42.764495+00:00
1697,1765399182.783226,2025-12-10T20:39:42.783227+00:00
1698,1765399182.8040829,2025-12-10T20:39:42.804085+00:00
1699,1765399182.824939,2025-12-10T20:39:42.824941+00:00
1700,1765399182.8426409,2025-12-10T20:39:42.842645+00:00
1701,1765399182.859521,2025-12-10T20:39:42.859530+00:00
1702,1765399182.879785,2025-12-10T20:39:42.879788+00:00
1703,1765399182.896922,2025-12-10T20:39:42.896938+00:00
1704,1765399182.9178839,2025-12-10T20:39:42.917889+00:00
1705,1765399182.938765,2025-12-10T20:39:42.938769+00:00
1706,1765399182.956898,2025-12-10T20:39:42.956902+00:00
1707,1765399182.977818,2025-12-10T20:39:42.977819+00:00
1708,1765399182.9983182,2025-12-10T20:39:42.998324+00:00
1709,1765399183.017047,2025-12-10T20:39:43.017053+00:00
1710,1765399183.037754,2025-12-10T20:39:43.037756+00:00
1711,1765399183.058608,2025-12-10T20:39:43.058611+00:00
1712,1765399183.079422,2025-12-10T20:39:43.079426+00:00
1713,1765399183.103439,2025-12-10T20:39:43.103450+00:00
1714,1765399183.1246421,2025-12-10T20:39:43.124647+00:00
1715,1765399183.16801,2025-12-10T20:39:43.168021+00:00
1716,1765399183.2037609,2025-12-10T20:39:43.203771+00:00
1717,1765399183.229714,2025-12-10T20:39:43.229721+00:00
1718,1765399183.250313,2025-12-10T20:39:43.250319+00:00
1719,1765399183.315222,2025-12-10T20:39:43.315228+00:00
1720,1765399183.342892,2025-12-10T20:39:43.342897+00:00
1721,1765399183.3627899,2025-12-10T20:39:43.362800+00:00
1722,1765399183.3814259,2025-12-10T20:39:43.381434+00:00
1723,1765399183.399362,2025-12-10T20:39:43.399366+00:00
1724,1765399183.4166772,2025-12-10T20:39:43.416682+00:00
1725,1765399183.437563,2025-12-10T20:39:43.437569+00:00
1726,1765399183.4584682,2025-12-10T20:39:43.458473+00:00
1727,1765399183.4760609,2025-12-10T20:39:43.476066+00:00
1728,1765399183.49606,2025-12-10T20:39:43.496061+00:00
1729,1765399183.5127628,2025-12-10T20:39:43.512773+00:00
1730,1765399183.5296268,2025-12-10T20:39:43.529628+00:00
1731,1765399183.550485,2025-12-10T20:39:43.550486+00:00
1732,1765399183.571118,2025-12-10T20:39:43.571124+00:00
1733,1765399183.592009,2025-12-10T20:39:43.592012+00:00
1734,1765399183.612892,2025-12-10T20:39:43.612895+00:00
1735,1765399183.6337569,2025-12-10T20:39:43.633762+00:00
1736,1765399183.6544309,2025-12-10T20:39:43.654438+00:00
1737,1765399183.673693,2025-12-10T20:39:43.673696+00:00
1738,1765399183.692086,2025-12-10T20:39:43.692091+00:00
1739,1765399183.711835,2025-12-10T20:39:43.711840+00:00
1740,1765399183.732706,2025-12-10T20:39:43.732710+00:00
1741,1765399183.753577,2025-12-10T20:39:43.753582+00:00
1742,1765399183.771934,2025-12-10T20:39:43.771941+00:00
1743,1765399183.7928278,2025-12-10T20:39:43.792829+00:00
1744,1765399183.809715,2025-12-10T20:39:43.809716+00:00
1745,1765399183.83057,2025-12-10T20:39:43.830572+00:00
1746,1765399183.847585,2025-12-10T20:39:43.847587+00:00
1747,1765399183.868456,2025-12-10T20:39:43.868460+00:00
1748,1765399183.887857,2025-12-10T20:39:43.887863+00:00
1749,1765399183.9087338,2025-12-10T20:39:43.908738+00:00
1750,1765399183.929615,2025-12-10T20:39:43.929619+00:00
1751,1765399183.95049,2025-12-10T20:39:43.950497+00:00
1752,1765399183.968359,2025-12-10T20:39:43.968365+00:00
1753,1765399183.989249,2025-12-10T20:39:43.989253+00:00
1754,1765399184.010135,2025-12-10T20:39:44.010140+00:00
1755,1765399184.028503,2025-12-10T20:39:44.028507+00:00
1756,1765399184.049381,2025-12-10T20:39:44.049387+00:00
1757,1765399184.066755,2025-12-10T20:39:44.066759+00:00
1758,1765399184.086092,2025-12-10T20:39:44.086099+00:00
1759,1765399184.106221,2025-12-10T20:39:44.106227+00:00
1760,1765399184.127098,2025-12-10T20:39:44.127102+00:00
1761,1765399184.1455538,2025-12-10T20:39:44.145560+00:00
1762,1765399184.162762,2025-12-10T20:39:44.162766+00:00
1763,1765399184.183837,2025-12-10T20:39:44.183838+00:00
1764,1765399184.2020879,2025-12-10T20:39:44.202089+00:00
1765,1765399184.221157,2025-12-10T20:39:44.221170+00:00
1766,1765399184.2420769,2025-12-10T20:39:44.242088+00:00
1767,1765399184.262954,2025-12-10T20:39:44.262955+00:00
1768,1765399184.2838159,2025-12-10T20:39:44.283821+00:00
1769,1765399184.304477,2025-12-10T20:39:44.304482+00:00
1770,1765399184.325357,2025-12-10T20:39:44.325359+00:00
1771,1765399184.345536,2025-12-10T20:39:44.345539+00:00
1772,1765399184.362773,2025-12-10T20:39:44.362794+00:00
1773,1765399184.383669,2025-12-10T20:39:44.383673+00:00
1774,1765399184.404454,2025-12-10T20:39:44.404455+00:00
1775,1765399184.4229681,2025-12-10T20:39:44.422975+00:00
1776,1765399184.4438798,2025-12-10T20:39:44.443886+00:00
1777,1765399184.464766,2025-12-10T20:39:44.464767+00:00
1778,1765399184.48562,2025-12-10T20:39:44.485628+00:00
1779,1765399184.506429,2025-12-10T20:39:44.506432+00:00
1780,1765399184.527297,2025-12-10T20:39:44.527302+00:00
1781,1765399184.5442529,2025-12-10T20:39:44.544258+00:00
1782,1765399184.562769,2025-12-10T20:39:44.562774+00:00
1783,1765399184.579577,2025-12-10T20:39:44.579579+00:00
1784,1765399184.600445,2025-12-10T20:39:44.600449+00:00
1785,1765399184.621323,2025-12-10T20:39:44.621327+00:00
1786,1765399184.63812,2025-12-10T20:39:44.638123+00:00
1787,1765399184.657418,2025-12-10T20:39:44.657424+00:00
1788,1765399184.676645,2025-12-10T20:39:44.676671+00:00
1789,1765399184.6967192,2025-12-10T20:39:44.697205+00:00
1790,1765399184.714895,2025-12-10T20:39:44.714902+00:00
1791,1765399184.7326772,2025-12-10T20:39:44.732682+00:00
1792,1765399184.753072,2025-12-10T20:39:44.753084+00:00
1793,1765399184.774007,2025-12-10T20:39:44.774010+00:00
1794,1765399184.7948759,2025-12-10T20:39:44.794881+00:00
1795,1765399184.815501,2025-12-10T20:39:44.815503+00:00
1796,1765399184.8363562,2025-12-10T20:39:44.836360+00:00
1797,1765399184.8572218,2025-12-10T20:39:44.857229+00:00
1798,1765399184.8743522,2025-12-10T20:39:44.874357+00:00
1799,1765399184.891531,2025-12-10T20:39:44.891539+00:00
1800,1765399184.9101388,2025-12-10T20:39:44.910143+00:00
1801,1765399184.9294431,2025-12-10T20:39:44.929447+00:00
1802,1765399184.9499478,2025-12-10T20:39:44.949956+00:00
1803,1765399184.970858,2025-12-10T20:39:44.970860+00:00
1804,1765399184.9881978,2025-12-10T20:39:44.988201+00:00
1805,1765399185.0058,2025-12-10T20:39:45.005803+00:00
1806,1765399185.026687,2025-12-10T20:39:45.026689+00:00
1807,1765399185.0461388,2025-12-10T20:39:45.046142+00:00
1808,1765399185.0652869,2025-12-10T20:39:45.065291+00:00
1809,1765399185.084629,2025-12-10T20:39:45.084644+00:00
1810,1765399185.105577,2025-12-10T20:39:45.105583+00:00
1811,1765399185.126483,2025-12-10T20:39:45.126491+00:00
1812,1765399185.144544,2025-12-10T20:39:45.144551+00:00
1813,1765399185.162622,2025-12-10T20:39:45.162632+00:00
1814,1765399185.182857,2025-12-10T20:39:45.182863+00:00
1815,1765399185.200716,2025-12-10T20:39:45.200724+00:00
1816,1765399185.221616,2025-12-10T20:39:45.221619+00:00
1817,1765399185.239833,2025-12-10T20:39:45.239840+00:00
1818,1765399185.260757,2025-12-10T20:39:45.260762+00:00
1819,1765399185.2794602,2025-12-10T20:39:45.279461+00:00
1820,1765399185.3003159,2025-12-10T20:39:45.300317+00:00
1821,1765399185.321128,2025-12-10T20:39:45.321131+00:00
1822,1765399185.34199,2025-12-10T20:39:45.341994+00:00
1823,1765399185.362818,2025-12-10T20:39:45.362822+00:00
1824,1765399185.383702,2025-12-10T20:39:45.383706+00:00
1825,1765399185.404562,2025-12-10T20:39:45.404563+00:00
1826,1765399185.42475,2025-12-10T20:39:45.424754+00:00
1827,1765399185.442324,2025-12-10T20:39:45.442329+00:00
1828,1765399185.50426,2025-12-10T20:39:45.504267+00:00
1829,1765399185.521131,2025-12-10T20:39:45.521140+00:00
1830,1765399185.5381482,2025-12-10T20:39:45.538155+00:00
1831,1765399185.55533,2025-12-10T20:39:45.555338+00:00
1832,1765399185.5748968,2025-12-10T20:39:45.574907+00:00
1833,1765399185.593716,2025-12-10T20:39:45.593731+00:00
1834,1765399185.612809,2025-12-10T20:39:45.612814+00:00
1835,1765399185.633215,2025-12-10T20:39:45.633221+00:00
1836,1765399185.654112,2025-12-10T20:39:45.654116+00:00
1837,1765399185.6708329,2025-12-10T20:39:45.670835+00:00
1838,1765399185.689663,2025-12-10T20:39:45.689672+00:00
1839,1765399185.708446,2025-12-10T20:39:45.708481+00:00
1840,1765399185.728659,2025-12-10T20:39:45.728666+00:00
1841,1765399185.746185,2025-12-10T20:39:45.746214+00:00
1842,1765399185.7635908,2025-12-10T20:39:45.763595+00:00
1843,1765399185.7844741,2025-12-10T20:39:45.784482+00:00
1844,1765399185.80449,2025-12-10T20:39:45.804498+00:00
1845,1765399185.825382,2025-12-10T20:39:45.825383+00:00
1846,1765399185.846194,2025-12-10T20:39:45.846195+00:00
1847,1765399185.863111,2025-12-10T20:39:45.863121+00:00
1848,1765399185.884018,2025-12-10T20:39:45.884025+00:00
1849,1765399185.9048939,2025-12-10T20:39:45.904895+00:00
1850,1765399185.922113,2025-12-10T20:39:45.922116+00:00
1851,1765399185.942992,2025-12-10T20:39:45.942996+00:00
1852,1765399185.963716,2025-12-10T20:39:45.963719+00:00
1853,1765399185.984792,2025-12-10T20:39:45.984797+00:00
1854,1765399186.005676,2025-12-10T20:39:46.005681+00:00
1855,1765399186.0265632,2025-12-10T20:39:46.026565+00:00
1856,1765399186.04616,2025-12-10T20:39:46.046164+00:00
1857,1765399186.0670311,2025-12-10T20:39:46.067032+00:00
1858,1765399186.0844889,2025-12-10T20:39:46.084493+00:00
1859,1765399186.104458,2025-12-10T20:39:46.104459+00:00
1860,1765399186.125312,2025-12-10T20:39:46.125316+00:00
1861,1765399186.146219,2025-12-10T20:39:46.146224+00:00
1862,1765399186.167088,2025-12-10T20:39:46.167090+00:00
1863,1765399186.1879601,2025-12-10T20:39:46.187967+00:00
1864,1765399186.208843,2025-12-10T20:39:46.208844+00:00
1865,1765399186.229471,2025-12-10T20:39:46.229475+00:00
1866,1765399186.2487218,2025-12-10T20:39:46.248725+00:00
1867,1765399186.2673988,2025-12-10T20:39:46.267405+00:00
1868,1765399186.28828,2025-12-10T20:39:46.288284+00:00
1869,1765399186.3092108,2025-12-10T20:39:46.309219+00:00
1870,1765399186.32949,2025-12-10T20:39:46.329495+00:00
1871,1765399186.349549,2025-12-10T20:39:46.349550+00:00
1872,1765399186.370444,2025-12-10T20:39:46.370475+00:00
1873,1765399186.3878222,2025-12-10T20:39:46.387841+00:00
1874,1765399186.405292,2025-12-10T20:39:46.405298+00:00
1875,1765399186.425853,2025-12-10T20:39:46.425854+00:00
1876,1765399186.446145,2025-12-10T20:39:46.446146+00:00
1877,1765399186.467108,2025-12-10T20:39:46.467109+00:00
1878,1765399186.4878132,2025-12-10T20:39:46.487815+00:00
1879,1765399186.5058382,2025-12-10T20:39:46.505844+00:00
1880,1765399186.526292,2025-12-10T20:39:46.526298+00:00
1881,1765399186.546933,2025-12-10T20:39:46.546935+00:00
1882,1765399186.567282,2025-12-10T20:39:46.567284+00:00
1883,1765399186.587858,2025-12-10T20:39:46.587871+00:00
1884,1765399186.6087759,2025-12-10T20:39:46.608780+00:00
1885,1765399186.629663,2025-12-10T20:39:46.629665+00:00
1886,1765399186.650635,2025-12-10T20:39:46.650642+00:00
1887,1765399186.6691809,2025-12-10T20:39:46.669185+00:00
1888,1765399186.688807,2025-12-10T20:39:46.688808+00:00
1889,1765399186.7071629,2025-12-10T20:39:46.707166+00:00
1890,1765399186.72803,2025-12-10T20:39:46.728034+00:00
1891,1765399186.746176,2025-12-10T20:39:46.746181+00:00
1892,1765399186.7670772,2025-12-10T20:39:46.767081+00:00
1893,1765399186.78782,2025-12-10T20:39:46.787823+00:00
1894,1765399186.806269,2025-12-10T20:39:46.806272+00:00
1895,1765399186.827141,2025-12-10T20:39:46.827142+00:00
1896,1765399186.8461719,2025-12-10T20:39:46.846175+00:00
1897,1765399186.8670452,2025-12-10T20:39:46.867048+00:00
1898,1765399186.887916,2025-12-10T20:39:46.887921+00:00
1899,1765399186.90566,2025-12-10T20:39:46.905662+00:00
1900,1765399186.924272,2025-12-10T20:39:46.924279+00:00
1901,1765399186.9423091,2025-12-10T20:39:46.942312+00:00
1902,1765399186.962825,2025-12-10T20:39:46.962828+00:00
1903,1765399186.983048,2025-12-10T20:39:46.983051+00:00
1904,1765399187.003943,2025-12-10T20:39:47.003947+00:00
1905,1765399187.021146,2025-12-10T20:39:47.021147+00:00
1906,1765399187.0419998,2025-12-10T20:39:47.042001+00:00
1907,1765399187.062866,2025-12-10T20:39:47.062871+00:00
1908,1765399187.082981,2025-12-10T20:39:47.082983+00:00
1909,1765399187.099763,2025-12-10T20:39:47.099764+00:00
1910,1765399187.1206121,2025-12-10T20:39:47.120613+00:00
1911,1765399187.139533,2025-12-10T20:39:47.139536+00:00
1912,1765399187.1604018,2025-12-10T20:39:47.160403+00:00
1913,1765399187.17951,2025-12-10T20:39:47.179512+00:00
1914,1765399187.19694,2025-12-10T20:39:47.196942+00:00
1915,1765399187.2174459,2025-12-10T20:39:47.217453+00:00
1916,1765399187.23776,2025-12-10T20:39:47.237767+00:00
1917,1765399187.254549,2025-12-10T20:39:47.254557+00:00
1918,1765399187.275121,2025-12-10T20:39:47.275129+00:00
1919,1765399187.296045,2025-12-10T20:39:47.296052+00:00
1920,1765399187.315873,2025-12-10T20:39:47.315881+00:00
1921,1765399187.334065,2025-12-10T20:39:47.334070+00:00
1922,1765399187.3549461,2025-12-10T20:39:47.354948+00:00
1923,1765399187.375798,2025-12-10T20:39:47.375800+00:00
1924,1765399187.3961868,2025-12-10T20:39:47.396193+00:00
1925,1765399187.417077,2025-12-10T20:39:47.417078+00:00
1926,1765399187.437932,2025-12-10T20:39:47.437934+00:00
1927,1765399187.458791,2025-12-10T20:39:47.458794+00:00
1928,1765399187.479773,2025-12-10T20:39:47.479777+00:00
1929,1765399187.497662,2025-12-10T20:39:47.497664+00:00
1930,1765399187.5155442,2025-12-10T20:39:47.515551+00:00
1931,1765399187.533041,2025-12-10T20:39:47.533046+00:00
1932,1765399187.550646,2025-12-10T20:39:47.550647+00:00
1933,1765399187.571168,2025-12-10T20:39:47.571171+00:00
1934,1765399187.592041,2025-12-10T20:39:47.592044+00:00
1935,1765399187.6129038,2025-12-10T20:39:47.612906+00:00
1936,1765399187.633769,2025-12-10T20:39:47.633771+00:00
1937,1765399187.6545029,2025-12-10T20:39:47.654506+00:00
1938,1765399187.671982,2025-12-10T20:39:47.671985+00:00
1939,1765399187.692867,2025-12-10T20:39:47.692873+00:00
1940,1765399187.713751,2025-12-10T20:39:47.713753+00:00
1941,1765399187.7345788,2025-12-10T20:39:47.734590+00:00
1942,1765399187.754169,2025-12-10T20:39:47.754177+00:00
1943,1765399187.772118,2025-12-10T20:39:47.772124+00:00
1944,1765399187.791969,2025-12-10T20:39:47.791974+00:00
1945,1765399187.8128462,2025-12-10T20:39:47.812853+00:00
1946,1765399187.833753,2025-12-10T20:39:47.833759+00:00
1947,1765399187.854635,2025-12-10T20:39:47.854640+00:00
1948,1765399187.8732631,2025-12-10T20:39:47.873271+00:00
1949,1765399187.8922932,2025-12-10T20:39:47.892298+00:00
1950,1765399187.909559,2025-12-10T20:39:47.909564+00:00
1951,1765399187.926989,2025-12-10T20:39:47.926994+00:00
1952,1765399187.946188,2025-12-10T20:39:47.946189+00:00
1953,1765399187.965478,2025-12-10T20:39:47.965482+00:00
1954,1765399187.985153,2025-12-10T20:39:47.985154+00:00
1955,1765399188.006965,2025-12-10T20:39:48.006970+00:00
1956,1765399188.025043,2025-12-10T20:39:48.025046+00:00
1957,1765399188.04386,2025-12-10T20:39:48.043868+00:00
1958,1765399188.0631528,2025-12-10T20:39:48.063158+00:00
1959,1765399188.080072,2025-12-10T20:39:48.080076+00:00
1960,1765399188.097505,2025-12-10T20:39:48.097511+00:00
1961,1765399188.116877,2025-12-10T20:39:48.116884+00:00
1962,1765399188.135455,2025-12-10T20:39:48.135462+00:00
1963,1765399188.153263,2025-12-10T20:39:48.153279+00:00
1964,1765399188.174193,2025-12-10T20:39:48.174210+00:00
1965,1765399188.1939719,2025-12-10T20:39:48.193980+00:00
1966,1765399188.212852,2025-12-10T20:39:48.212859+00:00
1967,1765399188.2312682,2025-12-10T20:39:48.231274+00:00
1968,1765399188.2521899,2025-12-10T20:39:48.252200+00:00
1969,1765399188.273109,2025-12-10T20:39:48.273115+00:00
1970,1765399188.2940018,2025-12-10T20:39:48.294007+00:00
1971,1765399188.314891,2025-12-10T20:39:48.314898+00:00
1972,1765399188.3321128,2025-12-10T20:39:48.332115+00:00
1973,1765399188.3529658,2025-12-10T20:39:48.352969+00:00
1974,1765399188.373447,2025-12-10T20:39:48.373457+00:00
1975,1765399188.39437,2025-12-10T20:39:48.394375+00:00
1976,1765399188.415251,2025-12-10T20:39:48.415252+00:00
1977,1765399188.433681,2025-12-10T20:39:48.433682+00:00
1978,1765399188.4545448,2025-12-10T20:39:48.454547+00:00
1979,1765399188.475447,2025-12-10T20:39:48.475447+00:00
1980,1765399188.4941728,2025-12-10T20:39:48.494175+00:00
1981,1765399188.511285,2025-12-10T20:39:48.511289+00:00
1982,1765399188.532157,2025-12-10T20:39:48.532158+00:00
1983,1765399188.550366,2025-12-10T20:39:48.550367+00:00
1984,1765399188.567693,2025-12-10T20:39:48.567694+00:00
1985,1765399188.5885508,2025-12-10T20:39:48.588557+00:00
1986,1765399188.60637,2025-12-10T20:39:48.606372+00:00
1987,1765399188.627229,2025-12-10T20:39:48.627231+00:00
1988,1765399188.645473,2025-12-10T20:39:48.645473+00:00
1989,1765399188.6652238,2025-12-10T20:39:48.665232+00:00
1990,1765399188.683708,2025-12-10T20:39:48.683717+00:00
1991,1765399188.704602,2025-12-10T20:39:48.704604+00:00
1992,1765399188.722246,2025-12-10T20:39:48.722247+00:00
1993,1765399188.7431092,2025-12-10T20:39:48.743116+00:00
1994,1765399188.760098,2025-12-10T20:39:48.760102+00:00
1995,1765399188.777998,2025-12-10T20:39:48.778000+00:00
1996,1765399188.7972128,2025-12-10T20:39:48.797217+00:00
1997,1765399188.817041,2025-12-10T20:39:48.817047+00:00
1998,1765399188.8379478,2025-12-10T20:39:48.837954+00:00
1999,1765399188.85872,2025-12-10T20:39:48.858727+00:00
2000,1765399188.879124,2025-12-10T20:39:48.879132+00:00
2001,1765399188.897654,2025-12-10T20:39:48.897655+00:00
2002,1765399188.915284,2025-12-10T20:39:48.915288+00:00
2003,1765399188.93616,2025-12-10T20:39:48.936162+00:00
2004,1765399188.9570298,2025-12-10T20:39:48.957037+00:00
2005,1765399188.9767811,2025-12-10T20:39:48.976782+00:00
2006,1765399188.997647,2025-12-10T20:39:48.997650+00:00
2007,1765399189.01706,2025-12-10T20:39:49.017065+00:00
2008,1765399189.036624,2025-12-10T20:39:49.036625+00:00
2009,1765399189.057479,2025-12-10T20:39:49.057481+00:00
2010,1765399189.078349,2025-12-10T20:39:49.078350+00:00
2011,1765399189.099205,2025-12-10T20:39:49.099206+00:00
2012,1765399189.116343,2025-12-10T20:39:49.116344+00:00
2013,1765399189.137193,2025-12-10T20:39:49.137193+00:00
2014,1765399189.154422,2025-12-10T20:39:49.154427+00:00
2015,1765399189.1744142,2025-12-10T20:39:49.174415+00:00
2016,1765399189.192105,2025-12-10T20:39:49.192114+00:00
2017,1765399189.21299,2025-12-10T20:39:49.212994+00:00
2018,1765399189.233849,2025-12-10T20:39:49.233850+00:00
2019,1765399189.2506418,2025-12-10T20:39:49.250647+00:00
2020,1765399189.271196,2025-12-10T20:39:49.271202+00:00
2021,1765399189.292049,2025-12-10T20:39:49.292052+00:00
2022,1765399189.312918,2025-12-10T20:39:49.312921+00:00
2023,1765399189.333727,2025-12-10T20:39:49.333729+00:00
2024,1765399189.354593,2025-12-10T20:39:49.354601+00:00
2025,1765399189.374144,2025-12-10T20:39:49.374157+00:00
2026,1765399189.3944042,2025-12-10T20:39:49.394406+00:00
2027,1765399189.412758,2025-12-10T20:39:49.412761+00:00
2028,1765399189.431036,2025-12-10T20:39:49.431038+00:00
2029,1765399189.448611,2025-12-10T20:39:49.448615+00:00
2030,1765399189.466513,2025-12-10T20:39:49.466514+00:00
2031,1765399189.483726,2025-12-10T20:39:49.483727+00:00
2032,1765399189.504597,2025-12-10T20:39:49.504599+00:00
2033,1765399189.5253901,2025-12-10T20:39:49.525393+00:00
2034,1765399189.54627,2025-12-10T20:39:49.546277+00:00
2035,1765399189.566495,2025-12-10T20:39:49.566497+00:00
2036,1765399189.583831,2025-12-10T20:39:49.583846+00:00
2037,1765399189.602407,2025-12-10T20:39:49.602414+00:00
2038,1765399189.6232991,2025-12-10T20:39:49.623301+00:00
2039,1765399189.644158,2025-12-10T20:39:49.644162+00:00
2040,1765399189.66159,2025-12-10T20:39:49.661593+00:00
2041,1765399189.682457,2025-12-10T20:39:49.682462+00:00
2042,1765399189.700914,2025-12-10T20:39:49.700917+00:00
2043,1765399189.721803,2025-12-10T20:39:49.721805+00:00
2044,1765399189.742729,2025-12-10T20:39:49.742733+00:00
2045,1765399189.763608,2025-12-10T20:39:49.763615+00:00
2046,1765399189.7844968,2025-12-10T20:39:49.784499+00:00
2047,1765399189.805373,2025-12-10T20:39:49.805379+00:00
2048,1765399189.826273,2025-12-10T20:39:49.826277+00:00
2049,1765399189.847146,2025-12-10T20:39:49.847149+00:00
2050,1765399189.867081,2025-12-10T20:39:49.867095+00:00
2051,1765399189.886359,2025-12-10T20:39:49.886361+00:00
2052,1765399189.9045498,2025-12-10T20:39:49.904554+00:00
2053,1765399189.9254231,2025-12-10T20:39:49.925424+00:00
2054,1765399189.94629,2025-12-10T20:39:49.946291+00:00
2055,1765399189.967117,2025-12-10T20:39:49.967119+00:00
2056,1765399189.987987,2025-12-10T20:39:49.987993+00:00
2057,1765399190.0088608,2025-12-10T20:39:50.008864+00:00
2058,1765399190.029721,2025-12-10T20:39:50.029725+00:00
2059,1765399190.050606,2025-12-10T20:39:50.050609+00:00
2060,1765399190.0714722,2025-12-10T20:39:50.071474+00:00
2061,1765399190.0923378,2025-12-10T20:39:50.092338+00:00
2062,1765399190.1131918,2025-12-10T20:39:50.113193+00:00
2063,1765399190.134243,2025-12-10T20:39:50.134244+00:00
2064,1765399190.155095,2025-12-10T20:39:50.155098+00:00
2065,1765399190.175422,2025-12-10T20:39:50.175427+00:00
2066,1765399190.1962821,2025-12-10T20:39:50.196285+00:00
2067,1765399190.217144,2025-12-10T20:39:50.217145+00:00
2068,1765399190.233827,2025-12-10T20:39:50.233828+00:00
2069,1765399190.2546968,2025-12-10T20:39:50.254706+00:00
2070,1765399190.275599,2025-12-10T20:39:50.275602+00:00
2071,1765399190.297745,2025-12-10T20:39:50.297747+00:00
2072,1765399190.317045,2025-12-10T20:39:50.317046+00:00
2073,1765399190.333802,2025-12-10T20:39:50.333805+00:00
2074,1765399190.353919,2025-12-10T20:39:50.353925+00:00
2075,1765399190.37482,2025-12-10T20:39:50.374824+00:00
2076,1765399190.394321,2025-12-10T20:39:50.394324+00:00
2077,1765399190.4121,2025-12-10T20:39:50.412103+00:00
2078,1765399190.432957,2025-12-10T20:39:50.432959+00:00
2079,1765399190.45041,2025-12-10T20:39:50.450416+00:00
2080,1765399190.467314,2025-12-10T20:39:50.467321+00:00
2081,1765399190.488204,2025-12-10T20:39:50.488208+00:00
2082,1765399190.509085,2025-12-10T20:39:50.509089+00:00
2083,1765399190.52995,2025-12-10T20:39:50.529951+00:00
2084,1765399190.550387,2025-12-10T20:39:50.550390+00:00
2085,1765399190.5712588,2025-12-10T20:39:50.571260+00:00
2086,1765399190.588747,2025-12-10T20:39:50.588750+00:00
2087,1765399190.609605,2025-12-10T20:39:50.609607+00:00
2088,1765399190.6304698,2025-12-10T20:39:50.630472+00:00
2089,1765399190.6513422,2025-12-10T20:39:50.651348+00:00
2090,1765399190.668581,2025-12-10T20:39:50.668586+00:00
2091,1765399190.688545,2025-12-10T20:39:50.688546+00:00
2092,1765399190.709409,2025-12-10T20:39:50.709418+00:00
2093,1765399190.727176,2025-12-10T20:39:50.727180+00:00
2094,1765399190.745984,2025-12-10T20:39:50.745997+00:00
2095,1765399190.7668931,2025-12-10T20:39:50.766905+00:00
2096,1765399190.783745,2025-12-10T20:39:50.783748+00:00
2097,1765399190.804616,2025-12-10T20:39:50.804623+00:00
2098,1765399190.825315,2025-12-10T20:39:50.825320+00:00
2099,1765399190.8461912,2025-12-10T20:39:50.846195+00:00
2100,1765399190.8631659,2025-12-10T20:39:50.863171+00:00
2101,1765399190.883738,2025-12-10T20:39:50.883762+00:00
2102,1765399190.904664,2025-12-10T20:39:50.904670+00:00
2103,1765399190.924906,2025-12-10T20:39:50.924909+00:00
2104,1765399190.9420822,2025-12-10T20:39:50.942096+00:00
2105,1765399190.960711,2025-12-10T20:39:50.960713+00:00
2106,1765399190.9802072,2025-12-10T20:39:50.980214+00:00
2107,1765399191.000465,2025-12-10T20:39:51.000471+00:00
2108,1765399191.0213618,2025-12-10T20:39:51.021369+00:00
2109,1765399191.0420742,2025-12-10T20:39:51.042079+00:00
2110,1765399191.062978,2025-12-10T20:39:51.062984+00:00
2111,1765399191.082653,2025-12-10T20:39:51.082657+00:00
2112,1765399191.09987,2025-12-10T20:39:51.099878+00:00
2113,1765399191.117009,2025-12-10T20:39:51.117010+00:00
2114,1765399191.1341262,2025-12-10T20:39:51.134127+00:00
2115,1765399191.154985,2025-12-10T20:39:51.154987+00:00
2116,1765399191.175427,2025-12-10T20:39:51.175427+00:00
2117,1765399191.196285,2025-12-10T20:39:51.196290+00:00
2118,1765399191.217161,2025-12-10T20:39:51.217162+00:00
2119,1765399191.238016,2025-12-10T20:39:51.238021+00:00
2120,1765399191.258362,2025-12-10T20:39:51.258366+00:00
2121,1765399191.275399,2025-12-10T20:39:51.275403+00:00
2122,1765399191.2952142,2025-12-10T20:39:51.295217+00:00
2123,1765399191.316097,2025-12-10T20:39:51.316100+00:00
2124,1765399191.33378,2025-12-10T20:39:51.333782+00:00
2125,1765399191.3529239,2025-12-10T20:39:51.352925+00:00
2126,1765399191.37377,2025-12-10T20:39:51.373771+00:00
2127,1765399191.39192,2025-12-10T20:39:51.391927+00:00
2128,1765399191.4102871,2025-12-10T20:39:51.410292+00:00
2129,1765399191.431314,2025-12-10T20:39:51.431318+00:00
2130,1765399191.452205,2025-12-10T20:39:51.452209+00:00
2131,1765399191.473082,2025-12-10T20:39:51.473083+00:00
2132,1765399191.492084,2025-12-10T20:39:51.492085+00:00
2133,1765399191.512949,2025-12-10T20:39:51.512954+00:00
2134,1765399191.533845,2025-12-10T20:39:51.533852+00:00
2135,1765399191.554177,2025-12-10T20:39:51.554180+00:00
2136,1765399191.5750458,2025-12-10T20:39:51.575048+00:00
2137,1765399191.595927,2025-12-10T20:39:51.595935+00:00
2138,1765399191.6168451,2025-12-10T20:39:51.616848+00:00
2139,1765399191.633766,2025-12-10T20:39:51.633769+00:00
2140,1765399191.65463,2025-12-10T20:39:51.654636+00:00
2141,1765399191.673905,2025-12-10T20:39:51.673907+00:00
2142,1765399191.692071,2025-12-10T20:39:51.692073+00:00
2143,1765399191.7129312,2025-12-10T20:39:51.712933+00:00
2144,1765399191.7337549,2025-12-10T20:39:51.733756+00:00
2145,1765399191.753161,2025-12-10T20:39:51.753168+00:00
2146,1765399191.7740579,2025-12-10T20:39:51.774065+00:00
2147,1765399191.7920902,2025-12-10T20:39:51.792096+00:00
2148,1765399191.8129961,2025-12-10T20:39:51.813000+00:00
2149,1765399191.833122,2025-12-10T20:39:51.833128+00:00
2150,1765399191.8540108,2025-12-10T20:39:51.854016+00:00
2151,1765399191.874688,2025-12-10T20:39:51.874692+00:00
2152,1765399191.8919349,2025-12-10T20:39:51.891937+00:00
2153,1765399191.908776,2025-12-10T20:39:51.908779+00:00
2154,1765399191.9256608,2025-12-10T20:39:51.925662+00:00
2155,1765399191.946529,2025-12-10T20:39:51.946537+00:00
2156,1765399191.9665751,2025-12-10T20:39:51.966578+00:00
2157,1765399191.9837708,2025-12-10T20:39:51.983773+00:00
2158,1765399192.0067358,2025-12-10T20:39:52.006755+00:00
2159,1765399192.027622,2025-12-10T20:39:52.027626+00:00
2160,1765399192.048494,2025-12-10T20:39:52.048496+00:00
2161,1765399192.0693738,2025-12-10T20:39:52.069381+00:00
2162,1765399192.090629,2025-12-10T20:39:52.090632+00:00
2163,1765399192.1103392,2025-12-10T20:39:52.110341+00:00
2164,1765399192.129758,2025-12-10T20:39:52.129762+00:00
2165,1765399192.150655,2025-12-10T20:39:52.150657+00:00
2166,1765399192.1715121,2025-12-10T20:39:52.171513+00:00
2167,1765399192.192374,2025-12-10T20:39:52.192381+00:00
2168,1765399192.209739,2025-12-10T20:39:52.209742+00:00
2169,1765399192.230504,2025-12-10T20:39:52.230509+00:00
2170,1765399192.2514,2025-12-10T20:39:52.251405+00:00
2171,1765399192.2722838,2025-12-10T20:39:52.272286+00:00
2172,1765399192.292174,2025-12-10T20:39:52.292175+00:00
2173,1765399192.3130271,2025-12-10T20:39:52.313028+00:00
2174,1765399192.3338408,2025-12-10T20:39:52.333842+00:00
2175,1765399192.353531,2025-12-10T20:39:52.353538+00:00
2176,1765399192.374429,2025-12-10T20:39:52.374432+00:00
2177,1765399192.395309,2025-12-10T20:39:52.395315+00:00
2178,1765399192.416189,2025-12-10T20:39:52.416190+00:00
2179,1765399192.432966,2025-12-10T20:39:52.432975+00:00
2180,1765399192.4538581,2025-12-10T20:39:52.453860+00:00
2181,1765399192.474735,2025-12-10T20:39:52.474744+00:00
2182,1765399192.492159,2025-12-10T20:39:52.492164+00:00
2183,1765399192.513033,2025-12-10T20:39:52.513036+00:00
2184,1765399192.533769,2025-12-10T20:39:52.533774+00:00
2185,1765399192.5546508,2025-12-10T20:39:52.554653+00:00
2186,1765399192.5755038,2025-12-10T20:39:52.575517+00:00
2187,1765399192.594808,2025-12-10T20:39:52.594811+00:00
2188,1765399192.6156821,2025-12-10T20:39:52.615685+00:00
2189,1765399192.6337721,2025-12-10T20:39:52.633778+00:00
2190,1765399192.650626,2025-12-10T20:39:52.650633+00:00
2191,1765399192.671537,2025-12-10T20:39:52.671539+00:00
2192,1765399192.692151,2025-12-10T20:39:52.692154+00:00
2193,1765399192.713002,2025-12-10T20:39:52.713003+00:00
2194,1765399192.732998,2025-12-10T20:39:52.733000+00:00
2195,1765399192.75163,2025-12-10T20:39:52.751630+00:00
2196,1765399192.768919,2025-12-10T20:39:52.768929+00:00
2197,1765399192.789629,2025-12-10T20:39:52.789634+00:00
2198,1765399192.8085408,2025-12-10T20:39:52.808565+00:00
2199,1765399192.8272698,2025-12-10T20:39:52.827277+00:00
2200,1765399192.846849,2025-12-10T20:39:52.846855+00:00
2201,1765399192.8661911,2025-12-10T20:39:52.866199+00:00
2202,1765399192.8870919,2025-12-10T20:39:52.887095+00:00
2203,1765399192.904928,2025-12-10T20:39:52.904932+00:00
2204,1765399192.925448,2025-12-10T20:39:52.925451+00:00
2205,1765399192.946315,2025-12-10T20:39:52.946322+00:00
2206,1765399192.966586,2025-12-10T20:39:52.966590+00:00
2207,1765399192.983746,2025-12-10T20:39:52.983750+00:00
2208,1765399193.004627,2025-12-10T20:39:53.004632+00:00
2209,1765399193.022203,2025-12-10T20:39:53.022206+00:00
2210,1765399193.043078,2025-12-10T20:39:53.043083+00:00
2211,1765399193.060871,2025-12-10T20:39:53.060874+00:00
2212,1765399193.080328,2025-12-10T20:39:53.080338+00:00
2213,1765399193.101281,2025-12-10T20:39:53.101289+00:00
2214,1765399193.1219451,2025-12-10T20:39:53.121947+00:00
2215,1765399193.142161,2025-12-10T20:39:53.142165+00:00
2216,1765399193.1630468,2025-12-10T20:39:53.163055+00:00
2217,1765399193.183837,2025-12-10T20:39:53.183840+00:00
2218,1765399193.2047,2025-12-10T20:39:53.204706+00:00
2219,1765399193.225593,2025-12-10T20:39:53.225598+00:00
2220,1765399193.246474,2025-12-10T20:39:53.246478+00:00
2221,1765399193.267227,2025-12-10T20:39:53.267256+00:00
2222,1765399193.288126,2025-12-10T20:39:53.288131+00:00
2223,1765399193.308772,2025-12-10T20:39:53.308775+00:00
2224,1765399193.329637,2025-12-10T20:39:53.329640+00:00
2225,1765399193.350515,2025-12-10T20:39:53.350520+00:00
2226,1765399193.369311,2025-12-10T20:39:53.369315+00:00
2227,1765399193.390194,2025-12-10T20:39:53.390201+00:00
2228,1765399193.4095612,2025-12-10T20:39:53.409567+00:00
2229,1765399193.4304461,2025-12-10T20:39:53.430447+00:00
2230,1765399193.450455,2025-12-10T20:39:53.450476+00:00
2231,1765399193.471338,2025-12-10T20:39:53.471339+00:00
2232,1765399193.492266,2025-12-10T20:39:53.492271+00:00
2233,1765399193.512052,2025-12-10T20:39:53.512054+00:00
2234,1765399193.5329201,2025-12-10T20:39:53.532923+00:00
2235,1765399193.553802,2025-12-10T20:39:53.553804+00:00
2236,1765399193.575045,2025-12-10T20:39:53.575051+00:00
2237,1765399193.595953,2025-12-10T20:39:53.595961+00:00
2238,1765399193.612712,2025-12-10T20:39:53.612716+00:00
2239,1765399193.633604,2025-12-10T20:39:53.633608+00:00
2240,1765399193.653197,2025-12-10T20:39:53.653204+00:00
2241,1765399193.671006,2025-12-10T20:39:53.671009+00:00
2242,1765399193.689347,2025-12-10T20:39:53.689353+00:00
2243,1765399193.7087219,2025-12-10T20:39:53.708728+00:00
2244,1765399193.725544,2025-12-10T20:39:53.725546+00:00
2245,1765399193.744253,2025-12-10T20:39:53.744254+00:00
2246,1765399193.762154,2025-12-10T20:39:53.762160+00:00
2247,1765399193.781518,2025-12-10T20:39:53.781524+00:00
2248,1765399193.800472,2025-12-10T20:39:53.800477+00:00
2249,1765399193.818202,2025-12-10T20:39:53.818208+00:00
2250,1765399193.839097,2025-12-10T20:39:53.839103+00:00
2251,1765399193.8588128,2025-12-10T20:39:53.858820+00:00
2252,1765399193.878877,2025-12-10T20:39:53.878882+00:00
2253,1765399193.897026,2025-12-10T20:39:53.897031+00:00
2254,1765399193.917141,2025-12-10T20:39:53.917143+00:00
2255,1765399193.938133,2025-12-10T20:39:53.938135+00:00
2256,1765399193.959199,2025-12-10T20:39:53.959200+00:00
2257,1765399193.979861,2025-12-10T20:39:53.979863+00:00
2258,1765399194.000724,2025-12-10T20:39:54.000730+00:00
2259,1765399194.020365,2025-12-10T20:39:54.020371+00:00
2260,1765399194.041239,2025-12-10T20:39:54.041240+00:00
2261,1765399194.058804,2025-12-10T20:39:54.058806+00:00
2262,1765399194.079675,2025-12-10T20:39:54.079679+00:00
2263,1765399194.099189,2025-12-10T20:39:54.099195+00:00
2264,1765399194.115941,2025-12-10T20:39:54.115944+00:00
2265,1765399194.1368299,2025-12-10T20:39:54.136838+00:00
2266,1765399194.156338,2025-12-10T20:39:54.156342+00:00
2267,1765399194.175183,2025-12-10T20:39:54.175185+00:00
2268,1765399194.192383,2025-12-10T20:39:54.192389+00:00
2269,1765399194.212548,2025-12-10T20:39:54.212553+00:00
2270,1765399194.230127,2025-12-10T20:39:54.230136+00:00
2271,1765399194.2482822,2025-12-10T20:39:54.248288+00:00
2272,1765399194.266527,2025-12-10T20:39:54.266533+00:00
2273,1765399194.287433,2025-12-10T20:39:54.287445+00:00
2274,1765399194.306106,2025-12-10T20:39:54.306112+00:00
2275,1765399194.324088,2025-12-10T20:39:54.324093+00:00
2276,1765399194.342175,2025-12-10T20:39:54.342181+00:00
2277,1765399194.36307,2025-12-10T20:39:54.363079+00:00
2278,1765399194.383839,2025-12-10T20:39:54.383843+00:00
2279,1765399194.4047139,2025-12-10T20:39:54.404720+00:00
2280,1765399194.4255428,2025-12-10T20:39:54.425546+00:00
2281,1765399194.446408,2025-12-10T20:39:54.446410+00:00
2282,1765399194.467257,2025-12-10T20:39:54.467259+00:00
2283,1765399194.4881291,2025-12-10T20:39:54.488137+00:00
2284,1765399194.5078762,2025-12-10T20:39:54.507883+00:00
2285,1765399194.525478,2025-12-10T20:39:54.525484+00:00
2286,1765399194.544102,2025-12-10T20:39:54.544107+00:00
2287,1765399194.564988,2025-12-10T20:39:54.564992+00:00
2288,1765399194.5837991,2025-12-10T20:39:54.583802+00:00
2289,1765399194.604661,2025-12-10T20:39:54.604663+00:00
2290,1765399194.625519,2025-12-10T20:39:54.625520+00:00
2291,1765399194.643213,2025-12-10T20:39:54.643216+00:00
2292,1765399194.6640809,2025-12-10T20:39:54.664083+00:00
2293,1765399194.683379,2025-12-10T20:39:54.683382+00:00
2294,1765399194.700578,2025-12-10T20:39:54.700582+00:00
2295,1765399194.719497,2025-12-10T20:39:54.719500+00:00
2296,1765399194.739541,2025-12-10T20:39:54.739544+00:00
2297,1765399194.760402,2025-12-10T20:39:54.760404+00:00
2298,1765399194.77999,2025-12-10T20:39:54.780001+00:00
2299,1765399194.799553,2025-12-10T20:39:54.799559+00:00
2300,1765399194.817156,2025-12-10T20:39:54.817158+00:00
2301,1765399194.838013,2025-12-10T20:39:54.838017+00:00
2302,1765399194.858898,2025-12-10T20:39:54.858906+00:00
2303,1765399194.8792808,2025-12-10T20:39:54.879283+00:00
2304,1765399194.8963609,2025-12-10T20:39:54.896367+00:00
2305,1765399194.917155,2025-12-10T20:39:54.917161+00:00
2306,1765399194.9380422,2025-12-10T20:39:54.938043+00:00
2307,1765399194.958807,2025-12-10T20:39:54.958808+00:00
2308,1765399194.9796531,2025-12-10T20:39:54.979654+00:00
2309,1765399195.0002182,2025-12-10T20:39:55.000221+00:00
2310,1765399195.017165,2025-12-10T20:39:55.017169+00:00
2311,1765399195.038037,2025-12-10T20:39:55.038037+00:00
2312,1765399195.0588841,2025-12-10T20:39:55.058885+00:00
2313,1765399195.079756,2025-12-10T20:39:55.079760+00:00
2314,1765399195.100489,2025-12-10T20:39:55.100492+00:00
2315,1765399195.1213849,2025-12-10T20:39:55.121392+00:00
2316,1765399195.142278,2025-12-10T20:39:55.142279+00:00
2317,1765399195.163136,2025-12-10T20:39:55.163139+00:00
2318,1765399195.184105,2025-12-10T20:39:55.184106+00:00
2319,1765399195.204951,2025-12-10T20:39:55.204953+00:00
2320,1765399195.225811,2025-12-10T20:39:55.225817+00:00
2321,1765399195.245339,2025-12-10T20:39:55.245341+00:00
2322,1765399195.26619,2025-12-10T20:39:55.266192+00:00
2323,1765399195.284029,2025-12-10T20:39:55.284033+00:00
2324,1765399195.3049128,2025-12-10T20:39:55.304922+00:00
2325,1765399195.325444,2025-12-10T20:39:55.325451+00:00
2326,1765399195.3463502,2025-12-10T20:39:55.346353+00:00
2327,1765399195.367222,2025-12-10T20:39:55.367234+00:00
2328,1765399195.388122,2025-12-10T20:39:55.388126+00:00
2329,1765399195.408813,2025-12-10T20:39:55.408820+00:00
2330,1765399195.43152,2025-12-10T20:39:55.431525+00:00
2331,1765399195.4504871,2025-12-10T20:39:55.450491+00:00
2332,1765399195.467226,2025-12-10T20:39:55.467250+00:00
2333,1765399195.490706,2025-12-10T20:39:55.490714+00:00
2334,1765399195.5111082,2025-12-10T20:39:55.511121+00:00
2335,1765399195.532038,2025-12-10T20:39:55.532042+00:00
2336,1765399195.5529091,2025-12-10T20:39:55.552913+00:00
2337,1765399195.571351,2025-12-10T20:39:55.571352+00:00
2338,1765399195.5922189,2025-12-10T20:39:55.592224+00:00
2339,1765399195.6130922,2025-12-10T20:39:55.613095+00:00
2340,1765399195.633945,2025-12-10T20:39:55.633947+00:00
2341,1765399195.6548119,2025-12-10T20:39:55.654820+00:00
2342,1765399195.675622,2025-12-10T20:39:55.675626+00:00
2343,1765399195.696488,2025-12-10T20:39:55.696490+00:00
2344,1765399195.7171578,2025-12-10T20:39:55.717160+00:00
2345,1765399195.738013,2025-12-10T20:39:55.738015+00:00
2346,1765399195.75888,2025-12-10T20:39:55.758881+00:00
2347,1765399195.776691,2025-12-10T20:39:55.776692+00:00
2348,1765399195.796779,2025-12-10T20:39:55.796790+00:00
2349,1765399195.8176808,2025-12-10T20:39:55.817684+00:00
2350,1765399195.838549,2025-12-10T20:39:55.838551+00:00
2351,1765399195.8594198,2025-12-10T20:39:55.859421+00:00
2352,1765399195.8802822,2025-12-10T20:39:55.880287+00:00
2353,1765399195.901168,2025-12-10T20:39:55.901173+00:00
2354,1765399195.922029,2025-12-10T20:39:55.922031+00:00
2355,1765399195.9421718,2025-12-10T20:39:55.942173+00:00
2356,1765399195.959817,2025-12-10T20:39:55.959818+00:00
2357,1765399195.9806669,2025-12-10T20:39:55.980668+00:00
2358,1765399196.000505,2025-12-10T20:39:56.000509+00:00
2359,1765399196.017647,2025-12-10T20:39:56.017649+00:00
2360,1765399196.038514,2025-12-10T20:39:56.038518+00:00
2361,1765399196.0593889,2025-12-10T20:39:56.059390+00:00
2362,1765399196.080003,2025-12-10T20:39:56.080005+00:00
2363,1765399196.100569,2025-12-10T20:39:56.100570+00:00
2364,1765399196.1204329,2025-12-10T20:39:56.120434+00:00
2365,1765399196.141289,2025-12-10T20:39:56.141293+00:00
2366,1765399196.15812,2025-12-10T20:39:56.158122+00:00
2367,1765399196.17552,2025-12-10T20:39:56.175521+00:00
2368,1765399196.1963782,2025-12-10T20:39:56.196379+00:00
2369,1765399196.217241,2025-12-10T20:39:56.217245+00:00
2370,1765399196.238111,2025-12-10T20:39:56.238114+00:00
2371,1765399196.257487,2025-12-10T20:39:56.257488+00:00
2372,1765399196.278341,2025-12-10T20:39:56.278348+00:00
2373,1765399196.298174,2025-12-10T20:39:56.298179+00:00
2374,1765399196.3174348,2025-12-10T20:39:56.317440+00:00
2375,1765399196.334232,2025-12-10T20:39:56.334235+00:00
2376,1765399196.353708,2025-12-10T20:39:56.353712+00:00
2377,1765399196.3745852,2025-12-10T20:39:56.374605+00:00
2378,1765399196.395468,2025-12-10T20:39:56.395472+00:00
2379,1765399196.416339,2025-12-10T20:39:56.416340+00:00
2380,1765399196.4373078,2025-12-10T20:39:56.437314+00:00
2381,1765399196.4559581,2025-12-10T20:39:56.455962+00:00
2382,1765399196.4755251,2025-12-10T20:39:56.475526+00:00
2383,1765399196.496373,2025-12-10T20:39:56.496374+00:00
2384,1765399196.516788,2025-12-10T20:39:56.516790+00:00
2385,1765399196.533845,2025-12-10T20:39:56.533848+00:00
2386,1765399196.554732,2025-12-10T20:39:56.554733+00:00
2387,1765399196.574983,2025-12-10T20:39:56.574985+00:00
2388,1765399196.595836,2025-12-10T20:39:56.595839+00:00
2389,1765399196.616723,2025-12-10T20:39:56.616726+00:00
2390,1765399196.633603,2025-12-10T20:39:56.633605+00:00
2391,1765399196.650511,2025-12-10T20:39:56.650512+00:00
2392,1765399196.671417,2025-12-10T20:39:56.671418+00:00
2393,1765399196.69086,2025-12-10T20:39:56.690860+00:00
2394,1765399196.7117069,2025-12-10T20:39:56.711707+00:00
2395,1765399196.729899,2025-12-10T20:39:56.729901+00:00
2396,1765399196.750762,2025-12-10T20:39:56.750762+00:00
2397,1765399196.7716281,2025-12-10T20:39:56.771635+00:00
2398,1765399196.7922041,2025-12-10T20:39:56.792207+00:00
2399,1765399196.809111,2025-12-10T20:39:56.809118+00:00
2400,1765399196.828732,2025-12-10T20:39:56.828737+00:00
2401,1765399196.848193,2025-12-10T20:39:56.848194+00:00
2402,1765399196.869057,2025-12-10T20:39:56.869066+00:00
2403,1765399196.887072,2025-12-10T20:39:56.887078+00:00
2404,1765399196.907959,2025-12-10T20:39:56.907960+00:00
2405,1765399196.925511,2025-12-10T20:39:56.925515+00:00
2406,1765399196.94642,2025-12-10T20:39:56.946426+00:00
2407,1765399196.96671,2025-12-10T20:39:56.966712+00:00
2408,1765399196.983849,2025-12-10T20:39:56.983850+00:00
2409,1765399197.0019798,2025-12-10T20:39:57.001983+00:00
2410,1765399197.018877,2025-12-10T20:39:57.018880+00:00
2411,1765399197.038263,2025-12-10T20:39:57.038266+00:00
2412,1765399197.057191,2025-12-10T20:39:57.057192+00:00
2413,1765399197.075579,2025-12-10T20:39:57.075582+00:00
2414,1765399197.09247,2025-12-10T20:39:57.092470+00:00
2415,1765399197.111697,2025-12-10T20:39:57.111699+00:00
2416,1765399197.1316679,2025-12-10T20:39:57.131669+00:00
2417,1765399197.151159,2025-12-10T20:39:57.151163+00:00
2418,1765399197.171545,2025-12-10T20:39:57.171546+00:00
2419,1765399197.1924102,2025-12-10T20:39:57.192414+00:00
2420,1765399197.2132952,2025-12-10T20:39:57.213302+00:00
2421,1765399197.23389,2025-12-10T20:39:57.233897+00:00
2422,1765399197.254781,2025-12-10T20:39:57.254783+00:00
2423,1765399197.2756412,2025-12-10T20:39:57.275646+00:00
2424,1765399197.296543,2025-12-10T20:39:57.296547+00:00
2425,1765399197.31724,2025-12-10T20:39:57.317244+00:00
2426,1765399197.338111,2025-12-10T20:39:57.338116+00:00
2427,1765399197.358355,2025-12-10T20:39:57.358358+00:00
2428,1765399197.37552,2025-12-10T20:39:57.375522+00:00
2429,1765399197.396383,2025-12-10T20:39:57.396386+00:00
2430,1765399197.417247,2025-12-10T20:39:57.417249+00:00
2431,1765399197.438108,2025-12-10T20:39:57.438113+00:00
2432,1765399197.456597,2025-12-10T20:39:57.456600+00:00
2433,1765399197.474226,2025-12-10T20:39:57.474229+00:00
2434,1765399197.494538,2025-12-10T20:39:57.494541+00:00
2435,1765399197.5129962,2025-12-10T20:39:57.512999+00:00
2436,1765399197.533878,2025-12-10T20:39:57.533897+00:00
2437,1765399197.554789,2025-12-10T20:39:57.554797+00:00
2438,1765399197.5718532,2025-12-10T20:39:57.571855+00:00
2439,1765399197.592213,2025-12-10T20:39:57.592214+00:00
2440,1765399197.61307,2025-12-10T20:39:57.613073+00:00
2441,1765399197.633943,2025-12-10T20:39:57.633945+00:00
2442,1765399197.652371,2025-12-10T20:39:57.652378+00:00
2443,1765399197.669929,2025-12-10T20:39:57.669932+00:00
2444,1765399197.690798,2025-12-10T20:39:57.690805+00:00
2445,1765399197.7088718,2025-12-10T20:39:57.708874+00:00
2446,1765399197.729734,2025-12-10T20:39:57.729737+00:00
2447,1765399197.750602,2025-12-10T20:39:57.750605+00:00
2448,1765399197.768028,2025-12-10T20:39:57.768035+00:00
2449,1765399197.788921,2025-12-10T20:39:57.788929+00:00
2450,1765399197.80981,2025-12-10T20:39:57.809813+00:00
2451,1765399197.830685,2025-12-10T20:39:57.830690+00:00
2452,1765399197.8500748,2025-12-10T20:39:57.850081+00:00
2453,1765399197.871011,2025-12-10T20:39:57.871021+00:00
2454,1765399197.891934,2025-12-10T20:39:57.891942+00:00
2455,1765399197.91285,2025-12-10T20:39:57.912855+00:00
2456,1765399197.929745,2025-12-10T20:39:57.929754+00:00
2457,1765399197.946748,2025-12-10T20:39:57.946751+00:00
2458,1765399197.967604,2025-12-10T20:39:57.967606+00:00
2459,1765399197.9859169,2025-12-10T20:39:57.985921+00:00
2460,1765399198.006599,2025-12-10T20:39:58.009211+00:00
2461,1765399198.027578,2025-12-10T20:39:58.027585+00:00
2462,1765399198.048272,2025-12-10T20:39:58.048280+00:00
2463,1765399198.067216,2025-12-10T20:39:58.067229+00:00
2464,1765399198.0881238,2025-12-10T20:39:58.088130+00:00
2465,1765399198.1090162,2025-12-10T20:39:58.109020+00:00
2466,1765399198.1262121,2025-12-10T20:39:58.126215+00:00
2467,1765399198.143106,2025-12-10T20:39:58.143111+00:00
2468,1765399198.1639879,2025-12-10T20:39:58.163993+00:00
2469,1765399198.184874,2025-12-10T20:39:58.184879+00:00
2470,1765399198.205774,2025-12-10T20:39:58.205782+00:00
2471,1765399198.22556,2025-12-10T20:39:58.225565+00:00
2472,1765399198.2455192,2025-12-10T20:39:58.245522+00:00
2473,1765399198.264686,2025-12-10T20:39:58.264688+00:00
2474,1765399198.2838862,2025-12-10T20:39:58.283886+00:00
2475,1765399198.304733,2025-12-10T20:39:58.304735+00:00
2476,1765399198.325554,2025-12-10T20:39:58.325558+00:00
2477,1765399198.343534,2025-12-10T20:39:58.343542+00:00
2478,1765399198.3644538,2025-12-10T20:39:58.364467+00:00
2479,1765399198.383889,2025-12-10T20:39:58.383916+00:00
2480,1765399198.4026182,2025-12-10T20:39:58.402621+00:00
2481,1765399198.4234939,2025-12-10T20:39:58.423495+00:00
2482,1765399198.4417331,2025-12-10T20:39:58.441735+00:00
2483,1765399198.458875,2025-12-10T20:39:58.458893+00:00
2484,1765399198.479798,2025-12-10T20:39:58.479803+00:00
2485,1765399198.500563,2025-12-10T20:39:58.500568+00:00
2486,1765399198.521444,2025-12-10T20:39:58.521445+00:00
2487,1765399198.541981,2025-12-10T20:39:58.541984+00:00
2488,1765399198.5588968,2025-12-10T20:39:58.558898+00:00
2489,1765399198.5797918,2025-12-10T20:39:58.579800+00:00
2490,1765399198.5983942,2025-12-10T20:39:58.598396+00:00
2491,1765399198.6192498,2025-12-10T20:39:58.619252+00:00
2492,1765399198.6382442,2025-12-10T20:39:58.638247+00:00
2493,1765399198.6588778,2025-12-10T20:39:58.658879+00:00
2494,1765399198.679749,2025-12-10T20:39:58.679757+00:00
2495,1765399198.700572,2025-12-10T20:39:58.700578+00:00
2496,1765399198.721455,2025-12-10T20:39:58.721459+00:00
2497,1765399198.74223,2025-12-10T20:39:58.742234+00:00
2498,1765399198.763107,2025-12-10T20:39:58.763110+00:00
2499,1765399198.783995,2025-12-10T20:39:58.783997+00:00
2500,1765399198.8048651,2025-12-10T20:39:58.804871+00:00
2501,1765399198.825019,2025-12-10T20:39:58.825026+00:00
2502,1765399198.845899,2025-12-10T20:39:58.845900+00:00
2503,1765399198.8667572,2025-12-10T20:39:58.866761+00:00
2504,1765399198.88765,2025-12-10T20:39:58.887657+00:00
2505,1765399198.905169,2025-12-10T20:39:58.905174+00:00
2506,1765399198.925566,2025-12-10T20:39:58.925580+00:00
2507,1765399198.946485,2025-12-10T20:39:58.946488+00:00
2508,1765399198.967215,2025-12-10T20:39:58.967217+00:00
2509,1765399198.98818,2025-12-10T20:39:58.988187+00:00
2510,1765399199.0079591,2025-12-10T20:39:59.007963+00:00
2511,1765399199.0251892,2025-12-10T20:39:59.025191+00:00
2512,1765399199.046071,2025-12-10T20:39:59.046078+00:00
2513,1765399199.067025,2025-12-10T20:39:59.067029+00:00
2514,1765399199.085372,2025-12-10T20:39:59.085376+00:00
2515,1765399199.104206,2025-12-10T20:39:59.104222+00:00
2516,1765399199.123352,2025-12-10T20:39:59.123356+00:00
2517,1765399199.143666,2025-12-10T20:39:59.143666+00:00
2518,1765399199.1630452,2025-12-10T20:39:59.163047+00:00
2519,1765399199.183136,2025-12-10T20:39:59.183136+00:00
2520,1765399199.204001,2025-12-10T20:39:59.204007+00:00
2521,1765399199.223587,2025-12-10T20:39:59.223590+00:00
2522,1765399199.2444642,2025-12-10T20:39:59.244472+00:00
2523,1765399199.264159,2025-12-10T20:39:59.264165+00:00
2524,1765399199.2850711,2025-12-10T20:39:59.285075+00:00
2525,1765399199.303366,2025-12-10T20:39:59.303373+00:00
2526,1765399199.3230212,2025-12-10T20:39:59.323027+00:00
2527,1765399199.3439019,2025-12-10T20:39:59.343903+00:00
2528,1765399199.3631291,2025-12-10T20:39:59.363152+00:00
2529,1765399199.384064,2025-12-10T20:39:59.384072+00:00
2530,1765399199.4049711,2025-12-10T20:39:59.404972+00:00
2531,1765399199.424531,2025-12-10T20:39:59.424536+00:00
2532,1765399199.445409,2025-12-10T20:39:59.445410+00:00
2533,1765399199.46305,2025-12-10T20:39:59.463051+00:00
2534,1765399199.4839091,2025-12-10T20:39:59.483911+00:00
2535,1765399199.504805,2025-12-10T20:39:59.504807+00:00
2536,1765399199.5256739,2025-12-10T20:39:59.525681+00:00
2537,1765399199.5464692,2025-12-10T20:39:59.546473+00:00
2538,1765399199.56739,2025-12-10T20:39:59.567391+00:00
2539,1765399199.588248,2025-12-10T20:39:59.588254+00:00
2540,1765399199.608479,2025-12-10T20:39:59.608482+00:00
2541,1765399199.629344,2025-12-10T20:39:59.629346+00:00
2542,1765399199.646472,2025-12-10T20:39:59.646475+00:00
2543,1765399199.6673322,2025-12-10T20:39:59.667334+00:00
2544,1765399199.688056,2025-12-10T20:39:59.688057+00:00
2545,1765399199.7084968,2025-12-10T20:39:59.708500+00:00
2546,1765399199.729377,2025-12-10T20:39:59.729379+00:00
2547,1765399199.750245,2025-12-10T20:39:59.750253+00:00
2548,1765399199.768152,2025-12-10T20:39:59.768155+00:00
2549,1765399199.7890189,2025-12-10T20:39:59.789019+00:00
2550,1765399199.80988,2025-12-10T20:39:59.809882+00:00
2551,1765399199.829797,2025-12-10T20:39:59.829802+00:00
2552,1765399199.850678,2025-12-10T20:39:59.850681+00:00
2553,1765399199.871552,2025-12-10T20:39:59.871562+00:00
2554,1765399199.890697,2025-12-10T20:39:59.890702+00:00
2555,1765399199.908258,2025-12-10T20:39:59.908260+00:00
2556,1765399199.929256,2025-12-10T20:39:59.929258+00:00
2557,1765399199.950117,2025-12-10T20:39:59.950119+00:00
2558,1765399199.970994,2025-12-10T20:39:59.970996+00:00
2559,1765399199.99038,2025-12-10T20:39:59.990385+00:00
2560,1765399200.009883,2025-12-10T20:40:00.009887+00:00
2561,1765399200.0297012,2025-12-10T20:40:00.029719+00:00
2562,1765399200.047728,2025-12-10T20:40:00.047735+00:00
2563,1765399200.067564,2025-12-10T20:40:00.067565+00:00
2564,1765399200.088414,2025-12-10T20:40:00.088416+00:00
2565,1765399200.109283,2025-12-10T20:40:00.109284+00:00
2566,1765399200.129646,2025-12-10T20:40:00.129650+00:00
2567,1765399200.1505148,2025-12-10T20:40:00.150517+00:00
2568,1765399200.1713831,2025-12-10T20:40:00.171387+00:00
2569,1765399200.189396,2025-12-10T20:40:00.189397+00:00
2570,1765399200.2097511,2025-12-10T20:40:00.209752+00:00
2571,1765399200.230528,2025-12-10T20:40:00.230535+00:00
2572,1765399200.251418,2025-12-10T20:40:00.251420+00:00
2573,1765399200.2712488,2025-12-10T20:40:00.271250+00:00
2574,1765399200.29093,2025-12-10T20:40:00.290933+00:00
2575,1765399200.3118038,2025-12-10T20:40:00.311805+00:00
2576,1765399200.330444,2025-12-10T20:40:00.330450+00:00
2577,1765399200.3472068,2025-12-10T20:40:00.347210+00:00
2578,1765399200.364615,2025-12-10T20:40:00.364617+00:00
2579,1765399200.385482,2025-12-10T20:40:00.385485+00:00
2580,1765399200.4048052,2025-12-10T20:40:00.404807+00:00
2581,1765399200.425662,2025-12-10T20:40:00.425668+00:00
2582,1765399200.44315,2025-12-10T20:40:00.443159+00:00
2583,1765399200.463105,2025-12-10T20:40:00.463109+00:00
2584,1765399200.4839969,2025-12-10T20:40:00.484013+00:00
2585,1765399200.5049222,2025-12-10T20:40:00.504924+00:00
2586,1765399200.521773,2025-12-10T20:40:00.521777+00:00
2587,1765399200.542638,2025-12-10T20:40:00.542639+00:00
2588,1765399200.563029,2025-12-10T20:40:00.563033+00:00
2589,1765399200.580865,2025-12-10T20:40:00.580867+00:00
2590,1765399200.601752,2025-12-10T20:40:00.601759+00:00
2591,1765399200.62129,2025-12-10T20:40:00.621291+00:00
2592,1765399200.6380842,2025-12-10T20:40:00.638084+00:00
2593,1765399200.6589282,2025-12-10T20:40:00.658929+00:00
2594,1765399200.679056,2025-12-10T20:40:00.679057+00:00
2595,1765399200.697312,2025-12-10T20:40:00.697316+00:00
2596,1765399200.7181702,2025-12-10T20:40:00.718172+00:00
2597,1765399200.7390342,2025-12-10T20:40:00.739039+00:00
2598,1765399200.759687,2025-12-10T20:40:00.759688+00:00
2599,1765399200.7805388,2025-12-10T20:40:00.780541+00:00
2600,1765399200.799631,2025-12-10T20:40:00.799633+00:00
2601,1765399200.820491,2025-12-10T20:40:00.820492+00:00
2602,1765399200.837961,2025-12-10T20:40:00.837966+00:00
2603,1765399200.854676,2025-12-10T20:40:00.854680+00:00
2604,1765399200.873989,2025-12-10T20:40:00.873991+00:00
2605,1765399200.890951,2025-12-10T20:40:00.890955+00:00
2606,1765399200.912042,2025-12-10T20:40:00.912044+00:00
2607,1765399200.9297578,2025-12-10T20:40:00.929761+00:00
2608,1765399200.950627,2025-12-10T20:40:00.950630+00:00
2609,1765399200.971499,2025-12-10T20:40:00.971504+00:00
2610,1765399200.98826,2025-12-10T20:40:00.988262+00:00
2611,1765399201.009127,2025-12-10T20:40:01.009134+00:00
2612,1765399201.02949,2025-12-10T20:40:01.029493+00:00
2613,1765399201.0503511,2025-12-10T20:40:01.050354+00:00
2614,1765399201.07122,2025-12-10T20:40:01.071227+00:00
2615,1765399201.091746,2025-12-10T20:40:01.091752+00:00
2616,1765399201.112643,2025-12-10T20:40:01.112652+00:00
2617,1765399201.133573,2025-12-10T20:40:01.133589+00:00
2618,1765399201.151509,2025-12-10T20:40:01.151521+00:00
2619,1765399201.172431,2025-12-10T20:40:01.172434+00:00
2620,1765399201.193305,2025-12-10T20:40:01.193306+00:00
2621,1765399201.212501,2025-12-10T20:40:01.212505+00:00
2622,1765399201.2296572,2025-12-10T20:40:01.229663+00:00
2623,1765399201.249459,2025-12-10T20:40:01.249461+00:00
2624,1765399201.267877,2025-12-10T20:40:01.267882+00:00
2625,1765399201.288758,2025-12-10T20:40:01.288764+00:00
2626,1765399201.3096461,2025-12-10T20:40:01.309648+00:00
2627,1765399201.329432,2025-12-10T20:40:01.329434+00:00
2628,1765399201.346477,2025-12-10T20:40:01.346486+00:00
2629,1765399201.367381,2025-12-10T20:40:01.367386+00:00
2630,1765399201.388266,2025-12-10T20:40:01.388271+00:00
2631,1765399201.4091651,2025-12-10T20:40:01.409185+00:00
2632,1765399201.429661,2025-12-10T20:40:01.429664+00:00
2633,1765399201.44651,2025-12-10T20:40:01.446512+00:00
2634,1765399201.464022,2025-12-10T20:40:01.464024+00:00
2635,1765399201.484315,2025-12-10T20:40:01.484319+00:00
2636,1765399201.504621,2025-12-10T20:40:01.504623+00:00
2637,1765399201.523471,2025-12-10T20:40:01.523475+00:00
2638,1765399201.5427892,2025-12-10T20:40:01.542796+00:00
2639,1765399201.562976,2025-12-10T20:40:01.562978+00:00
2640,1765399201.5838358,2025-12-10T20:40:01.583839+00:00
2641,1765399201.6046212,2025-12-10T20:40:01.604622+00:00
2642,1765399201.6255,2025-12-10T20:40:01.625517+00:00
2643,1765399201.643737,2025-12-10T20:40:01.643738+00:00
2644,1765399201.662998,2025-12-10T20:40:01.663005+00:00
2645,1765399201.6838982,2025-12-10T20:40:01.683906+00:00
2646,1765399201.704651,2025-12-10T20:40:01.704654+00:00
2647,1765399201.721376,2025-12-10T20:40:01.721383+00:00
2648,1765399201.742281,2025-12-10T20:40:01.742285+00:00
2649,1765399201.7631638,2025-12-10T20:40:01.763166+00:00
2650,1765399201.7840269,2025-12-10T20:40:01.784032+00:00
2651,1765399201.8045702,2025-12-10T20:40:01.804573+00:00
2652,1765399201.821408,2025-12-10T20:40:01.821408+00:00
2653,1765399201.842276,2025-12-10T20:40:01.842284+00:00
2654,1765399201.863185,2025-12-10T20:40:01.863190+00:00
2655,1765399201.880534,2025-12-10T20:40:01.880539+00:00
2656,1765399201.901412,2025-12-10T20:40:01.901417+00:00
2657,1765399201.9222999,2025-12-10T20:40:01.922304+00:00
2658,1765399201.9431942,2025-12-10T20:40:01.943199+00:00
2659,1765399201.964104,2025-12-10T20:40:01.964110+00:00
2660,1765399201.98501,2025-12-10T20:40:01.985019+00:00
2661,1765399202.006101,2025-12-10T20:40:02.006107+00:00
2662,1765399202.0263839,2025-12-10T20:40:02.026396+00:00
2663,1765399202.04729,2025-12-10T20:40:02.047295+00:00
2664,1765399202.067704,2025-12-10T20:40:02.067714+00:00
2665,1765399202.0872,2025-12-10T20:40:02.087209+00:00
2666,1765399202.108088,2025-12-10T20:40:02.108089+00:00
2667,1765399202.1260428,2025-12-10T20:40:02.126045+00:00
2668,1765399202.146465,2025-12-10T20:40:02.146486+00:00
2669,1765399202.164682,2025-12-10T20:40:02.164689+00:00
2670,1765399202.183363,2025-12-10T20:40:02.183367+00:00
2671,1765399202.201662,2025-12-10T20:40:02.201668+00:00
2672,1765399202.221066,2025-12-10T20:40:02.221070+00:00
2673,1765399202.238137,2025-12-10T20:40:02.238141+00:00
2674,1765399202.259016,2025-12-10T20:40:02.259017+00:00
2675,1765399202.278672,2025-12-10T20:40:02.278678+00:00
2676,1765399202.298267,2025-12-10T20:40:02.298272+00:00
2677,1765399202.3191428,2025-12-10T20:40:02.319145+00:00
2678,1765399202.3378592,2025-12-10T20:40:02.337887+00:00
2679,1765399202.3549361,2025-12-10T20:40:02.354941+00:00
2680,1765399202.375828,2025-12-10T20:40:02.375849+00:00
2681,1765399202.394136,2025-12-10T20:40:02.394138+00:00
2682,1765399202.413121,2025-12-10T20:40:02.413122+00:00
2683,1765399202.433984,2025-12-10T20:40:02.433986+00:00
2684,1765399202.454828,2025-12-10T20:40:02.454837+00:00
2685,1765399202.475017,2025-12-10T20:40:02.475020+00:00
2686,1765399202.495894,2025-12-10T20:40:02.495897+00:00
2687,1765399202.513131,2025-12-10T20:40:02.513135+00:00
2688,1765399202.534008,2025-12-10T20:40:02.534015+00:00
2689,1765399202.5548851,2025-12-10T20:40:02.554886+00:00
2690,1765399202.5757508,2025-12-10T20:40:02.575756+00:00
2691,1765399202.5966358,2025-12-10T20:40:02.596642+00:00
2692,1765399202.6175182,2025-12-10T20:40:02.617521+00:00
2693,1765399202.638389,2025-12-10T20:40:02.638393+00:00
2694,1765399202.657206,2025-12-10T20:40:02.657207+00:00
2695,1765399202.678059,2025-12-10T20:40:02.678061+00:00
2696,1765399202.696755,2025-12-10T20:40:02.696756+00:00
2697,1765399202.7176151,2025-12-10T20:40:02.717620+00:00
2698,1765399202.738497,2025-12-10T20:40:02.738498+00:00
2699,1765399202.755834,2025-12-10T20:40:02.755841+00:00
2700,1765399202.775805,2025-12-10T20:40:02.775806+00:00
2701,1765399202.7934651,2025-12-10T20:40:02.793470+00:00
2702,1765399202.8143559,2025-12-10T20:40:02.814358+00:00
2703,1765399202.83248,2025-12-10T20:40:02.832481+00:00
2704,1765399202.853337,2025-12-10T20:40:02.853340+00:00
2705,1765399202.871565,2025-12-10T20:40:02.871577+00:00
2706,1765399202.8925061,2025-12-10T20:40:02.892509+00:00
2707,1765399202.913131,2025-12-10T20:40:02.913132+00:00
2708,1765399202.933988,2025-12-10T20:40:02.933991+00:00
2709,1765399202.954806,2025-12-10T20:40:02.954817+00:00
2710,1765399202.972478,2025-12-10T20:40:02.972480+00:00
2711,1765399202.990597,2025-12-10T20:40:02.990598+00:00
2712,1765399203.0091891,2025-12-10T20:40:03.009195+00:00
2713,1765399203.029832,2025-12-10T20:40:03.029840+00:00
2714,1765399203.050741,2025-12-10T20:40:03.050747+00:00
2715,1765399203.069257,2025-12-10T20:40:03.069262+00:00
2716,1765399203.088159,2025-12-10T20:40:03.088168+00:00
2717,1765399203.109071,2025-12-10T20:40:03.109075+00:00
2718,1765399203.129954,2025-12-10T20:40:03.129958+00:00
2719,1765399203.150822,2025-12-10T20:40:03.150824+00:00
2720,1765399203.1696,2025-12-10T20:40:03.169604+00:00
2721,1765399203.1881459,2025-12-10T20:40:03.188151+00:00
2722,1765399203.20903,2025-12-10T20:40:03.209032+00:00
2723,1765399203.229898,2025-12-10T20:40:03.229899+00:00
2724,1765399203.247034,2025-12-10T20:40:03.247035+00:00
2725,1765399203.267888,2025-12-10T20:40:03.267891+00:00
2726,1765399203.2887611,2025-12-10T20:40:03.288766+00:00
2727,1765399203.307203,2025-12-10T20:40:03.307205+00:00
2728,1765399203.324319,2025-12-10T20:40:03.324326+00:00
2729,1765399203.3452501,2025-12-10T20:40:03.345258+00:00
2730,1765399203.366142,2025-12-10T20:40:03.366149+00:00
2731,1765399203.3829231,2025-12-10T20:40:03.382929+00:00
2732,1765399203.400169,2025-12-10T20:40:03.400176+00:00
2733,1765399203.4171069,2025-12-10T20:40:03.417111+00:00
2734,1765399203.4355369,2025-12-10T20:40:03.435541+00:00
2735,1765399203.454821,2025-12-10T20:40:03.454824+00:00
2736,1765399203.475693,2025-12-10T20:40:03.475699+00:00
2737,1765399203.493314,2025-12-10T20:40:03.493322+00:00
2738,1765399203.5103402,2025-12-10T20:40:03.510343+00:00
2739,1765399203.5294201,2025-12-10T20:40:03.529424+00:00
2740,1765399203.55031,2025-12-10T20:40:03.550311+00:00
2741,1765399203.567297,2025-12-10T20:40:03.567299+00:00
2742,1765399203.588171,2025-12-10T20:40:03.588173+00:00
2743,1765399203.609021,2025-12-10T20:40:03.609022+00:00
2744,1765399203.629832,2025-12-10T20:40:03.629833+00:00
2745,1765399203.647586,2025-12-10T20:40:03.647587+00:00
2746,1765399203.6684318,2025-12-10T20:40:03.668433+00:00
2747,1765399203.688233,2025-12-10T20:40:03.688235+00:00
2748,1765399203.709101,2025-12-10T20:40:03.709102+00:00
2749,1765399203.729192,2025-12-10T20:40:03.729194+00:00
2750,1765399203.746927,2025-12-10T20:40:03.746930+00:00
2751,1765399203.764423,2025-12-10T20:40:03.764428+00:00
2752,1765399203.783175,2025-12-10T20:40:03.783178+00:00
2753,1765399203.801423,2025-12-10T20:40:03.801425+00:00
2754,1765399203.822276,2025-12-10T20:40:03.822277+00:00
2755,1765399203.8410292,2025-12-10T20:40:03.841031+00:00
2756,1765399203.858484,2025-12-10T20:40:03.858492+00:00
2757,1765399203.87939,2025-12-10T20:40:03.879394+00:00
2758,1765399203.8964171,2025-12-10T20:40:03.896421+00:00
2759,1765399203.913173,2025-12-10T20:40:03.913175+00:00
2760,1765399203.9340339,2025-12-10T20:40:03.934038+00:00
2761,1765399203.9549,2025-12-10T20:40:03.954902+00:00
2762,1765399203.975764,2025-12-10T20:40:03.975770+00:00
2763,1765399203.996199,2025-12-10T20:40:03.996203+00:00
2764,1765399204.017073,2025-12-10T20:40:04.017077+00:00
2765,1765399204.0379689,2025-12-10T20:40:04.037979+00:00
2766,1765399204.0548322,2025-12-10T20:40:04.054840+00:00
2767,1765399204.075745,2025-12-10T20:40:04.075753+00:00
2768,1765399204.09651,2025-12-10T20:40:04.096515+00:00
2769,1765399204.1173959,2025-12-10T20:40:04.117399+00:00
2770,1765399204.1382642,2025-12-10T20:40:04.138269+00:00
2771,1765399204.156471,2025-12-10T20:40:04.156476+00:00
2772,1765399204.177365,2025-12-10T20:40:04.177371+00:00
2773,1765399204.1965399,2025-12-10T20:40:04.196544+00:00
2774,1765399204.2174048,2025-12-10T20:40:04.217406+00:00
2775,1765399204.238252,2025-12-10T20:40:04.238254+00:00
2776,1765399204.2577658,2025-12-10T20:40:04.257768+00:00
2777,1765399204.278659,2025-12-10T20:40:04.278667+00:00
2778,1765399204.299565,2025-12-10T20:40:04.299571+00:00
2779,1765399204.3169541,2025-12-10T20:40:04.316955+00:00
2780,1765399204.33376,2025-12-10T20:40:04.333762+00:00
2781,1765399204.354629,2025-12-10T20:40:04.354633+00:00
2782,1765399204.374218,2025-12-10T20:40:04.374225+00:00
2783,1765399204.395127,2025-12-10T20:40:04.395131+00:00
2784,1765399204.413012,2025-12-10T20:40:04.413013+00:00
2785,1765399204.433871,2025-12-10T20:40:04.433877+00:00
2786,1765399204.4547698,2025-12-10T20:40:04.454773+00:00
2787,1765399204.473085,2025-12-10T20:40:04.473091+00:00
2788,1765399204.493515,2025-12-10T20:40:04.493519+00:00
2789,1765399204.513176,2025-12-10T20:40:04.513197+00:00
2790,1765399204.534081,2025-12-10T20:40:04.534084+00:00
2791,1765399204.554834,2025-12-10T20:40:04.554837+00:00
2792,1765399204.575697,2025-12-10T20:40:04.575701+00:00
2793,1765399204.596577,2025-12-10T20:40:04.596579+00:00
2794,1765399204.616294,2025-12-10T20:40:04.616295+00:00
2795,1765399204.6371388,2025-12-10T20:40:04.637139+00:00
2796,1765399204.657418,2025-12-10T20:40:04.657420+00:00
2797,1765399204.678269,2025-12-10T20:40:04.678271+00:00
2798,1765399204.696505,2025-12-10T20:40:04.696506+00:00
2799,1765399204.715307,2025-12-10T20:40:04.715311+00:00
2800,1765399204.736191,2025-12-10T20:40:04.736194+00:00
2801,1765399204.7548459,2025-12-10T20:40:04.754852+00:00
2802,1765399204.7757492,2025-12-10T20:40:04.775753+00:00
2803,1765399204.794044,2025-12-10T20:40:04.794052+00:00
2804,1765399204.8131871,2025-12-10T20:40:04.813191+00:00
2805,1765399204.834072,2025-12-10T20:40:04.834074+00:00
2806,1765399204.8545659,2025-12-10T20:40:04.854574+00:00
2807,1765399204.8715541,2025-12-10T20:40:04.871564+00:00
2808,1765399204.890816,2025-12-10T20:40:04.890822+00:00
2809,1765399204.911701,2025-12-10T20:40:04.911702+00:00
2810,1765399204.930551,2025-12-10T20:40:04.930555+00:00
2811,1765399204.948949,2025-12-10T20:40:04.948951+00:00
2812,1765399204.967731,2025-12-10T20:40:04.967734+00:00
2813,1765399204.988172,2025-12-10T20:40:04.988182+00:00
2814,1765399205.009036,2025-12-10T20:40:05.009037+00:00
2815,1765399205.029886,2025-12-10T20:40:05.029888+00:00
2816,1765399205.050768,2025-12-10T20:40:05.050775+00:00
2817,1765399205.0704,2025-12-10T20:40:05.070401+00:00
2818,1765399205.088175,2025-12-10T20:40:05.088177+00:00
2819,1765399205.106205,2025-12-10T20:40:05.106207+00:00
2820,1765399205.127075,2025-12-10T20:40:05.127083+00:00
2821,1765399205.146525,2025-12-10T20:40:05.146528+00:00
2822,1765399205.1674082,2025-12-10T20:40:05.167410+00:00
2823,1765399205.1881862,2025-12-10T20:40:05.188189+00:00
2824,1765399205.204923,2025-12-10T20:40:05.204923+00:00
2825,1765399205.2249541,2025-12-10T20:40:05.224959+00:00
2826,1765399205.245428,2025-12-10T20:40:05.245430+00:00
2827,1765399205.2635221,2025-12-10T20:40:05.263523+00:00
2828,1765399205.282979,2025-12-10T20:40:05.282981+00:00
2829,1765399205.302539,2025-12-10T20:40:05.302540+00:00
2830,1765399205.323401,2025-12-10T20:40:05.323409+00:00
2831,1765399205.344304,2025-12-10T20:40:05.344306+00:00
2832,1765399205.363252,2025-12-10T20:40:05.363257+00:00
2833,1765399205.384151,2025-12-10T20:40:05.384167+00:00
2834,1765399205.404799,2025-12-10T20:40:05.404803+00:00
2835,1765399205.424472,2025-12-10T20:40:05.424474+00:00
2836,1765399205.4414651,2025-12-10T20:40:05.441472+00:00
2837,1765399205.462358,2025-12-10T20:40:05.462361+00:00
2838,1765399205.480604,2025-12-10T20:40:05.480655+00:00
2839,1765399205.501106,2025-12-10T20:40:05.501118+00:00
2840,1765399205.521525,2025-12-10T20:40:05.521537+00:00
2841,1765399205.542441,2025-12-10T20:40:05.542449+00:00
2842,1765399205.561193,2025-12-10T20:40:05.561200+00:00
2843,1765399205.582102,2025-12-10T20:40:05.582104+00:00
2844,1765399205.6029792,2025-12-10T20:40:05.602984+00:00
2845,1765399205.621535,2025-12-10T20:40:05.621540+00:00
2846,1765399205.642425,2025-12-10T20:40:05.642426+00:00
2847,1765399205.663281,2025-12-10T20:40:05.663286+00:00
2848,1765399205.684163,2025-12-10T20:40:05.684166+00:00
2849,1765399205.705035,2025-12-10T20:40:05.705044+00:00
2850,1765399205.725895,2025-12-10T20:40:05.725896+00:00
2851,1765399205.746743,2025-12-10T20:40:05.746745+00:00
2852,1765399205.767591,2025-12-10T20:40:05.767592+00:00
2853,1765399205.788453,2025-12-10T20:40:05.788459+00:00
2854,1765399205.808604,2025-12-10T20:40:05.808608+00:00
2855,1765399205.8294778,2025-12-10T20:40:05.829479+00:00
2856,1765399205.850338,2025-12-10T20:40:05.850347+00:00
2857,1765399205.867765,2025-12-10T20:40:05.867768+00:00
2858,1765399205.888223,2025-12-10T20:40:05.888232+00:00
2859,1765399205.9091442,2025-12-10T20:40:05.909150+00:00
2860,1765399205.9298592,2025-12-10T20:40:05.929862+00:00
2861,1765399205.947457,2025-12-10T20:40:05.947460+00:00
2862,1765399205.968328,2025-12-10T20:40:05.968334+00:00
2863,1765399205.988255,2025-12-10T20:40:05.988260+00:00
2864,1765399206.007009,2025-12-10T20:40:06.007013+00:00
2865,1765399206.027882,2025-12-10T20:40:06.027883+00:00
2866,1765399206.046528,2025-12-10T20:40:06.046531+00:00
2867,1765399206.0673978,2025-12-10T20:40:06.067400+00:00
2868,1765399206.0841339,2025-12-10T20:40:06.084138+00:00
2869,1765399206.105011,2025-12-10T20:40:06.105013+00:00
2870,1765399206.1228611,2025-12-10T20:40:06.122867+00:00
2871,1765399206.14309,2025-12-10T20:40:06.143092+00:00
2872,1765399206.163948,2025-12-10T20:40:06.163950+00:00
2873,1765399206.181113,2025-12-10T20:40:06.181117+00:00
2874,1765399206.202,2025-12-10T20:40:06.202008+00:00
2875,1765399206.222563,2025-12-10T20:40:06.222565+00:00
2876,1765399206.243433,2025-12-10T20:40:06.243434+00:00
2877,1765399206.26429,2025-12-10T20:40:06.264291+00:00
2878,1765399206.281798,2025-12-10T20:40:06.281807+00:00
2879,1765399206.3027232,2025-12-10T20:40:06.302727+00:00
2880,1765399206.32154,2025-12-10T20:40:06.321542+00:00
2881,1765399206.3424058,2025-12-10T20:40:06.342409+00:00
2882,1765399206.363206,2025-12-10T20:40:06.363211+00:00
2883,1765399206.3831859,2025-12-10T20:40:06.383194+00:00
2884,1765399206.404095,2025-12-10T20:40:06.404099+00:00
2885,1765399206.424566,2025-12-10T20:40:06.424568+00:00
2886,1765399206.442028,2025-12-10T20:40:06.442031+00:00
2887,1765399206.458884,2025-12-10T20:40:06.458889+00:00
2888,1765399206.4797719,2025-12-10T20:40:06.479775+00:00
2889,1765399206.496553,2025-12-10T20:40:06.496557+00:00
2890,1765399206.5146298,2025-12-10T20:40:06.514634+00:00
2891,1765399206.535499,2025-12-10T20:40:06.535500+00:00
2892,1765399206.554931,2025-12-10T20:40:06.554934+00:00
2893,1765399206.575792,2025-12-10T20:40:06.575793+00:00
2894,1765399206.596546,2025-12-10T20:40:06.596549+00:00
2895,1765399206.613303,2025-12-10T20:40:06.613303+00:00
2896,1765399206.634157,2025-12-10T20:40:06.634158+00:00
2897,1765399206.6521869,2025-12-10T20:40:06.652194+00:00
2898,1765399206.672564,2025-12-10T20:40:06.672565+00:00
2899,1765399206.693415,2025-12-10T20:40:06.693416+00:00
2900,1765399206.710359,2025-12-10T20:40:06.710361+00:00
2901,1765399206.729871,2025-12-10T20:40:06.729871+00:00
2902,1765399206.749714,2025-12-10T20:40:06.749716+00:00
2903,1765399206.770585,2025-12-10T20:40:06.770588+00:00
2904,1765399206.788212,2025-12-10T20:40:06.788213+00:00
2905,1765399206.809064,2025-12-10T20:40:06.809065+00:00
2906,1765399206.829874,2025-12-10T20:40:06.829875+00:00
2907,1765399206.846808,2025-12-10T20:40:06.846808+00:00
2908,1765399206.867668,2025-12-10T20:40:06.867673+00:00
2909,1765399206.888255,2025-12-10T20:40:06.888286+00:00
2910,1765399206.9091551,2025-12-10T20:40:06.909161+00:00
2911,1765399206.930037,2025-12-10T20:40:06.930038+00:00
2912,1765399206.950892,2025-12-10T20:40:06.950895+00:00
2913,1765399206.971818,2025-12-10T20:40:06.971819+00:00
2914,1765399206.992674,2025-12-10T20:40:06.992676+00:00
2915,1765399207.013543,2025-12-10T20:40:07.013547+00:00
2916,1765399207.0306728,2025-12-10T20:40:07.030681+00:00
2917,1765399207.047402,2025-12-10T20:40:07.047403+00:00
2918,1765399207.068249,2025-12-10T20:40:07.068250+00:00
2919,1765399207.089094,2025-12-10T20:40:07.089095+00:00
2920,1765399207.109979,2025-12-10T20:40:07.109984+00:00
2921,1765399207.130398,2025-12-10T20:40:07.130401+00:00
2922,1765399207.151265,2025-12-10T20:40:07.151272+00:00
2923,1765399207.171562,2025-12-10T20:40:07.171576+00:00
2924,1765399207.191655,2025-12-10T20:40:07.191665+00:00
2925,1765399207.2125561,2025-12-10T20:40:07.212559+00:00
2926,1765399207.229901,2025-12-10T20:40:07.229907+00:00
2927,1765399207.250805,2025-12-10T20:40:07.250807+00:00
2928,1765399207.27168,2025-12-10T20:40:07.271684+00:00
2929,1765399207.2890801,2025-12-10T20:40:07.289082+00:00
2930,1765399207.306093,2025-12-10T20:40:07.306097+00:00
2931,1765399207.32696,2025-12-10T20:40:07.326960+00:00
2932,1765399207.347237,2025-12-10T20:40:07.347238+00:00
2933,1765399207.366861,2025-12-10T20:40:07.366870+00:00
2934,1765399207.3877912,2025-12-10T20:40:07.387797+00:00
2935,1765399207.408679,2025-12-10T20:40:07.408680+00:00
2936,1765399207.42886,2025-12-10T20:40:07.428864+00:00
2937,1765399207.449739,2025-12-10T20:40:07.449741+00:00
2938,1765399207.470772,2025-12-10T20:40:07.470776+00:00
2939,1765399207.488053,2025-12-10T20:40:07.488056+00:00
2940,1765399207.505566,2025-12-10T20:40:07.505572+00:00
2941,1765399207.5264761,2025-12-10T20:40:07.526484+00:00
2942,1765399207.546491,2025-12-10T20:40:07.546495+00:00
2943,1765399207.563234,2025-12-10T20:40:07.563236+00:00
2944,1765399207.5799732,2025-12-10T20:40:07.579976+00:00
2945,1765399207.6008708,2025-12-10T20:40:07.600872+00:00
2946,1765399207.619037,2025-12-10T20:40:07.619039+00:00
2947,1765399207.6399071,2025-12-10T20:40:07.639908+00:00
2948,1765399207.6607711,2025-12-10T20:40:07.660772+00:00
2949,1765399207.681632,2025-12-10T20:40:07.681637+00:00
2950,1765399207.699434,2025-12-10T20:40:07.699437+00:00
2951,1765399207.720306,2025-12-10T20:40:07.720312+00:00
2952,1765399207.7385752,2025-12-10T20:40:07.738576+00:00
2953,1765399207.7594292,2025-12-10T20:40:07.759436+00:00
2954,1765399207.779944,2025-12-10T20:40:07.779950+00:00
2955,1765399207.797102,2025-12-10T20:40:07.797104+00:00
2956,1765399207.817976,2025-12-10T20:40:07.817979+00:00
2957,1765399207.8388429,2025-12-10T20:40:07.838845+00:00
2958,1765399207.8596978,2025-12-10T20:40:07.859700+00:00
2959,1765399207.878124,2025-12-10T20:40:07.878130+00:00
2960,1765399207.899006,2025-12-10T20:40:07.899011+00:00
2961,1765399207.919898,2025-12-10T20:40:07.919899+00:00
2962,1765399207.940753,2025-12-10T20:40:07.940757+00:00
2963,1765399207.95871,2025-12-10T20:40:07.958716+00:00
2964,1765399207.976146,2025-12-10T20:40:07.976150+00:00
2965,1765399207.996576,2025-12-10T20:40:07.996580+00:00
2966,1765399208.0155132,2025-12-10T20:40:08.015519+00:00
2967,1765399208.035577,2025-12-10T20:40:08.035580+00:00
2968,1765399208.056439,2025-12-10T20:40:08.056442+00:00
2969,1765399208.077306,2025-12-10T20:40:08.077314+00:00
2970,1765399208.0982249,2025-12-10T20:40:08.098233+00:00
2971,1765399208.1191292,2025-12-10T20:40:08.119132+00:00
2972,1765399208.138253,2025-12-10T20:40:08.138265+00:00
2973,1765399208.1591291,2025-12-10T20:40:08.159134+00:00
2974,1765399208.1800041,2025-12-10T20:40:08.180009+00:00
2975,1765399208.197292,2025-12-10T20:40:08.197295+00:00
2976,1765399208.218166,2025-12-10T20:40:08.218168+00:00
2977,1765399208.2382479,2025-12-10T20:40:08.238251+00:00
2978,1765399208.259119,2025-12-10T20:40:08.259121+00:00
2979,1765399208.279983,2025-12-10T20:40:08.279984+00:00
2980,1765399208.3005729,2025-12-10T20:40:08.300573+00:00
2981,1765399208.321437,2025-12-10T20:40:08.321443+00:00
2982,1765399208.342332,2025-12-10T20:40:08.342333+00:00
2983,1765399208.3632178,2025-12-10T20:40:08.363221+00:00
2984,1765399208.384095,2025-12-10T20:40:08.384102+00:00
2985,1765399208.402441,2025-12-10T20:40:08.402447+00:00
2986,1765399208.4207292,2025-12-10T20:40:08.420735+00:00
2987,1765399208.438238,2025-12-10T20:40:08.438239+00:00
2988,1765399208.4559,2025-12-10T20:40:08.455902+00:00
2989,1765399208.475519,2025-12-10T20:40:08.475523+00:00
2990,1765399208.493509,2025-12-10T20:40:08.493511+00:00
2991,1765399208.513288,2025-12-10T20:40:08.513294+00:00
2992,1765399208.534181,2025-12-10T20:40:08.534185+00:00
2993,1765399208.5549362,2025-12-10T20:40:08.554942+00:00
2994,1765399208.57585,2025-12-10T20:40:08.575859+00:00
2995,1765399208.596565,2025-12-10T20:40:08.596566+00:00
2996,1765399208.617441,2025-12-10T20:40:08.617446+00:00
2997,1765399208.6382551,2025-12-10T20:40:08.638257+00:00
2998,1765399208.6591191,2025-12-10T20:40:08.659120+00:00
2999,1765399208.680005,2025-12-10T20:40:08.680008+00:00
3000,1765399208.7008698,2025-12-10T20:40:08.700872+00:00
3001,1765399208.7217312,2025-12-10T20:40:08.721732+00:00
3002,1765399208.7388291,2025-12-10T20:40:08.738831+00:00
3003,1765399208.759697,2025-12-10T20:40:08.759700+00:00
3004,1765399208.78063,2025-12-10T20:40:08.780640+00:00
3005,1765399208.797686,2025-12-10T20:40:08.797689+00:00
3006,1765399208.81723,2025-12-10T20:40:08.817230+00:00
3007,1765399208.8343391,2025-12-10T20:40:08.834340+00:00
3008,1765399208.8549151,2025-12-10T20:40:08.854918+00:00
3009,1765399208.872869,2025-12-10T20:40:08.872877+00:00
3010,1765399208.893763,2025-12-10T20:40:08.893767+00:00
3011,1765399208.9132612,2025-12-10T20:40:08.913264+00:00
3012,1765399208.9341319,2025-12-10T20:40:08.934137+00:00
3013,1765399208.955014,2025-12-10T20:40:08.955019+00:00
3014,1765399208.9759018,2025-12-10T20:40:08.975909+00:00
3015,1765399208.995519,2025-12-10T20:40:08.995521+00:00
3016,1765399209.0163891,2025-12-10T20:40:09.016394+00:00
3017,1765399209.034375,2025-12-10T20:40:09.034379+00:00
3018,1765399209.054934,2025-12-10T20:40:09.054937+00:00
3019,1765399209.075809,2025-12-10T20:40:09.075813+00:00
3020,1765399209.096684,2025-12-10T20:40:09.096689+00:00
3021,1765399209.117447,2025-12-10T20:40:09.117452+00:00
3022,1765399209.138081,2025-12-10T20:40:09.138082+00:00
3023,1765399209.155633,2025-12-10T20:40:09.155641+00:00
3024,1765399209.1749299,2025-12-10T20:40:09.174932+00:00
3025,1765399209.1936269,2025-12-10T20:40:09.193630+00:00
3026,1765399209.214504,2025-12-10T20:40:09.214506+00:00
3027,1765399209.233431,2025-12-10T20:40:09.233432+00:00
3028,1765399209.254285,2025-12-10T20:40:09.254291+00:00
3029,1765399209.273524,2025-12-10T20:40:09.273532+00:00
3030,1765399209.291208,2025-12-10T20:40:09.291218+00:00
3031,1765399209.312141,2025-12-10T20:40:09.312152+00:00
3032,1765399209.3330681,2025-12-10T20:40:09.333076+00:00
3033,1765399209.349982,2025-12-10T20:40:09.349990+00:00
3034,1765399209.368358,2025-12-10T20:40:09.368362+00:00
3035,1765399209.389184,2025-12-10T20:40:09.389186+00:00
3036,1765399209.407455,2025-12-10T20:40:09.407460+00:00
3037,1765399209.428344,2025-12-10T20:40:09.428347+00:00
3038,1765399209.446646,2025-12-10T20:40:09.446671+00:00
3039,1765399209.467535,2025-12-10T20:40:09.467536+00:00
3040,1765399209.4883451,2025-12-10T20:40:09.488366+00:00
3041,1765399209.509249,2025-12-10T20:40:09.509254+00:00
3042,1765399209.529949,2025-12-10T20:40:09.529954+00:00
3043,1765399209.548565,2025-12-10T20:40:09.548572+00:00
3044,1765399209.569165,2025-12-10T20:40:09.569172+00:00
3045,1765399209.5895948,2025-12-10T20:40:09.589600+00:00
3046,1765399209.607967,2025-12-10T20:40:09.607970+00:00
3047,1765399209.628834,2025-12-10T20:40:09.628836+00:00
3048,1765399209.649696,2025-12-10T20:40:09.649697+00:00
3049,1765399209.670561,2025-12-10T20:40:09.670563+00:00
3050,1765399209.6883461,2025-12-10T20:40:09.688348+00:00
3051,1765399209.708292,2025-12-10T20:40:09.708298+00:00
3052,1765399209.729193,2025-12-10T20:40:09.729196+00:00
3053,1765399209.750067,2025-12-10T20:40:09.750069+00:00
3054,1765399209.767206,2025-12-10T20:40:09.767209+00:00
3055,1765399209.784744,2025-12-10T20:40:09.784773+00:00
3056,1765399209.8015501,2025-12-10T20:40:09.801553+00:00
3057,1765399209.8216488,2025-12-10T20:40:09.821657+00:00
3058,1765399209.84255,2025-12-10T20:40:09.842552+00:00
3059,1765399209.860312,2025-12-10T20:40:09.860315+00:00
3060,1765399209.877965,2025-12-10T20:40:09.877971+00:00
3061,1765399209.896632,2025-12-10T20:40:09.896636+00:00
3062,1765399209.9175,2025-12-10T20:40:09.917501+00:00
3063,1765399209.93598,2025-12-10T20:40:09.935981+00:00
3064,1765399209.9548879,2025-12-10T20:40:09.954894+00:00
3065,1765399209.9757912,2025-12-10T20:40:09.975795+00:00
3066,1765399209.993075,2025-12-10T20:40:09.993080+00:00
3067,1765399210.010944,2025-12-10T20:40:10.010946+00:00
3068,1765399210.029967,2025-12-10T20:40:10.029972+00:00
3069,1765399210.050857,2025-12-10T20:40:10.050859+00:00
3070,1765399210.071708,2025-12-10T20:40:10.071709+00:00
3071,1765399210.0925708,2025-12-10T20:40:10.092578+00:00
3072,1765399210.113476,2025-12-10T20:40:10.113478+00:00
3073,1765399210.1343281,2025-12-10T20:40:10.134329+00:00
3074,1765399210.1551821,2025-12-10T20:40:10.155188+00:00
3075,1765399210.176082,2025-12-10T20:40:10.176087+00:00
3076,1765399210.194279,2025-12-10T20:40:10.194280+00:00
3077,1765399210.215137,2025-12-10T20:40:10.215143+00:00
3078,1765399210.2358751,2025-12-10T20:40:10.235878+00:00
3079,1765399210.2567759,2025-12-10T20:40:10.256784+00:00
3080,1765399210.2755468,2025-12-10T20:40:10.275548+00:00
3081,1765399210.294703,2025-12-10T20:40:10.294706+00:00
3082,1765399210.315576,2025-12-10T20:40:10.315582+00:00
3083,1765399210.3337548,2025-12-10T20:40:10.333756+00:00
3084,1765399210.352844,2025-12-10T20:40:10.352845+00:00
3085,1765399210.373739,2025-12-10T20:40:10.373745+00:00
3086,1765399210.392145,2025-12-10T20:40:10.392157+00:00
3087,1765399210.411205,2025-12-10T20:40:10.411216+00:00
3088,1765399210.432106,2025-12-10T20:40:10.432108+00:00
3089,1765399210.4491992,2025-12-10T20:40:10.449207+00:00
3090,1765399210.470094,2025-12-10T20:40:10.470096+00:00
3091,1765399210.490952,2025-12-10T20:40:10.490956+00:00
3092,1765399210.5077791,2025-12-10T20:40:10.507782+00:00
3093,1765399210.525332,2025-12-10T20:40:10.525334+00:00
3094,1765399210.546195,2025-12-10T20:40:10.546199+00:00
3095,1765399210.567067,2025-12-10T20:40:10.567069+00:00
3096,1765399210.587929,2025-12-10T20:40:10.587935+00:00
3097,1765399210.605056,2025-12-10T20:40:10.605059+00:00
3098,1765399210.625924,2025-12-10T20:40:10.625927+00:00
3099,1765399210.646096,2025-12-10T20:40:10.646102+00:00
3100,1765399210.6669838,2025-12-10T20:40:10.666985+00:00
3101,1765399210.685111,2025-12-10T20:40:10.685116+00:00
3102,1765399210.704952,2025-12-10T20:40:10.704954+00:00
3103,1765399210.725827,2025-12-10T20:40:10.725835+00:00
3104,1765399210.744565,2025-12-10T20:40:10.744568+00:00
3105,1765399210.7654421,2025-12-10T20:40:10.765448+00:00
3106,1765399210.783017,2025-12-10T20:40:10.783022+00:00
3107,1765399210.803908,2025-12-10T20:40:10.803911+00:00
3108,1765399210.821633,2025-12-10T20:40:10.821636+00:00
3109,1765399210.8416069,2025-12-10T20:40:10.841615+00:00
3110,1765399210.8625128,2025-12-10T20:40:10.862517+00:00
3111,1765399210.883405,2025-12-10T20:40:10.883409+00:00
3112,1765399210.904289,2025-12-10T20:40:10.904294+00:00
3113,1765399210.9216352,2025-12-10T20:40:10.921675+00:00
3114,1765399210.942579,2025-12-10T20:40:10.942582+00:00
3115,1765399210.963291,2025-12-10T20:40:10.963294+00:00
3116,1765399210.984162,2025-12-10T20:40:10.984167+00:00
3117,1765399211.005057,2025-12-10T20:40:11.005066+00:00
3118,1765399211.025961,2025-12-10T20:40:11.025964+00:00
3119,1765399211.046562,2025-12-10T20:40:11.046565+00:00
3120,1765399211.063394,2025-12-10T20:40:11.063395+00:00
3121,1765399211.081494,2025-12-10T20:40:11.081495+00:00
3122,1765399211.0994408,2025-12-10T20:40:11.099448+00:00
3123,1765399211.1168551,2025-12-10T20:40:11.116857+00:00
3124,1765399211.137737,2025-12-10T20:40:11.137739+00:00
3125,1765399211.15665,2025-12-10T20:40:11.156652+00:00
3126,1765399211.17753,2025-12-10T20:40:11.177539+00:00
3127,1765399211.198451,2025-12-10T20:40:11.198452+00:00
3128,1765399211.219313,2025-12-10T20:40:11.219315+00:00
3129,1765399211.238316,2025-12-10T20:40:11.238317+00:00
3130,1765399211.259163,2025-12-10T20:40:11.259164+00:00
3131,1765399211.280009,2025-12-10T20:40:11.280010+00:00
3132,1765399211.2991738,2025-12-10T20:40:11.299176+00:00
3133,1765399211.319364,2025-12-10T20:40:11.319366+00:00
3134,1765399211.340232,2025-12-10T20:40:11.340239+00:00
3135,1765399211.3585448,2025-12-10T20:40:11.358549+00:00
3136,1765399211.379411,2025-12-10T20:40:11.379414+00:00
3137,1765399211.3966389,2025-12-10T20:40:11.396645+00:00
3138,1765399211.416516,2025-12-10T20:40:11.416519+00:00
3139,1765399211.433426,2025-12-10T20:40:11.433430+00:00
3140,1765399211.4543018,2025-12-10T20:40:11.454304+00:00
3141,1765399211.475163,2025-12-10T20:40:11.475167+00:00
3142,1765399211.492345,2025-12-10T20:40:11.492348+00:00
3143,1765399211.513233,2025-12-10T20:40:11.513243+00:00
3144,1765399211.529985,2025-12-10T20:40:11.529992+00:00
3145,1765399211.550881,2025-12-10T20:40:11.550888+00:00
3146,1765399211.571661,2025-12-10T20:40:11.571664+00:00
3147,1765399211.592531,2025-12-10T20:40:11.592532+00:00
3148,1765399211.613337,2025-12-10T20:40:11.613340+00:00
3149,1765399211.634202,2025-12-10T20:40:11.634204+00:00
3150,1765399211.655067,2025-12-10T20:40:11.655069+00:00
3151,1765399211.675933,2025-12-10T20:40:11.675941+00:00
3152,1765399211.696681,2025-12-10T20:40:11.696686+00:00
3153,1765399211.717568,2025-12-10T20:40:11.717571+00:00
3154,1765399211.73844,2025-12-10T20:40:11.738446+00:00
3155,1765399211.756184,2025-12-10T20:40:11.756187+00:00
3156,1765399211.777065,2025-12-10T20:40:11.777073+00:00
3157,1765399211.795679,2025-12-10T20:40:11.795684+00:00
3158,1765399211.813853,2025-12-10T20:40:11.813858+00:00
3159,1765399211.8336582,2025-12-10T20:40:11.833662+00:00
3160,1765399211.853158,2025-12-10T20:40:11.853160+00:00
3161,1765399211.87403,2025-12-10T20:40:11.874039+00:00
3162,1765399211.892128,2025-12-10T20:40:11.892135+00:00
3163,1765399211.910636,2025-12-10T20:40:11.910644+00:00
3164,1765399211.9315479,2025-12-10T20:40:11.931554+00:00
3165,1765399211.952437,2025-12-10T20:40:11.952440+00:00
3166,1765399211.9716449,2025-12-10T20:40:11.971647+00:00
3167,1765399211.99067,2025-12-10T20:40:11.990675+00:00
3168,1765399212.0115771,2025-12-10T20:40:12.011586+00:00
3169,1765399212.0290718,2025-12-10T20:40:12.029084+00:00
3170,1765399212.04814,2025-12-10T20:40:12.048141+00:00
3171,1765399212.066632,2025-12-10T20:40:12.066634+00:00
3172,1765399212.086273,2025-12-10T20:40:12.086275+00:00
3173,1765399212.1071239,2025-12-10T20:40:12.107125+00:00
3174,1765399212.127985,2025-12-10T20:40:12.127987+00:00
3175,1765399212.14666,2025-12-10T20:40:12.146669+00:00
3176,1765399212.163389,2025-12-10T20:40:12.163391+00:00
3177,1765399212.180855,2025-12-10T20:40:12.180856+00:00
3178,1765399212.198103,2025-12-10T20:40:12.198107+00:00
3179,1765399212.217185,2025-12-10T20:40:12.217188+00:00
3180,1765399212.2380748,2025-12-10T20:40:12.238079+00:00
3181,1765399212.258962,2025-12-10T20:40:12.258970+00:00
3182,1765399212.279923,2025-12-10T20:40:12.279926+00:00
3183,1765399212.298049,2025-12-10T20:40:12.298058+00:00
3184,1765399212.319071,2025-12-10T20:40:12.319075+00:00
3185,1765399212.3399522,2025-12-10T20:40:12.339955+00:00
3186,1765399212.360824,2025-12-10T20:40:12.360827+00:00
3187,1765399212.3787131,2025-12-10T20:40:12.378715+00:00
3188,1765399212.396661,2025-12-10T20:40:12.396663+00:00
3189,1765399212.4167302,2025-12-10T20:40:12.416737+00:00
3190,1765399212.4376378,2025-12-10T20:40:12.437644+00:00
3191,1765399212.4551601,2025-12-10T20:40:12.455167+00:00
3192,1765399212.476044,2025-12-10T20:40:12.476046+00:00
3193,1765399212.492775,2025-12-10T20:40:12.492778+00:00
3194,1765399212.5124412,2025-12-10T20:40:12.512443+00:00
3195,1765399212.533303,2025-12-10T20:40:12.533308+00:00
3196,1765399212.55171,2025-12-10T20:40:12.551713+00:00
3197,1765399212.572596,2025-12-10T20:40:12.572605+00:00
3198,1765399212.589429,2025-12-10T20:40:12.589431+00:00
3199,1765399212.6102872,2025-12-10T20:40:12.610292+00:00
3200,1765399212.630068,2025-12-10T20:40:12.630071+00:00
3201,1765399212.650947,2025-12-10T20:40:12.650951+00:00
3202,1765399212.671704,2025-12-10T20:40:12.671705+00:00
3203,1765399212.6925771,2025-12-10T20:40:12.692581+00:00
3204,1765399212.71345,2025-12-10T20:40:12.713452+00:00
3205,1765399212.7343209,2025-12-10T20:40:12.734328+00:00
3206,1765399212.755221,2025-12-10T20:40:12.755228+00:00
3207,1765399212.776042,2025-12-10T20:40:12.776046+00:00
3208,1765399212.7943199,2025-12-10T20:40:12.794329+00:00
3209,1765399212.8152452,2025-12-10T20:40:12.815251+00:00
3210,1765399212.834788,2025-12-10T20:40:12.834828+00:00
3211,1765399212.8557281,2025-12-10T20:40:12.855735+00:00
3212,1765399212.8760839,2025-12-10T20:40:12.876089+00:00
3213,1765399212.896662,2025-12-10T20:40:12.896664+00:00
3214,1765399212.916246,2025-12-10T20:40:12.916258+00:00
3215,1765399212.934158,2025-12-10T20:40:12.934160+00:00
3216,1765399212.951814,2025-12-10T20:40:12.951817+00:00
3217,1765399212.971654,2025-12-10T20:40:12.971655+00:00
3218,1765399212.990857,2025-12-10T20:40:12.990861+00:00
3219,1765399213.011738,2025-12-10T20:40:13.011740+00:00
3220,1765399213.0325959,2025-12-10T20:40:13.032597+00:00
3221,1765399213.0534558,2025-12-10T20:40:13.053461+00:00
3222,1765399213.07434,2025-12-10T20:40:13.074342+00:00
3223,1765399213.0916748,2025-12-10T20:40:13.091683+00:00
3224,1765399213.110369,2025-12-10T20:40:13.110374+00:00
3225,1765399213.131265,2025-12-10T20:40:13.131270+00:00
3226,1765399213.148961,2025-12-10T20:40:13.148963+00:00
3227,1765399213.1698098,2025-12-10T20:40:13.169812+00:00
3228,1765399213.189064,2025-12-10T20:40:13.189068+00:00
3229,1765399213.206454,2025-12-10T20:40:13.206461+00:00
3230,1765399213.227343,2025-12-10T20:40:13.227347+00:00
3231,1765399213.246717,2025-12-10T20:40:13.246726+00:00
3232,1765399213.263795,2025-12-10T20:40:13.263796+00:00
3233,1765399213.28469,2025-12-10T20:40:13.284698+00:00
3234,1765399213.305589,2025-12-10T20:40:13.305593+00:00
3235,1765399213.326449,2025-12-10T20:40:13.326450+00:00
3236,1765399213.347296,2025-12-10T20:40:13.347297+00:00
3237,1765399213.3681548,2025-12-10T20:40:13.368164+00:00
3238,1765399213.389065,2025-12-10T20:40:13.389069+00:00
3239,1765399213.407358,2025-12-10T20:40:13.407361+00:00
3240,1765399213.428229,2025-12-10T20:40:13.428231+00:00
3241,1765399213.448787,2025-12-10T20:40:13.448794+00:00
3242,1765399213.4686348,2025-12-10T20:40:13.468640+00:00
3243,1765399213.489509,2025-12-10T20:40:13.489510+00:00
3244,1765399213.510358,2025-12-10T20:40:13.510361+00:00
3245,1765399213.530024,2025-12-10T20:40:13.530027+00:00
3246,1765399213.550897,2025-12-10T20:40:13.550900+00:00
3247,1765399213.5677161,2025-12-10T20:40:13.567720+00:00
3248,1765399213.586487,2025-12-10T20:40:13.586488+00:00
3249,1765399213.605022,2025-12-10T20:40:13.605041+00:00
3250,1765399213.6259022,2025-12-10T20:40:13.625902+00:00
3251,1765399213.64362,2025-12-10T20:40:13.643621+00:00
3252,1765399213.664237,2025-12-10T20:40:13.664238+00:00
3253,1765399213.685097,2025-12-10T20:40:13.685104+00:00
3254,1765399213.705055,2025-12-10T20:40:13.705063+00:00
3255,1765399213.725943,2025-12-10T20:40:13.725945+00:00
3256,1765399213.746806,2025-12-10T20:40:13.746809+00:00
3257,1765399213.766727,2025-12-10T20:40:13.766730+00:00
3258,1765399213.787595,2025-12-10T20:40:13.787596+00:00
3259,1765399213.808455,2025-12-10T20:40:13.808460+00:00
3260,1765399213.825386,2025-12-10T20:40:13.825387+00:00
3261,1765399213.842294,2025-12-10T20:40:13.842295+00:00
3262,1765399213.8631449,2025-12-10T20:40:13.863147+00:00
3263,1765399213.884019,2025-12-10T20:40:13.884026+00:00
3264,1765399213.903548,2025-12-10T20:40:13.903554+00:00
3265,1765399213.9238029,2025-12-10T20:40:13.923812+00:00
3266,1765399213.944705,2025-12-10T20:40:13.944707+00:00
3267,1765399213.963371,2025-12-10T20:40:13.963375+00:00
3268,1765399213.981289,2025-12-10T20:40:13.981291+00:00
3269,1765399214.000542,2025-12-10T20:40:14.000545+00:00
3270,1765399214.017674,2025-12-10T20:40:14.017681+00:00
3271,1765399214.0374248,2025-12-10T20:40:14.037428+00:00
3272,1765399214.058296,2025-12-10T20:40:14.058297+00:00
3273,1765399214.0791528,2025-12-10T20:40:14.079158+00:00
3274,1765399214.096757,2025-12-10T20:40:14.096760+00:00
3275,1765399214.117631,2025-12-10T20:40:14.117639+00:00
3276,1765399214.138537,2025-12-10T20:40:14.138540+00:00
3277,1765399214.159402,2025-12-10T20:40:14.159405+00:00
3278,1765399214.176141,2025-12-10T20:40:14.176142+00:00
3279,1765399214.1931221,2025-12-10T20:40:14.193130+00:00
3280,1765399214.212128,2025-12-10T20:40:14.212130+00:00
3281,1765399214.232985,2025-12-10T20:40:14.232986+00:00
3282,1765399214.2538612,2025-12-10T20:40:14.253869+00:00
3283,1765399214.274782,2025-12-10T20:40:14.274786+00:00
3284,1765399214.292709,2025-12-10T20:40:14.292715+00:00
3285,1765399214.312615,2025-12-10T20:40:14.312619+00:00
3286,1765399214.3305652,2025-12-10T20:40:14.330567+00:00
3287,1765399214.3493419,2025-12-10T20:40:14.349344+00:00
3288,1765399214.370204,2025-12-10T20:40:14.370207+00:00
3289,1765399214.3882298,2025-12-10T20:40:14.388235+00:00
3290,1765399214.4051242,2025-12-10T20:40:14.405128+00:00
3291,1765399214.423776,2025-12-10T20:40:14.423784+00:00
3292,1765399214.444679,2025-12-10T20:40:14.444684+00:00
3293,1765399214.463373,2025-12-10T20:40:14.463405+00:00
3294,1765399214.484289,2025-12-10T20:40:14.484294+00:00
3295,1765399214.505171,2025-12-10T20:40:14.505173+00:00
3296,1765399214.526032,2025-12-10T20:40:14.526037+00:00
3297,1765399214.546921,2025-12-10T20:40:14.546925+00:00
3298,1765399214.56779,2025-12-10T20:40:14.567793+00:00
3299,1765399214.588385,2025-12-10T20:40:14.588389+00:00
3300,1765399214.609268,2025-12-10T20:40:14.609276+00:00
3301,1765399214.630037,2025-12-10T20:40:14.630043+00:00
3302,1765399214.650469,2025-12-10T20:40:14.650473+00:00
3303,1765399214.671338,2025-12-10T20:40:14.671342+00:00
3304,1765399214.6898408,2025-12-10T20:40:14.689847+00:00
3305,1765399214.710718,2025-12-10T20:40:14.710722+00:00
3306,1765399214.731589,2025-12-10T20:40:14.731595+00:00
3307,1765399214.749259,2025-12-10T20:40:14.749268+00:00
3308,1765399214.7701602,2025-12-10T20:40:14.770161+00:00
3309,1765399214.7883651,2025-12-10T20:40:14.788368+00:00
3310,1765399214.806148,2025-12-10T20:40:14.806150+00:00
3311,1765399214.8270102,2025-12-10T20:40:14.827014+00:00
3312,1765399214.8479092,2025-12-10T20:40:14.847918+00:00
3313,1765399214.866833,2025-12-10T20:40:14.866841+00:00
3314,1765399214.887448,2025-12-10T20:40:14.887458+00:00
3315,1765399214.90625,2025-12-10T20:40:14.906253+00:00
3316,1765399214.926194,2025-12-10T20:40:14.926203+00:00
3317,1765399214.94679,2025-12-10T20:40:14.946798+00:00
3318,1765399214.967686,2025-12-10T20:40:14.967692+00:00
3319,1765399214.9853911,2025-12-10T20:40:14.985393+00:00
3320,1765399215.006252,2025-12-10T20:40:15.006255+00:00
3321,1765399215.0271208,2025-12-10T20:40:15.027125+00:00
3322,1765399215.0479932,2025-12-10T20:40:15.047994+00:00
3323,1765399215.068838,2025-12-10T20:40:15.068838+00:00
3324,1765399215.087561,2025-12-10T20:40:15.087565+00:00
3325,1765399215.1048708,2025-12-10T20:40:15.104873+00:00
3326,1765399215.1217139,2025-12-10T20:40:15.121714+00:00
3327,1765399215.141533,2025-12-10T20:40:15.141534+00:00
3328,1765399215.162394,2025-12-10T20:40:15.162399+00:00
3329,1765399215.18329,2025-12-10T20:40:15.183291+00:00
3330,1765399215.2041512,2025-12-10T20:40:15.204152+00:00
3331,1765399215.225009,2025-12-10T20:40:15.225009+00:00
3332,1765399215.245856,2025-12-10T20:40:15.245857+00:00
3333,1765399215.266708,2025-12-10T20:40:15.266709+00:00
3334,1765399215.287576,2025-12-10T20:40:15.287585+00:00
3335,1765399215.304991,2025-12-10T20:40:15.304992+00:00
3336,1765399215.325849,2025-12-10T20:40:15.325854+00:00
3337,1765399215.344167,2025-12-10T20:40:15.344170+00:00
3338,1765399215.3630111,2025-12-10T20:40:15.363014+00:00
3339,1765399215.383886,2025-12-10T20:40:15.383889+00:00
3340,1765399215.401079,2025-12-10T20:40:15.401086+00:00
3341,1765399215.417871,2025-12-10T20:40:15.417877+00:00
3342,1765399215.438389,2025-12-10T20:40:15.438397+00:00
3343,1765399215.457091,2025-12-10T20:40:15.457096+00:00
3344,1765399215.477888,2025-12-10T20:40:15.477924+00:00
3345,1765399215.5031319,2025-12-10T20:40:15.503577+00:00
3346,1765399215.520772,2025-12-10T20:40:15.520776+00:00
3347,1765399215.538385,2025-12-10T20:40:15.538391+00:00
3348,1765399215.5592551,2025-12-10T20:40:15.559258+00:00
3349,1765399215.580124,2025-12-10T20:40:15.580132+00:00
3350,1765399215.6004841,2025-12-10T20:40:15.600497+00:00
3351,1765399215.61835,2025-12-10T20:40:15.618353+00:00
3352,1765399215.638407,2025-12-10T20:40:15.638413+00:00
3353,1765399215.659292,2025-12-10T20:40:15.659294+00:00
3354,1765399215.6801548,2025-12-10T20:40:15.680159+00:00
3355,1765399215.696961,2025-12-10T20:40:15.696965+00:00
3356,1765399215.714765,2025-12-10T20:40:15.714767+00:00
3357,1765399215.732736,2025-12-10T20:40:15.732737+00:00
3358,1765399215.7535932,2025-12-10T20:40:15.753597+00:00
3359,1765399215.7710772,2025-12-10T20:40:15.771078+00:00
3360,1765399215.7906718,2025-12-10T20:40:15.790674+00:00
3361,1765399215.811012,2025-12-10T20:40:15.811013+00:00
3362,1765399215.828495,2025-12-10T20:40:15.828497+00:00
3363,1765399215.849362,2025-12-10T20:40:15.849365+00:00
3364,1765399215.8702369,2025-12-10T20:40:15.870242+00:00
3365,1765399215.891138,2025-12-10T20:40:15.891144+00:00
3366,1765399215.908884,2025-12-10T20:40:15.908900+00:00
3367,1765399215.9291441,2025-12-10T20:40:15.929154+00:00
3368,1765399215.948807,2025-12-10T20:40:15.948812+00:00
3369,1765399215.9656472,2025-12-10T20:40:15.965655+00:00
3370,1765399215.986541,2025-12-10T20:40:15.986546+00:00
3371,1765399216.005069,2025-12-10T20:40:16.005079+00:00
3372,1765399216.0243552,2025-12-10T20:40:16.024362+00:00
3373,1765399216.04526,2025-12-10T20:40:16.045266+00:00
3374,1765399216.066159,2025-12-10T20:40:16.066167+00:00
3375,1765399216.0849931,2025-12-10T20:40:16.085002+00:00
3376,1765399216.1057122,2025-12-10T20:40:16.105716+00:00
3377,1765399216.1265879,2025-12-10T20:40:16.126590+00:00
3378,1765399216.146732,2025-12-10T20:40:16.146735+00:00
3379,1765399216.167598,2025-12-10T20:40:16.167602+00:00
3380,1765399216.1883929,2025-12-10T20:40:16.188394+00:00
3381,1765399216.2092428,2025-12-10T20:40:16.209244+00:00
3382,1765399216.2300959,2025-12-10T20:40:16.230097+00:00
3383,1765399216.250974,2025-12-10T20:40:16.250980+00:00
3384,1765399216.27115,2025-12-10T20:40:16.271152+00:00
3385,1765399216.2881658,2025-12-10T20:40:16.288167+00:00
3386,1765399216.3090198,2025-12-10T20:40:16.309027+00:00
3387,1765399216.3299232,2025-12-10T20:40:16.329927+00:00
3388,1765399216.34955,2025-12-10T20:40:16.349552+00:00
3389,1765399216.3700569,2025-12-10T20:40:16.370061+00:00
3390,1765399216.390815,2025-12-10T20:40:16.390817+00:00
3391,1765399216.4099672,2025-12-10T20:40:16.409974+00:00
3392,1765399216.4291809,2025-12-10T20:40:16.429187+00:00
3393,1765399216.450124,2025-12-10T20:40:16.450125+00:00
3394,1765399216.469033,2025-12-10T20:40:16.469038+00:00
3395,1765399216.4885771,2025-12-10T20:40:16.488579+00:00
3396,1765399216.509467,2025-12-10T20:40:16.509475+00:00
3397,1765399216.5304902,2025-12-10T20:40:16.530497+00:00
3398,1765399216.551373,2025-12-10T20:40:16.551378+00:00
3399,1765399216.571954,2025-12-10T20:40:16.571955+00:00
3400,1765399216.592803,2025-12-10T20:40:16.592805+00:00
3401,1765399216.6134279,2025-12-10T20:40:16.613439+00:00
3402,1765399216.630553,2025-12-10T20:40:16.630556+00:00
3403,1765399216.651419,2025-12-10T20:40:16.651423+00:00
3404,1765399216.672299,2025-12-10T20:40:16.672303+00:00
3405,1765399216.690003,2025-12-10T20:40:16.690005+00:00
3406,1765399216.710866,2025-12-10T20:40:16.710868+00:00
3407,1765399216.7300842,2025-12-10T20:40:16.730089+00:00
3408,1765399216.7509708,2025-12-10T20:40:16.750972+00:00
3409,1765399216.771745,2025-12-10T20:40:16.771746+00:00
3410,1765399216.7926311,2025-12-10T20:40:16.792633+00:00
3411,1765399216.813428,2025-12-10T20:40:16.813429+00:00
3412,1765399216.832581,2025-12-10T20:40:16.832583+00:00
3413,1765399216.853455,2025-12-10T20:40:16.853462+00:00
3414,1765399216.8717499,2025-12-10T20:40:16.871753+00:00
3415,1765399216.892618,2025-12-10T20:40:16.892622+00:00
3416,1765399216.913416,2025-12-10T20:40:16.913419+00:00
3417,1765399216.934325,2025-12-10T20:40:16.934337+00:00
3418,1765399216.9552572,2025-12-10T20:40:16.955262+00:00
3419,1765399216.976139,2025-12-10T20:40:16.976144+00:00
3420,1765399216.996496,2025-12-10T20:40:16.996500+00:00
3421,1765399217.016341,2025-12-10T20:40:17.016347+00:00
3422,1765399217.037245,2025-12-10T20:40:17.037248+00:00
3423,1765399217.055094,2025-12-10T20:40:17.055095+00:00
3424,1765399217.075948,2025-12-10T20:40:17.075951+00:00
3425,1765399217.09674,2025-12-10T20:40:17.096740+00:00
3426,1765399217.1165981,2025-12-10T20:40:17.116604+00:00
3427,1765399217.137509,2025-12-10T20:40:17.137513+00:00
3428,1765399217.154855,2025-12-10T20:40:17.154861+00:00
3429,1765399217.1734312,2025-12-10T20:40:17.173434+00:00
3430,1765399217.194315,2025-12-10T20:40:17.194323+00:00
3431,1765399217.214463,2025-12-10T20:40:17.214470+00:00
3432,1765399217.235353,2025-12-10T20:40:17.235355+00:00
3433,1765399217.2562041,2025-12-10T20:40:17.256205+00:00
3434,1765399217.27707,2025-12-10T20:40:17.277077+00:00
3435,1765399217.2979891,2025-12-10T20:40:17.297992+00:00
3436,1765399217.318815,2025-12-10T20:40:17.318824+00:00
3437,1765399217.3387341,2025-12-10T20:40:17.338737+00:00
3438,1765399217.358125,2025-12-10T20:40:17.358129+00:00
3439,1765399217.3789911,2025-12-10T20:40:17.378994+00:00
3440,1765399217.398987,2025-12-10T20:40:17.398994+00:00
3441,1765399217.4187782,2025-12-10T20:40:17.418780+00:00
3442,1765399217.438457,2025-12-10T20:40:17.438461+00:00
3443,1765399217.459338,2025-12-10T20:40:17.459342+00:00
3444,1765399217.480086,2025-12-10T20:40:17.480087+00:00
3445,1765399217.49732,2025-12-10T20:40:17.497323+00:00
3446,1765399217.5181901,2025-12-10T20:40:17.518194+00:00
3447,1765399217.5390642,2025-12-10T20:40:17.539070+00:00
3448,1765399217.5599492,2025-12-10T20:40:17.559952+00:00
3449,1765399217.580107,2025-12-10T20:40:17.580115+00:00
3450,1765399217.597162,2025-12-10T20:40:17.597163+00:00
3451,1765399217.61802,2025-12-10T20:40:17.618021+00:00
3452,1765399217.638444,2025-12-10T20:40:17.638445+00:00
3453,1765399217.659301,2025-12-10T20:40:17.659303+00:00
3454,1765399217.680088,2025-12-10T20:40:17.680089+00:00
3455,1765399217.700949,2025-12-10T20:40:17.700953+00:00
3456,1765399217.718532,2025-12-10T20:40:17.718534+00:00
3457,1765399217.737619,2025-12-10T20:40:17.737626+00:00
3458,1765399217.754424,2025-12-10T20:40:17.754431+00:00
3459,1765399217.77323,2025-12-10T20:40:17.773235+00:00
3460,1765399217.794097,2025-12-10T20:40:17.794102+00:00
3461,1765399217.813487,2025-12-10T20:40:17.813505+00:00
3462,1765399217.8328671,2025-12-10T20:40:17.832870+00:00
3463,1765399217.85327,2025-12-10T20:40:17.853279+00:00
3464,1765399217.871841,2025-12-10T20:40:17.871847+00:00
3465,1765399217.88909,2025-12-10T20:40:17.889098+00:00
3466,1765399217.9103518,2025-12-10T20:40:17.910358+00:00
3467,1765399217.929963,2025-12-10T20:40:17.929970+00:00
3468,1765399217.950848,2025-12-10T20:40:17.950855+00:00
3469,1765399217.971763,2025-12-10T20:40:17.971779+00:00
3470,1765399217.9925718,2025-12-10T20:40:17.992578+00:00
3471,1765399218.013479,2025-12-10T20:40:18.013487+00:00
3472,1765399218.034791,2025-12-10T20:40:18.034868+00:00
3473,1765399218.0765939,2025-12-10T20:40:18.076603+00:00
3474,1765399218.100162,2025-12-10T20:40:18.100169+00:00
3475,1765399218.119709,2025-12-10T20:40:18.119716+00:00
3476,1765399218.147008,2025-12-10T20:40:18.147418+00:00
3477,1765399218.1702662,2025-12-10T20:40:18.170281+00:00
3478,1765399218.1884558,2025-12-10T20:40:18.188463+00:00
3479,1765399218.20792,2025-12-10T20:40:18.207928+00:00
3480,1765399218.2264051,2025-12-10T20:40:18.226410+00:00
3481,1765399218.2433898,2025-12-10T20:40:18.243394+00:00
3482,1765399218.26303,2025-12-10T20:40:18.263038+00:00
3483,1765399218.282121,2025-12-10T20:40:18.282127+00:00
3484,1765399218.3011699,2025-12-10T20:40:18.301175+00:00
3485,1765399218.321026,2025-12-10T20:40:18.321034+00:00
3486,1765399218.339186,2025-12-10T20:40:18.339192+00:00
3487,1765399218.358699,2025-12-10T20:40:18.358706+00:00
3488,1765399218.379599,2025-12-10T20:40:18.379604+00:00
3489,1765399218.400608,2025-12-10T20:40:18.400615+00:00
3490,1765399218.421485,2025-12-10T20:40:18.421489+00:00
3491,1765399218.442364,2025-12-10T20:40:18.442373+00:00
3492,1765399218.4594922,2025-12-10T20:40:18.459497+00:00
3493,1765399218.480129,2025-12-10T20:40:18.480132+00:00
3494,1765399218.497503,2025-12-10T20:40:18.497511+00:00
3495,1765399218.517319,2025-12-10T20:40:18.517325+00:00
3496,1765399218.537028,2025-12-10T20:40:18.537036+00:00
3497,1765399218.55537,2025-12-10T20:40:18.555374+00:00
3498,1765399218.5739362,2025-12-10T20:40:18.573988+00:00
3499,1765399218.5931299,2025-12-10T20:40:18.593136+00:00
3500,1765399218.613507,2025-12-10T20:40:18.613513+00:00
3501,1765399218.63295,2025-12-10T20:40:18.632957+00:00
3502,1765399218.653832,2025-12-10T20:40:18.653839+00:00
3503,1765399218.6716611,2025-12-10T20:40:18.671666+00:00
3504,1765399218.691179,2025-12-10T20:40:18.691187+00:00
3505,1765399218.70891,2025-12-10T20:40:18.708917+00:00
3506,1765399218.727867,2025-12-10T20:40:18.727871+00:00
3507,1765399218.7487419,2025-12-10T20:40:18.748749+00:00
3508,1765399218.769658,2025-12-10T20:40:18.769665+00:00
3509,1765399218.789931,2025-12-10T20:40:18.789955+00:00
3510,1765399218.8108318,2025-12-10T20:40:18.810835+00:00
3511,1765399218.831705,2025-12-10T20:40:18.831709+00:00
3512,1765399218.852582,2025-12-10T20:40:18.852590+00:00
3513,1765399218.879963,2025-12-10T20:40:18.879973+00:00
3514,1765399218.904114,2025-12-10T20:40:18.904118+00:00
3515,1765399218.921843,2025-12-10T20:40:18.921851+00:00
3516,1765399218.9413388,2025-12-10T20:40:18.941344+00:00
3517,1765399218.962212,2025-12-10T20:40:18.962217+00:00
3518,1765399218.9800189,2025-12-10T20:40:18.980026+00:00
3519,1765399218.996844,2025-12-10T20:40:18.996856+00:00
3520,1765399219.017285,2025-12-10T20:40:19.017290+00:00
3521,1765399219.038164,2025-12-10T20:40:19.038170+00:00
3522,1765399219.0551271,2025-12-10T20:40:19.055131+00:00
3523,1765399219.0746,2025-12-10T20:40:19.074608+00:00
3524,1765399219.093298,2025-12-10T20:40:19.093309+00:00
3525,1765399219.113589,2025-12-10T20:40:19.113594+00:00
3526,1765399219.133912,2025-12-10T20:40:19.133918+00:00
3527,1765399219.1536582,2025-12-10T20:40:19.153662+00:00
3528,1765399219.172679,2025-12-10T20:40:19.172682+00:00
3529,1765399219.195359,2025-12-10T20:40:19.195368+00:00
3530,1765399219.214614,2025-12-10T20:40:19.214620+00:00
3531,1765399219.232386,2025-12-10T20:40:19.233431+00:00
3532,1765399219.252287,2025-12-10T20:40:19.252292+00:00
3533,1765399219.27158,2025-12-10T20:40:19.271589+00:00
3534,1765399219.292469,2025-12-10T20:40:19.292477+00:00
3535,1765399219.313888,2025-12-10T20:40:19.313912+00:00
3536,1765399219.331459,2025-12-10T20:40:19.331467+00:00
3537,1765399219.349639,2025-12-10T20:40:19.349646+00:00
3538,1765399219.370558,2025-12-10T20:40:19.370563+00:00
3539,1765399219.3902662,2025-12-10T20:40:19.390273+00:00
3540,1765399219.4083781,2025-12-10T20:40:19.408402+00:00
3541,1765399219.427941,2025-12-10T20:40:19.427944+00:00
3542,1765399219.4488032,2025-12-10T20:40:19.448806+00:00
3543,1765399219.469679,2025-12-10T20:40:19.469685+00:00
3544,1765399219.490557,2025-12-10T20:40:19.490561+00:00
3545,1765399219.5087008,2025-12-10T20:40:19.508712+00:00
3546,1765399219.5296488,2025-12-10T20:40:19.529652+00:00
3547,1765399219.547086,2025-12-10T20:40:19.547088+00:00
3548,1765399219.567952,2025-12-10T20:40:19.567956+00:00
3549,1765399219.588825,2025-12-10T20:40:19.588827+00:00
3550,1765399219.609689,2025-12-10T20:40:19.609696+00:00
3551,1765399219.6281831,2025-12-10T20:40:19.628191+00:00
3552,1765399219.649096,2025-12-10T20:40:19.649102+00:00
3553,1765399219.669992,2025-12-10T20:40:19.669995+00:00
3554,1765399219.686743,2025-12-10T20:40:19.686749+00:00
3555,1765399219.70513,2025-12-10T20:40:19.705131+00:00
3556,1765399219.724698,2025-12-10T20:40:19.724702+00:00
3557,1765399219.74557,2025-12-10T20:40:19.745574+00:00
3558,1765399219.763626,2025-12-10T20:40:19.763634+00:00
3559,1765399219.7808058,2025-12-10T20:40:19.780811+00:00
3560,1765399219.797636,2025-12-10T20:40:19.797644+00:00
3561,1765399219.8161018,2025-12-10T20:40:19.816107+00:00
3562,1765399219.834099,2025-12-10T20:40:19.834100+00:00
3563,1765399219.853073,2025-12-10T20:40:19.853074+00:00
3564,1765399219.871864,2025-12-10T20:40:19.871867+00:00
3565,1765399219.890207,2025-12-10T20:40:19.890209+00:00
3566,1765399219.9110668,2025-12-10T20:40:19.911069+00:00
3567,1765399219.9284701,2025-12-10T20:40:19.928475+00:00
3568,1765399219.947527,2025-12-10T20:40:19.947945+00:00
3569,1765399219.968822,2025-12-10T20:40:19.968828+00:00
3570,1765399219.9897048,2025-12-10T20:40:19.989709+00:00
3571,1765399220.0105731,2025-12-10T20:40:20.010577+00:00
3572,1765399220.0303779,2025-12-10T20:40:20.030382+00:00
3573,1765399220.0472279,2025-12-10T20:40:20.047234+00:00
3574,1765399220.0681112,2025-12-10T20:40:20.068115+00:00
3575,1765399220.0884879,2025-12-10T20:40:20.088493+00:00
3576,1765399220.109366,2025-12-10T20:40:20.109371+00:00
3577,1765399220.130145,2025-12-10T20:40:20.130160+00:00
3578,1765399220.151077,2025-12-10T20:40:20.151081+00:00
3579,1765399220.171962,2025-12-10T20:40:20.171968+00:00
3580,1765399220.189147,2025-12-10T20:40:20.189152+00:00
3581,1765399220.2100182,2025-12-10T20:40:20.210022+00:00
3582,1765399220.2301571,2025-12-10T20:40:20.230165+00:00
3583,1765399220.25105,2025-12-10T20:40:20.251053+00:00
3584,1765399220.271918,2025-12-10T20:40:20.271924+00:00
3585,1765399220.292799,2025-12-10T20:40:20.292806+00:00
3586,1765399220.312106,2025-12-10T20:40:20.312113+00:00
3587,1765399220.3288262,2025-12-10T20:40:20.328831+00:00
3588,1765399220.348462,2025-12-10T20:40:20.348468+00:00
3589,1765399220.36671,2025-12-10T20:40:20.366717+00:00
3590,1765399220.387604,2025-12-10T20:40:20.387610+00:00
3591,1765399220.408386,2025-12-10T20:40:20.408391+00:00
3592,1765399220.42926,2025-12-10T20:40:20.429266+00:00
3593,1765399220.446155,2025-12-10T20:40:20.446159+00:00
3594,1765399220.463419,2025-12-10T20:40:20.463426+00:00
3595,1765399220.483395,2025-12-10T20:40:20.483402+00:00
3596,1765399220.5042791,2025-12-10T20:40:20.504283+00:00
3597,1765399220.525172,2025-12-10T20:40:20.525180+00:00
3598,1765399220.5460649,2025-12-10T20:40:20.546073+00:00
3599,1765399220.567019,2025-12-10T20:40:20.567031+00:00
3600,1765399220.587945,2025-12-10T20:40:20.587952+00:00
3601,1765399220.6051042,2025-12-10T20:40:20.605106+00:00
3602,1765399220.6247559,2025-12-10T20:40:20.624758+00:00
3603,1765399220.645612,2025-12-10T20:40:20.645615+00:00
3604,1765399220.6635032,2025-12-10T20:40:20.663504+00:00
3605,1765399220.681756,2025-12-10T20:40:20.681768+00:00
3606,1765399220.700848,2025-12-10T20:40:20.700854+00:00
3607,1765399220.718146,2025-12-10T20:40:20.718147+00:00
3608,1765399220.748112,2025-12-10T20:40:20.748116+00:00
3609,1765399220.769322,2025-12-10T20:40:20.769327+00:00
3610,1765399220.7902021,2025-12-10T20:40:20.790210+00:00
3611,1765399220.811102,2025-12-10T20:40:20.811105+00:00
3612,1765399220.831986,2025-12-10T20:40:20.831994+00:00
3613,1765399220.852449,2025-12-10T20:40:20.852459+00:00
3614,1765399220.872014,2025-12-10T20:40:20.872021+00:00
3615,1765399220.892894,2025-12-10T20:40:20.892896+00:00
3616,1765399220.913492,2025-12-10T20:40:20.913493+00:00
3617,1765399220.9335868,2025-12-10T20:40:20.933590+00:00
3618,1765399220.95452,2025-12-10T20:40:20.954522+00:00
3619,1765399220.9725928,2025-12-10T20:40:20.972600+00:00
3620,1765399220.9934862,2025-12-10T20:40:20.993489+00:00
3621,1765399221.013504,2025-12-10T20:40:21.013508+00:00
3622,1765399221.032243,2025-12-10T20:40:21.032247+00:00
3623,1765399221.052263,2025-12-10T20:40:21.052267+00:00
3624,1765399221.073173,2025-12-10T20:40:21.073177+00:00
3625,1765399221.0939698,2025-12-10T20:40:21.093974+00:00
3626,1765399221.1134999,2025-12-10T20:40:21.113502+00:00
3627,1765399221.134349,2025-12-10T20:40:21.134351+00:00
3628,1765399221.155175,2025-12-10T20:40:21.155183+00:00
3629,1765399221.176097,2025-12-10T20:40:21.176102+00:00
3630,1765399221.194401,2025-12-10T20:40:21.194404+00:00
3631,1765399221.2152681,2025-12-10T20:40:21.215270+00:00
3632,1765399221.234045,2025-12-10T20:40:21.234051+00:00
3633,1765399221.2549498,2025-12-10T20:40:21.254954+00:00
3634,1765399221.275834,2025-12-10T20:40:21.275845+00:00
3635,1765399221.2967439,2025-12-10T20:40:21.296754+00:00
3636,1765399221.317031,2025-12-10T20:40:21.317036+00:00
3637,1765399221.337024,2025-12-10T20:40:21.337031+00:00
3638,1765399221.355168,2025-12-10T20:40:21.355172+00:00
3639,1765399221.3760462,2025-12-10T20:40:21.376052+00:00
3640,1765399221.396867,2025-12-10T20:40:21.396874+00:00
3641,1765399221.4163451,2025-12-10T20:40:21.416352+00:00
3642,1765399221.437231,2025-12-10T20:40:21.437233+00:00
3643,1765399221.455184,2025-12-10T20:40:21.455188+00:00
3644,1765399221.476073,2025-12-10T20:40:21.476083+00:00
3645,1765399221.496981,2025-12-10T20:40:21.496988+00:00
3646,1765399221.517418,2025-12-10T20:40:21.517422+00:00
3647,1765399221.538309,2025-12-10T20:40:21.538320+00:00
3648,1765399221.5551832,2025-12-10T20:40:21.555185+00:00
3649,1765399221.576041,2025-12-10T20:40:21.576044+00:00
3650,1765399221.596849,2025-12-10T20:40:21.596854+00:00
3651,1765399221.615285,2025-12-10T20:40:21.615293+00:00
3652,1765399221.63456,2025-12-10T20:40:21.634562+00:00
3653,1765399221.6552489,2025-12-10T20:40:21.655254+00:00
3654,1765399221.673903,2025-12-10T20:40:21.673912+00:00
3655,1765399221.6948218,2025-12-10T20:40:21.694828+00:00
3656,1765399221.712447,2025-12-10T20:40:21.712452+00:00
3657,1765399221.732266,2025-12-10T20:40:21.732275+00:00
3658,1765399221.7518568,2025-12-10T20:40:21.751862+00:00
3659,1765399221.772723,2025-12-10T20:40:21.772725+00:00
3660,1765399221.7904818,2025-12-10T20:40:21.790486+00:00
3661,1765399221.8072839,2025-12-10T20:40:21.807288+00:00
3662,1765399221.82622,2025-12-10T20:40:21.826221+00:00
3663,1765399221.84708,2025-12-10T20:40:21.847088+00:00
3664,1765399221.867697,2025-12-10T20:40:21.867708+00:00
3665,1765399221.888617,2025-12-10T20:40:21.888623+00:00
3666,1765399221.907277,2025-12-10T20:40:21.907282+00:00
3667,1765399221.926027,2025-12-10T20:40:21.926033+00:00
3668,1765399221.944735,2025-12-10T20:40:21.944742+00:00
3669,1765399221.963874,2025-12-10T20:40:21.963881+00:00
3670,1765399221.983883,2025-12-10T20:40:21.983904+00:00
3671,1765399222.001014,2025-12-10T20:40:22.001018+00:00
3672,1765399222.022023,2025-12-10T20:40:22.022027+00:00
3673,1765399222.042489,2025-12-10T20:40:22.042493+00:00
3674,1765399222.059309,2025-12-10T20:40:22.059314+00:00
3675,1765399222.0782552,2025-12-10T20:40:22.078257+00:00
3676,1765399222.099112,2025-12-10T20:40:22.099114+00:00
3677,1765399222.117462,2025-12-10T20:40:22.117468+00:00
3678,1765399222.134241,2025-12-10T20:40:22.134242+00:00
3679,1765399222.155206,2025-12-10T20:40:22.155210+00:00
3680,1765399222.176074,2025-12-10T20:40:22.176078+00:00
3681,1765399222.193105,2025-12-10T20:40:22.193112+00:00
3682,1765399222.211686,2025-12-10T20:40:22.211691+00:00
3683,1765399222.23293,2025-12-10T20:40:22.232940+00:00
3684,1765399222.2538471,2025-12-10T20:40:22.253851+00:00
3685,1765399222.273341,2025-12-10T20:40:22.273345+00:00
3686,1765399222.2942588,2025-12-10T20:40:22.294339+00:00
3687,1765399222.314118,2025-12-10T20:40:22.314124+00:00
3688,1765399222.3331661,2025-12-10T20:40:22.333175+00:00
3689,1765399222.350394,2025-12-10T20:40:22.350397+00:00
3690,1765399222.3712661,2025-12-10T20:40:22.371275+00:00
3691,1765399222.388566,2025-12-10T20:40:22.388570+00:00
3692,1765399222.4084191,2025-12-10T20:40:22.408423+00:00
3693,1765399222.429292,2025-12-10T20:40:22.429297+00:00
3694,1765399222.4468732,2025-12-10T20:40:22.446900+00:00
3695,1765399222.465546,2025-12-10T20:40:22.465554+00:00
3696,1765399222.4864461,2025-12-10T20:40:22.486451+00:00
3697,1765399222.505991,2025-12-10T20:40:22.506000+00:00
3698,1765399222.52411,2025-12-10T20:40:22.524112+00:00
3699,1765399222.544975,2025-12-10T20:40:22.544977+00:00
3700,1765399222.56442,2025-12-10T20:40:22.564425+00:00
3701,1765399222.58664,2025-12-10T20:40:22.586648+00:00
3702,1765399222.604964,2025-12-10T20:40:22.604973+00:00
3703,1765399222.622602,2025-12-10T20:40:22.622613+00:00
3704,1765399222.6435251,2025-12-10T20:40:22.643532+00:00
3705,1765399222.663539,2025-12-10T20:40:22.663541+00:00
3706,1765399222.680274,2025-12-10T20:40:22.680281+00:00
3707,1765399222.7012138,2025-12-10T20:40:22.701234+00:00
3708,1765399222.7220979,2025-12-10T20:40:22.722100+00:00
3709,1765399222.74317,2025-12-10T20:40:22.743175+00:00
3710,1765399222.764055,2025-12-10T20:40:22.764060+00:00
3711,1765399222.781384,2025-12-10T20:40:22.781391+00:00
3712,1765399222.800607,2025-12-10T20:40:22.800609+00:00
3713,1765399222.821481,2025-12-10T20:40:22.821488+00:00
3714,1765399222.838801,2025-12-10T20:40:22.838802+00:00
3715,1765399222.859662,2025-12-10T20:40:22.859677+00:00
3716,1765399222.8792691,2025-12-10T20:40:22.879280+00:00
3717,1765399222.900186,2025-12-10T20:40:22.900191+00:00
3718,1765399222.918017,2025-12-10T20:40:22.918025+00:00
3719,1765399222.938536,2025-12-10T20:40:22.938539+00:00
3720,1765399222.959421,2025-12-10T20:40:22.959427+00:00
3721,1765399222.9796999,2025-12-10T20:40:22.979704+00:00
3722,1765399222.998278,2025-12-10T20:40:22.998281+00:00
3723,1765399223.018136,2025-12-10T20:40:23.018140+00:00
3724,1765399223.038551,2025-12-10T20:40:23.038555+00:00
3725,1765399223.059433,2025-12-10T20:40:23.059440+00:00
3726,1765399223.079731,2025-12-10T20:40:23.079737+00:00
3727,1765399223.096875,2025-12-10T20:40:23.096884+00:00
3728,1765399223.117377,2025-12-10T20:40:23.117382+00:00
3729,1765399223.138243,2025-12-10T20:40:23.138246+00:00
3730,1765399223.155213,2025-12-10T20:40:23.155222+00:00
3731,1765399223.1740642,2025-12-10T20:40:23.174069+00:00
3732,1765399223.191322,2025-12-10T20:40:23.191326+00:00
3733,1765399223.2105558,2025-12-10T20:40:23.210567+00:00
3734,1765399223.230488,2025-12-10T20:40:23.230493+00:00
3735,1765399223.251363,2025-12-10T20:40:23.251370+00:00
3736,1765399223.27262,2025-12-10T20:40:23.272625+00:00
3737,1765399223.289964,2025-12-10T20:40:23.289971+00:00
3738,1765399223.310786,2025-12-10T20:40:23.310790+00:00
3739,1765399223.33166,2025-12-10T20:40:23.331666+00:00
3740,1765399223.350414,2025-12-10T20:40:23.350440+00:00
3741,1765399223.3713229,2025-12-10T20:40:23.371338+00:00
3742,1765399223.3917649,2025-12-10T20:40:23.391770+00:00
3743,1765399223.412369,2025-12-10T20:40:23.412373+00:00
3744,1765399223.430281,2025-12-10T20:40:23.430287+00:00
3745,1765399223.451162,2025-12-10T20:40:23.451165+00:00
3746,1765399223.4720352,2025-12-10T20:40:23.472042+00:00
3747,1765399223.4918652,2025-12-10T20:40:23.491909+00:00
3748,1765399223.516732,2025-12-10T20:40:23.516737+00:00
3749,1765399223.537607,2025-12-10T20:40:23.537610+00:00
3750,1765399223.5568771,2025-12-10T20:40:23.556884+00:00
3751,1765399223.5746171,2025-12-10T20:40:23.574620+00:00
3752,1765399223.591792,2025-12-10T20:40:23.591800+00:00
3753,1765399223.612658,2025-12-10T20:40:23.612660+00:00
3754,1765399223.633504,2025-12-10T20:40:23.633506+00:00
3755,1765399223.654359,2025-12-10T20:40:23.654361+00:00
3756,1765399223.672927,2025-12-10T20:40:23.672928+00:00
3757,1765399223.693779,2025-12-10T20:40:23.693780+00:00
3758,1765399223.714836,2025-12-10T20:40:23.714841+00:00
3759,1765399223.735724,2025-12-10T20:40:23.735726+00:00
3760,1765399223.756587,2025-12-10T20:40:23.756600+00:00
3761,1765399223.777479,2025-12-10T20:40:23.777480+00:00
3762,1765399223.798329,2025-12-10T20:40:23.798332+00:00
3763,1765399223.8191931,2025-12-10T20:40:23.819200+00:00
3764,1765399223.840102,2025-12-10T20:40:23.840107+00:00
3765,1765399223.859723,2025-12-10T20:40:23.859728+00:00
3766,1765399223.8802612,2025-12-10T20:40:23.880271+00:00
3767,1765399223.900119,2025-12-10T20:40:23.900124+00:00
3768,1765399223.920125,2025-12-10T20:40:23.920130+00:00
3769,1765399223.9410079,2025-12-10T20:40:23.941025+00:00
3770,1765399223.9619122,2025-12-10T20:40:23.961917+00:00
3771,1765399223.988836,2025-12-10T20:40:23.988840+00:00
3772,1765399224.007029,2025-12-10T20:40:24.007045+00:00
3773,1765399224.027981,2025-12-10T20:40:24.028112+00:00
3774,1765399224.053,2025-12-10T20:40:24.053005+00:00
3775,1765399224.072942,2025-12-10T20:40:24.072950+00:00
3776,1765399224.093545,2025-12-10T20:40:24.093552+00:00
3777,1765399224.1153011,2025-12-10T20:40:24.115306+00:00
3778,1765399224.138228,2025-12-10T20:40:24.138233+00:00
3779,1765399224.159183,2025-12-10T20:40:24.159190+00:00
3780,1765399224.181264,2025-12-10T20:40:24.181273+00:00
3781,1765399224.204366,2025-12-10T20:40:24.204390+00:00
3782,1765399224.228319,2025-12-10T20:40:24.228324+00:00
3783,1765399224.2492108,2025-12-10T20:40:24.249219+00:00
3784,1765399224.268737,2025-12-10T20:40:24.268744+00:00
3785,1765399224.28635,2025-12-10T20:40:24.286372+00:00
3786,1765399224.3071098,2025-12-10T20:40:24.307119+00:00
3787,1765399224.3256168,2025-12-10T20:40:24.325626+00:00
3788,1765399224.345237,2025-12-10T20:40:24.345245+00:00
3789,1765399224.364882,2025-12-10T20:40:24.364890+00:00
3790,1765399224.383453,2025-12-10T20:40:24.383461+00:00
3791,1765399224.402194,2025-12-10T20:40:24.402206+00:00
3792,1765399224.422229,2025-12-10T20:40:24.422268+00:00
3793,1765399224.4416,2025-12-10T20:40:24.441611+00:00
3794,1765399224.461403,2025-12-10T20:40:24.461411+00:00
3795,1765399224.484004,2025-12-10T20:40:24.484142+00:00
3796,1765399224.505408,2025-12-10T20:40:24.505470+00:00
3797,1765399224.523993,2025-12-10T20:40:24.524010+00:00
3798,1765399224.545554,2025-12-10T20:40:24.545561+00:00
3799,1765399224.562616,2025-12-10T20:40:24.562623+00:00
3800,1765399224.5802398,2025-12-10T20:40:24.580269+00:00
3801,1765399224.6013088,2025-12-10T20:40:24.601314+00:00
3802,1765399224.622703,2025-12-10T20:40:24.622710+00:00
3803,1765399224.64319,2025-12-10T20:40:24.643198+00:00
3804,1765399224.66408,2025-12-10T20:40:24.664088+00:00
3805,1765399224.682166,2025-12-10T20:40:24.682171+00:00
3806,1765399224.700974,2025-12-10T20:40:24.700979+00:00
3807,1765399224.721493,2025-12-10T20:40:24.721497+00:00
3808,1765399224.74086,2025-12-10T20:40:24.740868+00:00
3809,1765399224.7609558,2025-12-10T20:40:24.760960+00:00
3810,1765399224.781833,2025-12-10T20:40:24.781838+00:00
3811,1765399224.802316,2025-12-10T20:40:24.802321+00:00
3812,1765399224.822855,2025-12-10T20:40:24.822859+00:00
3813,1765399224.8425548,2025-12-10T20:40:24.842564+00:00
3814,1765399224.863795,2025-12-10T20:40:24.863863+00:00
3815,1765399224.884765,2025-12-10T20:40:24.884769+00:00
3816,1765399224.9058712,2025-12-10T20:40:24.905882+00:00
3817,1765399224.9269462,2025-12-10T20:40:24.926954+00:00
3818,1765399224.943997,2025-12-10T20:40:24.944005+00:00
3819,1765399224.96336,2025-12-10T20:40:24.963416+00:00
3820,1765399224.9817019,2025-12-10T20:40:24.981706+00:00
3821,1765399225.0009758,2025-12-10T20:40:25.000985+00:00
3822,1765399225.0234208,2025-12-10T20:40:25.023426+00:00
3823,1765399225.040195,2025-12-10T20:40:25.040199+00:00
3824,1765399225.061075,2025-12-10T20:40:25.061079+00:00
3825,1765399225.081663,2025-12-10T20:40:25.081666+00:00
3826,1765399225.102565,2025-12-10T20:40:25.102571+00:00
3827,1765399225.122663,2025-12-10T20:40:25.122671+00:00
3828,1765399225.139446,2025-12-10T20:40:25.139452+00:00
3829,1765399225.160265,2025-12-10T20:40:25.160273+00:00
3830,1765399225.180355,2025-12-10T20:40:25.180356+00:00
3831,1765399225.197091,2025-12-10T20:40:25.197093+00:00
3832,1765399225.217948,2025-12-10T20:40:25.217949+00:00
3833,1765399225.236435,2025-12-10T20:40:25.236436+00:00
3834,1765399225.2572942,2025-12-10T20:40:25.257301+00:00
3835,1765399225.2782311,2025-12-10T20:40:25.278235+00:00
3836,1765399225.299103,2025-12-10T20:40:25.299107+00:00
3837,1765399225.31999,2025-12-10T20:40:25.319997+00:00
3838,1765399225.3380108,2025-12-10T20:40:25.338015+00:00
3839,1765399225.3554199,2025-12-10T20:40:25.355422+00:00
3840,1765399225.376458,2025-12-10T20:40:25.376461+00:00
3841,1765399225.3971121,2025-12-10T20:40:25.397119+00:00
3842,1765399225.417994,2025-12-10T20:40:25.417999+00:00
3843,1765399225.43875,2025-12-10T20:40:25.438753+00:00
3844,1765399225.459359,2025-12-10T20:40:25.459367+00:00
3845,1765399225.477818,2025-12-10T20:40:25.477823+00:00
3846,1765399225.498153,2025-12-10T20:40:25.498165+00:00
3847,1765399225.515989,2025-12-10T20:40:25.515997+00:00
3848,1765399225.533726,2025-12-10T20:40:25.533759+00:00
3849,1765399225.55466,2025-12-10T20:40:25.554667+00:00
3850,1765399225.575691,2025-12-10T20:40:25.575695+00:00
3851,1765399225.59333,2025-12-10T20:40:25.593332+00:00
3852,1765399225.613638,2025-12-10T20:40:25.613640+00:00
3853,1765399225.632701,2025-12-10T20:40:25.632705+00:00
3854,1765399225.651951,2025-12-10T20:40:25.651954+00:00
3855,1765399225.672819,2025-12-10T20:40:25.672824+00:00
3856,1765399225.6933901,2025-12-10T20:40:25.693398+00:00
3857,1765399225.71366,2025-12-10T20:40:25.713662+00:00
3858,1765399225.734525,2025-12-10T20:40:25.734532+00:00
3859,1765399225.755327,2025-12-10T20:40:25.755334+00:00
3860,1765399225.776225,2025-12-10T20:40:25.776232+00:00
3861,1765399225.7971241,2025-12-10T20:40:25.797129+00:00
3862,1765399225.817446,2025-12-10T20:40:25.817449+00:00
3863,1765399225.8371909,2025-12-10T20:40:25.837193+00:00
3864,1765399225.8553338,2025-12-10T20:40:25.855342+00:00
3865,1765399225.876253,2025-12-10T20:40:25.876262+00:00
3866,1765399225.896978,2025-12-10T20:40:25.897004+00:00
3867,1765399225.917889,2025-12-10T20:40:25.917890+00:00
3868,1765399225.938742,2025-12-10T20:40:25.938744+00:00
3869,1765399225.959606,2025-12-10T20:40:25.959607+00:00
3870,1765399225.9804668,2025-12-10T20:40:25.980470+00:00
3871,1765399226.0014029,2025-12-10T20:40:26.001413+00:00
3872,1765399226.022985,2025-12-10T20:40:26.022990+00:00
3873,1765399226.043875,2025-12-10T20:40:26.043885+00:00
3874,1765399226.062751,2025-12-10T20:40:26.062754+00:00
3875,1765399226.083628,2025-12-10T20:40:26.083635+00:00
3876,1765399226.10198,2025-12-10T20:40:26.101985+00:00
3877,1765399226.123059,2025-12-10T20:40:26.123062+00:00
3878,1765399226.1428978,2025-12-10T20:40:26.142900+00:00
3879,1765399226.163674,2025-12-10T20:40:26.163677+00:00
3880,1765399226.180972,2025-12-10T20:40:26.180973+00:00
3881,1765399226.201819,2025-12-10T20:40:26.201820+00:00
3882,1765399226.219715,2025-12-10T20:40:26.219716+00:00
3883,1765399226.238697,2025-12-10T20:40:26.238700+00:00
3884,1765399226.255591,2025-12-10T20:40:26.255593+00:00
3885,1765399226.272665,2025-12-10T20:40:26.272670+00:00
3886,1765399226.291714,2025-12-10T20:40:26.291724+00:00
3887,1765399226.312732,2025-12-10T20:40:26.312741+00:00
3888,1765399226.330702,2025-12-10T20:40:26.330709+00:00
3889,1765399226.351611,2025-12-10T20:40:26.351615+00:00
3890,1765399226.3715992,2025-12-10T20:40:26.371604+00:00
3891,1765399226.392481,2025-12-10T20:40:26.392488+00:00
3892,1765399226.412958,2025-12-10T20:40:26.412962+00:00
3893,1765399226.43382,2025-12-10T20:40:26.433823+00:00
3894,1765399226.453623,2025-12-10T20:40:26.453626+00:00
3895,1765399226.474491,2025-12-10T20:40:26.474497+00:00
3896,1765399226.493151,2025-12-10T20:40:26.493155+00:00
3897,1765399226.51085,2025-12-10T20:40:26.510856+00:00
3898,1765399226.531733,2025-12-10T20:40:26.531736+00:00
3899,1765399226.550952,2025-12-10T20:40:26.550954+00:00
3900,1765399226.5690172,2025-12-10T20:40:26.569021+00:00
3901,1765399226.589893,2025-12-10T20:40:26.589896+00:00
3902,1765399226.6093261,2025-12-10T20:40:26.609351+00:00
3903,1765399226.630241,2025-12-10T20:40:26.630247+00:00
3904,1765399226.647508,2025-12-10T20:40:26.647512+00:00
3905,1765399226.668381,2025-12-10T20:40:26.668389+00:00
3906,1765399226.689284,2025-12-10T20:40:26.689290+00:00
3907,1765399226.710161,2025-12-10T20:40:26.710167+00:00
3908,1765399226.729856,2025-12-10T20:40:26.729860+00:00
3909,1765399226.750726,2025-12-10T20:40:26.750729+00:00
3910,1765399226.7721589,2025-12-10T20:40:26.772166+00:00
3911,1765399226.7926888,2025-12-10T20:40:26.792696+00:00
3912,1765399226.813589,2025-12-10T20:40:26.813594+00:00
3913,1765399226.834272,2025-12-10T20:40:26.834277+00:00
3914,1765399226.855167,2025-12-10T20:40:26.855175+00:00
3915,1765399226.872582,2025-12-10T20:40:26.872589+00:00
3916,1765399226.8934898,2025-12-10T20:40:26.893495+00:00
3917,1765399226.913193,2025-12-10T20:40:26.913196+00:00
3918,1765399226.9328792,2025-12-10T20:40:26.932882+00:00
3919,1765399226.951105,2025-12-10T20:40:26.951107+00:00
3920,1765399226.971957,2025-12-10T20:40:26.971961+00:00
3921,1765399226.9927192,2025-12-10T20:40:26.992723+00:00
3922,1765399227.0117602,2025-12-10T20:40:27.011768+00:00
3923,1765399227.032655,2025-12-10T20:40:27.032657+00:00
3924,1765399227.053515,2025-12-10T20:40:27.053518+00:00
3925,1765399227.07333,2025-12-10T20:40:27.073331+00:00
3926,1765399227.094184,2025-12-10T20:40:27.094186+00:00
3927,1765399227.115056,2025-12-10T20:40:27.115062+00:00
3928,1765399227.1324391,2025-12-10T20:40:27.132441+00:00
3929,1765399227.150315,2025-12-10T20:40:27.150321+00:00
3930,1765399227.1712132,2025-12-10T20:40:27.171215+00:00
3931,1765399227.1920729,2025-12-10T20:40:27.192079+00:00
3932,1765399227.208887,2025-12-10T20:40:27.208891+00:00
3933,1765399227.225804,2025-12-10T20:40:27.225806+00:00
3934,1765399227.246324,2025-12-10T20:40:27.246325+00:00
3935,1765399227.2671869,2025-12-10T20:40:27.267201+00:00
3936,1765399227.287316,2025-12-10T20:40:27.287319+00:00
3937,1765399227.305336,2025-12-10T20:40:27.305337+00:00
3938,1765399227.3261929,2025-12-10T20:40:27.326198+00:00
3939,1765399227.347073,2025-12-10T20:40:27.347074+00:00
3940,1765399227.3679318,2025-12-10T20:40:27.367937+00:00
3941,1765399227.388822,2025-12-10T20:40:27.388828+00:00
3942,1765399227.4079201,2025-12-10T20:40:27.407926+00:00
3943,1765399227.425211,2025-12-10T20:40:27.425216+00:00
3944,1765399227.442796,2025-12-10T20:40:27.442800+00:00
3945,1765399227.463669,2025-12-10T20:40:27.463670+00:00
3946,1765399227.484465,2025-12-10T20:40:27.484472+00:00
3947,1765399227.504886,2025-12-10T20:40:27.504894+00:00
3948,1765399227.52578,2025-12-10T20:40:27.525783+00:00
3949,1765399227.5466821,2025-12-10T20:40:27.546684+00:00
3950,1765399227.567542,2025-12-10T20:40:27.567544+00:00
3951,1765399227.588414,2025-12-10T20:40:27.588418+00:00
3952,1765399227.608285,2025-12-10T20:40:27.608287+00:00
3953,1765399227.629149,2025-12-10T20:40:27.629153+00:00
3954,1765399227.650023,2025-12-10T20:40:27.650024+00:00
3955,1765399227.670943,2025-12-10T20:40:27.670947+00:00
3956,1765399227.688622,2025-12-10T20:40:27.688627+00:00
3957,1765399227.709502,2025-12-10T20:40:27.709510+00:00
3958,1765399227.7304199,2025-12-10T20:40:27.730426+00:00
3959,1765399227.751316,2025-12-10T20:40:27.751320+00:00
3960,1765399227.772203,2025-12-10T20:40:27.772210+00:00
3961,1765399227.791408,2025-12-10T20:40:27.791412+00:00
3962,1765399227.8122811,2025-12-10T20:40:27.812285+00:00
3963,1765399227.833167,2025-12-10T20:40:27.833172+00:00
3964,1765399227.854056,2025-12-10T20:40:27.854061+00:00
3965,1765399227.874939,2025-12-10T20:40:27.874941+00:00
3966,1765399227.895827,2025-12-10T20:40:27.895837+00:00
3967,1765399227.916748,2025-12-10T20:40:27.916752+00:00
3968,1765399227.937613,2025-12-10T20:40:27.937614+00:00
3969,1765399227.9580748,2025-12-10T20:40:27.958113+00:00
3970,1765399227.978326,2025-12-10T20:40:27.978328+00:00
3971,1765399227.9952111,2025-12-10T20:40:27.995214+00:00
3972,1765399228.016073,2025-12-10T20:40:28.016076+00:00
3973,1765399228.0365272,2025-12-10T20:40:28.036536+00:00
3974,1765399228.057426,2025-12-10T20:40:28.057431+00:00
3975,1765399228.0757482,2025-12-10T20:40:28.075755+00:00
3976,1765399228.0968761,2025-12-10T20:40:28.096880+00:00
3977,1765399228.117752,2025-12-10T20:40:28.117757+00:00
3978,1765399228.138628,2025-12-10T20:40:28.138632+00:00
3979,1765399228.158536,2025-12-10T20:40:28.158540+00:00
3980,1765399228.179411,2025-12-10T20:40:28.179415+00:00
3981,1765399228.200284,2025-12-10T20:40:28.200285+00:00
3982,1765399228.221144,2025-12-10T20:40:28.221148+00:00
3983,1765399228.241517,2025-12-10T20:40:28.241520+00:00
3984,1765399228.258581,2025-12-10T20:40:28.258581+00:00
3985,1765399228.2770681,2025-12-10T20:40:28.277072+00:00
3986,1765399228.29702,2025-12-10T20:40:28.297022+00:00
3987,1765399228.316279,2025-12-10T20:40:28.316280+00:00
3988,1765399228.337136,2025-12-10T20:40:28.337138+00:00
3989,1765399228.3578439,2025-12-10T20:40:28.357856+00:00
3990,1765399228.377876,2025-12-10T20:40:28.377879+00:00
3991,1765399228.398744,2025-12-10T20:40:28.398745+00:00
3992,1765399228.417818,2025-12-10T20:40:28.417832+00:00
3993,1765399228.43871,2025-12-10T20:40:28.438718+00:00
3994,1765399228.45947,2025-12-10T20:40:28.459472+00:00
3995,1765399228.480342,2025-12-10T20:40:28.480344+00:00
3996,1765399228.500671,2025-12-10T20:40:28.500672+00:00
3997,1765399228.517811,2025-12-10T20:40:28.517825+00:00
3998,1765399228.5386932,2025-12-10T20:40:28.538694+00:00
3999,1765399228.558958,2025-12-10T20:40:28.558963+00:00
4000,1765399228.576224,2025-12-10T20:40:28.576228+00:00
4001,1765399228.59391,2025-12-10T20:40:28.593913+00:00
4002,1765399228.614229,2025-12-10T20:40:28.614238+00:00
4003,1765399228.63516,2025-12-10T20:40:28.635163+00:00
4004,1765399228.652034,2025-12-10T20:40:28.652037+00:00
4005,1765399228.67292,2025-12-10T20:40:28.672931+00:00
4006,1765399228.691644,2025-12-10T20:40:28.691649+00:00
4007,1765399228.7125309,2025-12-10T20:40:28.712536+00:00
4008,1765399228.731015,2025-12-10T20:40:28.731017+00:00
4009,1765399228.751872,2025-12-10T20:40:28.751882+00:00
4010,1765399228.769567,2025-12-10T20:40:28.769568+00:00
4011,1765399228.790465,2025-12-10T20:40:28.790473+00:00
4012,1765399228.808444,2025-12-10T20:40:28.808448+00:00
4013,1765399228.82668,2025-12-10T20:40:28.826686+00:00
4014,1765399228.84758,2025-12-10T20:40:28.847585+00:00
4015,1765399228.867858,2025-12-10T20:40:28.867868+00:00
4016,1765399228.888784,2025-12-10T20:40:28.888790+00:00
4017,1765399228.909672,2025-12-10T20:40:28.909675+00:00
4018,1765399228.930551,2025-12-10T20:40:28.930554+00:00
4019,1765399228.951157,2025-12-10T20:40:28.951161+00:00
4020,1765399228.972039,2025-12-10T20:40:28.972041+00:00
4021,1765399228.992807,2025-12-10T20:40:28.992809+00:00
4022,1765399229.013676,2025-12-10T20:40:29.013685+00:00
4023,1765399229.03404,2025-12-10T20:40:29.034046+00:00
4024,1765399229.054931,2025-12-10T20:40:29.054934+00:00
4025,1765399229.075804,2025-12-10T20:40:29.075809+00:00
4026,1765399229.096711,2025-12-10T20:40:29.096717+00:00
4027,1765399229.117069,2025-12-10T20:40:29.117071+00:00
4028,1765399229.137961,2025-12-10T20:40:29.137966+00:00
4029,1765399229.15762,2025-12-10T20:40:29.157627+00:00
4030,1765399229.1761532,2025-12-10T20:40:29.176155+00:00
4031,1765399229.194091,2025-12-10T20:40:29.194096+00:00
4032,1765399229.2150002,2025-12-10T20:40:29.215007+00:00
4033,1765399229.234408,2025-12-10T20:40:29.234415+00:00
4034,1765399229.2553039,2025-12-10T20:40:29.255310+00:00
4035,1765399229.2737532,2025-12-10T20:40:29.273755+00:00
4036,1765399229.291383,2025-12-10T20:40:29.291413+00:00
4037,1765399229.311927,2025-12-10T20:40:29.311932+00:00
4038,1765399229.3327959,2025-12-10T20:40:29.332799+00:00
4039,1765399229.349866,2025-12-10T20:40:29.349868+00:00
4040,1765399229.3677518,2025-12-10T20:40:29.367760+00:00
4041,1765399229.3880599,2025-12-10T20:40:29.388063+00:00
4042,1765399229.4089339,2025-12-10T20:40:29.408935+00:00
4043,1765399229.4297988,2025-12-10T20:40:29.429805+00:00
4044,1765399229.450243,2025-12-10T20:40:29.450246+00:00
4045,1765399229.469326,2025-12-10T20:40:29.469333+00:00
4046,1765399229.48875,2025-12-10T20:40:29.488754+00:00
4047,1765399229.507966,2025-12-10T20:40:29.507971+00:00
4048,1765399229.528672,2025-12-10T20:40:29.528678+00:00
4049,1765399229.546721,2025-12-10T20:40:29.546734+00:00
4050,1765399229.567639,2025-12-10T20:40:29.567644+00:00
4051,1765399229.588576,2025-12-10T20:40:29.588580+00:00
4052,1765399229.6094542,2025-12-10T20:40:29.609457+00:00
4053,1765399229.630319,2025-12-10T20:40:29.630320+00:00
4054,1765399229.6502101,2025-12-10T20:40:29.650213+00:00
4055,1765399229.667778,2025-12-10T20:40:29.667780+00:00
4056,1765399229.688734,2025-12-10T20:40:29.688737+00:00
4057,1765399229.7095838,2025-12-10T20:40:29.709587+00:00
4058,1765399229.7265139,2025-12-10T20:40:29.726515+00:00
4059,1765399229.747369,2025-12-10T20:40:29.747371+00:00
4060,1765399229.7677782,2025-12-10T20:40:29.767779+00:00
4061,1765399229.785287,2025-12-10T20:40:29.785287+00:00
4062,1765399229.806133,2025-12-10T20:40:29.806133+00:00
4063,1765399229.826987,2025-12-10T20:40:29.826990+00:00
4064,1765399229.8473039,2025-12-10T20:40:29.847309+00:00
4065,1765399229.867917,2025-12-10T20:40:29.867931+00:00
4066,1765399229.884856,2025-12-10T20:40:29.884859+00:00
4067,1765399229.901917,2025-12-10T20:40:29.901919+00:00
4068,1765399229.922792,2025-12-10T20:40:29.922800+00:00
4069,1765399229.943072,2025-12-10T20:40:29.943076+00:00
4070,1765399229.9639502,2025-12-10T20:40:29.963951+00:00
4071,1765399229.984473,2025-12-10T20:40:29.984474+00:00
4072,1765399230.00355,2025-12-10T20:40:30.003558+00:00
4073,1765399230.024469,2025-12-10T20:40:30.024478+00:00
4074,1765399230.042729,2025-12-10T20:40:30.042730+00:00
4075,1765399230.061407,2025-12-10T20:40:30.061408+00:00
4076,1765399230.082266,2025-12-10T20:40:30.082267+00:00
4077,1765399230.101183,2025-12-10T20:40:30.101184+00:00
4078,1765399230.122039,2025-12-10T20:40:30.122041+00:00
4079,1765399230.1429,2025-12-10T20:40:30.142901+00:00
4080,1765399230.1610959,2025-12-10T20:40:30.161098+00:00
4081,1765399230.18197,2025-12-10T20:40:30.181973+00:00
4082,1765399230.2027159,2025-12-10T20:40:30.202716+00:00
4083,1765399230.2212522,2025-12-10T20:40:30.221256+00:00
4084,1765399230.242142,2025-12-10T20:40:30.242145+00:00
4085,1765399230.259053,2025-12-10T20:40:30.259055+00:00
4086,1765399230.2799182,2025-12-10T20:40:30.279918+00:00
4087,1765399230.3007638,2025-12-10T20:40:30.300768+00:00
4088,1765399230.3216372,2025-12-10T20:40:30.321644+00:00
4089,1765399230.342263,2025-12-10T20:40:30.342266+00:00
4090,1765399230.363147,2025-12-10T20:40:30.363154+00:00
4091,1765399230.384047,2025-12-10T20:40:30.384053+00:00
4092,1765399230.404426,2025-12-10T20:40:30.404429+00:00
4093,1765399230.425289,2025-12-10T20:40:30.425290+00:00
4094,1765399230.446149,2025-12-10T20:40:30.446155+00:00
4095,1765399230.467049,2025-12-10T20:40:30.467052+00:00
4096,1765399230.4879098,2025-12-10T20:40:30.487912+00:00
4097,1765399230.507627,2025-12-10T20:40:30.507635+00:00
4098,1765399230.5249999,2025-12-10T20:40:30.525004+00:00
4099,1765399230.543287,2025-12-10T20:40:30.543291+00:00
4100,1765399230.564214,2025-12-10T20:40:30.564220+00:00
4101,1765399230.585095,2025-12-10T20:40:30.585101+00:00
4102,1765399230.605997,2025-12-10T20:40:30.606002+00:00
4103,1765399230.626626,2025-12-10T20:40:30.626631+00:00
4104,1765399230.6475022,2025-12-10T20:40:30.647503+00:00
4105,1765399230.667841,2025-12-10T20:40:30.667851+00:00
4106,1765399230.688729,2025-12-10T20:40:30.688736+00:00
4107,1765399230.7096121,2025-12-10T20:40:30.709615+00:00
4108,1765399230.730484,2025-12-10T20:40:30.730492+00:00
4109,1765399230.7482271,2025-12-10T20:40:30.748229+00:00
4110,1765399230.767458,2025-12-10T20:40:30.767472+00:00
4111,1765399230.785625,2025-12-10T20:40:30.785631+00:00
4112,1765399230.806497,2025-12-10T20:40:30.806500+00:00
4113,1765399230.825803,2025-12-10T20:40:30.825805+00:00
4114,1765399230.8466618,2025-12-10T20:40:30.846666+00:00
4115,1765399230.867487,2025-12-10T20:40:30.867491+00:00
4116,1765399230.884533,2025-12-10T20:40:30.884541+00:00
4117,1765399230.9037828,2025-12-10T20:40:30.903785+00:00
4118,1765399230.92175,2025-12-10T20:40:30.921758+00:00
4119,1765399230.939338,2025-12-10T20:40:30.939342+00:00
4120,1765399230.958946,2025-12-10T20:40:30.958948+00:00
4121,1765399230.979797,2025-12-10T20:40:30.979798+00:00
4122,1765399231.000552,2025-12-10T20:40:31.000558+00:00
4123,1765399231.0179179,2025-12-10T20:40:31.017924+00:00
4124,1765399231.037761,2025-12-10T20:40:31.037765+00:00
4125,1765399231.058652,2025-12-10T20:40:31.058656+00:00
4126,1765399231.076192,2025-12-10T20:40:31.076195+00:00
4127,1765399231.097059,2025-12-10T20:40:31.097062+00:00
4128,1765399231.117931,2025-12-10T20:40:31.117935+00:00
4129,1765399231.13879,2025-12-10T20:40:31.138792+00:00
4130,1765399231.1595142,2025-12-10T20:40:31.159515+00:00
4131,1765399231.180375,2025-12-10T20:40:31.180383+00:00
4132,1765399231.2006881,2025-12-10T20:40:31.200692+00:00
4133,1765399231.221565,2025-12-10T20:40:31.221567+00:00
4134,1765399231.242432,2025-12-10T20:40:31.242439+00:00
4135,1765399231.26332,2025-12-10T20:40:31.263321+00:00
4136,1765399231.283875,2025-12-10T20:40:31.283879+00:00
4137,1765399231.3006668,2025-12-10T20:40:31.300668+00:00
4138,1765399231.3197062,2025-12-10T20:40:31.319712+00:00
4139,1765399231.338241,2025-12-10T20:40:31.338243+00:00
4140,1765399231.3569658,2025-12-10T20:40:31.356975+00:00
4141,1765399231.376651,2025-12-10T20:40:31.376655+00:00
4142,1765399231.3935769,2025-12-10T20:40:31.393582+00:00
4143,1765399231.414463,2025-12-10T20:40:31.414466+00:00
4144,1765399231.435329,2025-12-10T20:40:31.435329+00:00
4145,1765399231.4561799,2025-12-10T20:40:31.456182+00:00
4146,1765399231.4741492,2025-12-10T20:40:31.474150+00:00
4147,1765399231.495011,2025-12-10T20:40:31.495019+00:00
4148,1765399231.515352,2025-12-10T20:40:31.515359+00:00
4149,1765399231.534535,2025-12-10T20:40:31.534538+00:00
4150,1765399231.555404,2025-12-10T20:40:31.555411+00:00
4151,1765399231.575265,2025-12-10T20:40:31.575268+00:00
4152,1765399231.592484,2025-12-10T20:40:31.592516+00:00
4153,1765399231.61323,2025-12-10T20:40:31.613233+00:00
4154,1765399231.6331468,2025-12-10T20:40:31.633152+00:00
4155,1765399231.650762,2025-12-10T20:40:31.650765+00:00
4156,1765399231.667501,2025-12-10T20:40:31.667516+00:00
4157,1765399231.686893,2025-12-10T20:40:31.686902+00:00
4158,1765399231.709035,2025-12-10T20:40:31.709043+00:00
4159,1765399231.748029,2025-12-10T20:40:31.748032+00:00
4160,1765399231.7673442,2025-12-10T20:40:31.767361+00:00
4161,1765399231.787102,2025-12-10T20:40:31.787106+00:00
4162,1765399231.80797,2025-12-10T20:40:31.807974+00:00
4163,1765399231.8287392,2025-12-10T20:40:31.828746+00:00
4164,1765399231.849632,2025-12-10T20:40:31.849634+00:00
4165,1765399231.867455,2025-12-10T20:40:31.867471+00:00
4166,1765399231.8883579,2025-12-10T20:40:31.888363+00:00
4167,1765399231.909006,2025-12-10T20:40:31.909009+00:00
4168,1765399231.929875,2025-12-10T20:40:31.929878+00:00
4169,1765399231.950594,2025-12-10T20:40:31.950600+00:00
4170,1765399231.9714718,2025-12-10T20:40:31.971475+00:00
4171,1765399231.992185,2025-12-10T20:40:31.992189+00:00
4172,1765399232.00933,2025-12-10T20:40:32.009333+00:00
4173,1765399232.027523,2025-12-10T20:40:32.027532+00:00
4174,1765399232.048178,2025-12-10T20:40:32.048187+00:00
4175,1765399232.067589,2025-12-10T20:40:32.067630+00:00
4176,1765399232.088537,2025-12-10T20:40:32.088544+00:00
4177,1765399232.1089559,2025-12-10T20:40:32.108960+00:00
4178,1765399232.129477,2025-12-10T20:40:32.129481+00:00
4179,1765399232.150486,2025-12-10T20:40:32.150487+00:00
4180,1765399232.1678789,2025-12-10T20:40:32.167882+00:00
4181,1765399232.188746,2025-12-10T20:40:32.188747+00:00
4182,1765399232.20704,2025-12-10T20:40:32.207042+00:00
4183,1765399232.2242298,2025-12-10T20:40:32.224232+00:00
4184,1765399232.242957,2025-12-10T20:40:32.242959+00:00
4185,1765399232.263818,2025-12-10T20:40:32.263819+00:00
4186,1765399232.284669,2025-12-10T20:40:32.284673+00:00
4187,1765399232.305542,2025-12-10T20:40:32.305543+00:00
4188,1765399232.3254862,2025-12-10T20:40:32.325488+00:00
4189,1765399232.345273,2025-12-10T20:40:32.345276+00:00
4190,1765399232.366379,2025-12-10T20:40:32.366386+00:00
4191,1765399232.3872828,2025-12-10T20:40:32.387286+00:00
4192,1765399232.408166,2025-12-10T20:40:32.408169+00:00
4193,1765399232.4290361,2025-12-10T20:40:32.429037+00:00
4194,1765399232.449881,2025-12-10T20:40:32.449882+00:00
4195,1765399232.470737,2025-12-10T20:40:32.470744+00:00
4196,1765399232.490931,2025-12-10T20:40:32.490934+00:00
4197,1765399232.5117939,2025-12-10T20:40:32.511798+00:00
4198,1765399232.529786,2025-12-10T20:40:32.529815+00:00
4199,1765399232.550698,2025-12-10T20:40:32.550705+00:00
4200,1765399232.567755,2025-12-10T20:40:32.567762+00:00
4201,1765399232.588643,2025-12-10T20:40:32.588648+00:00
4202,1765399232.6091259,2025-12-10T20:40:32.609130+00:00
4203,1765399232.630005,2025-12-10T20:40:32.630007+00:00
4204,1765399232.649237,2025-12-10T20:40:32.649240+00:00
4205,1765399232.667555,2025-12-10T20:40:32.667556+00:00
4206,1765399232.6885161,2025-12-10T20:40:32.688517+00:00
4207,1765399232.7094772,2025-12-10T20:40:32.709480+00:00
4208,1765399232.73134,2025-12-10T20:40:32.731351+00:00
4209,1765399232.752317,2025-12-10T20:40:32.752326+00:00
4210,1765399232.7711759,2025-12-10T20:40:32.771184+00:00
4211,1765399232.7918239,2025-12-10T20:40:32.791832+00:00
4212,1765399232.8122082,2025-12-10T20:40:32.812217+00:00
4213,1765399232.833119,2025-12-10T20:40:32.833141+00:00
4214,1765399232.853481,2025-12-10T20:40:32.853489+00:00
4215,1765399232.874922,2025-12-10T20:40:32.874926+00:00
4216,1765399232.8957922,2025-12-10T20:40:32.895795+00:00
4217,1765399232.917325,2025-12-10T20:40:32.917331+00:00
4218,1765399232.935343,2025-12-10T20:40:32.935346+00:00
4219,1765399232.9542122,2025-12-10T20:40:32.954216+00:00
4220,1765399232.975083,2025-12-10T20:40:32.975087+00:00
4221,1765399232.992955,2025-12-10T20:40:32.992962+00:00
4222,1765399233.0140722,2025-12-10T20:40:33.014079+00:00
4223,1765399233.033513,2025-12-10T20:40:33.033520+00:00
4224,1765399233.051005,2025-12-10T20:40:33.051012+00:00
4225,1765399233.071897,2025-12-10T20:40:33.071903+00:00
4226,1765399233.094971,2025-12-10T20:40:33.094979+00:00
4227,1765399233.1158662,2025-12-10T20:40:33.115873+00:00
4228,1765399233.136176,2025-12-10T20:40:33.136187+00:00
4229,1765399233.157098,2025-12-10T20:40:33.157105+00:00
4230,1765399233.175801,2025-12-10T20:40:33.175807+00:00
4231,1765399233.196683,2025-12-10T20:40:33.196685+00:00
4232,1765399233.216917,2025-12-10T20:40:33.216920+00:00
4233,1765399233.237783,2025-12-10T20:40:33.237786+00:00
4234,1765399233.2586792,2025-12-10T20:40:33.258687+00:00
4235,1765399233.278532,2025-12-10T20:40:33.278534+00:00
4236,1765399233.2989829,2025-12-10T20:40:33.298984+00:00
4237,1765399233.317413,2025-12-10T20:40:33.317414+00:00
4238,1765399233.338262,2025-12-10T20:40:33.338264+00:00
4239,1765399233.359117,2025-12-10T20:40:33.359120+00:00
4240,1765399233.3758268,2025-12-10T20:40:33.375832+00:00
4241,1765399233.3967218,2025-12-10T20:40:33.396729+00:00
4242,1765399233.4169621,2025-12-10T20:40:33.416966+00:00
4243,1765399233.435141,2025-12-10T20:40:33.435142+00:00
4244,1765399233.452061,2025-12-10T20:40:33.452064+00:00
4245,1765399233.47293,2025-12-10T20:40:33.472931+00:00
4246,1765399233.492608,2025-12-10T20:40:33.492609+00:00
4247,1765399233.513464,2025-12-10T20:40:33.513469+00:00
4248,1765399233.534047,2025-12-10T20:40:33.534060+00:00
4249,1765399233.554944,2025-12-10T20:40:33.554947+00:00
4250,1765399233.575827,2025-12-10T20:40:33.575832+00:00
4251,1765399233.5951638,2025-12-10T20:40:33.595168+00:00
4252,1765399233.6132622,2025-12-10T20:40:33.613265+00:00
4253,1765399233.6304488,2025-12-10T20:40:33.630455+00:00
4254,1765399233.6513312,2025-12-10T20:40:33.651332+00:00
4255,1765399233.672205,2025-12-10T20:40:33.672212+00:00
4256,1765399233.693115,2025-12-10T20:40:33.693121+00:00
4257,1765399233.7139971,2025-12-10T20:40:33.713999+00:00
4258,1765399233.7337549,2025-12-10T20:40:33.733761+00:00
4259,1765399233.751816,2025-12-10T20:40:33.751818+00:00
4260,1765399233.772672,2025-12-10T20:40:33.772673+00:00
4261,1765399233.792732,2025-12-10T20:40:33.792735+00:00
4262,1765399233.8135989,2025-12-10T20:40:33.813601+00:00
4263,1765399233.833139,2025-12-10T20:40:33.833147+00:00
4264,1765399233.85083,2025-12-10T20:40:33.850834+00:00
4265,1765399233.8717089,2025-12-10T20:40:33.871718+00:00
4266,1765399233.891187,2025-12-10T20:40:33.891195+00:00
4267,1765399233.9121,2025-12-10T20:40:33.912104+00:00
4268,1765399233.932983,2025-12-10T20:40:33.932990+00:00
4269,1765399233.9507608,2025-12-10T20:40:33.950763+00:00
4270,1765399233.97162,2025-12-10T20:40:33.971622+00:00
4271,1765399233.992372,2025-12-10T20:40:33.992374+00:00
4272,1765399234.013292,2025-12-10T20:40:34.013296+00:00
4273,1765399234.0341702,2025-12-10T20:40:34.034176+00:00
4274,1765399234.0550568,2025-12-10T20:40:34.055062+00:00
4275,1765399234.075938,2025-12-10T20:40:34.075940+00:00
4276,1765399234.094472,2025-12-10T20:40:34.094473+00:00
4277,1765399234.115327,2025-12-10T20:40:34.115329+00:00
4278,1765399234.136197,2025-12-10T20:40:34.136201+00:00
4279,1765399234.1559622,2025-12-10T20:40:34.155965+00:00
4280,1765399234.176245,2025-12-10T20:40:34.176248+00:00
4281,1765399234.197109,2025-12-10T20:40:34.197113+00:00
4282,1765399234.217473,2025-12-10T20:40:34.217477+00:00
4283,1765399234.2383559,2025-12-10T20:40:34.238358+00:00
4284,1765399234.259068,2025-12-10T20:40:34.259072+00:00
4285,1765399234.279937,2025-12-10T20:40:34.279940+00:00
4286,1765399234.3008032,2025-12-10T20:40:34.300804+00:00
4287,1765399234.321672,2025-12-10T20:40:34.321679+00:00
4288,1765399234.342273,2025-12-10T20:40:34.342277+00:00
4289,1765399234.3615649,2025-12-10T20:40:34.361569+00:00
4290,1765399234.3824399,2025-12-10T20:40:34.382443+00:00
4291,1765399234.403317,2025-12-10T20:40:34.403320+00:00
4292,1765399234.424181,2025-12-10T20:40:34.424182+00:00
4293,1765399234.445036,2025-12-10T20:40:34.445039+00:00
4294,1765399234.46276,2025-12-10T20:40:34.462765+00:00
4295,1765399234.48172,2025-12-10T20:40:34.481722+00:00
4296,1765399234.501195,2025-12-10T20:40:34.501196+00:00
4297,1765399234.5179389,2025-12-10T20:40:34.517945+00:00
4298,1765399234.538707,2025-12-10T20:40:34.538712+00:00
4299,1765399234.559079,2025-12-10T20:40:34.559082+00:00
4300,1765399234.579948,2025-12-10T20:40:34.579951+00:00
4301,1765399234.600811,2025-12-10T20:40:34.600816+00:00
4302,1765399234.621717,2025-12-10T20:40:34.621722+00:00
4303,1765399234.640552,2025-12-10T20:40:34.640560+00:00
4304,1765399234.6614609,2025-12-10T20:40:34.661468+00:00
4305,1765399234.681159,2025-12-10T20:40:34.681165+00:00
4306,1765399234.699074,2025-12-10T20:40:34.699082+00:00
4307,1765399234.7199821,2025-12-10T20:40:34.719983+00:00
4308,1765399234.740843,2025-12-10T20:40:34.740846+00:00
4309,1765399234.7600791,2025-12-10T20:40:34.760081+00:00
4310,1765399234.780942,2025-12-10T20:40:34.780947+00:00
4311,1765399234.8016179,2025-12-10T20:40:34.801620+00:00
4312,1765399234.821357,2025-12-10T20:40:34.821359+00:00
4313,1765399234.839767,2025-12-10T20:40:34.839767+00:00
4314,1765399234.8590322,2025-12-10T20:40:34.859037+00:00
4315,1765399234.876275,2025-12-10T20:40:34.876281+00:00
4316,1765399234.895226,2025-12-10T20:40:34.895232+00:00
4317,1765399234.91609,2025-12-10T20:40:34.916091+00:00
4318,1765399234.934599,2025-12-10T20:40:34.934600+00:00
4319,1765399234.955459,2025-12-10T20:40:34.955461+00:00
4320,1765399234.97632,2025-12-10T20:40:34.976321+00:00
4321,1765399234.993999,2025-12-10T20:40:34.994006+00:00
4322,1765399235.014213,2025-12-10T20:40:35.014216+00:00
4323,1765399235.034167,2025-12-10T20:40:35.034191+00:00
4324,1765399235.0550861,2025-12-10T20:40:35.055090+00:00
4325,1765399235.075983,2025-12-10T20:40:35.075991+00:00
4326,1765399235.096904,2025-12-10T20:40:35.096909+00:00
4327,1765399235.1177878,2025-12-10T20:40:35.117793+00:00
4328,1765399235.13869,2025-12-10T20:40:35.138695+00:00
4329,1765399235.1595562,2025-12-10T20:40:35.159558+00:00
4330,1765399235.180416,2025-12-10T20:40:35.180421+00:00
4331,1765399235.200573,2025-12-10T20:40:35.200576+00:00
4332,1765399235.2179918,2025-12-10T20:40:35.217993+00:00
4333,1765399235.23885,2025-12-10T20:40:35.238852+00:00
4334,1765399235.2597902,2025-12-10T20:40:35.259793+00:00
4335,1765399235.280659,2025-12-10T20:40:35.280664+00:00
4336,1765399235.3000908,2025-12-10T20:40:35.300094+00:00
4337,1765399235.320956,2025-12-10T20:40:35.320957+00:00
4338,1765399235.34181,2025-12-10T20:40:35.341815+00:00
4339,1765399235.362724,2025-12-10T20:40:35.362729+00:00
4340,1765399235.383612,2025-12-10T20:40:35.383614+00:00
4341,1765399235.404474,2025-12-10T20:40:35.404478+00:00
4342,1765399235.425367,2025-12-10T20:40:35.425373+00:00
4343,1765399235.443711,2025-12-10T20:40:35.443714+00:00
4344,1765399235.460778,2025-12-10T20:40:35.460787+00:00
4345,1765399235.480497,2025-12-10T20:40:35.480504+00:00
4346,1765399235.5024939,2025-12-10T20:40:35.502502+00:00
4347,1765399235.523394,2025-12-10T20:40:35.523399+00:00
4348,1765399235.542944,2025-12-10T20:40:35.542952+00:00
4349,1765399235.561111,2025-12-10T20:40:35.561118+00:00
4350,1765399235.5806148,2025-12-10T20:40:35.580626+00:00
4351,1765399235.601357,2025-12-10T20:40:35.601366+00:00
4352,1765399235.62228,2025-12-10T20:40:35.622284+00:00
4353,1765399235.64276,2025-12-10T20:40:35.642764+00:00
4354,1765399235.660704,2025-12-10T20:40:35.660709+00:00
4355,1765399235.6815958,2025-12-10T20:40:35.681600+00:00
4356,1765399235.701072,2025-12-10T20:40:35.701075+00:00
4357,1765399235.71893,2025-12-10T20:40:35.718936+00:00
4358,1765399235.7386189,2025-12-10T20:40:35.738620+00:00
4359,1765399235.7570062,2025-12-10T20:40:35.757007+00:00
4360,1765399235.773899,2025-12-10T20:40:35.773901+00:00
4361,1765399235.792609,2025-12-10T20:40:35.792610+00:00
4362,1765399235.8134558,2025-12-10T20:40:35.813457+00:00
4363,1765399235.834313,2025-12-10T20:40:35.834317+00:00
4364,1765399235.855187,2025-12-10T20:40:35.855196+00:00
4365,1765399235.875359,2025-12-10T20:40:35.875369+00:00
4366,1765399235.894851,2025-12-10T20:40:35.894854+00:00
4367,1765399235.9157178,2025-12-10T20:40:35.915721+00:00
4368,1765399235.934332,2025-12-10T20:40:35.934333+00:00
4369,1765399235.9530308,2025-12-10T20:40:35.953035+00:00
4370,1765399235.971274,2025-12-10T20:40:35.971284+00:00
4371,1765399235.990052,2025-12-10T20:40:35.990054+00:00
4372,1765399236.0096571,2025-12-10T20:40:36.009663+00:00
4373,1765399236.0305622,2025-12-10T20:40:36.030568+00:00
4374,1765399236.04971,2025-12-10T20:40:36.049714+00:00
4375,1765399236.067768,2025-12-10T20:40:36.067815+00:00
4376,1765399236.087519,2025-12-10T20:40:36.087529+00:00
4377,1765399236.1084192,2025-12-10T20:40:36.108421+00:00
4378,1765399236.12708,2025-12-10T20:40:36.127085+00:00
4379,1765399236.147965,2025-12-10T20:40:36.147966+00:00
4380,1765399236.167427,2025-12-10T20:40:36.167434+00:00
4381,1765399236.185502,2025-12-10T20:40:36.185508+00:00
4382,1765399236.205825,2025-12-10T20:40:36.205831+00:00
4383,1765399236.225389,2025-12-10T20:40:36.225393+00:00
4384,1765399236.243606,2025-12-10T20:40:36.243608+00:00
4385,1765399236.264,2025-12-10T20:40:36.264003+00:00
4386,1765399236.2845929,2025-12-10T20:40:36.284594+00:00
4387,1765399236.3016331,2025-12-10T20:40:36.301634+00:00
4388,1765399236.3205178,2025-12-10T20:40:36.320519+00:00
4389,1765399236.339169,2025-12-10T20:40:36.339175+00:00
4390,1765399236.360066,2025-12-10T20:40:36.360071+00:00
4391,1765399236.3809369,2025-12-10T20:40:36.380941+00:00
4392,1765399236.401367,2025-12-10T20:40:36.401370+00:00
4393,1765399236.4187222,2025-12-10T20:40:36.418725+00:00
4394,1765399236.436378,2025-12-10T20:40:36.436382+00:00
4395,1765399236.456087,2025-12-10T20:40:36.456089+00:00
4396,1765399236.476948,2025-12-10T20:40:36.476955+00:00
4397,1765399236.493988,2025-12-10T20:40:36.493990+00:00
4398,1765399236.514839,2025-12-10T20:40:36.514842+00:00
4399,1765399236.53464,2025-12-10T20:40:36.534641+00:00
4400,1765399236.555497,2025-12-10T20:40:36.555502+00:00
4401,1765399236.57638,2025-12-10T20:40:36.576387+00:00
4402,1765399236.5956,2025-12-10T20:40:36.595607+00:00
4403,1765399236.616496,2025-12-10T20:40:36.616499+00:00
4404,1765399236.634607,2025-12-10T20:40:36.634609+00:00
4405,1765399236.6554759,2025-12-10T20:40:36.655485+00:00
4406,1765399236.676267,2025-12-10T20:40:36.676269+00:00
4407,1765399236.693084,2025-12-10T20:40:36.693086+00:00
4408,1765399236.711364,2025-12-10T20:40:36.711365+00:00
4409,1765399236.730297,2025-12-10T20:40:36.730299+00:00
4410,1765399236.751168,2025-12-10T20:40:36.751169+00:00
4411,1765399236.772059,2025-12-10T20:40:36.772063+00:00
4412,1765399236.7921321,2025-12-10T20:40:36.792135+00:00
4413,1765399236.8130088,2025-12-10T20:40:36.813012+00:00
4414,1765399236.833875,2025-12-10T20:40:36.833875+00:00
4415,1765399236.852232,2025-12-10T20:40:36.852234+00:00
4416,1765399236.873087,2025-12-10T20:40:36.873090+00:00
4417,1765399236.892969,2025-12-10T20:40:36.892970+00:00
4418,1765399236.9138281,2025-12-10T20:40:36.913830+00:00
4419,1765399236.934637,2025-12-10T20:40:36.934639+00:00
4420,1765399236.954462,2025-12-10T20:40:36.954463+00:00
4421,1765399236.9726799,2025-12-10T20:40:36.972683+00:00
4422,1765399236.992703,2025-12-10T20:40:36.992708+00:00
4423,1765399237.0135949,2025-12-10T20:40:37.013600+00:00
4424,1765399237.031819,2025-12-10T20:40:37.031821+00:00
4425,1765399237.0515158,2025-12-10T20:40:37.051518+00:00
4426,1765399237.069824,2025-12-10T20:40:37.069828+00:00
4427,1765399237.0893812,2025-12-10T20:40:37.089384+00:00
4428,1765399237.110247,2025-12-10T20:40:37.110251+00:00
4429,1765399237.1311202,2025-12-10T20:40:37.131126+00:00
4430,1765399237.151093,2025-12-10T20:40:37.151096+00:00
4431,1765399237.171957,2025-12-10T20:40:37.171960+00:00
4432,1765399237.192833,2025-12-10T20:40:37.192839+00:00
4433,1765399237.213734,2025-12-10T20:40:37.213738+00:00
4434,1765399237.2343738,2025-12-10T20:40:37.234378+00:00
4435,1765399237.251534,2025-12-10T20:40:37.251538+00:00
4436,1765399237.2724102,2025-12-10T20:40:37.272414+00:00
4437,1765399237.292674,2025-12-10T20:40:37.292674+00:00
4438,1765399237.313518,2025-12-10T20:40:37.313519+00:00
4439,1765399237.334342,2025-12-10T20:40:37.334345+00:00
4440,1765399237.3536582,2025-12-10T20:40:37.353660+00:00
4441,1765399237.3737118,2025-12-10T20:40:37.373715+00:00
4442,1765399237.392662,2025-12-10T20:40:37.392666+00:00
4443,1765399237.409646,2025-12-10T20:40:37.409648+00:00
4444,1765399237.430538,2025-12-10T20:40:37.430543+00:00
4445,1765399237.450878,2025-12-10T20:40:37.450881+00:00
4446,1765399237.467608,2025-12-10T20:40:37.467612+00:00
4447,1765399237.488488,2025-12-10T20:40:37.488492+00:00
4448,1765399237.507997,2025-12-10T20:40:37.508017+00:00
4449,1765399237.5280662,2025-12-10T20:40:37.528073+00:00
4450,1765399237.54864,2025-12-10T20:40:37.548654+00:00
4451,1765399237.569553,2025-12-10T20:40:37.569557+00:00
4452,1765399237.589814,2025-12-10T20:40:37.589818+00:00
4453,1765399237.6102269,2025-12-10T20:40:37.610229+00:00
4454,1765399237.631093,2025-12-10T20:40:37.631099+00:00
4455,1765399237.652085,2025-12-10T20:40:37.652090+00:00
4456,1765399237.672958,2025-12-10T20:40:37.672961+00:00
4457,1765399237.68974,2025-12-10T20:40:37.689743+00:00
4458,1765399237.7088661,2025-12-10T20:40:37.708899+00:00
4459,1765399237.726109,2025-12-10T20:40:37.726113+00:00
4460,1765399237.74699,2025-12-10T20:40:37.746990+00:00
4461,1765399237.767748,2025-12-10T20:40:37.767750+00:00
4462,1765399237.78862,2025-12-10T20:40:37.788621+00:00
4463,1765399237.809389,2025-12-10T20:40:37.809392+00:00
4464,1765399237.8261461,2025-12-10T20:40:37.826146+00:00
4465,1765399237.846999,2025-12-10T20:40:37.847001+00:00
4466,1765399237.867865,2025-12-10T20:40:37.867874+00:00
4467,1765399237.885785,2025-12-10T20:40:37.885801+00:00
4468,1765399237.906694,2025-12-10T20:40:37.906696+00:00
4469,1765399237.926496,2025-12-10T20:40:37.926499+00:00
4470,1765399237.947351,2025-12-10T20:40:37.947352+00:00
4471,1765399237.9681962,2025-12-10T20:40:37.968197+00:00
4472,1765399237.986799,2025-12-10T20:40:37.986802+00:00
4473,1765399238.007684,2025-12-10T20:40:38.007691+00:00
4474,1765399238.026078,2025-12-10T20:40:38.026083+00:00
4475,1765399238.046962,2025-12-10T20:40:38.046965+00:00
4476,1765399238.067723,2025-12-10T20:40:38.067729+00:00
4477,1765399238.084552,2025-12-10T20:40:38.084558+00:00
4478,1765399238.1013298,2025-12-10T20:40:38.101343+00:00
4479,1765399238.118529,2025-12-10T20:40:38.118536+00:00
4480,1765399238.139426,2025-12-10T20:40:38.139428+00:00
4481,1765399238.1602821,2025-12-10T20:40:38.160284+00:00
4482,1765399238.181141,2025-12-10T20:40:38.181143+00:00
4483,1765399238.2020009,2025-12-10T20:40:38.202002+00:00
4484,1765399238.222848,2025-12-10T20:40:38.222850+00:00
4485,1765399238.2437031,2025-12-10T20:40:38.243707+00:00
4486,1765399238.264575,2025-12-10T20:40:38.264578+00:00
4487,1765399238.285438,2025-12-10T20:40:38.285438+00:00
4488,1765399238.304738,2025-12-10T20:40:38.304739+00:00
4489,1765399238.325598,2025-12-10T20:40:38.325600+00:00
4490,1765399238.346466,2025-12-10T20:40:38.346472+00:00
4491,1765399238.367096,2025-12-10T20:40:38.367106+00:00
4492,1765399238.3872828,2025-12-10T20:40:38.387290+00:00
4493,1765399238.4069812,2025-12-10T20:40:38.406984+00:00
4494,1765399238.427912,2025-12-10T20:40:38.427919+00:00
4495,1765399238.446253,2025-12-10T20:40:38.446256+00:00
4496,1765399238.467125,2025-12-10T20:40:38.467131+00:00
4497,1765399238.487989,2025-12-10T20:40:38.487992+00:00
4498,1765399238.508867,2025-12-10T20:40:38.508872+00:00
4499,1765399238.529753,2025-12-10T20:40:38.529756+00:00
4500,1765399238.54954,2025-12-10T20:40:38.549546+00:00
4501,1765399238.5676548,2025-12-10T20:40:38.567658+00:00
4502,1765399238.584915,2025-12-10T20:40:38.584918+00:00
4503,1765399238.605771,2025-12-10T20:40:38.605773+00:00
4504,1765399238.622476,2025-12-10T20:40:38.622479+00:00
4505,1765399238.642761,2025-12-10T20:40:38.642762+00:00
4506,1765399238.65954,2025-12-10T20:40:38.659542+00:00
4507,1765399238.678901,2025-12-10T20:40:38.678902+00:00
4508,1765399238.699754,2025-12-10T20:40:38.699758+00:00
4509,1765399238.717921,2025-12-10T20:40:38.717939+00:00
4510,1765399238.738824,2025-12-10T20:40:38.738830+00:00
4511,1765399238.759524,2025-12-10T20:40:38.759525+00:00
4512,1765399238.7803771,2025-12-10T20:40:38.780378+00:00
4513,1765399238.8012428,2025-12-10T20:40:38.801248+00:00
4514,1765399238.822127,2025-12-10T20:40:38.822133+00:00
4515,1765399238.8428102,2025-12-10T20:40:38.842814+00:00
4516,1765399238.86251,2025-12-10T20:40:38.862516+00:00
4517,1765399238.883401,2025-12-10T20:40:38.883407+00:00
4518,1765399238.9011729,2025-12-10T20:40:38.901179+00:00
4519,1765399238.921398,2025-12-10T20:40:38.921405+00:00
4520,1765399238.938844,2025-12-10T20:40:38.938849+00:00
4521,1765399238.959488,2025-12-10T20:40:38.959494+00:00
4522,1765399238.980391,2025-12-10T20:40:38.980395+00:00
4523,1765399239.0012858,2025-12-10T20:40:39.001290+00:00
4524,1765399239.022145,2025-12-10T20:40:39.022146+00:00
4525,1765399239.042799,2025-12-10T20:40:39.042801+00:00
4526,1765399239.0636532,2025-12-10T20:40:39.063654+00:00
4527,1765399239.084518,2025-12-10T20:40:39.084525+00:00
4528,1765399239.105424,2025-12-10T20:40:39.105431+00:00
4529,1765399239.125462,2025-12-10T20:40:39.125470+00:00
4530,1765399239.142897,2025-12-10T20:40:39.142899+00:00
4531,1765399239.163768,2025-12-10T20:40:39.163770+00:00
4532,1765399239.180724,2025-12-10T20:40:39.180730+00:00
4533,1765399239.2016242,2025-12-10T20:40:39.201631+00:00
4534,1765399239.222529,2025-12-10T20:40:39.222534+00:00
4535,1765399239.24097,2025-12-10T20:40:39.240979+00:00
4536,1765399239.259846,2025-12-10T20:40:39.259849+00:00
4537,1765399239.2766988,2025-12-10T20:40:39.276704+00:00
4538,1765399239.297597,2025-12-10T20:40:39.297601+00:00
4539,1765399239.316322,2025-12-10T20:40:39.316325+00:00
4540,1765399239.337196,2025-12-10T20:40:39.337198+00:00
4541,1765399239.358062,2025-12-10T20:40:39.358065+00:00
4542,1765399239.3763762,2025-12-10T20:40:39.376379+00:00
4543,1765399239.397238,2025-12-10T20:40:39.397239+00:00
4544,1765399239.416595,2025-12-10T20:40:39.416603+00:00
4545,1765399239.434686,2025-12-10T20:40:39.434689+00:00
4546,1765399239.454138,2025-12-10T20:40:39.454141+00:00
4547,1765399239.471039,2025-12-10T20:40:39.471046+00:00
4548,1765399239.490653,2025-12-10T20:40:39.490663+00:00
4549,1765399239.509818,2025-12-10T20:40:39.509825+00:00
4550,1765399239.530744,2025-12-10T20:40:39.530752+00:00
4551,1765399239.547565,2025-12-10T20:40:39.547570+00:00
4552,1765399239.565197,2025-12-10T20:40:39.565199+00:00
4553,1765399239.5831192,2025-12-10T20:40:39.583127+00:00
4554,1765399239.604039,2025-12-10T20:40:39.604043+00:00
4555,1765399239.620956,2025-12-10T20:40:39.620960+00:00
4556,1765399239.639881,2025-12-10T20:40:39.639885+00:00
4557,1765399239.659703,2025-12-10T20:40:39.659704+00:00
4558,1765399239.680555,2025-12-10T20:40:39.680557+00:00
4559,1765399239.701366,2025-12-10T20:40:39.701369+00:00
4560,1765399239.7222269,2025-12-10T20:40:39.722231+00:00
4561,1765399239.743107,2025-12-10T20:40:39.743109+00:00
4562,1765399239.763968,2025-12-10T20:40:39.763970+00:00
4563,1765399239.784052,2025-12-10T20:40:39.784053+00:00
4564,1765399239.8012109,2025-12-10T20:40:39.801218+00:00
4565,1765399239.822125,2025-12-10T20:40:39.822131+00:00
4566,1765399239.843009,2025-12-10T20:40:39.843012+00:00
4567,1765399239.860806,2025-12-10T20:40:39.860813+00:00
4568,1765399239.881707,2025-12-10T20:40:39.881711+00:00
4569,1765399239.901172,2025-12-10T20:40:39.901174+00:00
4570,1765399239.922034,2025-12-10T20:40:39.922037+00:00
4571,1765399239.942824,2025-12-10T20:40:39.942827+00:00
4572,1765399239.9636931,2025-12-10T20:40:39.963694+00:00
4573,1765399239.9868212,2025-12-10T20:40:39.986824+00:00
4574,1765399240.009275,2025-12-10T20:40:40.009280+00:00
4575,1765399240.0267,2025-12-10T20:40:40.026709+00:00
4576,1765399240.087712,2025-12-10T20:40:40.087719+00:00
4577,1765399240.106246,2025-12-10T20:40:40.106254+00:00
4578,1765399240.1265879,2025-12-10T20:40:40.126596+00:00
4579,1765399240.146785,2025-12-10T20:40:40.146791+00:00
4580,1765399240.177907,2025-12-10T20:40:40.177915+00:00
4581,1765399240.196346,2025-12-10T20:40:40.196356+00:00
4582,1765399240.216395,2025-12-10T20:40:40.216404+00:00
4583,1765399240.2345679,2025-12-10T20:40:40.234572+00:00
4584,1765399240.2554398,2025-12-10T20:40:40.255445+00:00
4585,1765399240.273303,2025-12-10T20:40:40.273307+00:00
4586,1765399240.294177,2025-12-10T20:40:40.294180+00:00
4587,1765399240.315052,2025-12-10T20:40:40.315062+00:00
4588,1765399240.334712,2025-12-10T20:40:40.334728+00:00
4589,1765399240.3527648,2025-12-10T20:40:40.352766+00:00
4590,1765399240.373638,2025-12-10T20:40:40.373646+00:00
4591,1765399240.393732,2025-12-10T20:40:40.393741+00:00
4592,1765399240.414616,2025-12-10T20:40:40.414617+00:00
4593,1765399240.4329228,2025-12-10T20:40:40.432927+00:00
4594,1765399240.453803,2025-12-10T20:40:40.453807+00:00
4595,1765399240.4705322,2025-12-10T20:40:40.470538+00:00
4596,1765399240.491416,2025-12-10T20:40:40.491421+00:00
4597,1765399240.509706,2025-12-10T20:40:40.509731+00:00
4598,1765399240.526753,2025-12-10T20:40:40.526757+00:00
4599,1765399240.547644,2025-12-10T20:40:40.547648+00:00
4600,1765399240.5685198,2025-12-10T20:40:40.568524+00:00
4601,1765399240.589386,2025-12-10T20:40:40.589391+00:00
4602,1765399240.61027,2025-12-10T20:40:40.610277+00:00
4603,1765399240.631159,2025-12-10T20:40:40.631168+00:00
4604,1765399240.648326,2025-12-10T20:40:40.648335+00:00
4605,1765399240.6681302,2025-12-10T20:40:40.668136+00:00
4606,1765399240.689026,2025-12-10T20:40:40.689031+00:00
4607,1765399240.709174,2025-12-10T20:40:40.709179+00:00
4608,1765399240.730054,2025-12-10T20:40:40.730057+00:00
4609,1765399240.750931,2025-12-10T20:40:40.750945+00:00
4610,1765399240.771829,2025-12-10T20:40:40.771832+00:00
4611,1765399240.79269,2025-12-10T20:40:40.792693+00:00
4612,1765399240.812462,2025-12-10T20:40:40.812469+00:00
4613,1765399240.833386,2025-12-10T20:40:40.833399+00:00
4614,1765399240.854306,2025-12-10T20:40:40.854310+00:00
4615,1765399240.8734028,2025-12-10T20:40:40.873408+00:00
4616,1765399240.890686,2025-12-10T20:40:40.890688+00:00
4617,1765399240.910492,2025-12-10T20:40:40.910499+00:00
4618,1765399240.929051,2025-12-10T20:40:40.929056+00:00
4619,1765399240.948767,2025-12-10T20:40:40.948772+00:00
4620,1765399240.965834,2025-12-10T20:40:40.965841+00:00
4621,1765399240.986732,2025-12-10T20:40:40.986738+00:00
4622,1765399241.0078678,2025-12-10T20:40:41.007872+00:00
4623,1765399241.026326,2025-12-10T20:40:41.026331+00:00
4624,1765399241.0463,2025-12-10T20:40:41.046309+00:00
4625,1765399241.064257,2025-12-10T20:40:41.064261+00:00
4626,1765399241.0851269,2025-12-10T20:40:41.085128+00:00
4627,1765399241.105315,2025-12-10T20:40:41.105316+00:00
4628,1765399241.124793,2025-12-10T20:40:41.124800+00:00
4629,1765399241.142967,2025-12-10T20:40:41.142969+00:00
4630,1765399241.162142,2025-12-10T20:40:41.162150+00:00
4631,1765399241.1830342,2025-12-10T20:40:41.183035+00:00
4632,1765399241.201647,2025-12-10T20:40:41.201650+00:00
4633,1765399241.219757,2025-12-10T20:40:41.219759+00:00
4634,1765399241.239129,2025-12-10T20:40:41.239131+00:00
4635,1765399241.259996,2025-12-10T20:40:41.259998+00:00
4636,1765399241.280861,2025-12-10T20:40:41.280867+00:00
4637,1765399241.301574,2025-12-10T20:40:41.301581+00:00
4638,1765399241.319723,2025-12-10T20:40:41.319726+00:00
4639,1765399241.338523,2025-12-10T20:40:41.338527+00:00
4640,1765399241.359245,2025-12-10T20:40:41.359248+00:00
4641,1765399241.37903,2025-12-10T20:40:41.379035+00:00
4642,1765399241.3968241,2025-12-10T20:40:41.396828+00:00
4643,1765399241.417705,2025-12-10T20:40:41.417707+00:00
4644,1765399241.434726,2025-12-10T20:40:41.434727+00:00
4645,1765399241.4552891,2025-12-10T20:40:41.455293+00:00
4646,1765399241.476192,2025-12-10T20:40:41.476194+00:00
4647,1765399241.4942698,2025-12-10T20:40:41.494273+00:00
4648,1765399241.515133,2025-12-10T20:40:41.515140+00:00
4649,1765399241.534197,2025-12-10T20:40:41.534203+00:00
4650,1765399241.551258,2025-12-10T20:40:41.551260+00:00
4651,1765399241.572124,2025-12-10T20:40:41.572126+00:00
4652,1765399241.59292,2025-12-10T20:40:41.592923+00:00
4653,1765399241.609757,2025-12-10T20:40:41.609761+00:00
4654,1765399241.630625,2025-12-10T20:40:41.630628+00:00
4655,1765399241.651391,2025-12-10T20:40:41.651395+00:00
4656,1765399241.6722739,2025-12-10T20:40:41.672277+00:00
4657,1765399241.693066,2025-12-10T20:40:41.693069+00:00
4658,1765399241.713948,2025-12-10T20:40:41.713958+00:00
4659,1765399241.7315671,2025-12-10T20:40:41.731569+00:00
4660,1765399241.75131,2025-12-10T20:40:41.751313+00:00
4661,1765399241.7721999,2025-12-10T20:40:41.772206+00:00
4662,1765399241.793094,2025-12-10T20:40:41.793097+00:00
4663,1765399241.81083,2025-12-10T20:40:41.810836+00:00
4664,1765399241.828081,2025-12-10T20:40:41.828083+00:00
4665,1765399241.847262,2025-12-10T20:40:41.847264+00:00
4666,1765399241.8669078,2025-12-10T20:40:41.866918+00:00
4667,1765399241.8846211,2025-12-10T20:40:41.884629+00:00
4668,1765399241.90178,2025-12-10T20:40:41.901781+00:00
4669,1765399241.922647,2025-12-10T20:40:41.922655+00:00
4670,1765399241.943551,2025-12-10T20:40:41.943555+00:00
4671,1765399241.961619,2025-12-10T20:40:41.961625+00:00
4672,1765399241.980053,2025-12-10T20:40:41.980057+00:00
4673,1765399241.999875,2025-12-10T20:40:41.999884+00:00
4674,1765399242.018116,2025-12-10T20:40:42.018122+00:00
4675,1765399242.039005,2025-12-10T20:40:42.039010+00:00
4676,1765399242.059625,2025-12-10T20:40:42.059627+00:00
4677,1765399242.078748,2025-12-10T20:40:42.078752+00:00
4678,1765399242.0996292,2025-12-10T20:40:42.099630+00:00
4679,1765399242.1191711,2025-12-10T20:40:42.119179+00:00
4680,1765399242.1379662,2025-12-10T20:40:42.137969+00:00
4681,1765399242.1588311,2025-12-10T20:40:42.158835+00:00
4682,1765399242.1797152,2025-12-10T20:40:42.179722+00:00
4683,1765399242.200622,2025-12-10T20:40:42.200625+00:00
4684,1765399242.218236,2025-12-10T20:40:42.218241+00:00
4685,1765399242.237762,2025-12-10T20:40:42.237764+00:00
4686,1765399242.258622,2025-12-10T20:40:42.258624+00:00
4687,1765399242.276314,2025-12-10T20:40:42.276319+00:00
4688,1765399242.297208,2025-12-10T20:40:42.297211+00:00
4689,1765399242.318083,2025-12-10T20:40:42.318089+00:00
4690,1765399242.337145,2025-12-10T20:40:42.337147+00:00
4691,1765399242.353878,2025-12-10T20:40:42.353880+00:00
4692,1765399242.371299,2025-12-10T20:40:42.371303+00:00
4693,1765399242.3921258,2025-12-10T20:40:42.392128+00:00
4694,1765399242.413002,2025-12-10T20:40:42.413009+00:00
4695,1765399242.433045,2025-12-10T20:40:42.433048+00:00
4696,1765399242.452113,2025-12-10T20:40:42.452115+00:00
4697,1765399242.471623,2025-12-10T20:40:42.471628+00:00
4698,1765399242.492508,2025-12-10T20:40:42.492510+00:00
4699,1765399242.509641,2025-12-10T20:40:42.509643+00:00
4700,1765399242.530507,2025-12-10T20:40:42.530510+00:00
4701,1765399242.5513852,2025-12-10T20:40:42.551388+00:00
4702,1765399242.572255,2025-12-10T20:40:42.572263+00:00
4703,1765399242.590498,2025-12-10T20:40:42.590499+00:00
4704,1765399242.609764,2025-12-10T20:40:42.609766+00:00
4705,1765399242.627785,2025-12-10T20:40:42.627790+00:00
4706,1765399242.6486511,2025-12-10T20:40:42.648653+00:00
4707,1765399242.669506,2025-12-10T20:40:42.669507+00:00
4708,1765399242.690355,2025-12-10T20:40:42.690357+00:00
4709,1765399242.709954,2025-12-10T20:40:42.709964+00:00
4710,1765399242.730964,2025-12-10T20:40:42.730971+00:00
4711,1765399242.74845,2025-12-10T20:40:42.748454+00:00
4712,1765399242.768018,2025-12-10T20:40:42.768024+00:00
4713,1765399242.787694,2025-12-10T20:40:42.787697+00:00
4714,1765399242.805307,2025-12-10T20:40:42.805311+00:00
4715,1765399242.823547,2025-12-10T20:40:42.823698+00:00
4716,1765399242.8438752,2025-12-10T20:40:42.843880+00:00
4717,1765399242.865162,2025-12-10T20:40:42.865166+00:00
4718,1765399242.885059,2025-12-10T20:40:42.885079+00:00
4719,1765399242.905549,2025-12-10T20:40:42.905557+00:00
4720,1765399242.926482,2025-12-10T20:40:42.926494+00:00
4721,1765399242.947401,2025-12-10T20:40:42.947406+00:00
4722,1765399242.968292,2025-12-10T20:40:42.968299+00:00
4723,1765399242.9877691,2025-12-10T20:40:42.987773+00:00
4724,1765399243.005336,2025-12-10T20:40:43.005344+00:00
4725,1765399243.02624,2025-12-10T20:40:43.026264+00:00
4726,1765399243.047161,2025-12-10T20:40:43.047164+00:00
4727,1765399243.068037,2025-12-10T20:40:43.068042+00:00
4728,1765399243.084883,2025-12-10T20:40:43.084888+00:00
4729,1765399243.105768,2025-12-10T20:40:43.105771+00:00
4730,1765399243.126451,2025-12-10T20:40:43.126460+00:00
4731,1765399243.1448011,2025-12-10T20:40:43.144810+00:00
4732,1765399243.163509,2025-12-10T20:40:43.163512+00:00
4733,1765399243.183815,2025-12-10T20:40:43.183819+00:00
4734,1765399243.2046819,2025-12-10T20:40:43.204685+00:00
4735,1765399243.222284,2025-12-10T20:40:43.222289+00:00
4736,1765399243.243084,2025-12-10T20:40:43.243086+00:00
4737,1765399243.259829,2025-12-10T20:40:43.259830+00:00
4738,1765399243.280685,2025-12-10T20:40:43.280687+00:00
4739,1765399243.301426,2025-12-10T20:40:43.301429+00:00
4740,1765399243.322303,2025-12-10T20:40:43.322307+00:00
4741,1765399243.343094,2025-12-10T20:40:43.343096+00:00
4742,1765399243.3639529,2025-12-10T20:40:43.363957+00:00
4743,1765399243.384823,2025-12-10T20:40:43.384828+00:00
4744,1765399243.4051998,2025-12-10T20:40:43.405205+00:00
4745,1765399243.422273,2025-12-10T20:40:43.422279+00:00
4746,1765399243.443191,2025-12-10T20:40:43.443209+00:00
4747,1765399243.4640908,2025-12-10T20:40:43.464094+00:00
4748,1765399243.4847791,2025-12-10T20:40:43.484808+00:00
4749,1765399243.505186,2025-12-10T20:40:43.505190+00:00
4750,1765399243.5234492,2025-12-10T20:40:43.523455+00:00
4751,1765399243.5431192,2025-12-10T20:40:43.543122+00:00
4752,1765399243.563377,2025-12-10T20:40:43.563378+00:00
4753,1765399243.584228,2025-12-10T20:40:43.584230+00:00
4754,1765399243.602405,2025-12-10T20:40:43.602409+00:00
4755,1765399243.621875,2025-12-10T20:40:43.621878+00:00
4756,1765399243.642959,2025-12-10T20:40:43.642965+00:00
4757,1765399243.663863,2025-12-10T20:40:43.663868+00:00
4758,1765399243.6845388,2025-12-10T20:40:43.684552+00:00
4759,1765399243.701451,2025-12-10T20:40:43.701453+00:00
4760,1765399243.720929,2025-12-10T20:40:43.720935+00:00
4761,1765399243.738793,2025-12-10T20:40:43.738794+00:00
4762,1765399243.7596438,2025-12-10T20:40:43.759645+00:00
4763,1765399243.7799308,2025-12-10T20:40:43.779932+00:00
4764,1765399243.8010151,2025-12-10T20:40:43.801019+00:00
4765,1765399243.822988,2025-12-10T20:40:43.822994+00:00
4766,1765399243.8439412,2025-12-10T20:40:43.843949+00:00
4767,1765399243.863561,2025-12-10T20:40:43.863571+00:00
4768,1765399243.882329,2025-12-10T20:40:43.882332+00:00
4769,1765399243.901438,2025-12-10T20:40:43.901441+00:00
4770,1765399243.9219398,2025-12-10T20:40:43.921943+00:00
4771,1765399243.9395359,2025-12-10T20:40:43.939539+00:00
4772,1765399243.959775,2025-12-10T20:40:43.959776+00:00
4773,1765399243.980884,2025-12-10T20:40:43.980892+00:00
4774,1765399244.0017762,2025-12-10T20:40:44.001779+00:00
4775,1765399244.022274,2025-12-10T20:40:44.022280+00:00
4776,1765399244.04305,2025-12-10T20:40:44.043051+00:00
4777,1765399244.063974,2025-12-10T20:40:44.063976+00:00
4778,1765399244.084803,2025-12-10T20:40:44.084804+00:00
4779,1765399244.105663,2025-12-10T20:40:44.105668+00:00
4780,1765399244.126393,2025-12-10T20:40:44.126400+00:00
4781,1765399244.147295,2025-12-10T20:40:44.147300+00:00
4782,1765399244.168051,2025-12-10T20:40:44.168058+00:00
4783,1765399244.1889122,2025-12-10T20:40:44.188918+00:00
4784,1765399244.2058508,2025-12-10T20:40:44.205857+00:00
4785,1765399244.2263858,2025-12-10T20:40:44.226394+00:00
4786,1765399244.244684,2025-12-10T20:40:44.244689+00:00
4787,1765399244.265193,2025-12-10T20:40:44.265196+00:00
4788,1765399244.28396,2025-12-10T20:40:44.283964+00:00
4789,1765399244.3014731,2025-12-10T20:40:44.301479+00:00
4790,1765399244.319963,2025-12-10T20:40:44.319964+00:00
4791,1765399244.340815,2025-12-10T20:40:44.340817+00:00
4792,1765399244.3597848,2025-12-10T20:40:44.359792+00:00
4793,1765399244.37969,2025-12-10T20:40:44.379696+00:00
4794,1765399244.397869,2025-12-10T20:40:44.397871+00:00
4795,1765399244.415512,2025-12-10T20:40:44.415516+00:00
4796,1765399244.433364,2025-12-10T20:40:44.433365+00:00
4797,1765399244.4514549,2025-12-10T20:40:44.451456+00:00
4798,1765399244.472312,2025-12-10T20:40:44.472314+00:00
4799,1765399244.493137,2025-12-10T20:40:44.493138+00:00
4800,1765399244.510838,2025-12-10T20:40:44.510842+00:00
4801,1765399244.531709,2025-12-10T20:40:44.531713+00:00
4802,1765399244.551384,2025-12-10T20:40:44.551389+00:00
4803,1765399244.5683048,2025-12-10T20:40:44.568307+00:00
4804,1765399244.588195,2025-12-10T20:40:44.588198+00:00
4805,1765399244.607994,2025-12-10T20:40:44.607999+00:00
4806,1765399244.6265862,2025-12-10T20:40:44.626591+00:00
4807,1765399244.6474729,2025-12-10T20:40:44.647479+00:00
4808,1765399244.668097,2025-12-10T20:40:44.668105+00:00
4809,1765399244.68901,2025-12-10T20:40:44.689015+00:00
4810,1765399244.709741,2025-12-10T20:40:44.709745+00:00
4811,1765399244.730603,2025-12-10T20:40:44.730605+00:00
4812,1765399244.751452,2025-12-10T20:40:44.751454+00:00
4813,1765399244.772306,2025-12-10T20:40:44.772306+00:00
4814,1765399244.793152,2025-12-10T20:40:44.793153+00:00
4815,1765399244.814008,2025-12-10T20:40:44.814010+00:00
4816,1765399244.8347259,2025-12-10T20:40:44.834729+00:00
4817,1765399244.853028,2025-12-10T20:40:44.853034+00:00
4818,1765399244.87136,2025-12-10T20:40:44.871365+00:00
4819,1765399244.892235,2025-12-10T20:40:44.892237+00:00
4820,1765399244.911645,2025-12-10T20:40:44.911649+00:00
4821,1765399244.932537,2025-12-10T20:40:44.932540+00:00
4822,1765399244.953388,2025-12-10T20:40:44.953389+00:00
4823,1765399244.97071,2025-12-10T20:40:44.970715+00:00
4824,1765399244.99157,2025-12-10T20:40:44.991574+00:00
4825,1765399245.012449,2025-12-10T20:40:45.012452+00:00
4826,1765399245.0358348,2025-12-10T20:40:45.035837+00:00
4827,1765399245.0567,2025-12-10T20:40:45.056706+00:00
4828,1765399245.077595,2025-12-10T20:40:45.077602+00:00
4829,1765399245.098502,2025-12-10T20:40:45.098505+00:00
4830,1765399245.1181061,2025-12-10T20:40:45.118112+00:00
4831,1765399245.1390169,2025-12-10T20:40:45.139021+00:00
4832,1765399245.159824,2025-12-10T20:40:45.159830+00:00
4833,1765399245.180692,2025-12-10T20:40:45.180694+00:00
4834,1765399245.201359,2025-12-10T20:40:45.201366+00:00
4835,1765399245.2222579,2025-12-10T20:40:45.222261+00:00
4836,1765399245.2393322,2025-12-10T20:40:45.239334+00:00
4837,1765399245.259733,2025-12-10T20:40:45.259734+00:00
4838,1765399245.2805882,2025-12-10T20:40:45.280592+00:00
4839,1765399245.298549,2025-12-10T20:40:45.298551+00:00
4840,1765399245.319398,2025-12-10T20:40:45.319400+00:00
4841,1765399245.340257,2025-12-10T20:40:45.340262+00:00
4842,1765399245.361147,2025-12-10T20:40:45.361150+00:00
4843,1765399245.382011,2025-12-10T20:40:45.382015+00:00
4844,1765399245.40148,2025-12-10T20:40:45.401482+00:00
4845,1765399245.422356,2025-12-10T20:40:45.422360+00:00
4846,1765399245.442531,2025-12-10T20:40:45.442549+00:00
4847,1765399245.464354,2025-12-10T20:40:45.464358+00:00
4848,1765399245.48455,2025-12-10T20:40:45.484561+00:00
4849,1765399245.5018282,2025-12-10T20:40:45.501837+00:00
4850,1765399245.519796,2025-12-10T20:40:45.519801+00:00
4851,1765399245.5368278,2025-12-10T20:40:45.536845+00:00
4852,1765399245.5553322,2025-12-10T20:40:45.555337+00:00
4853,1765399245.573511,2025-12-10T20:40:45.573516+00:00
4854,1765399245.5944,2025-12-10T20:40:45.594406+00:00
4855,1765399245.612415,2025-12-10T20:40:45.612418+00:00
4856,1765399245.6332679,2025-12-10T20:40:45.633270+00:00
4857,1765399245.6507971,2025-12-10T20:40:45.650838+00:00
4858,1765399245.668135,2025-12-10T20:40:45.668143+00:00
4859,1765399245.689045,2025-12-10T20:40:45.689050+00:00
4860,1765399245.706628,2025-12-10T20:40:45.706632+00:00
4861,1765399245.727496,2025-12-10T20:40:45.727502+00:00
4862,1765399245.748383,2025-12-10T20:40:45.748387+00:00
4863,1765399245.768116,2025-12-10T20:40:45.768120+00:00
4864,1765399245.789002,2025-12-10T20:40:45.789005+00:00
4865,1765399245.80702,2025-12-10T20:40:45.807022+00:00
4866,1765399245.826428,2025-12-10T20:40:45.826429+00:00
4867,1765399245.845845,2025-12-10T20:40:45.845848+00:00
4868,1765399245.8667321,2025-12-10T20:40:45.866736+00:00
4869,1765399245.887628,2025-12-10T20:40:45.887633+00:00
4870,1765399245.908384,2025-12-10T20:40:45.908386+00:00
4871,1765399245.929253,2025-12-10T20:40:45.929260+00:00
4872,1765399245.947037,2025-12-10T20:40:45.947039+00:00
4873,1765399245.967776,2025-12-10T20:40:45.967779+00:00
4874,1765399245.98601,2025-12-10T20:40:45.986015+00:00
4875,1765399246.003108,2025-12-10T20:40:46.003113+00:00
4876,1765399246.021585,2025-12-10T20:40:46.021587+00:00
4877,1765399246.0390851,2025-12-10T20:40:46.039089+00:00
4878,1765399246.05998,2025-12-10T20:40:46.059987+00:00
4879,1765399246.0804539,2025-12-10T20:40:46.080455+00:00
4880,1765399246.0972319,2025-12-10T20:40:46.097236+00:00
4881,1765399246.118119,2025-12-10T20:40:46.118123+00:00
4882,1765399246.136833,2025-12-10T20:40:46.136835+00:00
4883,1765399246.1560462,2025-12-10T20:40:46.156050+00:00
4884,1765399246.175006,2025-12-10T20:40:46.175012+00:00
4885,1765399246.1959,2025-12-10T20:40:46.195904+00:00
4886,1765399246.2147799,2025-12-10T20:40:46.214781+00:00
4887,1765399246.231554,2025-12-10T20:40:46.231558+00:00
4888,1765399246.252439,2025-12-10T20:40:46.252442+00:00
4889,1765399246.27122,2025-12-10T20:40:46.271221+00:00
4890,1765399246.288875,2025-12-10T20:40:46.288877+00:00
4891,1765399246.306991,2025-12-10T20:40:46.306993+00:00
4892,1765399246.3278599,2025-12-10T20:40:46.327867+00:00
4893,1765399246.346252,2025-12-10T20:40:46.346258+00:00
4894,1765399246.364125,2025-12-10T20:40:46.364128+00:00
4895,1765399246.385,2025-12-10T20:40:46.385009+00:00
4896,1765399246.405924,2025-12-10T20:40:46.405927+00:00
4897,1765399246.42679,2025-12-10T20:40:46.426793+00:00
4898,1765399246.44681,2025-12-10T20:40:46.446813+00:00
4899,1765399246.4671612,2025-12-10T20:40:46.467164+00:00
4900,1765399246.4842958,2025-12-10T20:40:46.484297+00:00
4901,1765399246.5044858,2025-12-10T20:40:46.504492+00:00
4902,1765399246.521317,2025-12-10T20:40:46.521319+00:00
4903,1765399246.5387032,2025-12-10T20:40:46.538706+00:00
4904,1765399246.5595038,2025-12-10T20:40:46.559504+00:00
4905,1765399246.580359,2025-12-10T20:40:46.580363+00:00
4906,1765399246.601248,2025-12-10T20:40:46.601252+00:00
4907,1765399246.6198962,2025-12-10T20:40:46.619897+00:00
4908,1765399246.639015,2025-12-10T20:40:46.639022+00:00
4909,1765399246.659416,2025-12-10T20:40:46.659426+00:00
4910,1765399246.6806679,2025-12-10T20:40:46.680674+00:00
4911,1765399246.700578,2025-12-10T20:40:46.700579+00:00
4912,1765399246.7214432,2025-12-10T20:40:46.721446+00:00
4913,1765399246.739031,2025-12-10T20:40:46.739031+00:00
4914,1765399246.759885,2025-12-10T20:40:46.759887+00:00
4915,1765399246.7771,2025-12-10T20:40:46.777106+00:00
4916,1765399246.79714,2025-12-10T20:40:46.797142+00:00
4917,1765399246.81647,2025-12-10T20:40:46.816470+00:00
4918,1765399246.8368351,2025-12-10T20:40:46.836837+00:00
4919,1765399246.85742,2025-12-10T20:40:46.857423+00:00
4920,1765399246.87828,2025-12-10T20:40:46.878283+00:00
4921,1765399246.8956,2025-12-10T20:40:46.895604+00:00
4922,1765399246.916477,2025-12-10T20:40:46.916481+00:00
4923,1765399246.9373481,2025-12-10T20:40:46.937350+00:00
4924,1765399246.9606059,2025-12-10T20:40:46.960607+00:00
4925,1765399246.981455,2025-12-10T20:40:46.981457+00:00
4926,1765399247.002315,2025-12-10T20:40:47.002318+00:00
4927,1765399247.022298,2025-12-10T20:40:47.022303+00:00
4928,1765399247.043179,2025-12-10T20:40:47.043183+00:00
4929,1765399247.064022,2025-12-10T20:40:47.064024+00:00
4930,1765399247.083136,2025-12-10T20:40:47.083142+00:00
4931,1765399247.104022,2025-12-10T20:40:47.104023+00:00
4932,1765399247.123918,2025-12-10T20:40:47.123920+00:00
4933,1765399247.144785,2025-12-10T20:40:47.144787+00:00
4934,1765399247.1631942,2025-12-10T20:40:47.163197+00:00
4935,1765399247.181438,2025-12-10T20:40:47.181445+00:00
4936,1765399247.202323,2025-12-10T20:40:47.202327+00:00
4937,1765399247.222363,2025-12-10T20:40:47.222366+00:00
4938,1765399247.243257,2025-12-10T20:40:47.243259+00:00
4939,1765399247.2633102,2025-12-10T20:40:47.263313+00:00
4940,1765399247.2841878,2025-12-10T20:40:47.284190+00:00
4941,1765399247.305065,2025-12-10T20:40:47.305068+00:00
4942,1765399247.322208,2025-12-10T20:40:47.322210+00:00
4943,1765399247.343083,2025-12-10T20:40:47.343087+00:00
4944,1765399247.363654,2025-12-10T20:40:47.363657+00:00
4945,1765399247.381696,2025-12-10T20:40:47.381698+00:00
4946,1765399247.3984482,2025-12-10T20:40:47.398451+00:00
4947,1765399247.4182348,2025-12-10T20:40:47.418236+00:00
4948,1765399247.439014,2025-12-10T20:40:47.439024+00:00
4949,1765399247.459881,2025-12-10T20:40:47.459883+00:00
4950,1765399247.480742,2025-12-10T20:40:47.480743+00:00
4951,1765399247.4974442,2025-12-10T20:40:47.497445+00:00
4952,1765399247.5182981,2025-12-10T20:40:47.518301+00:00
4953,1765399247.5359738,2025-12-10T20:40:47.535976+00:00
4954,1765399247.5556831,2025-12-10T20:40:47.555685+00:00
4955,1765399247.576554,2025-12-10T20:40:47.576560+00:00
4956,1765399247.593649,2025-12-10T20:40:47.593651+00:00
4957,1765399247.614048,2025-12-10T20:40:47.614049+00:00
4958,1765399247.6348941,2025-12-10T20:40:47.634894+00:00
4959,1765399247.6537359,2025-12-10T20:40:47.653737+00:00
4960,1765399247.671903,2025-12-10T20:40:47.671907+00:00
4961,1765399247.6927722,2025-12-10T20:40:47.692774+00:00
4962,1765399247.71277,2025-12-10T20:40:47.712774+00:00
4963,1765399247.73141,2025-12-10T20:40:47.731415+00:00
4964,1765399247.749417,2025-12-10T20:40:47.749422+00:00
4965,1765399247.768138,2025-12-10T20:40:47.768145+00:00
4966,1765399247.786939,2025-12-10T20:40:47.786941+00:00
4967,1765399247.804159,2025-12-10T20:40:47.804160+00:00
4968,1765399247.821058,2025-12-10T20:40:47.821061+00:00
4969,1765399247.839461,2025-12-10T20:40:47.839466+00:00
4970,1765399247.860358,2025-12-10T20:40:47.860366+00:00
4971,1765399247.87905,2025-12-10T20:40:47.879058+00:00
4972,1765399247.898931,2025-12-10T20:40:47.898939+00:00
4973,1765399247.916082,2025-12-10T20:40:47.916083+00:00
4974,1765399247.9347122,2025-12-10T20:40:47.934716+00:00
4975,1765399247.9555871,2025-12-10T20:40:47.955590+00:00
4976,1765399247.973411,2025-12-10T20:40:47.973412+00:00
4977,1765399247.994269,2025-12-10T20:40:47.994272+00:00
4978,1765399248.011789,2025-12-10T20:40:48.011795+00:00
4979,1765399248.031199,2025-12-10T20:40:48.031203+00:00
4980,1765399248.052068,2025-12-10T20:40:48.052073+00:00
4981,1765399248.073401,2025-12-10T20:40:48.073409+00:00
4982,1765399248.094238,2025-12-10T20:40:48.094245+00:00
4983,1765399248.1151202,2025-12-10T20:40:48.115125+00:00
4984,1765399248.134293,2025-12-10T20:40:48.134310+00:00
4985,1765399248.1547709,2025-12-10T20:40:48.154777+00:00
4986,1765399248.173297,2025-12-10T20:40:48.173305+00:00
4987,1765399248.1941912,2025-12-10T20:40:48.194204+00:00
4988,1765399248.2151098,2025-12-10T20:40:48.215114+00:00
4989,1765399248.234858,2025-12-10T20:40:48.234860+00:00
4990,1765399248.255713,2025-12-10T20:40:48.255714+00:00
4991,1765399248.276572,2025-12-10T20:40:48.276576+00:00
4992,1765399248.294446,2025-12-10T20:40:48.294448+00:00
4993,1765399248.312365,2025-12-10T20:40:48.312370+00:00
4994,1765399248.333247,2025-12-10T20:40:48.333248+00:00
4995,1765399248.3516228,2025-12-10T20:40:48.351628+00:00
4996,1765399248.368358,2025-12-10T20:40:48.368365+00:00
4997,1765399248.389256,2025-12-10T20:40:48.389263+00:00
4998,1765399248.408969,2025-12-10T20:40:48.408977+00:00
4999,1765399248.425791,2025-12-10T20:40:48.425797+00:00
5000,1765399248.446697,2025-12-10T20:40:48.446702+00:00
5001,1765399248.467586,2025-12-10T20:40:48.467589+00:00
5002,1765399248.486014,2025-12-10T20:40:48.486016+00:00
5003,1765399248.506892,2025-12-10T20:40:48.506899+00:00
5004,1765399248.5258932,2025-12-10T20:40:48.525898+00:00
5005,1765399248.5432189,2025-12-10T20:40:48.543225+00:00
5006,1765399248.55995,2025-12-10T20:40:48.559955+00:00
5007,1765399248.5808399,2025-12-10T20:40:48.580848+00:00
5008,1765399248.601662,2025-12-10T20:40:48.601667+00:00
5009,1765399248.622525,2025-12-10T20:40:48.622526+00:00
5010,1765399248.643201,2025-12-10T20:40:48.643206+00:00
5011,1765399248.664067,2025-12-10T20:40:48.664070+00:00
5012,1765399248.681603,2025-12-10T20:40:48.681624+00:00
5013,1765399248.701712,2025-12-10T20:40:48.701724+00:00
5014,1765399248.7226849,2025-12-10T20:40:48.722687+00:00
5015,1765399248.743061,2025-12-10T20:40:48.743069+00:00
5016,1765399248.763972,2025-12-10T20:40:48.763974+00:00
5017,1765399248.7848399,2025-12-10T20:40:48.784841+00:00
5018,1765399248.805716,2025-12-10T20:40:48.805723+00:00
5019,1765399248.825012,2025-12-10T20:40:48.825019+00:00
5020,1765399248.845889,2025-12-10T20:40:48.845890+00:00
5021,1765399248.864492,2025-12-10T20:40:48.864506+00:00
5022,1765399248.884879,2025-12-10T20:40:48.884882+00:00
5023,1765399248.9060411,2025-12-10T20:40:48.906042+00:00
5024,1765399248.926621,2025-12-10T20:40:48.926623+00:00
5025,1765399248.9474812,2025-12-10T20:40:48.947486+00:00
5026,1765399248.96836,2025-12-10T20:40:48.968365+00:00
5027,1765399248.989124,2025-12-10T20:40:48.989126+00:00
5028,1765399249.009954,2025-12-10T20:40:49.009964+00:00
5029,1765399249.027345,2025-12-10T20:40:49.027349+00:00
5030,1765399249.048222,2025-12-10T20:40:49.048224+00:00
5031,1765399249.068227,2025-12-10T20:40:49.068233+00:00
5032,1765399249.089138,2025-12-10T20:40:49.089142+00:00
5033,1765399249.109885,2025-12-10T20:40:49.109888+00:00
5034,1765399249.1266391,2025-12-10T20:40:49.126641+00:00
5035,1765399249.146128,2025-12-10T20:40:49.146130+00:00
5036,1765399249.1644201,2025-12-10T20:40:49.164422+00:00
5037,1765399249.1849332,2025-12-10T20:40:49.184936+00:00
5038,1765399249.2058098,2025-12-10T20:40:49.205816+00:00
5039,1765399249.223964,2025-12-10T20:40:49.223967+00:00
5040,1765399249.243231,2025-12-10T20:40:49.243240+00:00
5041,1765399249.263642,2025-12-10T20:40:49.263648+00:00
5042,1765399249.284535,2025-12-10T20:40:49.284540+00:00
5043,1765399249.3015559,2025-12-10T20:40:49.301556+00:00
5044,1765399249.32053,2025-12-10T20:40:49.320532+00:00
5045,1765399249.341417,2025-12-10T20:40:49.341424+00:00
5046,1765399249.359935,2025-12-10T20:40:49.359941+00:00
5047,1765399249.380815,2025-12-10T20:40:49.380820+00:00
5048,1765399249.39977,2025-12-10T20:40:49.399776+00:00
5049,1765399249.419745,2025-12-10T20:40:49.419753+00:00
5050,1765399249.440667,2025-12-10T20:40:49.440672+00:00
5051,1765399249.4599302,2025-12-10T20:40:49.459933+00:00
5052,1765399249.476686,2025-12-10T20:40:49.476687+00:00
5053,1765399249.496235,2025-12-10T20:40:49.496239+00:00
5054,1765399249.514863,2025-12-10T20:40:49.514866+00:00
5055,1765399249.53493,2025-12-10T20:40:49.534936+00:00
5056,1765399249.5558348,2025-12-10T20:40:49.555843+00:00
5057,1765399249.5752268,2025-12-10T20:40:49.575229+00:00
5058,1765399249.596087,2025-12-10T20:40:49.596094+00:00
5059,1765399249.6161559,2025-12-10T20:40:49.616161+00:00
5060,1765399249.634882,2025-12-10T20:40:49.634885+00:00
5061,1765399249.655755,2025-12-10T20:40:49.655762+00:00
5062,1765399249.67453,2025-12-10T20:40:49.674538+00:00
5063,1765399249.693291,2025-12-10T20:40:49.693307+00:00
5064,1765399249.714229,2025-12-10T20:40:49.714235+00:00
5065,1765399249.735117,2025-12-10T20:40:49.735119+00:00
5066,1765399249.755405,2025-12-10T20:40:49.755406+00:00
5067,1765399249.7762718,2025-12-10T20:40:49.776277+00:00
5068,1765399249.797194,2025-12-10T20:40:49.797200+00:00
5069,1765399249.8163252,2025-12-10T20:40:49.816330+00:00
5070,1765399249.834929,2025-12-10T20:40:49.834930+00:00
5071,1765399249.855053,2025-12-10T20:40:49.855057+00:00
5072,1765399249.8759239,2025-12-10T20:40:49.875926+00:00
5073,1765399249.8932722,2025-12-10T20:40:49.893275+00:00
5074,1765399249.914151,2025-12-10T20:40:49.914153+00:00
5075,1765399249.934889,2025-12-10T20:40:49.934890+00:00
5076,1765399249.951593,2025-12-10T20:40:49.951600+00:00
5077,1765399249.968482,2025-12-10T20:40:49.968483+00:00
5078,1765399249.989856,2025-12-10T20:40:49.989863+00:00
5079,1765399250.0090802,2025-12-10T20:40:50.009087+00:00
5080,1765399250.026741,2025-12-10T20:40:50.026747+00:00
5081,1765399250.046981,2025-12-10T20:40:50.046983+00:00
5082,1765399250.06784,2025-12-10T20:40:50.067842+00:00
5083,1765399250.088367,2025-12-10T20:40:50.088371+00:00
5084,1765399250.109259,2025-12-10T20:40:50.109262+00:00
5085,1765399250.1301272,2025-12-10T20:40:50.130128+00:00
5086,1765399250.1509829,2025-12-10T20:40:50.150986+00:00
5087,1765399250.1718478,2025-12-10T20:40:50.171849+00:00
5088,1765399250.192708,2025-12-10T20:40:50.192725+00:00
5089,1765399250.209923,2025-12-10T20:40:50.209926+00:00
5090,1765399250.230794,2025-12-10T20:40:50.230799+00:00
5091,1765399250.2516239,2025-12-10T20:40:50.251629+00:00
5092,1765399250.272497,2025-12-10T20:40:50.272500+00:00
5093,1765399250.293362,2025-12-10T20:40:50.293366+00:00
5094,1765399250.314234,2025-12-10T20:40:50.314242+00:00
5095,1765399250.334002,2025-12-10T20:40:50.334011+00:00
5096,1765399250.351598,2025-12-10T20:40:50.351600+00:00
5097,1765399250.3724642,2025-12-10T20:40:50.372471+00:00
5098,1765399250.3903732,2025-12-10T20:40:50.390377+00:00
5099,1765399250.4099252,2025-12-10T20:40:50.409928+00:00
5100,1765399250.430797,2025-12-10T20:40:50.430801+00:00
5101,1765399250.4500558,2025-12-10T20:40:50.450056+00:00
5102,1765399250.4688141,2025-12-10T20:40:50.468817+00:00
5103,1765399250.487563,2025-12-10T20:40:50.487566+00:00
5104,1765399250.508513,2025-12-10T20:40:50.508519+00:00
5105,1765399250.525645,2025-12-10T20:40:50.525647+00:00
5106,1765399250.545986,2025-12-10T20:40:50.545992+00:00
5107,1765399250.5655282,2025-12-10T20:40:50.565533+00:00
5108,1765399250.586406,2025-12-10T20:40:50.586413+00:00
5109,1765399250.605901,2025-12-10T20:40:50.605903+00:00
5110,1765399250.626764,2025-12-10T20:40:50.626768+00:00
5111,1765399250.643977,2025-12-10T20:40:50.643979+00:00
5112,1765399250.6637719,2025-12-10T20:40:50.663774+00:00
5113,1765399250.6848361,2025-12-10T20:40:50.684840+00:00
5114,1765399250.7048361,2025-12-10T20:40:50.704843+00:00
5115,1765399250.723747,2025-12-10T20:40:50.723753+00:00
5116,1765399250.744648,2025-12-10T20:40:50.744653+00:00
5117,1765399250.76296,2025-12-10T20:40:50.762969+00:00
5118,1765399250.779816,2025-12-10T20:40:50.779818+00:00
5119,1765399250.800565,2025-12-10T20:40:50.800569+00:00
5120,1765399250.8205838,2025-12-10T20:40:50.820587+00:00
5121,1765399250.838115,2025-12-10T20:40:50.838116+00:00
5122,1765399250.8587189,2025-12-10T20:40:50.858726+00:00
5123,1765399250.8764548,2025-12-10T20:40:50.876461+00:00
5124,1765399250.893312,2025-12-10T20:40:50.893325+00:00
5125,1765399250.914232,2025-12-10T20:40:50.914241+00:00
5126,1765399250.9340339,2025-12-10T20:40:50.934040+00:00
5127,1765399250.953168,2025-12-10T20:40:50.953177+00:00
5128,1765399250.974068,2025-12-10T20:40:50.974073+00:00
5129,1765399250.9949398,2025-12-10T20:40:50.994943+00:00
5130,1765399251.01369,2025-12-10T20:40:51.013698+00:00
5131,1765399251.034175,2025-12-10T20:40:51.034182+00:00
5132,1765399251.055064,2025-12-10T20:40:51.055068+00:00
5133,1765399251.073194,2025-12-10T20:40:51.073199+00:00
5134,1765399251.09406,2025-12-10T20:40:51.094063+00:00
5135,1765399251.1141372,2025-12-10T20:40:51.114142+00:00
5136,1765399251.13501,2025-12-10T20:40:51.135012+00:00
5137,1765399251.155632,2025-12-10T20:40:51.155640+00:00
5138,1765399251.176558,2025-12-10T20:40:51.176569+00:00
5139,1765399251.1973472,2025-12-10T20:40:51.197352+00:00
5140,1765399251.218234,2025-12-10T20:40:51.218241+00:00
5141,1765399251.238996,2025-12-10T20:40:51.239006+00:00
5142,1765399251.25992,2025-12-10T20:40:51.259925+00:00
5143,1765399251.280807,2025-12-10T20:40:51.280816+00:00
5144,1765399251.301714,2025-12-10T20:40:51.301725+00:00
5145,1765399251.322475,2025-12-10T20:40:51.322480+00:00
5146,1765399251.339251,2025-12-10T20:40:51.339258+00:00
5147,1765399251.360151,2025-12-10T20:40:51.360159+00:00
5148,1765399251.381063,2025-12-10T20:40:51.381081+00:00
5149,1765399251.401844,2025-12-10T20:40:51.401855+00:00
5150,1765399251.422749,2025-12-10T20:40:51.422753+00:00
5151,1765399251.4427588,2025-12-10T20:40:51.442769+00:00
5152,1765399251.461422,2025-12-10T20:40:51.461429+00:00
5153,1765399251.479913,2025-12-10T20:40:51.479923+00:00
5154,1765399251.5008159,2025-12-10T20:40:51.500824+00:00
5155,1765399251.521021,2025-12-10T20:40:51.521034+00:00
5156,1765399251.5402071,2025-12-10T20:40:51.540215+00:00
5157,1765399251.557614,2025-12-10T20:40:51.557624+00:00
5158,1765399251.578523,2025-12-10T20:40:51.578530+00:00
5159,1765399251.5972211,2025-12-10T20:40:51.597227+00:00
5160,1765399251.618103,2025-12-10T20:40:51.618109+00:00
5161,1765399251.634911,2025-12-10T20:40:51.634916+00:00
5162,1765399251.6552918,2025-12-10T20:40:51.655296+00:00
5163,1765399251.6777012,2025-12-10T20:40:51.677703+00:00
5164,1765399251.696317,2025-12-10T20:40:51.696326+00:00
5165,1765399251.717228,2025-12-10T20:40:51.717233+00:00
5166,1765399251.734151,2025-12-10T20:40:51.734166+00:00
5167,1765399251.751621,2025-12-10T20:40:51.751625+00:00
5168,1765399251.772501,2025-12-10T20:40:51.772506+00:00
5169,1765399251.793586,2025-12-10T20:40:51.793596+00:00
5170,1765399251.81318,2025-12-10T20:40:51.813184+00:00
5171,1765399251.834044,2025-12-10T20:40:51.834047+00:00
5172,1765399251.851375,2025-12-10T20:40:51.851389+00:00
5173,1765399251.872307,2025-12-10T20:40:51.872310+00:00
5174,1765399251.892422,2025-12-10T20:40:51.892436+00:00
5175,1765399251.910051,2025-12-10T20:40:51.910061+00:00
5176,1765399251.9296389,2025-12-10T20:40:51.929652+00:00
5177,1765399251.9497,2025-12-10T20:40:51.949704+00:00
5178,1765399251.9794319,2025-12-10T20:40:51.979438+00:00
5179,1765399252.0319731,2025-12-10T20:40:52.032279+00:00
5180,1765399252.04945,2025-12-10T20:40:52.049455+00:00
