frame_index,timestamp_unix,timestamp_iso
0,1765396458.436884,2025-12-10T19:54:18.436889+00:00
1,1765396458.455005,2025-12-10T19:54:18.455015+00:00
2,1765396458.4739761,2025-12-10T19:54:18.473981+00:00
3,1765396458.493523,2025-12-10T19:54:18.493530+00:00
4,1765396458.5144472,2025-12-10T19:54:18.514452+00:00
5,1765396458.534962,2025-12-10T19:54:18.534967+00:00
6,1765396458.55586,2025-12-10T19:54:18.555875+00:00
7,1765396458.5767791,2025-12-10T19:54:18.576783+00:00
8,1765396458.5975602,2025-12-10T19:54:18.597562+00:00
9,1765396458.618423,2025-12-10T19:54:18.618427+00:00
10,1765396458.6392908,2025-12-10T19:54:18.639295+00:00
11,1765396458.658546,2025-12-10T19:54:18.658550+00:00
12,1765396458.679213,2025-12-10T19:54:18.679218+00:00
13,1765396458.700122,2025-12-10T19:54:18.700124+00:00
14,1765396458.71923,2025-12-10T19:54:18.719231+00:00
15,1765396458.737419,2025-12-10T19:54:18.737421+00:00
16,1765396458.758316,2025-12-10T19:54:18.758318+00:00
17,1765396458.779178,2025-12-10T19:54:18.779178+00:00
18,1765396458.800035,2025-12-10T19:54:18.800036+00:00
19,1765396458.817049,2025-12-10T19:54:18.817051+00:00
20,1765396458.8371992,2025-12-10T19:54:18.837200+00:00
21,1765396458.858104,2025-12-10T19:54:18.858109+00:00
22,1765396458.876333,2025-12-10T19:54:18.876339+00:00
23,1765396458.895675,2025-12-10T19:54:18.895682+00:00
24,1765396458.913665,2025-12-10T19:54:18.913669+00:00
25,1765396458.934591,2025-12-10T19:54:18.934595+00:00
26,1765396458.952968,2025-12-10T19:54:18.952974+00:00
27,1765396458.974095,2025-12-10T19:54:18.974098+00:00
28,1765396458.991104,2025-12-10T19:54:18.991107+00:00
29,1765396459.011783,2025-12-10T19:54:19.011785+00:00
30,1765396459.02926,2025-12-10T19:54:19.029263+00:00
31,1765396459.0476968,2025-12-10T19:54:19.047700+00:00
32,1765396459.065505,2025-12-10T19:54:19.065507+00:00
33,1765396459.086389,2025-12-10T19:54:19.086392+00:00
34,1765396459.107282,2025-12-10T19:54:19.107286+00:00
35,1765396459.128182,2025-12-10T19:54:19.128186+00:00
36,1765396459.149065,2025-12-10T19:54:19.149066+00:00
37,1765396459.1660202,2025-12-10T19:54:19.166024+00:00
38,1765396459.1869152,2025-12-10T19:54:19.186922+00:00
39,1765396459.207841,2025-12-10T19:54:19.207852+00:00
40,1765396459.228182,2025-12-10T19:54:19.228192+00:00
41,1765396459.2458508,2025-12-10T19:54:19.245862+00:00
42,1765396459.266457,2025-12-10T19:54:19.266463+00:00
43,1765396459.286308,2025-12-10T19:54:19.286317+00:00
44,1765396459.307311,2025-12-10T19:54:19.307323+00:00
45,1765396459.3247528,2025-12-10T19:54:19.324765+00:00
46,1765396459.344086,2025-12-10T19:54:19.344096+00:00
47,1765396459.361409,2025-12-10T19:54:19.361416+00:00
48,1765396459.382344,2025-12-10T19:54:19.382348+00:00
49,1765396459.399646,2025-12-10T19:54:19.399653+00:00
50,1765396459.420616,2025-12-10T19:54:19.420619+00:00
51,1765396459.4412532,2025-12-10T19:54:19.441255+00:00
52,1765396459.460233,2025-12-10T19:54:19.460234+00:00
53,1765396459.481117,2025-12-10T19:54:19.481118+00:00
54,1765396459.4990652,2025-12-10T19:54:19.499069+00:00
55,1765396459.515997,2025-12-10T19:54:19.516001+00:00
56,1765396459.532887,2025-12-10T19:54:19.532891+00:00
57,1765396459.553767,2025-12-10T19:54:19.553772+00:00
58,1765396459.571197,2025-12-10T19:54:19.571201+00:00
59,1765396459.59146,2025-12-10T19:54:19.591467+00:00
60,1765396459.6106,2025-12-10T19:54:19.610606+00:00
61,1765396459.627946,2025-12-10T19:54:19.627953+00:00
62,1765396459.644885,2025-12-10T19:54:19.644892+00:00
63,1765396459.663718,2025-12-10T19:54:19.663723+00:00
64,1765396459.683121,2025-12-10T19:54:19.683128+00:00
65,1765396459.703896,2025-12-10T19:54:19.703901+00:00
66,1765396459.7248142,2025-12-10T19:54:19.724820+00:00
67,1765396459.745344,2025-12-10T19:54:19.745350+00:00
68,1765396459.763072,2025-12-10T19:54:19.763078+00:00
69,1765396459.7816699,2025-12-10T19:54:19.781676+00:00
70,1765396459.79905,2025-12-10T19:54:19.799057+00:00
71,1765396459.818079,2025-12-10T19:54:19.818092+00:00
72,1765396459.838977,2025-12-10T19:54:19.838981+00:00
73,1765396459.857315,2025-12-10T19:54:19.857319+00:00
74,1765396459.8782332,2025-12-10T19:54:19.878252+00:00
75,1765396459.895152,2025-12-10T19:54:19.895156+00:00
76,1765396459.912787,2025-12-10T19:54:19.912792+00:00
77,1765396459.932564,2025-12-10T19:54:19.932569+00:00
78,1765396459.952375,2025-12-10T19:54:19.952378+00:00
79,1765396459.970559,2025-12-10T19:54:19.970563+00:00
80,1765396459.991447,2025-12-10T19:54:19.991450+00:00
81,1765396460.0123122,2025-12-10T19:54:20.012314+00:00
82,1765396460.033173,2025-12-10T19:54:20.033176+00:00
83,1765396460.05115,2025-12-10T19:54:20.051151+00:00
84,1765396460.072008,2025-12-10T19:54:20.072009+00:00
85,1765396460.094354,2025-12-10T19:54:20.094359+00:00
86,1765396460.1152499,2025-12-10T19:54:20.115254+00:00
87,1765396460.133605,2025-12-10T19:54:20.133610+00:00
88,1765396460.153041,2025-12-10T19:54:20.153046+00:00
89,1765396460.169908,2025-12-10T19:54:20.169912+00:00
90,1765396460.190793,2025-12-10T19:54:20.190797+00:00
91,1765396460.207907,2025-12-10T19:54:20.207913+00:00
92,1765396460.228812,2025-12-10T19:54:20.228816+00:00
93,1765396460.2483451,2025-12-10T19:54:20.248349+00:00
94,1765396460.2661078,2025-12-10T19:54:20.266110+00:00
95,1765396460.285486,2025-12-10T19:54:20.285490+00:00
96,1765396460.30638,2025-12-10T19:54:20.306384+00:00
97,1765396460.324938,2025-12-10T19:54:20.324940+00:00
98,1765396460.3458009,2025-12-10T19:54:20.345803+00:00
99,1765396460.3666618,2025-12-10T19:54:20.366666+00:00
100,1765396460.3873248,2025-12-10T19:54:20.387328+00:00
101,1765396460.408205,2025-12-10T19:54:20.408208+00:00
102,1765396460.42836,2025-12-10T19:54:20.428365+00:00
103,1765396460.4451258,2025-12-10T19:54:20.445130+00:00
104,1765396460.4629052,2025-12-10T19:54:20.462907+00:00
105,1765396460.483427,2025-12-10T19:54:20.483433+00:00
106,1765396460.504331,2025-12-10T19:54:20.504334+00:00
107,1765396460.524417,2025-12-10T19:54:20.524420+00:00
108,1765396460.5452979,2025-12-10T19:54:20.545302+00:00
109,1765396460.5661829,2025-12-10T19:54:20.566186+00:00
110,1765396460.5847511,2025-12-10T19:54:20.584753+00:00
111,1765396460.605202,2025-12-10T19:54:20.605202+00:00
112,1765396460.626067,2025-12-10T19:54:20.626072+00:00
113,1765396460.6464598,2025-12-10T19:54:20.646460+00:00
114,1765396460.665505,2025-12-10T19:54:20.665507+00:00
115,1765396460.685463,2025-12-10T19:54:20.685464+00:00
116,1765396460.706309,2025-12-10T19:54:20.706309+00:00
117,1765396460.7271738,2025-12-10T19:54:20.727180+00:00
118,1765396460.748128,2025-12-10T19:54:20.748129+00:00
119,1765396460.7689788,2025-12-10T19:54:20.768981+00:00
120,1765396460.787539,2025-12-10T19:54:20.787543+00:00
121,1765396460.808415,2025-12-10T19:54:20.808417+00:00
122,1765396460.829282,2025-12-10T19:54:20.829285+00:00
123,1765396460.849239,2025-12-10T19:54:20.849245+00:00
124,1765396460.866598,2025-12-10T19:54:20.866608+00:00
125,1765396460.883883,2025-12-10T19:54:20.883886+00:00
126,1765396460.903808,2025-12-10T19:54:20.903823+00:00
127,1765396460.9211369,2025-12-10T19:54:20.921140+00:00
128,1765396460.941618,2025-12-10T19:54:20.941621+00:00
129,1765396460.961028,2025-12-10T19:54:20.961031+00:00
130,1765396460.978574,2025-12-10T19:54:20.978578+00:00
131,1765396460.999478,2025-12-10T19:54:20.999480+00:00
132,1765396461.0203478,2025-12-10T19:54:21.020350+00:00
133,1765396461.0408168,2025-12-10T19:54:21.040821+00:00
134,1765396461.061565,2025-12-10T19:54:21.061565+00:00
135,1765396461.0823848,2025-12-10T19:54:21.082388+00:00
136,1765396461.103251,2025-12-10T19:54:21.103253+00:00
137,1765396461.124112,2025-12-10T19:54:21.124115+00:00
138,1765396461.143934,2025-12-10T19:54:21.143935+00:00
139,1765396461.1610408,2025-12-10T19:54:21.161043+00:00
140,1765396461.1819131,2025-12-10T19:54:21.181914+00:00
141,1765396461.202632,2025-12-10T19:54:21.202638+00:00
142,1765396461.222193,2025-12-10T19:54:21.222197+00:00
143,1765396461.242303,2025-12-10T19:54:21.242304+00:00
144,1765396461.2624052,2025-12-10T19:54:21.262411+00:00
145,1765396461.2805572,2025-12-10T19:54:21.280560+00:00
146,1765396461.2987149,2025-12-10T19:54:21.298720+00:00
147,1765396461.316287,2025-12-10T19:54:21.316291+00:00
148,1765396461.337164,2025-12-10T19:54:21.337167+00:00
149,1765396461.357044,2025-12-10T19:54:21.357047+00:00
150,1765396461.377907,2025-12-10T19:54:21.377908+00:00
151,1765396461.398707,2025-12-10T19:54:21.398711+00:00
152,1765396461.4195998,2025-12-10T19:54:21.419603+00:00
153,1765396461.440247,2025-12-10T19:54:21.440249+00:00
154,1765396461.457633,2025-12-10T19:54:21.457635+00:00
155,1765396461.47759,2025-12-10T19:54:21.477591+00:00
156,1765396461.498466,2025-12-10T19:54:21.498474+00:00
157,1765396461.515777,2025-12-10T19:54:21.515779+00:00
158,1765396461.5336971,2025-12-10T19:54:21.533699+00:00
159,1765396461.554559,2025-12-10T19:54:21.554561+00:00
160,1765396461.5754318,2025-12-10T19:54:21.575433+00:00
161,1765396461.596281,2025-12-10T19:54:21.596282+00:00
162,1765396461.6171362,2025-12-10T19:54:21.617137+00:00
163,1765396461.638015,2025-12-10T19:54:21.638019+00:00
164,1765396461.657921,2025-12-10T19:54:21.657925+00:00
165,1765396461.67679,2025-12-10T19:54:21.676795+00:00
166,1765396461.6977,2025-12-10T19:54:21.697701+00:00
167,1765396461.71856,2025-12-10T19:54:21.718562+00:00
168,1765396461.739437,2025-12-10T19:54:21.739438+00:00
169,1765396461.760293,2025-12-10T19:54:21.760295+00:00
170,1765396461.7811682,2025-12-10T19:54:21.781172+00:00
171,1765396461.799528,2025-12-10T19:54:21.799529+00:00
172,1765396461.81902,2025-12-10T19:54:21.819027+00:00
173,1765396461.839937,2025-12-10T19:54:21.839941+00:00
174,1765396461.858135,2025-12-10T19:54:21.858137+00:00
175,1765396461.8752582,2025-12-10T19:54:21.875262+00:00
176,1765396461.892533,2025-12-10T19:54:21.892534+00:00
177,1765396461.9133902,2025-12-10T19:54:21.913392+00:00
178,1765396461.933289,2025-12-10T19:54:21.933294+00:00
179,1765396461.95418,2025-12-10T19:54:21.954181+00:00
180,1765396461.974943,2025-12-10T19:54:21.974943+00:00
181,1765396461.993079,2025-12-10T19:54:21.993079+00:00
182,1765396462.0139341,2025-12-10T19:54:22.013936+00:00
183,1765396462.031929,2025-12-10T19:54:22.031932+00:00
184,1765396462.052822,2025-12-10T19:54:22.052824+00:00
185,1765396462.073695,2025-12-10T19:54:22.073698+00:00
186,1765396462.093367,2025-12-10T19:54:22.093369+00:00
187,1765396462.1142342,2025-12-10T19:54:22.114237+00:00
188,1765396462.131408,2025-12-10T19:54:22.131414+00:00
189,1765396462.152343,2025-12-10T19:54:22.152345+00:00
190,1765396462.173207,2025-12-10T19:54:22.173210+00:00
191,1765396462.194104,2025-12-10T19:54:22.194106+00:00
192,1765396462.214973,2025-12-10T19:54:22.214975+00:00
193,1765396462.2358358,2025-12-10T19:54:22.235837+00:00
194,1765396462.255855,2025-12-10T19:54:22.255856+00:00
195,1765396462.27424,2025-12-10T19:54:22.274241+00:00
196,1765396462.295094,2025-12-10T19:54:22.295097+00:00
197,1765396462.31184,2025-12-10T19:54:22.311842+00:00
198,1765396462.331315,2025-12-10T19:54:22.331321+00:00
199,1765396462.349848,2025-12-10T19:54:22.349852+00:00
200,1765396462.370687,2025-12-10T19:54:22.370693+00:00
201,1765396462.390555,2025-12-10T19:54:22.390559+00:00
202,1765396462.4114308,2025-12-10T19:54:22.411434+00:00
203,1765396462.4318311,2025-12-10T19:54:22.431832+00:00
204,1765396462.4515572,2025-12-10T19:54:22.451558+00:00
205,1765396462.469307,2025-12-10T19:54:22.469308+00:00
206,1765396462.49008,2025-12-10T19:54:22.490080+00:00
207,1765396462.509577,2025-12-10T19:54:22.509582+00:00
208,1765396462.530487,2025-12-10T19:54:22.530490+00:00
209,1765396462.551352,2025-12-10T19:54:22.551353+00:00
210,1765396462.5722141,2025-12-10T19:54:22.572217+00:00
211,1765396462.593097,2025-12-10T19:54:22.593099+00:00
212,1765396462.6139882,2025-12-10T19:54:22.613988+00:00
213,1765396462.631155,2025-12-10T19:54:22.631156+00:00
214,1765396462.6520178,2025-12-10T19:54:22.652019+00:00
215,1765396462.669191,2025-12-10T19:54:22.669191+00:00
216,1765396462.6864698,2025-12-10T19:54:22.686471+00:00
217,1765396462.707315,2025-12-10T19:54:22.707315+00:00
218,1765396462.728182,2025-12-10T19:54:22.728184+00:00
219,1765396462.745166,2025-12-10T19:54:22.745171+00:00
220,1765396462.7624571,2025-12-10T19:54:22.762459+00:00
221,1765396462.781728,2025-12-10T19:54:22.781731+00:00
222,1765396462.802625,2025-12-10T19:54:22.802629+00:00
223,1765396462.823505,2025-12-10T19:54:22.823507+00:00
224,1765396462.841612,2025-12-10T19:54:22.841616+00:00
225,1765396462.8624918,2025-12-10T19:54:22.862496+00:00
226,1765396462.882556,2025-12-10T19:54:22.882557+00:00
227,1765396462.899947,2025-12-10T19:54:22.899950+00:00
228,1765396462.919879,2025-12-10T19:54:22.919882+00:00
229,1765396462.940782,2025-12-10T19:54:22.940786+00:00
230,1765396462.958273,2025-12-10T19:54:22.958274+00:00
231,1765396462.979133,2025-12-10T19:54:22.979136+00:00
232,1765396462.996007,2025-12-10T19:54:22.996009+00:00
233,1765396463.0161421,2025-12-10T19:54:23.016145+00:00
234,1765396463.0370328,2025-12-10T19:54:23.037035+00:00
235,1765396463.057915,2025-12-10T19:54:23.057922+00:00
236,1765396463.0788329,2025-12-10T19:54:23.078839+00:00
237,1765396463.0955808,2025-12-10T19:54:23.095582+00:00
238,1765396463.116441,2025-12-10T19:54:23.116444+00:00
239,1765396463.1342888,2025-12-10T19:54:23.134294+00:00
240,1765396463.151765,2025-12-10T19:54:23.151771+00:00
241,1765396463.17083,2025-12-10T19:54:23.170836+00:00
242,1765396463.188031,2025-12-10T19:54:23.188036+00:00
243,1765396463.208058,2025-12-10T19:54:23.208074+00:00
244,1765396463.228529,2025-12-10T19:54:23.228535+00:00
245,1765396463.248214,2025-12-10T19:54:23.248217+00:00
246,1765396463.269088,2025-12-10T19:54:23.269089+00:00
247,1765396463.2864041,2025-12-10T19:54:23.286408+00:00
248,1765396463.306416,2025-12-10T19:54:23.306417+00:00
249,1765396463.327274,2025-12-10T19:54:23.327279+00:00
250,1765396463.3456142,2025-12-10T19:54:23.345618+00:00
251,1765396463.364769,2025-12-10T19:54:23.364772+00:00
252,1765396463.381975,2025-12-10T19:54:23.381983+00:00
253,1765396463.4013171,2025-12-10T19:54:23.401318+00:00
254,1765396463.4221828,2025-12-10T19:54:23.422187+00:00
255,1765396463.442069,2025-12-10T19:54:23.442071+00:00
256,1765396463.4591732,2025-12-10T19:54:23.459177+00:00
257,1765396463.478165,2025-12-10T19:54:23.478168+00:00
258,1765396463.498389,2025-12-10T19:54:23.498389+00:00
259,1765396463.519244,2025-12-10T19:54:23.519245+00:00
260,1765396463.5395148,2025-12-10T19:54:23.539546+00:00
261,1765396463.5571709,2025-12-10T19:54:23.557175+00:00
262,1765396463.578043,2025-12-10T19:54:23.578046+00:00
263,1765396463.598005,2025-12-10T19:54:23.598007+00:00
264,1765396463.616459,2025-12-10T19:54:23.616462+00:00
265,1765396463.637352,2025-12-10T19:54:23.637354+00:00
266,1765396463.6564019,2025-12-10T19:54:23.656403+00:00
267,1765396463.677262,2025-12-10T19:54:23.677264+00:00
268,1765396463.69813,2025-12-10T19:54:23.698133+00:00
269,1765396463.715453,2025-12-10T19:54:23.715464+00:00
270,1765396463.7364109,2025-12-10T19:54:23.736414+00:00
271,1765396463.757283,2025-12-10T19:54:23.757284+00:00
272,1765396463.7781508,2025-12-10T19:54:23.778155+00:00
273,1765396463.796399,2025-12-10T19:54:23.796402+00:00
274,1765396463.814424,2025-12-10T19:54:23.814424+00:00
275,1765396463.835294,2025-12-10T19:54:23.835301+00:00
276,1765396463.8558521,2025-12-10T19:54:23.855858+00:00
277,1765396463.8749619,2025-12-10T19:54:23.874963+00:00
278,1765396463.8958158,2025-12-10T19:54:23.895817+00:00
279,1765396463.916638,2025-12-10T19:54:23.916641+00:00
280,1765396463.936309,2025-12-10T19:54:23.936311+00:00
281,1765396463.9564202,2025-12-10T19:54:23.956421+00:00
282,1765396463.977288,2025-12-10T19:54:23.977292+00:00
283,1765396463.996017,2025-12-10T19:54:23.996019+00:00
284,1765396464.0146308,2025-12-10T19:54:24.014634+00:00
285,1765396464.0355232,2025-12-10T19:54:24.035529+00:00
286,1765396464.054592,2025-12-10T19:54:24.054594+00:00
287,1765396464.0728672,2025-12-10T19:54:24.072872+00:00
288,1765396464.09105,2025-12-10T19:54:24.091052+00:00
289,1765396464.111925,2025-12-10T19:54:24.111929+00:00
290,1765396464.131967,2025-12-10T19:54:24.131972+00:00
291,1765396464.152878,2025-12-10T19:54:24.152886+00:00
292,1765396464.1734521,2025-12-10T19:54:24.173459+00:00
293,1765396464.1944928,2025-12-10T19:54:24.194496+00:00
294,1765396464.2153559,2025-12-10T19:54:24.215358+00:00
295,1765396464.23329,2025-12-10T19:54:24.233292+00:00
296,1765396464.253394,2025-12-10T19:54:24.253397+00:00
297,1765396464.2742772,2025-12-10T19:54:24.274278+00:00
298,1765396464.293237,2025-12-10T19:54:24.293238+00:00
299,1765396464.312922,2025-12-10T19:54:24.312923+00:00
300,1765396464.333777,2025-12-10T19:54:24.333782+00:00
301,1765396464.35323,2025-12-10T19:54:24.353238+00:00
302,1765396464.3708658,2025-12-10T19:54:24.370870+00:00
303,1765396464.390719,2025-12-10T19:54:24.390722+00:00
304,1765396464.4098969,2025-12-10T19:54:24.409898+00:00
305,1765396464.428666,2025-12-10T19:54:24.428666+00:00
306,1765396464.449528,2025-12-10T19:54:24.449531+00:00
307,1765396464.469007,2025-12-10T19:54:24.469008+00:00
308,1765396464.489523,2025-12-10T19:54:24.489529+00:00
309,1765396464.509084,2025-12-10T19:54:24.509087+00:00
310,1765396464.529957,2025-12-10T19:54:24.529958+00:00
311,1765396464.547717,2025-12-10T19:54:24.547718+00:00
312,1765396464.568583,2025-12-10T19:54:24.568585+00:00
313,1765396464.588167,2025-12-10T19:54:24.588170+00:00
314,1765396464.6068878,2025-12-10T19:54:24.606892+00:00
315,1765396464.6241012,2025-12-10T19:54:24.624105+00:00
316,1765396464.67825,2025-12-10T19:54:24.678254+00:00
317,1765396464.699137,2025-12-10T19:54:24.699142+00:00
318,1765396464.720026,2025-12-10T19:54:24.720030+00:00
319,1765396464.740934,2025-12-10T19:54:24.740942+00:00
320,1765396464.7618408,2025-12-10T19:54:24.761842+00:00
321,1765396464.781682,2025-12-10T19:54:24.781685+00:00
322,1765396464.802552,2025-12-10T19:54:24.802554+00:00
323,1765396464.8234088,2025-12-10T19:54:24.823411+00:00
324,1765396464.8427892,2025-12-10T19:54:24.842794+00:00
325,1765396464.86367,2025-12-10T19:54:24.863673+00:00
326,1765396464.8833039,2025-12-10T19:54:24.883305+00:00
327,1765396464.904154,2025-12-10T19:54:24.904155+00:00
328,1765396464.9214232,2025-12-10T19:54:24.921428+00:00
329,1765396464.941653,2025-12-10T19:54:24.941659+00:00
330,1765396464.96257,2025-12-10T19:54:24.962574+00:00
331,1765396464.983387,2025-12-10T19:54:24.983389+00:00
332,1765396465.001739,2025-12-10T19:54:25.001752+00:00
333,1765396465.022623,2025-12-10T19:54:25.022626+00:00
334,1765396465.03934,2025-12-10T19:54:25.039344+00:00
335,1765396465.060242,2025-12-10T19:54:25.060248+00:00
336,1765396465.081175,2025-12-10T19:54:25.081177+00:00
337,1765396465.1020439,2025-12-10T19:54:25.102047+00:00
338,1765396465.1210828,2025-12-10T19:54:25.121086+00:00
339,1765396465.14064,2025-12-10T19:54:25.140642+00:00
340,1765396465.159924,2025-12-10T19:54:25.159925+00:00
341,1765396465.180785,2025-12-10T19:54:25.180788+00:00
342,1765396465.201737,2025-12-10T19:54:25.201738+00:00
343,1765396465.222605,2025-12-10T19:54:25.222608+00:00
344,1765396465.239605,2025-12-10T19:54:25.239607+00:00
345,1765396465.256602,2025-12-10T19:54:25.256603+00:00
346,1765396465.2774541,2025-12-10T19:54:25.277455+00:00
347,1765396465.297361,2025-12-10T19:54:25.297364+00:00
348,1765396465.3182342,2025-12-10T19:54:25.318236+00:00
349,1765396465.339095,2025-12-10T19:54:25.339099+00:00
350,1765396465.355841,2025-12-10T19:54:25.355847+00:00
351,1765396465.375065,2025-12-10T19:54:25.375067+00:00
352,1765396465.3959281,2025-12-10T19:54:25.395932+00:00
353,1765396465.4152498,2025-12-10T19:54:25.415253+00:00
354,1765396465.4333282,2025-12-10T19:54:25.433335+00:00
355,1765396465.4542599,2025-12-10T19:54:25.454264+00:00
356,1765396465.475007,2025-12-10T19:54:25.475008+00:00
357,1765396465.495085,2025-12-10T19:54:25.495086+00:00
358,1765396465.512372,2025-12-10T19:54:25.512374+00:00
359,1765396465.5330718,2025-12-10T19:54:25.533074+00:00
360,1765396465.550817,2025-12-10T19:54:25.550823+00:00
361,1765396465.571389,2025-12-10T19:54:25.571392+00:00
362,1765396465.592278,2025-12-10T19:54:25.592281+00:00
363,1765396465.609824,2025-12-10T19:54:25.609827+00:00
364,1765396465.630692,2025-12-10T19:54:25.630695+00:00
365,1765396465.651561,2025-12-10T19:54:25.651563+00:00
366,1765396465.6724238,2025-12-10T19:54:25.672426+00:00
367,1765396465.693293,2025-12-10T19:54:25.693296+00:00
368,1765396465.7141728,2025-12-10T19:54:25.714177+00:00
369,1765396465.7319,2025-12-10T19:54:25.731904+00:00
370,1765396465.750295,2025-12-10T19:54:25.750299+00:00
371,1765396465.7711759,2025-12-10T19:54:25.771180+00:00
372,1765396465.7921422,2025-12-10T19:54:25.792146+00:00
373,1765396465.8103838,2025-12-10T19:54:25.810387+00:00
374,1765396465.828338,2025-12-10T19:54:25.828349+00:00
375,1765396465.849259,2025-12-10T19:54:25.849262+00:00
376,1765396465.866713,2025-12-10T19:54:25.866717+00:00
377,1765396465.8876212,2025-12-10T19:54:25.887629+00:00
378,1765396465.908544,2025-12-10T19:54:25.908548+00:00
379,1765396465.928751,2025-12-10T19:54:25.928755+00:00
380,1765396465.949576,2025-12-10T19:54:25.949584+00:00
381,1765396465.9666471,2025-12-10T19:54:25.966649+00:00
382,1765396465.987508,2025-12-10T19:54:25.987510+00:00
383,1765396466.008372,2025-12-10T19:54:26.008372+00:00
384,1765396466.029228,2025-12-10T19:54:26.029229+00:00
385,1765396466.0495412,2025-12-10T19:54:26.049541+00:00
386,1765396466.068365,2025-12-10T19:54:26.068366+00:00
387,1765396466.087198,2025-12-10T19:54:26.087199+00:00
388,1765396466.1080441,2025-12-10T19:54:26.108044+00:00
389,1765396466.12529,2025-12-10T19:54:26.125290+00:00
390,1765396466.146145,2025-12-10T19:54:26.146146+00:00
391,1765396466.165835,2025-12-10T19:54:26.165837+00:00
392,1765396466.186704,2025-12-10T19:54:26.186710+00:00
393,1765396466.20532,2025-12-10T19:54:26.205322+00:00
394,1765396466.2261791,2025-12-10T19:54:26.226182+00:00
395,1765396466.247057,2025-12-10T19:54:26.247064+00:00
396,1765396466.2656698,2025-12-10T19:54:26.265677+00:00
397,1765396466.284029,2025-12-10T19:54:26.284031+00:00
398,1765396466.301003,2025-12-10T19:54:26.301010+00:00
399,1765396466.321007,2025-12-10T19:54:26.321013+00:00
400,1765396466.347775,2025-12-10T19:54:26.347780+00:00
401,1765396466.366169,2025-12-10T19:54:26.366187+00:00
402,1765396466.422545,2025-12-10T19:54:26.422549+00:00
403,1765396466.4417632,2025-12-10T19:54:26.441769+00:00
404,1765396466.484148,2025-12-10T19:54:26.484152+00:00
405,1765396466.508874,2025-12-10T19:54:26.508880+00:00
406,1765396466.5289059,2025-12-10T19:54:26.528911+00:00
407,1765396466.549236,2025-12-10T19:54:26.549242+00:00
408,1765396466.5668008,2025-12-10T19:54:26.566807+00:00
409,1765396466.586563,2025-12-10T19:54:26.586567+00:00
410,1765396466.604674,2025-12-10T19:54:26.604679+00:00
411,1765396466.621637,2025-12-10T19:54:26.621680+00:00
412,1765396466.639712,2025-12-10T19:54:26.639719+00:00
413,1765396466.659059,2025-12-10T19:54:26.659063+00:00
414,1765396466.6766322,2025-12-10T19:54:26.676762+00:00
415,1765396466.696639,2025-12-10T19:54:26.696644+00:00
416,1765396466.716345,2025-12-10T19:54:26.716350+00:00
417,1765396466.733092,2025-12-10T19:54:26.733097+00:00
418,1765396466.751366,2025-12-10T19:54:26.751371+00:00
419,1765396466.772332,2025-12-10T19:54:26.772336+00:00
420,1765396466.7928069,2025-12-10T19:54:26.792932+00:00
421,1765396466.81083,2025-12-10T19:54:26.810832+00:00
422,1765396466.828595,2025-12-10T19:54:26.828599+00:00
423,1765396466.84575,2025-12-10T19:54:26.845755+00:00
424,1765396466.866517,2025-12-10T19:54:26.866521+00:00
425,1765396466.8833659,2025-12-10T19:54:26.883371+00:00
426,1765396466.904396,2025-12-10T19:54:26.904403+00:00
427,1765396466.921839,2025-12-10T19:54:26.921843+00:00
428,1765396466.94108,2025-12-10T19:54:26.941085+00:00
429,1765396466.9581828,2025-12-10T19:54:26.958186+00:00
430,1765396466.978708,2025-12-10T19:54:26.978714+00:00
431,1765396466.99963,2025-12-10T19:54:26.999634+00:00
432,1765396467.016515,2025-12-10T19:54:27.016525+00:00
433,1765396467.036159,2025-12-10T19:54:27.036166+00:00
434,1765396467.057131,2025-12-10T19:54:27.057136+00:00
435,1765396467.0780668,2025-12-10T19:54:27.078073+00:00
436,1765396467.098995,2025-12-10T19:54:27.099002+00:00
437,1765396467.1199281,2025-12-10T19:54:27.119932+00:00
438,1765396467.137429,2025-12-10T19:54:27.137433+00:00
439,1765396467.158533,2025-12-10T19:54:27.158539+00:00
440,1765396467.1775732,2025-12-10T19:54:27.177577+00:00
441,1765396467.198625,2025-12-10T19:54:27.198629+00:00
442,1765396467.218962,2025-12-10T19:54:27.218965+00:00
443,1765396467.236972,2025-12-10T19:54:27.236975+00:00
444,1765396467.2578409,2025-12-10T19:54:27.257844+00:00
445,1765396467.2787268,2025-12-10T19:54:27.278728+00:00
446,1765396467.2995892,2025-12-10T19:54:27.299592+00:00
447,1765396467.3207302,2025-12-10T19:54:27.320733+00:00
448,1765396467.3409228,2025-12-10T19:54:27.340933+00:00
449,1765396467.361577,2025-12-10T19:54:27.361584+00:00
450,1765396467.379167,2025-12-10T19:54:27.379172+00:00
451,1765396467.399057,2025-12-10T19:54:27.399061+00:00
452,1765396467.418303,2025-12-10T19:54:27.418434+00:00
453,1765396467.4364538,2025-12-10T19:54:27.436460+00:00
454,1765396467.457366,2025-12-10T19:54:27.457369+00:00
455,1765396467.475764,2025-12-10T19:54:27.475768+00:00
456,1765396467.495903,2025-12-10T19:54:27.495906+00:00
457,1765396467.5167758,2025-12-10T19:54:27.516782+00:00
458,1765396467.536702,2025-12-10T19:54:27.536706+00:00
459,1765396467.554807,2025-12-10T19:54:27.554810+00:00
460,1765396467.572258,2025-12-10T19:54:27.572263+00:00
461,1765396467.5931761,2025-12-10T19:54:27.593185+00:00
462,1765396467.6117609,2025-12-10T19:54:27.611765+00:00
463,1765396467.632384,2025-12-10T19:54:27.632386+00:00
464,1765396467.653256,2025-12-10T19:54:27.653259+00:00
465,1765396467.674135,2025-12-10T19:54:27.674139+00:00
466,1765396467.695034,2025-12-10T19:54:27.695037+00:00
467,1765396467.715743,2025-12-10T19:54:27.715750+00:00
468,1765396467.736641,2025-12-10T19:54:27.736642+00:00
469,1765396467.757497,2025-12-10T19:54:27.757499+00:00
470,1765396467.7785869,2025-12-10T19:54:27.778589+00:00
471,1765396467.7994509,2025-12-10T19:54:27.799455+00:00
472,1765396467.819635,2025-12-10T19:54:27.819639+00:00
473,1765396467.840529,2025-12-10T19:54:27.840531+00:00
474,1765396467.8614242,2025-12-10T19:54:27.861437+00:00
475,1765396467.8791602,2025-12-10T19:54:27.879163+00:00
476,1765396467.899667,2025-12-10T19:54:27.899671+00:00
477,1765396467.9191701,2025-12-10T19:54:27.919174+00:00
478,1765396467.9359748,2025-12-10T19:54:27.935977+00:00
479,1765396467.954824,2025-12-10T19:54:27.954824+00:00
480,1765396467.97244,2025-12-10T19:54:27.972442+00:00
481,1765396467.9933069,2025-12-10T19:54:27.993308+00:00
482,1765396468.014174,2025-12-10T19:54:28.014176+00:00
483,1765396468.0334878,2025-12-10T19:54:28.033491+00:00
484,1765396468.0543602,2025-12-10T19:54:28.054362+00:00
485,1765396468.0715678,2025-12-10T19:54:28.071574+00:00
486,1765396468.089099,2025-12-10T19:54:28.089108+00:00
487,1765396468.1088378,2025-12-10T19:54:28.108841+00:00
488,1765396468.125692,2025-12-10T19:54:28.125697+00:00
489,1765396468.146076,2025-12-10T19:54:28.146081+00:00
490,1765396468.162828,2025-12-10T19:54:28.162830+00:00
491,1765396468.180298,2025-12-10T19:54:28.180303+00:00
492,1765396468.201181,2025-12-10T19:54:28.201185+00:00
493,1765396468.221924,2025-12-10T19:54:28.221929+00:00
494,1765396468.241673,2025-12-10T19:54:28.241676+00:00
495,1765396468.2625651,2025-12-10T19:54:28.262573+00:00
496,1765396468.2833002,2025-12-10T19:54:28.283314+00:00
497,1765396468.3011892,2025-12-10T19:54:28.301194+00:00
498,1765396468.32159,2025-12-10T19:54:28.321598+00:00
499,1765396468.341692,2025-12-10T19:54:28.341697+00:00
500,1765396468.362622,2025-12-10T19:54:28.362631+00:00
501,1765396468.383141,2025-12-10T19:54:28.383145+00:00
502,1765396468.400047,2025-12-10T19:54:28.400059+00:00
503,1765396468.420948,2025-12-10T19:54:28.420953+00:00
504,1765396468.439927,2025-12-10T19:54:28.439932+00:00
505,1765396468.456817,2025-12-10T19:54:28.456822+00:00
506,1765396468.474983,2025-12-10T19:54:28.474988+00:00
507,1765396468.493332,2025-12-10T19:54:28.493336+00:00
508,1765396468.5121012,2025-12-10T19:54:28.512110+00:00
509,1765396468.5305011,2025-12-10T19:54:28.530505+00:00
510,1765396468.54906,2025-12-10T19:54:28.549063+00:00
511,1765396468.5664651,2025-12-10T19:54:28.566470+00:00
512,1765396468.583377,2025-12-10T19:54:28.583381+00:00
513,1765396468.601034,2025-12-10T19:54:28.601037+00:00
514,1765396468.621898,2025-12-10T19:54:28.621901+00:00
515,1765396468.641685,2025-12-10T19:54:28.641688+00:00
516,1765396468.658491,2025-12-10T19:54:28.658493+00:00
517,1765396468.676727,2025-12-10T19:54:28.676732+00:00
518,1765396468.69596,2025-12-10T19:54:28.695968+00:00
519,1765396468.712954,2025-12-10T19:54:28.712955+00:00
520,1765396468.733813,2025-12-10T19:54:28.733817+00:00
521,1765396468.7546859,2025-12-10T19:54:28.754690+00:00
522,1765396468.775011,2025-12-10T19:54:28.775016+00:00
523,1765396468.792293,2025-12-10T19:54:28.792298+00:00
524,1765396468.812669,2025-12-10T19:54:28.812677+00:00
525,1765396468.830192,2025-12-10T19:54:28.830195+00:00
526,1765396468.8469791,2025-12-10T19:54:28.846981+00:00
527,1765396468.866448,2025-12-10T19:54:28.866453+00:00
528,1765396468.8873322,2025-12-10T19:54:28.887335+00:00
529,1765396468.908202,2025-12-10T19:54:28.908206+00:00
530,1765396468.925199,2025-12-10T19:54:28.925200+00:00
531,1765396468.946056,2025-12-10T19:54:28.946056+00:00
532,1765396468.964559,2025-12-10T19:54:28.964559+00:00
533,1765396468.985402,2025-12-10T19:54:28.985403+00:00
534,1765396469.006271,2025-12-10T19:54:29.006276+00:00
535,1765396469.0247848,2025-12-10T19:54:29.024788+00:00
536,1765396469.043509,2025-12-10T19:54:29.043511+00:00
537,1765396469.0633442,2025-12-10T19:54:29.063346+00:00
538,1765396469.083221,2025-12-10T19:54:29.083223+00:00
539,1765396469.104089,2025-12-10T19:54:29.104095+00:00
540,1765396469.125003,2025-12-10T19:54:29.125006+00:00
541,1765396469.142663,2025-12-10T19:54:29.142667+00:00
542,1765396469.1635368,2025-12-10T19:54:29.163539+00:00
543,1765396469.182942,2025-12-10T19:54:29.182946+00:00
544,1765396469.2038589,2025-12-10T19:54:29.203865+00:00
545,1765396469.2214441,2025-12-10T19:54:29.221448+00:00
546,1765396469.241942,2025-12-10T19:54:29.241944+00:00
547,1765396469.261837,2025-12-10T19:54:29.261843+00:00
548,1765396469.279328,2025-12-10T19:54:29.279329+00:00
549,1765396469.299493,2025-12-10T19:54:29.299495+00:00
550,1765396469.320287,2025-12-10T19:54:29.320288+00:00
551,1765396469.3411021,2025-12-10T19:54:29.341102+00:00
552,1765396469.36177,2025-12-10T19:54:29.361772+00:00
553,1765396469.3826401,2025-12-10T19:54:29.382642+00:00
554,1765396469.400018,2025-12-10T19:54:29.400024+00:00
555,1765396469.4209359,2025-12-10T19:54:29.420941+00:00
556,1765396469.441034,2025-12-10T19:54:29.441039+00:00
557,1765396469.460929,2025-12-10T19:54:29.460931+00:00
558,1765396469.4817889,2025-12-10T19:54:29.481791+00:00
559,1765396469.499957,2025-12-10T19:54:29.499958+00:00
560,1765396469.519476,2025-12-10T19:54:29.519478+00:00
561,1765396469.538322,2025-12-10T19:54:29.538326+00:00
562,1765396469.5576372,2025-12-10T19:54:29.557639+00:00
563,1765396469.578526,2025-12-10T19:54:29.578533+00:00
564,1765396469.597235,2025-12-10T19:54:29.597242+00:00
565,1765396469.616537,2025-12-10T19:54:29.616540+00:00
566,1765396469.635989,2025-12-10T19:54:29.635994+00:00
567,1765396469.65661,2025-12-10T19:54:29.656617+00:00
568,1765396469.673537,2025-12-10T19:54:29.673542+00:00
569,1765396469.693774,2025-12-10T19:54:29.693778+00:00
570,1765396469.714655,2025-12-10T19:54:29.714659+00:00
571,1765396469.733291,2025-12-10T19:54:29.733294+00:00
572,1765396469.751432,2025-12-10T19:54:29.751434+00:00
573,1765396469.772299,2025-12-10T19:54:29.772303+00:00
574,1765396469.793191,2025-12-10T19:54:29.793196+00:00
575,1765396469.814079,2025-12-10T19:54:29.814083+00:00
576,1765396469.83246,2025-12-10T19:54:29.832464+00:00
577,1765396469.8502688,2025-12-10T19:54:29.850280+00:00
578,1765396469.86958,2025-12-10T19:54:29.869586+00:00
579,1765396469.8904681,2025-12-10T19:54:29.890470+00:00
580,1765396469.908088,2025-12-10T19:54:29.908094+00:00
581,1765396469.929002,2025-12-10T19:54:29.929006+00:00
582,1765396469.9499252,2025-12-10T19:54:29.949930+00:00
583,1765396469.9708228,2025-12-10T19:54:29.970827+00:00
584,1765396469.991715,2025-12-10T19:54:29.991718+00:00
585,1765396470.012664,2025-12-10T19:54:30.012670+00:00
586,1765396470.0332851,2025-12-10T19:54:30.033290+00:00
587,1765396470.0542238,2025-12-10T19:54:30.054234+00:00
588,1765396470.074195,2025-12-10T19:54:30.074199+00:00
589,1765396470.094053,2025-12-10T19:54:30.094057+00:00
590,1765396470.114941,2025-12-10T19:54:30.114950+00:00
591,1765396470.133447,2025-12-10T19:54:30.133450+00:00
592,1765396470.1530602,2025-12-10T19:54:30.153067+00:00
593,1765396470.173232,2025-12-10T19:54:30.173236+00:00
594,1765396470.191974,2025-12-10T19:54:30.191978+00:00
595,1765396470.212852,2025-12-10T19:54:30.212855+00:00
596,1765396470.233719,2025-12-10T19:54:30.233723+00:00
597,1765396470.2546089,2025-12-10T19:54:30.254614+00:00
598,1765396470.274668,2025-12-10T19:54:30.274671+00:00
599,1765396470.291754,2025-12-10T19:54:30.291757+00:00
600,1765396470.312632,2025-12-10T19:54:30.312636+00:00
601,1765396470.333369,2025-12-10T19:54:30.333373+00:00
602,1765396470.3532522,2025-12-10T19:54:30.353259+00:00
603,1765396470.374163,2025-12-10T19:54:30.374166+00:00
604,1765396470.392681,2025-12-10T19:54:30.392684+00:00
605,1765396470.413562,2025-12-10T19:54:30.413566+00:00
606,1765396470.433373,2025-12-10T19:54:30.433378+00:00
607,1765396470.450762,2025-12-10T19:54:30.450766+00:00
608,1765396470.4716318,2025-12-10T19:54:30.471636+00:00
609,1765396470.491456,2025-12-10T19:54:30.491462+00:00
610,1765396470.509011,2025-12-10T19:54:30.509021+00:00
611,1765396470.529927,2025-12-10T19:54:30.529931+00:00
612,1765396470.549133,2025-12-10T19:54:30.549138+00:00
613,1765396470.5699,2025-12-10T19:54:30.569903+00:00
614,1765396470.5907352,2025-12-10T19:54:30.590741+00:00
615,1765396470.611563,2025-12-10T19:54:30.611566+00:00
616,1765396470.63241,2025-12-10T19:54:30.632414+00:00
617,1765396470.653427,2025-12-10T19:54:30.653431+00:00
618,1765396470.673087,2025-12-10T19:54:30.673090+00:00
619,1765396470.6916869,2025-12-10T19:54:30.691690+00:00
620,1765396470.7125518,2025-12-10T19:54:30.712555+00:00
621,1765396470.733223,2025-12-10T19:54:30.733227+00:00
622,1765396470.753887,2025-12-10T19:54:30.753891+00:00
623,1765396470.7748008,2025-12-10T19:54:30.774805+00:00
624,1765396470.795699,2025-12-10T19:54:30.795703+00:00
625,1765396470.813843,2025-12-10T19:54:30.813849+00:00
626,1765396470.83313,2025-12-10T19:54:30.833134+00:00
627,1765396470.850208,2025-12-10T19:54:30.850211+00:00
628,1765396470.868114,2025-12-10T19:54:30.868118+00:00
629,1765396470.88738,2025-12-10T19:54:30.887383+00:00
630,1765396470.9081018,2025-12-10T19:54:30.908108+00:00
631,1765396470.929006,2025-12-10T19:54:30.929010+00:00
632,1765396470.9496992,2025-12-10T19:54:30.949702+00:00
633,1765396470.969883,2025-12-10T19:54:30.969887+00:00
634,1765396470.990766,2025-12-10T19:54:30.990770+00:00
635,1765396471.0114958,2025-12-10T19:54:31.011497+00:00
636,1765396471.0323572,2025-12-10T19:54:31.032361+00:00
637,1765396471.051552,2025-12-10T19:54:31.051555+00:00
638,1765396471.0706408,2025-12-10T19:54:31.070646+00:00
639,1765396471.09115,2025-12-10T19:54:31.091159+00:00
640,1765396471.108744,2025-12-10T19:54:31.108750+00:00
641,1765396471.129161,2025-12-10T19:54:31.129166+00:00
642,1765396471.148149,2025-12-10T19:54:31.148193+00:00
643,1765396471.165591,2025-12-10T19:54:31.165597+00:00
644,1765396471.185577,2025-12-10T19:54:31.185582+00:00
645,1765396471.2079911,2025-12-10T19:54:31.207996+00:00
646,1765396471.228239,2025-12-10T19:54:31.228244+00:00
647,1765396471.2461162,2025-12-10T19:54:31.246122+00:00
648,1765396471.263718,2025-12-10T19:54:31.263722+00:00
649,1765396471.283384,2025-12-10T19:54:31.283392+00:00
650,1765396471.3007061,2025-12-10T19:54:31.300711+00:00
651,1765396471.320862,2025-12-10T19:54:31.320867+00:00
652,1765396471.338349,2025-12-10T19:54:31.338351+00:00
653,1765396471.3587022,2025-12-10T19:54:31.358703+00:00
654,1765396471.3765829,2025-12-10T19:54:31.376587+00:00
655,1765396471.395814,2025-12-10T19:54:31.395820+00:00
656,1765396471.416359,2025-12-10T19:54:31.416363+00:00
657,1765396471.433774,2025-12-10T19:54:31.433777+00:00
658,1765396471.4536052,2025-12-10T19:54:31.453612+00:00
659,1765396471.470747,2025-12-10T19:54:31.470749+00:00
660,1765396471.489582,2025-12-10T19:54:31.489587+00:00
661,1765396471.510189,2025-12-10T19:54:31.510194+00:00
662,1765396471.5310879,2025-12-10T19:54:31.531094+00:00
663,1765396471.548722,2025-12-10T19:54:31.548731+00:00
664,1765396471.568296,2025-12-10T19:54:31.568300+00:00
665,1765396471.588557,2025-12-10T19:54:31.588565+00:00
666,1765396471.608021,2025-12-10T19:54:31.608026+00:00
667,1765396471.628909,2025-12-10T19:54:31.628914+00:00
668,1765396471.646972,2025-12-10T19:54:31.646976+00:00
669,1765396471.666937,2025-12-10T19:54:31.666939+00:00
670,1765396471.6877959,2025-12-10T19:54:31.687797+00:00
671,1765396471.707951,2025-12-10T19:54:31.707954+00:00
672,1765396471.7285209,2025-12-10T19:54:31.728526+00:00
673,1765396471.749422,2025-12-10T19:54:31.749426+00:00
674,1765396471.767972,2025-12-10T19:54:31.767975+00:00
675,1765396471.784812,2025-12-10T19:54:31.784816+00:00
676,1765396471.801561,2025-12-10T19:54:31.801564+00:00
677,1765396471.821532,2025-12-10T19:54:31.821536+00:00
678,1765396471.84161,2025-12-10T19:54:31.841614+00:00
679,1765396471.861629,2025-12-10T19:54:31.861634+00:00
680,1765396471.8824692,2025-12-10T19:54:31.882471+00:00
681,1765396471.899968,2025-12-10T19:54:31.899972+00:00
682,1765396471.918582,2025-12-10T19:54:31.918588+00:00
683,1765396471.939484,2025-12-10T19:54:31.939487+00:00
684,1765396471.9574459,2025-12-10T19:54:31.957448+00:00
685,1765396471.974905,2025-12-10T19:54:31.974908+00:00
686,1765396471.995767,2025-12-10T19:54:31.995769+00:00
687,1765396472.016567,2025-12-10T19:54:32.016588+00:00
688,1765396472.036638,2025-12-10T19:54:32.036645+00:00
689,1765396472.057547,2025-12-10T19:54:32.057550+00:00
690,1765396472.07792,2025-12-10T19:54:32.077928+00:00
691,1765396472.097866,2025-12-10T19:54:32.097871+00:00
692,1765396472.115099,2025-12-10T19:54:32.115104+00:00
693,1765396472.136012,2025-12-10T19:54:32.136017+00:00
694,1765396472.1541388,2025-12-10T19:54:32.154147+00:00
695,1765396472.174322,2025-12-10T19:54:32.174328+00:00
696,1765396472.1940658,2025-12-10T19:54:32.194073+00:00
697,1765396472.21343,2025-12-10T19:54:32.213434+00:00
698,1765396472.2323031,2025-12-10T19:54:32.232309+00:00
699,1765396472.253207,2025-12-10T19:54:32.253214+00:00
700,1765396472.271428,2025-12-10T19:54:32.271433+00:00
701,1765396472.291937,2025-12-10T19:54:32.291944+00:00
702,1765396472.3109272,2025-12-10T19:54:32.310930+00:00
703,1765396472.331418,2025-12-10T19:54:32.331421+00:00
704,1765396472.3508391,2025-12-10T19:54:32.350843+00:00
705,1765396472.370643,2025-12-10T19:54:32.370643+00:00
706,1765396472.387743,2025-12-10T19:54:32.387743+00:00
707,1765396472.404681,2025-12-10T19:54:32.404685+00:00
708,1765396472.4232142,2025-12-10T19:54:32.423221+00:00
709,1765396472.444128,2025-12-10T19:54:32.444133+00:00
710,1765396472.4634922,2025-12-10T19:54:32.463496+00:00
711,1765396472.484386,2025-12-10T19:54:32.484387+00:00
712,1765396472.503772,2025-12-10T19:54:32.503774+00:00
713,1765396472.523314,2025-12-10T19:54:32.523319+00:00
714,1765396472.542753,2025-12-10T19:54:32.542756+00:00
715,1765396472.562547,2025-12-10T19:54:32.562551+00:00
716,1765396472.5834339,2025-12-10T19:54:32.583437+00:00
717,1765396472.603724,2025-12-10T19:54:32.603729+00:00
718,1765396472.620605,2025-12-10T19:54:32.620609+00:00
719,1765396472.641481,2025-12-10T19:54:32.641484+00:00
720,1765396472.662119,2025-12-10T19:54:32.662120+00:00
721,1765396472.68299,2025-12-10T19:54:32.682992+00:00
722,1765396472.703709,2025-12-10T19:54:32.703710+00:00
723,1765396472.72457,2025-12-10T19:54:32.724574+00:00
724,1765396472.744631,2025-12-10T19:54:32.744632+00:00
725,1765396472.761942,2025-12-10T19:54:32.761943+00:00
726,1765396472.7828119,2025-12-10T19:54:32.782821+00:00
727,1765396472.802677,2025-12-10T19:54:32.802680+00:00
728,1765396472.823541,2025-12-10T19:54:32.823544+00:00
729,1765396472.842081,2025-12-10T19:54:32.842085+00:00
730,1765396472.8614452,2025-12-10T19:54:32.861453+00:00
731,1765396472.882429,2025-12-10T19:54:32.882430+00:00
732,1765396472.9033148,2025-12-10T19:54:32.903318+00:00
733,1765396472.924188,2025-12-10T19:54:32.924194+00:00
734,1765396472.94509,2025-12-10T19:54:32.945094+00:00
735,1765396472.965983,2025-12-10T19:54:32.965986+00:00
736,1765396472.983092,2025-12-10T19:54:32.983096+00:00
737,1765396473.003999,2025-12-10T19:54:33.004001+00:00
738,1765396473.020916,2025-12-10T19:54:33.020917+00:00
739,1765396473.041777,2025-12-10T19:54:33.041781+00:00
740,1765396473.0603678,2025-12-10T19:54:33.060372+00:00
741,1765396473.080735,2025-12-10T19:54:33.080736+00:00
742,1765396473.1016,2025-12-10T19:54:33.101604+00:00
743,1765396473.11939,2025-12-10T19:54:33.119397+00:00
744,1765396473.140019,2025-12-10T19:54:33.140020+00:00
745,1765396473.1602821,2025-12-10T19:54:33.160288+00:00
746,1765396473.181171,2025-12-10T19:54:33.181176+00:00
747,1765396473.201544,2025-12-10T19:54:33.201547+00:00
748,1765396473.2195892,2025-12-10T19:54:33.219595+00:00
749,1765396473.240491,2025-12-10T19:54:33.240494+00:00
750,1765396473.260184,2025-12-10T19:54:33.260188+00:00
751,1765396473.2810812,2025-12-10T19:54:33.281082+00:00
752,1765396473.301961,2025-12-10T19:54:33.301967+00:00
753,1765396473.322649,2025-12-10T19:54:33.322653+00:00
754,1765396473.339676,2025-12-10T19:54:33.339681+00:00
755,1765396473.360568,2025-12-10T19:54:33.360571+00:00
756,1765396473.378925,2025-12-10T19:54:33.378926+00:00
757,1765396473.3963149,2025-12-10T19:54:33.396318+00:00
758,1765396473.417202,2025-12-10T19:54:33.417206+00:00
759,1765396473.4380832,2025-12-10T19:54:33.438086+00:00
760,1765396473.455847,2025-12-10T19:54:33.455854+00:00
761,1765396473.476767,2025-12-10T19:54:33.476772+00:00
762,1765396473.493588,2025-12-10T19:54:33.493589+00:00
763,1765396473.5137239,2025-12-10T19:54:33.513726+00:00
764,1765396473.534608,2025-12-10T19:54:33.534611+00:00
765,1765396473.5559092,2025-12-10T19:54:33.556002+00:00
766,1765396473.573751,2025-12-10T19:54:33.573757+00:00
767,1765396473.594663,2025-12-10T19:54:33.594673+00:00
768,1765396473.6150131,2025-12-10T19:54:33.615014+00:00
769,1765396473.635871,2025-12-10T19:54:33.635872+00:00
770,1765396473.652756,2025-12-10T19:54:33.652759+00:00
771,1765396473.6736388,2025-12-10T19:54:33.673644+00:00
772,1765396473.694171,2025-12-10T19:54:33.694175+00:00
773,1765396473.715059,2025-12-10T19:54:33.715059+00:00
774,1765396473.735765,2025-12-10T19:54:33.735767+00:00
775,1765396473.7539651,2025-12-10T19:54:33.753967+00:00
776,1765396473.774844,2025-12-10T19:54:33.774845+00:00
777,1765396473.792695,2025-12-10T19:54:33.792698+00:00
778,1765396473.811351,2025-12-10T19:54:33.811352+00:00
779,1765396473.8322098,2025-12-10T19:54:33.832213+00:00
780,1765396473.8530948,2025-12-10T19:54:33.853098+00:00
781,1765396473.8739781,2025-12-10T19:54:33.873978+00:00
782,1765396473.8936,2025-12-10T19:54:33.893600+00:00
783,1765396473.9142349,2025-12-10T19:54:33.914239+00:00
784,1765396473.935103,2025-12-10T19:54:33.935104+00:00
785,1765396473.9542851,2025-12-10T19:54:33.954289+00:00
786,1765396473.975196,2025-12-10T19:54:33.975200+00:00
787,1765396473.9960792,2025-12-10T19:54:33.996080+00:00
788,1765396474.0161622,2025-12-10T19:54:34.016164+00:00
789,1765396474.03585,2025-12-10T19:54:34.035852+00:00
790,1765396474.056716,2025-12-10T19:54:34.056718+00:00
791,1765396474.075083,2025-12-10T19:54:34.075085+00:00
792,1765396474.0948238,2025-12-10T19:54:34.094826+00:00
793,1765396474.11569,2025-12-10T19:54:34.115691+00:00
794,1765396474.136118,2025-12-10T19:54:34.136118+00:00
795,1765396474.153655,2025-12-10T19:54:34.153655+00:00
796,1765396474.173279,2025-12-10T19:54:34.173281+00:00
797,1765396474.1939998,2025-12-10T19:54:34.194002+00:00
798,1765396474.212628,2025-12-10T19:54:34.212633+00:00
799,1765396474.233531,2025-12-10T19:54:34.233534+00:00
800,1765396474.254404,2025-12-10T19:54:34.254406+00:00
801,1765396474.275274,2025-12-10T19:54:34.275274+00:00
802,1765396474.296128,2025-12-10T19:54:34.296131+00:00
803,1765396474.316021,2025-12-10T19:54:34.316026+00:00
804,1765396474.335375,2025-12-10T19:54:34.335376+00:00
805,1765396474.356317,2025-12-10T19:54:34.356318+00:00
806,1765396474.3771641,2025-12-10T19:54:34.377165+00:00
807,1765396474.3980339,2025-12-10T19:54:34.398039+00:00
808,1765396474.4189792,2025-12-10T19:54:34.418983+00:00
809,1765396474.439859,2025-12-10T19:54:34.439862+00:00
810,1765396474.46074,2025-12-10T19:54:34.460743+00:00
811,1765396474.4792168,2025-12-10T19:54:34.479219+00:00
812,1765396474.5000699,2025-12-10T19:54:34.500072+00:00
813,1765396474.52086,2025-12-10T19:54:34.520861+00:00
814,1765396474.5417159,2025-12-10T19:54:34.541719+00:00
815,1765396474.559585,2025-12-10T19:54:34.559586+00:00
816,1765396474.580252,2025-12-10T19:54:34.580258+00:00
817,1765396474.5999491,2025-12-10T19:54:34.599953+00:00
818,1765396474.620826,2025-12-10T19:54:34.620828+00:00
819,1765396474.637675,2025-12-10T19:54:34.637680+00:00
820,1765396474.6585941,2025-12-10T19:54:34.658597+00:00
821,1765396474.677904,2025-12-10T19:54:34.677905+00:00
822,1765396474.6963782,2025-12-10T19:54:34.696379+00:00
823,1765396474.7144058,2025-12-10T19:54:34.714408+00:00
824,1765396474.733771,2025-12-10T19:54:34.733773+00:00
825,1765396474.752031,2025-12-10T19:54:34.752031+00:00
826,1765396474.7722518,2025-12-10T19:54:34.772253+00:00
827,1765396474.792846,2025-12-10T19:54:34.792847+00:00
828,1765396474.810271,2025-12-10T19:54:34.810272+00:00
829,1765396474.830591,2025-12-10T19:54:34.830594+00:00
830,1765396474.851479,2025-12-10T19:54:34.851479+00:00
831,1765396474.872342,2025-12-10T19:54:34.872345+00:00
832,1765396474.893224,2025-12-10T19:54:34.893225+00:00
833,1765396474.914102,2025-12-10T19:54:34.914108+00:00
834,1765396474.935033,2025-12-10T19:54:34.935038+00:00
835,1765396474.954242,2025-12-10T19:54:34.954248+00:00
836,1765396474.975148,2025-12-10T19:54:34.975153+00:00
837,1765396474.992745,2025-12-10T19:54:34.992746+00:00
838,1765396475.011922,2025-12-10T19:54:35.011928+00:00
839,1765396475.032829,2025-12-10T19:54:35.032832+00:00
840,1765396475.053715,2025-12-10T19:54:35.053721+00:00
841,1765396475.0746071,2025-12-10T19:54:35.074611+00:00
842,1765396475.095511,2025-12-10T19:54:35.095513+00:00
843,1765396475.1122408,2025-12-10T19:54:35.112244+00:00
844,1765396475.1289668,2025-12-10T19:54:35.128972+00:00
845,1765396475.147006,2025-12-10T19:54:35.147008+00:00
846,1765396475.1655831,2025-12-10T19:54:35.165586+00:00
847,1765396475.183927,2025-12-10T19:54:35.183932+00:00
848,1765396475.2042081,2025-12-10T19:54:35.204214+00:00
849,1765396475.2250922,2025-12-10T19:54:35.225097+00:00
850,1765396475.244999,2025-12-10T19:54:35.245008+00:00
851,1765396475.262229,2025-12-10T19:54:35.262233+00:00
852,1765396475.281698,2025-12-10T19:54:35.281699+00:00
853,1765396475.300406,2025-12-10T19:54:35.300408+00:00
854,1765396475.320937,2025-12-10T19:54:35.320941+00:00
855,1765396475.342897,2025-12-10T19:54:35.342901+00:00
856,1765396475.362645,2025-12-10T19:54:35.362650+00:00
857,1765396475.383439,2025-12-10T19:54:35.383443+00:00
858,1765396475.403531,2025-12-10T19:54:35.403536+00:00
859,1765396475.4244401,2025-12-10T19:54:35.424444+00:00
860,1765396475.44546,2025-12-10T19:54:35.445463+00:00
861,1765396475.4622889,2025-12-10T19:54:35.462295+00:00
862,1765396475.4829912,2025-12-10T19:54:35.482995+00:00
863,1765396475.503867,2025-12-10T19:54:35.503870+00:00
864,1765396475.521854,2025-12-10T19:54:35.521858+00:00
865,1765396475.542728,2025-12-10T19:54:35.542733+00:00
866,1765396475.563607,2025-12-10T19:54:35.563609+00:00
867,1765396475.584477,2025-12-10T19:54:35.584480+00:00
868,1765396475.6037602,2025-12-10T19:54:35.603762+00:00
869,1765396475.6246452,2025-12-10T19:54:35.624649+00:00
870,1765396475.644446,2025-12-10T19:54:35.644451+00:00
871,1765396475.664114,2025-12-10T19:54:35.664117+00:00
872,1765396475.6827369,2025-12-10T19:54:35.682739+00:00
873,1765396475.703608,2025-12-10T19:54:35.703611+00:00
874,1765396475.720895,2025-12-10T19:54:35.720897+00:00
875,1765396475.741801,2025-12-10T19:54:35.741806+00:00
876,1765396475.763353,2025-12-10T19:54:35.763358+00:00
877,1765396475.789737,2025-12-10T19:54:35.789741+00:00
878,1765396475.807471,2025-12-10T19:54:35.807475+00:00
879,1765396475.8283598,2025-12-10T19:54:35.828366+00:00
880,1765396475.8493,2025-12-10T19:54:35.849306+00:00
881,1765396475.869449,2025-12-10T19:54:35.869452+00:00
882,1765396475.887806,2025-12-10T19:54:35.887811+00:00
883,1765396475.908683,2025-12-10T19:54:35.908685+00:00
884,1765396475.929086,2025-12-10T19:54:35.929093+00:00
885,1765396475.9493032,2025-12-10T19:54:35.949305+00:00
886,1765396475.9674392,2025-12-10T19:54:35.967450+00:00
887,1765396475.987794,2025-12-10T19:54:35.987803+00:00
888,1765396476.008383,2025-12-10T19:54:36.008387+00:00
889,1765396476.0284271,2025-12-10T19:54:36.028430+00:00
890,1765396476.045231,2025-12-10T19:54:36.045234+00:00
891,1765396476.062047,2025-12-10T19:54:36.062051+00:00
892,1765396476.082309,2025-12-10T19:54:36.082312+00:00
893,1765396476.103183,2025-12-10T19:54:36.103188+00:00
894,1765396476.1206899,2025-12-10T19:54:36.120695+00:00
895,1765396476.141566,2025-12-10T19:54:36.141569+00:00
896,1765396476.162442,2025-12-10T19:54:36.162447+00:00
897,1765396476.185311,2025-12-10T19:54:36.185316+00:00
898,1765396476.209246,2025-12-10T19:54:36.209251+00:00
899,1765396476.2301729,2025-12-10T19:54:36.230176+00:00
900,1765396476.2493382,2025-12-10T19:54:36.249342+00:00
901,1765396476.27022,2025-12-10T19:54:36.270225+00:00
902,1765396476.290835,2025-12-10T19:54:36.290839+00:00
903,1765396476.3119721,2025-12-10T19:54:36.311976+00:00
904,1765396476.33285,2025-12-10T19:54:36.332855+00:00
905,1765396476.353299,2025-12-10T19:54:36.353303+00:00
906,1765396476.370511,2025-12-10T19:54:36.370515+00:00
907,1765396476.390805,2025-12-10T19:54:36.390808+00:00
908,1765396476.4133189,2025-12-10T19:54:36.413322+00:00
909,1765396476.4359019,2025-12-10T19:54:36.435906+00:00
910,1765396476.453439,2025-12-10T19:54:36.453444+00:00
911,1765396476.472918,2025-12-10T19:54:36.472922+00:00
912,1765396476.4938052,2025-12-10T19:54:36.493810+00:00
913,1765396476.511656,2025-12-10T19:54:36.511661+00:00
914,1765396476.531435,2025-12-10T19:54:36.531439+00:00
915,1765396476.55955,2025-12-10T19:54:36.559555+00:00
916,1765396476.583709,2025-12-10T19:54:36.583714+00:00
917,1765396476.6056042,2025-12-10T19:54:36.605633+00:00
918,1765396476.623361,2025-12-10T19:54:36.623367+00:00
919,1765396476.647053,2025-12-10T19:54:36.647058+00:00
920,1765396476.666646,2025-12-10T19:54:36.666652+00:00
921,1765396476.686643,2025-12-10T19:54:36.686647+00:00
922,1765396476.7090821,2025-12-10T19:54:36.709087+00:00
923,1765396476.732893,2025-12-10T19:54:36.732898+00:00
924,1765396476.7514071,2025-12-10T19:54:36.751411+00:00
925,1765396476.7684999,2025-12-10T19:54:36.768508+00:00
926,1765396476.786774,2025-12-10T19:54:36.786806+00:00
927,1765396476.808597,2025-12-10T19:54:36.808601+00:00
928,1765396476.829633,2025-12-10T19:54:36.829697+00:00
929,1765396476.870823,2025-12-10T19:54:36.871663+00:00
930,1765396476.9662771,2025-12-10T19:54:36.966286+00:00
931,1765396476.986698,2025-12-10T19:54:36.986702+00:00
932,1765396477.007602,2025-12-10T19:54:37.007606+00:00
933,1765396477.0290189,2025-12-10T19:54:37.029107+00:00
934,1765396477.047513,2025-12-10T19:54:37.047518+00:00
935,1765396477.06554,2025-12-10T19:54:37.065546+00:00
936,1765396477.086435,2025-12-10T19:54:37.086440+00:00
937,1765396477.104458,2025-12-10T19:54:37.104463+00:00
938,1765396477.122782,2025-12-10T19:54:37.122788+00:00
939,1765396477.143389,2025-12-10T19:54:37.143391+00:00
940,1765396477.16208,2025-12-10T19:54:37.162084+00:00
941,1765396477.182976,2025-12-10T19:54:37.182979+00:00
942,1765396477.2038772,2025-12-10T19:54:37.203881+00:00
943,1765396477.224771,2025-12-10T19:54:37.224779+00:00
944,1765396477.242502,2025-12-10T19:54:37.242508+00:00
945,1765396477.2614772,2025-12-10T19:54:37.261484+00:00
946,1765396477.278785,2025-12-10T19:54:37.278789+00:00
947,1765396477.296109,2025-12-10T19:54:37.296112+00:00
948,1765396477.321478,2025-12-10T19:54:37.321482+00:00
949,1765396477.341425,2025-12-10T19:54:37.341430+00:00
950,1765396477.361341,2025-12-10T19:54:37.361349+00:00
951,1765396477.382252,2025-12-10T19:54:37.382254+00:00
952,1765396477.401182,2025-12-10T19:54:37.401183+00:00
953,1765396477.42204,2025-12-10T19:54:37.422041+00:00
954,1765396477.4429371,2025-12-10T19:54:37.442939+00:00
955,1765396477.4597251,2025-12-10T19:54:37.459727+00:00
956,1765396477.480593,2025-12-10T19:54:37.480599+00:00
957,1765396477.501497,2025-12-10T19:54:37.501499+00:00
958,1765396477.522378,2025-12-10T19:54:37.522381+00:00
959,1765396477.539933,2025-12-10T19:54:37.539934+00:00
960,1765396477.558624,2025-12-10T19:54:37.558637+00:00
961,1765396477.576621,2025-12-10T19:54:37.576622+00:00
962,1765396477.597486,2025-12-10T19:54:37.597490+00:00
963,1765396477.618384,2025-12-10T19:54:37.618386+00:00
964,1765396477.635457,2025-12-10T19:54:37.635457+00:00
965,1765396477.656301,2025-12-10T19:54:37.656302+00:00
966,1765396477.677161,2025-12-10T19:54:37.677163+00:00
967,1765396477.698046,2025-12-10T19:54:37.698051+00:00
968,1765396477.716202,2025-12-10T19:54:37.716203+00:00
969,1765396477.7370539,2025-12-10T19:54:37.737055+00:00
970,1765396477.75792,2025-12-10T19:54:37.757924+00:00
971,1765396477.77844,2025-12-10T19:54:37.778446+00:00
972,1765396477.7993312,2025-12-10T19:54:37.799332+00:00
973,1765396477.818667,2025-12-10T19:54:37.818672+00:00
974,1765396477.838142,2025-12-10T19:54:37.838144+00:00
975,1765396477.8585868,2025-12-10T19:54:37.858589+00:00
976,1765396477.875648,2025-12-10T19:54:37.875654+00:00
977,1765396477.8965492,2025-12-10T19:54:37.896550+00:00
978,1765396477.917399,2025-12-10T19:54:37.917400+00:00
979,1765396477.938252,2025-12-10T19:54:37.938253+00:00
980,1765396477.955443,2025-12-10T19:54:37.955445+00:00
981,1765396477.9763021,2025-12-10T19:54:37.976305+00:00
982,1765396477.997175,2025-12-10T19:54:37.997178+00:00
983,1765396478.018047,2025-12-10T19:54:38.018047+00:00
984,1765396478.0389068,2025-12-10T19:54:38.038912+00:00
985,1765396478.058548,2025-12-10T19:54:38.058550+00:00
986,1765396478.0794299,2025-12-10T19:54:38.079431+00:00
987,1765396478.1004622,2025-12-10T19:54:38.100463+00:00
988,1765396478.121325,2025-12-10T19:54:38.121326+00:00
989,1765396478.142207,2025-12-10T19:54:38.142212+00:00
990,1765396478.163119,2025-12-10T19:54:38.163124+00:00
991,1765396478.18144,2025-12-10T19:54:38.181443+00:00
992,1765396478.2022452,2025-12-10T19:54:38.202249+00:00
993,1765396478.223134,2025-12-10T19:54:38.223136+00:00
994,1765396478.244001,2025-12-10T19:54:38.244001+00:00
995,1765396478.26485,2025-12-10T19:54:38.264851+00:00
996,1765396478.285634,2025-12-10T19:54:38.285635+00:00
997,1765396478.302628,2025-12-10T19:54:38.302628+00:00
998,1765396478.323482,2025-12-10T19:54:38.323483+00:00
999,1765396478.344339,2025-12-10T19:54:38.344339+00:00
1000,1765396478.3651872,2025-12-10T19:54:38.365190+00:00
1001,1765396478.3857868,2025-12-10T19:54:38.385789+00:00
1002,1765396478.403563,2025-12-10T19:54:38.403567+00:00
1003,1765396478.4241831,2025-12-10T19:54:38.424185+00:00
1004,1765396478.441947,2025-12-10T19:54:38.441947+00:00
1005,1765396478.4627929,2025-12-10T19:54:38.462794+00:00
1006,1765396478.483648,2025-12-10T19:54:38.483650+00:00
1007,1765396478.5045161,2025-12-10T19:54:38.504517+00:00
1008,1765396478.523175,2025-12-10T19:54:38.523177+00:00
1009,1765396478.544053,2025-12-10T19:54:38.544056+00:00
1010,1765396478.564918,2025-12-10T19:54:38.564919+00:00
1011,1765396478.5846348,2025-12-10T19:54:38.584637+00:00
1012,1765396478.605493,2025-12-10T19:54:38.605494+00:00
1013,1765396478.626359,2025-12-10T19:54:38.626364+00:00
1014,1765396478.64649,2025-12-10T19:54:38.646491+00:00
1015,1765396478.667339,2025-12-10T19:54:38.667339+00:00
1016,1765396478.685759,2025-12-10T19:54:38.685762+00:00
1017,1765396478.7033799,2025-12-10T19:54:38.703381+00:00
1018,1765396478.7244182,2025-12-10T19:54:38.724419+00:00
1019,1765396478.7444181,2025-12-10T19:54:38.744419+00:00
1020,1765396478.765287,2025-12-10T19:54:38.765292+00:00
1021,1765396478.786199,2025-12-10T19:54:38.786201+00:00
1022,1765396478.807081,2025-12-10T19:54:38.807081+00:00
1023,1765396478.828007,2025-12-10T19:54:38.828008+00:00
1024,1765396478.8488839,2025-12-10T19:54:38.848888+00:00
1025,1765396478.8697898,2025-12-10T19:54:38.869791+00:00
1026,1765396478.890653,2025-12-10T19:54:38.890654+00:00
1027,1765396478.908788,2025-12-10T19:54:38.908790+00:00
1028,1765396478.926465,2025-12-10T19:54:38.926466+00:00
1029,1765396478.9473238,2025-12-10T19:54:38.947329+00:00
1030,1765396478.968218,2025-12-10T19:54:38.968220+00:00
1031,1765396478.985347,2025-12-10T19:54:38.985350+00:00
1032,1765396479.0062249,2025-12-10T19:54:39.006227+00:00
1033,1765396479.027127,2025-12-10T19:54:39.027131+00:00
1034,1765396479.044194,2025-12-10T19:54:39.044195+00:00
1035,1765396479.0650501,2025-12-10T19:54:39.065055+00:00
1036,1765396479.085808,2025-12-10T19:54:39.085811+00:00
1037,1765396479.106674,2025-12-10T19:54:39.106675+00:00
1038,1765396479.126734,2025-12-10T19:54:39.126739+00:00
1039,1765396479.144118,2025-12-10T19:54:39.144120+00:00
1040,1765396479.1613948,2025-12-10T19:54:39.161397+00:00
1041,1765396479.178574,2025-12-10T19:54:39.178576+00:00
1042,1765396479.198174,2025-12-10T19:54:39.198176+00:00
1043,1765396479.219035,2025-12-10T19:54:39.219035+00:00
1044,1765396479.238091,2025-12-10T19:54:39.238092+00:00
1045,1765396479.258935,2025-12-10T19:54:39.258935+00:00
1046,1765396479.2798169,2025-12-10T19:54:39.279822+00:00
1047,1765396479.300724,2025-12-10T19:54:39.300727+00:00
1048,1765396479.32145,2025-12-10T19:54:39.321452+00:00
1049,1765396479.338856,2025-12-10T19:54:39.338859+00:00
1050,1765396479.359736,2025-12-10T19:54:39.359739+00:00
1051,1765396479.3806121,2025-12-10T19:54:39.380617+00:00
1052,1765396479.401527,2025-12-10T19:54:39.401531+00:00
1053,1765396479.422407,2025-12-10T19:54:39.422408+00:00
1054,1765396479.443269,2025-12-10T19:54:39.443270+00:00
1055,1765396479.46415,2025-12-10T19:54:39.464154+00:00
1056,1765396479.483333,2025-12-10T19:54:39.483335+00:00
1057,1765396479.504194,2025-12-10T19:54:39.504196+00:00
1058,1765396479.523796,2025-12-10T19:54:39.523798+00:00
1059,1765396479.544652,2025-12-10T19:54:39.544653+00:00
1060,1765396479.5620532,2025-12-10T19:54:39.562055+00:00
1061,1765396479.582921,2025-12-10T19:54:39.582922+00:00
1062,1765396479.603782,2025-12-10T19:54:39.603785+00:00
1063,1765396479.6246579,2025-12-10T19:54:39.624659+00:00
1064,1765396479.641366,2025-12-10T19:54:39.641366+00:00
1065,1765396479.662226,2025-12-10T19:54:39.662227+00:00
1066,1765396479.683119,2025-12-10T19:54:39.683123+00:00
1067,1765396479.702074,2025-12-10T19:54:39.702076+00:00
1068,1765396479.722518,2025-12-10T19:54:39.722523+00:00
1069,1765396479.740861,2025-12-10T19:54:39.740862+00:00
1070,1765396479.761726,2025-12-10T19:54:39.761727+00:00
1071,1765396479.782582,2025-12-10T19:54:39.782586+00:00
1072,1765396479.803484,2025-12-10T19:54:39.803487+00:00
1073,1765396479.824356,2025-12-10T19:54:39.824357+00:00
1074,1765396479.8452108,2025-12-10T19:54:39.845214+00:00
1075,1765396479.86609,2025-12-10T19:54:39.866091+00:00
1076,1765396479.8869388,2025-12-10T19:54:39.886940+00:00
1077,1765396479.907797,2025-12-10T19:54:39.907799+00:00
1078,1765396479.9283211,2025-12-10T19:54:39.928322+00:00
1079,1765396479.9491782,2025-12-10T19:54:39.949179+00:00
1080,1765396479.9700422,2025-12-10T19:54:39.970043+00:00
1081,1765396479.990901,2025-12-10T19:54:39.990902+00:00
1082,1765396480.011762,2025-12-10T19:54:40.011764+00:00
1083,1765396480.0304089,2025-12-10T19:54:40.030412+00:00
1084,1765396480.051283,2025-12-10T19:54:40.051284+00:00
1085,1765396480.0721312,2025-12-10T19:54:40.072132+00:00
1086,1765396480.0932631,2025-12-10T19:54:40.093264+00:00
1087,1765396480.112341,2025-12-10T19:54:40.112345+00:00
1088,1765396480.131847,2025-12-10T19:54:40.131850+00:00
1089,1765396480.152714,2025-12-10T19:54:40.152717+00:00
1090,1765396480.173586,2025-12-10T19:54:40.173588+00:00
1091,1765396480.194465,2025-12-10T19:54:40.194469+00:00
1092,1765396480.211931,2025-12-10T19:54:40.211932+00:00
1093,1765396480.232797,2025-12-10T19:54:40.232802+00:00
1094,1765396480.2529778,2025-12-10T19:54:40.252981+00:00
1095,1765396480.2738419,2025-12-10T19:54:40.273842+00:00
1096,1765396480.292746,2025-12-10T19:54:40.292747+00:00
1097,1765396480.3126578,2025-12-10T19:54:40.312659+00:00
1098,1765396480.33352,2025-12-10T19:54:40.333522+00:00
1099,1765396480.3544,2025-12-10T19:54:40.354406+00:00
1100,1765396480.374204,2025-12-10T19:54:40.374207+00:00
1101,1765396480.393985,2025-12-10T19:54:40.393985+00:00
1102,1765396480.4148412,2025-12-10T19:54:40.414846+00:00
1103,1765396480.432311,2025-12-10T19:54:40.432314+00:00
1104,1765396480.450716,2025-12-10T19:54:40.450719+00:00
1105,1765396480.471601,2025-12-10T19:54:40.471603+00:00
1106,1765396480.489952,2025-12-10T19:54:40.489953+00:00
1107,1765396480.509778,2025-12-10T19:54:40.509781+00:00
1108,1765396480.5306618,2025-12-10T19:54:40.530666+00:00
1109,1765396480.550404,2025-12-10T19:54:40.550407+00:00
1110,1765396480.5712729,2025-12-10T19:54:40.571274+00:00
1111,1765396480.589858,2025-12-10T19:54:40.589860+00:00
1112,1765396480.6107259,2025-12-10T19:54:40.610727+00:00
1113,1765396480.631584,2025-12-10T19:54:40.631584+00:00
1114,1765396480.648957,2025-12-10T19:54:40.648958+00:00
1115,1765396480.669833,2025-12-10T19:54:40.669839+00:00
1116,1765396480.687617,2025-12-10T19:54:40.687619+00:00
1117,1765396480.708468,2025-12-10T19:54:40.708468+00:00
1118,1765396480.729312,2025-12-10T19:54:40.729312+00:00
1119,1765396480.750161,2025-12-10T19:54:40.750162+00:00
1120,1765396480.766881,2025-12-10T19:54:40.766882+00:00
1121,1765396480.787749,2025-12-10T19:54:40.787749+00:00
1122,1765396480.804996,2025-12-10T19:54:40.804997+00:00
1123,1765396480.825849,2025-12-10T19:54:40.825851+00:00
1124,1765396480.845715,2025-12-10T19:54:40.845739+00:00
1125,1765396480.86588,2025-12-10T19:54:40.865887+00:00
1126,1765396480.88677,2025-12-10T19:54:40.886772+00:00
1127,1765396480.9076312,2025-12-10T19:54:40.907634+00:00
1128,1765396480.928525,2025-12-10T19:54:40.928528+00:00
1129,1765396480.949396,2025-12-10T19:54:40.949397+00:00
1130,1765396480.97025,2025-12-10T19:54:40.970251+00:00
1131,1765396480.9898298,2025-12-10T19:54:40.989831+00:00
1132,1765396481.010688,2025-12-10T19:54:41.010690+00:00
1133,1765396481.031564,2025-12-10T19:54:41.031566+00:00
1134,1765396481.052448,2025-12-10T19:54:41.052451+00:00
1135,1765396481.073332,2025-12-10T19:54:41.073333+00:00
1136,1765396481.094188,2025-12-10T19:54:41.094191+00:00
1137,1765396481.11434,2025-12-10T19:54:41.114343+00:00
1138,1765396481.1352232,2025-12-10T19:54:41.135228+00:00
1139,1765396481.155937,2025-12-10T19:54:41.155939+00:00
1140,1765396481.1767979,2025-12-10T19:54:41.176799+00:00
1141,1765396481.1976619,2025-12-10T19:54:41.197668+00:00
1142,1765396481.218579,2025-12-10T19:54:41.218581+00:00
1143,1765396481.235452,2025-12-10T19:54:41.235453+00:00
1144,1765396481.252332,2025-12-10T19:54:41.252332+00:00
1145,1765396481.2731788,2025-12-10T19:54:41.273181+00:00
1146,1765396481.2940428,2025-12-10T19:54:41.294049+00:00
1147,1765396481.313123,2025-12-10T19:54:41.313126+00:00
1148,1765396481.331908,2025-12-10T19:54:41.331914+00:00
1149,1765396481.348948,2025-12-10T19:54:41.348948+00:00
1150,1765396481.369802,2025-12-10T19:54:41.369808+00:00
1151,1765396481.3867068,2025-12-10T19:54:41.386709+00:00
1152,1765396481.407619,2025-12-10T19:54:41.407620+00:00
1153,1765396481.4284842,2025-12-10T19:54:41.428489+00:00
1154,1765396481.446181,2025-12-10T19:54:41.446183+00:00
1155,1765396481.467052,2025-12-10T19:54:41.467053+00:00
1156,1765396481.487922,2025-12-10T19:54:41.487927+00:00
1157,1765396481.508409,2025-12-10T19:54:41.508412+00:00
1158,1765396481.529278,2025-12-10T19:54:41.529282+00:00
1159,1765396481.5494652,2025-12-10T19:54:41.549475+00:00
1160,1765396481.57039,2025-12-10T19:54:41.570392+00:00
1161,1765396481.5912561,2025-12-10T19:54:41.591256+00:00
1162,1765396481.611398,2025-12-10T19:54:41.611401+00:00
1163,1765396481.6323001,2025-12-10T19:54:41.632303+00:00
1164,1765396481.651886,2025-12-10T19:54:41.651886+00:00
1165,1765396481.6687942,2025-12-10T19:54:41.668796+00:00
1166,1765396481.689661,2025-12-10T19:54:41.689661+00:00
1167,1765396481.7099671,2025-12-10T19:54:41.709968+00:00
1168,1765396481.730829,2025-12-10T19:54:41.730831+00:00
1169,1765396481.751709,2025-12-10T19:54:41.751712+00:00
1170,1765396481.772598,2025-12-10T19:54:41.772611+00:00
1171,1765396481.793477,2025-12-10T19:54:41.793477+00:00
1172,1765396481.81432,2025-12-10T19:54:41.814320+00:00
1173,1765396481.834481,2025-12-10T19:54:41.834483+00:00
1174,1765396481.8542001,2025-12-10T19:54:41.854201+00:00
1175,1765396481.872423,2025-12-10T19:54:41.872424+00:00
1176,1765396481.893278,2025-12-10T19:54:41.893280+00:00
1177,1765396481.910353,2025-12-10T19:54:41.910355+00:00
1178,1765396481.931212,2025-12-10T19:54:41.931212+00:00
1179,1765396481.9506931,2025-12-10T19:54:41.950699+00:00
1180,1765396481.970304,2025-12-10T19:54:41.970306+00:00
1181,1765396481.991167,2025-12-10T19:54:41.991168+00:00
1182,1765396482.009846,2025-12-10T19:54:42.009848+00:00
1183,1765396482.030698,2025-12-10T19:54:42.030699+00:00
1184,1765396482.048207,2025-12-10T19:54:42.048212+00:00
1185,1765396482.065879,2025-12-10T19:54:42.065882+00:00
1186,1765396482.083477,2025-12-10T19:54:42.083482+00:00
1187,1765396482.104372,2025-12-10T19:54:42.104374+00:00
1188,1765396482.125238,2025-12-10T19:54:42.125240+00:00
1189,1765396482.142519,2025-12-10T19:54:42.142521+00:00
1190,1765396482.163401,2025-12-10T19:54:42.163402+00:00
1191,1765396482.184269,2025-12-10T19:54:42.184269+00:00
1192,1765396482.205153,2025-12-10T19:54:42.205160+00:00
1193,1765396482.226075,2025-12-10T19:54:42.226077+00:00
1194,1765396482.2470012,2025-12-10T19:54:42.247005+00:00
1195,1765396482.2651021,2025-12-10T19:54:42.265107+00:00
1196,1765396482.286047,2025-12-10T19:54:42.286058+00:00
1197,1765396482.33156,2025-12-10T19:54:42.331565+00:00
1198,1765396482.3561668,2025-12-10T19:54:42.356174+00:00
1199,1765396482.3789692,2025-12-10T19:54:42.378973+00:00
1200,1765396482.39844,2025-12-10T19:54:42.398445+00:00
1201,1765396482.416236,2025-12-10T19:54:42.416240+00:00
1202,1765396482.437126,2025-12-10T19:54:42.437130+00:00
1203,1765396482.45803,2025-12-10T19:54:42.458031+00:00
1204,1765396482.478888,2025-12-10T19:54:42.478889+00:00
1205,1765396482.499769,2025-12-10T19:54:42.499772+00:00
1206,1765396482.52065,2025-12-10T19:54:42.520652+00:00
1207,1765396482.541526,2025-12-10T19:54:42.541527+00:00
1208,1765396482.562399,2025-12-10T19:54:42.562412+00:00
1209,1765396482.583338,2025-12-10T19:54:42.583343+00:00
1210,1765396482.604227,2025-12-10T19:54:42.604227+00:00
1211,1765396482.6210392,2025-12-10T19:54:42.621042+00:00
1212,1765396482.641908,2025-12-10T19:54:42.641908+00:00
1213,1765396482.6627798,2025-12-10T19:54:42.662785+00:00
1214,1765396482.683676,2025-12-10T19:54:42.683681+00:00
1215,1765396482.704322,2025-12-10T19:54:42.704325+00:00
1216,1765396482.725178,2025-12-10T19:54:42.725178+00:00
1217,1765396482.744287,2025-12-10T19:54:42.744290+00:00
1218,1765396482.762134,2025-12-10T19:54:42.762138+00:00
1219,1765396482.7802272,2025-12-10T19:54:42.780231+00:00
1220,1765396482.801121,2025-12-10T19:54:42.801127+00:00
1221,1765396482.8197792,2025-12-10T19:54:42.819781+00:00
1222,1765396482.838454,2025-12-10T19:54:42.838506+00:00
1223,1765396482.859395,2025-12-10T19:54:42.859401+00:00
1224,1765396482.8803031,2025-12-10T19:54:42.880309+00:00
1225,1765396482.900983,2025-12-10T19:54:42.900989+00:00
1226,1765396482.920036,2025-12-10T19:54:42.920047+00:00
1227,1765396482.937651,2025-12-10T19:54:42.937652+00:00
1228,1765396482.958508,2025-12-10T19:54:42.958510+00:00
1229,1765396482.9773571,2025-12-10T19:54:42.977366+00:00
1230,1765396482.998243,2025-12-10T19:54:42.998245+00:00
1231,1765396483.019105,2025-12-10T19:54:43.019109+00:00
1232,1765396483.040013,2025-12-10T19:54:43.040014+00:00
1233,1765396483.059459,2025-12-10T19:54:43.059460+00:00
1234,1765396483.0763268,2025-12-10T19:54:43.076329+00:00
1235,1765396483.095614,2025-12-10T19:54:43.095615+00:00
1236,1765396483.113246,2025-12-10T19:54:43.113247+00:00
1237,1765396483.130212,2025-12-10T19:54:43.130213+00:00
1238,1765396483.1489,2025-12-10T19:54:43.148905+00:00
1239,1765396483.165646,2025-12-10T19:54:43.165651+00:00
1240,1765396483.18294,2025-12-10T19:54:43.182947+00:00
1241,1765396483.203851,2025-12-10T19:54:43.203854+00:00
1242,1765396483.22225,2025-12-10T19:54:43.222254+00:00
1243,1765396483.2431428,2025-12-10T19:54:43.243147+00:00
1244,1765396483.264066,2025-12-10T19:54:43.264071+00:00
1245,1765396483.28498,2025-12-10T19:54:43.284983+00:00
1246,1765396483.305856,2025-12-10T19:54:43.305857+00:00
1247,1765396483.326727,2025-12-10T19:54:43.326732+00:00
1248,1765396483.34619,2025-12-10T19:54:43.346194+00:00
1249,1765396483.363384,2025-12-10T19:54:43.363389+00:00
1250,1765396483.3825579,2025-12-10T19:54:43.382561+00:00
1251,1765396483.403444,2025-12-10T19:54:43.403447+00:00
1252,1765396483.42432,2025-12-10T19:54:43.424325+00:00
1253,1765396483.4446878,2025-12-10T19:54:43.444690+00:00
1254,1765396483.462869,2025-12-10T19:54:43.462872+00:00
1255,1765396483.4837508,2025-12-10T19:54:43.483752+00:00
1256,1765396483.5021272,2025-12-10T19:54:43.502132+00:00
1257,1765396483.520894,2025-12-10T19:54:43.520895+00:00
1258,1765396483.542072,2025-12-10T19:54:43.542105+00:00
1259,1765396483.559932,2025-12-10T19:54:43.559937+00:00
1260,1765396483.57882,2025-12-10T19:54:43.578823+00:00
1261,1765396483.598248,2025-12-10T19:54:43.598252+00:00
1262,1765396483.619154,2025-12-10T19:54:43.619160+00:00
1263,1765396483.63664,2025-12-10T19:54:43.636641+00:00
1264,1765396483.656957,2025-12-10T19:54:43.656958+00:00
1265,1765396483.673669,2025-12-10T19:54:43.673671+00:00
1266,1765396483.69455,2025-12-10T19:54:43.694551+00:00
1267,1765396483.715349,2025-12-10T19:54:43.715350+00:00
1268,1765396483.736192,2025-12-10T19:54:43.736192+00:00
1269,1765396483.756004,2025-12-10T19:54:43.756007+00:00
1270,1765396483.776885,2025-12-10T19:54:43.776890+00:00
1271,1765396483.794741,2025-12-10T19:54:43.794744+00:00
1272,1765396483.815616,2025-12-10T19:54:43.815617+00:00
1273,1765396483.836722,2025-12-10T19:54:43.836724+00:00
1274,1765396483.857594,2025-12-10T19:54:43.857595+00:00
1275,1765396483.8784618,2025-12-10T19:54:43.878463+00:00
1276,1765396483.899324,2025-12-10T19:54:43.899326+00:00
1277,1765396483.918952,2025-12-10T19:54:43.918953+00:00
1278,1765396483.9391842,2025-12-10T19:54:43.939188+00:00
1279,1765396483.95954,2025-12-10T19:54:43.959542+00:00
1280,1765396483.980424,2025-12-10T19:54:43.980425+00:00
1281,1765396483.999389,2025-12-10T19:54:43.999390+00:00
1282,1765396484.019785,2025-12-10T19:54:44.019786+00:00
1283,1765396484.037054,2025-12-10T19:54:44.037056+00:00
1284,1765396484.057427,2025-12-10T19:54:44.057427+00:00
1285,1765396484.0782888,2025-12-10T19:54:44.078290+00:00
1286,1765396484.0991821,2025-12-10T19:54:44.099186+00:00
1287,1765396484.118517,2025-12-10T19:54:44.118519+00:00
1288,1765396484.1393878,2025-12-10T19:54:44.139390+00:00
1289,1765396484.160099,2025-12-10T19:54:44.160101+00:00
1290,1765396484.1800551,2025-12-10T19:54:44.180057+00:00
1291,1765396484.200918,2025-12-10T19:54:44.200919+00:00
1292,1765396484.221771,2025-12-10T19:54:44.221772+00:00
1293,1765396484.2426372,2025-12-10T19:54:44.242640+00:00
1294,1765396484.2598898,2025-12-10T19:54:44.259891+00:00
1295,1765396484.279904,2025-12-10T19:54:44.279906+00:00
1296,1765396484.3007638,2025-12-10T19:54:44.300765+00:00
1297,1765396484.3178182,2025-12-10T19:54:44.317819+00:00
1298,1765396484.338677,2025-12-10T19:54:44.338679+00:00
1299,1765396484.3595421,2025-12-10T19:54:44.359543+00:00
1300,1765396484.380408,2025-12-10T19:54:44.380412+00:00
1301,1765396484.4013171,2025-12-10T19:54:44.401318+00:00
1302,1765396484.4221811,2025-12-10T19:54:44.422182+00:00
1303,1765396484.4425468,2025-12-10T19:54:44.442549+00:00
1304,1765396484.463401,2025-12-10T19:54:44.463401+00:00
1305,1765396484.4842591,2025-12-10T19:54:44.484260+00:00
1306,1765396484.50512,2025-12-10T19:54:44.505120+00:00
1307,1765396484.523278,2025-12-10T19:54:44.523279+00:00
1308,1765396484.542037,2025-12-10T19:54:44.542040+00:00
1309,1765396484.5629098,2025-12-10T19:54:44.562912+00:00
1310,1765396484.5837922,2025-12-10T19:54:44.583794+00:00
1311,1765396484.604682,2025-12-10T19:54:44.604686+00:00
1312,1765396484.625581,2025-12-10T19:54:44.625583+00:00
1313,1765396484.6431758,2025-12-10T19:54:44.643180+00:00
1314,1765396484.66357,2025-12-10T19:54:44.663574+00:00
1315,1765396484.684453,2025-12-10T19:54:44.684455+00:00
1316,1765396484.705318,2025-12-10T19:54:44.705318+00:00
1317,1765396484.726163,2025-12-10T19:54:44.726164+00:00
1318,1765396484.747017,2025-12-10T19:54:44.747018+00:00
1319,1765396484.767885,2025-12-10T19:54:44.767886+00:00
1320,1765396484.788745,2025-12-10T19:54:44.788745+00:00
1321,1765396484.8096058,2025-12-10T19:54:44.809610+00:00
1322,1765396484.827198,2025-12-10T19:54:44.827199+00:00
1323,1765396484.84807,2025-12-10T19:54:44.848077+00:00
1324,1765396484.867457,2025-12-10T19:54:44.867460+00:00
1325,1765396484.885847,2025-12-10T19:54:44.885849+00:00
1326,1765396484.90671,2025-12-10T19:54:44.906710+00:00
1327,1765396484.926919,2025-12-10T19:54:44.926921+00:00
1328,1765396484.944927,2025-12-10T19:54:44.944927+00:00
1329,1765396484.9657888,2025-12-10T19:54:44.965790+00:00
1330,1765396484.986659,2025-12-10T19:54:44.986661+00:00
1331,1765396485.0051992,2025-12-10T19:54:45.005203+00:00
1332,1765396485.0243049,2025-12-10T19:54:45.024320+00:00
1333,1765396485.045197,2025-12-10T19:54:45.045203+00:00
1334,1765396485.0659149,2025-12-10T19:54:45.065919+00:00
1335,1765396485.086813,2025-12-10T19:54:45.086815+00:00
1336,1765396485.104766,2025-12-10T19:54:45.104768+00:00
1337,1765396485.124371,2025-12-10T19:54:45.124372+00:00
1338,1765396485.142498,2025-12-10T19:54:45.142500+00:00
1339,1765396485.162729,2025-12-10T19:54:45.162729+00:00
1340,1765396485.1829891,2025-12-10T19:54:45.182992+00:00
1341,1765396485.20132,2025-12-10T19:54:45.201322+00:00
1342,1765396485.222187,2025-12-10T19:54:45.222187+00:00
1343,1765396485.2430432,2025-12-10T19:54:45.243048+00:00
1344,1765396485.262364,2025-12-10T19:54:45.262366+00:00
1345,1765396485.280449,2025-12-10T19:54:45.280450+00:00
1346,1765396485.297879,2025-12-10T19:54:45.297881+00:00
1347,1765396485.3166878,2025-12-10T19:54:45.316692+00:00
1348,1765396485.337586,2025-12-10T19:54:45.337588+00:00
1349,1765396485.358453,2025-12-10T19:54:45.358466+00:00
1350,1765396485.3760471,2025-12-10T19:54:45.376051+00:00
1351,1765396485.393725,2025-12-10T19:54:45.393728+00:00
1352,1765396485.412006,2025-12-10T19:54:45.412007+00:00
1353,1765396485.4328551,2025-12-10T19:54:45.432856+00:00
1354,1765396485.453705,2025-12-10T19:54:45.453706+00:00
1355,1765396485.4745688,2025-12-10T19:54:45.474570+00:00
1356,1765396485.495425,2025-12-10T19:54:45.495427+00:00
1357,1765396485.512505,2025-12-10T19:54:45.512506+00:00
1358,1765396485.533371,2025-12-10T19:54:45.533374+00:00
1359,1765396485.553396,2025-12-10T19:54:45.553399+00:00
1360,1765396485.571512,2025-12-10T19:54:45.571517+00:00
1361,1765396485.590917,2025-12-10T19:54:45.590921+00:00
1362,1765396485.6104488,2025-12-10T19:54:45.610450+00:00
1363,1765396485.629647,2025-12-10T19:54:45.629649+00:00
1364,1765396485.6466281,2025-12-10T19:54:45.646634+00:00
1365,1765396485.667547,2025-12-10T19:54:45.667549+00:00
1366,1765396485.688413,2025-12-10T19:54:45.688414+00:00
1367,1765396485.706732,2025-12-10T19:54:45.706734+00:00
1368,1765396485.72682,2025-12-10T19:54:45.726821+00:00
1369,1765396485.747749,2025-12-10T19:54:45.747755+00:00
1370,1765396485.7659059,2025-12-10T19:54:45.765909+00:00
1371,1765396485.787464,2025-12-10T19:54:45.787469+00:00
1372,1765396485.808345,2025-12-10T19:54:45.808348+00:00
1373,1765396485.828963,2025-12-10T19:54:45.828966+00:00
1374,1765396485.8498602,2025-12-10T19:54:45.849862+00:00
1375,1765396485.870713,2025-12-10T19:54:45.870714+00:00
1376,1765396485.887455,2025-12-10T19:54:45.887458+00:00
1377,1765396485.906325,2025-12-10T19:54:45.906326+00:00
1378,1765396485.924295,2025-12-10T19:54:45.924297+00:00
1379,1765396485.945179,2025-12-10T19:54:45.945184+00:00
1380,1765396485.9660742,2025-12-10T19:54:45.966075+00:00
1381,1765396485.985567,2025-12-10T19:54:45.985571+00:00
1382,1765396486.006444,2025-12-10T19:54:46.006448+00:00
1383,1765396486.027342,2025-12-10T19:54:46.027345+00:00
1384,1765396486.046155,2025-12-10T19:54:46.046165+00:00
1385,1765396486.063371,2025-12-10T19:54:46.063373+00:00
1386,1765396486.083741,2025-12-10T19:54:46.083744+00:00
1387,1765396486.1046069,2025-12-10T19:54:46.104608+00:00
1388,1765396486.12271,2025-12-10T19:54:46.122714+00:00
1389,1765396486.1435468,2025-12-10T19:54:46.143548+00:00
1390,1765396486.164405,2025-12-10T19:54:46.164410+00:00
1391,1765396486.183682,2025-12-10T19:54:46.183684+00:00
1392,1765396486.203731,2025-12-10T19:54:46.203733+00:00
1393,1765396486.2217221,2025-12-10T19:54:46.221724+00:00
1394,1765396486.242593,2025-12-10T19:54:46.242593+00:00
1395,1765396486.263443,2025-12-10T19:54:46.263444+00:00
1396,1765396486.284309,2025-12-10T19:54:46.284311+00:00
1397,1765396486.305173,2025-12-10T19:54:46.305174+00:00
1398,1765396486.3260212,2025-12-10T19:54:46.326023+00:00
1399,1765396486.344885,2025-12-10T19:54:46.344893+00:00
1400,1765396486.3620129,2025-12-10T19:54:46.362019+00:00
1401,1765396486.382567,2025-12-10T19:54:46.382570+00:00
1402,1765396486.4025018,2025-12-10T19:54:46.402504+00:00
1403,1765396486.422295,2025-12-10T19:54:46.422297+00:00
1404,1765396486.4431932,2025-12-10T19:54:46.443194+00:00
1405,1765396486.460763,2025-12-10T19:54:46.460771+00:00
1406,1765396486.48031,2025-12-10T19:54:46.480311+00:00
1407,1765396486.501181,2025-12-10T19:54:46.501188+00:00
1408,1765396486.521399,2025-12-10T19:54:46.521407+00:00
1409,1765396486.538249,2025-12-10T19:54:46.538251+00:00
1410,1765396486.5588422,2025-12-10T19:54:46.558849+00:00
1411,1765396486.57626,2025-12-10T19:54:46.576264+00:00
1412,1765396486.595948,2025-12-10T19:54:46.595952+00:00
1413,1765396486.61788,2025-12-10T19:54:46.617881+00:00
1414,1765396486.635262,2025-12-10T19:54:46.635264+00:00
1415,1765396486.656136,2025-12-10T19:54:46.656136+00:00
1416,1765396486.67698,2025-12-10T19:54:46.676980+00:00
1417,1765396486.697828,2025-12-10T19:54:46.697829+00:00
1418,1765396486.7186801,2025-12-10T19:54:46.718681+00:00
1419,1765396486.7391129,2025-12-10T19:54:46.739114+00:00
1420,1765396486.759418,2025-12-10T19:54:46.759420+00:00
1421,1765396486.780295,2025-12-10T19:54:46.780297+00:00
1422,1765396486.7990022,2025-12-10T19:54:46.799003+00:00
1423,1765396486.820138,2025-12-10T19:54:46.820139+00:00
1424,1765396486.841003,2025-12-10T19:54:46.841005+00:00
1425,1765396486.8577762,2025-12-10T19:54:46.857776+00:00
1426,1765396486.878633,2025-12-10T19:54:46.878634+00:00
1427,1765396486.89951,2025-12-10T19:54:46.899514+00:00
1428,1765396486.9204218,2025-12-10T19:54:46.920424+00:00
1429,1765396486.939038,2025-12-10T19:54:46.939038+00:00
1430,1765396486.9585521,2025-12-10T19:54:46.958557+00:00
1431,1765396486.9794428,2025-12-10T19:54:46.979447+00:00
1432,1765396487.00032,2025-12-10T19:54:47.000323+00:00
1433,1765396487.020573,2025-12-10T19:54:47.020576+00:00
1434,1765396487.0391092,2025-12-10T19:54:47.039110+00:00
1435,1765396487.059965,2025-12-10T19:54:47.059969+00:00
1436,1765396487.079337,2025-12-10T19:54:47.079339+00:00
1437,1765396487.0973911,2025-12-10T19:54:47.097395+00:00
1438,1765396487.115925,2025-12-10T19:54:47.115929+00:00
1439,1765396487.133947,2025-12-10T19:54:47.133951+00:00
1440,1765396487.1511612,2025-12-10T19:54:47.151164+00:00
1441,1765396487.168931,2025-12-10T19:54:47.168935+00:00
1442,1765396487.189811,2025-12-10T19:54:47.189813+00:00
1443,1765396487.210686,2025-12-10T19:54:47.210687+00:00
1444,1765396487.23156,2025-12-10T19:54:47.231562+00:00
1445,1765396487.250883,2025-12-10T19:54:47.250883+00:00
1446,1765396487.273786,2025-12-10T19:54:47.273791+00:00
1447,1765396487.294687,2025-12-10T19:54:47.294690+00:00
1448,1765396487.315559,2025-12-10T19:54:47.315563+00:00
1449,1765396487.333069,2025-12-10T19:54:47.333073+00:00
1450,1765396487.353651,2025-12-10T19:54:47.353657+00:00
1451,1765396487.374539,2025-12-10T19:54:47.374540+00:00
1452,1765396487.395275,2025-12-10T19:54:47.395281+00:00
1453,1765396487.4142232,2025-12-10T19:54:47.414226+00:00
1454,1765396487.4346461,2025-12-10T19:54:47.434649+00:00
1455,1765396487.455803,2025-12-10T19:54:47.455805+00:00
1456,1765396487.476668,2025-12-10T19:54:47.476669+00:00
1457,1765396487.497518,2025-12-10T19:54:47.497520+00:00
1458,1765396487.514596,2025-12-10T19:54:47.514596+00:00
1459,1765396487.53546,2025-12-10T19:54:47.535465+00:00
1460,1765396487.555049,2025-12-10T19:54:47.555051+00:00
1461,1765396487.575905,2025-12-10T19:54:47.575907+00:00
1462,1765396487.59677,2025-12-10T19:54:47.596774+00:00
1463,1765396487.617676,2025-12-10T19:54:47.617680+00:00
1464,1765396487.636402,2025-12-10T19:54:47.636408+00:00
1465,1765396487.654306,2025-12-10T19:54:47.654308+00:00
1466,1765396487.674461,2025-12-10T19:54:47.674463+00:00
1467,1765396487.695372,2025-12-10T19:54:47.695374+00:00
1468,1765396487.7154438,2025-12-10T19:54:47.715444+00:00
1469,1765396487.73629,2025-12-10T19:54:47.736296+00:00
1470,1765396487.7534451,2025-12-10T19:54:47.753446+00:00
1471,1765396487.7743082,2025-12-10T19:54:47.774313+00:00
1472,1765396487.7950919,2025-12-10T19:54:47.795095+00:00
1473,1765396487.815967,2025-12-10T19:54:47.815968+00:00
1474,1765396487.834639,2025-12-10T19:54:47.834639+00:00
1475,1765396487.854439,2025-12-10T19:54:47.854442+00:00
1476,1765396487.875019,2025-12-10T19:54:47.875025+00:00
1477,1765396487.8919868,2025-12-10T19:54:47.891992+00:00
1478,1765396487.912883,2025-12-10T19:54:47.912886+00:00
1479,1765396487.930091,2025-12-10T19:54:47.930093+00:00
1480,1765396487.950954,2025-12-10T19:54:47.950958+00:00
1481,1765396487.971837,2025-12-10T19:54:47.971841+00:00
1482,1765396487.990195,2025-12-10T19:54:47.990199+00:00
1483,1765396488.01107,2025-12-10T19:54:48.011071+00:00
1484,1765396488.0279522,2025-12-10T19:54:48.027954+00:00
1485,1765396488.0463731,2025-12-10T19:54:48.046375+00:00
1486,1765396488.064849,2025-12-10T19:54:48.064852+00:00
1487,1765396488.084477,2025-12-10T19:54:48.084479+00:00
1488,1765396488.102883,2025-12-10T19:54:48.102884+00:00
1489,1765396488.123753,2025-12-10T19:54:48.123753+00:00
1490,1765396488.1429088,2025-12-10T19:54:48.142910+00:00
1491,1765396488.163348,2025-12-10T19:54:48.163350+00:00
1492,1765396488.184234,2025-12-10T19:54:48.184236+00:00
1493,1765396488.2051048,2025-12-10T19:54:48.205107+00:00
1494,1765396488.2259781,2025-12-10T19:54:48.225982+00:00
1495,1765396488.2454531,2025-12-10T19:54:48.245454+00:00
1496,1765396488.2663,2025-12-10T19:54:48.266300+00:00
1497,1765396488.286489,2025-12-10T19:54:48.286490+00:00
1498,1765396488.3073359,2025-12-10T19:54:48.307337+00:00
1499,1765396488.328193,2025-12-10T19:54:48.328197+00:00
1500,1765396488.347627,2025-12-10T19:54:48.347630+00:00
1501,1765396488.3677912,2025-12-10T19:54:48.367793+00:00
1502,1765396488.38556,2025-12-10T19:54:48.385562+00:00
1503,1765396488.404,2025-12-10T19:54:48.404000+00:00
1504,1765396488.4210298,2025-12-10T19:54:48.421031+00:00
1505,1765396488.441891,2025-12-10T19:54:48.441891+00:00
1506,1765396488.461809,2025-12-10T19:54:48.461812+00:00
1507,1765396488.482702,2025-12-10T19:54:48.482704+00:00
1508,1765396488.503575,2025-12-10T19:54:48.503580+00:00
1509,1765396488.521909,2025-12-10T19:54:48.521911+00:00
1510,1765396488.5418549,2025-12-10T19:54:48.541857+00:00
1511,1765396488.558809,2025-12-10T19:54:48.558812+00:00
1512,1765396488.579695,2025-12-10T19:54:48.579697+00:00
1513,1765396488.599387,2025-12-10T19:54:48.599392+00:00
1514,1765396488.620267,2025-12-10T19:54:48.620268+00:00
1515,1765396488.6411362,2025-12-10T19:54:48.641141+00:00
1516,1765396488.6597388,2025-12-10T19:54:48.659743+00:00
1517,1765396488.6774862,2025-12-10T19:54:48.677488+00:00
1518,1765396488.698123,2025-12-10T19:54:48.698124+00:00
1519,1765396488.718838,2025-12-10T19:54:48.718839+00:00
1520,1765396488.737769,2025-12-10T19:54:48.737775+00:00
1521,1765396488.7586749,2025-12-10T19:54:48.758678+00:00
1522,1765396488.779377,2025-12-10T19:54:48.779381+00:00
1523,1765396488.800266,2025-12-10T19:54:48.800269+00:00
1524,1765396488.821141,2025-12-10T19:54:48.821155+00:00
1525,1765396488.8420758,2025-12-10T19:54:48.842086+00:00
1526,1765396488.863014,2025-12-10T19:54:48.863026+00:00
1527,1765396488.884025,2025-12-10T19:54:48.884031+00:00
1528,1765396488.904036,2025-12-10T19:54:48.904045+00:00
1529,1765396488.921516,2025-12-10T19:54:48.921517+00:00
1530,1765396488.94134,2025-12-10T19:54:48.941346+00:00
1531,1765396488.960518,2025-12-10T19:54:48.960538+00:00
1532,1765396488.980683,2025-12-10T19:54:48.980687+00:00
1533,1765396489.0012648,2025-12-10T19:54:49.001269+00:00
1534,1765396489.0221398,2025-12-10T19:54:49.022144+00:00
1535,1765396489.0430121,2025-12-10T19:54:49.043016+00:00
1536,1765396489.062356,2025-12-10T19:54:49.062362+00:00
1537,1765396489.079435,2025-12-10T19:54:49.079440+00:00
1538,1765396489.0995042,2025-12-10T19:54:49.099517+00:00
1539,1765396489.1186602,2025-12-10T19:54:49.118663+00:00
1540,1765396489.139564,2025-12-10T19:54:49.139632+00:00
1541,1765396489.160624,2025-12-10T19:54:49.160629+00:00
1542,1765396489.1793559,2025-12-10T19:54:49.179360+00:00
1543,1765396489.200245,2025-12-10T19:54:49.200250+00:00
1544,1765396489.2210612,2025-12-10T19:54:49.221065+00:00
1545,1765396489.240627,2025-12-10T19:54:49.240632+00:00
1546,1765396489.257917,2025-12-10T19:54:49.257921+00:00
1547,1765396489.278472,2025-12-10T19:54:49.278476+00:00
1548,1765396489.299372,2025-12-10T19:54:49.299381+00:00
1549,1765396489.320299,2025-12-10T19:54:49.320303+00:00
1550,1765396489.340251,2025-12-10T19:54:49.340256+00:00
1551,1765396489.3582761,2025-12-10T19:54:49.358288+00:00
1552,1765396489.3772109,2025-12-10T19:54:49.377216+00:00
1553,1765396489.397494,2025-12-10T19:54:49.397500+00:00
1554,1765396489.417431,2025-12-10T19:54:49.417435+00:00
1555,1765396489.437222,2025-12-10T19:54:49.437227+00:00
1556,1765396489.45469,2025-12-10T19:54:49.454695+00:00
1557,1765396489.472704,2025-12-10T19:54:49.472708+00:00
1558,1765396489.491147,2025-12-10T19:54:49.491168+00:00
1559,1765396489.5120692,2025-12-10T19:54:49.512079+00:00
1560,1765396489.529608,2025-12-10T19:54:49.529612+00:00
1561,1765396489.550496,2025-12-10T19:54:49.550502+00:00
1562,1765396489.571201,2025-12-10T19:54:49.571206+00:00
1563,1765396489.587936,2025-12-10T19:54:49.587941+00:00
1564,1765396489.608634,2025-12-10T19:54:49.608637+00:00
1565,1765396489.6284301,2025-12-10T19:54:49.628440+00:00
1566,1765396489.646101,2025-12-10T19:54:49.646104+00:00
1567,1765396489.666166,2025-12-10T19:54:49.666171+00:00
1568,1765396489.68707,2025-12-10T19:54:49.687072+00:00
1569,1765396489.70675,2025-12-10T19:54:49.706754+00:00
1570,1765396489.724614,2025-12-10T19:54:49.724616+00:00
1571,1765396489.745496,2025-12-10T19:54:49.745501+00:00
1572,1765396489.766253,2025-12-10T19:54:49.766255+00:00
1573,1765396489.7856169,2025-12-10T19:54:49.785618+00:00
1574,1765396489.805826,2025-12-10T19:54:49.805899+00:00
1575,1765396489.823303,2025-12-10T19:54:49.823306+00:00
1576,1765396489.8441799,2025-12-10T19:54:49.844186+00:00
1577,1765396489.865123,2025-12-10T19:54:49.865127+00:00
1578,1765396489.886028,2025-12-10T19:54:49.886036+00:00
1579,1765396489.904922,2025-12-10T19:54:49.904927+00:00
1580,1765396489.923681,2025-12-10T19:54:49.923685+00:00
1581,1765396489.940414,2025-12-10T19:54:49.940423+00:00
1582,1765396489.961353,2025-12-10T19:54:49.961369+00:00
1583,1765396489.9806468,2025-12-10T19:54:49.980652+00:00
1584,1765396489.999088,2025-12-10T19:54:49.999094+00:00
1585,1765396490.018829,2025-12-10T19:54:50.018834+00:00
1586,1765396490.039752,2025-12-10T19:54:50.039759+00:00
1587,1765396490.060652,2025-12-10T19:54:50.060654+00:00
1588,1765396490.081527,2025-12-10T19:54:50.081535+00:00
1589,1765396490.101331,2025-12-10T19:54:50.101332+00:00
1590,1765396490.121342,2025-12-10T19:54:50.121343+00:00
1591,1765396490.142198,2025-12-10T19:54:50.142201+00:00
1592,1765396490.1630971,2025-12-10T19:54:50.163102+00:00
1593,1765396490.183562,2025-12-10T19:54:50.183569+00:00
1594,1765396490.203444,2025-12-10T19:54:50.203451+00:00
1595,1765396490.22435,2025-12-10T19:54:50.224355+00:00
1596,1765396490.242008,2025-12-10T19:54:50.242014+00:00
1597,1765396490.26293,2025-12-10T19:54:50.262936+00:00
1598,1765396490.2835462,2025-12-10T19:54:50.283556+00:00
1599,1765396490.304585,2025-12-10T19:54:50.304597+00:00
1600,1765396490.325377,2025-12-10T19:54:50.325400+00:00
1601,1765396490.346007,2025-12-10T19:54:50.346012+00:00
1602,1765396490.365629,2025-12-10T19:54:50.365635+00:00
1603,1765396490.386548,2025-12-10T19:54:50.386558+00:00
1604,1765396490.407456,2025-12-10T19:54:50.407461+00:00
1605,1765396490.425778,2025-12-10T19:54:50.425784+00:00
1606,1765396490.446296,2025-12-10T19:54:50.446300+00:00
1607,1765396490.4671848,2025-12-10T19:54:50.467189+00:00
1608,1765396490.4876218,2025-12-10T19:54:50.487628+00:00
1609,1765396490.5085151,2025-12-10T19:54:50.508521+00:00
1610,1765396490.528461,2025-12-10T19:54:50.528465+00:00
1611,1765396490.5493472,2025-12-10T19:54:50.549351+00:00
1612,1765396490.5702531,2025-12-10T19:54:50.570259+00:00
1613,1765396490.58862,2025-12-10T19:54:50.588628+00:00
1614,1765396490.609538,2025-12-10T19:54:50.609542+00:00
1615,1765396490.630445,2025-12-10T19:54:50.630466+00:00
1616,1765396490.650175,2025-12-10T19:54:50.650177+00:00
1617,1765396490.6694348,2025-12-10T19:54:50.669439+00:00
1618,1765396490.690343,2025-12-10T19:54:50.690350+00:00
1619,1765396490.708406,2025-12-10T19:54:50.708411+00:00
1620,1765396490.7293031,2025-12-10T19:54:50.729308+00:00
1621,1765396490.7502139,2025-12-10T19:54:50.750224+00:00
1622,1765396490.77113,2025-12-10T19:54:50.771135+00:00
1623,1765396490.791904,2025-12-10T19:54:50.791910+00:00
1624,1765396490.809431,2025-12-10T19:54:50.809436+00:00
1625,1765396490.830333,2025-12-10T19:54:50.830338+00:00
1626,1765396490.851232,2025-12-10T19:54:50.851236+00:00
1627,1765396490.871254,2025-12-10T19:54:50.871258+00:00
1628,1765396490.889493,2025-12-10T19:54:50.889496+00:00
1629,1765396490.909218,2025-12-10T19:54:50.909222+00:00
1630,1765396490.927336,2025-12-10T19:54:50.927341+00:00
1631,1765396490.944374,2025-12-10T19:54:50.944377+00:00
1632,1765396490.965261,2025-12-10T19:54:50.965291+00:00
1633,1765396490.9946592,2025-12-10T19:54:50.994664+00:00
1634,1765396491.012415,2025-12-10T19:54:51.012420+00:00
1635,1765396491.0340538,2025-12-10T19:54:51.034058+00:00
1636,1765396491.064807,2025-12-10T19:54:51.064812+00:00
1637,1765396491.085728,2025-12-10T19:54:51.085732+00:00
1638,1765396491.1066082,2025-12-10T19:54:51.106613+00:00
1639,1765396491.1275148,2025-12-10T19:54:51.127520+00:00
1640,1765396491.145358,2025-12-10T19:54:51.145362+00:00
1641,1765396491.165736,2025-12-10T19:54:51.165740+00:00
1642,1765396491.184808,2025-12-10T19:54:51.184812+00:00
1643,1765396491.204681,2025-12-10T19:54:51.204686+00:00
1644,1765396491.224809,2025-12-10T19:54:51.224810+00:00
1645,1765396491.2456708,2025-12-10T19:54:51.245672+00:00
1646,1765396491.266528,2025-12-10T19:54:51.266532+00:00
1647,1765396491.2874181,2025-12-10T19:54:51.287419+00:00
1648,1765396491.308287,2025-12-10T19:54:51.308292+00:00
1649,1765396491.3253708,2025-12-10T19:54:51.325374+00:00
1650,1765396491.343059,2025-12-10T19:54:51.343060+00:00
1651,1765396491.3639219,2025-12-10T19:54:51.363926+00:00
1652,1765396491.384814,2025-12-10T19:54:51.384815+00:00
1653,1765396491.4035048,2025-12-10T19:54:51.403512+00:00
1654,1765396491.421045,2025-12-10T19:54:51.421048+00:00
1655,1765396491.441926,2025-12-10T19:54:51.441928+00:00
1656,1765396491.461131,2025-12-10T19:54:51.461134+00:00
1657,1765396491.4803798,2025-12-10T19:54:51.480384+00:00
1658,1765396491.5012648,2025-12-10T19:54:51.501269+00:00
1659,1765396491.5221372,2025-12-10T19:54:51.522143+00:00
1660,1765396491.5420852,2025-12-10T19:54:51.542088+00:00
1661,1765396491.56244,2025-12-10T19:54:51.562444+00:00
1662,1765396491.583332,2025-12-10T19:54:51.583336+00:00
1663,1765396491.604243,2025-12-10T19:54:51.604251+00:00
1664,1765396491.625144,2025-12-10T19:54:51.625146+00:00
1665,1765396491.645622,2025-12-10T19:54:51.645626+00:00
1666,1765396491.6658041,2025-12-10T19:54:51.665811+00:00
1667,1765396491.683543,2025-12-10T19:54:51.683576+00:00
1668,1765396491.704475,2025-12-10T19:54:51.704478+00:00
1669,1765396491.7253609,2025-12-10T19:54:51.725363+00:00
1670,1765396491.7462301,2025-12-10T19:54:51.746235+00:00
1671,1765396491.7670138,2025-12-10T19:54:51.767026+00:00
1672,1765396491.785773,2025-12-10T19:54:51.785777+00:00
1673,1765396491.8066628,2025-12-10T19:54:51.806669+00:00
1674,1765396491.827586,2025-12-10T19:54:51.827590+00:00
1675,1765396491.846061,2025-12-10T19:54:51.846067+00:00
1676,1765396491.866876,2025-12-10T19:54:51.866880+00:00
1677,1765396491.887758,2025-12-10T19:54:51.887763+00:00
1678,1765396491.9054039,2025-12-10T19:54:51.905407+00:00
1679,1765396491.924,2025-12-10T19:54:51.924006+00:00
1680,1765396491.944899,2025-12-10T19:54:51.944901+00:00
1681,1765396491.9657652,2025-12-10T19:54:51.965768+00:00
1682,1765396491.982922,2025-12-10T19:54:51.982930+00:00
1683,1765396492.000257,2025-12-10T19:54:52.000267+00:00
1684,1765396492.021234,2025-12-10T19:54:52.021240+00:00
1685,1765396492.042136,2025-12-10T19:54:52.042137+00:00
1686,1765396492.062996,2025-12-10T19:54:52.062999+00:00
1687,1765396492.0835562,2025-12-10T19:54:52.083561+00:00
1688,1765396492.101511,2025-12-10T19:54:52.101517+00:00
1689,1765396492.118656,2025-12-10T19:54:52.118660+00:00
1690,1765396492.1369221,2025-12-10T19:54:52.136925+00:00
1691,1765396492.157121,2025-12-10T19:54:52.157123+00:00
1692,1765396492.177994,2025-12-10T19:54:52.177994+00:00
1693,1765396492.195752,2025-12-10T19:54:52.195755+00:00
1694,1765396492.216622,2025-12-10T19:54:52.216622+00:00
1695,1765396492.236254,2025-12-10T19:54:52.236255+00:00
1696,1765396492.2547698,2025-12-10T19:54:52.254772+00:00
1697,1765396492.275651,2025-12-10T19:54:52.275655+00:00
1698,1765396492.296449,2025-12-10T19:54:52.296452+00:00
1699,1765396492.317336,2025-12-10T19:54:52.317339+00:00
1700,1765396492.3347561,2025-12-10T19:54:52.334759+00:00
1701,1765396492.355642,2025-12-10T19:54:52.355645+00:00
1702,1765396492.3765252,2025-12-10T19:54:52.376529+00:00
1703,1765396492.3963032,2025-12-10T19:54:52.396305+00:00
1704,1765396492.4149408,2025-12-10T19:54:52.414946+00:00
1705,1765396492.4334211,2025-12-10T19:54:52.433423+00:00
1706,1765396492.4513438,2025-12-10T19:54:52.451350+00:00
1707,1765396492.472281,2025-12-10T19:54:52.472285+00:00
1708,1765396492.493165,2025-12-10T19:54:52.493166+00:00
1709,1765396492.514038,2025-12-10T19:54:52.514041+00:00
1710,1765396492.534102,2025-12-10T19:54:52.534104+00:00
1711,1765396492.554296,2025-12-10T19:54:52.554296+00:00
1712,1765396492.57338,2025-12-10T19:54:52.573383+00:00
1713,1765396492.594272,2025-12-10T19:54:52.594276+00:00
1714,1765396492.615176,2025-12-10T19:54:52.615181+00:00
1715,1765396492.63403,2025-12-10T19:54:52.634036+00:00
1716,1765396492.6528902,2025-12-10T19:54:52.652895+00:00
1717,1765396492.673791,2025-12-10T19:54:52.673797+00:00
1718,1765396492.69314,2025-12-10T19:54:52.693141+00:00
1719,1765396492.711406,2025-12-10T19:54:52.711408+00:00
1720,1765396492.732288,2025-12-10T19:54:52.732289+00:00
1721,1765396492.753147,2025-12-10T19:54:52.753150+00:00
1722,1765396492.771605,2025-12-10T19:54:52.771605+00:00
1723,1765396492.792205,2025-12-10T19:54:52.792205+00:00
1724,1765396492.812613,2025-12-10T19:54:52.812617+00:00
1725,1765396492.833517,2025-12-10T19:54:52.833518+00:00
1726,1765396492.851038,2025-12-10T19:54:52.851040+00:00
1727,1765396492.871914,2025-12-10T19:54:52.871918+00:00
1728,1765396492.892812,2025-12-10T19:54:52.892814+00:00
1729,1765396492.909944,2025-12-10T19:54:52.909948+00:00
1730,1765396492.927229,2025-12-10T19:54:52.927234+00:00
1731,1765396492.946135,2025-12-10T19:54:52.946139+00:00
1732,1765396492.966995,2025-12-10T19:54:52.966997+00:00
1733,1765396492.984491,2025-12-10T19:54:52.984493+00:00
1734,1765396493.005357,2025-12-10T19:54:53.005360+00:00
1735,1765396493.02623,2025-12-10T19:54:53.026231+00:00
1736,1765396493.047084,2025-12-10T19:54:53.047086+00:00
1737,1765396493.0660238,2025-12-10T19:54:53.066025+00:00
1738,1765396493.086884,2025-12-10T19:54:53.086888+00:00
1739,1765396493.10549,2025-12-10T19:54:53.105492+00:00
1740,1765396493.123903,2025-12-10T19:54:53.123909+00:00
1741,1765396493.141044,2025-12-10T19:54:53.141046+00:00
1742,1765396493.161174,2025-12-10T19:54:53.161178+00:00
1743,1765396493.182134,2025-12-10T19:54:53.182135+00:00
1744,1765396493.2029939,2025-12-10T19:54:53.202996+00:00
1745,1765396493.2238588,2025-12-10T19:54:53.223862+00:00
1746,1765396493.244745,2025-12-10T19:54:53.244748+00:00
1747,1765396493.264022,2025-12-10T19:54:53.264026+00:00
1748,1765396493.2826319,2025-12-10T19:54:53.282634+00:00
1749,1765396493.303531,2025-12-10T19:54:53.303537+00:00
1750,1765396493.32127,2025-12-10T19:54:53.321272+00:00
1751,1765396493.34214,2025-12-10T19:54:53.342142+00:00
1752,1765396493.36302,2025-12-10T19:54:53.363024+00:00
1753,1765396493.380169,2025-12-10T19:54:53.380169+00:00
1754,1765396493.400573,2025-12-10T19:54:53.400578+00:00
1755,1765396493.421459,2025-12-10T19:54:53.421461+00:00
1756,1765396493.4423249,2025-12-10T19:54:53.442330+00:00
1757,1765396493.461845,2025-12-10T19:54:53.461850+00:00
1758,1765396493.4821372,2025-12-10T19:54:53.482142+00:00
1759,1765396493.503016,2025-12-10T19:54:53.503019+00:00
1760,1765396493.5237691,2025-12-10T19:54:53.523776+00:00
1761,1765396493.544665,2025-12-10T19:54:53.544666+00:00
1762,1765396493.562752,2025-12-10T19:54:53.562756+00:00
1763,1765396493.58229,2025-12-10T19:54:53.582301+00:00
1764,1765396493.6032572,2025-12-10T19:54:53.603259+00:00
1765,1765396493.62035,2025-12-10T19:54:53.620356+00:00
1766,1765396493.641243,2025-12-10T19:54:53.641244+00:00
1767,1765396493.662115,2025-12-10T19:54:53.662119+00:00
1768,1765396493.6819031,2025-12-10T19:54:53.681905+00:00
1769,1765396493.702765,2025-12-10T19:54:53.702766+00:00
1770,1765396493.7211268,2025-12-10T19:54:53.721128+00:00
1771,1765396493.741971,2025-12-10T19:54:53.741971+00:00
1772,1765396493.762826,2025-12-10T19:54:53.762831+00:00
1773,1765396493.780986,2025-12-10T19:54:53.780988+00:00
1774,1765396493.801837,2025-12-10T19:54:53.801838+00:00
1775,1765396493.822699,2025-12-10T19:54:53.822704+00:00
1776,1765396493.842114,2025-12-10T19:54:53.842116+00:00
1777,1765396493.861058,2025-12-10T19:54:53.861064+00:00
1778,1765396493.881897,2025-12-10T19:54:53.881900+00:00
1779,1765396493.898868,2025-12-10T19:54:53.898870+00:00
1780,1765396493.919754,2025-12-10T19:54:53.919758+00:00
1781,1765396493.9406562,2025-12-10T19:54:53.940658+00:00
1782,1765396493.961524,2025-12-10T19:54:53.961524+00:00
1783,1765396493.981457,2025-12-10T19:54:53.981461+00:00
1784,1765396494.002364,2025-12-10T19:54:54.002368+00:00
1785,1765396494.023241,2025-12-10T19:54:54.023242+00:00
1786,1765396494.0441039,2025-12-10T19:54:54.044110+00:00
1787,1765396494.063819,2025-12-10T19:54:54.063821+00:00
1788,1765396494.0846741,2025-12-10T19:54:54.084675+00:00
1789,1765396494.1055942,2025-12-10T19:54:54.105596+00:00
1790,1765396494.126466,2025-12-10T19:54:54.126469+00:00
1791,1765396494.147339,2025-12-10T19:54:54.147340+00:00
1792,1765396494.1682482,2025-12-10T19:54:54.169399+00:00
1793,1765396494.1871822,2025-12-10T19:54:54.187183+00:00
1794,1765396494.206723,2025-12-10T19:54:54.206730+00:00
1795,1765396494.22466,2025-12-10T19:54:54.224662+00:00
1796,1765396494.2431529,2025-12-10T19:54:54.243158+00:00
1797,1765396494.2637188,2025-12-10T19:54:54.263722+00:00
1798,1765396494.2825541,2025-12-10T19:54:54.282555+00:00
1799,1765396494.303412,2025-12-10T19:54:54.303422+00:00
1800,1765396494.323988,2025-12-10T19:54:54.323993+00:00
1801,1765396494.340914,2025-12-10T19:54:54.340917+00:00
1802,1765396494.3617768,2025-12-10T19:54:54.361779+00:00
1803,1765396494.3826392,2025-12-10T19:54:54.382641+00:00
1804,1765396494.4035032,2025-12-10T19:54:54.403504+00:00
1805,1765396494.4243672,2025-12-10T19:54:54.424368+00:00
1806,1765396494.445228,2025-12-10T19:54:54.445233+00:00
1807,1765396494.462091,2025-12-10T19:54:54.462095+00:00
1808,1765396494.481884,2025-12-10T19:54:54.481887+00:00
1809,1765396494.4997408,2025-12-10T19:54:54.499743+00:00
1810,1765396494.520607,2025-12-10T19:54:54.520607+00:00
1811,1765396494.537599,2025-12-10T19:54:54.537600+00:00
1812,1765396494.558451,2025-12-10T19:54:54.558451+00:00
1813,1765396494.579309,2025-12-10T19:54:54.579313+00:00
1814,1765396494.599647,2025-12-10T19:54:54.599650+00:00
1815,1765396494.618606,2025-12-10T19:54:54.618607+00:00
1816,1765396494.636914,2025-12-10T19:54:54.636916+00:00
1817,1765396494.657783,2025-12-10T19:54:54.657785+00:00
1818,1765396494.678674,2025-12-10T19:54:54.678679+00:00
1819,1765396494.699296,2025-12-10T19:54:54.699299+00:00
1820,1765396494.719371,2025-12-10T19:54:54.719373+00:00
1821,1765396494.740261,2025-12-10T19:54:54.740267+00:00
1822,1765396494.757956,2025-12-10T19:54:54.757957+00:00
1823,1765396494.778815,2025-12-10T19:54:54.778816+00:00
1824,1765396494.798335,2025-12-10T19:54:54.798342+00:00
1825,1765396494.8192399,2025-12-10T19:54:54.819241+00:00
1826,1765396494.840109,2025-12-10T19:54:54.840111+00:00
1827,1765396494.8609762,2025-12-10T19:54:54.860977+00:00
1828,1765396494.8801348,2025-12-10T19:54:54.880137+00:00
1829,1765396494.901011,2025-12-10T19:54:54.901012+00:00
1830,1765396494.919632,2025-12-10T19:54:54.919632+00:00
1831,1765396494.9404821,2025-12-10T19:54:54.940483+00:00
1832,1765396494.957954,2025-12-10T19:54:54.957957+00:00
1833,1765396494.978836,2025-12-10T19:54:54.978840+00:00
1834,1765396494.9957042,2025-12-10T19:54:54.995705+00:00
1835,1765396495.0165918,2025-12-10T19:54:55.016597+00:00
1836,1765396495.033681,2025-12-10T19:54:55.033682+00:00
1837,1765396495.0545511,2025-12-10T19:54:55.054557+00:00
1838,1765396495.075407,2025-12-10T19:54:55.075411+00:00
1839,1765396495.096309,2025-12-10T19:54:55.096311+00:00
1840,1765396495.11719,2025-12-10T19:54:55.117196+00:00
1841,1765396495.135129,2025-12-10T19:54:55.135132+00:00
1842,1765396495.1559901,2025-12-10T19:54:55.155991+00:00
1843,1765396495.17398,2025-12-10T19:54:55.173981+00:00
1844,1765396495.19484,2025-12-10T19:54:55.194842+00:00
1845,1765396495.215706,2025-12-10T19:54:55.215707+00:00
1846,1765396495.236555,2025-12-10T19:54:55.236556+00:00
1847,1765396495.257399,2025-12-10T19:54:55.257400+00:00
1848,1765396495.278257,2025-12-10T19:54:55.278258+00:00
1849,1765396495.298115,2025-12-10T19:54:55.298115+00:00
1850,1765396495.3152142,2025-12-10T19:54:55.315215+00:00
1851,1765396495.336073,2025-12-10T19:54:55.336075+00:00
1852,1765396495.356288,2025-12-10T19:54:55.356289+00:00
1853,1765396495.377167,2025-12-10T19:54:55.377172+00:00
1854,1765396495.3962822,2025-12-10T19:54:55.396284+00:00
1855,1765396495.417154,2025-12-10T19:54:55.417156+00:00
1856,1765396495.438024,2025-12-10T19:54:55.438025+00:00
1857,1765396495.458574,2025-12-10T19:54:55.458580+00:00
1858,1765396495.478484,2025-12-10T19:54:55.478485+00:00
1859,1765396495.498732,2025-12-10T19:54:55.498737+00:00
1860,1765396495.519627,2025-12-10T19:54:55.519629+00:00
1861,1765396495.5404952,2025-12-10T19:54:55.540496+00:00
1862,1765396495.561346,2025-12-10T19:54:55.561347+00:00
1863,1765396495.582195,2025-12-10T19:54:55.582195+00:00
1864,1765396495.60305,2025-12-10T19:54:55.603051+00:00
1865,1765396495.623915,2025-12-10T19:54:55.623917+00:00
1866,1765396495.642184,2025-12-10T19:54:55.642186+00:00
1867,1765396495.6624599,2025-12-10T19:54:55.662461+00:00
1868,1765396495.679361,2025-12-10T19:54:55.679363+00:00
1869,1765396495.700233,2025-12-10T19:54:55.700235+00:00
1870,1765396495.721104,2025-12-10T19:54:55.721106+00:00
1871,1765396495.740603,2025-12-10T19:54:55.740609+00:00
1872,1765396495.761873,2025-12-10T19:54:55.761877+00:00
1873,1765396495.78275,2025-12-10T19:54:55.782753+00:00
1874,1765396495.803634,2025-12-10T19:54:55.803636+00:00
1875,1765396495.823136,2025-12-10T19:54:55.823140+00:00
1876,1765396495.8416,2025-12-10T19:54:55.841602+00:00
1877,1765396495.862476,2025-12-10T19:54:55.862477+00:00
1878,1765396495.883348,2025-12-10T19:54:55.883349+00:00
1879,1765396495.900621,2025-12-10T19:54:55.900622+00:00
1880,1765396495.921479,2025-12-10T19:54:55.921479+00:00
1881,1765396495.941917,2025-12-10T19:54:55.941922+00:00
1882,1765396495.9589171,2025-12-10T19:54:55.958920+00:00
1883,1765396495.979798,2025-12-10T19:54:55.979801+00:00
1884,1765396495.997907,2025-12-10T19:54:55.997912+00:00
1885,1765396496.018799,2025-12-10T19:54:56.018800+00:00
1886,1765396496.036751,2025-12-10T19:54:56.036754+00:00
1887,1765396496.058443,2025-12-10T19:54:56.058445+00:00
1888,1765396496.079316,2025-12-10T19:54:56.079317+00:00
1889,1765396496.100192,2025-12-10T19:54:56.100195+00:00
1890,1765396496.1183062,2025-12-10T19:54:56.118309+00:00
1891,1765396496.139186,2025-12-10T19:54:56.139188+00:00
1892,1765396496.160038,2025-12-10T19:54:56.160039+00:00
1893,1765396496.178024,2025-12-10T19:54:56.178024+00:00
1894,1765396496.1949198,2025-12-10T19:54:56.194922+00:00
1895,1765396496.215787,2025-12-10T19:54:56.215788+00:00
1896,1765396496.236654,2025-12-10T19:54:56.236659+00:00
1897,1765396496.253998,2025-12-10T19:54:56.254001+00:00
1898,1765396496.2748601,2025-12-10T19:54:56.274861+00:00
1899,1765396496.2919822,2025-12-10T19:54:56.291985+00:00
1900,1765396496.3128479,2025-12-10T19:54:56.312850+00:00
1901,1765396496.3329742,2025-12-10T19:54:56.332977+00:00
1902,1765396496.350249,2025-12-10T19:54:56.350253+00:00
1903,1765396496.36808,2025-12-10T19:54:56.368086+00:00
1904,1765396496.3889742,2025-12-10T19:54:56.388975+00:00
1905,1765396496.408502,2025-12-10T19:54:56.408505+00:00
1906,1765396496.429389,2025-12-10T19:54:56.429390+00:00
1907,1765396496.4502609,2025-12-10T19:54:56.450265+00:00
1908,1765396496.470453,2025-12-10T19:54:56.470456+00:00
1909,1765396496.491335,2025-12-10T19:54:56.491336+00:00
1910,1765396496.512026,2025-12-10T19:54:56.512033+00:00
1911,1765396496.529561,2025-12-10T19:54:56.529563+00:00
1912,1765396496.5494149,2025-12-10T19:54:56.549421+00:00
1913,1765396496.570142,2025-12-10T19:54:56.570144+00:00
1914,1765396496.591019,2025-12-10T19:54:56.591023+00:00
1915,1765396496.611918,2025-12-10T19:54:56.611922+00:00
1916,1765396496.632163,2025-12-10T19:54:56.632169+00:00
1917,1765396496.6530612,2025-12-10T19:54:56.653066+00:00
1918,1765396496.673944,2025-12-10T19:54:56.673948+00:00
1919,1765396496.694844,2025-12-10T19:54:56.694846+00:00
1920,1765396496.713419,2025-12-10T19:54:56.713420+00:00
1921,1765396496.734278,2025-12-10T19:54:56.734280+00:00
1922,1765396496.75515,2025-12-10T19:54:56.755151+00:00
1923,1765396496.7733572,2025-12-10T19:54:56.773358+00:00
1924,1765396496.793111,2025-12-10T19:54:56.793113+00:00
1925,1765396496.813983,2025-12-10T19:54:56.813988+00:00
1926,1765396496.834892,2025-12-10T19:54:56.834896+00:00
1927,1765396496.855798,2025-12-10T19:54:56.855801+00:00
1928,1765396496.876673,2025-12-10T19:54:56.876675+00:00
1929,1765396496.8949702,2025-12-10T19:54:56.894974+00:00
1930,1765396496.915859,2025-12-10T19:54:56.915860+00:00
1931,1765396496.936809,2025-12-10T19:54:56.936814+00:00
1932,1765396496.9552588,2025-12-10T19:54:56.955263+00:00
1933,1765396496.9745228,2025-12-10T19:54:56.974527+00:00
1934,1765396496.994653,2025-12-10T19:54:56.994658+00:00
1935,1765396497.0130408,2025-12-10T19:54:57.013046+00:00
1936,1765396497.033962,2025-12-10T19:54:57.033968+00:00
1937,1765396497.054465,2025-12-10T19:54:57.054479+00:00
1938,1765396497.075412,2025-12-10T19:54:57.075415+00:00
1939,1765396497.096394,2025-12-10T19:54:57.096399+00:00
1940,1765396497.1148531,2025-12-10T19:54:57.114858+00:00
1941,1765396497.133067,2025-12-10T19:54:57.133071+00:00
1942,1765396497.1539462,2025-12-10T19:54:57.153961+00:00
1943,1765396497.1734881,2025-12-10T19:54:57.173490+00:00
1944,1765396497.194361,2025-12-10T19:54:57.194364+00:00
1945,1765396497.2152588,2025-12-10T19:54:57.215264+00:00
1946,1765396497.2361689,2025-12-10T19:54:57.236172+00:00
1947,1765396497.257049,2025-12-10T19:54:57.257051+00:00
1948,1765396497.2740622,2025-12-10T19:54:57.274065+00:00
1949,1765396497.295081,2025-12-10T19:54:57.295086+00:00
1950,1765396497.3157928,2025-12-10T19:54:57.315796+00:00
1951,1765396497.3366559,2025-12-10T19:54:57.336659+00:00
1952,1765396497.3550878,2025-12-10T19:54:57.355091+00:00
1953,1765396497.375958,2025-12-10T19:54:57.375960+00:00
1954,1765396497.395662,2025-12-10T19:54:57.395663+00:00
1955,1765396497.412755,2025-12-10T19:54:57.412756+00:00
1956,1765396497.4336178,2025-12-10T19:54:57.433620+00:00
1957,1765396497.4545002,2025-12-10T19:54:57.454501+00:00
1958,1765396497.47167,2025-12-10T19:54:57.471672+00:00
1959,1765396497.49255,2025-12-10T19:54:57.492552+00:00
1960,1765396497.513424,2025-12-10T19:54:57.513427+00:00
1961,1765396497.5335958,2025-12-10T19:54:57.533599+00:00
1962,1765396497.5544682,2025-12-10T19:54:57.554469+00:00
1963,1765396497.5753212,2025-12-10T19:54:57.575326+00:00
1964,1765396497.5920582,2025-12-10T19:54:57.592059+00:00
1965,1765396497.612926,2025-12-10T19:54:57.612931+00:00
1966,1765396497.630868,2025-12-10T19:54:57.630871+00:00
1967,1765396497.64866,2025-12-10T19:54:57.648663+00:00
1968,1765396497.669523,2025-12-10T19:54:57.669524+00:00
1969,1765396497.69037,2025-12-10T19:54:57.690370+00:00
1970,1765396497.711222,2025-12-10T19:54:57.711223+00:00
1971,1765396497.7317271,2025-12-10T19:54:57.731727+00:00
1972,1765396497.7526011,2025-12-10T19:54:57.752606+00:00
1973,1765396497.770419,2025-12-10T19:54:57.770420+00:00
1974,1765396497.78793,2025-12-10T19:54:57.787931+00:00
1975,1765396497.807071,2025-12-10T19:54:57.807073+00:00
1976,1765396497.826008,2025-12-10T19:54:57.826010+00:00
1977,1765396497.843356,2025-12-10T19:54:57.843361+00:00
1978,1765396497.8642318,2025-12-10T19:54:57.864235+00:00
1979,1765396497.885109,2025-12-10T19:54:57.885112+00:00
1980,1765396497.902055,2025-12-10T19:54:57.902060+00:00
1981,1765396497.922938,2025-12-10T19:54:57.922940+00:00
1982,1765396497.943792,2025-12-10T19:54:57.943793+00:00
1983,1765396497.9611368,2025-12-10T19:54:57.961138+00:00
1984,1765396497.9805481,2025-12-10T19:54:57.980550+00:00
1985,1765396498.001421,2025-12-10T19:54:58.001425+00:00
1986,1765396498.021112,2025-12-10T19:54:58.021116+00:00
1987,1765396498.0420322,2025-12-10T19:54:58.042034+00:00
1988,1765396498.0621922,2025-12-10T19:54:58.062202+00:00
1989,1765396498.083165,2025-12-10T19:54:58.083174+00:00
1990,1765396498.104064,2025-12-10T19:54:58.104066+00:00
1991,1765396498.124736,2025-12-10T19:54:58.124743+00:00
1992,1765396498.142983,2025-12-10T19:54:58.142987+00:00
1993,1765396498.163871,2025-12-10T19:54:58.163877+00:00
1994,1765396498.1828969,2025-12-10T19:54:58.182899+00:00
1995,1765396498.203765,2025-12-10T19:54:58.203770+00:00
1996,1765396498.221605,2025-12-10T19:54:58.221609+00:00
1997,1765396498.240305,2025-12-10T19:54:58.240311+00:00
1998,1765396498.26122,2025-12-10T19:54:58.261226+00:00
1999,1765396498.282114,2025-12-10T19:54:58.282115+00:00
2000,1765396498.302978,2025-12-10T19:54:58.302978+00:00
2001,1765396498.320409,2025-12-10T19:54:58.320412+00:00
2002,1765396498.34065,2025-12-10T19:54:58.340652+00:00
2003,1765396498.3615081,2025-12-10T19:54:58.361509+00:00
2004,1765396498.382373,2025-12-10T19:54:58.382378+00:00
2005,1765396498.40107,2025-12-10T19:54:58.401072+00:00
2006,1765396498.421956,2025-12-10T19:54:58.421962+00:00
2007,1765396498.442519,2025-12-10T19:54:58.442521+00:00
2008,1765396498.4618292,2025-12-10T19:54:58.461830+00:00
2009,1765396498.482704,2025-12-10T19:54:58.482706+00:00
2010,1765396498.503096,2025-12-10T19:54:58.503097+00:00
2011,1765396498.522615,2025-12-10T19:54:58.522615+00:00
2012,1765396498.543475,2025-12-10T19:54:58.543482+00:00
2013,1765396498.560935,2025-12-10T19:54:58.560936+00:00
2014,1765396498.581057,2025-12-10T19:54:58.581063+00:00
2015,1765396498.5996401,2025-12-10T19:54:58.599643+00:00
2016,1765396498.620527,2025-12-10T19:54:58.620527+00:00
2017,1765396498.641382,2025-12-10T19:54:58.641387+00:00
2018,1765396498.661793,2025-12-10T19:54:58.661795+00:00
2019,1765396498.682661,2025-12-10T19:54:58.682663+00:00
2020,1765396498.701653,2025-12-10T19:54:58.701659+00:00
2021,1765396498.722124,2025-12-10T19:54:58.722127+00:00
2022,1765396498.7429981,2025-12-10T19:54:58.743000+00:00
2023,1765396498.763211,2025-12-10T19:54:58.763216+00:00
2024,1765396498.784118,2025-12-10T19:54:58.784120+00:00
2025,1765396498.8049831,2025-12-10T19:54:58.804988+00:00
2026,1765396498.821763,2025-12-10T19:54:58.821767+00:00
2027,1765396498.8426611,2025-12-10T19:54:58.842665+00:00
2028,1765396498.8616571,2025-12-10T19:54:58.861665+00:00
2029,1765396498.882545,2025-12-10T19:54:58.882546+00:00
2030,1765396498.9021509,2025-12-10T19:54:58.902151+00:00
2031,1765396498.923083,2025-12-10T19:54:58.923088+00:00
2032,1765396498.943966,2025-12-10T19:54:58.943968+00:00
2033,1765396498.9652789,2025-12-10T19:54:58.965283+00:00
2034,1765396498.9861639,2025-12-10T19:54:58.986165+00:00
2035,1765396499.0065331,2025-12-10T19:54:59.006537+00:00
2036,1765396499.027435,2025-12-10T19:54:59.027439+00:00
2037,1765396499.048312,2025-12-10T19:54:59.048313+00:00
2038,1765396499.069182,2025-12-10T19:54:59.069188+00:00
2039,1765396499.087604,2025-12-10T19:54:59.087606+00:00
2040,1765396499.1075819,2025-12-10T19:54:59.107604+00:00
2041,1765396499.124377,2025-12-10T19:54:59.124378+00:00
2042,1765396499.145239,2025-12-10T19:54:59.145245+00:00
2043,1765396499.162459,2025-12-10T19:54:59.162461+00:00
2044,1765396499.1833339,2025-12-10T19:54:59.183340+00:00
2045,1765396499.20425,2025-12-10T19:54:59.204253+00:00
2046,1765396499.225122,2025-12-10T19:54:59.225123+00:00
2047,1765396499.245983,2025-12-10T19:54:59.245988+00:00
2048,1765396499.266516,2025-12-10T19:54:59.266518+00:00
2049,1765396499.283458,2025-12-10T19:54:59.283464+00:00
2050,1765396499.3043818,2025-12-10T19:54:59.304384+00:00
2051,1765396499.3250592,2025-12-10T19:54:59.325062+00:00
2052,1765396499.342342,2025-12-10T19:54:59.342345+00:00
2053,1765396499.363223,2025-12-10T19:54:59.363228+00:00
2054,1765396499.38002,2025-12-10T19:54:59.380022+00:00
2055,1765396499.400884,2025-12-10T19:54:59.400887+00:00
2056,1765396499.421757,2025-12-10T19:54:59.421768+00:00
2057,1765396499.441291,2025-12-10T19:54:59.441294+00:00
2058,1765396499.462157,2025-12-10T19:54:59.462162+00:00
2059,1765396499.48302,2025-12-10T19:54:59.483022+00:00
2060,1765396499.500404,2025-12-10T19:54:59.500406+00:00
2061,1765396499.518126,2025-12-10T19:54:59.518127+00:00
2062,1765396499.537015,2025-12-10T19:54:59.537020+00:00
2063,1765396499.557687,2025-12-10T19:54:59.557689+00:00
2064,1765396499.577493,2025-12-10T19:54:59.577494+00:00
2065,1765396499.598372,2025-12-10T19:54:59.598374+00:00
2066,1765396499.619238,2025-12-10T19:54:59.619239+00:00
2067,1765396499.637388,2025-12-10T19:54:59.637389+00:00
2068,1765396499.6582458,2025-12-10T19:54:59.658249+00:00
2069,1765396499.678127,2025-12-10T19:54:59.678130+00:00
2070,1765396499.696754,2025-12-10T19:54:59.696757+00:00
2071,1765396499.717628,2025-12-10T19:54:59.717628+00:00
2072,1765396499.7343879,2025-12-10T19:54:59.734389+00:00
2073,1765396499.7536352,2025-12-10T19:54:59.753638+00:00
2074,1765396499.774535,2025-12-10T19:54:59.774539+00:00
2075,1765396499.7954078,2025-12-10T19:54:59.795409+00:00
2076,1765396499.8128011,2025-12-10T19:54:59.812804+00:00
2077,1765396499.833705,2025-12-10T19:54:59.833708+00:00
2078,1765396499.854579,2025-12-10T19:54:59.854580+00:00
2079,1765396499.875445,2025-12-10T19:54:59.875448+00:00
2080,1765396499.8961139,2025-12-10T19:54:59.896117+00:00
2081,1765396499.916974,2025-12-10T19:54:59.916975+00:00
2082,1765396499.936938,2025-12-10T19:54:59.936944+00:00
2083,1765396499.955822,2025-12-10T19:54:59.955823+00:00
2084,1765396499.976685,2025-12-10T19:54:59.976687+00:00
2085,1765396499.997561,2025-12-10T19:54:59.997563+00:00
2086,1765396500.018427,2025-12-10T19:55:00.018427+00:00
2087,1765396500.035156,2025-12-10T19:55:00.035158+00:00
2088,1765396500.052187,2025-12-10T19:55:00.052190+00:00
2089,1765396500.0730538,2025-12-10T19:55:00.073055+00:00
2090,1765396500.093917,2025-12-10T19:55:00.093918+00:00
2091,1765396500.114794,2025-12-10T19:55:00.114799+00:00
2092,1765396500.135697,2025-12-10T19:55:00.135701+00:00
2093,1765396500.1549618,2025-12-10T19:55:00.154964+00:00
2094,1765396500.173366,2025-12-10T19:55:00.173369+00:00
2095,1765396500.193194,2025-12-10T19:55:00.193195+00:00
2096,1765396500.214061,2025-12-10T19:55:00.214064+00:00
2097,1765396500.2349539,2025-12-10T19:55:00.234956+00:00
2098,1765396500.255116,2025-12-10T19:55:00.255122+00:00
2099,1765396500.274306,2025-12-10T19:55:00.274308+00:00
2100,1765396500.2919161,2025-12-10T19:55:00.291922+00:00
2101,1765396500.311436,2025-12-10T19:55:00.311437+00:00
2102,1765396500.330218,2025-12-10T19:55:00.330223+00:00
2103,1765396500.348445,2025-12-10T19:55:00.348448+00:00
2104,1765396500.369332,2025-12-10T19:55:00.369333+00:00
2105,1765396500.38791,2025-12-10T19:55:00.387910+00:00
2106,1765396500.408774,2025-12-10T19:55:00.408776+00:00
2107,1765396500.429661,2025-12-10T19:55:00.429666+00:00
2108,1765396500.4465358,2025-12-10T19:55:00.446538+00:00
2109,1765396500.463758,2025-12-10T19:55:00.463761+00:00
2110,1765396500.484642,2025-12-10T19:55:00.484643+00:00
2111,1765396500.5054898,2025-12-10T19:55:00.505491+00:00
2112,1765396500.5263438,2025-12-10T19:55:00.526348+00:00
2113,1765396500.5469599,2025-12-10T19:55:00.546963+00:00
2114,1765396500.566989,2025-12-10T19:55:00.566990+00:00
2115,1765396500.5878458,2025-12-10T19:55:00.587850+00:00
2116,1765396500.6077068,2025-12-10T19:55:00.607710+00:00
2117,1765396500.624659,2025-12-10T19:55:00.624661+00:00
2118,1765396500.64554,2025-12-10T19:55:00.645542+00:00
2119,1765396500.6664078,2025-12-10T19:55:00.666409+00:00
2120,1765396500.687258,2025-12-10T19:55:00.687259+00:00
2121,1765396500.708121,2025-12-10T19:55:00.708122+00:00
2122,1765396500.7289898,2025-12-10T19:55:00.728994+00:00
2123,1765396500.746468,2025-12-10T19:55:00.746470+00:00
2124,1765396500.76736,2025-12-10T19:55:00.767366+00:00
2125,1765396500.784966,2025-12-10T19:55:00.784968+00:00
2126,1765396500.805825,2025-12-10T19:55:00.805826+00:00
2127,1765396500.8264089,2025-12-10T19:55:00.826411+00:00
2128,1765396500.847293,2025-12-10T19:55:00.847294+00:00
2129,1765396500.86769,2025-12-10T19:55:00.867694+00:00
2130,1765396500.887349,2025-12-10T19:55:00.887351+00:00
2131,1765396500.908222,2025-12-10T19:55:00.908223+00:00
2132,1765396500.927723,2025-12-10T19:55:00.927725+00:00
2133,1765396500.948587,2025-12-10T19:55:00.948588+00:00
2134,1765396500.9694562,2025-12-10T19:55:00.969486+00:00
2135,1765396500.987226,2025-12-10T19:55:00.987226+00:00
2136,1765396501.006123,2025-12-10T19:55:01.006127+00:00
2137,1765396501.0257542,2025-12-10T19:55:01.025757+00:00
2138,1765396501.04684,2025-12-10T19:55:01.046849+00:00
2139,1765396501.06769,2025-12-10T19:55:01.067695+00:00
2140,1765396501.084505,2025-12-10T19:55:01.084520+00:00
2141,1765396501.1012962,2025-12-10T19:55:01.101299+00:00
2142,1765396501.1211362,2025-12-10T19:55:01.121140+00:00
2143,1765396501.141975,2025-12-10T19:55:01.141980+00:00
2144,1765396501.1631842,2025-12-10T19:55:01.163188+00:00
2145,1765396501.179904,2025-12-10T19:55:01.179911+00:00
2146,1765396501.197251,2025-12-10T19:55:01.197258+00:00
2147,1765396501.214537,2025-12-10T19:55:01.214540+00:00
2148,1765396501.23541,2025-12-10T19:55:01.235422+00:00
2149,1765396501.255765,2025-12-10T19:55:01.255770+00:00
2150,1765396501.2739358,2025-12-10T19:55:01.273941+00:00
2151,1765396501.2932181,2025-12-10T19:55:01.293229+00:00
2152,1765396501.314114,2025-12-10T19:55:01.314120+00:00
2153,1765396501.3361259,2025-12-10T19:55:01.336134+00:00
2154,1765396501.3540428,2025-12-10T19:55:01.354049+00:00
2155,1765396501.3745248,2025-12-10T19:55:01.374530+00:00
2156,1765396501.393506,2025-12-10T19:55:01.393510+00:00
2157,1765396501.410795,2025-12-10T19:55:01.410798+00:00
2158,1765396501.4301991,2025-12-10T19:55:01.430204+00:00
2159,1765396501.4507551,2025-12-10T19:55:01.450768+00:00
2160,1765396501.469237,2025-12-10T19:55:01.469240+00:00
2161,1765396501.4862,2025-12-10T19:55:01.486206+00:00
2162,1765396501.503808,2025-12-10T19:55:01.503811+00:00
2163,1765396501.524364,2025-12-10T19:55:01.524366+00:00
2164,1765396501.541399,2025-12-10T19:55:01.541404+00:00
2165,1765396501.562298,2025-12-10T19:55:01.562299+00:00
2166,1765396501.582125,2025-12-10T19:55:01.582130+00:00
2167,1765396501.603014,2025-12-10T19:55:01.603018+00:00
2168,1765396501.620192,2025-12-10T19:55:01.620196+00:00
2169,1765396501.641071,2025-12-10T19:55:01.641076+00:00
2170,1765396501.661983,2025-12-10T19:55:01.661987+00:00
2171,1765396501.682602,2025-12-10T19:55:01.682606+00:00
2172,1765396501.703501,2025-12-10T19:55:01.703507+00:00
2173,1765396501.724685,2025-12-10T19:55:01.724689+00:00
2174,1765396501.745567,2025-12-10T19:55:01.745570+00:00
2175,1765396501.766646,2025-12-10T19:55:01.766651+00:00
2176,1765396501.787595,2025-12-10T19:55:01.787600+00:00
2177,1765396501.807285,2025-12-10T19:55:01.807290+00:00
2178,1765396501.830166,2025-12-10T19:55:01.830172+00:00
2179,1765396501.8498719,2025-12-10T19:55:01.849875+00:00
2180,1765396501.869468,2025-12-10T19:55:01.869475+00:00
2181,1765396501.887182,2025-12-10T19:55:01.887183+00:00
2182,1765396501.908275,2025-12-10T19:55:01.908276+00:00
2183,1765396501.929127,2025-12-10T19:55:01.929128+00:00
2184,1765396501.9459379,2025-12-10T19:55:01.945940+00:00
2185,1765396501.966808,2025-12-10T19:55:01.966810+00:00
2186,1765396501.983886,2025-12-10T19:55:01.983889+00:00
2187,1765396502.001621,2025-12-10T19:55:02.001627+00:00
2188,1765396502.019092,2025-12-10T19:55:02.019097+00:00
2189,1765396502.036879,2025-12-10T19:55:02.036883+00:00
2190,1765396502.0568829,2025-12-10T19:55:02.056886+00:00
2191,1765396502.074872,2025-12-10T19:55:02.074876+00:00
2192,1765396502.095766,2025-12-10T19:55:02.095769+00:00
2193,1765396502.116638,2025-12-10T19:55:02.116640+00:00
2194,1765396502.137504,2025-12-10T19:55:02.137507+00:00
2195,1765396502.156926,2025-12-10T19:55:02.156929+00:00
2196,1765396502.174709,2025-12-10T19:55:02.174713+00:00
2197,1765396502.192241,2025-12-10T19:55:02.192246+00:00
2198,1765396502.211356,2025-12-10T19:55:02.211364+00:00
2199,1765396502.232836,2025-12-10T19:55:02.232842+00:00
2200,1765396502.264053,2025-12-10T19:55:02.264057+00:00
2201,1765396502.282329,2025-12-10T19:55:02.282334+00:00
2202,1765396502.31895,2025-12-10T19:55:02.318954+00:00
2203,1765396502.339809,2025-12-10T19:55:02.339814+00:00
2204,1765396502.360126,2025-12-10T19:55:02.360130+00:00
2205,1765396502.3769522,2025-12-10T19:55:02.376978+00:00
2206,1765396502.396153,2025-12-10T19:55:02.396156+00:00
2207,1765396502.417034,2025-12-10T19:55:02.417037+00:00
2208,1765396502.437674,2025-12-10T19:55:02.437679+00:00
2209,1765396502.455966,2025-12-10T19:55:02.455971+00:00
2210,1765396502.4736571,2025-12-10T19:55:02.473661+00:00
2211,1765396502.522434,2025-12-10T19:55:02.522598+00:00
2212,1765396502.616769,2025-12-10T19:55:02.616774+00:00
2213,1765396502.6376572,2025-12-10T19:55:02.637662+00:00
2214,1765396502.671411,2025-12-10T19:55:02.671415+00:00
2215,1765396502.68892,2025-12-10T19:55:02.688925+00:00
2216,1765396502.707864,2025-12-10T19:55:02.707869+00:00
2217,1765396502.728794,2025-12-10T19:55:02.728798+00:00
2218,1765396502.7618282,2025-12-10T19:55:02.762776+00:00
2219,1765396502.784228,2025-12-10T19:55:02.784233+00:00
2220,1765396502.80627,2025-12-10T19:55:02.806275+00:00
2221,1765396502.8255308,2025-12-10T19:55:02.825535+00:00
2222,1765396502.8437738,2025-12-10T19:55:02.843779+00:00
2223,1765396502.8646898,2025-12-10T19:55:02.864710+00:00
2224,1765396502.8856242,2025-12-10T19:55:02.885629+00:00
2225,1765396502.905012,2025-12-10T19:55:02.905020+00:00
2226,1765396502.925914,2025-12-10T19:55:02.925916+00:00
2227,1765396502.9435441,2025-12-10T19:55:02.943548+00:00
2228,1765396502.9642382,2025-12-10T19:55:02.964241+00:00
2229,1765396502.9813702,2025-12-10T19:55:02.981374+00:00
2230,1765396503.002248,2025-12-10T19:55:03.002253+00:00
2231,1765396503.023128,2025-12-10T19:55:03.023130+00:00
2232,1765396503.0439959,2025-12-10T19:55:03.044000+00:00
2233,1765396503.06284,2025-12-10T19:55:03.062843+00:00
2234,1765396503.083714,2025-12-10T19:55:03.083717+00:00
2235,1765396503.1046,2025-12-10T19:55:03.104603+00:00
2236,1765396503.1232152,2025-12-10T19:55:03.123217+00:00
2237,1765396503.1440792,2025-12-10T19:55:03.144082+00:00
2238,1765396503.162431,2025-12-10T19:55:03.162434+00:00
2239,1765396503.193465,2025-12-10T19:55:03.193470+00:00
2240,1765396503.215246,2025-12-10T19:55:03.215250+00:00
2241,1765396503.2361379,2025-12-10T19:55:03.236144+00:00
2242,1765396503.256067,2025-12-10T19:55:03.256071+00:00
2243,1765396503.2733078,2025-12-10T19:55:03.273315+00:00
2244,1765396503.290747,2025-12-10T19:55:03.290754+00:00
2245,1765396503.309267,2025-12-10T19:55:03.309273+00:00
2246,1765396503.3302531,2025-12-10T19:55:03.330259+00:00
2247,1765396503.3510559,2025-12-10T19:55:03.351064+00:00
2248,1765396503.37121,2025-12-10T19:55:03.371219+00:00
2249,1765396503.390753,2025-12-10T19:55:03.390754+00:00
2250,1765396503.408315,2025-12-10T19:55:03.408318+00:00
2251,1765396503.4291918,2025-12-10T19:55:03.429192+00:00
2252,1765396503.446248,2025-12-10T19:55:03.446250+00:00
2253,1765396503.465973,2025-12-10T19:55:03.465975+00:00
2254,1765396503.486382,2025-12-10T19:55:03.486392+00:00
2255,1765396503.5058,2025-12-10T19:55:03.505803+00:00
2256,1765396503.52668,2025-12-10T19:55:03.526682+00:00
2257,1765396503.5475461,2025-12-10T19:55:03.547551+00:00
2258,1765396503.566894,2025-12-10T19:55:03.566897+00:00
2259,1765396503.5856829,2025-12-10T19:55:03.585687+00:00
2260,1765396503.604636,2025-12-10T19:55:03.604646+00:00
2261,1765396503.625557,2025-12-10T19:55:03.625561+00:00
2262,1765396503.646343,2025-12-10T19:55:03.646346+00:00
2263,1765396503.666794,2025-12-10T19:55:03.666797+00:00
2264,1765396503.684049,2025-12-10T19:55:03.684050+00:00
2265,1765396503.703957,2025-12-10T19:55:03.703968+00:00
2266,1765396503.7249122,2025-12-10T19:55:03.724915+00:00
2267,1765396503.7458088,2025-12-10T19:55:03.745812+00:00
2268,1765396503.766716,2025-12-10T19:55:03.766717+00:00
2269,1765396503.787574,2025-12-10T19:55:03.787575+00:00
2270,1765396503.8084412,2025-12-10T19:55:03.808444+00:00
2271,1765396503.8293161,2025-12-10T19:55:03.829317+00:00
2272,1765396503.8501902,2025-12-10T19:55:03.850191+00:00
2273,1765396503.8698182,2025-12-10T19:55:03.869820+00:00
2274,1765396503.890694,2025-12-10T19:55:03.890694+00:00
2275,1765396503.909398,2025-12-10T19:55:03.909399+00:00
2276,1765396503.92986,2025-12-10T19:55:03.929861+00:00
2277,1765396503.950733,2025-12-10T19:55:03.950737+00:00
2278,1765396503.9702241,2025-12-10T19:55:03.970228+00:00
2279,1765396503.9881752,2025-12-10T19:55:03.988179+00:00
2280,1765396504.005312,2025-12-10T19:55:04.005320+00:00
2281,1765396504.02629,2025-12-10T19:55:04.026293+00:00
2282,1765396504.045846,2025-12-10T19:55:04.045850+00:00
2283,1765396504.066721,2025-12-10T19:55:04.066724+00:00
2284,1765396504.087616,2025-12-10T19:55:04.087619+00:00
2285,1765396504.107139,2025-12-10T19:55:04.107141+00:00
2286,1765396504.128025,2025-12-10T19:55:04.128027+00:00
2287,1765396504.148892,2025-12-10T19:55:04.148893+00:00
2288,1765396504.1688828,2025-12-10T19:55:04.168884+00:00
2289,1765396504.1897159,2025-12-10T19:55:04.189718+00:00
2290,1765396504.206795,2025-12-10T19:55:04.206806+00:00
2291,1765396504.227743,2025-12-10T19:55:04.227748+00:00
2292,1765396504.246146,2025-12-10T19:55:04.246148+00:00
2293,1765396504.2670112,2025-12-10T19:55:04.267013+00:00
2294,1765396504.2878091,2025-12-10T19:55:04.287810+00:00
2295,1765396504.308678,2025-12-10T19:55:04.308682+00:00
2296,1765396504.329581,2025-12-10T19:55:04.329583+00:00
2297,1765396504.346532,2025-12-10T19:55:04.346533+00:00
2298,1765396504.3661451,2025-12-10T19:55:04.366147+00:00
2299,1765396504.3864572,2025-12-10T19:55:04.386458+00:00
2300,1765396504.407321,2025-12-10T19:55:04.407327+00:00
2301,1765396504.424478,2025-12-10T19:55:04.424479+00:00
2302,1765396504.4453351,2025-12-10T19:55:04.445339+00:00
2303,1765396504.466215,2025-12-10T19:55:04.466218+00:00
2304,1765396504.485748,2025-12-10T19:55:04.485750+00:00
2305,1765396504.5066218,2025-12-10T19:55:04.506623+00:00
2306,1765396504.525928,2025-12-10T19:55:04.525931+00:00
2307,1765396504.546654,2025-12-10T19:55:04.546656+00:00
2308,1765396504.567528,2025-12-10T19:55:04.567528+00:00
2309,1765396504.5869231,2025-12-10T19:55:04.586928+00:00
2310,1765396504.605056,2025-12-10T19:55:04.605057+00:00
2311,1765396504.625924,2025-12-10T19:55:04.625951+00:00
2312,1765396504.645109,2025-12-10T19:55:04.645112+00:00
2313,1765396504.6659799,2025-12-10T19:55:04.665981+00:00
2314,1765396504.6827672,2025-12-10T19:55:04.682768+00:00
2315,1765396504.7033238,2025-12-10T19:55:04.703328+00:00
2316,1765396504.724206,2025-12-10T19:55:04.724207+00:00
2317,1765396504.7450619,2025-12-10T19:55:04.745064+00:00
2318,1765396504.76338,2025-12-10T19:55:04.763383+00:00
2319,1765396504.784415,2025-12-10T19:55:04.784419+00:00
2320,1765396504.8054242,2025-12-10T19:55:04.805425+00:00
2321,1765396504.823468,2025-12-10T19:55:04.823468+00:00
2322,1765396504.844318,2025-12-10T19:55:04.844320+00:00
2323,1765396504.863439,2025-12-10T19:55:04.863443+00:00
2324,1765396504.8808472,2025-12-10T19:55:04.880847+00:00
2325,1765396504.901691,2025-12-10T19:55:04.901691+00:00
2326,1765396504.921498,2025-12-10T19:55:04.921529+00:00
2327,1765396504.94238,2025-12-10T19:55:04.942381+00:00
2328,1765396504.9593012,2025-12-10T19:55:04.959304+00:00
2329,1765396504.980196,2025-12-10T19:55:04.980199+00:00
2330,1765396504.997128,2025-12-10T19:55:04.997133+00:00
2331,1765396505.0180101,2025-12-10T19:55:05.018014+00:00
2332,1765396505.0356438,2025-12-10T19:55:05.035647+00:00
2333,1765396505.0565681,2025-12-10T19:55:05.056586+00:00
2334,1765396505.0774379,2025-12-10T19:55:05.077439+00:00
2335,1765396505.09851,2025-12-10T19:55:05.098513+00:00
2336,1765396505.1194181,2025-12-10T19:55:05.119419+00:00
2337,1765396505.138419,2025-12-10T19:55:05.138420+00:00
2338,1765396505.15928,2025-12-10T19:55:05.159282+00:00
2339,1765396505.1801448,2025-12-10T19:55:05.180145+00:00
2340,1765396505.1990662,2025-12-10T19:55:05.199070+00:00
2341,1765396505.216324,2025-12-10T19:55:05.216327+00:00
2342,1765396505.237199,2025-12-10T19:55:05.237200+00:00
2343,1765396505.2568388,2025-12-10T19:55:05.256841+00:00
2344,1765396505.277694,2025-12-10T19:55:05.277696+00:00
2345,1765396505.2985559,2025-12-10T19:55:05.298558+00:00
2346,1765396505.3175092,2025-12-10T19:55:05.317511+00:00
2347,1765396505.337591,2025-12-10T19:55:05.337592+00:00
2348,1765396505.354574,2025-12-10T19:55:05.354577+00:00
2349,1765396505.375442,2025-12-10T19:55:05.375443+00:00
2350,1765396505.396318,2025-12-10T19:55:05.396338+00:00
2351,1765396505.414622,2025-12-10T19:55:05.414625+00:00
2352,1765396505.434177,2025-12-10T19:55:05.434178+00:00
2353,1765396505.455029,2025-12-10T19:55:05.455030+00:00
2354,1765396505.475888,2025-12-10T19:55:05.475889+00:00
2355,1765396505.496736,2025-12-10T19:55:05.496736+00:00
2356,1765396505.517589,2025-12-10T19:55:05.517591+00:00
2357,1765396505.5384462,2025-12-10T19:55:05.538447+00:00
2358,1765396505.5593102,2025-12-10T19:55:05.559315+00:00
2359,1765396505.57727,2025-12-10T19:55:05.577271+00:00
2360,1765396505.5968168,2025-12-10T19:55:05.596817+00:00
2361,1765396505.617671,2025-12-10T19:55:05.617672+00:00
2362,1765396505.638502,2025-12-10T19:55:05.638502+00:00
2363,1765396505.655256,2025-12-10T19:55:05.655258+00:00
2364,1765396505.676121,2025-12-10T19:55:05.676122+00:00
2365,1765396505.696882,2025-12-10T19:55:05.696883+00:00
2366,1765396505.7161732,2025-12-10T19:55:05.716179+00:00
2367,1765396505.737078,2025-12-10T19:55:05.737080+00:00
2368,1765396505.7574458,2025-12-10T19:55:05.757449+00:00
2369,1765396505.776973,2025-12-10T19:55:05.776976+00:00
2370,1765396505.797843,2025-12-10T19:55:05.797846+00:00
2371,1765396505.8171022,2025-12-10T19:55:05.817103+00:00
2372,1765396505.837975,2025-12-10T19:55:05.837976+00:00
2373,1765396505.858828,2025-12-10T19:55:05.858829+00:00
2374,1765396505.879678,2025-12-10T19:55:05.879679+00:00
2375,1765396505.900536,2025-12-10T19:55:05.900540+00:00
2376,1765396505.921414,2025-12-10T19:55:05.921414+00:00
2377,1765396505.942258,2025-12-10T19:55:05.942259+00:00
2378,1765396505.9630961,2025-12-10T19:55:05.963097+00:00
2379,1765396505.983965,2025-12-10T19:55:05.983967+00:00
2380,1765396506.004837,2025-12-10T19:55:06.004842+00:00
2381,1765396506.022155,2025-12-10T19:55:06.022156+00:00
2382,1765396506.04233,2025-12-10T19:55:06.042332+00:00
2383,1765396506.0618439,2025-12-10T19:55:06.061848+00:00
2384,1765396506.079489,2025-12-10T19:55:06.079495+00:00
2385,1765396506.0965261,2025-12-10T19:55:06.096529+00:00
2386,1765396506.114485,2025-12-10T19:55:06.114487+00:00
2387,1765396506.131549,2025-12-10T19:55:06.131552+00:00
2388,1765396506.152483,2025-12-10T19:55:06.152486+00:00
2389,1765396506.172024,2025-12-10T19:55:06.172025+00:00
2390,1765396506.190741,2025-12-10T19:55:06.190747+00:00
2391,1765396506.208541,2025-12-10T19:55:06.208545+00:00
2392,1765396506.229423,2025-12-10T19:55:06.229425+00:00
2393,1765396506.250301,2025-12-10T19:55:06.250302+00:00
2394,1765396506.2705421,2025-12-10T19:55:06.270545+00:00
2395,1765396506.291445,2025-12-10T19:55:06.291449+00:00
2396,1765396506.308435,2025-12-10T19:55:06.308437+00:00
2397,1765396506.329303,2025-12-10T19:55:06.329303+00:00
2398,1765396506.346962,2025-12-10T19:55:06.346965+00:00
2399,1765396506.3678432,2025-12-10T19:55:06.367845+00:00
2400,1765396506.388706,2025-12-10T19:55:06.388707+00:00
2401,1765396506.409348,2025-12-10T19:55:06.409349+00:00
2402,1765396506.430212,2025-12-10T19:55:06.430214+00:00
2403,1765396506.4510772,2025-12-10T19:55:06.451077+00:00
2404,1765396506.471929,2025-12-10T19:55:06.471930+00:00
2405,1765396506.492795,2025-12-10T19:55:06.492796+00:00
2406,1765396506.5112681,2025-12-10T19:55:06.511271+00:00
2407,1765396506.530695,2025-12-10T19:55:06.530696+00:00
2408,1765396506.548049,2025-12-10T19:55:06.548054+00:00
2409,1765396506.566577,2025-12-10T19:55:06.566579+00:00
2410,1765396506.58479,2025-12-10T19:55:06.584792+00:00
2411,1765396506.6056561,2025-12-10T19:55:06.605659+00:00
2412,1765396506.626561,2025-12-10T19:55:06.626565+00:00
2413,1765396506.6443079,2025-12-10T19:55:06.644315+00:00
2414,1765396506.66176,2025-12-10T19:55:06.661765+00:00
2415,1765396506.6832252,2025-12-10T19:55:06.683231+00:00
2416,1765396506.704097,2025-12-10T19:55:06.704099+00:00
2417,1765396506.7215538,2025-12-10T19:55:06.721560+00:00
2418,1765396506.742078,2025-12-10T19:55:06.742083+00:00
2419,1765396506.762974,2025-12-10T19:55:06.762975+00:00
2420,1765396506.783843,2025-12-10T19:55:06.783848+00:00
2421,1765396506.804745,2025-12-10T19:55:06.804748+00:00
2422,1765396506.825081,2025-12-10T19:55:06.825082+00:00
2423,1765396506.8430731,2025-12-10T19:55:06.843074+00:00
2424,1765396506.863169,2025-12-10T19:55:06.863169+00:00
2425,1765396506.884033,2025-12-10T19:55:06.884039+00:00
2426,1765396506.904938,2025-12-10T19:55:06.904941+00:00
2427,1765396506.923511,2025-12-10T19:55:06.923512+00:00
2428,1765396506.94266,2025-12-10T19:55:06.942662+00:00
2429,1765396506.963062,2025-12-10T19:55:06.963064+00:00
2430,1765396506.9839292,2025-12-10T19:55:06.983933+00:00
2431,1765396507.004828,2025-12-10T19:55:07.004830+00:00
2432,1765396507.0224168,2025-12-10T19:55:07.022422+00:00
2433,1765396507.039351,2025-12-10T19:55:07.039353+00:00
2434,1765396507.060235,2025-12-10T19:55:07.060241+00:00
2435,1765396507.080062,2025-12-10T19:55:07.080065+00:00
2436,1765396507.099595,2025-12-10T19:55:07.099596+00:00
2437,1765396507.12046,2025-12-10T19:55:07.120465+00:00
2438,1765396507.137558,2025-12-10T19:55:07.137559+00:00
2439,1765396507.155039,2025-12-10T19:55:07.155040+00:00
2440,1765396507.175893,2025-12-10T19:55:07.175894+00:00
2441,1765396507.196759,2025-12-10T19:55:07.196760+00:00
2442,1765396507.217632,2025-12-10T19:55:07.217636+00:00
2443,1765396507.237843,2025-12-10T19:55:07.237849+00:00
2444,1765396507.255035,2025-12-10T19:55:07.255036+00:00
2445,1765396507.275903,2025-12-10T19:55:07.275908+00:00
2446,1765396507.296185,2025-12-10T19:55:07.296188+00:00
2447,1765396507.3170738,2025-12-10T19:55:07.317079+00:00
2448,1765396507.3380191,2025-12-10T19:55:07.338023+00:00
2449,1765396507.358903,2025-12-10T19:55:07.358906+00:00
2450,1765396507.3756428,2025-12-10T19:55:07.375646+00:00
2451,1765396507.396536,2025-12-10T19:55:07.396538+00:00
2452,1765396507.417424,2025-12-10T19:55:07.417427+00:00
2453,1765396507.437495,2025-12-10T19:55:07.437498+00:00
2454,1765396507.458369,2025-12-10T19:55:07.458371+00:00
2455,1765396507.4792378,2025-12-10T19:55:07.479239+00:00
2456,1765396507.5000918,2025-12-10T19:55:07.500093+00:00
2457,1765396507.518023,2025-12-10T19:55:07.518025+00:00
2458,1765396507.5388951,2025-12-10T19:55:07.538896+00:00
2459,1765396507.5567539,2025-12-10T19:55:07.556756+00:00
2460,1765396507.577613,2025-12-10T19:55:07.577614+00:00
2461,1765396507.5984719,2025-12-10T19:55:07.598476+00:00
2462,1765396507.61662,2025-12-10T19:55:07.616622+00:00
2463,1765396507.6339798,2025-12-10T19:55:07.633982+00:00
2464,1765396507.6513731,2025-12-10T19:55:07.651374+00:00
2465,1765396507.672218,2025-12-10T19:55:07.672218+00:00
2466,1765396507.693074,2025-12-10T19:55:07.693075+00:00
2467,1765396507.7110982,2025-12-10T19:55:07.711100+00:00
2468,1765396507.731989,2025-12-10T19:55:07.731996+00:00
2469,1765396507.749241,2025-12-10T19:55:07.749244+00:00
2470,1765396507.770101,2025-12-10T19:55:07.770104+00:00
2471,1765396507.789263,2025-12-10T19:55:07.789266+00:00
2472,1765396507.8101451,2025-12-10T19:55:07.810146+00:00
2473,1765396507.8295171,2025-12-10T19:55:07.829519+00:00
2474,1765396507.846826,2025-12-10T19:55:07.846827+00:00
2475,1765396507.867682,2025-12-10T19:55:07.867685+00:00
2476,1765396507.885855,2025-12-10T19:55:07.885859+00:00
2477,1765396507.905785,2025-12-10T19:55:07.905789+00:00
2478,1765396507.926358,2025-12-10T19:55:07.926361+00:00
2479,1765396507.9469,2025-12-10T19:55:07.946906+00:00
2480,1765396507.965313,2025-12-10T19:55:07.965316+00:00
2481,1765396507.982908,2025-12-10T19:55:07.982909+00:00
2482,1765396508.00377,2025-12-10T19:55:08.003772+00:00
2483,1765396508.024626,2025-12-10T19:55:08.024628+00:00
2484,1765396508.045483,2025-12-10T19:55:08.045484+00:00
2485,1765396508.063689,2025-12-10T19:55:08.063693+00:00
2486,1765396508.084598,2025-12-10T19:55:08.084601+00:00
2487,1765396508.10547,2025-12-10T19:55:08.105470+00:00
2488,1765396508.126317,2025-12-10T19:55:08.126318+00:00
2489,1765396508.147033,2025-12-10T19:55:08.147033+00:00
2490,1765396508.167891,2025-12-10T19:55:08.167893+00:00
2491,1765396508.188761,2025-12-10T19:55:08.188762+00:00
2492,1765396508.206103,2025-12-10T19:55:08.206105+00:00
2493,1765396508.22621,2025-12-10T19:55:08.226213+00:00
2494,1765396508.246198,2025-12-10T19:55:08.246202+00:00
2495,1765396508.2670789,2025-12-10T19:55:08.267082+00:00
2496,1765396508.2874508,2025-12-10T19:55:08.287455+00:00
2497,1765396508.304796,2025-12-10T19:55:08.304797+00:00
2498,1765396508.3256588,2025-12-10T19:55:08.325661+00:00
2499,1765396508.346514,2025-12-10T19:55:08.346516+00:00
2500,1765396508.366187,2025-12-10T19:55:08.366190+00:00
2501,1765396508.383028,2025-12-10T19:55:08.383032+00:00
2502,1765396508.4014342,2025-12-10T19:55:08.401436+00:00
2503,1765396508.4219332,2025-12-10T19:55:08.421934+00:00
2504,1765396508.44305,2025-12-10T19:55:08.443051+00:00
2505,1765396508.463895,2025-12-10T19:55:08.463896+00:00
2506,1765396508.484756,2025-12-10T19:55:08.484763+00:00
2507,1765396508.5056589,2025-12-10T19:55:08.505660+00:00
2508,1765396508.524035,2025-12-10T19:55:08.524036+00:00
2509,1765396508.542013,2025-12-10T19:55:08.542013+00:00
2510,1765396508.562861,2025-12-10T19:55:08.562862+00:00
2511,1765396508.5803678,2025-12-10T19:55:08.580370+00:00
2512,1765396508.600079,2025-12-10T19:55:08.600079+00:00
2513,1765396508.620932,2025-12-10T19:55:08.620935+00:00
2514,1765396508.640691,2025-12-10T19:55:08.640693+00:00
2515,1765396508.65952,2025-12-10T19:55:08.659521+00:00
2516,1765396508.680376,2025-12-10T19:55:08.680377+00:00
2517,1765396508.701248,2025-12-10T19:55:08.701250+00:00
2518,1765396508.722114,2025-12-10T19:55:08.722117+00:00
2519,1765396508.743,2025-12-10T19:55:08.743007+00:00
2520,1765396508.7604449,2025-12-10T19:55:08.760447+00:00
2521,1765396508.781315,2025-12-10T19:55:08.781319+00:00
2522,1765396508.802227,2025-12-10T19:55:08.802230+00:00
2523,1765396508.823105,2025-12-10T19:55:08.823106+00:00
2524,1765396508.8414552,2025-12-10T19:55:08.841456+00:00
2525,1765396508.862311,2025-12-10T19:55:08.862312+00:00
2526,1765396508.8798442,2025-12-10T19:55:08.879845+00:00
2527,1765396508.9004748,2025-12-10T19:55:08.900477+00:00
2528,1765396508.920596,2025-12-10T19:55:08.920600+00:00
2529,1765396508.9389088,2025-12-10T19:55:08.938911+00:00
2530,1765396508.9597619,2025-12-10T19:55:08.959763+00:00
2531,1765396508.9803462,2025-12-10T19:55:08.980352+00:00
2532,1765396509.001232,2025-12-10T19:55:09.001236+00:00
2533,1765396509.02211,2025-12-10T19:55:09.022112+00:00
2534,1765396509.0429819,2025-12-10T19:55:09.042987+00:00
2535,1765396509.063862,2025-12-10T19:55:09.063864+00:00
2536,1765396509.084723,2025-12-10T19:55:09.084724+00:00
2537,1765396509.1055732,2025-12-10T19:55:09.105574+00:00
2538,1765396509.1264262,2025-12-10T19:55:09.126427+00:00
2539,1765396509.1472042,2025-12-10T19:55:09.147207+00:00
2540,1765396509.16809,2025-12-10T19:55:09.168092+00:00
2541,1765396509.188965,2025-12-10T19:55:09.188969+00:00
2542,1765396509.209841,2025-12-10T19:55:09.209844+00:00
2543,1765396509.2307358,2025-12-10T19:55:09.230747+00:00
2544,1765396509.251669,2025-12-10T19:55:09.251673+00:00
2545,1765396509.271188,2025-12-10T19:55:09.271189+00:00
2546,1765396509.289123,2025-12-10T19:55:09.289123+00:00
2547,1765396509.3060338,2025-12-10T19:55:09.306035+00:00
2548,1765396509.326915,2025-12-10T19:55:09.326918+00:00
2549,1765396509.346924,2025-12-10T19:55:09.346935+00:00
2550,1765396509.363918,2025-12-10T19:55:09.363920+00:00
2551,1765396509.3806899,2025-12-10T19:55:09.380691+00:00
2552,1765396509.4010508,2025-12-10T19:55:09.401052+00:00
2553,1765396509.4219022,2025-12-10T19:55:09.421903+00:00
2554,1765396509.438663,2025-12-10T19:55:09.438665+00:00
2555,1765396509.459543,2025-12-10T19:55:09.459548+00:00
2556,1765396509.4779441,2025-12-10T19:55:09.477944+00:00
2557,1765396509.4970272,2025-12-10T19:55:09.497028+00:00
2558,1765396509.5178828,2025-12-10T19:55:09.517887+00:00
2559,1765396509.53876,2025-12-10T19:55:09.538762+00:00
2560,1765396509.558609,2025-12-10T19:55:09.558611+00:00
2561,1765396509.57829,2025-12-10T19:55:09.578291+00:00
2562,1765396509.599156,2025-12-10T19:55:09.599161+00:00
2563,1765396509.616641,2025-12-10T19:55:09.616642+00:00
2564,1765396509.637505,2025-12-10T19:55:09.637510+00:00
2565,1765396509.6564999,2025-12-10T19:55:09.656501+00:00
2566,1765396509.673692,2025-12-10T19:55:09.673693+00:00
2567,1765396509.695195,2025-12-10T19:55:09.695199+00:00
2568,1765396509.7156181,2025-12-10T19:55:09.715622+00:00
2569,1765396509.75379,2025-12-10T19:55:09.753797+00:00
2570,1765396509.774428,2025-12-10T19:55:09.774431+00:00
2571,1765396509.792705,2025-12-10T19:55:09.792711+00:00
2572,1765396509.8095129,2025-12-10T19:55:09.809518+00:00
2573,1765396509.827141,2025-12-10T19:55:09.827144+00:00
2574,1765396509.846194,2025-12-10T19:55:09.846195+00:00
2575,1765396509.867054,2025-12-10T19:55:09.867055+00:00
2576,1765396509.886955,2025-12-10T19:55:09.886959+00:00
2577,1765396509.907719,2025-12-10T19:55:09.907739+00:00
2578,1765396509.928591,2025-12-10T19:55:09.928593+00:00
2579,1765396509.949456,2025-12-10T19:55:09.949458+00:00
2580,1765396509.970314,2025-12-10T19:55:09.970315+00:00
2581,1765396509.990134,2025-12-10T19:55:09.990136+00:00
2582,1765396510.011015,2025-12-10T19:55:10.011018+00:00
2583,1765396510.031026,2025-12-10T19:55:10.031027+00:00
2584,1765396510.0518851,2025-12-10T19:55:10.051885+00:00
2585,1765396510.072621,2025-12-10T19:55:10.072621+00:00
2586,1765396510.090583,2025-12-10T19:55:10.090584+00:00
2587,1765396510.111441,2025-12-10T19:55:10.111445+00:00
2588,1765396510.128779,2025-12-10T19:55:10.128781+00:00
2589,1765396510.147139,2025-12-10T19:55:10.147139+00:00
2590,1765396510.167406,2025-12-10T19:55:10.167407+00:00
2591,1765396510.188263,2025-12-10T19:55:10.188266+00:00
2592,1765396510.2086499,2025-12-10T19:55:10.208653+00:00
2593,1765396510.228451,2025-12-10T19:55:10.228453+00:00
2594,1765396510.2461739,2025-12-10T19:55:10.246176+00:00
2595,1765396510.263756,2025-12-10T19:55:10.263762+00:00
2596,1765396510.280597,2025-12-10T19:55:10.280600+00:00
2597,1765396510.301503,2025-12-10T19:55:10.301507+00:00
2598,1765396510.3212109,2025-12-10T19:55:10.321216+00:00
2599,1765396510.338903,2025-12-10T19:55:10.338905+00:00
2600,1765396510.359766,2025-12-10T19:55:10.359770+00:00
2601,1765396510.37956,2025-12-10T19:55:10.379562+00:00
2602,1765396510.398457,2025-12-10T19:55:10.398459+00:00
2603,1765396510.41676,2025-12-10T19:55:10.416762+00:00
2604,1765396510.4358559,2025-12-10T19:55:10.435857+00:00
2605,1765396510.456713,2025-12-10T19:55:10.456715+00:00
2606,1765396510.477323,2025-12-10T19:55:10.477327+00:00
2607,1765396510.4955351,2025-12-10T19:55:10.495537+00:00
2608,1765396510.5158699,2025-12-10T19:55:10.515871+00:00
2609,1765396510.536727,2025-12-10T19:55:10.536729+00:00
2610,1765396510.555412,2025-12-10T19:55:10.555415+00:00
2611,1765396510.576287,2025-12-10T19:55:10.576292+00:00
2612,1765396510.593976,2025-12-10T19:55:10.593979+00:00
2613,1765396510.611043,2025-12-10T19:55:10.611046+00:00
2614,1765396510.631915,2025-12-10T19:55:10.631918+00:00
2615,1765396510.6527832,2025-12-10T19:55:10.652788+00:00
2616,1765396510.672947,2025-12-10T19:55:10.672951+00:00
2617,1765396510.693814,2025-12-10T19:55:10.693816+00:00
2618,1765396510.7147021,2025-12-10T19:55:10.714705+00:00
2619,1765396510.735578,2025-12-10T19:55:10.735584+00:00
2620,1765396510.755426,2025-12-10T19:55:10.755430+00:00
2621,1765396510.772373,2025-12-10T19:55:10.772376+00:00
2622,1765396510.793258,2025-12-10T19:55:10.793261+00:00
2623,1765396510.813378,2025-12-10T19:55:10.813382+00:00
2624,1765396510.831562,2025-12-10T19:55:10.831567+00:00
2625,1765396510.8513122,2025-12-10T19:55:10.851316+00:00
2626,1765396510.8721962,2025-12-10T19:55:10.872199+00:00
2627,1765396510.9003038,2025-12-10T19:55:10.900306+00:00
2628,1765396510.9211688,2025-12-10T19:55:10.921173+00:00
2629,1765396510.9420538,2025-12-10T19:55:10.942058+00:00
2630,1765396510.962931,2025-12-10T19:55:10.962932+00:00
2631,1765396510.9837801,2025-12-10T19:55:10.983780+00:00
2632,1765396511.0013509,2025-12-10T19:55:11.001353+00:00
2633,1765396511.022211,2025-12-10T19:55:11.022213+00:00
2634,1765396511.042662,2025-12-10T19:55:11.042666+00:00
2635,1765396511.0595012,2025-12-10T19:55:11.059505+00:00
2636,1765396511.076653,2025-12-10T19:55:11.076653+00:00
2637,1765396511.0974982,2025-12-10T19:55:11.097498+00:00
2638,1765396511.114441,2025-12-10T19:55:11.114442+00:00
2639,1765396511.135296,2025-12-10T19:55:11.135300+00:00
2640,1765396511.153672,2025-12-10T19:55:11.153674+00:00
2641,1765396511.174539,2025-12-10T19:55:11.174540+00:00
2642,1765396511.195402,2025-12-10T19:55:11.195406+00:00
2643,1765396511.21297,2025-12-10T19:55:11.212972+00:00
2644,1765396511.231701,2025-12-10T19:55:11.231706+00:00
2645,1765396511.249214,2025-12-10T19:55:11.249217+00:00
2646,1765396511.268003,2025-12-10T19:55:11.268008+00:00
2647,1765396511.2889018,2025-12-10T19:55:11.288906+00:00
2648,1765396511.3097758,2025-12-10T19:55:11.309776+00:00
2649,1765396511.3302789,2025-12-10T19:55:11.330281+00:00
2650,1765396511.351146,2025-12-10T19:55:11.351148+00:00
2651,1765396511.371215,2025-12-10T19:55:11.371217+00:00
2652,1765396511.3920882,2025-12-10T19:55:11.392089+00:00
2653,1765396511.41287,2025-12-10T19:55:11.412871+00:00
2654,1765396511.433729,2025-12-10T19:55:11.433730+00:00
2655,1765396511.4545999,2025-12-10T19:55:11.454601+00:00
2656,1765396511.475461,2025-12-10T19:55:11.475462+00:00
2657,1765396511.493044,2025-12-10T19:55:11.493046+00:00
2658,1765396511.5137112,2025-12-10T19:55:11.513712+00:00
2659,1765396511.5322921,2025-12-10T19:55:11.532294+00:00
2660,1765396511.5531719,2025-12-10T19:55:11.553182+00:00
2661,1765396511.572097,2025-12-10T19:55:11.572101+00:00
2662,1765396511.59004,2025-12-10T19:55:11.590041+00:00
2663,1765396511.610894,2025-12-10T19:55:11.610897+00:00
2664,1765396511.631768,2025-12-10T19:55:11.631771+00:00
2665,1765396511.652649,2025-12-10T19:55:11.652650+00:00
2666,1765396511.673511,2025-12-10T19:55:11.673516+00:00
2667,1765396511.694422,2025-12-10T19:55:11.694425+00:00
2668,1765396511.7132459,2025-12-10T19:55:11.713248+00:00
2669,1765396511.7328582,2025-12-10T19:55:11.732864+00:00
2670,1765396511.753782,2025-12-10T19:55:11.753786+00:00
2671,1765396511.770723,2025-12-10T19:55:11.770725+00:00
2672,1765396511.791599,2025-12-10T19:55:11.791600+00:00
2673,1765396511.811237,2025-12-10T19:55:11.811238+00:00
2674,1765396511.830325,2025-12-10T19:55:11.830326+00:00
2675,1765396511.8511848,2025-12-10T19:55:11.851186+00:00
2676,1765396511.871207,2025-12-10T19:55:11.871208+00:00
2677,1765396511.892061,2025-12-10T19:55:11.892062+00:00
2678,1765396511.912918,2025-12-10T19:55:11.912918+00:00
2679,1765396511.933769,2025-12-10T19:55:11.933772+00:00
2680,1765396511.954659,2025-12-10T19:55:11.954662+00:00
2681,1765396511.9755368,2025-12-10T19:55:11.975538+00:00
2682,1765396511.993568,2025-12-10T19:55:11.993569+00:00
2683,1765396512.0144231,2025-12-10T19:55:12.014423+00:00
2684,1765396512.0311732,2025-12-10T19:55:12.031175+00:00
2685,1765396512.04882,2025-12-10T19:55:12.048821+00:00
2686,1765396512.066623,2025-12-10T19:55:12.066624+00:00
2687,1765396512.0875058,2025-12-10T19:55:12.087507+00:00
2688,1765396512.104527,2025-12-10T19:55:12.104528+00:00
2689,1765396512.121589,2025-12-10T19:55:12.121592+00:00
2690,1765396512.141799,2025-12-10T19:55:12.141801+00:00
2691,1765396512.162669,2025-12-10T19:55:12.162670+00:00
2692,1765396512.1798131,2025-12-10T19:55:12.179815+00:00
2693,1765396512.200686,2025-12-10T19:55:12.200686+00:00
2694,1765396512.217522,2025-12-10T19:55:12.217522+00:00
2695,1765396512.238322,2025-12-10T19:55:12.238323+00:00
2696,1765396512.259188,2025-12-10T19:55:12.259190+00:00
2697,1765396512.277122,2025-12-10T19:55:12.277124+00:00
2698,1765396512.2979991,2025-12-10T19:55:12.298000+00:00
2699,1765396512.3188531,2025-12-10T19:55:12.318856+00:00
2700,1765396512.3384378,2025-12-10T19:55:12.338440+00:00
2701,1765396512.357137,2025-12-10T19:55:12.357137+00:00
2702,1765396512.3768508,2025-12-10T19:55:12.376852+00:00
2703,1765396512.396257,2025-12-10T19:55:12.396257+00:00
2704,1765396512.415509,2025-12-10T19:55:12.415511+00:00
2705,1765396512.436378,2025-12-10T19:55:12.436379+00:00
2706,1765396512.454977,2025-12-10T19:55:12.454978+00:00
2707,1765396512.4758341,2025-12-10T19:55:12.475836+00:00
2708,1765396512.496686,2025-12-10T19:55:12.496688+00:00
2709,1765396512.517257,2025-12-10T19:55:12.517258+00:00
2710,1765396512.538113,2025-12-10T19:55:12.538116+00:00
2711,1765396512.5550358,2025-12-10T19:55:12.555038+00:00
2712,1765396512.573737,2025-12-10T19:55:12.573738+00:00
2713,1765396512.594599,2025-12-10T19:55:12.594600+00:00
2714,1765396512.6154492,2025-12-10T19:55:12.615450+00:00
2715,1765396512.636136,2025-12-10T19:55:12.636137+00:00
2716,1765396512.6550999,2025-12-10T19:55:12.655101+00:00
2717,1765396512.675627,2025-12-10T19:55:12.675630+00:00
2718,1765396512.696138,2025-12-10T19:55:12.696143+00:00
2719,1765396512.713483,2025-12-10T19:55:12.713488+00:00
2720,1765396512.7315211,2025-12-10T19:55:12.731529+00:00
2721,1765396512.75173,2025-12-10T19:55:12.751740+00:00
2722,1765396512.771521,2025-12-10T19:55:12.771525+00:00
2723,1765396512.788366,2025-12-10T19:55:12.788368+00:00
2724,1765396512.80923,2025-12-10T19:55:12.809232+00:00
2725,1765396512.826653,2025-12-10T19:55:12.826654+00:00
2726,1765396512.846737,2025-12-10T19:55:12.846741+00:00
2727,1765396512.8655849,2025-12-10T19:55:12.865590+00:00
2728,1765396512.884474,2025-12-10T19:55:12.884478+00:00
2729,1765396512.903997,2025-12-10T19:55:12.904001+00:00
2730,1765396512.921221,2025-12-10T19:55:12.921222+00:00
2731,1765396512.9420822,2025-12-10T19:55:12.942084+00:00
2732,1765396512.962941,2025-12-10T19:55:12.962941+00:00
2733,1765396512.980543,2025-12-10T19:55:12.980543+00:00
2734,1765396513.0013871,2025-12-10T19:55:13.001388+00:00
2735,1765396513.018157,2025-12-10T19:55:13.018157+00:00
2736,1765396513.038843,2025-12-10T19:55:13.038844+00:00
2737,1765396513.059416,2025-12-10T19:55:13.059420+00:00
2738,1765396513.080307,2025-12-10T19:55:13.080309+00:00
2739,1765396513.101156,2025-12-10T19:55:13.101156+00:00
2740,1765396513.121964,2025-12-10T19:55:13.121965+00:00
2741,1765396513.140358,2025-12-10T19:55:13.140360+00:00
2742,1765396513.1573179,2025-12-10T19:55:13.157322+00:00
2743,1765396513.17637,2025-12-10T19:55:13.176373+00:00
2744,1765396513.1969762,2025-12-10T19:55:13.196981+00:00
2745,1765396513.216178,2025-12-10T19:55:13.216181+00:00
2746,1765396513.2355058,2025-12-10T19:55:13.235510+00:00
2747,1765396513.2563899,2025-12-10T19:55:13.256394+00:00
2748,1765396513.273464,2025-12-10T19:55:13.273467+00:00
2749,1765396513.2904341,2025-12-10T19:55:13.290437+00:00
2750,1765396513.3107631,2025-12-10T19:55:13.310767+00:00
2751,1765396513.331784,2025-12-10T19:55:13.331790+00:00
2752,1765396513.352685,2025-12-10T19:55:13.352688+00:00
2753,1765396513.369584,2025-12-10T19:55:13.369588+00:00
2754,1765396513.388021,2025-12-10T19:55:13.388028+00:00
2755,1765396513.406283,2025-12-10T19:55:13.406286+00:00
2756,1765396513.42718,2025-12-10T19:55:13.427182+00:00
2757,1765396513.446938,2025-12-10T19:55:13.446939+00:00
2758,1765396513.467815,2025-12-10T19:55:13.467821+00:00
2759,1765396513.4849222,2025-12-10T19:55:13.484924+00:00
2760,1765396513.5030808,2025-12-10T19:55:13.503083+00:00
2761,1765396513.523961,2025-12-10T19:55:13.523963+00:00
2762,1765396513.540993,2025-12-10T19:55:13.540995+00:00
2763,1765396513.560252,2025-12-10T19:55:13.560256+00:00
2764,1765396513.57779,2025-12-10T19:55:13.577795+00:00
2765,1765396513.598678,2025-12-10T19:55:13.598681+00:00
2766,1765396513.619562,2025-12-10T19:55:13.619563+00:00
2767,1765396513.6386938,2025-12-10T19:55:13.638698+00:00
2768,1765396513.659588,2025-12-10T19:55:13.659589+00:00
2769,1765396513.680437,2025-12-10T19:55:13.680437+00:00
2770,1765396513.7012851,2025-12-10T19:55:13.701286+00:00
2771,1765396513.7221289,2025-12-10T19:55:13.722129+00:00
2772,1765396513.7429829,2025-12-10T19:55:13.742983+00:00
2773,1765396513.763834,2025-12-10T19:55:13.763837+00:00
2774,1765396513.780884,2025-12-10T19:55:13.780887+00:00
2775,1765396513.801745,2025-12-10T19:55:13.801746+00:00
2776,1765396513.8214421,2025-12-10T19:55:13.821442+00:00
2777,1765396513.83854,2025-12-10T19:55:13.838543+00:00
2778,1765396513.859055,2025-12-10T19:55:13.859056+00:00
2779,1765396513.879904,2025-12-10T19:55:13.879905+00:00
2780,1765396513.900751,2025-12-10T19:55:13.900751+00:00
2781,1765396513.921611,2025-12-10T19:55:13.921614+00:00
2782,1765396513.9391239,2025-12-10T19:55:13.939126+00:00
2783,1765396513.9562292,2025-12-10T19:55:13.956233+00:00
2784,1765396513.974991,2025-12-10T19:55:13.974992+00:00
2785,1765396513.991779,2025-12-10T19:55:13.991784+00:00
2786,1765396514.01268,2025-12-10T19:55:14.012682+00:00
2787,1765396514.0302908,2025-12-10T19:55:14.030295+00:00
2788,1765396514.0484211,2025-12-10T19:55:14.048427+00:00
2789,1765396514.0689762,2025-12-10T19:55:14.068980+00:00
2790,1765396514.089879,2025-12-10T19:55:14.089881+00:00
2791,1765396514.11038,2025-12-10T19:55:14.110381+00:00
2792,1765396514.130398,2025-12-10T19:55:14.130410+00:00
2793,1765396514.151317,2025-12-10T19:55:14.151322+00:00
2794,1765396514.172092,2025-12-10T19:55:14.172096+00:00
2795,1765396514.1899142,2025-12-10T19:55:14.189917+00:00
2796,1765396514.2108119,2025-12-10T19:55:14.210815+00:00
2797,1765396514.23048,2025-12-10T19:55:14.230482+00:00
2798,1765396514.2513468,2025-12-10T19:55:14.251349+00:00
2799,1765396514.2713192,2025-12-10T19:55:14.271325+00:00
2800,1765396514.292223,2025-12-10T19:55:14.292228+00:00
2801,1765396514.309472,2025-12-10T19:55:14.309474+00:00
2802,1765396514.3295748,2025-12-10T19:55:14.329581+00:00
2803,1765396514.3504581,2025-12-10T19:55:14.350460+00:00
2804,1765396514.371228,2025-12-10T19:55:14.371229+00:00
2805,1765396514.392082,2025-12-10T19:55:14.392084+00:00
2806,1765396514.411587,2025-12-10T19:55:14.411591+00:00
2807,1765396514.429804,2025-12-10T19:55:14.429805+00:00
2808,1765396514.4506712,2025-12-10T19:55:14.450674+00:00
2809,1765396514.467592,2025-12-10T19:55:14.467594+00:00
2810,1765396514.484708,2025-12-10T19:55:14.484709+00:00
2811,1765396514.50557,2025-12-10T19:55:14.505570+00:00
2812,1765396514.5226061,2025-12-10T19:55:14.522608+00:00
2813,1765396514.543461,2025-12-10T19:55:14.543461+00:00
2814,1765396514.5643241,2025-12-10T19:55:14.564327+00:00
2815,1765396514.58261,2025-12-10T19:55:14.582610+00:00
2816,1765396514.601869,2025-12-10T19:55:14.601870+00:00
2817,1765396514.622064,2025-12-10T19:55:14.622064+00:00
2818,1765396514.6429162,2025-12-10T19:55:14.642917+00:00
2819,1765396514.660526,2025-12-10T19:55:14.660529+00:00
2820,1765396514.6814091,2025-12-10T19:55:14.681411+00:00
2821,1765396514.70228,2025-12-10T19:55:14.702281+00:00
2822,1765396514.7218938,2025-12-10T19:55:14.721899+00:00
2823,1765396514.74278,2025-12-10T19:55:14.742781+00:00
2824,1765396514.763641,2025-12-10T19:55:14.763642+00:00
2825,1765396514.7845068,2025-12-10T19:55:14.784509+00:00
2826,1765396514.805364,2025-12-10T19:55:14.805365+00:00
2827,1765396514.8262138,2025-12-10T19:55:14.826215+00:00
2828,1765396514.843324,2025-12-10T19:55:14.843327+00:00
2829,1765396514.8635788,2025-12-10T19:55:14.863580+00:00
2830,1765396514.8844302,2025-12-10T19:55:14.884431+00:00
2831,1765396514.904583,2025-12-10T19:55:14.904586+00:00
2832,1765396514.922019,2025-12-10T19:55:14.922020+00:00
2833,1765396514.939422,2025-12-10T19:55:14.939423+00:00
2834,1765396514.960278,2025-12-10T19:55:14.960282+00:00
2835,1765396514.9811609,2025-12-10T19:55:14.981162+00:00
2836,1765396515.001545,2025-12-10T19:55:15.001547+00:00
2837,1765396515.022218,2025-12-10T19:55:15.022222+00:00
2838,1765396515.0431092,2025-12-10T19:55:15.043111+00:00
2839,1765396515.064202,2025-12-10T19:55:15.064203+00:00
2840,1765396515.085068,2025-12-10T19:55:15.085070+00:00
2841,1765396515.1059442,2025-12-10T19:55:15.105946+00:00
2842,1765396515.126831,2025-12-10T19:55:15.126833+00:00
2843,1765396515.1467772,2025-12-10T19:55:15.146778+00:00
2844,1765396515.167655,2025-12-10T19:55:15.167658+00:00
2845,1765396515.187834,2025-12-10T19:55:15.187835+00:00
2846,1765396515.209465,2025-12-10T19:55:15.209466+00:00
2847,1765396515.2303228,2025-12-10T19:55:15.230327+00:00
2848,1765396515.247817,2025-12-10T19:55:15.247824+00:00
2849,1765396515.265923,2025-12-10T19:55:15.265925+00:00
2850,1765396515.284446,2025-12-10T19:55:15.284453+00:00
2851,1765396515.304586,2025-12-10T19:55:15.304590+00:00
2852,1765396515.3216379,2025-12-10T19:55:15.321639+00:00
2853,1765396515.3424902,2025-12-10T19:55:15.342492+00:00
2854,1765396515.362127,2025-12-10T19:55:15.362129+00:00
2855,1765396515.379659,2025-12-10T19:55:15.379659+00:00
2856,1765396515.400504,2025-12-10T19:55:15.400506+00:00
2857,1765396515.421352,2025-12-10T19:55:15.421353+00:00
2858,1765396515.4422169,2025-12-10T19:55:15.442221+00:00
2859,1765396515.463125,2025-12-10T19:55:15.463128+00:00
2860,1765396515.480084,2025-12-10T19:55:15.480085+00:00
2861,1765396515.500951,2025-12-10T19:55:15.500953+00:00
2862,1765396515.521825,2025-12-10T19:55:15.521827+00:00
2863,1765396515.5426931,2025-12-10T19:55:15.542717+00:00
2864,1765396515.5636108,2025-12-10T19:55:15.563614+00:00
2865,1765396515.5834172,2025-12-10T19:55:15.583422+00:00
2866,1765396515.603626,2025-12-10T19:55:15.603631+00:00
2867,1765396515.620686,2025-12-10T19:55:15.620687+00:00
2868,1765396515.641535,2025-12-10T19:55:15.641536+00:00
2869,1765396515.6623921,2025-12-10T19:55:15.662393+00:00
2870,1765396515.683251,2025-12-10T19:55:15.683251+00:00
2871,1765396515.7010188,2025-12-10T19:55:15.701021+00:00
2872,1765396515.721885,2025-12-10T19:55:15.721885+00:00
2873,1765396515.74274,2025-12-10T19:55:15.742746+00:00
2874,1765396515.760569,2025-12-10T19:55:15.760573+00:00
2875,1765396515.781593,2025-12-10T19:55:15.783190+00:00
2876,1765396515.8040671,2025-12-10T19:55:15.804071+00:00
2877,1765396515.821768,2025-12-10T19:55:15.821772+00:00
2878,1765396515.8426461,2025-12-10T19:55:15.842647+00:00
2879,1765396515.8635159,2025-12-10T19:55:15.863520+00:00
2880,1765396515.8806798,2025-12-10T19:55:15.880681+00:00
2881,1765396515.899648,2025-12-10T19:55:15.899651+00:00
2882,1765396515.920537,2025-12-10T19:55:15.920539+00:00
2883,1765396515.937668,2025-12-10T19:55:15.937670+00:00
2884,1765396515.9585762,2025-12-10T19:55:15.958578+00:00
2885,1765396515.9757812,2025-12-10T19:55:15.975782+00:00
2886,1765396515.994133,2025-12-10T19:55:15.994133+00:00
2887,1765396516.0149949,2025-12-10T19:55:16.014998+00:00
2888,1765396516.032712,2025-12-10T19:55:16.032713+00:00
2889,1765396516.05308,2025-12-10T19:55:16.053085+00:00
2890,1765396516.073898,2025-12-10T19:55:16.073899+00:00
2891,1765396516.094761,2025-12-10T19:55:16.094763+00:00
2892,1765396516.115631,2025-12-10T19:55:16.115632+00:00
2893,1765396516.133142,2025-12-10T19:55:16.133142+00:00
2894,1765396516.1500108,2025-12-10T19:55:16.150015+00:00
2895,1765396516.1710038,2025-12-10T19:55:16.171005+00:00
2896,1765396516.191853,2025-12-10T19:55:16.191854+00:00
2897,1765396516.2127092,2025-12-10T19:55:16.212710+00:00
2898,1765396516.2303512,2025-12-10T19:55:16.230351+00:00
2899,1765396516.250346,2025-12-10T19:55:16.250348+00:00
2900,1765396516.271224,2025-12-10T19:55:16.271226+00:00
2901,1765396516.289084,2025-12-10T19:55:16.289087+00:00
2902,1765396516.3097868,2025-12-10T19:55:16.309791+00:00
2903,1765396516.3295841,2025-12-10T19:55:16.329593+00:00
2904,1765396516.350482,2025-12-10T19:55:16.350487+00:00
2905,1765396516.3713841,2025-12-10T19:55:16.371387+00:00
2906,1765396516.39225,2025-12-10T19:55:16.392251+00:00
2907,1765396516.4131079,2025-12-10T19:55:16.413112+00:00
2908,1765396516.433739,2025-12-10T19:55:16.433743+00:00
2909,1765396516.454612,2025-12-10T19:55:16.454614+00:00
2910,1765396516.471924,2025-12-10T19:55:16.471927+00:00
2911,1765396516.489357,2025-12-10T19:55:16.489360+00:00
2912,1765396516.507435,2025-12-10T19:55:16.507437+00:00
2913,1765396516.52634,2025-12-10T19:55:16.526346+00:00
2914,1765396516.5440798,2025-12-10T19:55:16.544091+00:00
2915,1765396516.5650182,2025-12-10T19:55:16.565025+00:00
2916,1765396516.5859132,2025-12-10T19:55:16.585916+00:00
2917,1765396516.6067789,2025-12-10T19:55:16.606782+00:00
2918,1765396516.6276648,2025-12-10T19:55:16.627668+00:00
2919,1765396516.6457632,2025-12-10T19:55:16.645776+00:00
2920,1765396516.6631958,2025-12-10T19:55:16.663201+00:00
2921,1765396516.684098,2025-12-10T19:55:16.684099+00:00
2922,1765396516.704886,2025-12-10T19:55:16.704887+00:00
2923,1765396516.7257888,2025-12-10T19:55:16.725801+00:00
2924,1765396516.746668,2025-12-10T19:55:16.746671+00:00
2925,1765396516.7667682,2025-12-10T19:55:16.766773+00:00
2926,1765396516.785429,2025-12-10T19:55:16.785432+00:00
2927,1765396516.804696,2025-12-10T19:55:16.804703+00:00
2928,1765396516.825366,2025-12-10T19:55:16.825369+00:00
2929,1765396516.842616,2025-12-10T19:55:16.842618+00:00
2930,1765396516.861844,2025-12-10T19:55:16.861847+00:00
2931,1765396516.879864,2025-12-10T19:55:16.879864+00:00
2932,1765396516.900723,2025-12-10T19:55:16.900725+00:00
2933,1765396516.921556,2025-12-10T19:55:16.921557+00:00
2934,1765396516.942415,2025-12-10T19:55:16.942417+00:00
2935,1765396516.962968,2025-12-10T19:55:16.962972+00:00
2936,1765396516.98385,2025-12-10T19:55:16.983852+00:00
2937,1765396517.003607,2025-12-10T19:55:17.003608+00:00
2938,1765396517.0244741,2025-12-10T19:55:17.024478+00:00
2939,1765396517.04235,2025-12-10T19:55:17.042350+00:00
2940,1765396517.059165,2025-12-10T19:55:17.059167+00:00
2941,1765396517.08003,2025-12-10T19:55:17.080030+00:00
2942,1765396517.096908,2025-12-10T19:55:17.096908+00:00
2943,1765396517.114555,2025-12-10T19:55:17.114556+00:00
2944,1765396517.134182,2025-12-10T19:55:17.134183+00:00
2945,1765396517.1527832,2025-12-10T19:55:17.152784+00:00
2946,1765396517.17364,2025-12-10T19:55:17.173644+00:00
2947,1765396517.1905842,2025-12-10T19:55:17.190586+00:00
2948,1765396517.2098901,2025-12-10T19:55:17.209892+00:00
2949,1765396517.2307682,2025-12-10T19:55:17.230770+00:00
2950,1765396517.251633,2025-12-10T19:55:17.251633+00:00
2951,1765396517.269304,2025-12-10T19:55:17.269305+00:00
2952,1765396517.290169,2025-12-10T19:55:17.290171+00:00
2953,1765396517.309747,2025-12-10T19:55:17.309749+00:00
2954,1765396517.3306081,2025-12-10T19:55:17.330611+00:00
2955,1765396517.34951,2025-12-10T19:55:17.349511+00:00
2956,1765396517.3702888,2025-12-10T19:55:17.370294+00:00
2957,1765396517.391248,2025-12-10T19:55:17.391253+00:00
2958,1765396517.412159,2025-12-10T19:55:17.412164+00:00
2959,1765396517.432323,2025-12-10T19:55:17.432324+00:00
2960,1765396517.4531891,2025-12-10T19:55:17.453194+00:00
2961,1765396517.472642,2025-12-10T19:55:17.472643+00:00
2962,1765396517.493504,2025-12-10T19:55:17.493510+00:00
2963,1765396517.513776,2025-12-10T19:55:17.513778+00:00
2964,1765396517.53427,2025-12-10T19:55:17.534272+00:00
2965,1765396517.5551622,2025-12-10T19:55:17.555166+00:00
2966,1765396517.574889,2025-12-10T19:55:17.574891+00:00
2967,1765396517.595741,2025-12-10T19:55:17.595741+00:00
2968,1765396517.614193,2025-12-10T19:55:17.614194+00:00
2969,1765396517.635054,2025-12-10T19:55:17.635055+00:00
2970,1765396517.655233,2025-12-10T19:55:17.655237+00:00
2971,1765396517.675754,2025-12-10T19:55:17.675758+00:00
2972,1765396517.696649,2025-12-10T19:55:17.696651+00:00
2973,1765396517.713602,2025-12-10T19:55:17.713604+00:00
2974,1765396517.7344809,2025-12-10T19:55:17.734482+00:00
2975,1765396517.754781,2025-12-10T19:55:17.754787+00:00
2976,1765396517.772663,2025-12-10T19:55:17.772665+00:00
2977,1765396517.792341,2025-12-10T19:55:17.792345+00:00
2978,1765396517.813225,2025-12-10T19:55:17.813228+00:00
2979,1765396517.8301451,2025-12-10T19:55:17.830148+00:00
2980,1765396517.846883,2025-12-10T19:55:17.846887+00:00
2981,1765396517.867771,2025-12-10T19:55:17.867774+00:00
2982,1765396517.884483,2025-12-10T19:55:17.884486+00:00
2983,1765396517.905351,2025-12-10T19:55:17.905355+00:00
2984,1765396517.9231858,2025-12-10T19:55:17.923190+00:00
2985,1765396517.942657,2025-12-10T19:55:17.942658+00:00
2986,1765396517.962093,2025-12-10T19:55:17.962099+00:00
2987,1765396517.9829571,2025-12-10T19:55:17.982957+00:00
2988,1765396518.003232,2025-12-10T19:55:18.003233+00:00
2989,1765396518.0240908,2025-12-10T19:55:18.024093+00:00
2990,1765396518.0430982,2025-12-10T19:55:18.043099+00:00
2991,1765396518.0630379,2025-12-10T19:55:18.063042+00:00
2992,1765396518.0839329,2025-12-10T19:55:18.083936+00:00
2993,1765396518.10481,2025-12-10T19:55:18.104810+00:00
2994,1765396518.121952,2025-12-10T19:55:18.121953+00:00
2995,1765396518.1427991,2025-12-10T19:55:18.142799+00:00
2996,1765396518.16366,2025-12-10T19:55:18.163681+00:00
2997,1765396518.184553,2025-12-10T19:55:18.184554+00:00
2998,1765396518.202652,2025-12-10T19:55:18.202653+00:00
2999,1765396518.221619,2025-12-10T19:55:18.221620+00:00
3000,1765396518.2424781,2025-12-10T19:55:18.242479+00:00
3001,1765396518.263329,2025-12-10T19:55:18.263329+00:00
3002,1765396518.280386,2025-12-10T19:55:18.280387+00:00
3003,1765396518.301249,2025-12-10T19:55:18.301255+00:00
3004,1765396518.318103,2025-12-10T19:55:18.318106+00:00
3005,1765396518.338965,2025-12-10T19:55:18.338968+00:00
3006,1765396518.359832,2025-12-10T19:55:18.359834+00:00
3007,1765396518.379924,2025-12-10T19:55:18.379927+00:00
3008,1765396518.400791,2025-12-10T19:55:18.400793+00:00
3009,1765396518.421653,2025-12-10T19:55:18.421656+00:00
3010,1765396518.438506,2025-12-10T19:55:18.438507+00:00
3011,1765396518.457387,2025-12-10T19:55:18.457390+00:00
3012,1765396518.4781802,2025-12-10T19:55:18.478181+00:00
3013,1765396518.4953332,2025-12-10T19:55:18.495336+00:00
3014,1765396518.513342,2025-12-10T19:55:18.513344+00:00
3015,1765396518.532927,2025-12-10T19:55:18.532928+00:00
3016,1765396518.553793,2025-12-10T19:55:18.553793+00:00
3017,1765396518.571713,2025-12-10T19:55:18.571724+00:00
3018,1765396518.5926359,2025-12-10T19:55:18.592641+00:00
3019,1765396518.613516,2025-12-10T19:55:18.613517+00:00
3020,1765396518.6343648,2025-12-10T19:55:18.634367+00:00
3021,1765396518.655168,2025-12-10T19:55:18.655170+00:00
3022,1765396518.676042,2025-12-10T19:55:18.676048+00:00
3023,1765396518.6968472,2025-12-10T19:55:18.696849+00:00
3024,1765396518.716511,2025-12-10T19:55:18.716513+00:00
3025,1765396518.737387,2025-12-10T19:55:18.737391+00:00
3026,1765396518.754585,2025-12-10T19:55:18.754587+00:00
3027,1765396518.771831,2025-12-10T19:55:18.771834+00:00
3028,1765396518.788707,2025-12-10T19:55:18.788712+00:00
3029,1765396518.80785,2025-12-10T19:55:18.807853+00:00
3030,1765396518.8287308,2025-12-10T19:55:18.828736+00:00
3031,1765396518.846741,2025-12-10T19:55:18.846747+00:00
3032,1765396518.86765,2025-12-10T19:55:18.867652+00:00
3033,1765396518.888,2025-12-10T19:55:18.888002+00:00
3034,1765396518.905976,2025-12-10T19:55:18.905980+00:00
3035,1765396518.926856,2025-12-10T19:55:18.926862+00:00
3036,1765396518.947757,2025-12-10T19:55:18.947760+00:00
3037,1765396518.966184,2025-12-10T19:55:18.966186+00:00
3038,1765396518.9846919,2025-12-10T19:55:18.984694+00:00
3039,1765396519.004473,2025-12-10T19:55:19.004475+00:00
3040,1765396519.0216188,2025-12-10T19:55:19.021624+00:00
3041,1765396519.039069,2025-12-10T19:55:19.039071+00:00
3042,1765396519.059927,2025-12-10T19:55:19.059930+00:00
3043,1765396519.0802,2025-12-10T19:55:19.080204+00:00
3044,1765396519.101087,2025-12-10T19:55:19.101091+00:00
3045,1765396519.11837,2025-12-10T19:55:19.118375+00:00
3046,1765396519.138605,2025-12-10T19:55:19.138608+00:00
3047,1765396519.1594949,2025-12-10T19:55:19.159496+00:00
3048,1765396519.177498,2025-12-10T19:55:19.177499+00:00
3049,1765396519.198356,2025-12-10T19:55:19.198360+00:00
3050,1765396519.216182,2025-12-10T19:55:19.216183+00:00
3051,1765396519.23573,2025-12-10T19:55:19.235733+00:00
3052,1765396519.2563689,2025-12-10T19:55:19.256371+00:00
3053,1765396519.2744918,2025-12-10T19:55:19.274493+00:00
3054,1765396519.2930639,2025-12-10T19:55:19.293066+00:00
3055,1765396519.311378,2025-12-10T19:55:19.311384+00:00
3056,1765396519.3322282,2025-12-10T19:55:19.332231+00:00
3057,1765396519.35313,2025-12-10T19:55:19.353134+00:00
3058,1765396519.370175,2025-12-10T19:55:19.370177+00:00
3059,1765396519.390475,2025-12-10T19:55:19.390476+00:00
3060,1765396519.409649,2025-12-10T19:55:19.409654+00:00
3061,1765396519.430571,2025-12-10T19:55:19.430576+00:00
3062,1765396519.451468,2025-12-10T19:55:19.451477+00:00
3063,1765396519.472382,2025-12-10T19:55:19.472386+00:00
3064,1765396519.493265,2025-12-10T19:55:19.493270+00:00
3065,1765396519.5141902,2025-12-10T19:55:19.514197+00:00
3066,1765396519.5323808,2025-12-10T19:55:19.532388+00:00
3067,1765396519.5532851,2025-12-10T19:55:19.553288+00:00
3068,1765396519.5741708,2025-12-10T19:55:19.574176+00:00
3069,1765396519.595047,2025-12-10T19:55:19.595050+00:00
3070,1765396519.6159139,2025-12-10T19:55:19.615917+00:00
3071,1765396519.636798,2025-12-10T19:55:19.636800+00:00
3072,1765396519.657443,2025-12-10T19:55:19.657451+00:00
3073,1765396519.677484,2025-12-10T19:55:19.677489+00:00
3074,1765396519.6967838,2025-12-10T19:55:19.696791+00:00
3075,1765396519.715859,2025-12-10T19:55:19.715862+00:00
3076,1765396519.732745,2025-12-10T19:55:19.732746+00:00
3077,1765396519.753599,2025-12-10T19:55:19.753602+00:00
3078,1765396519.772452,2025-12-10T19:55:19.772455+00:00
3079,1765396519.793331,2025-12-10T19:55:19.793332+00:00
3080,1765396519.8111591,2025-12-10T19:55:19.811165+00:00
3081,1765396519.832054,2025-12-10T19:55:19.832060+00:00
3082,1765396519.850446,2025-12-10T19:55:19.850448+00:00
3083,1765396519.8700411,2025-12-10T19:55:19.870042+00:00
3084,1765396519.890903,2025-12-10T19:55:19.890908+00:00
3085,1765396519.908619,2025-12-10T19:55:19.908621+00:00
3086,1765396519.929487,2025-12-10T19:55:19.929491+00:00
3087,1765396519.9500558,2025-12-10T19:55:19.950060+00:00
3088,1765396519.9670742,2025-12-10T19:55:19.967077+00:00
3089,1765396519.987935,2025-12-10T19:55:19.987937+00:00
3090,1765396520.0084212,2025-12-10T19:55:20.008423+00:00
3091,1765396520.0261838,2025-12-10T19:55:20.026186+00:00
3092,1765396520.046491,2025-12-10T19:55:20.046497+00:00
3093,1765396520.0668092,2025-12-10T19:55:20.066814+00:00
3094,1765396520.085484,2025-12-10T19:55:20.085489+00:00
3095,1765396520.1063712,2025-12-10T19:55:20.106373+00:00
3096,1765396520.1260328,2025-12-10T19:55:20.126035+00:00
3097,1765396520.142978,2025-12-10T19:55:20.142980+00:00
3098,1765396520.163884,2025-12-10T19:55:20.163887+00:00
3099,1765396520.184753,2025-12-10T19:55:20.184754+00:00
3100,1765396520.2022421,2025-12-10T19:55:20.202244+00:00
3101,1765396520.2231228,2025-12-10T19:55:20.223125+00:00
3102,1765396520.2434938,2025-12-10T19:55:20.243500+00:00
3103,1765396520.2644072,2025-12-10T19:55:20.264410+00:00
3104,1765396520.2835991,2025-12-10T19:55:20.283600+00:00
3105,1765396520.304474,2025-12-10T19:55:20.304480+00:00
3106,1765396520.322238,2025-12-10T19:55:20.322241+00:00
3107,1765396520.340225,2025-12-10T19:55:20.340227+00:00
3108,1765396520.360982,2025-12-10T19:55:20.360984+00:00
3109,1765396520.37817,2025-12-10T19:55:20.378173+00:00
3110,1765396520.399036,2025-12-10T19:55:20.399038+00:00
3111,1765396520.417037,2025-12-10T19:55:20.417040+00:00
3112,1765396520.4362829,2025-12-10T19:55:20.436284+00:00
3113,1765396520.457133,2025-12-10T19:55:20.457134+00:00
3114,1765396520.477984,2025-12-10T19:55:20.477985+00:00
3115,1765396520.49884,2025-12-10T19:55:20.498841+00:00
3116,1765396520.519425,2025-12-10T19:55:20.519428+00:00
3117,1765396520.540307,2025-12-10T19:55:20.540309+00:00
3118,1765396520.56112,2025-12-10T19:55:20.561125+00:00
3119,1765396520.581548,2025-12-10T19:55:20.581553+00:00
3120,1765396520.598287,2025-12-10T19:55:20.598290+00:00
3121,1765396520.6191518,2025-12-10T19:55:20.619155+00:00
3122,1765396520.640032,2025-12-10T19:55:20.640035+00:00
3123,1765396520.6609159,2025-12-10T19:55:20.660918+00:00
3124,1765396520.6786041,2025-12-10T19:55:20.678606+00:00
3125,1765396520.697495,2025-12-10T19:55:20.697497+00:00
3126,1765396520.718365,2025-12-10T19:55:20.718371+00:00
3127,1765396520.7392619,2025-12-10T19:55:20.739264+00:00
3128,1765396520.7560399,2025-12-10T19:55:20.756044+00:00
3129,1765396520.7742789,2025-12-10T19:55:20.774284+00:00
3130,1765396520.7910972,2025-12-10T19:55:20.791103+00:00
3131,1765396520.808587,2025-12-10T19:55:20.808589+00:00
3132,1765396520.827948,2025-12-10T19:55:20.827952+00:00
3133,1765396520.848833,2025-12-10T19:55:20.848838+00:00
3134,1765396520.868371,2025-12-10T19:55:20.868375+00:00
3135,1765396520.887996,2025-12-10T19:55:20.887998+00:00
3136,1765396520.908853,2025-12-10T19:55:20.908855+00:00
3137,1765396520.929611,2025-12-10T19:55:20.929611+00:00
3138,1765396520.947644,2025-12-10T19:55:20.947645+00:00
3139,1765396520.968493,2025-12-10T19:55:20.968494+00:00
3140,1765396520.987958,2025-12-10T19:55:20.987960+00:00
3141,1765396521.006946,2025-12-10T19:55:21.006947+00:00
3142,1765396521.027492,2025-12-10T19:55:21.027492+00:00
3143,1765396521.048345,2025-12-10T19:55:21.048347+00:00
3144,1765396521.066727,2025-12-10T19:55:21.066727+00:00
3145,1765396521.08637,2025-12-10T19:55:21.086373+00:00
3146,1765396521.106285,2025-12-10T19:55:21.106287+00:00
3147,1765396521.1252759,2025-12-10T19:55:21.125282+00:00
3148,1765396521.142702,2025-12-10T19:55:21.142702+00:00
3149,1765396521.161624,2025-12-10T19:55:21.161625+00:00
3150,1765396521.179221,2025-12-10T19:55:21.179222+00:00
3151,1765396521.198393,2025-12-10T19:55:21.198396+00:00
3152,1765396521.219281,2025-12-10T19:55:21.219282+00:00
3153,1765396521.2375538,2025-12-10T19:55:21.237554+00:00
3154,1765396521.254246,2025-12-10T19:55:21.254248+00:00
3155,1765396521.274975,2025-12-10T19:55:21.274975+00:00
3156,1765396521.2920089,2025-12-10T19:55:21.292012+00:00
3157,1765396521.3121212,2025-12-10T19:55:21.312123+00:00
3158,1765396521.329386,2025-12-10T19:55:21.329388+00:00
3159,1765396521.348298,2025-12-10T19:55:21.348301+00:00
3160,1765396521.3675032,2025-12-10T19:55:21.367505+00:00
3161,1765396521.388027,2025-12-10T19:55:21.388029+00:00
3162,1765396521.408882,2025-12-10T19:55:21.408883+00:00
3163,1765396521.4296808,2025-12-10T19:55:21.429682+00:00
3164,1765396521.450541,2025-12-10T19:55:21.450543+00:00
3165,1765396521.471404,2025-12-10T19:55:21.471404+00:00
3166,1765396521.4924018,2025-12-10T19:55:21.492402+00:00
3167,1765396521.5132532,2025-12-10T19:55:21.513253+00:00
3168,1765396521.534112,2025-12-10T19:55:21.534113+00:00
3169,1765396521.5547771,2025-12-10T19:55:21.554777+00:00
3170,1765396521.5756319,2025-12-10T19:55:21.575633+00:00
3171,1765396521.5964942,2025-12-10T19:55:21.596495+00:00
3172,1765396521.617355,2025-12-10T19:55:21.617358+00:00
3173,1765396521.6376178,2025-12-10T19:55:21.637624+00:00
3174,1765396521.6585221,2025-12-10T19:55:21.658524+00:00
3175,1765396521.678171,2025-12-10T19:55:21.678174+00:00
3176,1765396521.6965702,2025-12-10T19:55:21.696573+00:00
3177,1765396521.717443,2025-12-10T19:55:21.717444+00:00
3178,1765396521.7381492,2025-12-10T19:55:21.738152+00:00
3179,1765396521.759029,2025-12-10T19:55:21.759031+00:00
3180,1765396521.7798998,2025-12-10T19:55:21.779903+00:00
3181,1765396521.798571,2025-12-10T19:55:21.798575+00:00
3182,1765396521.818042,2025-12-10T19:55:21.818047+00:00
3183,1765396521.838191,2025-12-10T19:55:21.838199+00:00
3184,1765396521.859079,2025-12-10T19:55:21.859080+00:00
3185,1765396521.879856,2025-12-10T19:55:21.879859+00:00
3186,1765396521.896637,2025-12-10T19:55:21.896638+00:00
3187,1765396521.917496,2025-12-10T19:55:21.917500+00:00
3188,1765396521.938337,2025-12-10T19:55:21.938338+00:00
3189,1765396521.959187,2025-12-10T19:55:21.959187+00:00
3190,1765396521.979143,2025-12-10T19:55:21.979145+00:00
3191,1765396521.996597,2025-12-10T19:55:21.996600+00:00
3192,1765396522.017148,2025-12-10T19:55:22.017150+00:00
3193,1765396522.038013,2025-12-10T19:55:22.038013+00:00
3194,1765396522.055286,2025-12-10T19:55:22.055287+00:00
3195,1765396522.076133,2025-12-10T19:55:22.076134+00:00
3196,1765396522.09666,2025-12-10T19:55:22.096661+00:00
3197,1765396522.113612,2025-12-10T19:55:22.113614+00:00
3198,1765396522.1334,2025-12-10T19:55:22.133400+00:00
3199,1765396522.1511118,2025-12-10T19:55:22.151114+00:00
3200,1765396522.17169,2025-12-10T19:55:22.171691+00:00
3201,1765396522.188384,2025-12-10T19:55:22.188386+00:00
3202,1765396522.209244,2025-12-10T19:55:22.209245+00:00
3203,1765396522.230135,2025-12-10T19:55:22.230137+00:00
3204,1765396522.250998,2025-12-10T19:55:22.251001+00:00
3205,1765396522.2714481,2025-12-10T19:55:22.271449+00:00
3206,1765396522.288455,2025-12-10T19:55:22.288457+00:00
3207,1765396522.3058019,2025-12-10T19:55:22.305804+00:00
3208,1765396522.325404,2025-12-10T19:55:22.325407+00:00
3209,1765396522.345833,2025-12-10T19:55:22.345834+00:00
3210,1765396522.366706,2025-12-10T19:55:22.366710+00:00
3211,1765396522.38757,2025-12-10T19:55:22.387573+00:00
3212,1765396522.4051042,2025-12-10T19:55:22.405108+00:00
3213,1765396522.425997,2025-12-10T19:55:22.425999+00:00
3214,1765396522.4463801,2025-12-10T19:55:22.446381+00:00
3215,1765396522.467256,2025-12-10T19:55:22.467257+00:00
3216,1765396522.488105,2025-12-10T19:55:22.488106+00:00
3217,1765396522.5089548,2025-12-10T19:55:22.508956+00:00
3218,1765396522.529805,2025-12-10T19:55:22.529805+00:00
3219,1765396522.5506701,2025-12-10T19:55:22.550675+00:00
3220,1765396522.568562,2025-12-10T19:55:22.568563+00:00
3221,1765396522.589409,2025-12-10T19:55:22.589410+00:00
3222,1765396522.6096692,2025-12-10T19:55:22.609672+00:00
3223,1765396522.6302452,2025-12-10T19:55:22.630245+00:00
3224,1765396522.6511,2025-12-10T19:55:22.651101+00:00
3225,1765396522.671948,2025-12-10T19:55:22.671950+00:00
3226,1765396522.692018,2025-12-10T19:55:22.692018+00:00
3227,1765396522.709002,2025-12-10T19:55:22.709003+00:00
3228,1765396522.729863,2025-12-10T19:55:22.729864+00:00
3229,1765396522.750725,2025-12-10T19:55:22.750728+00:00
3230,1765396522.7678301,2025-12-10T19:55:22.767831+00:00
3231,1765396522.788686,2025-12-10T19:55:22.788688+00:00
3232,1765396522.809579,2025-12-10T19:55:22.809579+00:00
3233,1765396522.8299441,2025-12-10T19:55:22.829947+00:00
3234,1765396522.8470762,2025-12-10T19:55:22.847079+00:00
3235,1765396522.8679569,2025-12-10T19:55:22.867959+00:00
3236,1765396522.8880498,2025-12-10T19:55:22.888057+00:00
3237,1765396522.9089742,2025-12-10T19:55:22.908977+00:00
3238,1765396522.929856,2025-12-10T19:55:22.929863+00:00
3239,1765396522.947965,2025-12-10T19:55:22.947970+00:00
3240,1765396522.9687738,2025-12-10T19:55:22.968776+00:00
3241,1765396522.988607,2025-12-10T19:55:22.988610+00:00
3242,1765396523.009614,2025-12-10T19:55:23.009616+00:00
3243,1765396523.0304708,2025-12-10T19:55:23.030473+00:00
3244,1765396523.051328,2025-12-10T19:55:23.051328+00:00
3245,1765396523.071554,2025-12-10T19:55:23.071558+00:00
3246,1765396523.09247,2025-12-10T19:55:23.092472+00:00
3247,1765396523.1133509,2025-12-10T19:55:23.113354+00:00
3248,1765396523.134251,2025-12-10T19:55:23.134253+00:00
3249,1765396523.153096,2025-12-10T19:55:23.153096+00:00
3250,1765396523.1718988,2025-12-10T19:55:23.171904+00:00
3251,1765396523.192822,2025-12-10T19:55:23.192829+00:00
3252,1765396523.211191,2025-12-10T19:55:23.211192+00:00
3253,1765396523.230481,2025-12-10T19:55:23.230482+00:00
3254,1765396523.247273,2025-12-10T19:55:23.247274+00:00
3255,1765396523.268138,2025-12-10T19:55:23.268142+00:00
3256,1765396523.28905,2025-12-10T19:55:23.289053+00:00
3257,1765396523.306505,2025-12-10T19:55:23.306505+00:00
3258,1765396523.3274722,2025-12-10T19:55:23.327474+00:00
3259,1765396523.346705,2025-12-10T19:55:23.346708+00:00
3260,1765396523.3654,2025-12-10T19:55:23.365405+00:00
3261,1765396523.386303,2025-12-10T19:55:23.386305+00:00
3262,1765396523.404654,2025-12-10T19:55:23.404660+00:00
3263,1765396523.423703,2025-12-10T19:55:23.423705+00:00
3264,1765396523.443149,2025-12-10T19:55:23.443151+00:00
3265,1765396523.4640121,2025-12-10T19:55:23.464013+00:00
3266,1765396523.484892,2025-12-10T19:55:23.484893+00:00
3267,1765396523.505752,2025-12-10T19:55:23.505752+00:00
3268,1765396523.5250292,2025-12-10T19:55:23.525031+00:00
3269,1765396523.545899,2025-12-10T19:55:23.545900+00:00
3270,1765396523.56304,2025-12-10T19:55:23.563042+00:00
3271,1765396523.581205,2025-12-10T19:55:23.581211+00:00
3272,1765396523.602116,2025-12-10T19:55:23.602120+00:00
3273,1765396523.621957,2025-12-10T19:55:23.621964+00:00
3274,1765396523.642845,2025-12-10T19:55:23.642846+00:00
3275,1765396523.663478,2025-12-10T19:55:23.663487+00:00
3276,1765396523.6839628,2025-12-10T19:55:23.683967+00:00
3277,1765396523.70487,2025-12-10T19:55:23.704875+00:00
3278,1765396523.725767,2025-12-10T19:55:23.725771+00:00
3279,1765396523.743435,2025-12-10T19:55:23.743436+00:00
3280,1765396523.7637691,2025-12-10T19:55:23.763773+00:00
3281,1765396523.781377,2025-12-10T19:55:23.781380+00:00
3282,1765396523.802238,2025-12-10T19:55:23.802240+00:00
3283,1765396523.821904,2025-12-10T19:55:23.821907+00:00
3284,1765396523.8393338,2025-12-10T19:55:23.839337+00:00
3285,1765396523.860266,2025-12-10T19:55:23.860270+00:00
3286,1765396523.8811362,2025-12-10T19:55:23.881138+00:00
3287,1765396523.902009,2025-12-10T19:55:23.902011+00:00
3288,1765396523.921323,2025-12-10T19:55:23.921325+00:00
3289,1765396523.9395032,2025-12-10T19:55:23.939503+00:00
3290,1765396523.957731,2025-12-10T19:55:23.957732+00:00
3291,1765396523.9786031,2025-12-10T19:55:23.978604+00:00
3292,1765396523.996332,2025-12-10T19:55:23.996336+00:00
3293,1765396524.0134342,2025-12-10T19:55:24.013437+00:00
3294,1765396524.03314,2025-12-10T19:55:24.033143+00:00
3295,1765396524.054015,2025-12-10T19:55:24.054015+00:00
3296,1765396524.0746171,2025-12-10T19:55:24.074618+00:00
3297,1765396524.094223,2025-12-10T19:55:24.094225+00:00
3298,1765396524.115103,2025-12-10T19:55:24.115104+00:00
3299,1765396524.133491,2025-12-10T19:55:24.133492+00:00
3300,1765396524.15435,2025-12-10T19:55:24.154351+00:00
3301,1765396524.1717398,2025-12-10T19:55:24.171741+00:00
3302,1765396524.192605,2025-12-10T19:55:24.192608+00:00
3303,1765396524.2137868,2025-12-10T19:55:24.213791+00:00
3304,1765396524.231081,2025-12-10T19:55:24.231083+00:00
3305,1765396524.251948,2025-12-10T19:55:24.251950+00:00
3306,1765396524.2718232,2025-12-10T19:55:24.271826+00:00
3307,1765396524.292481,2025-12-10T19:55:24.292482+00:00
3308,1765396524.309183,2025-12-10T19:55:24.309186+00:00
3309,1765396524.330073,2025-12-10T19:55:24.330075+00:00
3310,1765396524.350951,2025-12-10T19:55:24.350956+00:00
3311,1765396524.3720121,2025-12-10T19:55:24.372017+00:00
3312,1765396524.392937,2025-12-10T19:55:24.392946+00:00
3313,1765396524.413425,2025-12-10T19:55:24.413427+00:00
3314,1765396524.4342961,2025-12-10T19:55:24.434299+00:00
3315,1765396524.451146,2025-12-10T19:55:24.451150+00:00
3316,1765396524.471952,2025-12-10T19:55:24.471954+00:00
3317,1765396524.4928079,2025-12-10T19:55:24.492808+00:00
3318,1765396524.513653,2025-12-10T19:55:24.513653+00:00
3319,1765396524.532545,2025-12-10T19:55:24.532547+00:00
3320,1765396524.5534132,2025-12-10T19:55:24.553414+00:00
3321,1765396524.5734642,2025-12-10T19:55:24.573468+00:00
3322,1765396524.59049,2025-12-10T19:55:24.590493+00:00
3323,1765396524.607519,2025-12-10T19:55:24.607522+00:00
3324,1765396524.627371,2025-12-10T19:55:24.627372+00:00
3325,1765396524.644897,2025-12-10T19:55:24.644899+00:00
3326,1765396524.663583,2025-12-10T19:55:24.663584+00:00
3327,1765396524.681466,2025-12-10T19:55:24.681466+00:00
3328,1765396524.698296,2025-12-10T19:55:24.698297+00:00
3329,1765396524.719151,2025-12-10T19:55:24.719152+00:00
3330,1765396524.738612,2025-12-10T19:55:24.738614+00:00
3331,1765396524.759469,2025-12-10T19:55:24.759470+00:00
3332,1765396524.780334,2025-12-10T19:55:24.780335+00:00
3333,1765396524.798849,2025-12-10T19:55:24.798854+00:00
3334,1765396524.817037,2025-12-10T19:55:24.817039+00:00
3335,1765396524.83465,2025-12-10T19:55:24.834653+00:00
3336,1765396524.854284,2025-12-10T19:55:24.854286+00:00
3337,1765396524.875155,2025-12-10T19:55:24.875157+00:00
3338,1765396524.8960252,2025-12-10T19:55:24.896026+00:00
3339,1765396524.9129941,2025-12-10T19:55:24.912996+00:00
3340,1765396524.9338748,2025-12-10T19:55:24.933879+00:00
3341,1765396524.952561,2025-12-10T19:55:24.952562+00:00
3342,1765396524.9734132,2025-12-10T19:55:24.973413+00:00
3343,1765396524.992785,2025-12-10T19:55:24.992790+00:00
3344,1765396525.013692,2025-12-10T19:55:25.013694+00:00
3345,1765396525.034556,2025-12-10T19:55:25.034559+00:00
3346,1765396525.0554209,2025-12-10T19:55:25.055423+00:00
3347,1765396525.073654,2025-12-10T19:55:25.073654+00:00
3348,1765396525.094517,2025-12-10T19:55:25.094521+00:00
3349,1765396525.1154292,2025-12-10T19:55:25.115432+00:00
3350,1765396525.135631,2025-12-10T19:55:25.135631+00:00
3351,1765396525.1564841,2025-12-10T19:55:25.156487+00:00
3352,1765396525.174666,2025-12-10T19:55:25.174667+00:00
3353,1765396525.195528,2025-12-10T19:55:25.195531+00:00
3354,1765396525.213462,2025-12-10T19:55:25.213464+00:00
3355,1765396525.23432,2025-12-10T19:55:25.234324+00:00
3356,1765396525.2552168,2025-12-10T19:55:25.255220+00:00
3357,1765396525.2760901,2025-12-10T19:55:25.276092+00:00
3358,1765396525.296857,2025-12-10T19:55:25.296862+00:00
3359,1765396525.317732,2025-12-10T19:55:25.317734+00:00
3360,1765396525.338546,2025-12-10T19:55:25.338546+00:00
3361,1765396525.358817,2025-12-10T19:55:25.358822+00:00
3362,1765396525.3796601,2025-12-10T19:55:25.379661+00:00
3363,1765396525.400349,2025-12-10T19:55:25.400353+00:00
3364,1765396525.421249,2025-12-10T19:55:25.421253+00:00
3365,1765396525.438944,2025-12-10T19:55:25.438948+00:00
3366,1765396525.459841,2025-12-10T19:55:25.459845+00:00
3367,1765396525.47966,2025-12-10T19:55:25.479662+00:00
3368,1765396525.496863,2025-12-10T19:55:25.496864+00:00
3369,1765396525.517717,2025-12-10T19:55:25.517718+00:00
3370,1765396525.5385752,2025-12-10T19:55:25.538576+00:00
3371,1765396525.557191,2025-12-10T19:55:25.557192+00:00
3372,1765396525.578049,2025-12-10T19:55:25.578050+00:00
3373,1765396525.598912,2025-12-10T19:55:25.598917+00:00
3374,1765396525.619828,2025-12-10T19:55:25.619831+00:00
3375,1765396525.640699,2025-12-10T19:55:25.640700+00:00
3376,1765396525.661556,2025-12-10T19:55:25.661557+00:00
3377,1765396525.680187,2025-12-10T19:55:25.680190+00:00
3378,1765396525.70002,2025-12-10T19:55:25.700026+00:00
3379,1765396525.719588,2025-12-10T19:55:25.719590+00:00
3380,1765396525.740458,2025-12-10T19:55:25.740461+00:00
3381,1765396525.76701,2025-12-10T19:55:25.767016+00:00
3382,1765396525.7844212,2025-12-10T19:55:25.784425+00:00
3383,1765396525.805303,2025-12-10T19:55:25.805309+00:00
3384,1765396525.826219,2025-12-10T19:55:25.826222+00:00
3385,1765396525.846832,2025-12-10T19:55:25.846834+00:00
3386,1765396525.863721,2025-12-10T19:55:25.863726+00:00
3387,1765396525.881553,2025-12-10T19:55:25.881558+00:00
3388,1765396525.898478,2025-12-10T19:55:25.898482+00:00
3389,1765396525.919362,2025-12-10T19:55:25.919365+00:00
3390,1765396525.938038,2025-12-10T19:55:25.938042+00:00
3391,1765396525.956061,2025-12-10T19:55:25.956062+00:00
3392,1765396525.976916,2025-12-10T19:55:25.976917+00:00
3393,1765396525.996938,2025-12-10T19:55:25.996943+00:00
3394,1765396526.017819,2025-12-10T19:55:26.017820+00:00
3395,1765396526.038683,2025-12-10T19:55:26.038691+00:00
3396,1765396526.0568771,2025-12-10T19:55:26.056879+00:00
3397,1765396526.077743,2025-12-10T19:55:26.077745+00:00
3398,1765396526.096737,2025-12-10T19:55:26.096739+00:00
3399,1765396526.1166909,2025-12-10T19:55:26.116692+00:00
3400,1765396526.137565,2025-12-10T19:55:26.137567+00:00
3401,1765396526.158255,2025-12-10T19:55:26.158256+00:00
3402,1765396526.179119,2025-12-10T19:55:26.179125+00:00
3403,1765396526.196565,2025-12-10T19:55:26.196572+00:00
3404,1765396526.2134762,2025-12-10T19:55:26.213479+00:00
3405,1765396526.231315,2025-12-10T19:55:26.231316+00:00
3406,1765396526.252178,2025-12-10T19:55:26.252182+00:00
3407,1765396526.269162,2025-12-10T19:55:26.269166+00:00
3408,1765396526.285981,2025-12-10T19:55:26.285983+00:00
3409,1765396526.305242,2025-12-10T19:55:26.305248+00:00
3410,1765396526.325205,2025-12-10T19:55:26.325210+00:00
3411,1765396526.3481119,2025-12-10T19:55:26.348118+00:00
3412,1765396526.366428,2025-12-10T19:55:26.366434+00:00
3413,1765396526.3957398,2025-12-10T19:55:26.395849+00:00
3414,1765396526.4349859,2025-12-10T19:55:26.435051+00:00
3415,1765396526.452312,2025-12-10T19:55:26.452316+00:00
3416,1765396526.471818,2025-12-10T19:55:26.471824+00:00
3417,1765396526.491945,2025-12-10T19:55:26.491950+00:00
3418,1765396526.512759,2025-12-10T19:55:26.512764+00:00
3419,1765396526.532626,2025-12-10T19:55:26.532629+00:00
3420,1765396526.5534961,2025-12-10T19:55:26.553498+00:00
3421,1765396526.574388,2025-12-10T19:55:26.574398+00:00
3422,1765396526.591226,2025-12-10T19:55:26.591229+00:00
3423,1765396526.612113,2025-12-10T19:55:26.612117+00:00
3424,1765396526.629172,2025-12-10T19:55:26.629175+00:00
3425,1765396526.648903,2025-12-10T19:55:26.648906+00:00
3426,1765396526.669771,2025-12-10T19:55:26.669775+00:00
3427,1765396526.68838,2025-12-10T19:55:26.688383+00:00
3428,1765396526.7070878,2025-12-10T19:55:26.707094+00:00
3429,1765396526.72801,2025-12-10T19:55:26.728017+00:00
3430,1765396526.746402,2025-12-10T19:55:26.746405+00:00
3431,1765396526.763283,2025-12-10T19:55:26.763291+00:00
3432,1765396526.784203,2025-12-10T19:55:26.784207+00:00
3433,1765396526.802562,2025-12-10T19:55:26.802567+00:00
3434,1765396526.81994,2025-12-10T19:55:26.819941+00:00
3435,1765396526.840805,2025-12-10T19:55:26.840806+00:00
3436,1765396526.8600042,2025-12-10T19:55:26.860005+00:00
3437,1765396526.8797371,2025-12-10T19:55:26.879750+00:00
3438,1765396526.900618,2025-12-10T19:55:26.900623+00:00
3439,1765396526.921317,2025-12-10T19:55:26.921319+00:00
3440,1765396526.940696,2025-12-10T19:55:26.940701+00:00
3441,1765396526.9615748,2025-12-10T19:55:26.961578+00:00
3442,1765396526.97968,2025-12-10T19:55:26.979736+00:00
3443,1765396527.000861,2025-12-10T19:55:27.000866+00:00
